timestamp,attackDown,attackDuration,attackForward,attackUp,bossHp,bossMaxHp,bossScene,bossState,bossStateAmount,bvx,bvy,bx,by,canCast,casting,dashCoolDown,dashing,doubleJumping,facingRight,falling,focusing,hp,invulnerable,isAttacking,jumping,maxHp,maxSoul,onGround,pvx,pvy,px,py,shadowDashCoolDown,shadowDashing,soul,gp_axis_left_x,gp_axis_left_y,gp_trigger_right,gp_btn_a,gp_btn_b,gp_btn_x
1780682977.5890946,0,0.3499999940395355,0,0,900,900,423158243,73,77,0.0,0.0,31.1200008392334,44.59476089477539,0,0,0.6000000238418579,0,0,0,0,0,8,0,0,0,8,99,1,0.0,0.0,22.540000915527344,27.889999389648438,1.5,0,0,1.0,-1.0,0.0,0,0,0
1780682977.6078386,0,0.3499999940395355,0,0,900,900,423158243,73,77,0.0,0.0,31.1200008392334,44.59476089477539,0,0,0.6000000238418579,0,0,1,0,0,8,0,0,0,8,99,1,0.0,0.0,22.540000915527344,28.400625228881836,1.5,0,0,1.0,-1.0,0.0,0,0,0
1780682977.6274562,0,0.3499999940395355,0,0,900,900,423158243,73,77,0.0,0.0,31.1200008392334,44.59476089477539,0,0,0.6000000238418579,0,0,1,0,0,8,0,0,0,8,99,1,0.0,0.0,22.540000915527344,28.403324127197266,1.5,0,0,1.0,-1.0,0.0,0,0,0
1780682977.6467166,0,0.3499999940395355,0,0,900,900,423158243,73,77,0.0,0.0,31.1200008392334,44.59476089477539,0,0,0.6000000238418579,0,0,1,0,0,8,0,0,0,8,99,1,0.0,0.0,22.540000915527344,28.405052185058594,1.5,0,0,1.0,-1.0,0.0,0,0,0
1780682977.6659782,0,0.3499999940395355,0,0,900,900,423158243,73,77,0.0,0.0,31.1200008392334,44.59476089477539,0,0,0.6000000238418579,0,0,1,0,0,8,0,0,0,8,99,1,0.0,0.0,22.540000915527344,28.40570068359375,1.5,0,0,1.0,-1.0,0.0,0,0,0
1780682977.6848621,0,0.3499999940395355,0,0,900,900,423158243,73,77,0.0,0.0,31.1200008392334,44.59476089477539,0,0,0.6000000238418579,0,0,1,0,0,8,0,0,0,8,99,1,0.0,0.0,22.540000915527344,28.406219482421875,1.5,0,0,1.0,-1.0,0.0,0,0,0
1780682977.704849,0,0.3499999940395355,0,0,900,900,423158243,73,77,0.0,0.0,31.1200008392334,44.59476089477539,0,0,0.6000000238418579,0,0,1,0,0,8,0,0,0,8,99,1,0.0,0.0,22.540000915527344,28.407320022583008,1.5,0,0,1.0,-1.0,0.0,0,0,0
1780682977.723896,0,0.3499999940395355,0,0,900,900,423158243,73,77,0.0,0.0,31.1200008392334,44.59476089477539,0,0,0.6000000238418579,0,0,1,0,0,8,0,0,0,8,99,1,0.0,0.0,22.540000915527344,28.407489776611328,1.5,0,0,1.0,-1.0,0.0,0,0,0
1780682977.74294,0,0.3499999940395355,0,0,900,900,423158243,73,77,0.0,0.0,31.1200008392334,44.59476089477539,0,0,0.6000000238418579,0,0,1,0,0,8,0,0,0,8,99,1,0.0,0.0,22.540000915527344,28.407625198364258,1.5,0,0,1.0,-1.0,0.0,0,0,0
1780682977.7616377,0,0.3499999940395355,0,0,900,900,423158243,73,77,0.0,0.0,31.1200008392334,44.59476089477539,0,0,0.6000000238418579,0,0,1,0,0,8,0,0,0,8,99,1,0.0,0.0,22.540000915527344,28.407915115356445,1.5,0,0,1.0,-1.0,0.0,0,0,0
1780682977.7808108,0,0.3499999940395355,0,0,900,900,423158243,73,77,0.0,0.0,31.1200008392334,44.59476089477539,0,0,0.6000000238418579,0,0,1,0,0,8,0,0,0,8,99,1,0.0,0.0,22.540000915527344,28.407920837402344,1.5,0,0,1.0,-1.0,0.0,0,0,0
1780682977.7997966,0,0.3499999940395355,0,0,900,900,423158243,73,77,0.0,0.0,31.1200008392334,44.59476089477539,0,0,0.6000000238418579,0,0,1,0,0,8,0,0,0,8,99,1,0.0,0.0,22.540000915527344,28.407995223999023,1.5,0,0,1.0,-1.0,0.0,0,0,0
1780682977.8187778,0,0.3499999940395355,0,0,900,900,423158243,73,77,0.0,0.0,31.1200008392334,44.59476089477539,0,0,0.6000000238418579,0,0,1,0,0,8,0,0,0,8,99,1,0.0,0.0,22.540000915527344,28.408069610595703,1.5,0,0,1.0,-1.0,0.0,0,0,0
1780682977.8375876,0,0.3499999940395355,0,0,900,900,423158243,73,77,0.0,0.0,31.1200008392334,44.59476089477539,0,0,0.6000000238418579,0,0,1,0,0,8,0,0,0,8,99,1,0.0,0.0,22.540000915527344,28.408071517944336,1.5,0,0,1.0,-1.0,0.0,0,0,0
1780682977.8560882,0,0.3499999940395355,0,0,900,900,423158243,73,77,0.0,0.0,31.1200008392334,44.59476089477539,0,0,0.6000000238418579,0,0,1,0,0,8,0,0,0,8,99,1,0.0,0.0,22.540000915527344,28.408092498779297,1.5,0,0,1.0,-1.0,0.0,0,0,0
1780682977.8759189,0,0.3499999940395355,0,0,900,900,423158243,73,77,0.0,0.0,31.1200008392334,44.59476089477539,0,0,0.6000000238418579,0,0,1,0,0,8,0,0,0,8,99,1,0.0,0.0,22.540000915527344,28.408111572265625,1.5,0,0,1.0,-1.0,0.0,0,0,0
1780682977.895211,0,0.3499999940395355,0,0,900,900,423158243,73,77,0.0,0.0,31.1200008392334,44.59476089477539,0,0,0.6000000238418579,0,0,1,0,0,8,0,0,0,8,99,1,0.0,0.0,22.540002822875977,28.408111572265625,1.5,0,0,1.0,-1.0,0.0,0,0,0
1780682977.914378,0,0.3499999940395355,0,0,900,900,423158243,73,77,0.0,0.0,31.1200008392334,44.59476089477539,0,0,0.6000000238418579,0,0,1,0,0,8,0,0,0,8,99,1,0.0,0.0,22.540000915527344,28.40811538696289,1.5,0,0,1.0,-1.0,0.0,0,0,0
1780682977.9335353,0,0.3499999940395355,0,0,900,900,423158243,73,77,0.0,0.0,31.1200008392334,44.59476089477539,0,0,0.6000000238418579,0,0,1,0,0,8,0,0,0,8,99,1,0.0,0.0,22.540000915527344,28.408119201660156,1.5,0,0,1.0,-1.0,0.0,0,0,0
1780682977.9531684,0,0.3499999940395355,0,0,900,900,423158243,73,77,0.0,0.0,31.1200008392334,44.59476089477539,0,0,0.6000000238418579,0,0,1,0,0,8,0,0,0,8,99,1,0.0,0.0,22.540000915527344,28.40812110900879,1.5,0,0,1.0,-1.0,0.0,0,0,0
1780682977.9726427,0,0.3499999940395355,0,0,900,900,423158243,73,77,0.0,0.0,31.1200008392334,44.59476089477539,0,0,0.6000000238418579,0,0,1,0,0,8,0,0,0,8,99,1,0.0,0.0,22.540000915527344,28.40812110900879,1.5,0,0,1.0,0.0,0.0,0,0,0
1780682977.9913292,0,0.3499999940395355,0,0,900,900,423158243,73,77,0.0,0.0,31.1200008392334,44.59476089477539,0,0,0.6000000238418579,0,0,1,0,0,8,0,0,0,8,99,1,0.0,0.0,22.540000915527344,28.40812110900879,1.5,0,0,1.0,0.0,0.0,0,0,0
1780682978.010242,0,0.3499999940395355,0,0,900,900,423158243,73,77,0.0,0.0,31.1200008392334,44.59476089477539,0,0,0.6000000238418579,0,0,1,0,0,8,0,0,0,8,99,1,0.0,0.0,22.540000915527344,28.408119201660156,1.5,0,0,1.0,0.0,0.0,0,0,0
1780682978.0292938,0,0.3499999940395355,0,0,900,900,423158243,73,77,0.0,0.0,31.1200008392334,44.59476089477539,0,0,0.6000000238418579,0,0,1,0,0,8,0,0,0,8,99,1,0.0,0.0,22.540000915527344,28.40812110900879,1.5,0,0,1.0,0.0,0.0,0,0,0
1780682978.048747,0,0.3499999940395355,0,0,900,900,423158243,73,77,0.0,0.0,31.1200008392334,44.59476089477539,0,0,0.6000000238418579,0,0,1,0,0,8,0,0,0,8,99,1,0.0,0.0,22.540000915527344,28.40812110900879,1.5,0,0,1.0,0.0,0.0,0,0,0
1780682978.0673108,0,0.3499999940395355,0,0,900,900,423158243,73,77,0.0,0.0,31.1200008392334,44.59476089477539,0,0,0.6000000238418579,0,0,1,0,0,8,0,0,0,8,99,1,0.0,0.0,22.540000915527344,28.408119201660156,1.5,0,0,1.0,0.0,0.0,0,0,0
1780682978.086618,0,0.3499999940395355,0,0,900,900,423158243,73,77,0.0,0.0,31.1200008392334,44.59476089477539,0,0,0.6000000238418579,0,0,1,0,0,8,0,0,0,8,99,1,0.0,0.0,22.540000915527344,28.40812110900879,1.5,0,0,1.0,0.0,0.0,0,0,0
1780682978.1058245,0,0.3499999940395355,0,0,900,900,423158243,73,77,0.0,0.0,31.1200008392334,44.59476089477539,0,0,0.6000000238418579,0,0,1,0,0,8,0,0,0,8,99,1,0.0,0.0,22.540000915527344,28.408119201660156,1.5,0,0,1.0,0.0,0.0,0,0,0
1780682978.1264439,0,0.3499999940395355,0,0,900,900,423158243,73,77,0.0,0.0,31.1200008392334,44.59476089477539,0,0,0.6000000238418579,0,0,1,0,0,8,0,0,0,8,99,1,0.0,0.0,22.540000915527344,28.408119201660156,1.5,0,0,1.0,0.0,0.0,0,0,0
1780682978.1461425,0,0.3499999940395355,0,0,900,900,423158243,73,77,0.0,0.0,31.1200008392334,44.59476089477539,0,0,0.6000000238418579,0,0,1,0,0,8,0,0,0,8,99,1,0.0,0.0,22.53999900817871,28.40812110900879,1.5,0,0,0.0,0.0,0.0,0,0,0
1780682978.1656163,0,0.3499999940395355,0,0,900,900,423158243,73,77,0.0,0.0,31.1200008392334,44.59476089477539,0,0,0.6000000238418579,0,0,1,0,0,8,0,0,0,8,99,1,0.0,0.0,22.540000915527344,28.40812110900879,1.5,0,0,0.0,0.0,0.0,0,0,0
1780682978.1849785,0,0.3499999940395355,0,0,900,900,423158243,73,77,0.0,0.0,31.1200008392334,44.59476089477539,0,0,0.6000000238418579,0,0,1,0,0,8,0,0,0,8,99,1,0.0,0.0,22.540000915527344,28.40812110900879,1.5,0,0,0.0,0.0,0.0,0,0,0
1780682978.204147,0,0.3499999940395355,0,0,900,900,423158243,73,77,0.0,0.0,31.1200008392334,44.59476089477539,0,0,0.6000000238418579,0,0,1,0,0,8,0,0,0,8,99,1,0.0,0.0,22.540000915527344,28.408119201660156,1.5,0,0,0.0,0.0,0.0,0,0,0
1780682978.2234304,0,0.3499999940395355,0,0,900,900,423158243,73,77,0.0,0.0,31.1200008392334,44.59476089477539,0,0,0.6000000238418579,0,0,1,0,0,8,0,0,0,8,99,1,0.0,0.0,22.540000915527344,28.40812110900879,1.5,0,0,0.0,0.0,0.0,0,0,0
1780682978.242552,0,0.3499999940395355,0,0,900,900,423158243,73,77,0.0,0.0,31.1200008392334,44.59476089477539,0,0,0.6000000238418579,0,0,1,0,0,8,0,0,0,8,99,1,0.0,0.0,22.540000915527344,28.40812110900879,1.5,0,0,0.0,0.0,0.0,0,0,0
1780682978.2612283,0,0.3499999940395355,0,0,900,900,423158243,73,77,0.0,0.0,31.1200008392334,44.59476089477539,0,0,0.6000000238418579,0,0,1,0,0,8,0,0,0,8,99,1,0.0,0.0,22.540000915527344,28.40812110900879,1.5,0,0,0.0,0.0,0.0,0,0,0
1780682978.2800937,0,0.3499999940395355,0,0,900,900,423158243,73,77,0.0,0.0,31.1200008392334,44.59476089477539,0,0,0.6000000238418579,0,0,1,0,0,8,0,0,0,8,99,1,0.0,0.0,22.540000915527344,28.40812110900879,1.5,0,0,0.0,0.0,0.0,0,0,0
1780682978.298811,0,0.3499999940395355,0,0,900,900,423158243,73,77,0.0,0.0,31.1200008392334,44.59476089477539,0,0,0.6000000238418579,0,0,1,0,0,8,0,0,0,8,99,1,0.0,0.0,22.540000915527344,28.408123016357422,1.5,0,0,0.0,0.0,0.0,0,0,0
1780682978.317368,0,0.3499999940395355,0,0,900,900,423158243,73,77,0.0,0.0,31.1200008392334,44.59476089477539,0,0,0.6000000238418579,0,0,1,0,0,8,0,0,0,8,99,1,0.0,0.0,22.540000915527344,28.40812110900879,1.5,0,0,0.0,0.0,0.0,0,0,0
1780682978.3361325,0,0.3499999940395355,0,0,900,900,423158243,73,77,0.0,0.0,31.1200008392334,44.59476089477539,0,0,0.6000000238418579,0,0,1,0,0,8,0,0,0,8,99,1,0.0,0.0,22.540000915527344,28.40812110900879,1.5,0,0,0.0,0.0,0.0,0,0,0
1780682978.3554997,0,0.3499999940395355,0,0,900,900,423158243,73,77,0.0,0.0,31.1200008392334,44.59476089477539,0,0,0.6000000238418579,0,0,1,0,0,8,0,0,0,8,99,1,0.0,0.0,22.53999900817871,28.408119201660156,1.5,0,0,0.0,0.0,0.0,0,0,0
1780682978.3745744,0,0.3499999940395355,0,0,900,900,423158243,73,77,0.0,0.0,31.1200008392334,44.59476089477539,0,0,0.6000000238418579,0,0,1,0,0,8,0,0,0,8,99,1,0.0,0.0,22.540000915527344,28.40812110900879,1.5,0,0,0.0,0.0,0.0,0,0,0
1780682978.3936203,0,0.3499999940395355,0,0,900,900,423158243,73,77,0.0,0.0,31.1200008392334,44.59476089477539,0,0,0.6000000238418579,0,0,1,0,0,8,0,0,0,8,99,1,0.0,0.0,22.540000915527344,28.40812110900879,1.5,0,0,0.0,0.0,0.0,0,0,0
1780682978.4128845,0,0.3499999940395355,0,0,900,900,423158243,73,77,0.0,0.0,31.1200008392334,44.59476089477539,0,0,0.6000000238418579,0,0,1,0,0,8,0,0,0,8,99,1,0.0,0.0,22.540000915527344,28.40812110900879,1.5,0,0,0.0,0.0,0.0,0,0,0
1780682978.431628,0,0.3499999940395355,0,0,900,900,423158243,73,77,0.0,0.0,31.1200008392334,44.59476089477539,0,0,0.6000000238418579,0,0,1,0,0,8,0,0,0,8,99,1,0.0,0.0,22.540000915527344,28.40812110900879,1.5,0,0,0.0,0.0,0.0,0,0,0
1780682978.4503639,0,0.3499999940395355,0,0,900,900,423158243,73,77,0.0,0.0,31.1200008392334,44.59476089477539,0,0,0.6000000238418579,0,0,1,0,0,8,0,0,0,8,99,1,0.0,0.0,22.540000915527344,28.408119201660156,1.5,0,0,0.0,0.0,0.0,0,0,0
1780682978.469074,0,0.3499999940395355,0,0,900,900,423158243,73,77,0.0,0.0,31.1200008392334,44.59476089477539,0,0,0.6000000238418579,0,0,1,0,0,8,0,0,0,8,99,1,0.0,0.0,22.540000915527344,28.408119201660156,1.5,0,0,0.0,0.0,0.0,0,0,0
1780682978.4878175,0,0.3499999940395355,0,0,900,900,423158243,73,77,0.0,0.0,31.1200008392334,44.59476089477539,0,0,0.6000000238418579,0,0,1,0,0,8,0,0,0,8,99,1,0.0,0.0,22.540000915527344,28.408119201660156,1.5,0,0,0.0,0.0,0.0,0,0,0
1780682978.5065482,0,0.3499999940395355,0,0,900,900,423158243,73,77,0.0,0.0,31.1200008392334,44.59476089477539,0,0,0.6000000238418579,0,0,1,0,0,8,0,0,0,8,99,1,0.0,0.0,22.540000915527344,28.408119201660156,1.5,0,0,0.0,0.0,0.0,0,0,0
1780682978.52619,0,0.3499999940395355,0,0,900,900,423158243,73,77,0.0,0.0,31.1200008392334,44.59476089477539,0,0,0.6000000238418579,0,0,1,0,0,8,0,0,0,8,99,1,0.0,0.0,22.540000915527344,28.408123016357422,1.5,0,0,0.0,0.0,0.0,0,0,0
1780682978.5458221,0,0.3499999940395355,0,0,900,900,423158243,73,77,0.0,0.0,31.1200008392334,44.59476089477539,0,0,0.6000000238418579,0,0,1,0,0,8,0,0,0,8,99,1,0.0,0.0,22.540000915527344,28.40812110900879,1.5,0,0,0.0,0.0,0.0,0,0,0
1780682978.5655818,0,0.3499999940395355,0,0,900,900,423158243,73,77,0.0,0.0,31.1200008392334,44.59476089477539,0,0,0.6000000238418579,0,0,1,0,0,8,0,0,0,8,99,1,0.0,0.0,22.540000915527344,28.40812110900879,1.5,0,0,0.0,0.0,0.0,0,0,0
1780682978.58542,0,0.3499999940395355,0,0,900,900,423158243,73,77,0.0,0.0,31.1200008392334,44.59476089477539,0,0,0.6000000238418579,0,0,1,0,0,8,0,0,0,8,99,1,0.0,0.0,22.540000915527344,28.408123016357422,1.5,0,0,0.0,0.0,0.0,0,0,0
1780682978.6049078,0,0.3499999940395355,0,0,900,900,423158243,73,77,0.0,0.0,31.1200008392334,44.59476089477539,0,0,0.6000000238418579,0,0,1,0,0,8,0,0,0,8,99,1,0.0,0.0,22.540000915527344,28.408123016357422,1.5,0,0,0.0,0.0,0.0,0,0,0
1780682978.6243918,0,0.3499999940395355,0,0,900,900,423158243,73,77,0.0,0.0,31.1200008392334,44.59476089477539,0,0,0.6000000238418579,0,0,1,0,0,8,0,0,0,8,99,1,0.0,0.0,22.540000915527344,28.40812110900879,1.5,0,0,0.0,0.0,0.0,0,0,0
1780682978.64321,0,0.3499999940395355,0,0,900,900,423158243,73,77,0.0,0.0,31.1200008392334,44.59476089477539,0,0,0.6000000238418579,0,0,1,0,0,8,0,0,0,8,99,1,0.0,0.0,22.540000915527344,28.408123016357422,1.5,0,0,0.0,0.0,0.0,0,0,0
1780682978.662426,0,0.3499999940395355,0,0,900,900,423158243,73,77,0.0,0.0,31.1200008392334,44.59476089477539,0,0,0.6000000238418579,0,0,1,0,0,8,0,0,0,8,99,1,0.0,0.0,22.540000915527344,28.40812110900879,1.5,0,0,0.0,0.0,0.0,0,0,0
1780682978.6810803,0,0.3499999940395355,0,0,900,900,423158243,73,77,0.0,0.0,31.1200008392334,44.59476089477539,0,0,0.6000000238418579,0,0,1,0,0,8,0,0,0,8,99,1,0.0,0.0,22.540000915527344,28.40812110900879,1.5,0,0,0.0,0.0,0.0,0,0,0
1780682978.6996717,0,0.3499999940395355,0,0,900,900,423158243,73,77,0.0,0.0,31.1200008392334,44.59476089477539,0,0,0.6000000238418579,0,0,1,0,0,8,0,0,0,8,99,1,0.0,0.0,22.540000915527344,28.408123016357422,1.5,0,0,0.0,0.0,0.0,0,0,0
1780682978.7188134,0,0.3499999940395355,0,0,900,900,423158243,73,77,0.0,0.0,31.1200008392334,44.59476089477539,0,0,0.6000000238418579,0,0,1,0,0,8,0,0,0,8,99,1,0.0,0.0,22.540000915527344,28.408119201660156,1.5,0,0,0.0,0.0,0.0,0,0,0
1780682978.7377372,0,0.3499999940395355,0,0,900,900,423158243,73,77,0.0,0.0,31.1200008392334,44.59476089477539,0,0,0.6000000238418579,0,0,1,0,0,8,0,0,0,8,99,1,0.0,0.0,22.540000915527344,28.408119201660156,1.5,0,0,0.0,0.0,0.0,0,0,0
1780682978.7566679,0,0.3499999940395355,0,0,900,900,423158243,73,77,0.0,0.0,31.1200008392334,44.59476089477539,0,0,0.6000000238418579,0,0,1,0,0,8,0,0,0,8,99,1,0.0,0.0,22.540000915527344,28.408123016357422,1.5,0,0,1.0,0.0,0.0,0,0,0
1780682978.7759397,0,0.3499999940395355,0,0,900,900,423158243,73,77,0.0,0.0,31.1200008392334,44.59476089477539,0,0,0.6000000238418579,0,0,1,0,0,8,0,0,0,8,99,1,0.0,0.0,22.540000915527344,28.40812110900879,1.5,0,0,1.0,0.0,0.0,0,0,0
1780682978.7963748,0,0.3499999940395355,0,0,900,900,423158243,73,77,0.0,0.0,31.1200008392334,44.59476089477539,0,0,0.6000000238418579,0,0,1,0,0,8,0,0,0,8,99,1,0.0,0.0,22.540000915527344,28.40812110900879,1.5,0,0,1.0,-1.0,0.0,0,0,0
1780682978.8159559,0,0.3499999940395355,0,0,900,900,423158243,73,77,0.0,0.0,31.1200008392334,44.59476089477539,0,0,0.6000000238418579,0,0,1,0,0,8,0,0,0,8,99,1,0.0,0.0,22.540000915527344,28.408123016357422,1.5,0,0,1.0,0.0,0.0,0,0,0
1780682978.8359926,0,0.3499999940395355,0,0,900,900,423158243,73,77,0.0,0.0,31.1200008392334,44.59476089477539,1,0,0.6000000238418579,0,0,1,0,0,8,0,0,0,8,99,1,0.0,0.0,22.540000915527344,28.40812110900879,1.5,0,0,1.0,0.0,0.0,0,0,0
1780682978.8558578,0,0.3499999940395355,0,0,900,900,423158243,73,77,0.0,0.0,31.1200008392334,44.59476089477539,1,0,0.6000000238418579,0,0,1,0,0,8,0,0,0,8,99,1,8.300000190734863,0.0,22.637535095214844,28.40812110900879,1.5,0,0,1.0,0.0,0.0,0,0,0
1780682978.8761551,0,0.3499999940395355,0,0,900,900,423158243,73,77,0.0,0.0,31.1200008392334,44.59476089477539,1,0,0.6000000238418579,0,0,1,0,0,8,0,0,0,8,99,1,8.300000190734863,0.0,22.803531646728516,28.40812110900879,1.5,0,0,1.0,0.0,0.0,0,0,0
1780682978.895853,0,0.3499999940395355,0,0,900,900,423158243,73,77,0.0,0.0,31.1200008392334,44.59476089477539,1,0,0.6000000238418579,0,0,1,0,0,8,0,0,0,8,99,1,8.300000190734863,0.0,22.969528198242188,28.408123016357422,1.5,0,0,1.0,0.0,0.0,0,0,0
1780682978.915864,0,0.3499999940395355,0,0,900,900,423158243,73,77,0.0,0.0,31.1200008392334,44.59476089477539,1,0,0.6000000238418579,0,0,1,0,0,8,0,0,0,8,99,1,8.300000190734863,0.0,23.135522842407227,28.40812110900879,1.5,0,0,1.0,0.0,0.0,0,0,0
1780682978.9363313,0,0.3499999940395355,0,0,900,900,423158243,73,77,0.0,0.0,31.1200008392334,44.59476089477539,1,0,0.6000000238418579,0,0,1,0,0,8,0,0,0,8,99,1,8.300000190734863,0.0,23.301441192626953,28.40812110900879,1.5,0,0,1.0,0.0,0.0,0,0,0
1780682978.9559932,0,0.3499999940395355,0,0,900,900,423158243,73,77,0.0,0.0,31.1200008392334,44.59476089477539,1,0,0.6000000238418579,0,0,1,0,0,8,0,0,0,8,99,1,8.300000190734863,0.0,23.467437744140625,28.40812110900879,1.5,0,0,1.0,0.0,0.0,0,0,0
1780682978.9758918,0,0.3499999940395355,0,0,900,900,423158243,73,77,0.0,0.0,31.1200008392334,44.59476089477539,1,0,0.6000000238418579,0,0,1,0,0,8,0,0,0,8,99,1,8.300000190734863,0.0,23.63351821899414,28.408119201660156,1.5,0,0,1.0,0.0,0.0,0,0,0
1780682978.9957187,0,0.3499999940395355,0,0,900,900,423158243,73,77,0.0,0.0,31.1200008392334,44.59476089477539,1,0,0.6000000238418579,0,0,1,0,0,8,0,0,0,8,99,1,8.300000190734863,0.0,23.799518585205078,28.40812110900879,1.5,0,0,1.0,0.0,0.0,0,0,0
1780682979.0160449,0,0.3499999940395355,0,0,900,900,423158243,73,77,0.0,0.0,31.1200008392334,44.59476089477539,1,0,0.6000000238418579,0,0,1,0,0,8,0,0,0,8,99,1,8.300000190734863,0.0,23.965511322021484,28.408123016357422,1.5,0,0,1.0,0.0,0.0,0,0,0
1780682979.0355322,0,0.3499999940395355,0,0,900,900,423158243,73,77,0.0,0.0,31.1200008392334,44.59476089477539,1,0,0.6000000238418579,0,0,1,0,0,8,0,0,0,8,99,1,8.300000190734863,0.0,24.131505966186523,28.40812110900879,1.5,0,0,1.0,0.0,0.0,0,0,0
1780682979.0549352,0,0.3499999940395355,0,0,900,900,423158243,73,77,0.0,0.0,31.1200008392334,44.59476089477539,1,0,0.6000000238418579,0,0,1,0,0,8,0,0,0,8,99,1,8.300000190734863,0.0,24.297502517700195,28.408119201660156,1.5,0,0,1.0,0.0,0.0,0,0,0
1780682979.0736532,0,0.3499999940395355,0,0,900,900,423158243,73,77,0.0,0.0,31.1200008392334,44.59476089477539,1,0,0.6000000238418579,0,0,1,0,0,8,0,0,0,8,99,1,8.300000190734863,0.0,24.463499069213867,28.40812110900879,1.5,0,0,1.0,0.0,0.0,0,0,0
1780682979.0927796,0,0.3499999940395355,0,0,900,900,423158243,73,77,0.0,0.0,31.1200008392334,44.59476089477539,1,0,0.6000000238418579,0,0,1,0,0,8,0,0,0,8,99,1,8.300000190734863,0.0,24.62949562072754,28.40812110900879,1.5,0,0,1.0,0.0,0.0,0,0,0
1780682979.1114762,0,0.3499999940395355,0,0,900,900,423158243,73,77,0.0,0.0,31.1200008392334,44.59476089477539,1,0,0.6000000238418579,0,0,1,0,0,8,0,0,0,8,99,1,8.300000190734863,0.0,24.795490264892578,28.408119201660156,1.5,0,0,1.0,0.0,0.0,0,0,0
1780682979.1301677,0,0.3499999940395355,0,0,900,900,423158243,73,77,0.0,0.0,31.1200008392334,44.59476089477539,1,0,0.6000000238418579,0,0,1,0,0,8,0,0,0,8,99,1,8.300000190734863,0.0,24.96148681640625,28.408123016357422,1.5,0,0,1.0,0.0,0.0,0,0,0
1780682979.1486604,0,0.3499999940395355,0,0,900,900,423158243,73,77,0.0,0.0,31.1200008392334,44.59476089477539,1,0,0.6000000238418579,0,0,1,0,0,8,0,0,0,8,99,1,8.300000190734863,0.0,25.127483367919922,28.408123016357422,1.5,0,0,1.0,0.0,0.0,0,0,0
1780682979.1675932,0,0.3499999940395355,0,0,900,900,423158243,73,77,0.0,0.0,31.1200008392334,44.59476089477539,1,0,0.6000000238418579,0,0,1,0,0,8,0,0,0,8,99,1,8.300000190734863,0.0,25.293479919433594,28.408119201660156,1.5,0,0,1.0,0.0,0.0,0,0,0
1780682979.1865282,0,0.3499999940395355,0,0,900,900,423158243,73,77,0.0,0.0,31.1200008392334,44.59476089477539,1,0,0.6000000238418579,0,0,1,0,0,8,0,0,0,8,99,1,8.300000190734863,0.0,25.459474563598633,28.40812110900879,1.5,0,0,1.0,0.0,0.0,0,0,0
1780682979.2059748,0,0.3499999940395355,0,0,900,900,423158243,73,77,0.0,0.0,31.1200008392334,44.59476089477539,1,0,0.6000000238418579,0,0,1,0,0,8,0,0,0,8,99,1,8.300000190734863,0.0,25.625469207763672,28.40812110900879,1.5,0,0,1.0,0.0,0.0,0,0,0
1780682979.225712,0,0.3499999940395355,0,0,900,900,423158243,73,77,0.0,0.0,31.1200008392334,44.59476089477539,1,0,0.6000000238418579,0,0,1,0,0,8,0,0,0,8,99,1,8.300000190734863,0.0,25.7913875579834,28.408123016357422,1.5,0,0,1.0,0.0,0.0,0,0,0
1780682979.2452013,0,0.3499999940395355,0,0,900,900,423158243,73,77,0.0,0.0,31.1200008392334,44.59476089477539,1,0,0.6000000238418579,0,0,1,0,0,8,0,0,0,8,99,1,8.300000190734863,0.0,25.957386016845703,28.408123016357422,1.5,0,0,1.0,0.0,0.0,0,0,0
1780682979.2642748,0,0.3499999940395355,0,0,900,900,423158243,73,77,0.0,0.0,31.1200008392334,44.59476089477539,1,0,0.6000000238418579,0,0,1,0,0,8,0,0,0,8,99,1,8.300000190734863,0.0,26.12337875366211,28.408119201660156,1.5,0,0,1.0,0.0,0.0,0,0,0
1780682979.2832072,0,0.3499999940395355,0,0,900,900,423158243,73,77,0.0,0.0,31.1200008392334,44.59476089477539,1,0,0.6000000238418579,0,0,1,0,0,8,0,0,0,8,99,1,8.300000190734863,0.0,26.289377212524414,28.408123016357422,1.5,0,0,1.0,0.0,0.0,0,0,0
1780682979.3015006,0,0.3499999940395355,0,0,900,900,423158243,73,77,0.0,0.0,31.1200008392334,44.59476089477539,1,0,0.6000000238418579,0,0,1,0,0,8,0,0,0,8,99,1,8.300000190734863,0.0,26.455373764038086,28.408119201660156,1.5,0,0,1.0,0.0,0.0,0,0,0
1780682979.3197584,0,0.3499999940395355,0,0,900,900,423158243,73,77,0.0,0.0,31.1200008392334,44.59476089477539,1,0,0.6000000238418579,0,0,1,0,0,8,0,0,0,8,99,1,8.300000190734863,0.0,26.62137222290039,28.40812110900879,1.5,0,0,1.0,0.0,0.0,0,0,0
1780682979.338613,0,0.3499999940395355,0,0,900,900,423158243,73,77,0.0,0.0,31.1200008392334,44.59476089477539,1,0,0.6000000238418579,0,0,1,0,0,8,0,0,0,8,99,1,8.300000190734863,0.0,26.787368774414062,28.408123016357422,1.5,0,0,1.0,0.0,0.0,0,0,0
1780682979.3574893,0,0.3499999940395355,0,0,900,900,423158243,73,77,0.0,0.0,31.1200008392334,44.59476089477539,1,0,0.6000000238418579,0,0,1,0,0,8,0,0,0,8,99,1,8.300000190734863,0.0,26.953449249267578,28.40812110900879,1.5,0,0,1.0,0.0,0.0,0,0,0
1780682979.376287,0,0.3499999940395355,0,0,900,900,423158243,73,77,0.0,0.0,31.1200008392334,44.59476089477539,1,0,0.6000000238418579,0,0,1,0,0,8,0,0,0,8,99,1,8.300000190734863,0.0,27.11944580078125,28.40812110900879,1.5,0,0,1.0,0.0,0.0,0,0,0
1780682979.3959644,0,0.3499999940395355,0,0,900,900,423158243,73,77,0.0,0.0,31.1200008392334,44.59476089477539,1,0,0.6000000238418579,0,0,1,0,0,8,0,0,0,8,99,1,8.300000190734863,0.0,27.285438537597656,28.40812110900879,1.5,0,0,1.0,0.0,0.0,0,0,0
1780682979.4160461,0,0.3499999940395355,0,0,900,900,423158243,73,77,0.0,0.0,31.1200008392334,44.59476089477539,1,0,0.6000000238418579,0,0,1,0,0,8,0,0,0,8,99,1,8.300000190734863,0.0,27.451433181762695,28.408123016357422,1.5,0,0,0.0,0.0,0.0,0,0,0
1780682979.4359992,0,0.3499999940395355,0,0,900,900,423158243,73,77,0.0,0.0,31.1200008392334,44.59476089477539,1,0,0.6000000238418579,0,0,1,0,0,8,0,0,0,8,99,1,8.300000190734863,0.0,27.617427825927734,28.408123016357422,1.5,0,0,0.0,0.0,0.0,0,0,0
1780682979.4562428,0,0.3499999940395355,0,0,900,900,423158243,73,77,0.0,0.0,31.1200008392334,44.59476089477539,1,0,0.6000000238418579,0,0,1,0,0,8,0,0,0,8,99,1,0.0,0.0,27.686012268066406,28.40812110900879,1.5,0,0,0.0,0.0,0.0,0,0,0
1780682979.4761376,0,0.3499999940395355,0,0,900,900,423158243,73,77,0.0,0.0,31.1200008392334,44.59476089477539,1,0,0.6000000238418579,0,0,1,0,0,8,0,0,0,8,99,1,0.0,0.0,27.686012268066406,28.40812110900879,1.5,0,0,0.0,0.0,0.0,0,0,0
1780682979.4963372,0,0.3499999940395355,0,0,900,900,423158243,73,77,0.0,0.0,31.1200008392334,44.59476089477539,1,0,0.6000000238418579,0,0,1,0,0,8,0,0,0,8,99,1,0.0,0.0,27.686012268066406,28.408123016357422,1.5,0,0,0.0,0.0,0.0,0,0,0
1780682979.5166504,0,0.3499999940395355,0,0,900,900,423158243,73,77,0.0,0.0,31.1200008392334,44.59476089477539,1,0,0.6000000238418579,0,0,1,0,0,8,0,0,0,8,99,1,0.0,0.0,27.686012268066406,28.408119201660156,1.5,0,0,0.0,0.0,0.0,0,0,0
1780682979.5360544,0,0.3499999940395355,0,0,900,900,423158243,74,77,0.0,0.0,31.1200008392334,44.59476089477539,1,0,0.6000000238418579,0,0,1,0,0,8,0,0,0,8,99,1,0.0,0.0,27.686012268066406,28.40812110900879,1.5,0,0,0.0,0.0,0.0,0,0,0
1780682979.5559783,0,0.3499999940395355,0,0,900,900,423158243,74,77,0.0,-1.7999992370605469,31.1200008392334,44.55876159667969,1,0,0.6000000238418579,0,0,1,0,0,8,0,0,0,8,99,1,0.0,0.0,27.686012268066406,28.408119201660156,1.5,0,0,0.0,0.0,0.0,0,0,0
1780682979.5763443,0,0.3499999940395355,0,0,900,900,423158243,74,77,0.0,-3.5999984741210938,31.1200008392334,44.48676300048828,1,0,0.6000000238418579,0,0,1,0,0,8,0,0,0,8,99,1,0.0,0.0,27.686012268066406,28.408119201660156,1.5,0,0,0.0,0.0,0.0,0,0,0
1780682979.5965972,0,0.3499999940395355,0,0,900,900,423158243,74,77,0.0,-5.399997711181641,31.1200008392334,44.378761291503906,1,0,0.6000000238418579,0,0,1,0,0,8,0,0,0,8,99,1,0.0,0.0,27.686012268066406,28.408123016357422,1.5,0,0,0.0,0.0,0.0,0,0,0
1780682979.6162236,0,0.3499999940395355,0,0,900,900,423158243,74,77,0.0,-7.1999969482421875,31.1200008392334,44.23476028442383,1,0,0.6000000238418579,0,0,1,0,0,8,0,0,0,8,99,1,0.0,0.0,27.686012268066406,28.40812110900879,1.5,0,0,0.0,0.0,0.0,0,0,0
1780682979.6359801,0,0.3499999940395355,0,0,900,900,423158243,74,77,0.0,-8.999996185302734,31.1200008392334,44.05475997924805,1,0,0.6000000238418579,0,0,1,0,0,8,0,0,0,8,99,1,0.0,0.0,27.686012268066406,28.408123016357422,1.5,0,0,0.0,0.0,0.0,0,0,0
1780682979.656201,0,0.3499999940395355,0,0,900,900,423158243,74,77,0.0,-10.799995422363281,31.1200008392334,43.83876037597656,1,0,0.6000000238418579,0,0,1,0,0,8,0,0,0,8,99,1,0.0,0.0,27.686012268066406,28.408119201660156,1.5,0,0,0.0,0.0,0.0,0,0,0
1780682979.675828,0,0.3499999940395355,0,0,900,900,423158243,74,77,0.0,-12.599994659423828,31.1200008392334,43.586761474609375,1,0,0.6000000238418579,0,0,1,0,0,8,0,0,0,8,99,1,0.0,0.0,27.686012268066406,28.408119201660156,1.5,0,0,0.0,0.0,0.0,0,0,0
1780682979.6957855,0,0.3499999940395355,0,0,900,900,423158243,74,77,0.0,-14.399993896484375,31.1200008392334,43.298763275146484,1,0,0.6000000238418579,0,0,1,0,0,8,0,0,0,8,99,1,0.0,0.0,27.686012268066406,28.40812110900879,1.5,0,0,0.0,0.0,0.0,0,0,0
1780682979.7161467,0,0.3499999940395355,0,0,900,900,423158243,74,77,0.0,-16.199993133544922,31.1200008392334,42.974761962890625,1,0,0.6000000238418579,0,0,1,0,0,8,0,0,0,8,99,1,0.0,0.0,27.686012268066406,28.40812110900879,1.5,0,0,0.0,0.0,0.0,0,0,0
1780682979.7361002,0,0.3499999940395355,0,0,900,900,423158243,74,77,0.0,-17.99999237060547,31.1200008392334,42.61476135253906,1,0,0.6000000238418579,0,0,1,0,0,8,0,0,0,8,99,1,0.0,0.0,27.686012268066406,28.40812110900879,1.5,0,0,0.0,0.0,0.0,0,0,0
1780682979.7559435,0,0.3499999940395355,0,0,900,900,423158243,74,77,0.0,-19.799991607666016,31.1200008392334,42.2187614440918,1,0,0.6000000238418579,0,0,1,0,0,8,0,0,0,8,99,1,0.0,0.0,27.686012268066406,28.408123016357422,1.5,0,0,0.0,0.0,0.0,0,0,0
1780682979.7761962,0,0.3499999940395355,0,0,900,900,423158243,74,77,0.0,-21.599990844726562,31.1200008392334,41.78676223754883,1,0,0.6000000238418579,0,0,1,0,0,8,0,0,0,8,99,1,0.0,0.0,27.686012268066406,28.408119201660156,1.5,0,0,0.0,0.0,0.0,0,0,0
1780682979.7963333,0,0.3499999940395355,0,0,900,900,423158243,74,77,0.0,-23.39999008178711,31.1200008392334,41.318763732910156,1,0,0.6000000238418579,0,0,1,0,0,8,0,0,0,8,99,1,0.0,0.0,27.686012268066406,28.40812110900879,1.5,0,0,0.0,0.0,0.0,0,0,0
1780682979.8159482,0,0.3499999940395355,0,0,900,900,423158243,74,77,0.0,-25.199989318847656,31.1200008392334,40.81476593017578,1,0,0.6000000238418579,0,0,1,0,0,8,0,0,0,8,99,1,0.0,0.0,27.686012268066406,28.40812110900879,1.5,0,0,0.0,0.0,0.0,0,0,0
1780682979.8357005,0,0.3499999940395355,0,0,900,900,423158243,74,77,0.0,-26.999988555908203,31.1200008392334,40.27476501464844,1,0,0.6000000238418579,0,0,1,0,0,8,0,0,0,8,99,1,0.0,0.0,27.686012268066406,28.408119201660156,1.5,0,0,0.0,0.0,0.0,0,0,0
1780682979.8560936,0,0.3499999940395355,0,0,900,900,423158243,74,77,0.0,-28.79998779296875,31.1200008392334,39.69876480102539,1,0,0.6000000238418579,0,0,1,0,0,8,0,0,0,8,99,1,0.0,0.0,27.686012268066406,28.408119201660156,1.5,0,0,0.0,0.0,0.0,0,0,0
1780682979.8761818,0,0.3499999940395355,0,0,900,900,423158243,74,77,0.0,-30.599987030029297,31.1200008392334,39.08676528930664,1,0,0.6000000238418579,0,0,1,0,0,8,0,0,0,8,99,1,0.0,0.0,27.686012268066406,28.408123016357422,1.5,0,0,0.0,0.0,0.0,0,0,0
1780682979.8959053,0,0.3499999940395355,0,0,900,900,423158243,74,77,0.0,-32.399986267089844,31.1200008392334,38.43876647949219,1,0,0.6000000238418579,0,0,1,0,0,8,0,0,0,8,99,1,0.0,0.0,27.686012268066406,28.40812110900879,1.5,0,0,0.0,0.0,0.0,0,0,0
1780682979.9162138,0,0.3499999940395355,0,0,900,900,423158243,74,77,0.0,-34.19998550415039,31.1200008392334,37.75476837158203,1,0,0.6000000238418579,0,0,1,0,0,8,0,0,0,8,99,1,0.0,0.0,27.686012268066406,28.40812110900879,1.5,0,0,0.0,0.0,0.0,0,0,0
1780682979.9360497,0,0.3499999940395355,0,0,900,900,423158243,74,77,0.0,-35.99998474121094,31.1200008392334,37.034767150878906,1,0,0.6000000238418579,0,0,1,0,0,8,0,0,0,8,99,1,0.0,0.0,27.686012268066406,28.408119201660156,1.5,0,0,0.0,0.0,0.0,0,0,0
1780682979.9559448,0,0.3499999940395355,0,0,900,900,423158243,74,77,0.0,-37.799983978271484,31.1200008392334,36.27876663208008,1,0,0.6000000238418579,0,0,1,0,0,8,0,0,0,8,99,1,0.0,0.0,27.686012268066406,28.408123016357422,1.5,0,0,0.0,0.0,0.0,0,0,0
1780682979.9758995,0,0.3499999940395355,0,0,900,900,423158243,74,77,0.0,-39.59998321533203,31.1200008392334,35.48676681518555,1,0,0.6000000238418579,0,0,1,0,0,8,0,0,0,8,99,1,0.0,0.0,27.686012268066406,28.408119201660156,1.5,0,0,0.0,0.0,0.0,0,0,0
1780682979.9960535,0,0.3499999940395355,0,0,900,900,423158243,74,77,0.0,-41.39998245239258,31.1200008392334,34.65876770019531,1,0,0.6000000238418579,0,0,1,0,0,8,0,0,0,8,99,1,0.0,0.0,27.686012268066406,28.40812110900879,1.5,0,0,0.0,0.0,0.0,0,0,0
1780682980.0161068,0,0.3499999940395355,0,0,900,900,423158243,74,77,0.0,-43.199981689453125,31.1200008392334,33.794769287109375,1,0,0.6000000238418579,0,0,1,0,0,8,0,0,0,8,99,1,0.0,0.0,27.686012268066406,28.40812110900879,1.5,0,0,0.0,0.0,0.0,0,0,0
1780682980.035807,0,0.3499999940395355,0,0,900,900,423158243,74,77,0.0,-44.99998092651367,31.1200008392334,32.894771575927734,1,0,0.6000000238418579,0,0,1,0,0,8,0,0,0,8,99,1,0.0,0.0,27.686012268066406,28.408119201660156,1.5,0,0,0.0,0.0,0.0,0,0,0
1780682980.0561333,0,0.3499999940395355,0,0,900,900,423158243,74,77,0.0,-46.79998016357422,31.1200008392334,31.958770751953125,1,0,0.6000000238418579,0,0,1,0,0,8,0,0,0,8,99,1,0.0,0.0,27.686012268066406,28.408119201660156,1.5,0,0,0.0,0.0,0.0,0,0,0
1780682980.076132,0,0.3499999940395355,0,0,900,900,423158243,74,77,0.0,-48.599979400634766,31.1200008392334,30.986770629882812,1,0,0.6000000238418579,0,0,1,0,0,8,0,0,0,8,99,1,0.0,0.0,27.686012268066406,28.408119201660156,1.5,0,0,0.0,0.0,0.0,0,0,0
1780682980.0958922,0,0.3499999940395355,0,0,900,900,423158243,74,77,0.0,-50.39997863769531,31.1200008392334,29.978771209716797,1,0,0.6000000238418579,0,0,1,0,0,8,0,0,0,8,99,1,0.0,0.0,27.686012268066406,28.40812110900879,1.5,0,0,0.0,0.0,0.0,0,0,0
1780682980.1164298,0,0.3499999940395355,0,0,900,900,423158243,74,77,0.0,-52.19997787475586,31.1200008392334,28.934772491455078,1,0,0.6000000238418579,0,0,1,0,0,8,0,0,0,8,99,1,0.0,0.0,27.686012268066406,28.408123016357422,1.5,0,0,0.0,0.0,0.0,0,0,0
1780682980.1361716,0,0.3499999940395355,0,0,900,900,423158243,75,77,0.0,0.0,31.1200008392334,28.56183433532715,1,0,0.6000000238418579,0,0,1,0,0,8,0,0,0,8,99,1,0.0,0.0,27.686012268066406,28.40812110900879,1.5,0,0,0.0,0.0,0.0,0,0,0
1780682980.1560516,0,0.3499999940395355,0,0,900,900,423158243,75,77,0.0,0.0,31.1200008392334,28.561847686767578,1,0,0.6000000238418579,0,0,1,0,0,8,0,0,0,8,99,1,0.0,0.0,27.686012268066406,28.408123016357422,1.5,0,0,0.0,0.0,0.0,0,0,0
1780682980.176151,0,0.3499999940395355,0,0,900,900,423158243,75,77,0.0,0.0,31.1200008392334,28.561857223510742,1,0,0.6000000238418579,0,0,1,0,0,8,0,0,0,8,99,1,0.0,0.0,27.686012268066406,28.408119201660156,1.5,0,0,1.0,0.0,0.0,0,0,0
1780682980.1965015,0,0.3499999940395355,0,0,900,900,423158243,75,77,0.0,0.0,31.1200008392334,28.56186294555664,1,0,0.6000000238418579,0,0,1,0,0,8,0,0,0,8,99,1,0.0,0.0,27.686012268066406,28.40812110900879,1.5,0,0,1.0,-1.0,0.0,0,0,0
1780682980.2162647,0,0.3499999940395355,0,0,900,900,423158243,75,77,0.0,0.0,31.1200008392334,28.561866760253906,1,0,0.6000000238418579,0,0,1,0,0,8,0,0,0,8,99,1,8.300000190734863,0.0,27.783294677734375,28.408119201660156,1.5,0,0,1.0,-1.0,0.0,0,0,0
1780682980.2357137,0,0.3499999940395355,0,0,900,900,423158243,75,77,0.0,0.0,31.1200008392334,28.561870574951172,1,0,0.6000000238418579,0,0,1,0,0,8,0,0,0,8,99,1,8.300000190734863,0.0,27.949295043945312,28.408123016357422,1.5,0,0,1.0,-1.0,0.0,0,0,0
1780682980.2561302,0,0.3499999940395355,0,0,900,900,423158243,75,77,0.0,0.0,31.1200008392334,28.561870574951172,1,0,0.6000000238418579,0,0,1,0,0,8,0,0,0,8,99,1,8.300000190734863,0.0,28.115291595458984,28.408119201660156,1.5,0,0,1.0,-1.0,0.0,0,0,0
1780682980.2761288,0,0.3499999940395355,0,0,900,900,423158243,75,77,0.0,0.0,31.1200008392334,28.561870574951172,1,0,0.6000000238418579,0,0,1,0,0,8,0,0,0,8,99,1,8.300000190734863,0.0,28.28129005432129,28.40812110900879,1.5,0,0,1.0,-1.0,0.0,0,0,0
1780682980.2961202,0,0.3499999940395355,0,0,900,900,423158243,75,77,0.0,0.0,31.1200008392334,28.561870574951172,1,0,0.6000000238418579,0,0,1,0,0,8,0,0,0,8,99,1,8.300000190734863,0.0,28.447288513183594,28.40812110900879,1.5,0,0,1.0,-1.0,0.0,0,0,0
1780682980.3166308,0,0.3499999940395355,0,0,900,900,423158243,75,77,0.0,0.0,31.1200008392334,28.561870574951172,1,0,0.6000000238418579,0,0,1,0,0,8,0,0,0,8,99,1,8.300000190734863,0.0,28.613204956054688,28.408119201660156,1.5,0,0,1.0,0.0,0.0,0,0,1
1780682980.3364909,0,0.3499999940395355,1,0,900,900,423158243,75,77,0.0,0.0,31.1200008392334,28.561870574951172,0,0,0.6000000238418579,0,0,1,0,0,8,0,1,0,8,99,1,8.300000190734863,0.0,28.77920913696289,28.408119201660156,1.5,0,0,0.0,0.0,0.0,0,0,1
1780682980.3558028,0,0.3499999940395355,1,0,900,900,423158243,75,77,0.0,0.0,31.1200008392334,28.561870574951172,0,0,0.6000000238418579,0,0,1,0,0,8,0,1,0,8,99,1,0.0,0.0,28.84801483154297,28.408119201660156,1.5,0,0,0.0,0.0,0.0,0,0,1
1780682980.3759809,0,0.3499999940395355,1,0,900,900,423158243,68,77,0.0,0.0,31.1200008392334,28.561870574951172,0,0,0.6000000238418579,0,0,1,0,0,8,0,1,0,8,99,1,-3.75,0.0,28.84801483154297,28.408119201660156,1.5,0,0,0.0,0.0,0.0,0,0,1
1780682980.3961651,0,0.3499999940395355,1,0,900,900,423158243,68,77,0.0,0.0,31.1200008392334,28.561870574951172,0,0,0.6000000238418579,0,0,1,0,0,8,0,1,0,8,99,1,-3.75,0.0,28.80410385131836,28.40812110900879,1.5,0,0,1.0,0.0,0.0,0,0,1
1780682980.4161453,0,0.3499999940395355,1,0,900,900,423158243,68,77,0.0,0.0,31.1200008392334,28.561870574951172,0,0,0.6000000238418579,0,0,1,0,0,8,0,1,0,8,99,1,-3.75,0.0,28.729103088378906,28.408123016357422,1.5,0,0,1.0,-1.0,0.0,0,0,1
1780682980.435912,0,0.3499999940395355,1,0,900,900,423158243,68,77,0.0,0.0,31.1200008392334,28.561870574951172,0,0,0.6000000238418579,0,0,1,0,0,8,0,1,0,8,99,1,-3.75,0.0,28.654102325439453,28.408123016357422,1.5,0,0,1.0,-1.0,0.0,0,0,1
1780682980.4570146,0,0.3499999940395355,1,0,900,900,423158243,68,77,0.0,0.0,31.1200008392334,28.561870574951172,1,0,0.6000000238418579,0,0,1,0,0,8,0,1,0,8,99,1,-3.75,0.0,28.579105377197266,28.40812110900879,1.5,0,0,1.0,-1.0,0.0,0,0,1
1780682980.4766808,0,0.3499999940395355,1,0,900,900,423158243,68,77,0.0,0.0,31.1200008392334,28.561870574951172,1,0,0.6000000238418579,0,0,1,0,0,8,0,1,0,8,99,1,-3.75,0.0,28.50410270690918,28.408119201660156,1.5,0,0,1.0,-1.0,0.0,0,0,1
1780682980.4960856,0,0.3499999940395355,1,0,900,900,423158243,68,77,0.0,0.0,31.1200008392334,28.561870574951172,1,0,0.6000000238418579,0,0,1,0,0,8,0,1,0,8,99,1,-3.75,0.0,28.42910385131836,28.40812110900879,1.5,0,0,1.0,-1.0,0.0,0,0,0
1780682980.5159822,0,0.3499999940395355,1,0,900,900,423158243,68,77,0.0,0.0,31.1200008392334,28.561870574951172,1,0,0.6000000238418579,0,0,1,0,0,8,0,1,0,8,99,1,-3.75,0.0,28.35406494140625,28.408119201660156,1.5,0,0,1.0,-1.0,0.0,0,0,0
1780682980.5361362,0,0.3499999940395355,1,0,900,900,423158243,68,77,0.0,0.0,31.1200008392334,28.561870574951172,1,0,0.6000000238418579,0,0,1,0,0,8,0,1,0,8,99,1,-3.75,0.0,28.279102325439453,28.40812110900879,1.5,0,0,1.0,-1.0,0.0,0,0,0
1780682980.5559642,0,0.3499999940395355,1,0,900,900,423158243,68,77,0.0,0.0,31.1200008392334,28.561870574951172,1,0,0.6000000238418579,0,0,1,0,0,8,0,1,0,8,99,1,-3.75,0.0,28.20406150817871,28.40812110900879,1.5,0,0,1.0,-1.0,0.0,0,0,0
1780682980.5759869,0,0.3499999940395355,1,0,900,900,423158243,68,77,0.0,0.0,31.1200008392334,28.561870574951172,1,0,0.6000000238418579,0,0,1,0,0,8,0,1,0,8,99,1,8.300000190734863,0.0,28.270278930664062,28.40812110900879,1.5,0,0,1.0,-1.0,0.0,0,0,0
1780682980.5968122,0,0.3499999940395355,1,0,900,900,423158243,68,77,0.0,0.0,31.1200008392334,28.561870574951172,1,0,0.6000000238418579,0,0,1,0,0,8,0,1,0,8,99,1,8.300000190734863,0.0,28.436275482177734,28.408119201660156,1.5,0,0,1.0,0.0,0.0,0,0,0
1780682980.6166182,0,0.3499999940395355,1,0,900,900,423158243,68,77,0.0,0.0,31.1200008392334,28.561870574951172,1,0,0.6000000238418579,0,0,1,0,0,8,0,1,0,8,99,1,8.300000190734863,0.0,28.60227394104004,28.40812110900879,1.5,0,0,1.0,0.0,0.0,0,0,0
1780682980.636232,0,0.3499999940395355,1,0,900,900,423158243,68,77,0.0,0.0,31.1200008392334,28.561870574951172,1,0,0.6000000238418579,0,0,1,0,0,8,0,1,0,8,99,1,8.300000190734863,0.0,28.768272399902344,28.408123016357422,1.5,0,0,1.0,0.0,0.0,0,0,0
1780682980.655921,0,0.3499999940395355,1,0,900,900,423158243,68,77,0.0,0.0,31.1200008392334,28.561870574951172,1,0,0.6000000238418579,0,0,1,0,0,8,0,1,0,8,99,1,8.300000190734863,0.0,28.93427276611328,28.408123016357422,1.5,0,0,1.0,0.0,0.0,0,0,0
1780682980.6758752,0,0.3499999940395355,1,0,900,900,423158243,68,77,0.0,0.0,31.1200008392334,28.561870574951172,1,0,0.6000000238418579,0,0,1,0,0,8,0,1,0,8,99,1,8.300000190734863,0.0,29.100269317626953,28.40812110900879,1.5,0,0,1.0,0.0,0.0,0,0,0
1780682980.696446,0,0.3499999940395355,0,0,900,900,423158243,68,77,0.0,0.0,31.1200008392334,28.561870574951172,1,0,0.6000000238418579,0,0,1,0,0,8,0,0,0,8,99,1,8.300000190734863,0.0,29.266267776489258,28.40812110900879,1.5,0,0,1.0,0.0,0.0,0,0,0
1780682980.7163234,0,0.3499999940395355,0,0,900,900,423158243,68,77,0.0,0.0,31.1200008392334,28.561870574951172,1,0,0.6000000238418579,0,0,1,0,0,8,0,0,0,8,99,1,8.300000190734863,0.0,29.43218421936035,28.40812110900879,1.5,0,0,1.0,0.0,0.0,0,0,0
1780682980.7358246,0,0.3499999940395355,0,0,900,900,423158243,68,77,0.0,0.0,31.1200008392334,28.561870574951172,1,0,0.6000000238418579,0,0,1,0,0,8,0,0,0,8,99,1,8.300000190734863,0.0,29.598186492919922,28.408123016357422,1.5,0,0,0.0,0.0,0.0,0,0,0
1780682980.7558796,0,0.3499999940395355,0,0,900,900,423158243,68,77,0.0,0.0,31.1200008392334,28.561870574951172,1,0,0.6000000238418579,0,0,1,0,0,8,0,0,0,8,99,1,8.300000190734863,0.0,29.764266967773438,28.40812110900879,1.5,0,0,0.0,0.0,0.0,0,0,0
1780682980.7765105,0,0.3499999940395355,0,0,900,900,423158243,68,77,0.0,0.0,31.1200008392334,28.561870574951172,1,0,0.6000000238418579,0,0,1,0,0,8,0,0,0,8,99,1,8.300000190734863,0.0,29.93027114868164,28.408119201660156,1.5,0,0,0.0,0.0,0.0,0,0,0
1780682980.7974749,0,0.3499999940395355,0,0,900,900,423158243,68,77,0.0,0.0,31.1200008392334,28.561870574951172,1,0,0.6000000238418579,0,0,1,0,0,8,0,0,0,8,99,1,0.0,0.0,29.999011993408203,28.40812110900879,1.5,0,0,0.0,0.0,0.0,0,0,1
1780682980.8179634,0,0.3499999940395355,1,0,900,900,423158243,68,77,0.0,0.0,31.1200008392334,28.561870574951172,0,0,0.6000000238418579,0,0,1,0,0,8,0,1,0,8,99,1,0.0,0.0,29.999011993408203,28.40812110900879,1.5,0,0,0.0,0.0,0.0,0,0,1
1780682980.8373923,0,0.3499999940395355,1,0,900,900,423158243,68,77,0.0,0.0,31.1200008392334,28.561870574951172,0,0,0.6000000238418579,0,0,1,0,0,8,0,1,0,8,99,1,0.0,0.0,29.999011993408203,28.40812110900879,1.5,0,0,0.0,0.0,0.0,0,0,1
1780682980.8567483,0,0.3499999940395355,1,0,879,900,423158243,68,77,0.0,0.0,31.1200008392334,28.561870574951172,0,0,0.6000000238418579,0,0,1,0,0,8,0,1,0,8,99,1,-3.75,0.0,29.999011993408203,28.40812110900879,1.5,0,11,0.0,0.0,0.0,0,0,1
1780682980.8758948,0,0.3499999940395355,1,0,879,900,423158243,68,77,0.0,0.0,31.420000076293945,28.561870574951172,0,0,0.6000000238418579,0,0,1,0,0,8,0,1,0,8,99,1,-3.75,0.0,29.95506477355957,28.408119201660156,1.5,0,11,0.0,0.0,0.0,0,0,0
1780682980.8956437,0,0.3499999940395355,1,0,879,900,423158243,68,77,0.0,0.0,31.719999313354492,28.561870574951172,0,0,0.6000000238418579,0,0,1,0,0,8,0,1,0,8,99,1,-3.75,0.0,29.88006591796875,28.40812110900879,1.5,0,11,0.0,0.0,0.0,0,0,0
1780682980.916091,0,0.3499999940395355,1,0,879,900,423158243,68,77,0.0,0.0,32.02000045776367,28.561870574951172,1,0,0.6000000238418579,0,0,1,0,0,8,0,1,0,8,99,1,-3.75,0.0,29.80510139465332,28.40812110900879,1.5,0,11,0.0,0.0,0.0,0,0,0
1780682980.9361227,0,0.3499999940395355,1,0,879,900,423158243,68,77,0.0,0.0,32.31999969482422,28.561870574951172,1,0,0.6000000238418579,0,0,1,0,0,8,0,1,0,8,99,1,-3.75,0.0,29.730100631713867,28.40812110900879,1.5,0,11,0.0,0.0,0.0,0,0,0
1780682980.955995,0,0.3499999940395355,1,0,879,900,423158243,68,77,0.0,0.0,32.619998931884766,28.561870574951172,1,0,0.6000000238418579,0,0,1,0,0,8,0,1,0,8,99,1,-3.75,0.0,29.65509796142578,28.408119201660156,1.5,0,11,0.0,0.0,0.0,0,0,0
1780682980.9760284,0,0.3499999940395355,1,0,879,900,423158243,68,77,0.0,0.0,32.91999816894531,28.561870574951172,1,0,0.6000000238418579,0,0,1,0,0,8,0,1,0,8,99,1,-3.75,0.0,29.580059051513672,28.408119201660156,1.5,0,11,0.0,0.0,0.0,0,0,0
1780682980.995989,0,0.3499999940395355,1,0,879,900,423158243,68,77,0.0,0.0,33.21999740600586,28.561870574951172,1,0,0.6000000238418579,0,0,1,0,0,8,0,1,0,8,99,1,-3.75,0.0,29.505062103271484,28.408123016357422,1.5,0,11,0.0,0.0,0.0,0,0,0
1780682981.0159032,0,0.3499999940395355,1,0,879,900,423158243,68,77,0.0,0.0,33.519996643066406,28.561870574951172,1,0,0.6000000238418579,0,0,1,0,0,8,0,1,0,8,99,1,-3.75,0.0,29.43006134033203,28.408123016357422,1.5,0,11,0.0,0.0,0.0,0,0,0
1780682981.0355737,0,0.3499999940395355,1,0,879,900,423158243,68,77,0.0,0.0,33.519996643066406,28.561870574951172,1,0,0.6000000238418579,0,0,1,0,0,8,0,1,0,8,99,1,-3.75,0.0,29.355060577392578,28.40812110900879,1.5,0,11,0.0,0.0,0.0,0,0,0
1780682981.056172,0,0.3499999940395355,1,0,879,900,423158243,68,77,0.0,0.0,33.519996643066406,28.561870574951172,1,0,0.6000000238418579,0,0,1,0,0,8,0,1,0,8,99,1,0.0,0.0,29.324005126953125,28.408123016357422,1.5,0,11,0.0,0.0,0.0,0,0,0
1780682981.076148,0,0.3499999940395355,1,0,879,900,423158243,68,77,0.0,0.0,33.519996643066406,28.561870574951172,1,0,0.6000000238418579,0,0,1,0,0,8,0,1,0,8,99,1,0.0,0.0,29.324005126953125,28.408123016357422,1.5,0,11,1.0,0.0,0.0,0,0,0
1780682981.0962536,0,0.3499999940395355,1,0,879,900,423158243,68,77,0.0,0.0,33.519996643066406,28.561870574951172,1,0,0.6000000238418579,0,0,1,0,0,8,0,1,0,8,99,1,0.0,0.0,29.324005126953125,28.40812110900879,1.5,0,11,1.0,-1.0,0.0,0,0,0
1780682981.1163352,0,0.3499999940395355,1,0,879,900,423158243,68,77,0.0,0.0,33.519996643066406,28.561870574951172,1,0,0.6000000238418579,0,0,1,0,0,8,0,1,0,8,99,1,8.300000190734863,0.0,29.421266555786133,28.40812110900879,1.5,0,11,1.0,-1.0,0.0,0,0,0
1780682981.136157,0,0.3499999940395355,1,0,879,900,423158243,68,77,0.0,0.0,33.519996643066406,28.561870574951172,1,0,0.6000000238418579,0,0,1,0,0,8,0,1,0,8,99,1,8.300000190734863,0.0,29.587270736694336,28.408123016357422,1.5,0,11,1.0,-1.0,0.0,0,0,0
1780682981.156387,0,0.3499999940395355,1,0,879,900,423158243,68,77,0.0,0.0,33.519996643066406,28.561870574951172,1,0,0.6000000238418579,0,0,1,0,0,8,0,1,0,8,99,1,8.300000190734863,0.0,29.753273010253906,28.408123016357422,1.5,0,11,1.0,-1.0,0.0,0,0,0
1780682981.1761289,0,0.3499999940395355,0,0,879,900,423158243,68,77,0.0,0.0,33.519996643066406,28.561870574951172,1,0,0.6000000238418579,0,0,1,0,0,8,0,0,0,8,99,1,8.300000190734863,0.0,29.91927146911621,28.408119201660156,1.5,0,11,1.0,-1.0,0.0,0,0,0
1780682981.1963375,0,0.3499999940395355,0,0,879,900,423158243,68,77,0.0,0.0,33.519996643066406,28.561870574951172,1,0,0.6000000238418579,0,0,1,0,0,8,0,0,0,8,99,1,8.300000190734863,0.0,30.08527374267578,28.408119201660156,1.5,0,11,1.0,-1.0,0.0,0,0,0
1780682981.2161102,0,0.3499999940395355,0,0,879,900,423158243,68,77,0.0,0.0,33.519996643066406,28.561870574951172,1,0,0.6000000238418579,0,0,1,0,0,8,0,0,0,8,99,1,8.300000190734863,0.0,30.251285552978516,28.40812110900879,1.5,0,11,1.0,0.0,0.0,0,0,0
1780682981.2359705,0,0.3499999940395355,0,0,879,900,423158243,68,77,0.0,0.0,33.519996643066406,28.561870574951172,1,0,0.6000000238418579,0,0,1,0,0,8,0,0,0,8,99,1,8.300000190734863,0.0,30.417285919189453,28.408123016357422,1.5,0,11,1.0,0.0,0.0,0,0,0
1780682981.2562218,0,0.3499999940395355,0,0,879,900,423158243,68,77,0.0,0.0,33.519996643066406,28.561870574951172,1,0,0.6000000238418579,0,0,1,0,0,8,0,0,0,8,99,1,8.300000190734863,0.0,30.583288192749023,28.408119201660156,1.5,0,11,1.0,0.0,0.0,0,0,0
1780682981.2760735,0,0.3499999940395355,1,0,879,900,423158243,68,77,0.0,0.0,33.519996643066406,28.561870574951172,0,0,0.6000000238418579,0,0,1,0,0,8,0,1,0,8,99,1,8.300000190734863,0.0,30.749286651611328,28.40812110900879,1.5,0,11,1.0,0.0,0.0,0,0,1
1780682981.295846,0,0.3499999940395355,1,0,879,900,423158243,68,77,0.0,0.0,33.519996643066406,28.561870574951172,0,0,0.6000000238418579,0,0,1,0,0,8,0,1,0,8,99,1,8.300000190734863,0.0,30.915285110473633,28.40812110900879,1.5,0,11,1.0,0.0,0.0,0,0,1
1780682981.3163857,0,0.3499999940395355,1,0,858,900,423158243,68,77,0.0,0.0,33.519996643066406,28.561870574951172,0,0,0.6000000238418579,0,0,1,0,0,8,0,1,0,8,99,1,-3.75,0.0,31.081205368041992,28.40812110900879,1.5,0,22,1.0,0.0,0.0,0,0,1
1780682981.3360553,0,0.3499999940395355,1,0,858,900,423158243,68,77,0.0,0.0,33.81999588012695,28.561870574951172,0,0,0.6000000238418579,0,0,1,0,0,8,0,1,0,8,99,1,-3.75,0.0,31.106094360351562,28.40812110900879,1.5,0,22,1.0,0.0,0.0,0,0,1
1780682981.3557308,0,0.3499999940395355,1,0,858,900,423158243,68,77,0.0,0.0,34.1199951171875,28.561870574951172,0,0,0.6000000238418579,0,0,1,0,0,8,0,1,0,8,99,1,-3.75,0.0,31.031055450439453,28.40812110900879,1.5,0,22,1.0,0.0,0.0,0,0,1
1780682981.3761065,0,0.3499999940395355,1,0,858,900,423158243,68,77,0.0,0.0,34.41999435424805,28.561870574951172,1,0,0.6000000238418579,0,0,1,0,0,8,0,1,0,8,99,1,-3.75,0.0,30.9560546875,28.40812110900879,1.5,0,22,1.0,0.0,0.0,0,0,1
1780682981.3963084,0,0.3499999940395355,1,0,858,900,423158243,68,77,0.0,0.0,34.719993591308594,28.561870574951172,1,0,0.6000000238418579,0,0,1,0,0,8,0,1,0,8,99,1,-3.75,0.0,30.88109016418457,28.40812110900879,1.5,0,22,1.0,0.0,0.0,0,0,1
1780682981.4162512,0,0.3499999940395355,1,0,858,900,423158243,68,77,0.0,0.0,35.01999282836914,28.561870574951172,1,0,0.6000000238418579,0,0,1,0,0,8,0,1,0,8,99,1,-3.75,0.0,30.80609130859375,28.408119201660156,1.5,0,22,1.0,0.0,0.0,0,0,0
1780682981.4367137,0,0.3499999940395355,1,0,858,900,423158243,68,77,0.0,0.0,35.31999206542969,28.561870574951172,1,0,0.6000000238418579,0,0,1,0,0,8,0,1,0,8,99,1,-3.75,0.0,30.731090545654297,28.408119201660156,1.5,0,22,1.0,0.0,0.0,0,0,0
1780682981.4565156,0,0.3499999940395355,1,0,858,900,423158243,68,77,0.0,0.0,35.619991302490234,28.561870574951172,1,0,0.6000000238418579,0,0,1,0,0,8,0,1,0,8,99,1,-3.75,0.0,30.656089782714844,28.408123016357422,1.5,0,22,1.0,0.0,0.0,0,0,0
1780682981.476185,0,0.3499999940395355,1,0,858,900,423158243,68,77,0.0,0.0,35.91999053955078,28.561870574951172,1,0,0.6000000238418579,0,0,1,0,0,8,0,1,0,8,99,1,-3.75,0.0,30.58108901977539,28.408119201660156,1.5,0,22,1.0,0.0,0.0,0,0,0
1780682981.4962115,0,0.3499999940395355,1,0,858,900,423158243,68,77,0.0,0.0,35.91999053955078,28.561870574951172,1,0,0.6000000238418579,0,0,1,0,0,8,0,1,0,8,99,1,-3.75,0.0,30.506088256835938,28.408123016357422,1.5,0,22,1.0,0.0,0.0,0,0,0
1780682981.5162337,0,0.3499999940395355,1,0,858,900,423158243,68,77,0.0,0.0,35.91999053955078,28.561870574951172,1,0,0.6000000238418579,0,0,1,0,0,8,0,1,0,8,99,1,8.300000190734863,0.0,30.572280883789062,28.408123016357422,1.5,0,22,1.0,0.0,0.0,0,0,0
1780682981.535939,0,0.3499999940395355,1,0,858,900,423158243,68,77,0.0,0.0,35.91999053955078,28.561870574951172,1,0,0.6000000238418579,0,0,1,0,0,8,0,1,0,8,99,1,8.300000190734863,0.0,30.738201141357422,28.408123016357422,1.5,0,22,1.0,0.0,0.0,0,0,0
1780682981.5558372,0,0.3499999940395355,1,0,858,900,423158243,1,77,0.0,0.0,35.91999053955078,28.561870574951172,1,0,0.6000000238418579,0,0,1,0,0,8,0,1,0,8,99,1,8.300000190734863,0.0,30.90420150756836,28.408123016357422,1.5,0,22,1.0,0.0,0.0,0,0,0
1780682981.5759983,0,0.3499999940395355,1,0,858,900,423158243,1,77,0.0,0.0,35.91999053955078,28.561870574951172,1,0,0.6000000238418579,0,0,1,0,0,8,0,1,0,8,99,1,8.300000190734863,0.0,31.070199966430664,28.408123016357422,1.5,0,22,1.0,0.0,0.0,0,0,0
1780682981.5961566,0,0.3499999940395355,1,0,858,900,423158243,1,77,0.0,0.0,35.91999053955078,28.561870574951172,1,0,0.6000000238418579,0,0,1,0,0,8,0,1,0,8,99,1,8.300000190734863,0.0,31.23619842529297,28.408119201660156,1.5,0,22,1.0,0.0,0.0,0,0,0
1780682981.616332,0,0.3499999940395355,1,0,858,900,423158243,1,77,0.0,0.0,35.91999053955078,28.561870574951172,1,0,0.6000000238418579,0,0,1,0,0,8,0,1,0,8,99,1,8.300000190734863,0.0,31.40219497680664,28.40812110900879,1.5,0,22,1.0,0.0,0.0,0,0,0
1780682981.6358254,0,0.3499999940395355,0,0,858,900,423158243,1,77,0.0,0.0,35.91999053955078,28.561870574951172,1,0,0.6000000238418579,0,0,1,0,0,8,0,0,0,8,99,1,8.300000190734863,0.0,31.568195343017578,28.40812110900879,1.5,0,22,1.0,0.0,0.0,0,0,0
1780682981.656156,0,0.3499999940395355,0,0,858,900,423158243,1,77,0.0,0.0,35.91999053955078,28.561870574951172,1,0,0.6000000238418579,0,0,1,0,0,8,0,0,0,8,99,1,8.300000190734863,0.0,31.734195709228516,28.408119201660156,1.5,0,22,1.0,0.0,0.0,0,0,0
1780682981.6761472,0,0.3499999940395355,0,0,858,900,423158243,1,77,0.0,0.0,35.91999053955078,28.561870574951172,1,0,0.6000000238418579,0,0,1,0,0,8,0,0,0,8,99,1,8.300000190734863,0.0,31.900192260742188,28.408119201660156,1.5,0,22,1.0,0.0,0.0,0,0,1
1780682981.696401,0,0.3499999940395355,1,0,858,900,423158243,1,77,0.0,0.0,35.91999053955078,28.561870574951172,0,0,0.6000000238418579,0,0,1,0,0,8,0,1,0,8,99,1,8.300000190734863,0.0,32.06618881225586,28.40812110900879,1.5,0,22,1.0,0.0,0.0,0,0,1
1780682981.716631,0,0.3499999940395355,1,0,858,900,423158243,1,77,0.0,0.0,35.91999053955078,28.561870574951172,0,0,0.6000000238418579,0,0,1,0,0,8,0,1,0,8,99,1,8.300000190734863,0.0,32.23218536376953,28.40812110900879,1.5,0,22,1.0,0.0,0.0,0,0,1
1780682981.7370577,0,0.3499999940395355,1,0,837,900,423158243,54,77,0.0,0.0,35.91999053955078,28.561870574951172,0,0,0.6000000238418579,0,0,1,0,0,8,0,1,0,8,99,1,-3.75,0.0,32.39818572998047,28.408119201660156,1.5,0,33,1.0,0.0,0.0,0,0,1
1780682981.7561605,0,0.3499999940395355,1,0,837,900,423158243,54,77,0.0,0.0,36.21998977661133,28.561870574951172,0,0,0.6000000238418579,0,0,1,0,0,8,0,1,0,8,99,1,-3.75,0.0,32.42306137084961,28.40812110900879,1.5,0,33,1.0,0.0,0.0,0,0,1
1780682981.7757006,0,0.3499999940395355,1,0,837,900,423158243,54,77,0.0,0.0,36.519989013671875,28.561870574951172,0,0,0.6000000238418579,0,0,1,0,0,8,0,1,0,8,99,1,-3.75,0.0,32.348060607910156,28.408119201660156,1.5,0,33,1.0,0.0,0.0,0,0,1
1780682981.795928,0,0.3499999940395355,1,0,837,900,423158243,54,77,0.0,0.0,36.81998825073242,28.561870574951172,1,0,0.6000000238418579,0,0,1,0,0,8,0,1,0,8,99,1,-3.75,0.0,32.27306365966797,28.408119201660156,1.5,0,33,1.0,0.0,0.0,0,0,1
1780682981.8159685,0,0.3499999940395355,1,0,837,900,423158243,54,77,0.0,0.0,37.11998748779297,28.561870574951172,1,0,0.6000000238418579,0,0,1,0,0,8,0,1,0,8,99,1,-3.75,0.0,32.198062896728516,28.408119201660156,1.5,0,33,1.0,0.0,0.0,0,0,0
1780682981.8359473,0,0.3499999940395355,1,0,837,900,423158243,35,77,0.0,0.0,37.41912841796875,28.561870574951172,1,0,0.6000000238418579,0,0,1,0,0,8,0,1,0,8,99,1,-3.75,0.0,32.12309646606445,28.40812110900879,1.5,0,33,1.0,0.0,0.0,0,0,0
1780682981.8563254,0,0.3499999940395355,1,0,837,900,423158243,35,77,0.0,0.0,36.742515563964844,28.561870574951172,1,0,0.6000000238418579,0,0,1,0,0,8,0,1,0,8,99,1,-3.75,0.0,32.048057556152344,28.408119201660156,1.5,0,33,1.0,0.0,0.0,0,0,0
1780682981.876131,0,0.3499999940395355,1,0,837,900,423158243,35,77,0.0,0.0,36.561614990234375,28.561870574951172,1,0,0.6000000238418579,0,0,1,0,0,8,0,1,0,8,99,1,-3.75,0.0,31.97305679321289,28.408123016357422,1.5,0,33,1.0,0.0,0.0,0,0,0
1780682981.896216,0,0.3499999940395355,1,0,837,900,423158243,35,77,0.0,0.0,36.514190673828125,28.561870574951172,1,0,0.6000000238418579,0,0,1,0,0,8,0,1,0,8,99,1,-3.75,0.0,31.89805793762207,28.40812110900879,1.5,0,33,1.0,0.0,0.0,0,0,0
1780682981.9163256,0,0.3499999940395355,1,0,837,900,423158243,35,77,0.0,0.0,36.50176239013672,28.561870574951172,1,0,0.6000000238418579,0,0,1,0,0,8,0,1,0,8,99,1,-3.75,0.0,31.823055267333984,28.408123016357422,1.5,0,33,1.0,0.0,0.0,0,0,0
1780682981.9361024,0,0.3499999940395355,1,0,837,900,423158243,35,77,0.0,0.0,36.50017547607422,28.561870574951172,1,0,0.6000000238418579,0,0,1,0,0,8,0,1,0,8,99,1,8.300000190734863,0.0,31.889259338378906,28.408119201660156,1.5,0,33,1.0,0.0,0.0,0,0,0
1780682981.9560442,0,0.3499999940395355,1,0,837,900,423158243,35,77,0.0,0.0,36.49915313720703,28.561870574951172,1,0,0.6000000238418579,0,0,1,0,0,8,0,1,0,8,99,1,8.300000190734863,0.0,32.055259704589844,28.40812110900879,1.5,0,33,1.0,0.0,0.0,0,0,0
1780682981.9759758,0,0.3499999940395355,1,0,837,900,423158243,35,77,0.0,0.0,36.498497009277344,28.561870574951172,1,0,0.6000000238418579,0,0,1,0,0,8,0,1,0,8,99,1,8.300000190734863,0.0,32.22126007080078,28.408119201660156,1.5,0,33,1.0,0.0,0.0,0,0,0
1780682981.9960113,0,0.3499999940395355,1,0,837,900,423158243,35,77,0.0,0.0,36.498077392578125,28.561870574951172,1,0,0.6000000238418579,0,0,1,0,0,8,0,1,0,8,99,1,8.300000190734863,0.0,32.38726043701172,28.408123016357422,1.5,0,33,1.0,0.0,0.0,0,0,0
1780682982.0162516,0,0.3499999940395355,1,0,837,900,423158243,35,77,0.0,0.0,36.49781036376953,28.561870574951172,1,0,0.6000000238418579,0,0,1,0,0,8,0,1,0,8,99,1,8.300000190734863,0.0,32.55325698852539,28.408119201660156,1.5,0,33,1.0,0.0,0.0,0,0,0
1780682982.0359693,0,0.3499999940395355,1,0,837,900,423158243,35,77,0.0,0.0,36.497642517089844,28.561870574951172,1,0,0.6000000238418579,0,0,1,0,0,8,0,1,0,8,99,1,8.300000190734863,0.0,32.71925735473633,28.40812110900879,1.5,0,33,1.0,0.0,0.0,0,0,0
1780682982.0560932,0,0.3499999940395355,0,0,837,900,423158243,35,77,0.0,0.0,36.497528076171875,28.561870574951172,1,0,0.6000000238418579,0,0,1,0,0,8,0,0,0,8,99,1,8.300000190734863,0.0,32.88525390625,28.40812110900879,1.5,0,33,1.0,0.0,0.0,0,0,0
1780682982.0760787,0,0.3499999940395355,0,0,837,900,423158243,35,77,0.0,0.0,36.497459411621094,28.561870574951172,1,0,0.6000000238418579,0,0,1,0,0,8,0,0,0,8,99,1,8.300000190734863,0.0,33.0512580871582,28.40812110900879,1.5,0,33,1.0,0.0,0.0,0,0,0
1780682982.0962036,0,0.3499999940395355,0,0,837,900,423158243,35,77,0.0,0.0,36.49742126464844,28.561870574951172,1,0,0.6000000238418579,0,0,1,0,0,8,0,0,0,8,99,1,8.300000190734863,0.0,33.217254638671875,28.40812110900879,1.5,0,33,1.0,0.0,0.0,0,0,1
1780682982.1162827,0,0.3499999940395355,1,0,837,900,423158243,35,77,0.0,0.0,36.49739074707031,28.561870574951172,0,0,0.6000000238418579,0,0,1,0,0,8,0,1,0,8,99,1,8.300000190734863,0.0,33.383174896240234,28.408119201660156,1.5,0,33,1.0,0.0,0.0,0,0,1
1780682982.1358197,0,0.3499999940395355,1,0,837,900,423158243,35,77,0.0,0.0,36.49737548828125,28.561870574951172,0,0,0.6000000238418579,0,0,1,0,0,8,0,1,0,8,99,1,8.300000190734863,0.0,33.54926300048828,28.40812110900879,1.5,0,33,1.0,0.0,0.0,0,0,1
1780682982.1558015,0,0.3499999940395355,1,0,816,900,423158243,35,77,0.0,0.0,36.49736022949219,28.561870574951172,0,0,0.6000000238418579,0,0,1,0,0,8,0,1,0,8,99,1,-3.75,0.0,33.71526336669922,28.408119201660156,1.5,0,44,0.0,0.0,0.0,0,0,1
1780682982.1760957,0,0.3499999940395355,1,0,816,900,423158243,35,77,0.0,0.0,36.497398376464844,28.561874389648438,0,0,0.6000000238418579,0,0,1,0,0,8,0,1,0,8,99,1,-3.75,0.0,33.74006271362305,28.40812110900879,1.5,0,44,0.0,0.0,0.0,0,0,1
1780682982.1961482,0,0.3499999940395355,1,0,816,900,423158243,35,77,0.0,0.0,36.49737548828125,28.561874389648438,0,0,0.6000000238418579,0,0,1,0,0,8,0,1,0,8,99,1,-3.75,0.0,33.665061950683594,28.40812110900879,1.5,0,44,0.0,0.0,0.0,0,0,1
1780682982.2160888,0,0.3499999940395355,1,0,816,900,423158243,35,77,0.0,0.0,36.49736785888672,28.561874389648438,1,0,0.6000000238418579,0,0,1,0,0,8,0,1,0,8,99,1,-3.75,0.0,33.59006118774414,28.40812110900879,1.5,0,44,0.0,0.0,0.0,0,0,0
1780682982.236045,0,0.3499999940395355,1,0,816,900,423158243,35,77,0.0,0.0,36.49736022949219,28.561874389648438,1,0,0.6000000238418579,0,0,1,0,0,8,0,1,0,8,99,1,-3.75,0.0,33.515098571777344,28.40812110900879,1.5,0,44,0.0,0.0,0.0,0,0,0
1780682982.256108,0,0.3499999940395355,1,0,816,900,423158243,35,77,0.0,0.0,36.497352600097656,28.561874389648438,1,0,0.6000000238418579,0,0,1,0,0,8,0,1,0,8,99,1,-3.75,0.0,33.4400634765625,28.40812110900879,1.5,0,44,0.0,0.0,0.0,0,0,0
1780682982.276048,0,0.3499999940395355,1,0,816,900,423158243,35,77,0.0,0.0,36.497344970703125,28.561874389648438,1,0,0.6000000238418579,0,0,1,0,0,8,0,1,0,8,99,1,-3.75,0.0,33.36506271362305,28.40812110900879,1.5,0,44,0.0,0.0,0.0,0,0,0
1780682982.2961733,0,0.3499999940395355,1,0,816,900,423158243,35,77,0.0,0.0,36.497344970703125,28.561874389648438,1,0,0.6000000238418579,0,0,1,0,0,8,0,1,0,8,99,1,-3.75,0.0,33.290096282958984,28.408123016357422,1.5,0,44,0.0,0.0,0.0,0,0,0
1780682982.3165267,0,0.3499999940395355,1,0,816,900,423158243,35,77,0.0,0.0,36.497344970703125,28.561874389648438,1,0,0.6000000238418579,0,0,1,0,0,8,0,1,0,8,99,1,-3.75,0.0,33.2150993347168,28.40812110900879,1.5,0,44,-1.0,1.0,0.0,1,0,0
1780682982.3361514,0,0.3499999940395355,1,0,816,900,423158243,35,77,0.0,0.0,36.497344970703125,28.561874389648438,1,0,0.6000000238418579,0,0,1,0,0,8,0,1,1,8,99,1,-3.75,0.0,33.140098571777344,28.40812110900879,1.5,0,44,-1.0,1.0,0.0,1,0,0
1780682982.3562946,0,0.3499999940395355,0,0,816,900,423158243,35,77,0.0,0.0,36.497344970703125,28.561874389648438,1,0,0.6000000238418579,0,0,0,0,0,8,0,0,1,8,99,0,-8.300000190734863,15.70199966430664,33.01174545288086,28.59210205078125,1.5,0,44,-1.0,1.0,0.0,1,0,0
1780682982.376214,0,0.3499999940395355,0,0,816,900,423158243,35,77,0.0,0.0,36.497344970703125,28.561874389648438,1,0,0.6000000238418579,0,0,0,0,0,8,0,0,1,8,99,0,-8.300000190734863,15.70199966430664,32.845741271972656,28.906147003173828,1.5,0,44,-1.0,1.0,0.0,1,0,0
1780682982.396126,0,0.3499999940395355,0,0,816,900,423158243,35,77,0.0,0.0,36.497344970703125,28.561874389648438,1,0,0.6000000238418579,0,0,0,0,0,8,0,0,1,8,99,0,-8.300000190734863,15.70199966430664,32.679744720458984,29.220176696777344,1.5,0,44,0.0,0.0,0.0,1,0,0
1780682982.4160006,0,0.3499999940395355,0,0,816,900,423158243,35,77,0.0,0.0,36.497344970703125,28.561874389648438,1,0,0.6000000238418579,0,0,0,0,0,8,0,0,1,8,99,0,-8.300000190734863,15.70199966430664,32.51374816894531,29.534210205078125,1.5,0,44,1.0,0.0,0.0,1,0,0
1780682982.4357522,0,0.3499999940395355,0,0,816,900,423158243,35,77,0.0,0.0,36.497344970703125,28.561874389648438,1,0,0.6000000238418579,0,0,0,0,0,8,0,0,1,8,99,0,0.0,15.70199966430664,32.44499588012695,29.848094940185547,1.5,0,44,1.0,0.0,0.0,1,0,0
1780682982.456274,0,0.3499999940395355,0,0,816,900,423158243,35,77,0.0,0.0,36.497344970703125,28.561874389648438,1,0,0.6000000238418579,0,0,1,0,0,8,0,0,1,8,99,0,8.300000190734863,15.70199966430664,32.542240142822266,30.16228485107422,1.5,0,44,1.0,1.0,0.0,1,0,0
1780682982.4761817,0,0.3499999940395355,0,0,816,900,423158243,35,77,0.0,0.0,36.497344970703125,28.561874389648438,1,0,0.6000000238418579,0,0,1,0,0,8,0,0,1,8,99,0,8.300000190734863,15.70199966430664,32.7082405090332,30.4763240814209,1.5,0,44,1.0,1.0,0.0,1,0,0
1780682982.496106,0,0.3499999940395355,0,0,816,900,423158243,35,77,0.0,0.0,36.497344970703125,28.561874389648438,1,0,0.6000000238418579,0,0,1,0,0,8,0,0,1,8,99,0,8.300000190734863,15.70199966430664,32.874237060546875,30.790355682373047,1.5,0,44,1.0,1.0,0.0,1,0,0
1780682982.516248,0,0.3499999940395355,0,0,816,900,423158243,35,77,0.0,0.0,36.497344970703125,28.561874389648438,1,0,0.6000000238418579,0,0,1,0,0,8,0,0,1,8,99,0,8.300000190734863,15.70199966430664,33.040157318115234,31.104244232177734,1.5,0,44,1.0,1.0,0.0,1,0,0
1780682982.5362139,0,0.3499999940395355,0,0,816,900,423158243,35,77,0.0,0.0,36.497344970703125,28.561874389648438,1,0,0.6000000238418579,0,0,1,0,0,8,0,0,1,8,99,0,8.300000190734863,15.70199966430664,33.206153869628906,31.418277740478516,1.5,0,44,1.0,1.0,0.0,1,0,0
1780682982.5558755,0,0.3499999940395355,0,0,816,900,423158243,35,77,0.0,0.0,36.497344970703125,28.561874389648438,1,0,0.6000000238418579,0,0,1,0,0,8,0,0,0,8,99,0,8.300000190734863,14.753999710083008,33.37224197387695,31.721372604370117,1.5,0,44,1.0,1.0,0.0,1,0,0
1780682982.57611,0,0.3499999940395355,0,0,816,900,423158243,35,77,0.0,0.0,36.497344970703125,28.561874389648438,1,0,0.6000000238418579,0,0,1,0,0,8,0,0,0,8,99,0,8.300000190734863,13.805999755859375,33.53824234008789,32.00534439086914,1.5,0,44,1.0,1.0,0.0,1,0,0
1780682982.595997,0,0.3499999940395355,0,0,816,900,423158243,36,77,0.0,0.0,36.497344970703125,28.561874389648438,1,0,0.6000000238418579,0,0,1,0,0,8,0,0,0,8,99,0,8.300000190734863,12.857999801635742,33.70423889160156,32.270355224609375,1.5,0,44,1.0,0.0,0.0,1,0,0
1780682982.6160884,0,0.3499999940395355,0,0,816,900,423158243,37,77,0.0,0.0,36.497344970703125,28.561874389648438,1,0,0.6000000238418579,0,0,1,0,0,8,0,0,0,8,99,0,8.300000190734863,11.90999984741211,33.870235443115234,32.51640319824219,1.5,0,44,1.0,0.0,0.0,1,0,0
1780682982.6359854,0,0.3499999940395355,0,0,816,900,423158243,37,77,0.0,0.0,36.497344970703125,28.561874389648438,1,0,0.6000000238418579,0,0,1,0,0,8,0,0,0,8,99,0,8.300000190734863,10.961999893188477,34.036155700683594,32.74338912963867,1.5,0,44,1.0,-1.0,0.0,1,0,0
1780682982.6566076,0,0.3499999940395355,0,0,816,900,423158243,37,77,0.0,0.0,36.497344970703125,28.561874389648438,1,0,0.6000000238418579,0,0,1,0,0,8,0,0,0,8,99,0,8.300000190734863,10.013999938964844,34.20215606689453,32.95153045654297,1.5,0,44,1.0,-1.0,0.0,1,0,0
1780682982.6761484,0,0.3499999940395355,0,0,816,900,423158243,37,77,0.0,0.0,36.497344970703125,28.561874389648438,1,0,0.6000000238418579,0,0,1,0,0,8,0,0,0,8,99,0,8.300000190734863,9.065999984741211,34.36824035644531,33.14080810546875,1.5,0,44,1.0,-1.0,0.0,1,0,0
1780682982.6961243,0,0.3499999940395355,0,0,816,900,423158243,37,77,0.0,0.0,36.497344970703125,28.561874389648438,1,0,0.6000000238418579,0,0,1,0,0,8,0,0,0,8,99,0,8.300000190734863,8.118000030517578,34.53424072265625,33.31101989746094,1.5,0,44,1.0,-1.0,0.0,1,0,0
1780682982.7162745,0,0.3499999940395355,0,0,816,900,423158243,37,77,0.0,0.0,36.497344970703125,28.561874389648438,1,0,0.6000000238418579,0,0,1,0,0,8,0,0,0,8,99,0,8.300000190734863,7.1700005531311035,34.700157165527344,33.46220016479492,1.5,0,44,1.0,-1.0,0.0,1,0,0
1780682982.7362483,0,0.3499999940395355,0,0,816,900,423158243,37,77,0.0,0.0,36.497344970703125,28.561874389648438,1,0,0.6000000238418579,0,0,1,0,0,8,0,0,0,8,99,0,8.300000190734863,6.222001075744629,34.86615753173828,33.59450149536133,1.5,0,44,1.0,-1.0,0.0,1,0,0
1780682982.7559338,0,0.3499999940395355,0,0,816,900,423158243,37,77,0.0,0.0,36.497344970703125,28.561874389648438,1,0,0.6000000238418579,0,0,1,0,0,8,0,0,0,8,99,0,8.300000190734863,5.274001598358154,35.03215789794922,33.707847595214844,1.5,0,44,1.0,-1.0,0.0,1,0,0
1780682982.7763834,0,0.3499999940395355,0,0,816,900,423158243,37,77,0.0,0.0,36.497344970703125,28.561874389648438,1,0,0.6000000238418579,0,0,1,0,0,8,0,0,0,8,99,0,8.300000190734863,4.32600212097168,35.198246002197266,33.802276611328125,1.5,0,44,1.0,-1.0,0.0,1,0,0
1780682982.797072,0,0.3499999940395355,0,0,816,900,423158243,37,77,0.0,0.0,36.497344970703125,28.561874389648438,1,0,0.6000000238418579,0,0,1,0,0,8,0,0,0,8,99,0,8.300000190734863,3.378002405166626,35.364166259765625,33.877655029296875,1.5,0,44,1.0,-1.0,0.0,1,0,0
1780682982.816592,0,0.3499999940395355,0,0,816,900,423158243,37,77,0.0,0.0,36.497344970703125,28.561874389648438,1,0,0.6000000238418579,0,0,1,0,0,8,0,0,0,8,99,0,8.300000190734863,2.4300026893615723,35.5301628112793,33.93411636352539,1.5,0,44,1.0,-1.0,0.0,1,0,0
1780682982.83575,0,0.3499999940395355,0,0,816,900,423158243,37,77,0.0,0.0,36.497344970703125,28.561874389648438,1,0,0.6000000238418579,0,0,1,0,0,8,0,0,0,8,99,0,8.300000190734863,1.4820029735565186,35.69615936279297,33.97161865234375,1.5,0,44,1.0,-1.0,0.0,0,0,0
1780682982.8561976,0,0.3499999940395355,0,0,816,900,423158243,37,77,0.0,0.0,36.497344970703125,28.561874389648438,1,0,0.6000000238418579,0,0,1,1,0,8,0,0,0,8,99,0,8.300000190734863,-0.9479996562004089,35.862159729003906,33.97281265258789,1.5,0,44,1.0,-1.0,0.0,0,0,0
1780682982.876032,0,0.3499999940395355,0,0,816,900,423158243,37,77,0.0,0.0,36.497344970703125,28.561874389648438,1,0,0.6000000238418579,0,0,1,1,0,8,0,0,0,8,99,0,8.300000190734863,-1.8959993124008179,36.02824401855469,33.94274139404297,1.5,0,44,1.0,-1.0,0.0,0,0,0
1780682982.8960657,0,0.3499999940395355,0,0,816,900,423158243,37,77,0.0,0.0,36.497344970703125,28.561874389648438,1,0,0.6000000238418579,0,0,1,1,0,8,0,0,0,8,99,0,8.300000190734863,-2.843998908996582,36.19424057006836,33.893714904785156,1.5,0,44,1.0,-1.0,0.0,0,0,0
1780682982.9162405,0,0.3499999940395355,0,0,816,900,423158243,37,77,0.0,0.0,36.497344970703125,28.561874389648438,1,0,0.6000000238418579,0,0,1,1,0,8,0,0,0,8,99,0,8.300000190734863,-3.7919986248016357,36.36016082763672,33.82576370239258,1.5,0,44,1.0,-1.0,0.0,0,0,0
1780682982.9364462,0,0.3499999940395355,0,0,816,900,423158243,37,77,0.0,0.0,36.497344970703125,28.561874389648438,1,0,0.6000000238418579,0,0,1,1,0,8,0,0,0,8,99,0,8.300000190734863,-4.7399983406066895,36.526241302490234,33.7387809753418,1.5,0,44,1.0,-1.0,0.0,0,0,0
1780682982.9557433,0,0.3499999940395355,0,0,816,900,423158243,37,77,0.0,0.0,36.497344970703125,28.561874389648438,1,0,0.6000000238418579,0,0,1,1,0,8,0,0,0,8,99,0,0.0,-5.687997817993164,36.59500503540039,33.63287353515625,1.5,0,44,0.0,-1.0,0.0,0,0,0
1780682982.9760766,0,0.3499999940395355,0,0,816,900,423158243,37,77,0.0,0.0,36.497344970703125,28.561874389648438,1,0,0.6000000238418579,0,0,1,1,0,8,0,0,0,8,99,0,0.0,-6.635997295379639,36.59500503540039,33.50801086425781,1.5,0,44,0.0,-1.0,0.0,0,0,0
1780682982.996235,0,0.3499999940395355,0,0,816,900,423158243,37,77,0.0,0.0,36.497344970703125,28.561874389648438,1,0,0.6000000238418579,0,0,1,1,0,8,0,0,0,8,99,0,0.0,-7.583996772766113,36.59500503540039,33.36418533325195,1.5,0,44,0.0,-1.0,0.0,0,0,0
1780682983.0162597,0,0.3499999940395355,0,0,816,900,423158243,37,77,0.0,0.0,36.497344970703125,28.561874389648438,1,0,0.6000000238418579,0,0,1,1,0,8,0,0,0,8,99,0,0.0,-8.531996726989746,36.59500503540039,33.20140075683594,1.5,0,44,0.0,-1.0,0.0,0,0,0
1780682983.0357363,0,0.3499999940395355,0,0,816,900,423158243,37,77,0.0,0.0,36.497344970703125,28.561874389648438,1,0,0.6000000238418579,0,0,1,1,0,8,0,0,0,8,99,0,0.0,-9.479996681213379,36.59500503540039,33.01966094970703,1.5,0,44,0.0,-1.0,0.0,0,0,1
1780682983.0564213,1,0.3499999940395355,0,0,816,900,423158243,37,77,0.0,0.0,36.497344970703125,28.561874389648438,0,0,0.6000000238418579,0,0,1,1,0,8,0,1,0,8,99,0,0.0,-10.427996635437012,36.59500503540039,32.81895446777344,1.5,0,44,0.0,-1.0,0.0,0,0,1
1780682983.07602,1,0.3499999940395355,0,0,816,900,423158243,37,77,0.0,0.0,36.497344970703125,28.561874389648438,0,0,0.6000000238418579,0,0,1,1,0,8,0,1,0,8,99,0,0.0,-11.375996589660645,36.59500503540039,32.59928894042969,1.5,0,44,0.0,-1.0,0.0,0,0,1
1780682983.096142,1,0.3499999940395355,0,0,816,900,423158243,37,77,0.0,0.0,36.497344970703125,28.561874389648438,0,0,0.6000000238418579,0,0,1,1,0,8,0,1,0,8,99,0,0.0,-12.323996543884277,36.59500503540039,32.360652923583984,1.5,0,44,0.0,-1.0,0.0,0,0,1
1780682983.116281,1,0.3499999940395355,0,0,816,900,423158243,37,77,0.0,0.0,36.497344970703125,28.561874389648438,0,0,0.6000000238418579,0,0,1,1,0,8,0,1,0,8,99,0,0.0,-13.27199649810791,36.59500503540039,32.10319900512695,1.5,0,44,0.0,-1.0,0.0,0,0,1
1780682983.136515,1,0.3499999940395355,0,0,795,900,423158243,37,77,0.0,0.0,36.497344970703125,28.561874389648438,0,0,0.6000000238418579,0,0,1,1,0,8,0,1,0,8,99,0,0.0,-14.219996452331543,36.59500503540039,31.826519012451172,1.5,0,55,0.0,-1.0,0.0,0,0,1
1780682983.1559753,1,0.3499999940395355,0,0,795,900,423158243,37,77,0.0,0.0,36.497344970703125,28.561874389648438,1,0,0.6000000238418579,0,0,1,0,0,8,0,1,0,8,99,0,0.0,0.0,36.59500503540039,31.83820343017578,1.5,0,55,0.0,-1.0,0.0,0,0,1
1780682983.1759963,1,0.3499999940395355,0,0,795,900,423158243,37,77,0.0,0.0,36.497344970703125,28.561874389648438,1,0,0.6000000238418579,0,0,1,0,0,8,0,1,0,8,99,0,0.0,0.0,36.59500503540039,32.059242248535156,1.5,0,55,0.0,-1.0,0.0,0,0,1
1780682983.1960769,1,0.3499999940395355,0,0,795,900,423158243,37,77,0.0,0.0,36.497344970703125,28.561874389648438,1,0,0.6000000238418579,0,0,1,0,0,8,0,1,0,8,99,0,0.0,0.0,36.59500503540039,32.28028106689453,1.5,0,55,0.0,-1.0,0.0,0,0,1
1780682983.216191,1,0.3499999940395355,0,0,795,900,423158243,37,77,0.0,0.0,36.497344970703125,28.561874389648438,1,0,0.6000000238418579,0,0,1,0,0,8,0,1,0,8,99,0,0.0,0.0,36.59500503540039,32.50131607055664,1.5,0,55,0.0,-1.0,0.0,0,0,1
1780682983.2362533,1,0.3499999940395355,0,0,795,900,423158243,37,77,0.0,0.0,36.497344970703125,28.561874389648438,1,0,0.6000000238418579,0,0,1,0,0,8,0,1,0,8,99,0,0.0,0.0,36.59500503540039,32.72224807739258,1.5,0,55,0.0,-1.0,0.0,0,0,0
1780682983.2574239,1,0.3499999940395355,0,0,795,900,423158243,37,77,0.0,0.0,36.497344970703125,28.561874389648438,1,0,0.6000000238418579,0,0,1,0,0,8,0,1,0,8,99,0,0.0,0.0,36.59500503540039,32.943389892578125,1.5,0,55,0.0,-1.0,0.0,0,0,0
1780682983.2769501,1,0.3499999940395355,0,0,795,900,423158243,37,77,0.0,0.0,36.497344970703125,28.561874389648438,1,0,0.6000000238418579,0,0,1,0,0,8,0,1,0,8,99,0,0.0,0.0,36.59500503540039,33.1644287109375,1.5,0,55,0.0,-1.0,0.0,0,0,0
1780682983.296853,1,0.3499999940395355,0,0,795,900,423158243,37,77,0.0,0.0,36.497344970703125,28.561874389648438,1,0,0.6000000238418579,0,0,1,0,0,8,0,1,0,8,99,0,0.0,0.0,36.59500503540039,33.38547134399414,1.5,0,55,0.0,-1.0,0.0,0,0,0
1780682983.316134,1,0.3499999940395355,0,0,795,900,423158243,37,77,0.0,0.0,36.497344970703125,28.561874389648438,1,0,0.6000000238418579,0,0,1,0,0,8,0,1,0,8,99,0,0.0,0.0,36.59500503540039,33.60640335083008,1.5,0,55,0.0,-1.0,0.0,0,0,0
1780682983.3361664,1,0.3499999940395355,0,0,795,900,423158243,37,77,0.0,0.0,36.497344970703125,28.561874389648438,1,0,0.6000000238418579,0,0,1,0,0,8,0,1,0,8,99,0,0.0,0.0,36.59500503540039,33.82744216918945,1.5,0,55,0.0,-1.0,0.0,0,1,0
1780682983.3558612,1,0.3499999940395355,0,0,795,900,423158243,37,77,0.0,0.0,36.497344970703125,28.561874389648438,1,0,0.6000000238418579,0,0,1,0,0,8,0,1,0,8,99,0,0.0,0.0,36.59500503540039,34.04859161376953,1.5,0,55,0.0,-1.0,0.0,0,1,0
1780682983.3762627,1,0.3499999940395355,0,0,795,900,423158243,37,77,0.0,0.0,36.497344970703125,28.561874389648438,1,0,0.6000000238418579,0,0,1,0,0,8,0,1,0,8,99,0,0.0,0.0,36.59500503540039,34.26963424682617,1.5,0,55,0.0,-1.0,0.0,0,1,0
1780682983.3963127,0,0.3499999940395355,0,0,795,900,423158243,37,77,0.0,0.0,36.497344970703125,28.561874389648438,1,0,0.6000000238418579,0,0,1,0,0,8,0,0,0,8,99,0,0.0,0.0,36.59500503540039,34.49067687988281,1.5,0,55,0.0,-1.0,0.0,0,1,0
1780682983.4161546,0,0.3499999940395355,0,0,795,900,423158243,37,77,0.0,0.0,36.497344970703125,28.561874389648438,1,0,0.6000000238418579,0,0,1,1,0,8,0,0,0,8,99,0,0.0,-0.9479996562004089,36.59500503540039,34.57113265991211,1.5,0,55,0.0,-1.0,0.0,0,1,0
1780682983.4358861,0,0.3499999940395355,0,0,795,900,423158243,37,77,0.0,0.0,36.497344970703125,28.561874389648438,1,0,0.6000000238418579,0,0,1,1,0,8,0,0,0,8,99,0,0.0,-1.8959993124008179,36.59500503540039,34.54107666015625,1.5,0,55,0.0,-1.0,0.0,0,1,0
1780682983.4557023,0,0.3499999940395355,0,0,795,900,423158243,37,77,0.0,0.0,36.497344970703125,28.561874389648438,1,0,0.6000000238418579,0,0,1,1,0,8,0,0,0,8,99,0,0.0,-2.843998908996582,36.59500503540039,34.492061614990234,1.5,0,55,0.0,-1.0,0.0,0,1,0
1780682983.4760141,0,0.3499999940395355,0,0,795,900,423158243,37,77,0.0,0.0,36.497344970703125,28.561874389648438,1,0,0.6000000238418579,0,0,1,1,0,8,0,0,0,8,99,0,0.0,-3.7919986248016357,36.59500503540039,34.4240837097168,1.5,0,55,0.0,1.0,0.0,0,0,0
1780682983.4961123,0,0.3499999940395355,0,0,795,900,423158243,37,77,0.0,0.0,36.497344970703125,28.561874389648438,0,0,0.6000000238418579,0,0,1,0,0,8,0,0,0,8,99,0,0.0,0.0,36.59500503540039,34.3371467590332,1.5,0,55,0.0,0.0,0.0,0,0,0
1780682983.5164785,0,0.3499999940395355,0,0,795,900,423158243,37,77,0.0,0.0,36.497344970703125,28.561874389648438,0,0,0.6000000238418579,0,0,1,0,0,8,0,0,0,8,99,0,0.0,0.0,36.59500503540039,34.29783248901367,1.5,0,55,0.0,0.0,0.0,0,0,0
1780682983.5360868,0,0.3499999940395355,0,0,795,900,423158243,37,77,0.0,0.0,36.497344970703125,28.561874389648438,0,0,0.6000000238418579,0,0,1,0,0,8,0,0,0,8,99,0,0.0,0.0,36.59500503540039,34.29783248901367,1.5,0,55,0.0,0.0,0.0,0,0,0
1780682983.5561533,0,0.3499999940395355,0,0,795,900,423158243,37,77,0.0,0.0,36.497344970703125,28.561874389648438,0,0,0.6000000238418579,0,0,1,0,0,8,0,0,0,8,99,0,0.0,0.0,36.59500503540039,34.29783248901367,1.5,0,55,0.0,0.0,0.0,0,0,0
1780682983.5762203,0,0.3499999940395355,0,0,795,900,423158243,37,77,0.0,0.0,36.497344970703125,28.561874389648438,0,0,0.6000000238418579,0,0,1,0,0,8,0,0,0,8,99,0,0.0,0.0,36.59500503540039,34.29783248901367,1.5,0,55,0.0,0.0,0.0,0,0,0
1780682983.595956,0,0.3499999940395355,0,0,795,900,423158243,37,77,0.0,0.0,36.497344970703125,28.561874389648438,0,0,0.6000000238418579,0,0,1,0,0,8,0,0,0,8,99,0,0.0,0.0,36.59500503540039,34.29783248901367,1.5,0,55,0.0,0.0,0.0,0,0,0
1780682983.6160016,0,0.3499999940395355,0,0,795,900,423158243,37,77,0.0,0.0,36.497344970703125,28.561874389648438,0,0,0.6000000238418579,0,0,1,0,0,8,0,0,0,8,99,0,0.0,0.0,36.59500503540039,34.29783248901367,1.5,0,55,0.0,0.0,0.0,0,0,0
1780682983.635898,0,0.3499999940395355,0,0,795,900,423158243,37,77,0.0,0.0,36.497344970703125,28.561874389648438,0,0,0.6000000238418579,0,0,1,0,0,8,0,0,0,8,99,0,0.0,0.0,36.59500503540039,34.29783248901367,1.5,0,55,0.0,0.0,0.0,0,0,0
1780682983.6559353,0,0.3499999940395355,0,0,795,900,423158243,37,77,0.0,0.0,36.497344970703125,28.561874389648438,0,0,0.6000000238418579,0,0,1,0,0,8,0,0,0,8,99,0,0.0,0.0,36.59500503540039,34.29783248901367,1.5,0,55,0.0,0.0,0.0,0,0,0
1780682983.6757982,0,0.3499999940395355,0,0,795,900,423158243,37,77,0.0,0.0,36.497344970703125,28.561874389648438,0,0,0.6000000238418579,0,0,1,0,0,8,0,0,0,8,99,0,0.0,0.0,36.59500503540039,34.29783248901367,1.5,0,55,0.0,0.0,0.0,0,0,0
1780682983.6960332,0,0.3499999940395355,0,0,795,900,423158243,37,77,0.0,0.0,36.497344970703125,28.561874389648438,0,0,0.6000000238418579,0,0,1,0,0,8,0,0,0,8,99,0,0.0,0.0,36.59500503540039,34.29783248901367,1.5,0,55,0.0,0.0,0.0,0,0,0
1780682983.7159202,0,0.3499999940395355,0,0,795,900,423158243,37,77,0.0,0.0,36.497344970703125,28.561874389648438,0,0,0.6000000238418579,0,0,1,0,0,8,0,0,0,8,99,0,0.0,0.0,36.59500503540039,34.29783248901367,1.5,0,55,0.0,0.0,0.0,0,0,0
1780682983.7358902,0,0.3499999940395355,0,0,795,900,423158243,37,77,0.0,0.0,36.497344970703125,28.561874389648438,0,0,0.6000000238418579,0,0,1,0,0,8,0,0,0,8,99,0,0.0,0.0,36.59500503540039,34.29783248901367,1.5,0,55,0.0,0.0,0.0,0,0,0
1780682983.7556992,0,0.3499999940395355,0,0,795,900,423158243,37,77,0.0,0.0,36.497344970703125,28.561874389648438,0,0,0.6000000238418579,0,0,1,1,0,8,0,0,0,8,99,0,0.0,-50.0,36.59500503540039,34.29783248901367,1.5,0,22,0.0,0.0,0.0,0,0,0
1780682983.775904,0,0.3499999940395355,0,0,795,900,423158243,37,77,0.0,0.0,36.497344970703125,28.561874389648438,0,0,0.6000000238418579,0,0,1,1,0,8,0,0,0,8,99,0,0.0,-50.0,36.59500503540039,33.71207809448242,1.5,0,22,0.0,0.0,0.0,0,0,0
1780682983.7959716,0,0.3499999940395355,0,0,795,900,423158243,38,77,0.0,0.0,36.497344970703125,28.561874389648438,0,0,0.6000000238418579,0,0,1,1,0,8,0,0,0,8,99,0,0.0,-50.0,36.59500503540039,32.71209716796875,1.5,0,22,0.0,0.0,0.0,0,0,0
1780682983.8157835,0,0.3499999940395355,0,0,795,900,423158243,38,77,0.0,0.0,36.497344970703125,28.561874389648438,0,0,0.6000000238418579,0,0,1,1,0,8,0,0,0,8,99,0,0.0,-50.0,36.59500503540039,31.71259307861328,1.5,0,22,0.0,0.0,0.0,0,0,0
1780682983.8355036,0,0.3499999940395355,0,0,795,900,423158243,38,77,0.0,0.0,36.497344970703125,28.561874389648438,0,0,0.6000000238418579,0,0,1,1,0,8,0,0,0,8,99,0,0.0,-50.0,36.59500503540039,30.712600708007812,1.5,0,22,0.0,0.0,0.0,0,0,0
1780682983.855611,0,0.3499999940395355,0,0,780,900,423158243,38,77,0.0,0.0,36.497344970703125,28.561874389648438,0,0,0.6000000238418579,0,0,1,1,0,8,0,0,0,8,99,0,0.0,-50.0,36.59500503540039,29.712116241455078,1.5,0,22,0.0,0.0,0.0,0,0,0
1780682983.875939,0,0.3499999940395355,0,0,780,900,423158243,38,77,0.0,0.0,36.497344970703125,28.561874389648438,0,0,0.6000000238418579,0,0,1,0,0,8,0,0,0,8,99,1,0.0,0.0,36.59500503540039,28.77669906616211,1.5,0,22,0.0,0.0,0.0,0,0,0
1780682983.8960538,0,0.3499999940395355,0,0,780,900,423158243,38,77,0.0,0.0,36.497344970703125,28.561874389648438,0,0,0.6000000238418579,0,0,1,0,0,8,0,0,0,8,99,1,0.0,0.0,36.59500503540039,28.408096313476562,1.5,0,22,0.0,0.0,0.0,0,0,0
1780682983.9163916,0,0.3499999940395355,0,0,780,900,423158243,38,77,0.0,0.0,36.497344970703125,28.561874389648438,0,0,0.6000000238418579,0,0,1,0,0,8,0,0,0,8,99,1,0.0,0.0,36.59500503540039,28.408105850219727,1.5,0,22,0.0,0.0,0.0,0,0,0
1780682983.9358509,0,0.3499999940395355,0,0,780,900,423158243,38,77,0.0,0.0,36.497344970703125,28.561874389648438,0,0,0.6000000238418579,0,0,1,0,0,8,0,0,0,8,99,1,0.0,0.0,36.59500503540039,28.408113479614258,1.5,0,22,0.0,0.0,0.0,0,0,0
1780682983.955554,0,0.3499999940395355,0,0,780,900,423158243,38,77,0.0,0.0,36.497344970703125,28.561874389648438,0,0,0.6000000238418579,0,0,1,0,0,8,0,0,0,8,99,1,0.0,0.0,36.59500503540039,28.40811538696289,1.5,0,22,0.0,0.0,0.0,0,0,0
1780682983.9759622,0,0.3499999940395355,0,0,780,900,423158243,38,77,0.0,0.0,36.497344970703125,28.561874389648438,0,0,0.6000000238418579,0,0,1,0,0,8,0,0,0,8,99,1,0.0,0.0,36.59500503540039,28.408119201660156,1.5,0,22,0.0,0.0,0.0,0,0,0
1780682983.9957173,0,0.3499999940395355,0,0,780,900,423158243,38,77,0.0,0.0,36.497344970703125,28.561874389648438,0,0,0.6000000238418579,0,0,1,0,0,8,0,0,0,8,99,1,0.0,0.0,36.59500503540039,28.40812110900879,1.5,0,22,0.0,0.0,0.0,0,0,0
1780682984.0157084,0,0.3499999940395355,0,0,780,900,423158243,38,77,0.0,0.0,36.497344970703125,28.561874389648438,0,0,0.6000000238418579,0,0,1,0,0,8,0,0,0,8,99,1,0.0,0.0,36.59500503540039,28.408123016357422,1.5,0,22,0.0,0.0,0.0,0,0,0
1780682984.035427,0,0.3499999940395355,0,0,780,900,423158243,38,77,0.0,0.0,36.497344970703125,28.561874389648438,0,0,0.6000000238418579,0,0,1,0,0,8,0,0,0,8,99,1,0.0,0.0,36.59500503540039,28.408123016357422,1.5,0,22,0.0,0.0,0.0,0,0,0
1780682984.055832,0,0.3499999940395355,0,0,780,900,423158243,38,77,0.0,0.0,36.497344970703125,28.561874389648438,0,0,0.6000000238418579,0,0,1,0,0,8,0,0,0,8,99,1,0.0,0.0,36.59500503540039,28.40812110900879,1.5,0,22,0.0,0.0,0.0,0,0,0
1780682984.0757604,0,0.3499999940395355,0,0,780,900,423158243,38,77,0.0,0.0,36.497344970703125,28.561874389648438,0,0,0.6000000238418579,0,0,1,0,0,8,0,0,0,8,99,1,0.0,0.0,36.59500503540039,28.40812110900879,1.5,0,22,0.0,0.0,0.0,0,0,0
1780682984.0961394,0,0.3499999940395355,0,0,780,900,423158243,38,77,0.0,0.0,36.497344970703125,28.561874389648438,0,0,0.6000000238418579,0,0,1,0,0,8,0,0,0,8,99,1,0.0,0.0,36.59500503540039,28.40812110900879,1.5,0,22,0.0,0.0,0.0,0,0,0
1780682984.116181,0,0.3499999940395355,0,0,780,900,423158243,69,77,0.0,0.0,36.497344970703125,28.561874389648438,0,0,0.6000000238418579,0,0,1,0,0,8,0,0,0,8,99,1,0.0,0.0,36.59500503540039,28.408123016357422,1.5,0,22,0.0,0.0,0.0,0,0,0
1780682984.1368158,0,0.3499999940395355,0,0,780,900,423158243,69,77,0.0,0.0,36.497344970703125,28.561874389648438,0,0,0.6000000238418579,0,0,1,0,0,8,0,0,0,8,99,1,0.0,0.0,36.59500503540039,28.40812110900879,1.5,0,22,0.0,0.0,0.0,0,0,0
1780682984.1560645,0,0.3499999940395355,0,0,780,900,423158243,69,77,0.0,0.0,36.497344970703125,28.561874389648438,0,0,0.6000000238418579,0,0,1,0,0,8,0,0,0,8,99,1,0.0,0.0,36.59500503540039,28.40812110900879,1.5,0,22,0.0,0.0,0.0,0,0,0
1780682984.1771865,0,0.3499999940395355,0,0,780,900,423158243,69,77,0.0,0.0,36.497344970703125,28.561874389648438,0,0,0.6000000238418579,0,0,1,0,0,8,0,0,0,8,99,1,0.0,0.0,36.59500503540039,28.40812110900879,1.5,0,22,0.0,0.0,0.0,0,0,0
1780682984.1962955,0,0.3499999940395355,0,0,780,900,423158243,69,77,0.0,0.0,36.497344970703125,28.561874389648438,0,0,0.6000000238418579,0,0,1,0,0,8,0,0,0,8,99,1,0.0,0.0,36.59500503540039,28.40812110900879,1.5,0,22,0.0,0.0,0.0,0,0,0
1780682984.2159178,0,0.3499999940395355,0,0,780,900,423158243,69,77,0.0,0.0,36.497344970703125,28.561874389648438,0,0,0.6000000238418579,0,0,1,0,0,8,0,0,0,8,99,1,0.0,0.0,36.59500503540039,28.408119201660156,1.5,0,22,0.0,0.0,0.0,0,0,0
1780682984.2356715,0,0.3499999940395355,0,0,780,900,423158243,69,77,0.0,0.0,36.497344970703125,28.561874389648438,0,0,0.6000000238418579,0,0,1,0,0,8,0,0,0,8,99,1,0.0,0.0,36.59500503540039,28.40812110900879,1.5,0,22,0.0,0.0,0.0,0,0,0
1780682984.2558446,0,0.3499999940395355,0,0,780,900,423158243,69,77,0.0,0.0,36.497344970703125,28.561874389648438,0,0,0.6000000238418579,0,0,1,0,0,8,0,0,0,8,99,1,0.0,0.0,36.59500503540039,28.408119201660156,1.5,0,22,0.0,0.0,0.0,0,0,0
1780682984.2758946,0,0.3499999940395355,0,0,780,900,423158243,69,77,0.0,0.0,36.497344970703125,28.561874389648438,0,0,0.6000000238418579,0,0,1,0,0,8,0,0,0,8,99,1,0.0,0.0,36.59500503540039,28.408123016357422,1.5,0,22,0.0,0.0,0.0,0,0,0
1780682984.2959888,0,0.3499999940395355,0,0,780,900,423158243,69,77,0.0,0.0,36.497344970703125,28.561874389648438,0,0,0.6000000238418579,0,0,1,0,0,8,0,0,0,8,99,1,0.0,0.0,36.59500503540039,28.408119201660156,1.5,0,22,0.0,0.0,0.0,0,0,0
1780682984.3159246,0,0.3499999940395355,0,0,780,900,423158243,69,77,0.0,0.0,36.497344970703125,28.561874389648438,0,0,0.6000000238418579,0,0,1,0,0,8,0,0,0,8,99,1,0.0,0.0,36.59500503540039,28.40812110900879,1.5,0,22,0.0,0.0,0.0,0,0,0
1780682984.3357866,0,0.3499999940395355,0,0,765,900,423158243,69,77,0.0,0.0,36.497344970703125,28.561874389648438,0,0,0.6000000238418579,0,0,1,0,0,8,0,0,0,8,99,1,0.0,0.0,36.59500503540039,28.40812110900879,1.5,0,22,0.0,0.0,0.0,0,0,0
1780682984.3557987,0,0.3499999940395355,0,0,765,900,423158243,69,77,0.0,0.0,37.09734344482422,28.561874389648438,0,0,0.6000000238418579,0,0,1,0,0,8,0,0,0,8,99,1,0.0,0.0,36.59500503540039,28.408119201660156,1.5,0,22,0.0,0.0,0.0,0,0,0
1780682984.3759704,0,0.3499999940395355,0,0,765,900,423158243,45,77,-8.0,0.0,37.423744201660156,28.561874389648438,0,0,0.6000000238418579,0,0,1,0,0,8,0,0,0,8,99,1,0.0,0.0,36.59500503540039,28.40812110900879,1.5,0,22,0.0,0.0,0.0,0,0,0
1780682984.396128,0,0.3499999940395355,0,0,765,900,423158243,45,77,-8.0,0.0,37.26374435424805,28.561874389648438,0,0,0.6000000238418579,0,0,1,0,0,8,0,0,0,8,99,1,0.0,0.0,36.59500503540039,28.408119201660156,1.5,0,22,0.0,0.0,0.0,0,0,0
1780682984.4156976,0,0.3499999940395355,0,0,765,900,423158243,45,77,-8.0,0.0,37.10374450683594,28.561874389648438,0,0,0.6000000238418579,0,0,1,0,0,8,0,0,0,8,99,1,0.0,0.0,36.59500503540039,28.40812110900879,1.5,0,22,0.0,0.0,0.0,0,0,0
1780682984.435497,0,0.3499999940395355,0,0,765,900,423158243,45,77,-8.0,0.0,36.94374465942383,28.561874389648438,0,0,0.6000000238418579,0,0,1,0,0,8,0,0,0,8,99,1,0.0,0.0,36.59500503540039,28.408119201660156,1.5,0,22,0.0,0.0,0.0,0,0,0
1780682984.4556303,0,0.3499999940395355,0,0,765,900,423158243,45,77,-8.0,0.0,36.78374481201172,28.561874389648438,0,0,0.6000000238418579,0,0,1,0,0,8,0,0,0,8,99,1,0.0,0.0,36.59500503540039,28.40812110900879,1.5,0,22,0.0,0.0,0.0,0,0,0
1780682984.4757288,0,0.3499999940395355,0,0,765,900,423158243,45,77,-8.0,0.0,36.62374496459961,28.561874389648438,0,0,0.6000000238418579,0,0,1,0,0,8,0,0,0,8,99,1,0.0,0.0,36.59500503540039,28.408123016357422,1.5,0,22,0.0,0.0,0.0,0,0,0
1780682984.4959738,0,0.3499999940395355,0,0,765,900,423158243,45,77,-8.0,0.0,36.4637451171875,28.561874389648438,0,0,0.6000000238418579,0,0,1,0,0,8,0,0,0,8,99,1,0.0,0.0,36.59500503540039,28.408123016357422,1.5,0,22,0.0,0.0,0.0,0,0,0
1780682984.5159142,0,0.3499999940395355,0,0,765,900,423158243,45,77,-8.0,0.0,36.30374526977539,28.561874389648438,0,0,0.6000000238418579,0,0,1,0,0,8,0,0,0,8,99,1,0.0,0.0,36.59500503540039,28.408119201660156,1.5,0,22,0.0,0.0,0.0,0,0,0
1780682984.535621,0,0.3499999940395355,0,0,765,900,423158243,45,77,-8.0,0.0,36.14374542236328,28.561874389648438,0,0,0.6000000238418579,0,0,1,0,0,8,0,0,0,8,99,1,0.0,0.0,36.59500503540039,28.40812110900879,1.5,0,22,0.0,0.0,0.0,0,0,0
1780682984.5559585,0,0.3499999940395355,0,0,765,900,423158243,45,77,-8.0,0.0,35.98374557495117,28.561874389648438,0,0,0.6000000238418579,0,0,1,0,0,8,0,0,0,8,99,1,0.0,0.0,36.59500503540039,28.40812110900879,1.5,0,22,0.0,0.0,0.0,0,0,0
1780682984.576042,0,0.3499999940395355,0,0,765,900,423158243,45,77,-8.0,0.0,35.82374572753906,28.561874389648438,1,0,0.6000000238418579,0,0,1,0,0,8,0,0,0,8,99,1,0.0,0.0,36.59500503540039,28.408123016357422,1.5,0,22,0.0,0.0,0.0,0,0,0
1780682984.5958662,0,0.3499999940395355,0,0,765,900,423158243,45,77,-8.0,0.0,35.66374588012695,28.561874389648438,1,0,0.6000000238418579,0,0,1,0,0,8,0,0,0,8,99,1,0.0,0.0,36.59500503540039,28.40812110900879,1.5,0,22,0.0,0.0,0.0,0,0,0
1780682984.6162076,0,0.3499999940395355,0,0,765,900,423158243,45,77,-8.0,0.0,35.503746032714844,28.561874389648438,1,0,0.6000000238418579,0,0,1,0,0,8,0,0,0,8,99,1,0.0,0.0,36.59500503540039,28.40812110900879,1.5,0,22,0.0,0.0,0.0,0,0,0
1780682984.636001,0,0.3499999940395355,0,0,765,900,423158243,45,77,-8.0,0.0,35.343746185302734,28.561874389648438,1,0,0.6000000238418579,0,0,1,0,0,8,0,0,0,8,99,1,0.0,0.0,36.59500503540039,28.40812110900879,1.5,0,22,0.0,0.0,0.0,0,0,0
1780682984.6556385,0,0.3499999940395355,0,0,765,900,423158243,45,77,-8.0,0.0,35.183746337890625,28.561874389648438,1,0,0.6000000238418579,0,0,1,0,0,8,0,0,0,8,99,1,0.0,0.0,36.59500503540039,28.408119201660156,1.5,0,22,0.0,0.0,0.0,0,0,0
1780682984.6757627,0,0.3499999940395355,0,0,765,900,423158243,45,77,-8.0,0.0,35.023746490478516,28.561874389648438,1,0,0.6000000238418579,0,0,1,0,0,8,0,0,0,8,99,1,0.0,0.0,36.59500503540039,28.40812110900879,1.5,0,22,0.0,0.0,0.0,0,0,0
1780682984.695938,0,0.3499999940395355,0,0,765,900,423158243,45,77,-8.0,0.0,34.863746643066406,28.561874389648438,1,0,0.6000000238418579,0,0,1,0,0,8,0,0,0,8,99,1,0.0,0.0,36.59500503540039,28.40812110900879,1.5,0,22,0.0,0.0,0.0,0,0,0
1780682984.7159727,0,0.3499999940395355,0,0,765,900,423158243,45,77,-8.0,0.0,34.7037467956543,28.561874389648438,1,0,0.6000000238418579,0,0,1,0,0,8,0,0,0,8,99,1,0.0,0.0,36.59500503540039,28.40812110900879,1.5,0,22,0.0,0.0,0.0,0,0,0
1780682984.7359061,0,0.3499999940395355,0,0,765,900,423158243,45,77,-8.0,0.0,34.54374694824219,28.561874389648438,1,0,0.6000000238418579,0,0,1,0,0,8,0,0,0,8,99,1,0.0,0.0,36.59500503540039,28.408123016357422,1.5,0,22,0.0,0.0,0.0,0,0,0
1780682984.7557852,0,0.3499999940395355,0,0,765,900,423158243,45,77,-8.0,0.0,34.38374710083008,28.561874389648438,1,0,0.6000000238418579,0,0,1,0,0,8,0,0,0,8,99,1,0.0,0.0,36.59500503540039,28.40812110900879,1.5,0,22,0.0,0.0,0.0,0,0,0
1780682984.7758138,0,0.3499999940395355,0,0,765,900,423158243,45,77,-8.0,0.0,34.22374725341797,28.561874389648438,1,0,0.6000000238418579,0,0,1,0,0,8,0,0,0,8,99,1,0.0,0.0,36.59500503540039,28.40812110900879,1.5,0,22,0.0,0.0,0.0,0,0,0
1780682984.7958305,0,0.3499999940395355,0,0,765,900,423158243,45,77,-8.0,0.0,34.06374740600586,28.561874389648438,1,0,0.6000000238418579,0,0,1,0,0,8,0,0,0,8,99,1,0.0,0.0,36.59500503540039,28.408123016357422,1.5,0,22,0.0,0.0,0.0,0,0,0
1780682984.8160453,0,0.3499999940395355,0,0,765,900,423158243,45,77,-8.0,0.0,33.90374755859375,28.561874389648438,1,0,0.6000000238418579,0,0,1,0,0,8,0,0,0,8,99,1,0.0,0.0,36.59500503540039,28.408123016357422,1.5,0,22,0.0,0.0,0.0,0,0,0
1780682984.8358314,0,0.3499999940395355,0,0,765,900,423158243,45,77,-8.0,0.0,33.74374771118164,28.561874389648438,1,0,0.6000000238418579,0,0,1,0,0,8,0,0,0,8,99,1,0.0,0.0,36.59500503540039,28.40812110900879,1.5,0,22,0.0,0.0,0.0,0,0,0
1780682984.855972,0,0.3499999940395355,0,0,765,900,423158243,45,77,-8.0,0.0,33.58374786376953,28.561874389648438,1,0,0.6000000238418579,0,0,1,0,0,8,0,0,0,8,99,1,0.0,0.0,36.59500503540039,28.40812110900879,1.5,0,22,0.0,0.0,0.0,0,0,0
1780682984.8760118,0,0.3499999940395355,0,0,765,900,423158243,45,77,-8.0,0.0,33.42374801635742,28.561874389648438,1,0,0.6000000238418579,0,0,1,0,0,8,0,0,0,8,99,1,0.0,0.0,36.59500503540039,28.40812110900879,1.5,0,22,0.0,0.0,0.0,0,0,0
1780682984.895818,0,0.3499999940395355,0,0,765,900,423158243,45,77,-8.0,0.0,33.26374816894531,28.561874389648438,1,0,0.6000000238418579,0,0,1,0,0,8,0,0,0,8,99,1,0.0,0.0,36.59500503540039,28.40812110900879,1.5,0,22,0.0,0.0,0.0,0,0,0
1780682984.916053,0,0.3499999940395355,0,0,765,900,423158243,45,77,-8.0,0.0,33.1037483215332,28.561874389648438,1,0,0.6000000238418579,0,0,1,0,0,8,0,0,0,8,99,1,0.0,0.0,36.59500503540039,28.40812110900879,1.5,0,22,0.0,0.0,0.0,0,0,0
1780682984.935574,0,0.3499999940395355,0,0,765,900,423158243,2,77,0.0,0.0,32.943748474121094,28.561874389648438,1,0,0.6000000238418579,0,0,1,0,0,8,0,0,0,8,99,1,0.0,0.0,36.59500503540039,28.40812110900879,1.5,0,22,0.0,0.0,0.0,0,0,0
1780682984.9558516,0,0.3499999940395355,0,0,765,900,423158243,2,77,0.0,0.0,32.943748474121094,28.561874389648438,1,0,0.6000000238418579,0,0,1,0,0,8,0,0,0,8,99,1,0.0,0.0,36.59500503540039,28.40812110900879,1.5,0,22,-1.0,0.0,0.0,0,0,1
1780682984.9760966,0,0.3499999940395355,1,0,765,900,423158243,2,77,0.0,0.0,32.943748474121094,28.561874389648438,0,0,0.6000000238418579,0,0,1,0,0,8,0,1,0,8,99,1,-3.75,0.0,36.59500503540039,28.40812110900879,1.5,0,22,-1.0,0.0,0.0,0,0,1
1780682984.9960003,0,0.3499999940395355,1,0,765,900,423158243,2,77,0.0,0.0,32.943748474121094,28.561874389648438,0,0,0.6000000238418579,0,0,1,0,0,8,0,1,0,8,99,1,-3.75,0.0,36.55109405517578,28.40812110900879,1.5,0,22,-1.0,0.0,0.0,0,0,1
1780682985.0163708,0,0.3499999940395355,1,0,765,900,423158243,2,77,0.0,0.0,32.943748474121094,28.561874389648438,0,0,0.6000000238418579,0,0,1,0,0,8,0,1,0,8,99,1,-12.050000190734863,0.0,36.37890625,28.40812110900879,1.5,0,22,-1.0,0.0,0.0,0,0,1
1780682985.0359495,0,0.3499999940395355,1,0,765,900,423158243,2,77,0.0,0.0,32.943748474121094,28.561874389648438,0,0,0.6000000238418579,0,0,1,0,0,8,0,1,0,8,99,1,-12.050000190734863,0.0,36.137908935546875,28.40812110900879,1.5,0,22,-1.0,0.0,0.0,0,0,1
1780682985.0557542,0,0.3499999940395355,1,0,765,900,423158243,2,77,0.0,0.0,32.943748474121094,28.561874389648438,0,0,0.6000000238418579,0,0,1,0,0,8,0,1,0,8,99,1,-12.050000190734863,0.0,35.89691162109375,28.408123016357422,1.5,0,22,-1.0,0.0,0.0,0,0,1
1780682985.0759168,0,0.3499999940395355,1,0,765,900,423158243,2,77,0.0,0.0,32.943748474121094,28.561874389648438,1,0,0.6000000238418579,0,0,1,0,0,8,0,1,0,8,99,1,-12.050000190734863,0.0,35.655906677246094,28.40812110900879,1.5,0,22,-1.0,0.0,0.0,0,0,1
1780682985.096374,0,0.3499999940395355,0,0,765,900,423158243,2,77,0.0,0.0,32.943748474121094,28.561874389648438,1,0,0.6000000238418579,0,0,0,0,0,8,0,0,0,8,99,1,-12.050000190734863,0.0,35.41490936279297,28.40812110900879,1.5,0,22,-1.0,0.0,0.0,0,0,0
1780682985.1161573,0,0.3499999940395355,0,0,765,900,423158243,2,77,0.0,0.0,32.943748474121094,28.561874389648438,1,0,0.6000000238418579,0,0,0,0,0,8,0,0,0,8,99,1,-12.050000190734863,0.0,35.17402648925781,28.408119201660156,1.5,0,22,-1.0,0.0,0.0,0,0,0
1780682985.135978,0,0.3499999940395355,0,0,765,900,423158243,2,77,0.0,0.0,32.943748474121094,28.561874389648438,1,0,0.6000000238418579,0,0,0,0,0,8,0,0,0,8,99,1,-12.050000190734863,0.0,34.932899475097656,28.408123016357422,1.5,0,22,-1.0,0.0,0.0,0,0,0
1780682985.1562471,0,0.3499999940395355,0,0,765,900,423158243,2,77,0.0,0.0,32.943748474121094,28.561874389648438,1,0,0.6000000238418579,0,0,0,0,0,8,0,0,0,8,99,1,-12.050000190734863,0.0,34.69189453125,28.40812110900879,1.5,0,22,-1.0,0.0,0.0,0,0,0
1780682985.1762042,0,0.3499999940395355,0,0,765,900,423158243,2,77,0.0,0.0,32.943748474121094,28.561874389648438,1,0,0.6000000238418579,0,0,0,0,0,8,0,0,0,8,99,1,-8.300000190734863,0.0,34.49480438232422,28.40812110900879,1.5,0,22,-1.0,0.0,0.0,0,0,0
1780682985.196043,0,0.3499999940395355,0,0,765,900,423158243,2,77,0.0,0.0,32.943748474121094,28.561874389648438,1,0,0.6000000238418579,0,0,0,0,0,8,0,0,0,8,99,1,-8.300000190734863,0.0,34.328887939453125,28.408123016357422,1.5,0,22,-1.0,0.0,0.0,0,0,0
1780682985.2161098,0,0.3499999940395355,0,0,765,900,423158243,2,77,0.0,0.0,32.943748474121094,28.561874389648438,1,0,0.6000000238418579,0,0,0,0,0,8,0,0,0,8,99,1,-8.300000190734863,0.0,34.16289138793945,28.40812110900879,1.5,0,22,-1.0,0.0,0.0,0,0,0
1780682985.235975,0,0.3499999940395355,0,0,765,900,423158243,2,77,0.0,0.0,32.943748474121094,28.561874389648438,1,0,0.6000000238418579,0,0,0,0,0,8,0,0,0,8,99,1,-8.300000190734863,0.0,33.996891021728516,28.40812110900879,1.5,0,22,-1.0,0.0,0.0,0,0,0
1780682985.2559352,0,0.3499999940395355,0,0,765,900,423158243,2,77,0.0,0.0,32.943748474121094,28.561874389648438,1,0,0.6000000238418579,0,0,0,0,0,8,0,0,0,8,99,1,-8.300000190734863,0.0,33.83080291748047,28.40812110900879,1.5,0,22,-1.0,0.0,0.0,0,0,0
1780682985.275936,0,0.3499999940395355,0,0,765,900,423158243,2,77,0.0,0.0,32.943748474121094,28.561874389648438,1,0,0.6000000238418579,0,0,0,0,0,8,0,0,0,8,99,1,-8.300000190734863,0.0,33.6648063659668,28.40812110900879,1.5,0,22,-1.0,0.0,0.0,0,0,0
1780682985.2960832,0,0.3499999940395355,0,0,765,900,423158243,2,77,0.0,0.0,32.943748474121094,28.561874389648438,1,0,0.6000000238418579,0,0,0,0,0,8,0,0,0,8,99,1,-8.300000190734863,0.0,33.498809814453125,28.408123016357422,1.5,0,22,-1.0,0.0,0.0,0,0,0
1780682985.3161793,0,0.3499999940395355,0,0,765,900,423158243,2,77,0.0,0.0,32.943748474121094,28.561874389648438,1,0,0.6000000238418579,0,0,0,0,0,8,0,0,0,8,99,1,-8.300000190734863,0.0,33.332889556884766,28.40812110900879,1.5,0,22,-1.0,0.0,0.0,0,0,0
1780682985.3357918,0,0.3499999940395355,0,0,765,900,423158243,2,77,0.0,0.0,32.943748474121094,28.561874389648438,1,0,0.6000000238418579,0,0,0,0,0,8,0,0,0,8,99,1,-8.300000190734863,0.0,33.16688919067383,28.408123016357422,1.5,0,22,-1.0,0.0,0.0,0,0,1
1780682985.355668,0,0.3499999940395355,0,0,765,900,423158243,2,77,0.0,0.0,32.943748474121094,28.561874389648438,1,0,0.6000000238418579,0,0,0,0,0,8,0,0,0,8,99,1,-8.300000190734863,0.0,33.000892639160156,28.40812110900879,1.5,0,22,-1.0,0.0,0.0,0,0,1
1780682985.3758075,0,0.3499999940395355,1,0,765,900,423158243,2,77,0.0,0.0,32.943748474121094,28.561874389648438,0,0,0.6000000238418579,0,0,0,0,0,8,0,1,0,8,99,1,-8.300000190734863,0.0,32.83489227294922,28.40812110900879,1.5,0,22,-1.0,0.0,0.0,0,0,1
1780682985.6763,0,0.3499999940395355,0,0,765,900,423158243,2,77,0.0,0.0,32.943748474121094,28.561874389648438,0,0,0.6000000238418579,0,0,1,0,0,7,1,0,0,8,99,1,0.0,0.0,32.61909103393555,28.40812110900879,1.5,0,22,0.0,0.0,0.0,0,0,0
1780682985.6957276,0,0.3499999940395355,0,0,765,900,423158243,2,77,0.0,0.0,32.943748474121094,28.561874389648438,0,0,0.6000000238418579,0,0,1,0,0,7,1,0,0,8,99,1,0.0,0.0,32.59999084472656,28.40812110900879,1.5,0,22,0.0,0.0,0.0,0,0,0
1780682985.7158754,0,0.3499999940395355,0,0,765,900,423158243,2,77,0.0,0.0,32.943748474121094,28.561874389648438,0,0,0.6000000238418579,0,0,1,0,0,7,1,0,0,8,99,1,-15.0,7.5,32.42465591430664,28.49578857421875,1.5,0,22,0.0,0.0,0.0,0,0,0
1780682985.735689,0,0.3499999940395355,0,0,765,900,423158243,2,77,0.0,0.0,32.943748474121094,28.561874389648438,0,0,0.6000000238418579,0,0,1,0,0,7,1,0,0,8,99,1,-15.0,7.5,32.124656677246094,28.645790100097656,1.5,0,22,0.0,0.0,0.0,0,0,0
1780682985.7558424,0,0.3499999940395355,0,0,765,900,423158243,2,77,0.0,0.0,32.943748474121094,28.561874389648438,0,0,0.6000000238418579,0,0,1,0,0,7,1,0,0,8,99,1,-15.0,7.5,31.824661254882812,28.795787811279297,1.5,0,22,0.0,0.0,0.0,0,0,0
1780682985.7760432,0,0.3499999940395355,0,0,765,900,423158243,3,77,25.0,0.0,32.943748474121094,28.561874389648438,0,0,0.6000000238418579,0,0,1,0,0,7,1,0,0,8,99,1,-15.0,7.5,31.5246639251709,28.945785522460938,1.5,0,22,0.0,0.0,0.0,0,0,0
1780682985.7960024,0,0.3499999940395355,0,0,765,900,423158243,3,77,25.0,0.0,33.443748474121094,28.561874389648438,0,0,0.6000000238418579,0,0,1,0,0,7,1,0,0,8,99,1,-15.0,7.5,31.224666595458984,29.095783233642578,1.5,0,22,0.0,0.0,0.0,0,0,0
1780682985.8161685,0,0.3499999940395355,0,0,765,900,423158243,3,77,25.0,0.0,33.943748474121094,28.561874389648438,0,0,0.6000000238418579,0,0,1,0,0,7,1,0,0,8,99,1,-15.0,7.5,30.92466926574707,29.24578094482422,1.5,0,22,0.0,0.0,0.0,0,0,0
1780682985.8356862,0,0.3499999940395355,0,0,765,900,423158243,3,77,25.0,0.0,34.443748474121094,28.561874389648438,0,0,0.6000000238418579,0,0,1,0,0,7,1,0,0,8,99,1,-15.0,7.5,30.62467384338379,29.39577865600586,1.5,0,22,0.0,0.0,0.0,0,0,0
1780682985.855565,0,0.3499999940395355,0,0,765,900,423158243,3,77,25.0,0.0,34.943748474121094,28.561874389648438,0,0,0.6000000238418579,0,0,1,0,0,7,1,0,0,8,99,1,-15.0,7.5,30.32452392578125,29.545852661132812,1.5,0,22,0.0,0.0,0.0,0,0,0
1780682985.8759859,0,0.3499999940395355,0,0,765,900,423158243,3,77,25.0,0.0,35.443748474121094,28.561874389648438,0,0,0.6000000238418579,0,0,1,0,0,7,1,0,0,8,99,1,-15.0,7.5,30.024524688720703,29.69585418701172,1.5,0,22,0.0,0.0,0.0,0,0,0
1780682985.8961763,0,0.3499999940395355,0,0,765,900,423158243,3,77,25.0,0.0,35.943748474121094,28.561874389648438,0,0,0.6000000238418579,0,0,1,0,0,7,1,0,0,8,99,1,-15.0,7.5,29.724531173706055,29.84585189819336,1.5,0,22,-1.0,1.0,0.0,0,0,0
1780682985.916297,0,0.3499999940395355,0,0,765,900,423158243,3,77,25.0,0.0,36.443748474121094,28.561874389648438,1,0,0.6000000238418579,0,0,1,0,0,7,1,0,0,8,99,0,-15.0,7.5,29.424678802490234,29.995777130126953,1.5,0,22,-1.0,1.0,0.0,0,0,0
1780682985.9361646,0,0.3499999940395355,0,0,765,900,423158243,3,77,25.0,0.0,36.943748474121094,28.561874389648438,1,0,0.6000000238418579,0,0,0,1,0,7,1,0,0,8,99,0,-8.300000190734863,-0.9479996562004089,29.202991485595703,30.047039031982422,1.5,0,22,-1.0,1.0,0.0,0,0,0
1780682985.9559827,0,0.3499999940395355,0,0,765,900,423158243,4,77,0.0,0.0,37.25379180908203,28.561874389648438,1,0,0.6000000238418579,0,0,0,1,0,7,1,0,0,8,99,0,-8.300000190734863,-1.8959993124008179,29.03690528869629,30.016979217529297,1.5,0,22,-1.0,1.0,0.0,0,0,0
1780682985.9758031,0,0.3499999940395355,0,0,765,900,423158243,4,77,0.0,0.0,37.25379180908203,28.561874389648438,1,0,0.6000000238418579,0,0,0,1,0,7,1,0,0,8,99,0,-8.300000190734863,-2.843998908996582,28.87090301513672,29.967967987060547,1.5,0,22,-1.0,1.0,0.0,0,0,0
1780682985.9958742,0,0.3499999940395355,0,0,765,900,423158243,4,77,0.0,0.0,37.25379180908203,28.561874389648438,1,0,0.6000000238418579,0,0,0,1,0,7,1,0,0,8,99,0,-8.300000190734863,-3.7919986248016357,28.704906463623047,29.900001525878906,1.5,0,22,0.0,0.0,0.0,0,0,0
1780682986.0163357,0,0.3499999940395355,0,0,765,900,423158243,4,77,0.0,0.0,37.25379180908203,28.561874389648438,1,0,0.6000000238418579,0,0,0,1,0,7,1,0,0,8,99,0,-8.300000190734863,-4.7399983406066895,28.53890609741211,29.813072204589844,1.5,0,22,0.0,0.0,0.0,0,0,1
1780682986.0357463,0,0.3499999940395355,0,0,765,900,423158243,4,77,0.0,0.0,37.25379180908203,28.561874389648438,1,0,0.6000000238418579,0,0,0,1,0,7,1,0,0,8,99,0,0.0,-5.687997817993164,28.46999740600586,29.707239151000977,1.5,0,22,0.0,0.0,0.0,0,0,1
1780682986.0557723,0,0.3499999940395355,0,0,765,900,423158243,4,77,0.0,0.0,37.25379180908203,28.561874389648438,1,0,0.6000000238418579,0,0,0,1,0,7,1,0,0,8,99,0,0.0,-6.635997295379639,28.46999740600586,29.582401275634766,1.5,0,22,0.0,0.0,0.0,0,0,1
1780682986.0758896,0,0.3499999940395355,1,0,765,900,423158243,4,77,0.0,0.0,37.25379180908203,28.561874389648438,0,0,0.6000000238418579,0,0,0,1,0,7,1,1,0,8,99,0,0.0,-7.583996772766113,28.46999740600586,29.438602447509766,1.5,0,22,1.0,0.0,0.0,0,0,1
1780682986.0960257,0,0.3499999940395355,1,0,765,900,423158243,4,77,0.0,0.0,37.25379180908203,28.561874389648438,0,0,0.6000000238418579,0,0,0,1,0,7,1,1,0,8,99,0,0.0,-8.531996726989746,28.46999740600586,29.27584457397461,1.5,0,22,1.0,0.0,0.0,0,0,1
1780682986.1160648,0,0.3499999940395355,1,0,765,900,423158243,4,77,0.0,0.0,37.25379180908203,28.561874389648438,0,0,0.6000000238418579,0,0,0,1,0,7,1,1,0,8,99,0,0.0,-9.479996681213379,28.46999740600586,29.09412384033203,1.5,0,22,1.0,0.0,0.0,0,0,1
1780682986.1361983,0,0.3499999940395355,1,0,765,900,423158243,4,77,0.0,0.0,37.25379180908203,28.561874389648438,0,0,0.6000000238418579,0,0,0,1,0,7,1,1,0,8,99,0,8.300000190734863,-10.427996635437012,28.567087173461914,28.893339157104492,1.5,0,22,1.0,0.0,0.0,0,0,1
1780682986.1558523,0,0.3499999940395355,1,0,765,900,423158243,4,77,0.0,0.0,37.25379180908203,28.561874389648438,0,0,0.6000000238418579,0,0,0,1,0,7,1,1,0,8,99,0,8.300000190734863,-11.375996589660645,28.733009338378906,28.67380142211914,1.5,0,22,1.0,0.0,0.0,0,0,0
1780682986.1759307,0,0.3499999940395355,1,0,765,900,423158243,5,77,0.0,0.0,37.25379180908203,28.561874389648438,1,0,0.6000000238418579,0,0,0,0,0,7,1,1,0,8,99,1,8.300000190734863,0.0,28.899009704589844,28.479217529296875,1.5,0,22,1.0,0.0,0.0,0,0,0
1780682986.1959643,0,0.3499999940395355,0,0,765,900,423158243,5,77,0.0,0.0,37.25379180908203,28.561874389648438,1,0,0.6000000238418579,0,0,1,0,0,7,1,0,0,8,99,1,8.300000190734863,0.0,29.06501007080078,28.408092498779297,1.5,0,22,1.0,0.0,0.0,0,0,0
1780682986.2158973,0,0.3499999940395355,0,0,765,900,423158243,5,77,0.0,0.0,37.25379180908203,28.561874389648438,1,0,0.6000000238418579,0,0,1,0,0,7,1,0,0,8,99,1,8.300000190734863,0.0,29.23101043701172,28.40810775756836,1.5,0,22,1.0,0.0,0.0,0,0,0
1780682986.2357275,0,0.3499999940395355,0,0,765,900,423158243,5,77,0.0,0.0,37.25379180908203,28.561874389648438,1,0,0.6000000238418579,0,0,1,0,0,7,1,0,0,8,99,1,8.300000190734863,0.0,29.397010803222656,28.408111572265625,1.5,0,22,1.0,0.0,0.0,0,0,0
1780682986.2556143,0,0.3499999940395355,0,0,765,900,423158243,5,77,0.0,0.0,37.25379180908203,28.561874389648438,1,0,0.6000000238418579,0,0,1,0,0,7,1,0,0,8,99,1,8.300000190734863,0.0,29.563091278076172,28.408117294311523,1.5,0,22,1.0,0.0,0.0,0,0,0
1780682986.2760499,0,0.3499999940395355,0,0,765,900,423158243,5,77,0.0,0.0,37.25379180908203,28.561874389648438,1,0,0.6000000238418579,0,0,1,0,0,7,1,0,0,8,99,1,8.300000190734863,0.0,29.729087829589844,28.408119201660156,1.5,0,22,1.0,0.0,0.0,0,0,0
1780682986.296484,0,0.3499999940395355,0,0,765,900,423158243,1,77,0.0,0.0,37.25379180908203,28.561874389648438,1,0,0.6000000238418579,0,0,1,0,0,7,1,0,0,8,99,1,8.300000190734863,0.0,29.89508819580078,28.40812110900879,1.5,0,22,1.0,0.0,0.0,0,0,0
1780682986.3158631,0,0.3499999940395355,0,0,765,900,423158243,1,77,0.0,0.0,37.25379180908203,28.561874389648438,1,0,0.6000000238418579,0,0,1,0,0,7,1,0,0,8,99,1,8.300000190734863,0.0,30.061004638671875,28.40812110900879,1.5,0,22,1.0,0.0,0.0,0,0,0
1780682986.335621,0,0.3499999940395355,0,0,765,900,423158243,1,77,0.0,0.0,37.25379180908203,28.561874389648438,1,0,0.6000000238418579,0,0,1,0,0,7,1,0,0,8,99,1,8.300000190734863,0.0,30.227005004882812,28.408123016357422,1.5,0,22,1.0,0.0,0.0,0,0,0
1780682986.355893,0,0.3499999940395355,0,0,765,900,423158243,1,77,0.0,0.0,37.25379180908203,28.561874389648438,1,0,0.6000000238418579,0,0,1,0,0,7,1,0,0,8,99,1,8.300000190734863,0.0,30.393001556396484,28.40812110900879,1.5,0,22,1.0,0.0,0.0,0,0,0
1780682986.3759584,0,0.3499999940395355,0,0,765,900,423158243,1,77,0.0,0.0,37.25379180908203,28.561874389648438,1,0,0.6000000238418579,0,0,1,0,0,7,1,0,0,8,99,1,8.300000190734863,0.0,30.5590877532959,28.40812110900879,1.5,0,22,1.0,0.0,0.0,0,0,0
1780682986.395797,0,0.3499999940395355,0,0,765,900,423158243,1,77,0.0,0.0,37.25379180908203,28.561874389648438,1,0,0.6000000238418579,0,0,1,0,0,7,1,0,0,8,99,1,8.300000190734863,0.0,30.725082397460938,28.40812110900879,1.5,0,22,1.0,0.0,0.0,0,0,0
1780682986.4164338,0,0.3499999940395355,0,0,765,900,423158243,1,77,0.0,0.0,37.25379180908203,28.561874389648438,1,0,0.6000000238418579,0,0,1,0,0,7,1,0,0,8,99,1,8.300000190734863,0.0,30.891082763671875,28.40812110900879,1.5,0,22,1.0,0.0,0.0,0,0,0
1780682986.4358242,0,0.3499999940395355,0,0,765,900,423158243,1,77,0.0,0.0,37.25379180908203,28.561874389648438,1,0,0.6000000238418579,0,0,1,0,0,7,1,0,0,8,99,1,8.300000190734863,0.0,31.057003021240234,28.40812110900879,1.5,0,22,1.0,0.0,0.0,0,0,0
1780682986.455626,0,0.3499999940395355,0,0,765,900,423158243,1,77,0.0,0.0,37.25379180908203,28.561874389648438,1,0,0.6000000238418579,0,0,1,0,0,7,1,0,0,8,99,1,8.300000190734863,0.0,31.222999572753906,28.408123016357422,1.5,0,22,1.0,0.0,0.0,0,0,0
1780682986.476023,0,0.3499999940395355,0,0,765,900,423158243,1,77,0.0,0.0,37.25379180908203,28.561874389648438,1,0,0.6000000238418579,0,0,1,0,0,7,1,0,0,8,99,1,8.300000190734863,0.0,31.38908576965332,28.408119201660156,1.5,0,22,1.0,0.0,0.0,0,0,0
1780682986.4958973,0,0.3499999940395355,0,0,765,900,423158243,1,77,0.0,0.0,37.25379180908203,28.561874389648438,1,0,0.6000000238418579,0,0,1,0,0,7,1,0,0,8,99,1,8.300000190734863,0.0,31.555004119873047,28.408123016357422,1.5,0,22,1.0,0.0,0.0,0,0,0
1780682986.5160046,0,0.3499999940395355,0,0,765,900,423158243,1,77,0.0,0.0,37.25379180908203,28.561874389648438,1,0,0.6000000238418579,0,0,1,0,0,7,1,0,0,8,99,1,8.300000190734863,0.0,31.721006393432617,28.40812110900879,1.5,0,22,1.0,0.0,0.0,0,0,0
1780682986.535407,0,0.3499999940395355,0,0,765,900,423158243,7,77,0.0,0.0,37.25379180908203,28.561874389648438,1,0,0.6000000238418579,0,0,1,0,0,7,1,0,0,8,99,1,8.300000190734863,0.0,31.887006759643555,28.40812110900879,1.5,0,22,1.0,0.0,0.0,0,0,0
1780682986.5557733,0,0.3499999940395355,0,0,765,900,423158243,7,77,0.0,0.0,37.25379180908203,28.561874389648438,1,0,0.6000000238418579,0,0,1,0,0,7,1,0,0,8,99,1,8.300000190734863,0.0,32.05300521850586,28.40812110900879,1.5,0,22,1.0,0.0,0.0,0,0,0
1780682986.5759878,0,0.3499999940395355,0,0,765,900,423158243,7,77,0.0,0.0,37.25379180908203,28.561874389648438,1,0,0.6000000238418579,0,0,1,0,0,7,1,0,0,8,99,1,8.300000190734863,0.0,32.2190055847168,28.40812110900879,1.5,0,22,1.0,0.0,0.0,0,0,0
1780682986.5957038,0,0.3499999940395355,0,0,765,900,423158243,7,77,0.0,0.0,37.25379180908203,28.561874389648438,1,0,0.6000000238418579,0,0,1,0,0,7,1,0,0,8,99,1,8.300000190734863,0.0,32.38500213623047,28.408123016357422,1.5,0,22,1.0,0.0,0.0,0,0,0
1780682986.6157653,0,0.3499999940395355,0,0,765,900,423158243,7,77,0.0,0.0,37.25379180908203,28.561874389648438,1,0,0.6000000238418579,0,0,1,0,0,7,1,0,0,8,99,1,8.300000190734863,0.0,32.551002502441406,28.40812110900879,1.5,0,22,1.0,0.0,0.0,0,0,0
1780682986.636173,0,0.3499999940395355,0,0,765,900,423158243,7,77,0.0,0.0,37.25379180908203,28.561874389648438,1,0,0.6000000238418579,0,0,1,0,0,7,1,0,0,8,99,1,8.300000190734863,0.0,32.71708679199219,28.408119201660156,1.5,0,22,1.0,0.0,0.0,0,0,0
1780682986.6558075,0,0.3499999940395355,0,0,765,900,423158243,7,77,0.0,0.0,37.25379180908203,28.561874389648438,1,0,0.6000000238418579,0,0,1,0,0,7,1,0,0,8,99,1,8.300000190734863,0.0,32.883087158203125,28.40812110900879,1.5,0,22,1.0,0.0,0.0,0,0,0
1780682986.6756413,0,0.3499999940395355,0,0,765,900,423158243,7,77,0.0,0.0,37.25379180908203,28.561874389648438,1,0,0.6000000238418579,0,0,1,0,0,7,1,0,0,8,99,1,8.300000190734863,0.0,33.04908752441406,28.40812110900879,1.5,0,22,1.0,0.0,0.0,0,0,1
1780682986.6961124,0,0.3499999940395355,1,0,765,900,423158243,7,77,0.0,0.0,37.25379180908203,28.561874389648438,0,0,0.6000000238418579,0,0,1,0,0,7,1,1,0,8,99,1,8.300000190734863,0.0,33.215003967285156,28.408123016357422,1.5,0,22,1.0,0.0,0.0,0,0,1
1780682986.7159688,0,0.3499999940395355,1,0,765,900,423158243,7,77,0.0,0.0,37.25379180908203,28.561874389648438,0,0,0.6000000238418579,0,0,1,0,0,7,1,1,0,8,99,1,8.300000190734863,0.0,33.38100814819336,28.408123016357422,1.5,0,22,1.0,0.0,0.0,0,0,1
1780682986.7356067,0,0.3499999940395355,1,0,765,900,423158243,7,77,0.0,0.0,37.25379180908203,28.561874389648438,0,0,0.6000000238418579,0,0,1,0,0,7,1,1,0,8,99,1,8.300000190734863,0.0,33.5470085144043,28.408123016357422,1.5,0,22,1.0,0.0,0.0,0,0,1
1780682986.7562468,0,0.3499999940395355,1,0,744,900,423158243,7,77,0.0,0.0,37.25379180908203,28.561874389648438,0,0,0.6000000238418579,0,0,1,0,0,7,1,1,0,8,99,1,-3.75,0.0,33.71308898925781,28.40812110900879,1.5,0,33,1.0,0.0,0.0,0,0,1
1780682986.7759871,0,0.3499999940395355,1,0,744,900,423158243,7,77,0.0,0.0,37.423744201660156,28.561874389648438,0,0,0.6000000238418579,0,0,1,0,0,7,1,1,0,8,99,1,-3.75,0.0,33.7381477355957,28.40812110900879,1.5,0,33,1.0,0.0,0.0,0,0,1
1780682986.7959366,0,0.3499999940395355,1,0,744,900,423158243,7,77,0.0,0.0,37.421531677246094,28.561874389648438,1,0,0.6000000238418579,0,0,1,0,0,7,1,1,0,8,99,1,-3.75,0.0,33.66314697265625,28.408119201660156,1.5,0,33,1.0,0.0,0.0,0,0,0
1780682986.8158858,0,0.3499999940395355,1,0,744,900,423158243,7,77,0.0,0.0,37.42011642456055,28.561874389648438,1,0,0.6000000238418579,0,0,1,0,0,7,1,1,0,8,99,1,-3.75,0.0,33.5881462097168,28.40812110900879,1.5,0,33,1.0,0.0,0.0,0,0,0
1780682986.835839,0,0.3499999940395355,1,0,744,900,423158243,7,77,0.0,0.0,37.41920852661133,28.561874389648438,1,0,0.6000000238418579,0,0,1,0,0,7,1,1,0,8,99,1,-3.75,0.0,33.513145446777344,28.408123016357422,1.5,0,33,1.0,0.0,0.0,0,0,0
1780682986.8558028,0,0.3499999940395355,1,0,744,900,423158243,7,77,0.0,0.0,37.41862869262695,28.561874389648438,1,0,0.6000000238418579,0,0,1,0,0,7,1,1,0,8,99,1,-3.75,0.0,33.438148498535156,28.408123016357422,1.5,0,33,1.0,0.0,0.0,0,0,0
1780682986.8758974,0,0.3499999940395355,1,0,744,900,423158243,10,77,-10.102184295654297,41.0,37.41825866699219,28.561874389648438,1,0,0.6000000238418579,0,0,1,0,0,7,1,1,0,8,99,1,-3.75,0.0,33.3631477355957,28.408119201660156,1.5,0,33,1.0,0.0,0.0,0,0,0
1780682986.895946,0,0.3499999940395355,1,0,744,900,423158243,10,77,-10.102184295654297,39.20000076293945,37.21621322631836,29.345874786376953,1,0,0.6000000238418579,0,0,1,0,0,7,1,1,0,8,99,1,-3.75,0.0,33.28814697265625,28.408119201660156,1.5,0,33,1.0,0.0,0.0,0,0,0
1780682986.9160464,0,0.3499999940395355,1,0,744,900,423158243,10,77,-10.102184295654297,37.400001525878906,37.01416778564453,30.093873977661133,1,0,0.6000000238418579,0,0,1,0,0,7,1,1,0,8,99,1,-3.75,0.0,33.21318435668945,28.408119201660156,1.5,0,33,1.0,0.0,0.0,0,0,0
1780682986.9358947,0,0.3499999940395355,1,0,744,900,423158243,10,77,-10.102184295654297,35.60000228881836,36.8121223449707,30.80587387084961,1,0,0.6000000238418579,0,0,1,0,0,7,1,1,0,8,99,1,-3.75,0.0,33.13818359375,28.408119201660156,1.5,0,33,1.0,0.0,0.0,0,0,0
1780682986.9558141,0,0.3499999940395355,1,0,744,900,423158243,10,77,-10.102184295654297,33.80000305175781,36.610076904296875,31.481874465942383,1,0,0.6000000238418579,0,0,1,0,0,7,1,1,0,8,99,1,8.300000190734863,0.0,33.204071044921875,28.40812110900879,1.5,0,33,1.0,0.0,0.0,0,0,0
1780682986.9759305,0,0.3499999940395355,1,0,744,900,423158243,10,77,-10.102184295654297,32.000003814697266,36.40803146362305,32.12187194824219,1,0,0.6000000238418579,0,0,1,0,0,7,1,1,0,8,99,1,8.300000190734863,0.0,33.37007141113281,28.408119201660156,1.5,0,33,1.0,0.0,0.0,0,0,0
1780682986.9962893,0,0.3499999940395355,1,0,744,900,423158243,10,77,-10.102184295654297,30.20000457763672,36.20598602294922,32.72587203979492,1,0,0.6000000238418579,0,0,1,0,0,7,0,1,0,8,99,1,8.300000190734863,0.0,33.53607177734375,28.40812110900879,1.5,0,33,1.0,0.0,0.0,0,0,0
1780682987.0160215,0,0.3499999940395355,1,0,744,900,423158243,10,77,-10.102184295654297,28.400005340576172,36.00394058227539,33.29387283325195,1,0,0.6000000238418579,0,0,1,0,0,7,0,1,0,8,99,1,8.300000190734863,0.0,33.701988220214844,28.408119201660156,1.5,0,33,1.0,0.0,0.0,0,0,0
1780682987.0357444,0,0.3499999940395355,1,0,744,900,423158243,10,77,-10.102184295654297,26.600006103515625,35.80189514160156,33.82587432861328,1,0,0.6000000238418579,0,0,1,0,0,7,0,1,0,8,99,1,8.300000190734863,0.0,33.86798858642578,28.408119201660156,1.5,0,33,1.0,0.0,0.0,0,0,0
1780682987.0557666,0,0.3499999940395355,0,0,744,900,423158243,10,77,-10.102184295654297,24.800006866455078,35.599849700927734,34.32187271118164,1,0,0.6000000238418579,0,0,1,0,0,7,0,0,0,8,99,1,8.300000190734863,0.0,34.0340690612793,28.408123016357422,1.5,0,33,0.0,0.0,0.0,0,0,0
1780682987.0760999,0,0.3499999940395355,0,0,744,900,423158243,10,77,-10.102184295654297,23.00000762939453,35.397804260253906,34.7818717956543,1,0,0.6000000238418579,0,0,1,0,0,7,0,0,0,8,99,1,8.300000190734863,0.0,34.20006561279297,28.408119201660156,1.5,0,33,0.0,0.0,0.0,0,0,0
1780682987.095931,0,0.3499999940395355,0,0,744,900,423158243,10,77,-10.102184295654297,21.200008392333984,35.19575881958008,35.20587158203125,1,0,0.6000000238418579,0,0,1,0,0,7,0,0,0,8,99,1,0.0,0.0,34.269004821777344,28.408119201660156,1.5,0,33,0.0,0.0,0.0,0,0,0
1780682987.1160836,0,0.3499999940395355,0,0,744,900,423158243,10,77,-10.102184295654297,19.400009155273438,34.99371337890625,35.5938720703125,1,0,0.6000000238418579,0,0,1,0,0,7,0,0,0,8,99,1,0.0,0.0,34.269004821777344,28.408119201660156,1.5,0,33,0.0,0.0,0.0,0,0,0
1780682987.1360586,0,0.3499999940395355,0,0,744,900,423158243,10,77,-10.102184295654297,17.60000991821289,34.79166793823242,35.94587326049805,1,0,0.6000000238418579,0,0,1,0,0,7,0,0,0,8,99,1,0.0,0.0,34.269004821777344,28.408123016357422,1.5,0,33,0.0,0.0,0.0,0,0,0
1780682987.1559687,0,0.3499999940395355,0,0,744,900,423158243,10,77,-10.102184295654297,15.800010681152344,34.589622497558594,36.26187515258789,1,0,0.6000000238418579,0,0,1,0,0,7,0,0,0,8,99,1,0.0,0.0,34.269004821777344,28.408123016357422,1.5,0,33,0.0,0.0,0.0,0,0,0
1780682987.176022,0,0.3499999940395355,0,0,744,900,423158243,10,77,-10.102184295654297,14.000011444091797,34.387577056884766,36.541873931884766,1,0,0.6000000238418579,0,0,1,0,0,7,0,0,0,8,99,1,0.0,0.0,34.269004821777344,28.40812110900879,1.5,0,33,0.0,0.0,0.0,0,0,0
1780682987.1957684,0,0.3499999940395355,0,0,744,900,423158243,10,77,-10.102184295654297,12.20001220703125,34.18553161621094,36.78587341308594,1,0,0.6000000238418579,0,0,1,0,0,7,0,0,0,8,99,1,0.0,0.0,34.269004821777344,28.40812110900879,1.5,0,33,0.0,0.0,0.0,0,0,0
1780682987.2161381,0,0.3499999940395355,0,0,744,900,423158243,10,77,-10.102184295654297,10.400012969970703,33.98348617553711,36.993873596191406,1,0,0.6000000238418579,0,0,1,0,0,7,0,0,0,8,99,1,0.0,0.0,34.269004821777344,28.408119201660156,1.5,0,33,0.0,0.0,0.0,0,0,0
1780682987.2356305,0,0.3499999940395355,0,0,744,900,423158243,10,77,-10.102184295654297,8.600013732910156,33.78144073486328,37.16587448120117,1,0,0.6000000238418579,0,0,1,0,0,7,0,0,0,8,99,1,0.0,0.0,34.269004821777344,28.408123016357422,1.5,0,33,0.0,0.0,0.0,0,0,0
1780682987.255677,0,0.3499999940395355,0,0,744,900,423158243,10,77,-10.102184295654297,6.800014495849609,33.57939529418945,37.301876068115234,1,0,0.6000000238418579,0,0,1,0,0,7,0,0,0,8,99,1,0.0,0.0,34.269004821777344,28.40812110900879,1.5,0,33,0.0,0.0,0.0,0,0,0
1780682987.2756252,0,0.3499999940395355,0,0,744,900,423158243,10,77,-10.102184295654297,5.0000152587890625,33.377349853515625,37.40187454223633,1,0,0.6000000238418579,0,0,1,0,0,7,0,0,0,8,99,1,0.0,0.0,34.269004821777344,28.408123016357422,1.5,0,33,0.0,0.0,0.0,0,0,0
1780682987.2958868,0,0.3499999940395355,0,0,744,900,423158243,10,77,-10.102184295654297,3.2000160217285156,33.1753044128418,37.46587371826172,1,0,0.6000000238418579,0,0,1,0,0,7,0,0,0,8,99,1,0.0,0.0,34.269004821777344,28.408119201660156,1.5,0,33,0.0,0.0,0.0,0,0,0
1780682987.3160372,0,0.3499999940395355,0,0,744,900,423158243,10,77,-10.102184295654297,1.4000167846679688,32.97325897216797,37.493873596191406,1,0,0.6000000238418579,0,0,1,0,0,7,0,0,0,8,99,1,0.0,0.0,34.269004821777344,28.408119201660156,1.5,0,33,0.0,0.0,0.0,0,0,0
1780682987.3354902,0,0.3499999940395355,0,0,744,900,423158243,10,77,-10.102184295654297,-0.3999824523925781,32.77121353149414,37.48587417602539,1,0,0.6000000238418579,0,0,1,0,0,7,0,0,0,8,99,1,0.0,0.0,34.269004821777344,28.408123016357422,1.5,0,33,0.0,0.0,0.0,0,0,0
1780682987.3558855,0,0.3499999940395355,0,0,744,900,423158243,10,77,-10.102184295654297,-2.199981689453125,32.56916809082031,37.44187545776367,1,0,0.6000000238418579,0,0,1,0,0,7,0,0,0,8,99,1,0.0,0.0,34.269004821777344,28.40812110900879,1.5,0,33,0.0,0.0,0.0,0,0,0
1780682987.3758624,0,0.3499999940395355,0,0,744,900,423158243,10,77,-10.102184295654297,-3.999980926513672,32.367122650146484,37.36187744140625,1,0,0.6000000238418579,0,0,1,0,0,7,0,0,0,8,99,1,0.0,0.0,34.269004821777344,28.40812110900879,1.5,0,33,0.0,0.0,0.0,0,0,0
1780682987.3959327,0,0.3499999940395355,0,0,744,900,423158243,10,77,-10.102184295654297,-5.799980163574219,32.165077209472656,37.24587631225586,1,0,0.6000000238418579,0,0,1,0,0,7,0,0,0,8,99,1,0.0,0.0,34.269004821777344,28.40812110900879,1.5,0,33,0.0,0.0,0.0,0,0,0
1780682987.4162862,0,0.3499999940395355,0,0,744,900,423158243,10,77,-10.102184295654297,-7.599979400634766,31.963031768798828,37.093875885009766,1,0,0.6000000238418579,0,0,1,0,0,7,0,0,0,8,99,1,0.0,0.0,34.269004821777344,28.40812110900879,1.5,0,33,0.0,0.0,0.0,0,0,0
1780682987.4356341,0,0.3499999940395355,0,0,744,900,423158243,10,77,-10.102184295654297,-9.399978637695312,31.760988235473633,36.90587615966797,1,0,0.6000000238418579,0,0,1,0,0,7,0,0,0,8,99,1,0.0,0.0,34.269004821777344,28.408123016357422,1.5,0,33,0.0,0.0,0.0,0,0,0
1780682987.4557514,0,0.3499999940395355,0,0,744,900,423158243,10,77,-10.102184295654297,-11.19997787475586,31.558944702148438,36.68187713623047,1,0,0.6000000238418579,0,0,1,0,0,7,0,0,0,8,99,1,0.0,0.0,34.269004821777344,28.408119201660156,1.5,0,33,0.0,0.0,0.0,0,0,0
1780682987.4757266,0,0.3499999940395355,0,0,744,900,423158243,10,77,-10.102184295654297,-12.999977111816406,31.356901168823242,36.421878814697266,1,0,0.6000000238418579,0,0,1,0,0,7,0,0,0,8,99,1,0.0,0.0,34.269004821777344,28.40812110900879,1.5,0,33,0.0,0.0,0.0,0,0,0
1780682987.4959576,0,0.3499999940395355,0,0,744,900,423158243,10,77,-10.102184295654297,-14.799976348876953,31.154857635498047,36.12588119506836,1,0,0.6000000238418579,0,0,1,0,0,7,0,0,0,8,99,1,0.0,0.0,34.269004821777344,28.40812110900879,1.5,0,33,0.0,0.0,0.0,0,0,0
1780682987.5162039,0,0.3499999940395355,0,0,744,900,423158243,10,77,-10.102184295654297,-16.5999755859375,30.95281410217285,35.793880462646484,1,0,0.6000000238418579,0,0,1,0,0,7,0,0,0,8,99,1,0.0,0.0,34.269004821777344,28.408123016357422,1.5,0,33,0.0,0.0,0.0,0,0,0
1780682987.535538,0,0.3499999940395355,0,0,744,900,423158243,10,77,-10.102184295654297,-18.399974822998047,30.750770568847656,35.425880432128906,1,0,0.6000000238418579,0,0,1,0,0,7,0,0,0,8,99,1,0.0,0.0,34.269004821777344,28.408119201660156,1.5,0,33,0.0,0.0,0.0,0,0,0
1780682987.5560033,0,0.3499999940395355,0,0,744,900,423158243,10,77,-10.102184295654297,-20.199974060058594,30.54872703552246,35.021881103515625,1,0,0.6000000238418579,0,0,1,0,0,7,0,0,0,8,99,1,0.0,0.0,34.269004821777344,28.408123016357422,1.5,0,33,0.0,0.0,0.0,0,0,0
1780682987.576749,0,0.3499999940395355,0,0,744,900,423158243,10,77,-10.102184295654297,-21.99997329711914,30.346683502197266,34.58188247680664,1,0,0.6000000238418579,0,0,1,0,0,7,0,0,0,8,99,1,0.0,0.0,34.269004821777344,28.408119201660156,1.5,0,33,0.0,0.0,0.0,0,0,0
1780682987.5993204,0,0.3499999940395355,0,0,744,900,423158243,14,77,-0.0,-0.0,30.14463996887207,34.10588455200195,1,0,0.6000000238418579,0,0,1,0,0,7,0,0,0,8,99,1,0.0,0.0,34.269004821777344,28.40812110900879,1.5,0,33,0.0,0.0,0.0,0,0,0
1780682987.618794,0,0.3499999940395355,0,0,744,900,423158243,14,77,0.0,0.0,30.14463996887207,34.10588455200195,1,0,0.6000000238418579,0,0,1,0,0,7,0,0,0,8,99,1,0.0,0.0,34.269004821777344,28.40812110900879,1.5,0,33,0.0,0.0,0.0,0,0,0
1780682987.6383429,0,0.3499999940395355,0,0,744,900,423158243,14,77,0.0,0.0,30.14463996887207,34.10588455200195,1,0,0.6000000238418579,0,0,1,0,0,7,0,0,0,8,99,1,0.0,0.0,34.269004821777344,28.408119201660156,1.5,0,33,0.0,0.0,0.0,0,0,0
1780682987.6577287,0,0.3499999940395355,0,0,744,900,423158243,14,77,0.0,0.0,30.14463996887207,34.10588455200195,1,0,0.6000000238418579,0,0,1,0,0,7,0,0,0,8,99,1,0.0,0.0,34.269004821777344,28.408119201660156,1.5,0,33,-1.0,0.0,0.0,0,0,0
1780682987.6775432,0,0.3499999940395355,0,0,744,900,423158243,14,77,0.0,0.0,30.14463996887207,34.10588455200195,1,0,0.6000000238418579,0,0,1,0,0,7,0,0,0,8,99,1,0.0,0.0,34.269004821777344,28.40812110900879,1.5,0,33,-1.0,0.0,0.0,0,0,0
1780682987.6966403,0,0.3499999940395355,0,0,744,900,423158243,14,77,0.0,0.0,30.14463996887207,34.10588455200195,1,0,0.6000000238418579,0,0,0,0,0,7,0,0,0,8,99,1,-8.300000190734863,0.0,34.172027587890625,28.408123016357422,1.5,0,33,-1.0,0.0,0.0,0,0,0
1780682987.7163138,0,0.3499999940395355,0,0,744,900,423158243,14,77,0.0,0.0,30.14463996887207,34.10588455200195,1,0,0.6000000238418579,0,0,0,0,0,7,0,0,0,8,99,1,-8.300000190734863,0.0,34.005943298339844,28.40812110900879,1.5,0,33,-1.0,0.0,0.0,0,0,0
1780682987.7355995,0,0.3499999940395355,0,0,744,900,423158243,14,77,0.0,0.0,30.14463996887207,34.10588455200195,1,0,0.6000000238418579,0,0,0,0,0,7,0,0,0,8,99,1,-8.300000190734863,0.0,33.84002685546875,28.408119201660156,1.5,0,33,-1.0,0.0,0.0,0,0,0
1780682987.7558098,0,0.3499999940395355,0,0,744,900,423158243,14,77,0.0,0.0,30.14463996887207,34.10588455200195,1,0,0.6000000238418579,0,0,0,0,0,7,0,0,0,8,99,1,-8.300000190734863,0.0,33.67402648925781,28.408119201660156,1.5,0,33,-1.0,0.0,0.0,0,0,0
1780682987.7760372,0,0.3499999940395355,0,0,744,900,423158243,14,77,0.0,0.0,30.14463996887207,34.10588455200195,1,0,0.6000000238418579,0,0,0,0,0,7,0,0,0,8,99,1,-8.300000190734863,0.0,33.508026123046875,28.40812110900879,1.5,0,33,-1.0,0.0,0.0,0,0,0
1780682987.7959282,0,0.3499999940395355,0,0,744,900,423158243,14,77,0.0,0.0,30.14463996887207,34.10588455200195,1,0,0.6000000238418579,0,0,0,0,0,7,0,0,0,8,99,1,-8.300000190734863,0.0,33.34202575683594,28.40812110900879,1.5,0,33,-1.0,0.0,0.0,0,0,0
1780682987.8162694,0,0.3499999940395355,0,0,744,900,423158243,14,77,0.0,0.0,30.14463996887207,34.10588455200195,1,0,0.6000000238418579,0,0,0,0,0,7,0,0,0,8,99,1,-8.300000190734863,0.0,33.176029205322266,28.40812110900879,1.5,0,33,-1.0,0.0,0.0,0,0,0
1780682987.8360133,0,0.3499999940395355,0,0,744,900,423158243,14,77,0.0,0.0,30.14463996887207,34.10588455200195,1,0,0.6000000238418579,0,0,0,0,0,7,0,0,0,8,99,1,-8.300000190734863,0.0,33.01002883911133,28.408123016357422,1.5,0,33,-1.0,0.0,0.0,0,0,0
1780682987.8556828,0,0.3499999940395355,0,0,744,900,423158243,14,77,0.0,0.0,30.14463996887207,34.10588455200195,1,0,0.6000000238418579,0,0,0,0,0,7,0,0,0,8,99,1,-8.300000190734863,0.0,32.84394454956055,28.40812110900879,1.5,0,33,-1.0,0.0,0.0,0,0,0
1780682987.875751,0,0.3499999940395355,0,0,744,900,423158243,14,77,0.0,0.0,30.14463996887207,34.10588455200195,1,0,0.6000000238418579,0,0,0,0,0,7,0,0,0,8,99,1,-8.300000190734863,0.0,32.677940368652344,28.408119201660156,1.5,0,33,-1.0,0.0,0.0,0,0,0
1780682987.8958697,0,0.3499999940395355,0,0,744,900,423158243,14,77,0.0,0.0,30.14463996887207,34.10588455200195,1,0,0.6000000238418579,0,0,0,0,0,7,0,0,0,8,99,1,-8.300000190734863,0.0,32.51194763183594,28.408123016357422,1.5,0,33,-1.0,0.0,0.0,0,0,0
1780682987.9163833,0,0.3499999940395355,0,0,744,900,423158243,14,77,0.0,0.0,30.14463996887207,34.10588455200195,1,0,0.6000000238418579,0,0,0,0,0,7,0,0,0,8,99,1,-8.300000190734863,0.0,32.34602737426758,28.40812110900879,1.5,0,33,-1.0,0.0,0.0,0,0,0
1780682987.9358854,0,0.3499999940395355,0,0,744,900,423158243,14,77,0.0,0.0,30.14463996887207,34.10588455200195,1,0,0.6000000238418579,0,0,0,0,0,7,0,0,0,8,99,1,-8.300000190734863,0.0,32.180023193359375,28.408119201660156,1.5,0,33,0.0,0.0,0.0,0,0,0
1780682987.955896,0,0.3499999940395355,0,0,744,900,423158243,14,77,0.0,0.0,30.14463996887207,34.10588455200195,1,0,0.6000000238418579,0,0,0,0,0,7,0,0,0,8,99,1,-8.300000190734863,0.0,32.01394271850586,28.40812110900879,1.5,0,33,0.0,0.0,0.0,0,0,0
1780682987.976028,0,0.3499999940395355,0,0,744,900,423158243,14,77,0.0,0.0,30.14463996887207,34.10588455200195,1,0,0.6000000238418579,0,0,0,0,0,7,0,0,0,8,99,1,0.0,0.0,31.94499969482422,28.40812110900879,1.5,0,33,0.0,0.0,0.0,0,0,0
1780682987.996171,0,0.3499999940395355,0,0,744,900,423158243,14,77,0.0,0.0,30.14463996887207,34.10588455200195,1,0,0.6000000238418579,0,0,0,0,0,7,0,0,0,8,99,1,0.0,0.0,31.94499969482422,28.408123016357422,1.5,0,33,0.0,0.0,0.0,0,0,0
1780682988.0161908,0,0.3499999940395355,0,0,744,900,423158243,14,77,0.0,0.0,30.14463996887207,34.10588455200195,1,0,0.6000000238418579,0,0,0,0,0,7,0,0,0,8,99,1,0.0,0.0,31.94499969482422,28.40812110900879,1.5,0,33,0.0,0.0,0.0,0,0,0
1780682988.0360537,0,0.3499999940395355,0,0,744,900,423158243,15,77,16.620136260986328,-24.97540855407715,30.14463996887207,34.10588455200195,1,0,0.6000000238418579,0,0,0,0,0,7,0,0,0,8,99,1,0.0,0.0,31.94499969482422,28.408123016357422,1.5,0,33,0.0,0.0,0.0,0,0,0
1780682988.055902,0,0.3499999940395355,0,0,744,900,423158243,15,77,16.620136260986328,-24.97540855407715,30.47704315185547,33.60637664794922,1,0,0.6000000238418579,0,0,0,0,0,7,0,0,0,8,99,1,0.0,0.0,31.94499969482422,28.408119201660156,1.5,0,33,0.0,0.0,0.0,0,0,0
1780682988.076045,0,0.3499999940395355,0,0,744,900,423158243,15,77,16.620136260986328,-24.97540855407715,30.809446334838867,33.106868743896484,1,0,0.6000000238418579,0,0,0,0,0,7,0,0,0,8,99,1,0.0,0.0,31.94499969482422,28.408119201660156,1.5,0,33,0.0,0.0,0.0,0,0,0
1780682988.095776,0,0.3499999940395355,0,0,744,900,423158243,15,77,16.620136260986328,-24.97540855407715,31.141849517822266,32.60736083984375,1,0,0.6000000238418579,0,0,0,0,0,7,0,0,0,8,99,1,0.0,0.0,31.94499969482422,28.408123016357422,1.5,0,33,0.0,0.0,0.0,0,0,0
1780682988.1159754,0,0.3499999940395355,0,0,744,900,423158243,15,77,16.620136260986328,-24.97540855407715,31.474252700805664,32.107852935791016,1,0,0.6000000238418579,0,0,0,0,0,7,0,0,0,8,99,1,0.0,0.0,31.94499969482422,28.40812110900879,1.5,0,33,0.0,0.0,0.0,0,0,0
1780682988.1361713,0,0.3499999940395355,0,0,744,900,423158243,15,77,16.620136260986328,-24.97540855407715,31.806655883789062,31.60834503173828,1,0,0.6000000238418579,0,0,0,0,0,7,0,0,0,8,99,1,0.0,0.0,31.94499969482422,28.408123016357422,1.5,0,33,0.0,0.0,0.0,0,0,0
1780682988.1566696,0,0.3499999940395355,0,0,744,900,423158243,15,77,16.620136260986328,-24.97540855407715,32.13905715942383,31.108837127685547,1,0,0.6000000238418579,0,0,0,0,0,7,0,0,0,8,99,1,0.0,0.0,31.94499969482422,28.40812110900879,1.5,0,33,0.0,0.0,0.0,0,0,0
1780682988.176076,0,0.3499999940395355,0,0,744,900,423158243,15,77,16.620136260986328,-24.97540855407715,32.471458435058594,30.609329223632812,1,0,0.6000000238418579,0,0,0,0,0,7,0,0,0,8,99,1,0.0,0.0,31.94499969482422,28.408123016357422,1.5,0,33,0.0,0.0,0.0,0,0,0
1780682988.1959214,0,0.3499999940395355,0,0,744,900,423158243,15,77,16.620136260986328,-24.97540855407715,32.80385971069336,30.109821319580078,1,0,0.6000000238418579,0,0,0,0,0,7,0,0,0,8,99,1,0.0,0.0,31.94499969482422,28.408123016357422,1.5,0,33,0.0,0.0,0.0,0,0,0
1780682988.2160761,0,0.3499999940395355,0,0,744,900,423158243,15,77,16.620136260986328,-24.97540855407715,33.136260986328125,29.610313415527344,1,0,0.6000000238418579,0,0,0,0,0,7,0,0,0,8,99,1,0.0,0.0,31.94499969482422,28.408119201660156,1.5,0,33,0.0,0.0,0.0,0,0,0
1780682988.235479,0,0.3499999940395355,0,0,744,900,423158243,15,77,16.620136260986328,-24.97540855407715,33.46866226196289,29.11080551147461,1,0,0.6000000238418579,0,0,0,0,0,7,0,0,0,8,99,1,0.0,0.0,31.94499969482422,28.408123016357422,1.5,0,33,0.0,0.0,0.0,0,0,0
1780682988.2559965,0,0.3499999940395355,0,0,744,900,423158243,15,77,16.620136260986328,-24.97540855407715,33.801063537597656,28.611297607421875,1,0,0.6000000238418579,0,0,0,0,0,7,0,0,0,8,99,1,0.0,0.0,31.94499969482422,28.40812110900879,1.5,0,33,0.0,0.0,0.0,0,0,0
1780682988.2756534,0,0.3499999940395355,0,0,744,900,423158243,15,77,16.620136260986328,-24.97540855407715,34.13346481323242,28.11178970336914,1,0,0.6000000238418579,0,0,0,0,0,7,0,0,0,8,99,1,0.0,0.0,31.94499969482422,28.40812110900879,1.5,0,33,0.0,0.0,0.0,0,0,0
1780682988.2959752,0,0.3499999940395355,0,0,744,900,423158243,15,77,16.620136260986328,-24.97540855407715,34.46586608886719,27.612281799316406,1,0,0.6000000238418579,0,0,0,0,0,7,0,0,0,8,99,1,0.0,0.0,31.94499969482422,28.40812110900879,1.5,0,33,0.0,0.0,0.0,0,0,0
1780682988.3161464,0,0.3499999940395355,0,0,744,900,423158243,47,77,13.296109199523926,0.0,34.79826736450195,27.549999237060547,1,0,0.6000000238418579,0,0,0,0,0,7,0,0,0,8,99,1,0.0,0.0,31.94499969482422,28.408119201660156,1.5,0,33,0.0,0.0,0.0,0,0,0
1780682988.3358893,0,0.3499999940395355,0,0,744,900,423158243,47,77,10.636887550354004,0.0,35.01100540161133,28.295839309692383,1,0,0.6000000238418579,0,0,0,0,0,7,0,0,0,8,99,1,0.0,0.0,31.94499969482422,28.408123016357422,1.5,0,33,1.0,-1.0,0.0,0,0,0
1780682988.3561823,0,0.3499999940395355,0,0,744,900,423158243,47,77,8.509510040283203,0.0,35.18119430541992,28.492136001586914,1,0,0.6000000238418579,0,0,0,0,0,7,0,0,0,8,99,1,0.0,0.0,31.94499969482422,28.408123016357422,1.5,0,33,1.0,-1.0,0.0,0,0,0
1780682988.376124,0,0.3499999940395355,0,0,744,900,423158243,47,77,6.807608127593994,0.0,35.317344665527344,28.54359245300293,1,0,0.6000000238418579,0,0,1,0,0,7,0,0,0,8,99,1,8.300000190734863,0.0,32.04196548461914,28.40812110900879,1.5,0,33,1.0,-1.0,0.0,0,0,0
1780682988.3963592,0,0.3499999940395355,0,0,744,900,423158243,47,77,5.446086406707764,0.0,35.426265716552734,28.55708122253418,1,0,0.6000000238418579,0,0,1,0,0,7,0,0,0,8,99,1,8.300000190734863,0.0,32.20796585083008,28.40812110900879,1.5,0,33,1.0,-1.0,0.0,0,0,0
1780682988.41642,0,0.3499999940395355,0,0,744,900,423158243,47,77,4.356869220733643,0.0,35.513404846191406,28.558807373046875,1,0,0.6000000238418579,0,0,1,0,0,7,0,0,0,8,99,1,8.300000190734863,0.0,32.37396240234375,28.40812110900879,1.5,0,33,1.0,-1.0,0.0,0,0,0
1780682988.435915,0,0.3499999940395355,0,0,744,900,423158243,47,77,3.4854953289031982,0.0,35.58311462402344,28.559911727905273,1,0,0.6000000238418579,0,0,1,0,0,7,0,0,0,8,99,1,8.300000190734863,0.0,32.53996276855469,28.40812110900879,1.5,0,33,1.0,-1.0,0.0,0,0,0
1780682988.4561734,0,0.3499999940395355,0,0,744,900,423158243,47,77,2.7883963584899902,0.0,35.63888168334961,28.560619354248047,1,0,0.6000000238418579,0,0,1,0,0,7,0,0,0,8,99,1,8.300000190734863,0.0,32.70604705810547,28.40812110900879,1.5,0,33,1.0,-1.0,0.0,0,0,0
1780682988.4760077,0,0.3499999940395355,0,0,744,900,423158243,47,77,2.230717182159424,0.0,35.683494567871094,28.561071395874023,1,0,0.6000000238418579,0,0,1,0,0,7,0,0,0,8,99,1,8.300000190734863,0.0,32.87204360961914,28.40812110900879,1.5,0,33,1.0,-1.0,0.0,0,0,0
1780682988.4961054,0,0.3499999940395355,0,0,744,900,423158243,47,77,1.7845737934112549,0.0,35.71918487548828,28.561359405517578,1,0,0.6000000238418579,0,0,1,0,0,7,0,0,0,8,99,1,8.300000190734863,0.0,33.03804016113281,28.40812110900879,1.5,0,33,1.0,-1.0,0.0,0,0,0
1780682988.5160623,0,0.3499999940395355,0,0,744,900,423158243,47,77,1.427659034729004,0.0,35.747737884521484,28.56154441833496,1,0,0.6000000238418579,0,0,1,0,0,7,0,0,0,8,99,1,8.300000190734863,0.0,33.20404052734375,28.40812110900879,1.5,0,33,1.0,-1.0,0.0,0,0,0
1780682988.535897,0,0.3499999940395355,0,0,744,900,423158243,47,77,1.142127275466919,0.0,35.77058029174805,28.561664581298828,1,0,0.6000000238418579,0,0,1,0,0,7,0,0,0,8,99,1,8.300000190734863,0.0,33.36996078491211,28.408123016357422,1.5,0,33,1.0,-1.0,0.0,0,0,0
1780682988.5563738,0,0.3499999940395355,0,0,744,900,423158243,47,77,0.9137018322944641,0.0,35.78885269165039,28.56174087524414,1,0,0.6000000238418579,0,0,1,0,0,7,0,0,0,8,99,1,8.300000190734863,0.0,33.536041259765625,28.40812110900879,1.5,0,33,1.0,-1.0,0.0,0,0,1
1780682988.5762467,0,0.3499999940395355,1,0,744,900,423158243,47,77,0.7309615015983582,0.0,35.803470611572266,28.56178855895996,0,0,0.6000000238418579,0,0,1,0,0,7,0,1,0,8,99,1,8.300000190734863,0.0,33.70204544067383,28.40812110900879,1.5,0,33,1.0,-1.0,0.0,0,0,1
1780682988.5963736,0,0.3499999940395355,1,0,744,900,423158243,47,77,0.5847691893577576,0.0,35.81516647338867,28.561819076538086,0,0,0.6000000238418579,0,0,1,0,0,7,0,1,0,8,99,1,8.300000190734863,0.0,33.8680419921875,28.40812110900879,1.5,0,33,1.0,-1.0,0.0,0,0,1
1780682988.6164749,0,0.3499999940395355,1,0,723,900,423158243,47,77,0.4678153693675995,0.0,35.82452392578125,28.561840057373047,0,0,0.6000000238418579,0,0,1,0,0,7,0,1,0,8,99,1,-3.75,0.0,34.033958435058594,28.408119201660156,1.5,0,44,1.0,-1.0,0.0,0,0,1
1780682988.63632,0,0.3499999940395355,1,0,723,900,423158243,47,77,0.3742522895336151,0.0,36.13200759887695,28.561853408813477,0,0,0.6000000238418579,0,0,1,0,0,7,0,1,0,8,99,1,-3.75,0.0,34.05915832519531,28.408119201660156,1.5,0,44,1.0,-1.0,0.0,0,0,1
1780682988.6556785,0,0.3499999940395355,1,0,723,900,423158243,47,77,0.2994018495082855,0.0,36.43799591064453,28.561861038208008,0,0,0.6000000238418579,0,0,1,0,0,7,0,1,0,8,99,1,-3.75,0.0,33.984161376953125,28.40812110900879,1.5,0,44,1.0,-1.0,0.0,0,0,1
1780682988.675686,0,0.3499999940395355,1,0,723,900,423158243,47,77,0.23952148854732513,0.0,36.7427864074707,28.561864852905273,1,0,0.6000000238418579,0,0,1,0,0,7,0,1,0,8,99,1,-3.75,0.0,33.90916061401367,28.40812110900879,1.5,0,44,1.0,-1.0,0.0,0,0,0
1780682988.6962035,0,0.3499999940395355,1,0,723,900,423158243,47,77,0.1916171908378601,0.0,37.0466194152832,28.56186866760254,1,0,0.6000000238418579,0,0,1,0,0,7,0,1,0,8,99,1,-3.75,0.0,33.83415985107422,28.408119201660156,1.5,0,44,1.0,-1.0,0.0,0,0,0
1780682988.7161572,0,0.3499999940395355,1,0,723,900,423158243,47,77,0.15329375863075256,0.0,37.34968566894531,28.561870574951172,1,0,0.6000000238418579,0,0,1,0,0,7,0,1,0,8,99,1,-3.75,0.0,33.759193420410156,28.408119201660156,1.5,0,44,1.0,-1.0,0.0,0,0,0
1780682988.7357662,0,0.3499999940395355,1,0,723,900,423158243,47,77,0.12263500690460205,0.0,37.652137756347656,28.561870574951172,1,0,0.6000000238418579,0,0,1,0,0,7,0,1,0,8,99,1,-3.75,0.0,33.68419647216797,28.408123016357422,1.5,0,44,1.0,-1.0,0.0,0,0,0
1780682988.7561433,0,0.3499999940395355,1,0,723,900,423158243,47,77,0.0,0.0,37.65776062011719,28.561874389648438,1,0,0.6000000238418579,0,0,1,0,0,7,0,1,0,8,99,1,-3.75,0.0,33.60915756225586,28.408119201660156,1.5,0,44,1.0,-1.0,0.0,0,0,0
1780682988.7759128,0,0.3499999940395355,1,0,723,900,423158243,47,77,0.0,0.0,37.65774154663086,28.561874389648438,1,0,0.6000000238418579,0,0,1,0,0,7,0,1,0,8,99,1,-3.75,0.0,33.53419494628906,28.40812110900879,1.5,0,44,1.0,-1.0,0.0,0,0,0
1780682988.7957618,0,0.3499999940395355,1,0,723,900,423158243,47,77,0.0,0.0,37.6577262878418,28.561874389648438,1,0,0.6000000238418579,0,0,1,0,0,7,0,1,0,8,99,1,-3.75,0.0,33.459197998046875,28.408123016357422,1.5,0,44,1.0,-1.0,0.0,0,0,0
1780682988.8160355,0,0.3499999940395355,1,0,723,900,423158243,69,77,0.0,0.0,37.657718658447266,28.561874389648438,1,0,0.6000000238418579,0,0,1,0,0,7,0,1,0,8,99,1,8.300000190734863,0.0,33.52494430541992,28.408123016357422,1.5,0,44,1.0,-1.0,0.0,0,0,0
1780682988.8361604,0,0.3499999940395355,1,0,723,900,423158243,69,77,0.0,0.0,37.657711029052734,28.561874389648438,1,0,0.6000000238418579,0,0,1,0,0,7,0,1,0,8,99,1,8.300000190734863,0.0,33.69094467163086,28.408119201660156,1.5,0,44,1.0,-1.0,0.0,0,0,0
1780682988.8558228,0,0.3499999940395355,1,0,723,900,423158243,69,77,0.0,0.0,37.657711029052734,28.561874389648438,1,0,0.6000000238418579,0,0,1,0,0,7,0,1,0,8,99,1,8.300000190734863,0.0,33.85694122314453,28.40812110900879,1.5,0,44,1.0,-1.0,0.0,0,0,0
1780682988.8759124,0,0.3499999940395355,1,0,723,900,423158243,69,77,0.0,0.0,37.657711029052734,28.561874389648438,1,0,0.6000000238418579,0,0,1,0,0,7,0,1,0,8,99,1,8.300000190734863,0.0,34.02294158935547,28.40812110900879,1.5,0,44,1.0,-1.0,0.0,0,0,0
1780682988.895945,0,0.3499999940395355,1,0,723,900,423158243,69,77,0.0,0.0,37.657711029052734,28.561874389648438,1,0,0.6000000238418579,0,0,1,0,0,7,0,1,0,8,99,1,8.300000190734863,0.0,34.188941955566406,28.408119201660156,1.5,0,44,1.0,-1.0,0.0,0,0,0
1780682988.916078,0,0.3499999940395355,1,0,723,900,423158243,69,77,0.0,0.0,37.657711029052734,28.561874389648438,1,0,0.6000000238418579,0,0,1,0,0,7,0,1,0,8,99,1,8.300000190734863,0.0,34.35493850708008,28.408119201660156,1.5,0,44,1.0,-1.0,0.0,0,0,0
1780682988.9355848,0,0.3499999940395355,0,0,723,900,423158243,69,77,0.0,0.0,37.657711029052734,28.561874389648438,1,0,0.6000000238418579,0,0,1,0,0,7,0,0,0,8,99,1,8.300000190734863,0.0,34.520938873291016,28.40812110900879,1.5,0,44,1.0,-1.0,0.0,0,0,0
1780682988.9557724,0,0.3499999940395355,0,0,723,900,423158243,69,77,0.0,0.0,37.657711029052734,28.561874389648438,1,0,0.6000000238418579,0,0,1,0,0,7,0,0,0,8,99,1,8.300000190734863,0.0,34.68693923950195,28.40812110900879,1.5,0,44,1.0,-1.0,0.0,0,0,1
1780682988.9759815,0,0.3499999940395355,0,0,723,900,423158243,69,77,0.0,0.0,37.657711029052734,28.561874389648438,1,0,0.6000000238418579,0,0,1,0,0,7,0,0,0,8,99,1,8.300000190734863,0.0,34.85293960571289,28.40812110900879,1.5,0,44,1.0,-1.0,0.0,0,0,1
1780682988.996172,0,0.3499999940395355,1,0,723,900,423158243,69,77,0.0,0.0,37.657711029052734,28.561874389648438,0,0,0.6000000238418579,0,0,1,0,0,7,0,1,0,8,99,1,8.300000190734863,0.0,35.01893615722656,28.408119201660156,1.5,0,44,1.0,-1.0,0.0,0,0,1
1780682989.016594,0,0.3499999940395355,1,0,723,900,423158243,69,77,0.0,0.0,37.657711029052734,28.561874389648438,0,0,0.6000000238418579,0,0,1,0,0,7,0,1,0,8,99,1,8.300000190734863,0.0,35.1849365234375,28.408123016357422,1.5,0,44,1.0,-1.0,0.0,0,0,1
1780682989.0363677,0,0.3499999940395355,1,0,702,900,423158243,69,77,0.0,0.0,37.657711029052734,28.561874389648438,0,0,0.6000000238418579,0,0,1,0,0,7,0,1,0,8,99,1,-3.75,0.0,35.35093688964844,28.408119201660156,1.5,0,55,1.0,-1.0,0.0,0,0,1
1780682989.055886,0,0.3499999940395355,1,0,702,900,423158243,69,77,0.0,0.0,37.663848876953125,28.561874389648438,0,0,0.6000000238418579,0,0,1,0,0,7,0,1,0,8,99,1,-3.75,0.0,35.37616729736328,28.408119201660156,1.5,0,55,1.0,-1.0,0.0,0,0,1
1780682989.0756972,0,0.3499999940395355,1,0,702,900,423158243,45,77,8.0,0.0,37.66163635253906,28.561874389648438,0,0,0.6000000238418579,0,0,1,0,0,7,0,1,0,8,99,1,-3.75,0.0,35.30116653442383,28.40812110900879,1.5,0,55,1.0,0.0,0.0,0,0,1
1780682989.0957642,0,0.3499999940395355,1,0,702,900,423158243,35,77,0.0,0.0,37.660221099853516,28.561874389648438,1,0,0.6000000238418579,0,0,1,0,0,7,0,1,0,8,99,1,-3.75,0.0,35.226165771484375,28.40812110900879,1.5,0,55,1.0,0.0,0.0,0,0,0
1780682989.1159632,0,0.3499999940395355,1,0,702,900,423158243,35,77,0.0,0.0,36.81285858154297,28.561874389648438,1,0,0.6000000238418579,0,0,1,0,0,7,0,1,0,8,99,1,-3.75,0.0,35.15116882324219,28.408123016357422,1.5,0,55,0.0,0.0,0.0,0,0,0
1780682989.1363013,0,0.3499999940395355,1,0,702,900,423158243,35,77,0.0,0.0,36.580047607421875,28.561874389648438,1,0,0.6000000238418579,0,0,1,0,0,7,0,1,0,8,99,1,-3.75,0.0,35.07616424560547,28.408119201660156,1.5,0,55,0.0,0.0,0.0,0,0,0
1780682989.1563468,0,0.3499999940395355,1,0,702,900,423158243,35,77,0.0,0.0,36.51902770996094,28.561874389648438,1,0,0.6000000238418579,0,0,1,0,0,7,0,1,0,8,99,1,-3.75,0.0,35.001163482666016,28.408119201660156,1.5,0,55,0.0,0.0,0.0,0,0,0
1780682989.1760788,0,0.3499999940395355,1,0,702,900,423158243,35,77,0.0,0.0,36.503021240234375,28.561874389648438,1,0,0.6000000238418579,0,0,1,0,0,7,0,1,0,8,99,1,-3.75,0.0,34.92616271972656,28.40812110900879,1.5,0,55,0.0,0.0,0.0,0,0,0
1780682989.196356,0,0.3499999940395355,1,0,702,900,423158243,35,77,0.0,0.0,36.5009765625,28.561874389648438,1,0,0.6000000238418579,0,0,1,0,0,7,0,1,0,8,99,1,-3.75,0.0,34.85116195678711,28.408119201660156,1.5,0,55,0.0,0.0,0.0,0,0,0
1780682989.2158186,0,0.3499999940395355,1,0,702,900,423158243,35,77,0.0,0.0,36.499664306640625,28.561874389648438,1,0,0.6000000238418579,0,0,1,0,0,7,0,1,0,8,99,1,-3.75,0.0,34.77619552612305,28.408119201660156,1.5,0,55,0.0,0.0,0.0,0,0,0
1780682989.2356706,0,0.3499999940395355,1,0,702,900,423158243,35,77,0.0,0.0,36.49883270263672,28.561874389648438,1,0,0.6000000238418579,0,0,1,0,0,7,0,1,0,8,99,1,0.0,0.0,34.7449951171875,28.40812110900879,1.5,0,55,0.0,0.0,0.0,0,0,0
1780682989.2558794,0,0.3499999940395355,1,0,702,900,423158243,35,77,0.0,0.0,36.498291015625,28.561874389648438,1,0,0.6000000238418579,0,0,1,0,0,7,0,1,0,8,99,1,0.0,0.0,34.7449951171875,28.40812110900879,1.5,0,55,0.0,0.0,0.0,0,0,0
1780682989.2758675,0,0.3499999940395355,1,0,702,900,423158243,35,77,0.0,0.0,36.497947692871094,28.561874389648438,1,0,0.6000000238418579,0,0,1,0,0,7,0,1,0,8,99,1,0.0,0.0,34.7449951171875,28.408123016357422,1.5,0,55,0.0,0.0,0.0,0,0,0
1780682989.2958608,0,0.3499999940395355,1,0,702,900,423158243,35,77,0.0,0.0,36.49773406982422,28.561874389648438,1,0,0.6000000238418579,0,0,1,0,0,7,0,1,0,8,99,1,0.0,0.0,34.7449951171875,28.40812110900879,1.5,0,55,0.0,0.0,0.0,0,0,0
1780682989.315996,0,0.3499999940395355,1,0,702,900,423158243,35,77,0.0,0.0,36.497589111328125,28.561874389648438,1,0,0.6000000238418579,0,0,1,0,0,7,0,1,0,8,99,1,0.0,0.0,34.7449951171875,28.408123016357422,1.5,0,55,0.0,0.0,0.0,0,0,0
1780682989.3357613,0,0.3499999940395355,1,0,702,900,423158243,35,77,0.0,0.0,36.49749755859375,28.561874389648438,1,0,0.6000000238418579,0,0,1,0,0,7,0,1,0,8,99,1,0.0,0.0,34.7449951171875,28.40812110900879,1.5,0,55,0.0,0.0,0.0,0,0,0
1780682989.3556495,0,0.3499999940395355,0,0,702,900,423158243,35,77,0.0,0.0,36.49744415283203,28.561874389648438,1,0,0.6000000238418579,0,0,1,0,0,7,0,0,0,8,99,1,0.0,0.0,34.7449951171875,28.40812110900879,1.5,0,55,0.0,0.0,0.0,0,0,0
1780682989.3759003,0,0.3499999940395355,0,0,702,900,423158243,35,77,0.0,0.0,36.497406005859375,28.561874389648438,1,0,0.6000000238418579,0,0,1,0,0,7,0,0,0,8,99,1,0.0,0.0,34.7449951171875,28.40812110900879,1.5,0,55,0.0,0.0,0.0,0,0,1
1780682989.396395,0,0.3499999940395355,0,0,702,900,423158243,35,77,0.0,0.0,36.49738311767578,28.561874389648438,1,0,0.6000000238418579,0,0,1,0,0,7,0,0,0,8,99,1,0.0,0.0,34.7449951171875,28.40812110900879,1.5,0,55,0.0,0.0,0.0,0,0,1
1780682989.4162447,0,0.3499999940395355,1,0,702,900,423158243,35,77,0.0,0.0,36.49736785888672,28.561874389648438,0,0,0.6000000238418579,0,0,1,0,0,7,0,1,0,8,99,1,0.0,0.0,34.7449951171875,28.40812110900879,1.5,0,55,0.0,0.0,0.0,0,0,1
1780682989.4362502,0,0.3499999940395355,1,0,702,900,423158243,35,77,0.0,0.0,36.49736022949219,28.561874389648438,0,0,0.6000000238418579,0,0,1,0,0,7,0,1,0,8,99,1,0.0,0.0,34.7449951171875,28.40812110900879,1.5,0,55,0.0,0.0,0.0,0,0,1
1780682989.456137,0,0.3499999940395355,1,0,681,900,423158243,35,77,0.0,0.0,36.497352600097656,28.561874389648438,0,0,0.6000000238418579,0,0,1,0,0,7,0,1,0,8,99,1,-3.75,0.0,34.7449951171875,28.40812110900879,1.5,0,66,0.0,0.0,0.0,0,0,1
1780682989.4760137,0,0.3499999940395355,1,0,681,900,423158243,35,77,0.0,0.0,36.497398376464844,28.561874389648438,0,0,0.6000000238418579,0,0,1,0,0,7,0,1,0,8,99,1,-3.75,0.0,34.70116424560547,28.408123016357422,1.5,0,66,0.0,0.0,0.0,0,0,1
1780682989.4958603,0,0.3499999940395355,1,0,681,900,423158243,35,77,0.0,0.0,36.49737548828125,28.561874389648438,0,0,0.6000000238418579,0,0,1,0,0,7,0,1,0,8,99,1,-3.75,0.0,34.626163482666016,28.408123016357422,1.5,0,66,0.0,0.0,0.0,0,0,0
1780682989.5161147,0,0.3499999940395355,1,0,681,900,423158243,35,77,0.0,0.0,36.49736785888672,28.561874389648438,1,0,0.6000000238418579,0,0,1,0,0,7,0,1,0,8,99,1,-3.75,0.0,34.55116271972656,28.40812110900879,1.5,0,66,0.0,0.0,0.0,0,0,0
1780682989.5361466,0,0.3499999940395355,1,0,681,900,423158243,35,77,0.0,0.0,36.49736022949219,28.561874389648438,1,0,0.6000000238418579,0,0,1,0,0,7,0,1,0,8,99,1,-3.75,0.0,34.476200103759766,28.408123016357422,1.5,0,66,0.0,0.0,0.0,0,0,0
1780682989.5559733,0,0.3499999940395355,1,0,681,900,423158243,35,77,0.0,0.0,36.497352600097656,28.561874389648438,1,0,0.6000000238418579,0,0,1,0,0,7,0,1,0,8,99,1,-3.75,0.0,34.40119934082031,28.40812110900879,1.5,0,66,0.0,0.0,0.0,0,0,0
1780682989.5761669,0,0.3499999940395355,1,0,681,900,423158243,35,77,0.0,0.0,36.497344970703125,28.561874389648438,1,0,0.6000000238418579,0,0,1,0,0,7,0,1,0,8,99,1,-3.75,0.0,34.32619857788086,28.40812110900879,1.5,0,66,0.0,0.0,0.0,0,0,0
1780682989.5961704,0,0.3499999940395355,1,0,681,900,423158243,35,77,0.0,0.0,36.497344970703125,28.561874389648438,1,0,0.6000000238418579,0,0,1,0,0,7,0,1,0,8,99,1,-3.75,0.0,34.251197814941406,28.40812110900879,1.5,0,66,0.0,0.0,0.0,0,0,0
1780682989.6168082,0,0.3499999940395355,1,0,681,900,423158243,35,77,0.0,0.0,36.497344970703125,28.561874389648438,1,0,0.6000000238418579,0,0,1,0,0,7,0,1,0,8,99,1,-3.75,0.0,34.17620086669922,28.40812110900879,1.5,0,66,0.0,0.0,0.0,1,0,0
1780682989.636161,0,0.3499999940395355,1,0,681,900,423158243,35,77,0.0,0.0,36.497344970703125,28.561874389648438,1,0,0.6000000238418579,0,0,1,0,0,7,0,1,0,8,99,1,-3.75,0.0,34.101158142089844,28.40812110900879,1.5,0,66,0.0,0.0,0.0,1,0,0
1780682989.6563096,0,0.3499999940395355,1,0,681,900,423158243,35,77,0.0,0.0,36.497344970703125,28.561874389648438,1,0,0.6000000238418579,0,0,1,0,0,7,0,1,1,8,99,1,0.0,0.0,34.06998825073242,28.408119201660156,1.5,0,66,0.0,0.0,0.0,1,0,0
1780682989.676045,0,0.3499999940395355,1,0,681,900,423158243,35,77,0.0,0.0,36.497344970703125,28.561874389648438,1,0,0.6000000238418579,0,0,1,0,0,7,0,1,1,8,99,0,0.0,15.70199966430664,34.06998825073242,28.59164047241211,1.5,0,66,1.0,0.0,0.0,1,0,0
1780682989.6959202,0,0.3499999940395355,1,0,681,900,423158243,35,77,0.0,0.0,36.497344970703125,28.561874389648438,1,0,0.6000000238418579,0,0,1,0,0,7,0,1,1,8,99,0,0.0,15.70199966430664,34.06998825073242,28.905677795410156,1.5,0,66,1.0,0.0,0.0,1,0,0
1780682989.7161624,0,0.3499999940395355,1,0,681,900,423158243,35,77,0.0,0.0,36.497344970703125,28.561874389648438,1,0,0.6000000238418579,0,0,1,0,0,7,0,1,1,8,99,0,8.300000190734863,15.70199966430664,34.16691589355469,29.219562530517578,1.5,0,66,1.0,0.0,0.0,1,0,0
1780682989.7360075,0,0.3499999940395355,1,0,681,900,423158243,35,77,0.0,0.0,36.497344970703125,28.561874389648438,1,0,0.6000000238418579,0,0,1,0,0,7,0,1,1,8,99,0,8.300000190734863,15.70199966430664,34.33291244506836,29.533599853515625,1.5,0,66,1.0,0.0,0.0,1,0,0
1780682989.7563863,0,0.3499999940395355,1,0,681,900,423158243,35,77,0.0,0.0,36.497344970703125,28.561874389648438,1,0,0.6000000238418579,0,0,1,0,0,7,0,1,1,8,99,0,8.300000190734863,15.70199966430664,34.498992919921875,29.847793579101562,1.5,0,66,1.0,0.0,0.0,1,0,0
1780682989.7760499,0,0.3499999940395355,0,0,681,900,423158243,35,77,0.0,0.0,36.497344970703125,28.561874389648438,1,0,0.6000000238418579,0,0,1,0,0,7,0,0,1,8,99,0,8.300000190734863,15.70199966430664,34.66499328613281,30.161828994750977,1.5,0,66,1.0,-1.0,0.0,1,0,0
1780682989.7973769,0,0.3499999940395355,0,0,681,900,423158243,35,77,0.0,0.0,36.497344970703125,28.561874389648438,1,0,0.6000000238418579,0,0,1,0,0,7,0,0,1,8,99,0,8.300000190734863,15.70199966430664,34.83099365234375,30.475866317749023,1.5,0,66,1.0,-1.0,0.0,1,0,0
1780682989.8168314,0,0.3499999940395355,0,0,681,900,423158243,35,77,0.0,0.0,36.497344970703125,28.561874389648438,1,0,0.6000000238418579,0,0,1,0,0,7,0,0,1,8,99,0,8.300000190734863,15.70199966430664,34.996910095214844,30.789751052856445,1.5,0,66,1.0,-1.0,0.0,1,0,0
1780682989.8361857,0,0.3499999940395355,0,0,681,900,423158243,35,77,0.0,0.0,36.497344970703125,28.561874389648438,1,0,0.6000000238418579,0,0,1,0,0,7,0,0,1,8,99,0,8.300000190734863,15.70199966430664,35.16291046142578,31.10378646850586,1.5,0,66,1.0,-1.0,0.0,1,0,0
1780682989.8556085,0,0.3499999940395355,0,0,681,900,423158243,36,77,0.0,0.0,36.497344970703125,28.561874389648438,1,0,0.6000000238418579,0,0,1,0,0,7,0,0,1,8,99,0,8.300000190734863,15.70199966430664,35.32890701293945,31.41781997680664,1.5,0,66,1.0,-1.0,0.0,1,0,0
1780682989.8760788,0,0.3499999940395355,0,0,681,900,423158243,37,77,0.0,0.0,36.497344970703125,28.561874389648438,1,0,0.6000000238418579,0,0,1,0,0,7,0,0,0,8,99,0,8.300000190734863,14.753999710083008,35.49490737915039,31.72079086303711,1.5,0,66,1.0,-1.0,0.0,1,0,0
1780682989.8962548,0,0.3499999940395355,0,0,681,900,423158243,37,77,0.0,0.0,36.497344970703125,28.561874389648438,1,0,0.6000000238418579,0,0,1,0,0,7,0,0,0,8,99,0,8.300000190734863,13.805999755859375,35.66090774536133,32.004798889160156,1.5,0,66,0.0,-1.0,0.0,1,0,0
1780682989.915871,0,0.3499999940395355,0,0,681,900,423158243,37,77,0.0,0.0,36.497344970703125,28.561874389648438,1,0,0.6000000238418579,0,0,1,0,0,7,0,0,0,8,99,0,8.300000190734863,12.857999801635742,35.826904296875,32.26984405517578,1.5,0,66,0.0,-1.0,0.0,0,0,0
1780682989.935723,0,0.3499999940395355,0,0,681,900,423158243,37,77,0.0,0.0,36.497344970703125,28.561874389648438,1,0,0.6000000238418579,0,0,1,0,0,7,0,0,0,8,99,0,0.0,11.90999984741211,35.895992279052734,32.515933990478516,1.5,0,66,0.0,-1.0,0.0,0,0,0
1780682989.9567697,0,0.3499999940395355,0,0,681,900,423158243,37,77,0.0,0.0,36.497344970703125,28.561874389648438,1,0,0.6000000238418579,0,0,1,1,0,7,0,0,0,8,99,0,0.0,-0.9479996562004089,35.895992279052734,32.60399627685547,1.5,0,66,0.0,-1.0,0.0,0,0,0
1780682989.976421,0,0.3499999940395355,0,0,681,900,423158243,37,77,0.0,0.0,36.497344970703125,28.561874389648438,1,0,0.6000000238418579,0,0,1,1,0,7,0,0,0,8,99,0,0.0,-1.8959993124008179,35.895992279052734,32.573974609375,1.5,0,66,0.0,-1.0,0.0,0,0,0
1780682989.9961357,0,0.3499999940395355,0,0,681,900,423158243,37,77,0.0,0.0,36.497344970703125,28.561874389648438,1,0,0.6000000238418579,0,0,1,1,0,7,0,0,0,8,99,0,0.0,-2.843998908996582,35.895992279052734,32.524986267089844,1.5,0,66,0.0,-1.0,0.0,0,0,0
1780682990.016433,0,0.3499999940395355,0,0,681,900,423158243,37,77,0.0,0.0,36.497344970703125,28.561874389648438,1,0,0.6000000238418579,0,0,1,1,0,7,0,0,0,8,99,0,0.0,-3.7919986248016357,35.895992279052734,32.45703887939453,1.5,0,66,0.0,-1.0,0.0,0,1,0
1780682990.036399,0,0.3499999940395355,0,0,681,900,423158243,37,77,0.0,0.0,36.497344970703125,28.561874389648438,1,0,0.6000000238418579,0,0,1,1,0,7,0,0,0,8,99,0,0.0,-4.7399983406066895,35.895992279052734,32.37013244628906,1.5,0,66,0.0,-1.0,0.0,0,1,0
1780682990.056014,0,0.3499999940395355,0,0,681,900,423158243,37,77,0.0,0.0,36.497344970703125,28.561874389648438,1,0,0.6000000238418579,0,0,1,1,0,7,0,0,0,8,99,0,0.0,-5.687997817993164,35.895992279052734,32.26420593261719,1.5,0,66,0.0,-1.0,0.0,0,1,0
1780682990.0761116,0,0.3499999940395355,0,0,681,900,423158243,37,77,0.0,0.0,36.497344970703125,28.561874389648438,1,0,0.6000000238418579,0,0,1,1,0,7,0,0,0,8,99,0,0.0,-6.635997295379639,35.895992279052734,32.139373779296875,1.5,0,66,0.0,0.0,0.0,0,1,0
1780682990.0963054,0,0.3499999940395355,0,0,681,900,423158243,37,77,0.0,0.0,36.497344970703125,28.561874389648438,1,0,0.6000000238418579,0,0,1,1,0,7,0,0,0,8,99,0,0.0,-7.583996772766113,35.895992279052734,31.995574951171875,1.5,0,66,0.0,0.0,0.0,0,0,0
1780682990.1166546,0,0.3499999940395355,0,0,681,900,423158243,37,77,0.0,0.0,36.497344970703125,28.561874389648438,1,0,0.6000000238418579,0,0,1,1,0,7,0,0,0,8,99,0,0.0,-8.531996726989746,35.895992279052734,31.832820892333984,1.5,0,66,0.0,0.0,0.0,0,0,0
1780682990.135953,0,0.3499999940395355,0,0,681,900,423158243,37,77,0.0,0.0,36.497344970703125,28.561874389648438,0,0,0.6000000238418579,0,0,1,0,0,7,0,0,0,8,99,0,0.0,0.0,35.895992279052734,31.651100158691406,1.5,0,66,0.0,0.0,0.0,0,0,0
1780682990.1563585,0,0.3499999940395355,0,0,681,900,423158243,37,77,0.0,0.0,36.497344970703125,28.561874389648438,0,0,0.6000000238418579,0,0,1,0,0,7,0,0,0,8,99,0,0.0,0.0,35.895992279052734,31.572277069091797,1.5,0,66,0.0,0.0,0.0,0,0,0
1780682990.1761816,0,0.3499999940395355,0,0,681,900,423158243,37,77,0.0,0.0,36.497344970703125,28.561874389648438,0,0,0.6000000238418579,0,0,1,0,0,7,0,0,0,8,99,0,0.0,0.0,35.895992279052734,31.572277069091797,1.5,0,66,0.0,0.0,0.0,0,0,0
1780682990.1959617,0,0.3499999940395355,0,0,681,900,423158243,37,77,0.0,0.0,36.497344970703125,28.561874389648438,0,0,0.6000000238418579,0,0,1,0,0,7,0,0,0,8,99,0,0.0,0.0,35.895992279052734,31.572277069091797,1.5,0,66,0.0,0.0,0.0,0,0,0
1780682990.2159686,0,0.3499999940395355,0,0,681,900,423158243,37,77,0.0,0.0,36.497344970703125,28.561874389648438,0,0,0.6000000238418579,0,0,1,0,0,7,0,0,0,8,99,0,0.0,0.0,35.895992279052734,31.572277069091797,1.5,0,66,0.0,0.0,0.0,0,0,0
1780682990.2359726,0,0.3499999940395355,0,0,681,900,423158243,37,77,0.0,0.0,36.497344970703125,28.561874389648438,0,0,0.6000000238418579,0,0,1,0,0,7,0,0,0,8,99,0,0.0,0.0,35.895992279052734,31.572277069091797,1.5,0,66,0.0,0.0,0.0,0,0,0
1780682990.2558331,0,0.3499999940395355,0,0,681,900,423158243,37,77,0.0,0.0,36.497344970703125,28.561874389648438,0,0,0.6000000238418579,0,0,1,0,0,7,0,0,0,8,99,0,0.0,0.0,35.895992279052734,31.572277069091797,1.5,0,66,0.0,0.0,0.0,0,0,0
1780682990.2757618,0,0.3499999940395355,0,0,681,900,423158243,37,77,0.0,0.0,36.497344970703125,28.561874389648438,0,0,0.6000000238418579,0,0,1,0,0,7,0,0,0,8,99,0,0.0,0.0,35.895992279052734,31.572277069091797,1.5,0,66,0.0,0.0,0.0,0,0,0
1780682990.2959805,0,0.3499999940395355,0,0,681,900,423158243,37,77,0.0,0.0,36.497344970703125,28.561874389648438,0,0,0.6000000238418579,0,0,1,0,0,7,0,0,0,8,99,0,0.0,0.0,35.895992279052734,31.572277069091797,1.5,0,66,0.0,0.0,0.0,0,0,0
1780682990.3160865,0,0.3499999940395355,0,0,681,900,423158243,37,77,0.0,0.0,36.497344970703125,28.561874389648438,0,0,0.6000000238418579,0,0,1,0,0,7,0,0,0,8,99,0,0.0,0.0,35.895992279052734,31.572277069091797,1.5,0,66,0.0,0.0,0.0,0,0,0
1780682990.3353996,0,0.3499999940395355,0,0,681,900,423158243,37,77,0.0,0.0,36.497344970703125,28.561874389648438,0,0,0.6000000238418579,0,0,1,0,0,7,0,0,0,8,99,0,0.0,0.0,35.895992279052734,31.572277069091797,1.5,0,66,0.0,0.0,0.0,0,0,0
1780682990.3556943,0,0.3499999940395355,0,0,681,900,423158243,37,77,0.0,0.0,36.497344970703125,28.561874389648438,0,0,0.6000000238418579,0,0,1,0,0,7,0,0,0,8,99,0,0.0,0.0,35.895992279052734,31.572277069091797,1.5,0,66,0.0,0.0,0.0,0,0,0
1780682990.3759532,0,0.3499999940395355,0,0,681,900,423158243,37,77,0.0,0.0,36.497344970703125,28.561874389648438,0,0,0.6000000238418579,0,0,1,0,0,7,0,0,0,8,99,0,0.0,0.0,35.895992279052734,31.572277069091797,1.5,0,33,0.0,0.0,0.0,0,0,0
1780682990.3958397,0,0.3499999940395355,0,0,681,900,423158243,37,77,0.0,0.0,36.497344970703125,28.561874389648438,0,0,0.6000000238418579,0,0,1,1,0,7,0,0,0,8,99,0,0.0,-50.0,35.895992279052734,30.988529205322266,1.5,0,33,0.0,0.0,0.0,0,0,0
1780682990.415828,0,0.3499999940395355,0,0,666,900,423158243,37,77,0.0,0.0,36.497344970703125,28.561874389648438,0,0,0.6000000238418579,0,0,1,1,0,7,0,0,0,8,99,0,0.0,-50.0,35.895992279052734,29.988008499145508,1.5,0,33,0.0,0.0,0.0,0,0,0
1780682990.4359958,0,0.3499999940395355,0,0,666,900,423158243,37,77,0.0,0.0,36.497344970703125,28.561874389648438,0,0,0.6000000238418579,0,0,1,1,0,7,0,0,0,8,99,0,0.0,-50.0,35.895992279052734,28.98802375793457,1.5,0,33,0.0,0.0,0.0,0,0,0
1780682990.4557667,0,0.3499999940395355,0,0,666,900,423158243,37,77,0.0,0.0,36.497344970703125,28.561874389648438,0,0,0.6000000238418579,0,0,1,0,0,7,0,0,0,8,99,1,0.0,0.0,35.895992279052734,28.47634506225586,1.5,0,33,0.0,0.0,0.0,0,0,0
1780682990.4760196,0,0.3499999940395355,0,0,666,900,423158243,37,77,0.0,0.0,36.497344970703125,28.561874389648438,0,0,0.6000000238418579,0,0,1,0,0,7,0,0,0,8,99,1,0.0,0.0,35.895992279052734,28.40809440612793,1.5,0,33,0.0,0.0,0.0,0,0,0
1780682990.495992,0,0.3499999940395355,0,0,666,900,423158243,37,77,0.0,0.0,36.497344970703125,28.561874389648438,0,0,0.6000000238418579,0,0,1,0,0,7,0,0,0,8,99,1,0.0,0.0,35.895992279052734,28.40810775756836,1.5,0,33,0.0,0.0,0.0,0,0,0
1780682990.5162802,0,0.3499999940395355,0,0,666,900,423158243,37,77,0.0,0.0,36.497344970703125,28.561874389648438,0,0,0.6000000238418579,0,0,1,0,0,7,0,0,0,8,99,1,0.0,0.0,35.895992279052734,28.408113479614258,1.5,0,33,0.0,0.0,0.0,0,0,0
1780682990.5359929,0,0.3499999940395355,0,0,666,900,423158243,37,77,0.0,0.0,36.497344970703125,28.561874389648438,0,0,0.6000000238418579,0,0,1,0,0,7,0,0,0,8,99,1,0.0,0.0,35.895992279052734,28.408119201660156,1.5,0,33,0.0,0.0,0.0,0,0,0
1780682990.5558956,0,0.3499999940395355,0,0,666,900,423158243,37,77,0.0,0.0,36.497344970703125,28.561874389648438,0,0,0.6000000238418579,0,0,1,0,0,7,0,0,0,8,99,1,0.0,0.0,35.895992279052734,28.408119201660156,1.5,0,33,0.0,0.0,0.0,0,0,0
1780682990.5758722,0,0.3499999940395355,0,0,666,900,423158243,37,77,0.0,0.0,36.497344970703125,28.561874389648438,0,0,0.6000000238418579,0,0,1,0,0,7,0,0,0,8,99,1,0.0,0.0,35.895992279052734,28.40812110900879,1.5,0,33,0.0,0.0,0.0,0,0,0
1780682990.5958428,0,0.3499999940395355,0,0,666,900,423158243,37,77,0.0,0.0,36.497344970703125,28.561874389648438,0,0,0.6000000238418579,0,0,1,0,0,7,0,0,0,8,99,1,0.0,0.0,35.895992279052734,28.40812110900879,1.5,0,33,0.0,0.0,0.0,0,0,0
1780682990.615924,0,0.3499999940395355,0,0,666,900,423158243,37,77,0.0,0.0,36.497344970703125,28.561874389648438,0,0,0.6000000238418579,0,0,1,0,0,7,0,0,0,8,99,1,0.0,0.0,35.895992279052734,28.408123016357422,1.5,0,33,0.0,0.0,0.0,0,0,0
1780682990.6359477,0,0.3499999940395355,0,0,636,900,423158243,37,77,0.0,0.0,36.497344970703125,28.561874389648438,0,0,0.6000000238418579,0,0,1,0,0,7,0,0,0,8,99,1,0.0,0.0,35.895992279052734,28.40812110900879,1.5,0,33,0.0,0.0,0.0,0,0,0
1780682990.6560018,0,0.3499999940395355,0,0,636,900,423158243,37,77,0.0,0.0,36.497344970703125,28.561874389648438,0,0,0.6000000238418579,0,0,1,0,0,7,0,0,0,8,99,1,0.0,0.0,35.895992279052734,28.40812110900879,1.5,0,33,0.0,0.0,0.0,0,0,0
1780682990.6759858,0,0.3499999940395355,0,0,636,900,423158243,37,77,0.0,0.0,36.497344970703125,28.561874389648438,0,0,0.6000000238418579,0,0,1,0,0,7,0,0,0,8,99,1,0.0,0.0,35.895992279052734,28.40812110900879,1.5,0,33,0.0,0.0,0.0,0,0,0
1780682990.6958327,0,0.3499999940395355,0,0,636,900,423158243,37,77,0.0,0.0,36.497344970703125,28.561874389648438,0,0,0.6000000238418579,0,0,1,0,0,7,0,0,0,8,99,1,0.0,0.0,35.895992279052734,28.40812110900879,1.5,0,33,0.0,0.0,0.0,0,0,0
1780682990.7160542,0,0.3499999940395355,0,0,636,900,423158243,37,77,0.0,0.0,36.497344970703125,28.561874389648438,0,0,0.6000000238418579,0,0,1,0,0,7,0,0,0,8,99,1,0.0,0.0,35.895992279052734,28.408123016357422,1.5,0,33,0.0,0.0,0.0,0,0,0
1780682990.735552,0,0.3499999940395355,0,0,636,900,423158243,37,77,0.0,0.0,36.497344970703125,28.561874389648438,0,0,0.6000000238418579,0,0,1,0,0,7,0,0,0,8,99,1,0.0,0.0,35.895992279052734,28.40812110900879,1.5,0,33,0.0,0.0,0.0,0,0,0
1780682990.7558863,0,0.3499999940395355,0,0,636,900,423158243,37,77,0.0,0.0,36.497344970703125,28.561874389648438,0,0,0.6000000238418579,0,0,1,0,0,7,0,0,0,8,99,1,0.0,0.0,35.895992279052734,28.408119201660156,1.5,0,33,0.0,0.0,0.0,0,0,0
1780682990.7758534,0,0.3499999940395355,0,0,636,900,423158243,37,77,0.0,0.0,36.497344970703125,28.561874389648438,0,0,0.6000000238418579,0,0,1,0,0,7,0,0,0,8,99,1,0.0,0.0,35.895992279052734,28.40812110900879,1.5,0,33,0.0,0.0,0.0,0,0,0
1780682990.7960703,0,0.3499999940395355,0,0,636,900,423158243,37,77,0.0,0.0,36.497344970703125,28.561874389648438,0,0,0.6000000238418579,0,0,1,0,0,7,0,0,0,8,99,1,0.0,0.0,35.895992279052734,28.40812110900879,1.5,0,33,0.0,0.0,0.0,0,0,0
1780682990.8159533,0,0.3499999940395355,0,0,636,900,423158243,37,77,0.0,0.0,36.497344970703125,28.561874389648438,0,0,0.6000000238418579,0,0,1,0,0,7,0,0,0,8,99,1,0.0,0.0,35.895992279052734,28.408119201660156,1.5,0,33,0.0,0.0,0.0,0,0,0
1780682990.8359728,0,0.3499999940395355,0,0,636,900,423158243,37,77,0.0,0.0,36.497344970703125,28.561874389648438,0,0,0.6000000238418579,0,0,1,0,0,7,0,0,0,8,99,1,0.0,0.0,35.895992279052734,28.408119201660156,1.5,0,33,0.0,0.0,0.0,0,0,0
1780682990.8557017,0,0.3499999940395355,0,0,636,900,423158243,37,77,0.0,0.0,36.497344970703125,28.561874389648438,0,0,0.6000000238418579,0,0,1,0,0,7,0,0,0,8,99,1,0.0,0.0,35.895992279052734,28.408119201660156,1.5,0,33,0.0,0.0,0.0,0,0,0
1780682990.8758605,0,0.3499999940395355,0,0,636,900,423158243,37,77,0.0,0.0,36.497344970703125,28.561874389648438,0,0,0.6000000238418579,0,0,1,0,0,7,0,0,0,8,99,1,0.0,0.0,35.895992279052734,28.408123016357422,1.5,0,33,0.0,0.0,0.0,0,0,0
1780682990.895956,0,0.3499999940395355,0,0,636,900,423158243,37,77,0.0,0.0,36.497344970703125,28.561874389648438,0,0,0.6000000238418579,0,0,1,0,0,7,0,0,0,8,99,1,0.0,0.0,35.895992279052734,28.408123016357422,1.5,0,33,0.0,0.0,0.0,0,0,0
1780682990.9157405,0,0.3499999940395355,0,0,621,900,423158243,37,77,0.0,0.0,36.497344970703125,28.561874389648438,0,0,0.6000000238418579,0,0,1,0,0,7,0,0,0,8,99,1,0.0,0.0,35.895992279052734,28.408123016357422,1.5,0,33,0.0,0.0,0.0,0,0,0
1780682990.935734,0,0.3499999940395355,0,0,621,900,423158243,37,77,0.0,0.0,36.497344970703125,28.561874389648438,0,0,0.6000000238418579,0,0,1,0,0,7,0,0,0,8,99,1,0.0,0.0,35.895992279052734,28.408123016357422,1.5,0,33,0.0,0.0,0.0,0,0,0
1780682990.9559445,0,0.3499999940395355,0,0,621,900,423158243,37,77,0.0,0.0,36.497344970703125,28.561874389648438,0,0,0.6000000238418579,0,0,1,0,0,7,0,0,0,8,99,1,0.0,0.0,35.895992279052734,28.40812110900879,1.5,0,33,0.0,0.0,0.0,0,0,0
1780682990.9758544,0,0.3499999940395355,0,0,621,900,423158243,37,77,0.0,0.0,36.497344970703125,28.561874389648438,0,0,0.6000000238418579,0,0,1,0,0,7,0,0,0,8,99,1,0.0,0.0,35.895992279052734,28.40812110900879,1.5,0,33,0.0,0.0,0.0,0,0,0
1780682990.9959524,0,0.3499999940395355,0,0,621,900,423158243,38,77,0.0,0.0,36.497344970703125,28.561874389648438,0,0,0.6000000238418579,0,0,1,0,0,7,0,0,0,8,99,1,0.0,0.0,35.895992279052734,28.408119201660156,1.5,0,33,0.0,0.0,0.0,0,0,0
1780682991.015963,0,0.3499999940395355,0,0,621,900,423158243,38,77,0.0,0.0,36.497344970703125,28.561874389648438,0,0,0.6000000238418579,0,0,1,0,0,7,0,0,0,8,99,1,0.0,0.0,35.895992279052734,28.408123016357422,1.5,0,33,0.0,0.0,0.0,0,0,0
1780682991.0359461,0,0.3499999940395355,0,0,621,900,423158243,38,77,0.0,0.0,36.497344970703125,28.561874389648438,0,0,0.6000000238418579,0,0,1,0,0,7,0,0,0,8,99,1,0.0,0.0,35.895992279052734,28.408123016357422,1.5,0,33,0.0,0.0,0.0,0,0,0
1780682991.0556297,0,0.3499999940395355,0,0,621,900,423158243,38,77,0.0,0.0,36.497344970703125,28.561874389648438,0,0,0.6000000238418579,0,0,1,0,0,7,0,0,0,8,99,1,0.0,0.0,35.895992279052734,28.408123016357422,1.5,0,33,0.0,0.0,0.0,0,0,0
1780682991.0770304,0,0.3499999940395355,0,0,621,900,423158243,38,77,0.0,0.0,36.497344970703125,28.561874389648438,0,0,0.6000000238418579,0,0,1,0,0,7,0,0,0,8,99,1,0.0,0.0,35.895992279052734,28.40812110900879,1.5,0,33,-1.0,1.0,0.0,0,0,0
1780682991.1013322,0,0.3499999940395355,0,0,621,900,423158243,38,77,0.0,0.0,36.497344970703125,28.561874389648438,0,0,0.6000000238418579,0,0,1,0,0,7,0,0,0,8,99,1,0.0,0.0,35.895992279052734,28.408119201660156,1.5,0,33,-1.0,0.0,0.0,0,0,0
1780682991.1220844,0,0.3499999940395355,0,0,621,900,423158243,38,77,0.0,0.0,36.497344970703125,28.561874389648438,0,0,0.6000000238418579,0,0,1,0,0,7,0,0,0,8,99,1,0.0,0.0,35.895992279052734,28.40812110900879,1.5,0,33,-1.0,0.0,0.0,0,0,0
1780682991.1410224,0,0.3499999940395355,0,0,621,900,423158243,38,77,0.0,0.0,36.497344970703125,28.561874389648438,0,0,0.6000000238418579,0,0,1,0,0,7,0,0,0,8,99,1,0.0,0.0,35.895992279052734,28.40812110900879,1.5,0,33,-1.0,0.0,0.0,0,0,0
1780682991.1596787,0,0.3499999940395355,0,0,621,900,423158243,38,77,0.0,0.0,36.497344970703125,28.561874389648438,1,0,0.6000000238418579,0,0,1,0,0,7,0,0,0,8,99,1,0.0,0.0,35.895992279052734,28.408119201660156,1.5,0,33,-1.0,0.0,0.0,0,0,0
1780682991.1784923,0,0.3499999940395355,0,0,621,900,423158243,38,77,0.0,0.0,36.497344970703125,28.561874389648438,1,0,0.6000000238418579,0,0,0,0,0,7,0,0,0,8,99,1,-8.300000190734863,0.0,35.799015045166016,28.40812110900879,1.5,0,33,-1.0,0.0,0.0,0,0,0
1780682991.1975389,0,0.3499999940395355,0,0,621,900,423158243,38,77,0.0,0.0,36.497344970703125,28.561874389648438,1,0,0.6000000238418579,0,0,0,0,0,7,0,0,0,8,99,1,-8.300000190734863,0.0,35.63301086425781,28.40812110900879,1.5,0,33,-1.0,0.0,0.0,0,0,0
1780682991.2170117,0,0.3499999940395355,0,0,621,900,423158243,38,77,0.0,0.0,36.497344970703125,28.561874389648438,1,0,0.6000000238418579,0,0,0,0,0,7,0,0,0,8,99,1,-8.300000190734863,0.0,35.46709442138672,28.40812110900879,1.5,0,33,-1.0,0.0,0.0,0,0,0
1780682991.2367468,0,0.3499999940395355,0,0,621,900,423158243,38,77,0.0,0.0,36.497344970703125,28.561874389648438,1,0,0.6000000238418579,0,0,0,0,0,7,0,0,0,8,99,1,-8.300000190734863,0.0,35.301090240478516,28.40812110900879,1.5,0,33,-1.0,0.0,0.0,0,0,0
1780682991.255675,0,0.3499999940395355,0,0,621,900,423158243,38,77,0.0,0.0,36.497344970703125,28.561874389648438,1,0,0.6000000238418579,0,0,0,0,0,7,0,0,0,8,99,1,-8.300000190734863,0.0,35.135005950927734,28.408119201660156,1.5,0,33,-1.0,0.0,0.0,0,0,0
1780682991.2761228,0,0.3499999940395355,0,0,621,900,423158243,38,77,0.0,0.0,36.497344970703125,28.561874389648438,1,0,0.6000000238418579,0,0,0,0,0,7,0,0,0,8,99,1,-8.300000190734863,0.0,34.96900939941406,28.40812110900879,1.5,0,33,-1.0,0.0,0.0,0,0,0
1780682991.2960658,0,0.3499999940395355,0,0,621,900,423158243,38,77,0.0,0.0,36.497344970703125,28.561874389648438,1,0,0.6000000238418579,0,0,0,0,0,7,0,0,0,8,99,1,-8.300000190734863,0.0,34.80309295654297,28.408123016357422,1.5,0,33,-1.0,0.0,0.0,0,0,0
1780682991.3159404,0,0.3499999940395355,0,0,621,900,423158243,38,77,0.0,0.0,36.497344970703125,28.561874389648438,1,0,0.6000000238418579,0,0,0,0,0,7,0,0,0,8,99,1,-8.300000190734863,0.0,34.63709259033203,28.40812110900879,1.5,0,33,-1.0,0.0,0.0,0,0,0
1780682991.3363566,0,0.3499999940395355,0,0,621,900,423158243,69,77,0.0,0.0,36.497344970703125,28.561874389648438,1,0,0.6000000238418579,0,0,0,0,0,7,0,0,0,8,99,1,-8.300000190734863,0.0,34.554012298583984,28.40812110900879,1.5,0,33,-1.0,0.0,0.0,0,0,0
1780682991.356574,0,0.3499999940395355,0,0,621,900,423158243,69,77,0.0,0.0,36.497344970703125,28.561874389648438,1,0,0.6000000238418579,0,0,0,0,0,7,0,0,0,8,99,1,-8.300000190734863,0.0,34.30501174926758,28.40812110900879,1.5,0,33,-1.0,0.0,0.0,0,0,0
1780682991.3761804,0,0.3499999940395355,0,0,621,900,423158243,69,77,0.0,0.0,36.497344970703125,28.561874389648438,1,0,0.6000000238418579,0,0,0,0,0,7,0,0,0,8,99,1,-8.300000190734863,0.0,34.13901138305664,28.408119201660156,1.5,0,33,-1.0,0.0,0.0,0,0,0
1780682991.3961475,0,0.3499999940395355,0,0,621,900,423158243,69,77,0.0,0.0,36.497344970703125,28.561874389648438,1,0,0.6000000238418579,0,0,0,0,0,7,0,0,0,8,99,1,-8.300000190734863,0.0,33.97301483154297,28.40812110900879,1.5,0,33,-1.0,0.0,0.0,0,0,0
1780682991.4165733,0,0.3499999940395355,0,0,621,900,423158243,69,77,0.0,0.0,36.497344970703125,28.561874389648438,1,0,0.6000000238418579,0,0,0,0,0,7,0,0,0,8,99,1,-8.300000190734863,0.0,33.80709457397461,28.408119201660156,1.5,0,33,-1.0,0.0,0.0,0,0,0
1780682991.4363532,0,0.3499999940395355,0,0,621,900,423158243,69,77,0.0,0.0,36.497344970703125,28.561874389648438,1,0,0.6000000238418579,0,0,0,0,0,7,0,0,0,8,99,1,-8.300000190734863,0.0,33.64109420776367,28.408123016357422,1.5,0,33,-1.0,0.0,0.0,0,0,0
1780682991.4560363,0,0.3499999940395355,0,0,621,900,423158243,69,77,0.0,0.0,36.497344970703125,28.561874389648438,1,0,0.6000000238418579,0,0,0,0,0,7,0,0,0,8,99,1,-8.300000190734863,0.0,33.475006103515625,28.40812110900879,1.5,0,33,0.0,0.0,0.0,0,0,0
1780682991.4765835,0,0.3499999940395355,0,0,621,900,423158243,69,77,0.0,0.0,36.497344970703125,28.561874389648438,1,0,0.6000000238418579,0,0,0,0,0,7,0,0,0,8,99,1,-8.300000190734863,0.0,33.30900955200195,28.40812110900879,1.5,0,33,0.0,0.0,0.0,0,0,0
1780682991.4968693,0,0.3499999940395355,0,0,621,900,423158243,69,77,0.0,0.0,36.497344970703125,28.561874389648438,1,0,0.6000000238418579,0,0,0,0,0,7,0,0,0,8,99,1,-8.300000190734863,0.0,33.143009185791016,28.40812110900879,1.5,0,33,0.0,0.0,0.0,0,0,0
1780682991.5173676,0,0.3499999940395355,0,0,621,900,423158243,69,77,0.0,0.0,36.497344970703125,28.561874389648438,1,0,0.6000000238418579,0,0,0,0,0,7,0,0,0,8,99,1,0.0,0.0,33.0739860534668,28.40812110900879,1.5,0,33,0.0,0.0,0.0,0,0,0
1780682991.5373938,0,0.3499999940395355,0,0,621,900,423158243,69,77,0.0,0.0,36.497344970703125,28.561874389648438,1,0,0.6000000238418579,0,0,0,0,0,7,0,0,0,8,99,1,0.0,0.0,33.0739860534668,28.40812110900879,1.5,0,33,1.0,0.0,0.0,0,0,0
1780682991.5584311,0,0.3499999940395355,0,0,621,900,423158243,69,77,0.0,0.0,36.497344970703125,28.561874389648438,1,0,0.6000000238418579,0,0,0,0,0,7,0,0,0,8,99,1,0.0,0.0,33.0739860534668,28.40812110900879,1.5,0,33,1.0,-1.0,0.0,0,0,0
1780682991.5788403,0,0.3499999940395355,0,0,621,900,423158243,45,77,8.0,0.0,36.497344970703125,28.561874389648438,1,0,0.6000000238418579,0,0,1,0,0,7,0,0,0,8,99,1,8.300000190734863,0.0,33.17097091674805,28.40812110900879,1.5,0,33,1.0,-1.0,0.0,0,0,0
1780682991.598595,0,0.3499999940395355,0,0,621,900,423158243,45,77,8.0,0.0,36.657344818115234,28.561874389648438,1,0,0.6000000238418579,0,0,1,0,0,7,0,0,0,8,99,1,8.300000190734863,0.0,33.336891174316406,28.40812110900879,1.5,0,33,1.0,-1.0,0.0,0,0,0
1780682991.6185749,0,0.3499999940395355,0,0,621,900,423158243,45,77,8.0,0.0,36.817344665527344,28.561874389648438,1,0,0.6000000238418579,0,0,1,0,0,7,0,0,0,8,99,1,8.300000190734863,0.0,33.502899169921875,28.408123016357422,1.5,0,33,1.0,-1.0,0.0,0,0,0
1780682991.6383302,0,0.3499999940395355,0,0,621,900,423158243,45,77,8.0,0.0,36.97734451293945,28.561874389648438,1,0,0.6000000238418579,0,0,1,0,0,7,0,0,0,8,99,1,8.300000190734863,0.0,33.668983459472656,28.40812110900879,1.5,0,33,1.0,-1.0,0.0,0,0,0
1780682991.6585064,0,0.3499999940395355,0,0,621,900,423158243,45,77,8.0,0.0,37.13734436035156,28.561874389648438,1,0,0.6000000238418579,0,0,1,0,0,7,0,0,0,8,99,1,8.300000190734863,0.0,33.83498764038086,28.40812110900879,1.5,0,33,1.0,-1.0,0.0,0,0,0
1780682991.6784546,0,0.3499999940395355,0,0,621,900,423158243,45,77,8.0,0.0,37.29734420776367,28.561874389648438,1,0,0.6000000238418579,0,0,1,0,0,7,0,0,0,8,99,1,8.300000190734863,0.0,34.00098419189453,28.408123016357422,1.5,0,33,1.0,-1.0,0.0,0,0,0
1780682991.6979318,0,0.3499999940395355,0,0,621,900,423158243,45,77,8.0,0.0,37.45734405517578,28.561874389648438,1,0,0.6000000238418579,0,0,1,0,0,7,0,0,0,8,99,1,8.300000190734863,0.0,34.16698455810547,28.40812110900879,1.5,0,33,1.0,-1.0,0.0,0,0,1
1780682991.7175572,0,0.3499999940395355,1,0,621,900,423158243,2,77,0.0,0.0,37.61734390258789,28.561874389648438,0,0,0.6000000238418579,0,0,1,0,0,7,0,1,0,8,99,1,8.300000190734863,0.0,34.33298873901367,28.40812110900879,1.5,0,33,1.0,-1.0,0.0,0,0,1
1780682991.7363856,0,0.3499999940395355,1,0,621,900,423158243,2,77,0.0,0.0,36.669429779052734,28.561874389648438,0,0,0.6000000238418579,0,0,1,0,0,7,0,1,0,8,99,1,8.300000190734863,0.0,34.498985290527344,28.40812110900879,1.5,0,33,1.0,-1.0,0.0,0,0,1
1780682992.0469484,0,0.3499999940395355,1,0,600,900,423158243,59,77,10.0,20.0,36.38895797729492,28.561874389648438,0,0,0.6000000238418579,0,0,1,0,0,7,0,1,0,8,99,1,-3.75,0.0,34.71479034423828,28.40812110900879,1.5,0,44,0.0,0.0,0.0,0,0,0
1780682992.0861075,0,0.3499999940395355,1,0,600,900,423158243,59,77,10.0,18.200000762939453,36.588958740234375,28.925874710083008,0,0,0.6000000238418579,0,0,1,0,0,7,0,1,0,8,99,1,-3.75,0.0,34.66016387939453,28.40812110900879,1.5,0,44,0.0,0.0,0.0,0,0,0
1780682992.1064394,0,0.3499999940395355,1,0,600,900,423158243,59,77,10.0,16.400001525878906,36.78895950317383,29.253873825073242,0,0,0.6000000238418579,0,0,1,0,0,7,0,1,0,8,99,1,-3.75,0.0,34.596412658691406,28.40812110900879,1.5,0,44,0.0,0.0,0.0,0,0,0
1780682992.126851,0,0.3499999940395355,1,0,600,900,423158243,59,77,10.0,14.60000228881836,36.98896026611328,29.545873641967773,1,0,0.6000000238418579,0,0,1,0,0,7,0,1,0,8,99,1,-3.75,0.0,34.52141571044922,28.40812110900879,1.5,0,44,0.0,0.0,0.0,0,0,0
1780682992.146272,0,0.3499999940395355,1,0,600,900,423158243,59,77,10.0,12.800003051757812,37.188961029052734,29.8018741607666,1,0,0.6000000238418579,0,0,1,0,0,7,0,1,0,8,99,1,-3.75,0.0,34.4464111328125,28.40812110900879,1.5,0,44,0.0,0.0,0.0,0,0,0
1780682992.166688,0,0.3499999940395355,1,0,600,900,423158243,59,77,10.0,11.000003814697266,37.38896179199219,30.021873474121094,1,0,0.6000000238418579,0,0,1,0,0,7,0,1,0,8,99,1,-3.75,0.0,34.37141418457031,28.40812110900879,1.5,0,44,0.0,0.0,0.0,0,0,0
1780682992.1866033,0,0.3499999940395355,1,0,600,900,423158243,59,77,0.0,9.200004577636719,37.41763687133789,30.205873489379883,1,0,0.6000000238418579,0,0,1,0,0,7,0,1,0,8,99,1,-3.75,0.0,34.296409606933594,28.408123016357422,1.5,0,44,0.0,0.0,0.0,0,0,0
1780682992.2064273,0,0.3499999940395355,1,0,600,900,423158243,59,77,0.0,7.400005340576172,37.41762161254883,30.35387420654297,1,0,0.6000000238418579,0,0,1,0,0,7,0,1,0,8,99,1,-3.75,0.0,34.22140884399414,28.408123016357422,1.5,0,44,0.0,0.0,0.0,0,0,0
1780682992.226688,0,0.3499999940395355,1,0,600,900,423158243,59,77,0.0,5.600006103515625,37.4176139831543,30.46587371826172,1,0,0.6000000238418579,0,0,1,0,0,7,0,1,0,8,99,1,-3.75,0.0,34.14640808105469,28.408123016357422,1.5,0,44,0.0,0.0,0.0,0,0,0
1780682992.2464263,0,0.3499999940395355,1,0,600,900,423158243,59,77,0.0,3.800006866455078,37.417606353759766,30.541873931884766,1,0,0.6000000238418579,0,0,1,0,0,7,0,1,0,8,99,1,-3.75,0.0,34.07140350341797,28.40812110900879,1.5,0,44,0.0,0.0,0.0,0,0,0
1780682992.2665277,0,0.3499999940395355,1,0,600,900,423158243,59,77,0.0,2.0000076293945312,37.417606353759766,30.58187484741211,1,0,0.6000000238418579,0,0,1,0,0,7,0,1,0,8,99,1,0.0,0.0,34.058982849121094,28.40812110900879,1.5,0,44,0.0,0.0,0.0,0,0,0
1780682992.286254,0,0.3499999940395355,1,0,600,900,423158243,59,77,0.0,0.20000839233398438,37.417606353759766,30.585874557495117,1,0,0.6000000238418579,0,0,1,0,0,7,0,1,0,8,99,1,0.0,0.0,34.058982849121094,28.40812110900879,1.5,0,44,0.0,0.0,0.0,0,0,0
1780682992.3065712,0,0.3499999940395355,1,0,600,900,423158243,59,77,0.0,-1.5999908447265625,37.417606353759766,30.553874969482422,1,0,0.6000000238418579,0,0,1,0,0,7,0,1,0,8,99,1,0.0,0.0,34.058982849121094,28.408123016357422,1.5,0,44,0.0,0.0,0.0,0,0,0
1780682992.3264205,0,0.3499999940395355,1,0,600,900,423158243,59,77,0.0,-3.3999900817871094,37.417606353759766,30.485876083374023,1,0,0.6000000238418579,0,0,1,0,0,7,0,1,0,8,99,1,0.0,0.0,34.058982849121094,28.40812110900879,1.5,0,44,0.0,0.0,0.0,0,0,0
1780682992.3465085,0,0.3499999940395355,1,0,600,900,423158243,59,77,0.0,-5.199989318847656,37.417606353759766,30.38187599182129,1,0,0.6000000238418579,0,0,1,0,0,7,0,1,0,8,99,1,0.0,0.0,34.058982849121094,28.40812110900879,1.5,0,44,0.0,0.0,0.0,0,0,0
1780682992.366375,0,0.3499999940395355,1,0,600,900,423158243,59,77,0.0,-6.999988555908203,37.417606353759766,30.24187660217285,1,0,0.6000000238418579,0,0,1,0,0,7,0,1,0,8,99,1,0.0,0.0,34.058982849121094,28.40812110900879,1.5,0,44,0.0,0.0,0.0,0,0,0
1780682992.386409,0,0.3499999940395355,0,0,600,900,423158243,59,77,0.0,-8.79998779296875,37.417606353759766,30.065876007080078,1,0,0.6000000238418579,0,0,1,0,0,7,0,0,0,8,99,1,0.0,0.0,34.058982849121094,28.40812110900879,1.5,0,44,0.0,0.0,0.0,0,0,0
1780682992.407002,0,0.3499999940395355,0,0,600,900,423158243,59,77,0.0,-10.599987030029297,37.417606353759766,29.8538761138916,1,0,0.6000000238418579,0,0,1,0,0,7,0,0,0,8,99,1,0.0,0.0,34.058982849121094,28.40812110900879,1.5,0,44,0.0,0.0,0.0,0,0,0
1780682992.4268646,0,0.3499999940395355,0,0,600,900,423158243,59,77,0.0,-12.399986267089844,37.417606353759766,29.605876922607422,1,0,0.6000000238418579,0,0,1,0,0,7,0,0,0,8,99,1,0.0,0.0,34.058982849121094,28.40812110900879,1.5,0,44,0.0,0.0,0.0,0,0,0
1780682992.446206,0,0.3499999940395355,0,0,600,900,423158243,59,77,0.0,-14.19998550415039,37.417606353759766,29.321876525878906,1,0,0.6000000238418579,0,0,1,0,0,7,0,0,0,8,99,1,0.0,0.0,34.058982849121094,28.40812110900879,1.5,0,44,0.0,0.0,0.0,0,0,0
1780682992.4663227,0,0.3499999940395355,0,0,600,900,423158243,59,77,0.0,-15.999984741210938,37.417606353759766,29.001876831054688,1,0,0.6000000238418579,0,0,1,0,0,7,0,0,0,8,99,1,0.0,0.0,34.058982849121094,28.40812110900879,1.5,0,44,0.0,0.0,0.0,0,0,0
1780682992.4869761,0,0.3499999940395355,0,0,600,900,423158243,59,77,0.0,-17.799983978271484,37.417606353759766,28.645877838134766,1,0,0.6000000238418579,0,0,1,0,0,7,0,0,0,8,99,1,0.0,0.0,34.058982849121094,28.40812110900879,1.5,0,44,0.0,0.0,0.0,0,0,0
1780682992.507707,0,0.3499999940395355,0,0,600,900,423158243,60,77,0.0,0.0,37.417598724365234,28.56183624267578,1,0,0.6000000238418579,0,0,1,0,0,7,0,0,0,8,99,1,0.0,0.0,34.058982849121094,28.408119201660156,1.5,0,44,0.0,0.0,0.0,0,0,0
1780682992.5286067,0,0.3499999940395355,0,0,600,900,423158243,60,77,0.0,0.0,37.417598724365234,28.56184959411621,1,0,0.6000000238418579,0,0,1,0,0,7,0,0,0,8,99,1,0.0,0.0,34.058982849121094,28.40812110900879,1.5,0,44,0.0,0.0,0.0,0,0,0
1780682992.5480742,0,0.3499999940395355,0,0,600,900,423158243,60,77,0.0,0.0,37.417598724365234,28.561859130859375,1,0,0.6000000238418579,0,0,1,0,0,7,0,0,0,8,99,1,0.0,0.0,34.058982849121094,28.40812110900879,1.5,0,44,0.0,0.0,0.0,0,0,0
1780682992.5677958,0,0.3499999940395355,0,0,600,900,423158243,60,77,0.0,0.0,37.417598724365234,28.561864852905273,1,0,0.6000000238418579,0,0,1,0,0,7,0,0,0,8,99,1,0.0,0.0,34.058982849121094,28.40812110900879,1.5,0,44,0.0,0.0,0.0,0,1,0
1780682992.587389,0,0.3499999940395355,0,0,600,900,423158243,60,77,0.0,0.0,37.417598724365234,28.56186866760254,1,0,0.6000000238418579,0,0,1,0,0,7,0,0,0,8,99,1,0.0,0.0,34.058982849121094,28.40812110900879,1.5,0,44,0.0,0.0,0.0,0,1,0
1780682992.6066108,0,0.3499999940395355,0,0,600,900,423158243,60,77,0.0,0.0,37.417598724365234,28.561870574951172,1,0,0.6000000238418579,0,0,1,0,0,7,0,0,0,8,99,1,0.0,0.0,34.058982849121094,28.40812110900879,1.5,0,44,0.0,0.0,0.0,0,1,0
1780682992.626771,0,0.3499999940395355,0,0,600,900,423158243,60,77,0.0,0.0,37.417598724365234,28.561870574951172,1,0,0.6000000238418579,0,0,1,0,0,7,0,0,0,8,99,1,0.0,0.0,34.058982849121094,28.40812110900879,1.5,0,44,0.0,0.0,0.0,0,1,0
1780682992.6461346,0,0.3499999940395355,0,0,600,900,423158243,60,77,0.0,0.0,37.417598724365234,28.561870574951172,1,0,0.6000000238418579,0,0,1,0,0,7,0,0,0,8,99,1,0.0,0.0,34.058982849121094,28.40812110900879,1.5,0,44,0.0,0.0,0.0,0,1,0
1780682992.6662104,0,0.3499999940395355,0,0,600,900,423158243,60,77,0.0,0.0,37.417598724365234,28.561870574951172,1,0,0.6000000238418579,0,0,1,0,0,7,0,0,0,8,99,1,0.0,0.0,34.058982849121094,28.40812110900879,1.5,0,44,0.0,0.0,0.0,0,1,0
1780682992.685931,0,0.3499999940395355,0,0,600,900,423158243,60,77,0.0,0.0,37.417598724365234,28.561870574951172,1,0,0.6000000238418579,0,0,1,0,0,7,0,0,0,8,99,1,0.0,0.0,34.058982849121094,28.40812110900879,1.5,0,44,0.0,0.0,0.0,0,1,0
1780682992.7058654,0,0.3499999940395355,0,0,600,900,423158243,60,77,0.0,0.0,37.417598724365234,28.561870574951172,1,0,0.6000000238418579,0,0,1,0,0,7,0,0,0,8,99,1,0.0,0.0,34.058982849121094,28.408123016357422,1.5,0,44,0.0,0.0,0.0,0,1,0
1780682992.725886,0,0.3499999940395355,0,0,600,900,423158243,60,77,0.0,0.0,37.417598724365234,28.561870574951172,1,0,0.6000000238418579,0,0,1,0,0,7,0,0,0,8,99,1,0.0,0.0,34.058982849121094,28.40812110900879,1.5,0,44,0.0,0.0,0.0,0,1,0
1780682992.745928,0,0.3499999940395355,0,0,600,900,423158243,60,77,0.0,0.0,37.417598724365234,28.561870574951172,1,0,0.6000000238418579,0,0,1,0,0,7,0,0,0,8,99,1,0.0,0.0,34.058982849121094,28.408123016357422,1.5,0,44,0.0,0.0,0.0,0,1,0
1780682992.7661142,0,0.3499999940395355,0,0,600,900,423158243,60,77,0.0,0.0,37.417598724365234,28.561870574951172,1,0,0.6000000238418579,0,0,1,0,0,7,0,0,0,8,99,1,0.0,0.0,34.058982849121094,28.40812110900879,1.5,0,44,0.0,0.0,0.0,0,1,0
1780682992.7856627,0,0.3499999940395355,0,0,600,900,423158243,60,77,0.0,0.0,37.417598724365234,28.561870574951172,1,0,0.6000000238418579,0,0,1,0,0,7,0,0,0,8,99,1,0.0,0.0,34.058982849121094,28.40812110900879,1.5,0,44,0.0,0.0,0.0,0,1,0
1780682992.8056564,0,0.3499999940395355,0,0,600,900,423158243,60,77,0.0,0.0,37.417598724365234,28.561870574951172,1,0,0.6000000238418579,0,0,1,0,0,7,0,0,0,8,99,1,0.0,0.0,34.058982849121094,28.40812110900879,1.5,0,44,0.0,0.0,0.0,0,1,0
1780682992.826095,0,0.3499999940395355,0,0,600,900,423158243,60,77,0.0,0.0,37.417598724365234,28.561870574951172,1,0,0.6000000238418579,0,0,1,0,0,7,0,0,0,8,99,1,0.0,0.0,34.058982849121094,28.408123016357422,1.5,0,44,0.0,0.0,0.0,0,1,0
1780682992.8460517,0,0.3499999940395355,0,0,600,900,423158243,60,77,0.0,0.0,37.417598724365234,28.561870574951172,0,0,0.6000000238418579,0,0,1,0,1,7,0,0,0,8,99,1,0.0,0.0,34.058982849121094,28.40812110900879,1.5,0,44,0.0,0.0,0.0,0,1,0
1780682992.8659906,0,0.3499999940395355,0,0,600,900,423158243,60,77,0.0,0.0,37.417598724365234,28.561870574951172,0,0,0.6000000238418579,0,0,1,0,1,7,0,0,0,8,99,1,0.0,0.0,34.058982849121094,28.40812110900879,1.5,0,44,0.0,0.0,0.0,0,1,0
1780682992.8859212,0,0.3499999940395355,0,0,600,900,423158243,60,77,0.0,0.0,37.417598724365234,28.561870574951172,0,0,0.6000000238418579,0,0,1,0,1,7,0,0,0,8,99,1,0.0,0.0,34.058982849121094,28.40812110900879,1.5,0,44,0.0,0.0,0.0,0,1,0
1780682992.9058225,0,0.3499999940395355,0,0,600,900,423158243,60,77,0.0,0.0,37.417598724365234,28.561870574951172,0,0,0.6000000238418579,0,0,1,0,1,7,0,0,0,8,99,1,0.0,0.0,34.058982849121094,28.40812110900879,1.5,0,44,0.0,0.0,0.0,0,1,0
1780682992.9257336,0,0.3499999940395355,0,0,600,900,423158243,60,77,0.0,0.0,37.417598724365234,28.561870574951172,0,0,0.6000000238418579,0,0,1,0,1,7,0,0,0,8,99,1,0.0,0.0,34.058982849121094,28.40812110900879,1.5,0,44,0.0,0.0,0.0,0,1,0
1780682992.945929,0,0.3499999940395355,0,0,600,900,423158243,60,77,0.0,0.0,37.417598724365234,28.561870574951172,0,0,0.6000000238418579,0,0,1,0,1,7,0,0,0,8,99,1,0.0,0.0,34.058982849121094,28.40812110900879,1.5,0,44,0.0,0.0,0.0,0,1,0
1780682992.965879,0,0.3499999940395355,0,0,600,900,423158243,60,77,0.0,0.0,37.417598724365234,28.561870574951172,0,0,0.6000000238418579,0,0,1,0,1,7,0,0,0,8,99,1,0.0,0.0,34.058982849121094,28.40812110900879,1.5,0,44,0.0,0.0,0.0,0,1,0
1780682992.98594,0,0.3499999940395355,0,0,600,900,423158243,60,77,0.0,0.0,37.417598724365234,28.561870574951172,0,0,0.6000000238418579,0,0,1,0,1,7,0,0,0,8,99,1,0.0,0.0,34.058982849121094,28.40812110900879,1.5,0,44,0.0,0.0,0.0,0,1,0
1780682993.0058863,0,0.3499999940395355,0,0,600,900,423158243,60,77,0.0,0.0,37.417598724365234,28.561870574951172,0,0,0.6000000238418579,0,0,1,0,1,7,0,0,0,8,99,1,0.0,0.0,34.058982849121094,28.40812110900879,1.5,0,44,0.0,0.0,0.0,0,1,0
1780682993.0262976,0,0.3499999940395355,0,0,600,900,423158243,60,77,0.0,0.0,37.417598724365234,28.561870574951172,0,0,0.6000000238418579,0,0,1,0,1,7,0,0,0,8,99,1,0.0,0.0,34.058982849121094,28.40812110900879,1.5,0,44,0.0,0.0,0.0,0,1,0
1780682993.0462186,0,0.3499999940395355,0,0,600,900,423158243,60,77,0.0,0.0,37.417598724365234,28.561870574951172,0,0,0.6000000238418579,0,0,1,0,1,7,0,0,0,8,99,1,0.0,0.0,34.058982849121094,28.40812110900879,1.5,0,44,0.0,0.0,0.0,0,1,0
1780682993.0657341,0,0.3499999940395355,0,0,600,900,423158243,60,77,0.0,0.0,37.417598724365234,28.561870574951172,0,0,0.6000000238418579,0,0,1,0,1,7,0,0,0,8,99,1,0.0,0.0,34.058982849121094,28.40812110900879,1.5,0,44,0.0,0.0,0.0,0,1,0
1780682993.085696,0,0.3499999940395355,0,0,600,900,423158243,60,77,0.0,0.0,37.417598724365234,28.561870574951172,0,0,0.6000000238418579,0,0,1,0,1,7,0,0,0,8,99,1,0.0,0.0,34.058982849121094,28.40812110900879,1.5,0,44,0.0,0.0,0.0,0,1,0
1780682993.105821,0,0.3499999940395355,0,0,600,900,423158243,60,77,0.0,0.0,37.417598724365234,28.561870574951172,0,0,0.6000000238418579,0,0,1,0,1,7,0,0,0,8,99,1,0.0,0.0,34.058982849121094,28.40812110900879,1.5,0,44,0.0,0.0,0.0,0,1,0
1780682993.1263256,0,0.3499999940395355,0,0,600,900,423158243,60,77,0.0,0.0,37.417598724365234,28.561870574951172,0,0,0.6000000238418579,0,0,1,0,1,7,0,0,0,8,99,1,0.0,0.0,34.058982849121094,28.40812110900879,1.5,0,43,0.0,0.0,0.0,0,1,0
1780682993.1460383,0,0.3499999940395355,0,0,600,900,423158243,60,77,0.0,0.0,37.417598724365234,28.561870574951172,0,0,0.6000000238418579,0,0,1,0,1,7,0,0,0,8,99,1,0.0,0.0,34.058982849121094,28.40812110900879,1.5,0,43,0.0,0.0,0.0,0,1,0
1780682993.166277,0,0.3499999940395355,0,0,600,900,423158243,60,77,0.0,0.0,37.417598724365234,28.561870574951172,0,0,0.6000000238418579,0,0,1,0,1,7,0,0,0,8,99,1,0.0,0.0,34.058982849121094,28.40812110900879,1.5,0,42,0.0,0.0,0.0,0,1,0
1780682993.1860552,0,0.3499999940395355,0,0,600,900,423158243,60,77,0.0,0.0,37.417598724365234,28.561870574951172,0,0,0.6000000238418579,0,0,1,0,1,7,0,0,0,8,99,1,0.0,0.0,34.058982849121094,28.40812110900879,1.5,0,41,0.0,0.0,0.0,0,1,0
1780682993.2060869,0,0.3499999940395355,0,0,600,900,423158243,60,77,0.0,0.0,37.417598724365234,28.561870574951172,0,0,0.6000000238418579,0,0,1,0,1,7,0,0,0,8,99,1,0.0,0.0,34.058982849121094,28.40812110900879,1.5,0,40,0.0,0.0,0.0,0,1,0
1780682993.2259786,0,0.3499999940395355,0,0,600,900,423158243,60,77,0.0,0.0,37.417598724365234,28.561870574951172,0,0,0.6000000238418579,0,0,1,0,1,7,0,0,0,8,99,1,0.0,0.0,34.058982849121094,28.40812110900879,1.5,0,40,0.0,0.0,0.0,0,1,0
1780682993.2460885,0,0.3499999940395355,0,0,600,900,423158243,60,77,0.0,0.0,37.417598724365234,28.561870574951172,0,0,0.6000000238418579,0,0,1,0,1,7,0,0,0,8,99,1,0.0,0.0,34.058982849121094,28.40812110900879,1.5,0,39,0.0,0.0,0.0,0,1,0
1780682993.265875,0,0.3499999940395355,0,0,600,900,423158243,60,77,0.0,0.0,37.417598724365234,28.561870574951172,0,0,0.6000000238418579,0,0,1,0,1,7,0,0,0,8,99,1,0.0,0.0,34.058982849121094,28.40812110900879,1.5,0,38,0.0,0.0,0.0,0,1,0
1780682993.2856607,0,0.3499999940395355,0,0,600,900,423158243,60,77,0.0,0.0,37.417598724365234,28.561870574951172,0,0,0.6000000238418579,0,0,1,0,1,7,0,0,0,8,99,1,0.0,0.0,34.058982849121094,28.40812110900879,1.5,0,37,0.0,0.0,0.0,0,1,0
1780682993.3058174,0,0.3499999940395355,0,0,600,900,423158243,60,77,0.0,0.0,37.417598724365234,28.561870574951172,0,0,0.6000000238418579,0,0,1,0,1,7,0,0,0,8,99,1,0.0,0.0,34.058982849121094,28.40812110900879,1.5,0,37,0.0,0.0,0.0,0,1,0
1780682993.3260555,0,0.3499999940395355,0,0,600,900,423158243,60,77,0.0,0.0,37.417598724365234,28.561870574951172,0,0,0.6000000238418579,0,0,1,0,1,7,0,0,0,8,99,1,0.0,0.0,34.058982849121094,28.40812110900879,1.5,0,36,0.0,0.0,0.0,0,1,0
1780682993.3460014,0,0.3499999940395355,0,0,600,900,423158243,60,77,0.0,0.0,37.417598724365234,28.561870574951172,0,0,0.6000000238418579,0,0,1,0,1,7,0,0,0,8,99,1,0.0,0.0,34.058982849121094,28.408119201660156,1.5,0,35,0.0,0.0,0.0,0,1,0
1780682993.36587,0,0.3499999940395355,0,0,600,900,423158243,60,77,0.0,0.0,37.417598724365234,28.561870574951172,0,0,0.6000000238418579,0,0,1,0,1,7,0,0,0,8,99,1,0.0,0.0,34.058982849121094,28.40812110900879,1.5,0,35,0.0,0.0,0.0,0,1,0
1780682993.385776,0,0.3499999940395355,0,0,600,900,423158243,60,77,0.0,0.0,37.417598724365234,28.561870574951172,0,0,0.6000000238418579,0,0,1,0,1,7,0,0,0,8,99,1,0.0,0.0,34.058982849121094,28.40812110900879,1.5,0,34,0.0,0.0,0.0,0,1,0
1780682993.4054496,0,0.3499999940395355,0,0,600,900,423158243,60,77,0.0,0.0,37.417598724365234,28.561870574951172,0,0,0.6000000238418579,0,0,1,0,1,7,0,0,0,8,99,1,0.0,0.0,34.058982849121094,28.408123016357422,1.5,0,33,0.0,0.0,0.0,0,1,0
1780682993.4261773,0,0.3499999940395355,0,0,600,900,423158243,60,77,0.0,0.0,37.417598724365234,28.561870574951172,0,0,0.6000000238418579,0,0,1,0,1,7,0,0,0,8,99,1,0.0,0.0,34.058982849121094,28.40812110900879,1.5,0,32,0.0,0.0,0.0,0,1,0
1780682993.4459615,0,0.3499999940395355,0,0,600,900,423158243,60,77,0.0,0.0,37.417598724365234,28.561870574951172,0,0,0.6000000238418579,0,0,1,0,1,7,0,0,0,8,99,1,0.0,0.0,34.058982849121094,28.408123016357422,1.5,0,32,0.0,0.0,0.0,0,1,0
1780682993.4657845,0,0.3499999940395355,0,0,600,900,423158243,60,77,0.0,0.0,37.417598724365234,28.561870574951172,0,0,0.6000000238418579,0,0,1,0,1,7,0,0,0,8,99,1,0.0,0.0,34.058982849121094,28.40812110900879,1.5,0,31,0.0,0.0,0.0,0,1,0
1780682993.4858596,0,0.3499999940395355,0,0,600,900,423158243,60,77,0.0,0.0,37.417598724365234,28.561870574951172,0,0,0.6000000238418579,0,0,1,0,1,7,0,0,0,8,99,1,0.0,0.0,34.058982849121094,28.40812110900879,1.5,0,30,0.0,0.0,0.0,0,1,0
1780682993.5059109,0,0.3499999940395355,0,0,600,900,423158243,60,77,0.0,0.0,37.417598724365234,28.561870574951172,0,0,0.6000000238418579,0,0,1,0,1,7,0,0,0,8,99,1,0.0,0.0,34.058982849121094,28.40812110900879,1.5,0,29,0.0,0.0,0.0,0,1,0
1780682993.5259223,0,0.3499999940395355,0,0,600,900,423158243,60,77,0.0,0.0,37.417598724365234,28.561870574951172,0,0,0.6000000238418579,0,0,1,0,1,7,0,0,0,8,99,1,0.0,0.0,34.058982849121094,28.40812110900879,1.5,0,29,0.0,0.0,0.0,0,1,0
1780682993.5456536,0,0.3499999940395355,0,0,600,900,423158243,60,77,0.0,0.0,37.417598724365234,28.561870574951172,0,0,0.6000000238418579,0,0,1,0,1,7,0,0,0,8,99,1,0.0,0.0,34.058982849121094,28.40812110900879,1.5,0,28,0.0,0.0,0.0,0,1,0
1780682993.566046,0,0.3499999940395355,0,0,600,900,423158243,60,77,0.0,0.0,37.417598724365234,28.561870574951172,0,0,0.6000000238418579,0,0,1,0,1,7,0,0,0,8,99,1,0.0,0.0,34.058982849121094,28.40812110900879,1.5,0,27,0.0,0.0,0.0,0,1,0
1780682993.5859501,0,0.3499999940395355,0,0,600,900,423158243,60,77,0.0,0.0,37.417598724365234,28.561870574951172,0,0,0.6000000238418579,0,0,1,0,1,7,0,0,0,8,99,1,0.0,0.0,34.058982849121094,28.408123016357422,1.5,0,26,0.0,0.0,0.0,0,1,0
1780682993.6055813,0,0.3499999940395355,0,0,600,900,423158243,60,77,0.0,0.0,37.417598724365234,28.561870574951172,0,0,0.6000000238418579,0,0,1,0,1,7,0,0,0,8,99,1,0.0,0.0,34.058982849121094,28.40812110900879,1.5,0,26,0.0,0.0,0.0,0,1,0
1780682993.626278,0,0.3499999940395355,0,0,600,900,423158243,60,77,0.0,0.0,37.417598724365234,28.561870574951172,0,0,0.6000000238418579,0,0,1,0,1,7,0,0,0,8,99,1,0.0,0.0,34.058982849121094,28.408119201660156,1.5,0,25,0.0,0.0,0.0,0,1,0
1780682993.6461189,0,0.3499999940395355,0,0,600,900,423158243,60,77,0.0,0.0,37.417598724365234,28.561870574951172,0,0,0.6000000238418579,0,0,1,0,1,7,0,0,0,8,99,1,0.0,0.0,34.058982849121094,28.40812110900879,1.5,0,24,0.0,0.0,0.0,0,1,0
1780682993.6659653,0,0.3499999940395355,0,0,600,900,423158243,60,77,0.0,0.0,37.417598724365234,28.561870574951172,0,0,0.6000000238418579,0,0,1,0,1,7,0,0,0,8,99,1,0.0,0.0,34.058982849121094,28.40812110900879,1.5,0,23,0.0,0.0,0.0,0,1,0
1780682993.6857758,0,0.3499999940395355,0,0,600,900,423158243,60,77,0.0,0.0,37.417598724365234,28.561870574951172,0,0,0.6000000238418579,0,0,1,0,1,7,0,0,0,8,99,1,0.0,0.0,34.058982849121094,28.408123016357422,1.5,0,23,0.0,0.0,0.0,0,1,0
1780682993.7058082,0,0.3499999940395355,0,0,600,900,423158243,60,77,0.0,0.0,37.417598724365234,28.561870574951172,0,0,0.6000000238418579,0,0,1,0,1,7,0,0,0,8,99,1,0.0,0.0,34.058982849121094,28.40812110900879,1.5,0,22,0.0,0.0,0.0,0,1,0
1780682993.7259064,0,0.3499999940395355,0,0,600,900,423158243,60,77,0.0,0.0,37.417598724365234,28.561870574951172,0,0,0.6000000238418579,0,0,1,0,1,7,0,0,0,8,99,1,0.0,0.0,34.058982849121094,28.40812110900879,1.5,0,21,0.0,0.0,0.0,0,1,0
1780682993.7456717,0,0.3499999940395355,0,0,600,900,423158243,60,77,0.0,0.0,37.417598724365234,28.561870574951172,0,0,0.6000000238418579,0,0,1,0,1,7,0,0,0,8,99,1,0.0,0.0,34.058982849121094,28.408119201660156,1.5,0,20,0.0,0.0,0.0,0,1,0
1780682993.766094,0,0.3499999940395355,0,0,600,900,423158243,60,77,0.0,0.0,37.417598724365234,28.561870574951172,0,0,0.6000000238418579,0,0,1,0,1,7,0,0,0,8,99,1,0.0,0.0,34.058982849121094,28.40812110900879,1.5,0,20,0.0,0.0,0.0,0,1,0
1780682993.7859843,0,0.3499999940395355,0,0,600,900,423158243,60,77,0.0,0.0,37.417598724365234,28.561870574951172,0,0,0.6000000238418579,0,0,1,0,1,7,0,0,0,8,99,1,0.0,0.0,34.058982849121094,28.40812110900879,1.5,0,19,0.0,0.0,0.0,0,1,0
1780682993.8056643,0,0.3499999940395355,0,0,600,900,423158243,60,77,0.0,0.0,37.417598724365234,28.561870574951172,0,0,0.6000000238418579,0,0,1,0,1,7,0,0,0,8,99,1,0.0,0.0,34.058982849121094,28.408119201660156,1.5,0,18,0.0,0.0,0.0,0,1,0
1780682993.8257785,0,0.3499999940395355,0,0,600,900,423158243,60,77,0.0,0.0,37.417598724365234,28.561870574951172,0,0,0.6000000238418579,0,0,1,0,1,7,0,0,0,8,99,1,0.0,0.0,34.058982849121094,28.408123016357422,1.5,0,17,0.0,0.0,0.0,0,1,0
1780682993.8460298,0,0.3499999940395355,0,0,600,900,423158243,60,77,0.0,0.0,37.417598724365234,28.561870574951172,0,0,0.6000000238418579,0,0,1,0,1,7,0,0,0,8,99,1,0.0,0.0,34.058982849121094,28.40812110900879,1.5,0,17,0.0,0.0,0.0,0,1,0
1780682993.8657322,0,0.3499999940395355,0,0,600,900,423158243,60,77,0.0,0.0,37.417598724365234,28.561870574951172,0,0,0.6000000238418579,0,0,1,0,1,7,0,0,0,8,99,1,0.0,0.0,34.058982849121094,28.40812110900879,1.5,0,16,0.0,0.0,0.0,0,1,0
1780682993.8854673,0,0.3499999940395355,0,0,600,900,423158243,60,77,0.0,0.0,37.417598724365234,28.561870574951172,0,0,0.6000000238418579,0,0,1,0,1,7,0,0,0,8,99,1,0.0,0.0,34.058982849121094,28.40812110900879,1.5,0,15,0.0,0.0,0.0,0,1,0
1780682993.9056683,0,0.3499999940395355,0,0,600,900,423158243,60,77,0.0,0.0,37.417598724365234,28.561870574951172,0,0,0.6000000238418579,0,0,1,0,1,7,0,0,0,8,99,1,0.0,0.0,34.058982849121094,28.40812110900879,1.5,0,15,0.0,0.0,0.0,0,1,0
1780682993.9258893,0,0.3499999940395355,0,0,600,900,423158243,60,77,0.0,0.0,37.417598724365234,28.561870574951172,0,0,0.6000000238418579,0,0,1,0,1,7,0,0,0,8,99,1,0.0,0.0,34.058982849121094,28.40812110900879,1.5,0,14,0.0,0.0,0.0,0,1,0
1780682993.9457977,0,0.3499999940395355,0,0,600,900,423158243,60,77,0.0,0.0,37.417598724365234,28.561870574951172,0,0,0.6000000238418579,0,0,1,0,1,7,0,0,0,8,99,1,0.0,0.0,34.058982849121094,28.40812110900879,1.5,0,13,0.0,0.0,0.0,0,1,0
1780682993.9658039,0,0.3499999940395355,0,0,600,900,423158243,60,77,0.0,0.0,37.417598724365234,28.561870574951172,0,0,0.6000000238418579,0,0,1,0,1,7,0,0,0,8,99,1,0.0,0.0,34.058982849121094,28.40812110900879,1.5,0,12,0.0,0.0,0.0,0,1,0
1780682993.9858575,0,0.3499999940395355,0,0,600,900,423158243,60,77,0.0,0.0,37.417598724365234,28.561870574951172,0,0,0.6000000238418579,0,0,1,0,1,7,0,0,0,8,99,1,0.0,0.0,34.058982849121094,28.40812110900879,1.5,0,12,0.0,0.0,0.0,0,1,0
1780682994.0057778,0,0.3499999940395355,0,0,600,900,423158243,60,77,0.0,0.0,37.417598724365234,28.561870574951172,0,0,0.6000000238418579,0,0,1,0,1,8,0,0,0,8,99,1,0.0,0.0,34.058982849121094,28.408123016357422,1.5,0,11,0.0,0.0,0.0,0,1,0
1780682994.0256855,0,0.3499999940395355,0,0,600,900,423158243,60,77,0.0,0.0,37.417598724365234,28.561870574951172,0,0,0.6000000238418579,0,0,1,0,1,8,0,0,0,8,99,1,0.0,0.0,34.058982849121094,28.40812110900879,1.5,0,11,0.0,0.0,0.0,0,1,0
1780682994.0460196,0,0.3499999940395355,0,0,600,900,423158243,60,77,0.0,0.0,37.417598724365234,28.561870574951172,0,0,0.6000000238418579,0,0,1,0,1,8,0,0,0,8,99,1,0.0,0.0,34.058982849121094,28.40812110900879,1.5,0,11,0.0,0.0,0.0,0,1,0
1780682994.065964,0,0.3499999940395355,0,0,600,900,423158243,60,77,0.0,0.0,37.417598724365234,28.561870574951172,0,0,0.6000000238418579,0,0,1,0,1,8,0,0,0,8,99,1,0.0,0.0,34.058982849121094,28.40812110900879,1.5,0,11,0.0,0.0,0.0,0,1,0
1780682994.085742,0,0.3499999940395355,0,0,600,900,423158243,60,77,0.0,0.0,37.417598724365234,28.561870574951172,0,0,0.6000000238418579,0,0,1,0,1,8,0,0,0,8,99,1,0.0,0.0,34.058982849121094,28.408119201660156,1.5,0,11,0.0,0.0,0.0,0,1,0
1780682994.1057847,0,0.3499999940395355,0,0,600,900,423158243,60,77,0.0,0.0,37.417598724365234,28.561870574951172,0,0,0.6000000238418579,0,0,1,0,1,8,0,0,0,8,99,1,0.0,0.0,34.058982849121094,28.40812110900879,1.5,0,11,0.0,0.0,0.0,0,1,0
1780682994.1262672,0,0.3499999940395355,0,0,600,900,423158243,60,77,0.0,0.0,37.417598724365234,28.561870574951172,0,0,0.6000000238418579,0,0,1,0,1,8,0,0,0,8,99,1,0.0,0.0,34.058982849121094,28.40812110900879,1.5,0,11,0.0,0.0,0.0,0,1,0
1780682994.1458638,0,0.3499999940395355,0,0,600,900,423158243,60,77,0.0,0.0,37.417598724365234,28.561870574951172,0,0,0.6000000238418579,0,0,1,0,1,8,0,0,0,8,99,1,0.0,0.0,34.058982849121094,28.40812110900879,1.5,0,11,0.0,0.0,0.0,0,1,0
1780682994.165682,0,0.3499999940395355,0,0,600,900,423158243,60,77,0.0,0.0,37.417598724365234,28.561870574951172,0,0,0.6000000238418579,0,0,1,0,1,8,0,0,0,8,99,1,0.0,0.0,34.058982849121094,28.40812110900879,1.5,0,11,0.0,0.0,0.0,0,1,0
1780682994.185838,0,0.3499999940395355,0,0,600,900,423158243,60,77,0.0,0.0,37.417598724365234,28.561870574951172,0,0,0.6000000238418579,0,0,1,0,1,8,0,0,0,8,99,1,0.0,0.0,34.058982849121094,28.408119201660156,1.5,0,11,0.0,0.0,0.0,0,1,0
1780682994.205539,0,0.3499999940395355,0,0,600,900,423158243,60,77,0.0,0.0,37.417598724365234,28.561870574951172,0,0,0.6000000238418579,0,0,1,0,0,8,0,0,0,8,99,1,0.0,0.0,34.058982849121094,28.40812110900879,1.5,0,11,0.0,0.0,0.0,0,1,0
1780682994.2255197,0,0.3499999940395355,0,0,600,900,423158243,60,77,0.0,0.0,37.417598724365234,28.561870574951172,0,0,0.6000000238418579,0,0,1,0,0,8,0,0,0,8,99,1,0.0,0.0,34.058982849121094,28.40812110900879,1.5,0,11,0.0,0.0,0.0,0,1,0
1780682994.2459295,0,0.3499999940395355,0,0,600,900,423158243,60,77,0.0,0.0,37.417598724365234,28.561870574951172,0,0,0.6000000238418579,0,0,1,0,0,8,0,0,0,8,99,1,0.0,0.0,34.058982849121094,28.40812110900879,1.5,0,11,0.0,0.0,0.0,0,1,0
1780682994.2658453,0,0.3499999940395355,0,0,600,900,423158243,60,77,0.0,0.0,37.417598724365234,28.561870574951172,0,0,0.6000000238418579,0,0,1,0,0,8,0,0,0,8,99,1,0.0,0.0,34.058982849121094,28.408119201660156,1.5,0,11,0.0,0.0,0.0,0,1,0
1780682994.2859213,0,0.3499999940395355,0,0,600,900,423158243,60,77,0.0,0.0,37.417598724365234,28.561870574951172,0,0,0.6000000238418579,0,0,1,0,0,8,0,0,0,8,99,1,0.0,0.0,34.058982849121094,28.40812110900879,1.5,0,11,0.0,0.0,0.0,0,0,0
1780682994.3056037,0,0.3499999940395355,0,0,600,900,423158243,60,77,0.0,0.0,37.417598724365234,28.561870574951172,0,0,0.6000000238418579,0,0,1,0,0,8,0,0,0,8,99,1,0.0,0.0,34.058982849121094,28.408119201660156,1.5,0,11,0.0,0.0,0.0,0,0,0
1780682994.3259761,0,0.3499999940395355,0,0,600,900,423158243,60,77,0.0,0.0,37.417598724365234,28.561870574951172,0,0,0.6000000238418579,0,0,1,0,0,8,0,0,0,8,99,1,0.0,0.0,34.058982849121094,28.40812110900879,1.5,0,11,0.0,0.0,0.0,0,0,0
1780682994.3460693,0,0.3499999940395355,0,0,600,900,423158243,60,77,0.0,0.0,37.417598724365234,28.561870574951172,0,0,0.6000000238418579,0,0,1,0,0,8,0,0,0,8,99,1,0.0,0.0,34.058982849121094,28.408119201660156,1.5,0,11,1.0,0.0,0.0,0,0,0
1780682994.3657856,0,0.3499999940395355,0,0,600,900,423158243,60,77,0.0,0.0,37.417598724365234,28.561870574951172,0,0,0.6000000238418579,0,0,1,0,0,8,0,0,0,8,99,1,0.0,0.0,34.058982849121094,28.40812110900879,1.5,0,11,1.0,-1.0,0.0,0,0,0
1780682994.3861349,0,0.3499999940395355,0,0,600,900,423158243,60,77,0.0,0.0,37.417598724365234,28.561870574951172,0,0,0.6000000238418579,0,0,1,0,0,8,0,0,0,8,99,1,0.0,0.0,34.058982849121094,28.40812110900879,1.5,0,11,1.0,-1.0,0.0,0,0,0
1780682994.4060824,0,0.3499999940395355,0,0,600,900,423158243,60,77,0.0,0.0,37.417598724365234,28.561870574951172,0,0,0.6000000238418579,0,0,1,0,0,8,0,0,0,8,99,1,0.0,0.0,34.058982849121094,28.40812110900879,1.5,0,11,1.0,-1.0,0.0,0,0,0
1780682994.4258926,0,0.3499999940395355,0,0,600,900,423158243,60,77,0.0,0.0,37.417598724365234,28.561870574951172,0,0,0.6000000238418579,0,0,1,0,0,8,0,0,0,8,99,1,0.0,0.0,34.058982849121094,28.408119201660156,1.5,0,11,1.0,0.0,0.0,0,0,0
1780682994.4459922,0,0.3499999940395355,0,0,600,900,423158243,60,77,0.0,0.0,37.417598724365234,28.561870574951172,1,0,0.6000000238418579,0,0,1,0,0,8,0,0,0,8,99,1,0.0,0.0,34.058982849121094,28.40812110900879,1.5,0,11,1.0,0.0,0.0,0,0,0
1780682994.4660935,0,0.3499999940395355,0,0,600,900,423158243,60,77,0.0,0.0,37.417598724365234,28.561870574951172,1,0,0.6000000238418579,0,0,1,0,0,8,0,0,0,8,99,1,8.300000190734863,0.0,34.19724655151367,28.40812110900879,1.5,0,11,1.0,0.0,0.0,0,0,0
1780682994.4858437,0,0.3499999940395355,0,0,600,900,423158243,60,77,0.0,0.0,37.417598724365234,28.561870574951172,1,0,0.6000000238418579,0,0,1,0,0,8,0,0,0,8,99,1,8.300000190734863,0.0,34.36324691772461,28.40812110900879,1.5,0,11,1.0,0.0,0.0,0,0,0
1780682994.5058625,0,0.3499999940395355,0,0,600,900,423158243,60,77,0.0,0.0,37.417598724365234,28.561870574951172,1,0,0.6000000238418579,0,0,1,0,0,8,0,0,0,8,99,1,8.300000190734863,0.0,34.52933120727539,28.40812110900879,1.5,0,11,1.0,0.0,0.0,0,0,0
1780682994.5260274,0,0.3499999940395355,0,0,600,900,423158243,60,77,0.0,0.0,37.417598724365234,28.561870574951172,1,0,0.6000000238418579,0,0,1,0,0,8,0,0,0,8,99,1,8.300000190734863,0.0,34.695247650146484,28.40812110900879,1.5,0,11,1.0,0.0,0.0,0,0,0
1780682994.5461187,0,0.3499999940395355,0,0,600,900,423158243,60,77,0.0,0.0,37.417598724365234,28.561870574951172,1,0,0.6000000238418579,0,0,1,0,0,8,0,0,0,8,99,1,8.300000190734863,0.0,34.86124801635742,28.40812110900879,1.5,0,11,0.0,0.0,0.0,0,0,0
1780682994.5660026,0,0.3499999940395355,0,0,600,900,423158243,60,77,0.0,0.0,37.417598724365234,28.561870574951172,1,0,0.6000000238418579,0,0,1,0,0,8,0,0,0,8,99,1,8.300000190734863,0.0,35.02724838256836,28.408123016357422,1.5,0,11,0.0,0.0,0.0,0,0,0
1780682994.585953,0,0.3499999940395355,1,0,600,900,423158243,60,77,0.0,0.0,37.417598724365234,28.561870574951172,0,0,0.6000000238418579,0,0,1,0,0,8,0,1,0,8,99,1,8.300000190734863,0.0,35.1932487487793,28.408123016357422,1.5,0,11,0.0,0.0,0.0,0,0,1
1780682994.6059806,0,0.3499999940395355,1,0,600,900,423158243,60,77,0.0,0.0,37.417598724365234,28.561870574951172,0,0,0.6000000238418579,0,0,1,0,0,8,0,1,0,8,99,1,0.0,0.0,35.220985412597656,28.40812110900879,1.5,0,11,0.0,0.0,0.0,0,0,1
1780682994.6263294,0,0.3499999940395355,1,0,579,900,423158243,7,77,0.0,0.0,37.417598724365234,28.561870574951172,0,0,0.6000000238418579,0,0,1,0,0,8,0,1,0,8,99,1,-3.75,0.0,35.220985412597656,28.40812110900879,1.5,0,22,0.0,0.0,0.0,0,0,1
1780682994.64623,0,0.3499999940395355,1,0,579,900,423158243,7,77,0.0,0.0,37.41765594482422,28.561874389648438,0,0,0.6000000238418579,0,0,1,0,0,8,0,1,0,8,99,1,-3.75,0.0,35.158477783203125,28.40812110900879,1.5,0,22,0.0,0.0,0.0,0,0,1
1780682994.666183,0,0.3499999940395355,1,0,579,900,423158243,7,77,0.0,0.0,37.41763687133789,28.561874389648438,0,0,0.6000000238418579,0,0,1,0,0,8,0,1,0,8,99,1,-3.75,0.0,35.08348083496094,28.408123016357422,1.5,0,22,0.0,0.0,0.0,0,0,0
1780682994.68598,0,0.3499999940395355,1,0,579,900,423158243,7,77,0.0,0.0,37.41762161254883,28.561874389648438,0,0,0.6000000238418579,0,0,1,0,0,8,0,1,0,8,99,1,-3.75,0.0,35.00851821899414,28.40812110900879,1.5,0,22,0.0,0.0,0.0,0,0,0
1780682994.705877,0,0.3499999940395355,1,0,579,900,423158243,7,77,0.0,0.0,37.4176139831543,28.561874389648438,1,0,0.6000000238418579,0,0,1,0,0,8,0,1,0,8,99,1,-3.75,0.0,34.933475494384766,28.40812110900879,1.5,0,22,0.0,0.0,0.0,0,0,0
1780682994.726155,0,0.3499999940395355,1,0,579,900,423158243,7,77,0.0,0.0,37.417606353759766,28.561874389648438,1,0,0.6000000238418579,0,0,1,0,0,8,0,1,0,8,99,1,-3.75,0.0,34.85847473144531,28.40812110900879,1.5,0,22,0.0,0.0,0.0,0,0,0
1780682994.7461865,0,0.3499999940395355,1,0,579,900,423158243,7,77,0.0,0.0,37.417606353759766,28.561874389648438,1,0,0.6000000238418579,0,0,1,0,0,8,0,1,0,8,99,1,-3.75,0.0,34.78347396850586,28.40812110900879,1.5,0,22,-1.0,0.0,0.0,0,0,0
1780682994.7664254,0,0.3499999940395355,1,0,579,900,423158243,7,77,0.0,0.0,37.417606353759766,28.561874389648438,1,0,0.6000000238418579,0,0,1,0,0,8,0,1,0,8,99,1,-3.75,0.0,34.70851135253906,28.40812110900879,1.5,0,22,-1.0,0.0,0.0,0,0,0
1780682994.785985,0,0.3499999940395355,0,0,579,900,423158243,7,77,0.0,0.0,37.417606353759766,28.561874389648438,1,0,0.6000000238418579,0,0,0,0,0,8,0,0,0,8,99,1,-12.050000190734863,0.0,34.49510955810547,28.40812110900879,1.5,0,22,-1.0,0.0,0.0,0,0,0
1780682994.805928,0,0.3499999940395355,0,0,579,900,423158243,7,77,0.0,0.0,37.417606353759766,28.561874389648438,1,0,0.6000000238418579,0,0,0,0,0,8,0,0,0,8,99,1,-12.050000190734863,0.0,34.254112243652344,28.408123016357422,1.5,0,22,-1.0,0.0,0.0,0,0,0
1780682994.8262362,0,0.3499999940395355,0,0,579,900,423158243,7,77,0.0,0.0,37.417606353759766,28.561874389648438,1,0,0.6000000238418579,0,0,0,0,0,8,0,0,0,8,99,1,-8.300000190734863,0.0,34.075618743896484,28.40812110900879,1.5,0,22,-1.0,0.0,0.0,0,0,0
1780682994.8462045,0,0.3499999940395355,0,0,579,900,423158243,7,77,0.0,0.0,37.417606353759766,28.561874389648438,1,0,0.6000000238418579,0,0,0,0,0,8,0,0,0,8,99,1,-8.300000190734863,0.0,33.90970230102539,28.40812110900879,1.5,0,22,-1.0,0.0,0.0,0,0,0
1780682994.8658204,0,0.3499999940395355,0,0,579,900,423158243,7,77,0.0,0.0,37.417606353759766,28.561874389648438,1,0,0.6000000238418579,0,0,0,0,0,8,0,0,0,8,99,1,-8.300000190734863,0.0,33.74361801147461,28.40812110900879,1.5,0,22,-1.0,0.0,0.0,0,0,0
1780682994.8860867,0,0.3499999940395355,0,0,579,900,423158243,7,77,0.0,0.0,37.417606353759766,28.561874389648438,1,0,0.6000000238418579,0,0,0,0,0,8,0,0,0,8,99,1,-8.300000190734863,0.0,33.57762145996094,28.40812110900879,1.5,0,22,-1.0,0.0,0.0,0,0,0
1780682994.9059057,0,0.3499999940395355,0,0,579,900,423158243,7,77,0.0,0.0,37.417606353759766,28.561874389648438,1,0,0.6000000238418579,0,0,0,0,0,8,0,0,0,8,99,1,-8.300000190734863,0.0,33.41162109375,28.40812110900879,1.5,0,22,-1.0,0.0,0.0,0,0,0
1780682994.9261377,0,0.3499999940395355,0,0,579,900,423158243,7,77,0.0,0.0,37.417606353759766,28.561874389648438,1,0,0.6000000238418579,0,0,0,0,0,8,0,0,0,8,99,1,-8.300000190734863,0.0,33.2456169128418,28.40812110900879,1.5,0,22,-1.0,0.0,0.0,0,0,0
1780682994.9460251,0,0.3499999940395355,0,0,579,900,423158243,9,77,-19.24015998840332,41.0,37.417606353759766,28.561874389648438,1,0,0.6000000238418579,0,0,0,0,0,8,0,0,0,8,99,1,-8.300000190734863,0.0,33.079620361328125,28.40812110900879,1.5,0,22,-1.0,0.0,0.0,0,0,0
1780682994.9663446,0,0.3499999940395355,0,0,579,900,423158243,10,77,-19.24015998840332,39.20000076293945,37.03280258178711,29.345874786376953,1,0,0.6000000238418579,0,0,0,0,0,8,0,0,0,8,99,1,-8.300000190734863,0.0,32.913700103759766,28.408119201660156,1.5,0,22,-1.0,0.0,0.0,0,0,0
1780682994.9859514,0,0.3499999940395355,0,0,579,900,423158243,10,77,-19.24015998840332,37.400001525878906,36.64799880981445,30.093873977661133,1,0,0.6000000238418579,0,0,0,0,0,8,0,0,0,8,99,1,-8.300000190734863,0.0,32.74769973754883,28.40812110900879,1.5,0,22,-1.0,0.0,0.0,0,0,0
1780682995.0056703,0,0.3499999940395355,0,0,579,900,423158243,10,77,-19.24015998840332,35.60000228881836,36.2631950378418,30.80587387084961,1,0,0.6000000238418579,0,0,0,0,0,8,0,0,0,8,99,1,-8.300000190734863,0.0,32.58162307739258,28.40812110900879,1.5,0,22,-1.0,0.0,0.0,0,0,0
1780682995.0257106,0,0.3499999940395355,0,0,579,900,423158243,10,77,-19.24015998840332,33.80000305175781,35.87839126586914,31.481874465942383,1,0,0.6000000238418579,0,0,0,0,0,8,0,0,0,8,99,1,-8.300000190734863,0.0,32.41562271118164,28.40812110900879,1.5,0,22,-1.0,0.0,0.0,0,0,0
1780682995.0473788,0,0.3499999940395355,0,0,579,900,423158243,10,77,-19.24015998840332,32.000003814697266,35.493587493896484,32.12187194824219,1,0,0.6000000238418579,0,0,0,0,0,8,0,0,0,8,99,1,-8.300000190734863,0.0,32.24970245361328,28.408123016357422,1.5,0,22,-1.0,0.0,0.0,0,0,0
1780682995.0673478,0,0.3499999940395355,0,0,579,900,423158243,10,77,-19.24015998840332,30.20000457763672,35.10878372192383,32.72587203979492,1,0,0.6000000238418579,0,0,0,0,0,8,0,0,0,8,99,1,-8.300000190734863,0.0,32.083621978759766,28.40812110900879,1.5,0,22,-1.0,0.0,0.0,0,0,0
1780682995.0866714,0,0.3499999940395355,0,0,579,900,423158243,10,77,-19.24015998840332,28.400005340576172,34.72397994995117,33.29387283325195,1,0,0.6000000238418579,0,0,0,0,0,8,0,0,0,8,99,1,-8.300000190734863,0.0,31.917699813842773,28.40812110900879,1.5,0,22,-1.0,0.0,0.0,0,0,0
1780682995.105999,0,0.3499999940395355,0,0,579,900,423158243,10,77,-19.24015998840332,26.600006103515625,34.339176177978516,33.82587432861328,1,0,0.6000000238418579,0,0,0,0,0,8,0,0,0,8,99,1,-8.300000190734863,0.0,31.7517032623291,28.40812110900879,1.5,0,22,-1.0,0.0,0.0,0,0,0
1780682995.1260965,0,0.3499999940395355,0,0,579,900,423158243,10,77,-19.24015998840332,24.800006866455078,33.95437240600586,34.32187271118164,1,0,0.6000000238418579,0,0,0,0,0,8,0,0,0,8,99,1,-8.300000190734863,0.0,31.58570671081543,28.40812110900879,1.5,0,22,-1.0,0.0,0.0,0,0,0
1780682995.1457984,0,0.3499999940395355,0,0,579,900,423158243,10,77,-19.24015998840332,23.00000762939453,33.5695686340332,34.7818717956543,1,0,0.6000000238418579,0,0,0,0,0,8,0,0,0,8,99,1,-8.300000190734863,0.0,31.419620513916016,28.40812110900879,1.5,0,22,-1.0,0.0,0.0,0,0,0
1780682995.1656952,0,0.3499999940395355,0,0,579,900,423158243,10,77,-19.24015998840332,21.200008392333984,33.18476486206055,35.20587158203125,1,0,0.6000000238418579,0,0,0,0,0,8,0,0,0,8,99,1,-8.300000190734863,0.0,31.253704071044922,28.40812110900879,1.5,0,22,-1.0,0.0,0.0,0,0,0
1780682995.1869228,0,0.3499999940395355,0,0,579,900,423158243,10,77,-19.24015998840332,19.400009155273438,32.79996109008789,35.5938720703125,1,0,0.6000000238418579,0,0,0,0,0,8,0,0,0,8,99,1,-8.300000190734863,0.0,31.087617874145508,28.408119201660156,1.5,0,22,-1.0,0.0,0.0,0,0,0
1780682995.2066145,0,0.3499999940395355,0,0,579,900,423158243,10,77,-19.24015998840332,17.60000991821289,32.415157318115234,35.94587326049805,1,0,0.6000000238418579,0,0,0,0,0,8,0,0,0,8,99,1,-8.300000190734863,0.0,30.921613693237305,28.40812110900879,1.5,0,22,-1.0,0.0,0.0,0,0,0
1780682995.2267754,0,0.3499999940395355,0,0,579,900,423158243,10,77,-19.24015998840332,15.800010681152344,32.03035354614258,36.26187515258789,1,0,0.6000000238418579,0,0,0,0,0,8,0,0,0,8,99,1,-8.300000190734863,0.0,30.7556095123291,28.40812110900879,1.5,0,22,0.0,0.0,0.0,0,0,0
1780682995.2476375,0,0.3499999940395355,0,0,579,900,423158243,10,77,-19.24015998840332,14.000011444091797,31.645549774169922,36.541873931884766,1,0,0.6000000238418579,0,0,0,0,0,8,0,0,0,8,99,1,-8.300000190734863,0.0,30.589599609375,28.40812110900879,1.5,0,22,0.0,0.0,0.0,0,0,0
1780682995.2669806,0,0.3499999940395355,0,0,579,900,423158243,10,77,-19.24015998840332,12.20001220703125,31.260746002197266,36.78587341308594,1,0,0.6000000238418579,0,0,0,0,0,8,0,0,0,8,99,1,0.0,0.0,30.561969757080078,28.40812110900879,1.5,0,22,0.0,0.0,0.0,0,0,0
1780682995.2861824,0,0.3499999940395355,0,0,579,900,423158243,10,77,-19.24015998840332,10.400012969970703,30.87594223022461,36.993873596191406,1,0,0.6000000238418579,0,0,0,0,0,8,0,0,0,8,99,1,0.0,0.0,30.561969757080078,28.408123016357422,1.5,0,22,0.0,0.0,0.0,0,0,0
1780682995.3058524,0,0.3499999940395355,0,0,579,900,423158243,10,77,-19.24015998840332,8.600013732910156,30.491138458251953,37.16587448120117,1,0,0.6000000238418579,0,0,0,0,0,8,0,0,0,8,99,1,0.0,0.0,30.561969757080078,28.40812110900879,1.5,0,22,0.0,0.0,0.0,0,0,0
1780682995.3258803,0,0.3499999940395355,0,0,579,900,423158243,10,77,-19.24015998840332,6.800014495849609,30.106334686279297,37.301876068115234,1,0,0.6000000238418579,0,0,0,0,0,8,0,0,0,8,99,1,0.0,0.0,30.561969757080078,28.40812110900879,1.5,0,22,0.0,0.0,0.0,0,0,0
1780682995.3459904,0,0.3499999940395355,0,0,579,900,423158243,10,77,-19.24015998840332,5.0000152587890625,29.72153091430664,37.40187454223633,1,0,0.6000000238418579,0,0,0,0,0,8,0,0,0,8,99,1,0.0,0.0,30.561969757080078,28.40812110900879,1.5,0,22,0.0,0.0,0.0,0,0,0
1780682995.3656,0,0.3499999940395355,0,0,579,900,423158243,10,77,-19.24015998840332,3.2000160217285156,29.336727142333984,37.46587371826172,1,0,0.6000000238418579,0,0,0,0,0,8,0,0,0,8,99,1,0.0,0.0,30.561969757080078,28.40812110900879,1.5,0,22,0.0,0.0,0.0,0,0,0
1780682995.3858192,0,0.3499999940395355,0,0,579,900,423158243,10,77,-19.24015998840332,1.4000167846679688,28.951923370361328,37.493873596191406,1,0,0.6000000238418579,0,0,0,0,0,8,0,0,0,8,99,1,0.0,0.0,30.561969757080078,28.40812110900879,1.5,0,22,0.0,0.0,0.0,0,0,0
1780682995.4057508,0,0.3499999940395355,0,0,579,900,423158243,10,77,-19.24015998840332,-0.3999824523925781,28.567119598388672,37.48587417602539,1,0,0.6000000238418579,0,0,0,0,0,8,0,0,0,8,99,1,0.0,0.0,30.561969757080078,28.40812110900879,1.5,0,22,0.0,0.0,0.0,0,0,0
1780682995.4259524,0,0.3499999940395355,0,0,579,900,423158243,10,77,-19.24015998840332,-2.199981689453125,28.182315826416016,37.44187545776367,1,0,0.6000000238418579,0,0,0,0,0,8,0,0,0,8,99,1,0.0,0.0,30.561969757080078,28.408119201660156,1.5,0,22,0.0,0.0,0.0,0,0,0
1780682995.4461467,0,0.3499999940395355,0,0,579,900,423158243,10,77,-19.24015998840332,-3.999980926513672,27.79751205444336,37.36187744140625,1,0,0.6000000238418579,0,0,0,0,0,8,0,0,0,8,99,1,0.0,0.0,30.561969757080078,28.408123016357422,1.5,0,22,0.0,0.0,0.0,0,0,0
1780682995.4658532,0,0.3499999940395355,0,0,579,900,423158243,10,77,-19.24015998840332,-5.799980163574219,27.412708282470703,37.24587631225586,1,0,0.6000000238418579,0,0,0,0,0,8,0,0,0,8,99,1,0.0,0.0,30.561969757080078,28.40812110900879,1.5,0,22,0.0,0.0,0.0,0,0,0
1780682995.4859302,0,0.3499999940395355,0,0,579,900,423158243,10,77,-19.24015998840332,-7.599979400634766,27.027904510498047,37.093875885009766,1,0,0.6000000238418579,0,0,0,0,0,8,0,0,0,8,99,1,0.0,0.0,30.561969757080078,28.40812110900879,1.5,0,22,0.0,0.0,0.0,0,0,0
1780682995.5058177,0,0.3499999940395355,0,0,579,900,423158243,10,77,-19.24015998840332,-9.399978637695312,26.64310073852539,36.90587615966797,1,0,0.6000000238418579,0,0,0,0,0,8,0,0,0,8,99,1,0.0,0.0,30.561969757080078,28.40812110900879,1.5,0,22,0.0,0.0,0.0,0,0,0
1780682995.525747,0,0.3499999940395355,0,0,579,900,423158243,10,77,-19.24015998840332,-11.19997787475586,26.258296966552734,36.68187713623047,1,0,0.6000000238418579,0,0,0,0,0,8,0,0,0,8,99,1,0.0,0.0,30.561969757080078,28.40812110900879,1.5,0,22,0.0,0.0,0.0,0,0,0
1780682995.5458658,0,0.3499999940395355,0,0,579,900,423158243,10,77,-19.24015998840332,-12.999977111816406,25.873493194580078,36.421878814697266,1,0,0.6000000238418579,0,0,0,0,0,8,0,0,0,8,99,1,0.0,0.0,30.561969757080078,28.408119201660156,1.5,0,22,0.0,0.0,0.0,0,0,0
1780682995.5660405,0,0.3499999940395355,0,0,579,900,423158243,10,77,-19.24015998840332,-14.799976348876953,25.488689422607422,36.12588119506836,1,0,0.6000000238418579,0,0,0,0,0,8,0,0,0,8,99,1,0.0,0.0,30.561969757080078,28.40812110900879,1.5,0,22,-1.0,0.0,0.0,0,0,0
1780682995.5861952,0,0.3499999940395355,0,0,579,900,423158243,10,77,-19.24015998840332,-16.5999755859375,25.103885650634766,35.793880462646484,1,0,0.6000000238418579,0,0,0,0,0,8,0,0,0,8,99,1,0.0,0.0,30.561969757080078,28.40812110900879,1.5,0,22,-1.0,1.0,0.0,0,0,0
1780682995.6061406,0,0.3499999940395355,0,0,579,900,423158243,10,77,-19.24015998840332,-18.399974822998047,24.71908187866211,35.425880432128906,1,0,0.6000000238418579,0,0,0,0,0,8,0,0,0,8,99,1,0.0,0.0,30.561969757080078,28.40812110900879,1.5,0,22,-1.0,1.0,0.0,0,0,0
1780682995.6261306,0,0.3499999940395355,0,0,579,900,423158243,10,77,-19.24015998840332,-20.199974060058594,24.334278106689453,35.021881103515625,1,0,0.6000000238418579,0,0,0,0,0,8,0,0,0,8,99,1,-8.300000190734863,0.0,30.423603057861328,28.408123016357422,1.5,0,22,-1.0,0.0,0.0,0,0,0
1780682995.6460495,0,0.3499999940395355,0,0,579,900,423158243,10,77,-19.24015998840332,-21.99997329711914,23.949474334716797,34.58188247680664,1,0,0.6000000238418579,0,0,0,0,0,8,0,0,0,8,99,1,-8.300000190734863,0.0,30.25768280029297,28.40812110900879,1.5,0,22,-1.0,0.0,0.0,0,0,0
1780682995.6661518,0,0.3499999940395355,0,0,579,900,423158243,10,77,-19.24015998840332,-23.799972534179688,23.56467056274414,34.10588455200195,1,0,0.6000000238418579,0,0,0,0,0,8,0,0,0,8,99,1,-8.300000190734863,0.0,30.09168243408203,28.40812110900879,1.5,0,22,-1.0,0.0,0.0,0,0,0
1780682995.6860323,0,0.3499999940395355,0,0,579,900,423158243,10,77,-19.24015998840332,-25.599971771240234,23.179866790771484,33.5938835144043,1,0,0.6000000238418579,0,0,0,0,0,8,0,0,0,8,99,1,-8.300000190734863,0.0,29.925683975219727,28.40812110900879,1.5,0,22,-1.0,0.0,0.0,0,0,0
1780682995.7058048,0,0.3499999940395355,0,0,579,900,423158243,10,77,-19.24015998840332,-27.39997100830078,22.795063018798828,33.04588317871094,1,0,0.6000000238418579,0,0,0,0,0,8,0,0,0,8,99,1,-8.300000190734863,0.0,29.75960350036621,28.40812110900879,1.5,0,22,-1.0,0.0,0.0,0,0,0
1780682995.726163,0,0.3499999940395355,0,0,579,900,423158243,10,77,-19.24015998840332,-29.199970245361328,22.410259246826172,32.461883544921875,1,0,0.6000000238418579,0,0,0,0,0,8,0,0,0,8,99,1,-8.300000190734863,0.0,29.59360122680664,28.40812110900879,1.5,0,22,-1.0,0.0,0.0,0,0,0
1780682995.7460768,0,0.3499999940395355,0,0,579,900,423158243,10,77,-19.24015998840332,-30.999969482421875,22.025455474853516,31.84188461303711,1,0,0.6000000238418579,0,0,0,0,0,8,0,0,0,8,99,1,-8.300000190734863,0.0,29.427602767944336,28.40812110900879,1.5,0,22,-1.0,0.0,0.0,0,0,0
1780682995.7660913,0,0.3499999940395355,0,0,579,900,423158243,10,77,-19.24015998840332,-32.79996871948242,21.64065170288086,31.18588638305664,1,0,0.6000000238418579,0,0,0,0,0,8,0,0,0,8,99,1,-8.300000190734863,0.0,29.26168441772461,28.408119201660156,1.5,0,22,-1.0,0.0,0.0,0,0,0
1780682995.7863908,0,0.3499999940395355,0,0,579,900,423158243,10,77,-19.24015998840332,-34.59996795654297,21.255847930908203,30.493886947631836,1,0,0.6000000238418579,0,0,0,0,0,8,0,0,0,8,99,1,-8.300000190734863,0.0,29.095600128173828,28.408123016357422,1.5,0,22,-1.0,0.0,0.0,0,0,0
1780682995.805977,0,0.3499999940395355,0,0,579,900,423158243,10,77,-19.24015998840332,-36.399967193603516,20.871044158935547,29.765888214111328,1,0,0.6000000238418579,0,0,0,0,0,8,0,0,0,8,99,1,-8.300000190734863,0.0,28.92959976196289,28.40812110900879,1.5,0,22,-1.0,0.0,0.0,0,0,0
1780682995.8261056,0,0.3499999940395355,0,0,579,900,423158243,10,77,-19.24015998840332,-38.19996643066406,20.48624038696289,29.001888275146484,1,0,0.6000000238418579,0,0,0,0,0,8,0,0,0,8,99,1,-8.300000190734863,0.0,28.763599395751953,28.40812110900879,1.5,0,22,-1.0,0.0,0.0,0,0,0
1780682995.8458972,0,0.3499999940395355,0,0,579,900,423158243,11,77,0.0,0.0,20.101436614990234,28.56183624267578,1,0,0.6000000238418579,0,0,0,0,0,8,0,0,0,8,99,1,-8.300000190734863,0.0,28.59760284423828,28.40812110900879,1.5,0,22,-1.0,0.0,0.0,0,0,0
1780682995.8661463,0,0.3499999940395355,0,0,579,900,423158243,11,77,0.0,0.0,20.101436614990234,28.56184959411621,1,0,0.6000000238418579,0,0,0,0,0,8,0,0,0,8,99,1,-8.300000190734863,0.0,28.431602478027344,28.40812110900879,1.5,0,22,-1.0,0.0,0.0,0,0,0
1780682995.8858206,0,0.3499999940395355,0,0,579,900,423158243,11,77,0.0,0.0,20.101436614990234,28.561859130859375,1,0,0.6000000238418579,0,0,0,0,0,8,0,0,0,8,99,1,-8.300000190734863,0.0,28.265684127807617,28.40812110900879,1.5,0,22,-1.0,0.0,0.0,0,0,0
1780682995.9054172,0,0.3499999940395355,0,0,579,900,423158243,11,77,0.0,0.0,20.101436614990234,28.561864852905273,1,0,0.6000000238418579,0,0,0,0,0,8,0,0,0,8,99,1,-8.300000190734863,0.0,28.09968376159668,28.40812110900879,1.5,0,22,-1.0,0.0,0.0,0,0,0
1780682995.9260113,0,0.3499999940395355,0,0,579,900,423158243,11,77,0.0,0.0,20.101436614990234,28.56186866760254,1,0,0.6000000238418579,0,0,0,0,0,8,0,0,0,8,99,1,-8.300000190734863,0.0,27.9335994720459,28.40812110900879,1.5,0,22,-1.0,0.0,0.0,0,0,0
1780682995.945842,0,0.3499999940395355,0,0,579,900,423158243,11,77,0.0,0.0,20.101436614990234,28.561870574951172,1,0,0.6000000238418579,0,0,0,0,0,8,0,0,0,8,99,1,-8.300000190734863,0.0,27.767601013183594,28.408123016357422,1.5,0,22,-1.0,0.0,0.0,0,0,0
1780682995.9659045,0,0.3499999940395355,0,0,579,900,423158243,11,77,0.0,0.0,20.101436614990234,28.561870574951172,1,0,0.6000000238418579,0,0,0,0,0,8,0,0,0,8,99,1,-8.300000190734863,0.0,27.6016845703125,28.40812110900879,1.5,0,22,-1.0,0.0,0.0,0,0,0
1780682995.9858713,0,0.3499999940395355,0,0,579,900,423158243,11,77,0.0,0.0,20.101436614990234,28.561870574951172,1,0,0.6000000238418579,0,0,0,0,0,8,0,0,0,8,99,1,-8.300000190734863,0.0,27.435680389404297,28.40812110900879,1.5,0,22,-1.0,0.0,0.0,0,0,0
1780682996.0064898,0,0.3499999940395355,0,0,579,900,423158243,11,77,0.0,0.0,20.101436614990234,28.561870574951172,1,0,0.6000000238418579,0,0,0,0,0,8,0,0,0,8,99,1,-8.300000190734863,0.0,27.269596099853516,28.40812110900879,1.5,0,22,-1.0,0.0,0.0,0,0,0
1780682996.0260546,0,0.3499999940395355,0,0,579,900,423158243,11,77,0.0,0.0,20.101436614990234,28.561870574951172,1,0,0.6000000238418579,0,0,0,0,0,8,0,0,0,8,99,1,-8.300000190734863,0.0,27.103591918945312,28.40812110900879,1.5,0,22,-1.0,0.0,0.0,0,0,0
1780682996.0462584,0,0.3499999940395355,0,0,579,900,423158243,11,77,0.0,0.0,20.101436614990234,28.561870574951172,1,0,0.6000000238418579,0,0,0,0,0,8,0,0,0,8,99,1,-8.300000190734863,0.0,26.93759536743164,28.40812110900879,1.5,0,22,-1.0,0.0,0.0,0,0,0
1780682996.0659733,0,0.3499999940395355,0,0,579,900,423158243,11,77,0.0,0.0,20.101436614990234,28.561870574951172,1,0,0.6000000238418579,0,0,0,0,0,8,0,0,0,8,99,1,-8.300000190734863,0.0,26.77167510986328,28.40812110900879,1.5,0,22,-1.0,0.0,0.0,0,0,0
1780682996.0859675,0,0.3499999940395355,0,0,579,900,423158243,69,77,0.0,0.0,20.101436614990234,28.561870574951172,1,0,0.6000000238418579,0,0,0,0,0,8,0,0,0,8,99,1,-8.300000190734863,0.0,26.605592727661133,28.40812110900879,1.5,0,22,-1.0,0.0,0.0,0,0,0
1780682996.1059723,0,0.3499999940395355,0,0,579,900,423158243,69,77,0.0,0.0,20.101436614990234,28.561870574951172,1,0,0.6000000238418579,0,0,0,0,0,8,0,0,0,8,99,1,-8.300000190734863,0.0,26.439594268798828,28.40812110900879,1.5,0,22,-1.0,0.0,0.0,0,0,0
1780682996.1260173,0,0.3499999940395355,0,0,579,900,423158243,69,77,0.0,0.0,20.101436614990234,28.561870574951172,1,0,0.6000000238418579,0,0,0,0,0,8,0,0,0,8,99,1,-8.300000190734863,0.0,26.27359390258789,28.40812110900879,1.5,0,22,-1.0,0.0,0.0,0,0,0
1780682996.1461554,0,0.3499999940395355,0,0,579,900,423158243,69,77,0.0,0.0,20.101436614990234,28.561870574951172,1,0,0.6000000238418579,0,0,0,0,0,8,0,0,0,8,99,1,-8.300000190734863,0.0,26.107675552368164,28.40812110900879,1.5,0,22,-1.0,0.0,0.0,0,0,0
1780682996.166133,0,0.3499999940395355,0,0,579,900,423158243,69,77,0.0,0.0,20.101436614990234,28.561870574951172,1,0,0.6000000238418579,0,0,0,0,0,8,0,0,0,8,99,1,-8.300000190734863,0.0,25.94158935546875,28.40812110900879,1.5,0,22,-1.0,0.0,0.0,0,0,0
1780682996.1859539,0,0.3499999940395355,0,0,579,900,423158243,69,77,0.0,0.0,20.101436614990234,28.561870574951172,1,0,0.6000000238418579,0,0,0,0,0,8,0,0,0,8,99,1,-8.300000190734863,0.0,25.775592803955078,28.40812110900879,1.5,0,22,-1.0,0.0,0.0,0,0,0
1780682996.2058928,0,0.3499999940395355,0,0,579,900,423158243,69,77,0.0,0.0,20.101436614990234,28.561870574951172,1,0,0.6000000238418579,0,0,0,0,0,8,0,0,0,8,99,1,-8.300000190734863,0.0,25.609588623046875,28.408123016357422,1.5,0,22,-1.0,0.0,0.0,0,0,0
1780682996.225955,0,0.3499999940395355,0,0,579,900,423158243,69,77,0.0,0.0,20.101436614990234,28.561870574951172,1,0,0.6000000238418579,0,0,0,0,0,8,0,0,0,8,99,1,-8.300000190734863,0.0,25.44367218017578,28.40812110900879,1.5,0,22,-1.0,0.0,0.0,0,0,0
1780682996.2458532,0,0.3499999940395355,0,0,579,900,423158243,69,77,0.0,0.0,20.101436614990234,28.561870574951172,1,0,0.6000000238418579,0,0,0,0,0,8,0,0,0,8,99,1,-8.300000190734863,0.0,25.277671813964844,28.408123016357422,1.5,0,22,-1.0,0.0,0.0,0,0,0
1780682996.2657378,0,0.3499999940395355,0,0,579,900,423158243,69,77,0.0,0.0,20.101436614990234,28.561870574951172,1,0,0.6000000238418579,0,0,0,0,0,8,0,0,0,8,99,1,-8.300000190734863,0.0,25.111671447753906,28.40812110900879,1.5,0,22,-1.0,0.0,0.0,0,0,0
1780682996.2856603,0,0.3499999940395355,0,0,579,900,423158243,69,77,0.0,0.0,20.101436614990234,28.561870574951172,1,0,0.6000000238418579,0,0,0,0,0,8,0,0,0,8,99,1,-8.300000190734863,0.0,24.9456729888916,28.40812110900879,1.5,0,22,-1.0,0.0,0.0,0,0,0
1780682996.3056831,0,0.3499999940395355,0,0,579,900,423158243,69,77,0.0,0.0,20.101436614990234,28.561870574951172,1,0,0.6000000238418579,0,0,0,0,0,8,0,0,0,8,99,1,-8.300000190734863,0.0,24.77967643737793,28.408119201660156,1.5,0,22,-1.0,0.0,0.0,0,0,0
1780682996.3257957,0,0.3499999940395355,0,0,579,900,423158243,69,77,0.0,0.0,20.101436614990234,28.561870574951172,1,0,0.6000000238418579,0,0,0,0,0,8,0,0,0,8,99,1,-8.300000190734863,0.0,24.61359405517578,28.40812110900879,1.5,0,22,-1.0,0.0,0.0,0,0,0
1780682996.3459468,0,0.3499999940395355,0,0,579,900,423158243,45,77,8.0,0.0,20.101436614990234,28.561870574951172,1,0,0.6000000238418579,0,0,0,0,0,8,0,0,0,8,99,1,-8.300000190734863,0.0,24.44759750366211,28.40812110900879,1.5,0,22,-1.0,0.0,0.0,0,0,0
1780682996.36587,0,0.3499999940395355,0,0,579,900,423158243,45,77,8.0,0.0,20.261436462402344,28.561870574951172,1,0,0.6000000238418579,0,0,0,0,0,8,0,0,0,8,99,1,-8.300000190734863,0.0,24.281600952148438,28.40812110900879,1.5,0,22,-1.0,0.0,0.0,0,0,0
1780682996.3857226,0,0.3499999940395355,0,0,579,900,423158243,45,77,8.0,0.0,20.421436309814453,28.561870574951172,1,0,0.6000000238418579,0,0,0,0,0,8,0,0,0,8,99,1,-8.300000190734863,0.0,24.115680694580078,28.40812110900879,1.5,0,22,-1.0,0.0,0.0,0,0,0
1780682996.4058855,0,0.3499999940395355,0,0,579,900,423158243,45,77,8.0,0.0,20.581436157226562,28.561870574951172,1,0,0.6000000238418579,0,0,0,0,0,8,0,0,0,8,99,1,-8.300000190734863,0.0,23.949600219726562,28.40812110900879,1.5,0,22,-1.0,0.0,0.0,0,0,0
1780682996.4260435,0,0.3499999940395355,0,0,579,900,423158243,45,77,8.0,0.0,20.741436004638672,28.561870574951172,1,0,0.6000000238418579,0,0,0,0,0,8,0,0,0,8,99,1,-8.300000190734863,0.0,23.783599853515625,28.40812110900879,1.5,0,22,-1.0,0.0,0.0,0,0,0
1780682996.4458547,0,0.3499999940395355,0,0,579,900,423158243,45,77,8.0,0.0,20.90143585205078,28.561870574951172,1,0,0.6000000238418579,0,0,0,0,0,8,0,0,0,8,99,1,-8.300000190734863,0.0,23.61760139465332,28.40812110900879,1.5,0,22,-1.0,0.0,0.0,0,0,0
1780682996.4658506,0,0.3499999940395355,0,0,579,900,423158243,45,77,8.0,0.0,21.06143569946289,28.561870574951172,1,0,0.6000000238418579,0,0,0,0,0,8,0,0,0,8,99,1,-8.300000190734863,0.0,23.451683044433594,28.40812110900879,1.5,0,22,-1.0,0.0,0.0,0,0,1
1780682996.4858387,0,0.3499999940395355,1,0,579,900,423158243,45,77,8.0,0.0,21.221435546875,28.561870574951172,0,0,0.6000000238418579,0,0,0,0,0,8,0,1,0,8,99,1,-8.300000190734863,0.0,23.285680770874023,28.40812110900879,1.5,0,22,-1.0,0.0,0.0,0,0,1
1780682996.505884,0,0.3499999940395355,1,0,579,900,423158243,45,77,8.0,0.0,21.38143539428711,28.561870574951172,0,0,0.6000000238418579,0,0,0,0,0,8,0,1,0,8,99,1,-8.300000190734863,0.0,23.11959457397461,28.40812110900879,1.5,0,22,-1.0,0.0,0.0,0,0,1
1780682996.5257776,0,0.3499999940395355,1,0,558,900,423158243,54,77,8.0,0.0,21.54143524169922,28.561870574951172,0,0,0.6000000238418579,0,0,0,0,0,8,0,1,0,8,99,1,3.75,0.0,22.953594207763672,28.40812110900879,1.5,0,33,-1.0,0.0,0.0,0,0,1
1780682996.5461202,0,0.3499999940395355,1,0,558,900,423158243,54,77,8.0,0.0,21.40143585205078,28.561870574951172,0,0,0.6000000238418579,0,0,0,0,0,8,0,1,0,8,99,1,3.75,0.0,22.98846435546875,28.40812110900879,1.5,0,33,-1.0,0.0,0.0,0,0,1
1780682996.56602,0,0.3499999940395355,1,0,558,900,423158243,54,77,8.0,0.0,21.261436462402344,28.561870574951172,0,0,0.6000000238418579,0,0,0,0,0,8,0,1,0,8,99,1,3.75,0.0,23.063426971435547,28.408119201660156,1.5,0,33,-1.0,0.0,0.0,0,0,1
1780682996.5859113,0,0.3499999940395355,1,0,558,900,423158243,54,77,8.0,0.0,21.121437072753906,28.561870574951172,1,0,0.6000000238418579,0,0,0,0,0,8,0,1,0,8,99,1,3.75,0.0,23.138429641723633,28.408119201660156,1.5,0,33,-1.0,0.0,0.0,0,0,1
1780682996.605543,0,0.3499999940395355,1,0,558,900,423158243,54,77,8.0,0.0,20.98143768310547,28.561870574951172,1,0,0.6000000238418579,0,0,0,0,0,8,0,1,0,8,99,1,3.75,0.0,23.213428497314453,28.40812110900879,1.5,0,33,-1.0,0.0,0.0,0,0,0
1780682996.6260014,0,0.3499999940395355,1,0,558,900,423158243,54,77,8.0,0.0,20.84143829345703,28.561870574951172,1,0,0.6000000238418579,0,0,0,0,0,8,0,1,0,8,99,1,3.75,0.0,23.288429260253906,28.40812110900879,1.5,0,33,0.0,0.0,0.0,0,0,0
1780682996.645962,0,0.3499999940395355,1,0,558,900,423158243,54,77,8.0,0.0,20.701438903808594,28.561870574951172,1,0,0.6000000238418579,0,0,0,0,0,8,0,1,0,8,99,1,3.75,0.0,23.363468170166016,28.40812110900879,1.5,0,33,0.0,0.0,0.0,0,0,0
1780682996.665993,0,0.3499999940395355,1,0,558,900,423158243,54,77,8.0,0.0,20.561439514160156,28.561870574951172,1,0,0.6000000238418579,0,0,0,0,0,8,0,1,0,8,99,1,3.75,0.0,23.438432693481445,28.40812110900879,1.5,0,33,0.0,0.0,0.0,0,0,0
1780682996.6861596,0,0.3499999940395355,1,0,558,900,423158243,54,77,8.0,0.0,20.42144012451172,28.561870574951172,1,0,0.6000000238418579,0,0,0,0,0,8,0,1,0,8,99,1,3.75,0.0,23.5134334564209,28.40812110900879,1.5,0,33,0.0,0.0,0.0,0,0,0
1780682996.7058544,0,0.3499999940395355,1,0,558,900,423158243,54,77,8.0,0.0,20.581439971923828,28.561870574951172,1,0,0.6000000238418579,0,0,0,0,0,8,0,1,0,8,99,1,3.75,0.0,23.588472366333008,28.408123016357422,1.5,0,33,0.0,0.0,0.0,0,0,0
1780682996.7264366,0,0.3499999940395355,1,0,558,900,423158243,54,77,8.0,0.0,20.741439819335938,28.561870574951172,1,0,0.6000000238418579,0,0,0,0,0,8,0,1,0,8,99,1,0.0,0.0,23.60095977783203,28.40812110900879,1.5,0,33,0.0,0.0,0.0,0,0,0
1780682996.7459526,0,0.3499999940395355,1,0,558,900,423158243,54,77,8.0,0.0,20.901439666748047,28.561870574951172,1,0,0.6000000238418579,0,0,0,0,0,8,0,1,0,8,99,1,0.0,0.0,23.60095977783203,28.40812110900879,1.5,0,33,0.0,0.0,0.0,0,0,0
1780682996.7659943,0,0.3499999940395355,1,0,558,900,423158243,7,77,0.0,0.0,21.061439514160156,28.561870574951172,1,0,0.6000000238418579,0,0,0,0,0,8,0,1,0,8,99,1,0.0,0.0,23.60095977783203,28.40812110900879,1.5,0,33,0.0,0.0,0.0,0,0,0
1780682996.7860267,0,0.3499999940395355,1,0,558,900,423158243,7,77,0.0,0.0,21.061439514160156,28.561870574951172,1,0,0.6000000238418579,0,0,0,0,0,8,0,1,0,8,99,1,0.0,0.0,23.60095977783203,28.40812110900879,1.5,0,33,0.0,0.0,0.0,0,0,0
1780682996.8056717,0,0.3499999940395355,1,0,558,900,423158243,7,77,0.0,0.0,21.061439514160156,28.561870574951172,1,0,0.6000000238418579,0,0,0,0,0,8,0,1,0,8,99,1,0.0,0.0,23.60095977783203,28.40812110900879,1.5,0,33,0.0,0.0,0.0,0,0,0
1780682996.8260534,0,0.3499999940395355,1,0,558,900,423158243,7,77,0.0,0.0,21.061439514160156,28.561870574951172,1,0,0.6000000238418579,0,0,0,0,0,8,0,1,0,8,99,1,0.0,0.0,23.60095977783203,28.408123016357422,1.5,0,33,0.0,0.0,0.0,0,0,0
1780682996.8461235,0,0.3499999940395355,0,0,558,900,423158243,7,77,0.0,0.0,21.061439514160156,28.561870574951172,1,0,0.6000000238418579,0,0,0,0,0,8,0,0,0,8,99,1,0.0,0.0,23.60095977783203,28.408119201660156,1.5,0,33,-1.0,0.0,0.0,0,0,0
1780682996.8660297,0,0.3499999940395355,0,0,558,900,423158243,7,77,0.0,0.0,21.061439514160156,28.561870574951172,1,0,0.6000000238418579,0,0,0,0,0,8,0,0,0,8,99,1,0.0,0.0,23.60095977783203,28.40812110900879,1.5,0,33,-1.0,0.0,0.0,0,0,0
1780682996.8857687,0,0.3499999940395355,0,0,558,900,423158243,7,77,0.0,0.0,21.061439514160156,28.561870574951172,1,0,0.6000000238418579,0,0,0,0,0,8,0,0,0,8,99,1,0.0,0.0,23.60095977783203,28.40812110900879,1.5,0,33,-1.0,0.0,0.0,0,0,1
1780682996.905788,0,0.3499999940395355,1,0,558,900,423158243,7,77,0.0,0.0,21.061439514160156,28.561870574951172,0,0,0.6000000238418579,0,0,0,0,0,8,0,1,0,8,99,1,-8.300000190734863,0.0,23.462690353393555,28.408119201660156,1.5,0,33,-1.0,0.0,0.0,0,0,1
1780682996.9258485,0,0.3499999940395355,1,0,558,900,423158243,7,77,0.0,0.0,21.061439514160156,28.561870574951172,0,0,0.6000000238418579,0,0,0,0,0,8,0,1,0,8,99,1,-8.300000190734863,0.0,23.296689987182617,28.40812110900879,1.5,0,33,-1.0,0.0,0.0,0,0,1
1780682996.9461944,0,0.3499999940395355,1,0,537,900,423158243,7,77,0.0,0.0,21.061439514160156,28.561870574951172,0,0,0.6000000238418579,0,0,0,0,0,8,0,1,0,8,99,1,3.75,0.0,23.130691528320312,28.408123016357422,1.5,0,44,-1.0,0.0,0.0,0,0,1
1780682996.965728,0,0.3499999940395355,1,0,537,900,423158243,7,77,0.0,0.0,20.76144027709961,28.561870574951172,0,0,0.6000000238418579,0,0,0,0,0,8,0,1,0,8,99,1,3.75,0.0,23.165430068969727,28.40812110900879,1.5,0,44,-1.0,0.0,0.0,0,0,1
1780682996.9859307,0,0.3499999940395355,1,0,537,900,423158243,7,77,0.0,0.0,20.461441040039062,28.561870574951172,0,0,0.6000000238418579,0,0,0,0,0,8,0,1,0,8,99,1,3.75,0.0,23.240428924560547,28.40812110900879,1.5,0,44,0.0,0.0,0.0,0,0,1
1780682997.0057926,0,0.3499999940395355,1,0,537,900,423158243,7,77,0.0,0.0,20.161441802978516,28.561870574951172,1,0,0.6000000238418579,0,0,0,0,0,8,0,1,0,8,99,1,3.75,0.0,23.3154296875,28.40812110900879,1.5,0,44,0.0,0.0,0.0,0,0,0
1780682997.0259328,0,0.3499999940395355,1,0,537,900,423158243,7,77,0.0,0.0,19.86144256591797,28.561870574951172,1,0,0.6000000238418579,0,0,0,0,0,8,0,1,0,8,99,1,3.75,0.0,23.390466690063477,28.40812110900879,1.5,0,44,0.0,0.0,0.0,0,0,0
1780682997.045833,0,0.3499999940395355,1,0,537,900,423158243,7,77,0.0,0.0,19.561443328857422,28.561870574951172,1,0,0.6000000238418579,0,0,0,0,0,8,0,1,0,8,99,1,3.75,0.0,23.46546745300293,28.408119201660156,1.5,0,44,0.0,0.0,0.0,0,0,0
1780682997.0660548,0,0.3499999940395355,1,0,537,900,423158243,7,77,0.0,0.0,19.261444091796875,28.561870574951172,1,0,0.6000000238418579,0,0,0,0,0,8,0,1,0,8,99,1,3.75,0.0,23.54046630859375,28.408119201660156,1.5,0,44,0.0,0.0,0.0,0,0,0
1780682997.0858727,0,0.3499999940395355,1,0,537,900,423158243,7,77,0.0,0.0,18.961444854736328,28.561870574951172,1,0,0.6000000238418579,0,0,0,0,0,8,0,1,0,8,99,1,3.75,0.0,23.615432739257812,28.40812110900879,1.5,0,44,0.0,0.0,0.0,0,0,0
1780682997.1056406,0,0.3499999940395355,1,0,537,900,423158243,10,77,9.827621459960938,41.0,18.66144561767578,28.561870574951172,1,0,0.6000000238418579,0,0,0,0,0,8,0,1,0,8,99,1,3.75,0.0,23.6904296875,28.40812110900879,1.5,0,44,0.0,0.0,0.0,0,0,0
1780682997.1261892,0,0.3499999940395355,1,0,537,900,423158243,10,77,9.827621459960938,39.20000076293945,18.85799789428711,29.345870971679688,1,0,0.6000000238418579,0,0,0,0,0,8,0,1,0,8,99,1,3.75,0.0,23.76542854309082,28.40812110900879,1.5,0,44,0.0,0.0,0.0,0,0,0
1780682997.1458888,0,0.3499999940395355,1,0,537,900,423158243,10,77,9.827621459960938,37.400001525878906,19.054550170898438,30.093870162963867,1,0,0.6000000238418579,0,0,0,0,0,8,0,1,0,8,99,1,0.0,0.0,23.777965545654297,28.408123016357422,1.5,0,44,0.0,0.0,0.0,0,0,0
1780682997.1659083,0,0.3499999940395355,1,0,537,900,423158243,10,77,9.827621459960938,35.60000228881836,19.251102447509766,30.805870056152344,1,0,0.6000000238418579,0,0,0,0,0,8,0,1,0,8,99,1,0.0,0.0,23.777965545654297,28.40812110900879,1.5,0,44,0.0,0.0,0.0,0,0,0
1780682997.1855922,0,0.3499999940395355,1,0,537,900,423158243,10,77,9.827621459960938,33.80000305175781,19.447654724121094,31.481870651245117,1,0,0.6000000238418579,0,0,0,0,0,8,0,1,0,8,99,1,0.0,0.0,23.777965545654297,28.40812110900879,1.5,0,44,0.0,0.0,0.0,0,0,0
1780682997.2057781,0,0.3499999940395355,1,0,537,900,423158243,10,77,9.827621459960938,32.000003814697266,19.644207000732422,32.12186813354492,1,0,0.6000000238418579,0,0,0,0,0,8,0,1,0,8,99,1,0.0,0.0,23.777965545654297,28.40812110900879,1.5,0,44,0.0,0.0,0.0,0,0,0
1780682997.2258806,0,0.3499999940395355,1,0,537,900,423158243,10,77,9.827621459960938,30.20000457763672,19.84075927734375,32.725868225097656,1,0,0.6000000238418579,0,0,0,0,0,8,0,1,0,8,99,1,0.0,0.0,23.777965545654297,28.40812110900879,1.5,0,44,0.0,0.0,0.0,0,0,0
1780682997.2457707,0,0.3499999940395355,1,0,537,900,423158243,10,77,9.827621459960938,28.400005340576172,20.037311553955078,33.29386901855469,1,0,0.6000000238418579,0,0,0,0,0,8,0,1,0,8,99,1,0.0,0.0,23.777965545654297,28.408119201660156,1.5,0,44,0.0,0.0,0.0,0,0,0
1780682997.266065,0,0.3499999940395355,0,0,537,900,423158243,10,77,9.827621459960938,26.600006103515625,20.233863830566406,33.825870513916016,1,0,0.6000000238418579,0,0,0,0,0,8,0,0,0,8,99,1,0.0,0.0,23.777965545654297,28.40812110900879,1.5,0,44,0.0,0.0,0.0,0,0,0
1780682997.285809,0,0.3499999940395355,0,0,537,900,423158243,10,77,9.827621459960938,24.800006866455078,20.430416107177734,34.321868896484375,1,0,0.6000000238418579,0,0,0,0,0,8,0,0,0,8,99,1,0.0,0.0,23.777965545654297,28.40812110900879,1.5,0,44,0.0,0.0,0.0,0,0,0
1780682997.3055797,0,0.3499999940395355,0,0,537,900,423158243,10,77,9.827621459960938,23.00000762939453,20.626968383789062,34.78186798095703,1,0,0.6000000238418579,0,0,0,0,0,8,0,0,0,8,99,1,0.0,0.0,23.777965545654297,28.40812110900879,1.5,0,44,0.0,0.0,0.0,0,0,0
1780682997.325584,0,0.3499999940395355,0,0,537,900,423158243,10,77,9.827621459960938,21.200008392333984,20.82352066040039,35.205867767333984,1,0,0.6000000238418579,0,0,0,0,0,8,0,0,0,8,99,1,0.0,0.0,23.777965545654297,28.40812110900879,1.5,0,44,0.0,0.0,0.0,0,0,0
1780682997.3460875,0,0.3499999940395355,0,0,537,900,423158243,10,77,9.827621459960938,19.400009155273438,21.02007293701172,35.593868255615234,1,0,0.6000000238418579,0,0,0,0,0,8,0,0,0,8,99,1,0.0,0.0,23.777965545654297,28.40812110900879,1.5,0,44,0.0,0.0,0.0,0,0,0
1780682997.365831,0,0.3499999940395355,0,0,537,900,423158243,10,77,9.827621459960938,17.60000991821289,21.216625213623047,35.94586944580078,1,0,0.6000000238418579,0,0,0,0,0,8,0,0,0,8,99,1,0.0,0.0,23.777965545654297,28.40812110900879,1.5,0,44,0.0,0.0,0.0,0,0,0
1780682997.385449,0,0.3499999940395355,0,0,537,900,423158243,10,77,9.827621459960938,15.800010681152344,21.413177490234375,36.261871337890625,1,0,0.6000000238418579,0,0,0,0,0,8,0,0,0,8,99,1,0.0,0.0,23.777965545654297,28.40812110900879,1.5,0,44,0.0,0.0,0.0,0,0,0
1780682997.4056704,0,0.3499999940395355,0,0,537,900,423158243,10,77,9.827621459960938,14.000011444091797,21.609729766845703,36.5418701171875,1,0,0.6000000238418579,0,0,0,0,0,8,0,0,0,8,99,1,0.0,0.0,23.777965545654297,28.408119201660156,1.5,0,44,0.0,0.0,0.0,0,0,0
1780682997.4259474,0,0.3499999940395355,0,0,537,900,423158243,10,77,9.827621459960938,12.20001220703125,21.80628204345703,36.78586959838867,1,0,0.6000000238418579,0,0,0,0,0,8,0,0,0,8,99,1,0.0,0.0,23.777965545654297,28.40812110900879,1.5,0,44,0.0,0.0,0.0,0,0,0
1780682997.4457705,0,0.3499999940395355,0,0,537,900,423158243,10,77,9.827621459960938,10.400012969970703,22.00283432006836,36.99386978149414,1,0,0.6000000238418579,0,0,0,0,0,8,0,0,0,8,99,1,0.0,0.0,23.777965545654297,28.40812110900879,1.5,0,44,0.0,0.0,0.0,0,0,0
1780682997.4658942,0,0.3499999940395355,0,0,537,900,423158243,10,77,9.827621459960938,8.600013732910156,22.199386596679688,37.165870666503906,1,0,0.6000000238418579,0,0,0,0,0,8,0,0,0,8,99,1,0.0,0.0,23.777965545654297,28.408119201660156,1.5,0,44,0.0,0.0,0.0,0,0,0
1780682997.4858713,0,0.3499999940395355,0,0,537,900,423158243,10,77,9.827621459960938,6.800014495849609,22.395938873291016,37.30187225341797,1,0,0.6000000238418579,0,0,0,0,0,8,0,0,0,8,99,1,0.0,0.0,23.777965545654297,28.40812110900879,1.5,0,44,0.0,0.0,0.0,0,0,0
1780682997.5061712,0,0.3499999940395355,0,0,537,900,423158243,10,77,9.827621459960938,5.0000152587890625,22.592491149902344,37.40187072753906,1,0,0.6000000238418579,0,0,0,0,0,8,0,0,0,8,99,1,0.0,0.0,23.777965545654297,28.40812110900879,1.5,0,44,-1.0,0.0,0.0,0,0,0
1780682997.5264337,0,0.3499999940395355,0,0,537,900,423158243,10,77,9.827621459960938,3.2000160217285156,22.789043426513672,37.46586990356445,1,0,0.6000000238418579,0,0,0,0,0,8,0,0,0,8,99,1,0.0,0.0,23.777965545654297,28.408119201660156,1.5,0,44,-1.0,0.0,0.0,0,0,0
1780682997.546242,0,0.3499999940395355,0,0,537,900,423158243,10,77,9.827621459960938,1.4000167846679688,22.985595703125,37.49386978149414,1,0,0.6000000238418579,0,0,0,0,0,8,0,0,0,8,99,1,-8.300000190734863,0.0,23.639734268188477,28.40812110900879,1.5,0,44,-1.0,0.0,0.0,0,0,0
1780682997.566305,0,0.3499999940395355,0,0,537,900,423158243,10,77,9.827621459960938,-0.3999824523925781,23.182147979736328,37.485870361328125,1,0,0.6000000238418579,0,0,0,0,0,8,0,0,0,8,99,1,-8.300000190734863,0.0,23.4736385345459,28.40812110900879,1.5,0,44,-1.0,0.0,0.0,0,0,0
1780682997.5857708,0,0.3499999940395355,0,0,537,900,423158243,10,77,9.827621459960938,-2.199981689453125,23.378700256347656,37.441871643066406,1,0,0.6000000238418579,0,0,0,0,0,8,0,0,0,8,99,1,-8.300000190734863,0.0,23.307628631591797,28.40812110900879,1.5,0,44,-1.0,0.0,0.0,0,0,0
1780682997.6058738,0,0.3499999940395355,0,0,537,900,423158243,10,77,9.827621459960938,-3.999980926513672,23.575252532958984,37.361873626708984,1,0,0.6000000238418579,0,0,0,0,0,8,0,0,0,8,99,1,-8.300000190734863,0.0,23.141706466674805,28.408123016357422,1.5,0,44,-1.0,0.0,0.0,0,0,0
1780682997.6263633,0,0.3499999940395355,0,0,537,900,423158243,10,77,9.827621459960938,-5.799980163574219,23.771804809570312,37.245872497558594,1,0,0.6000000238418579,0,0,0,0,0,8,0,0,0,8,99,1,-8.300000190734863,0.0,22.975622177124023,28.40812110900879,1.5,0,44,-1.0,0.0,0.0,0,0,0
1780682997.6465192,0,0.3499999940395355,0,0,537,900,423158243,10,77,9.827621459960938,-7.599979400634766,23.96835708618164,37.0938720703125,1,0,0.6000000238418579,0,0,0,0,0,8,0,0,0,8,99,1,-8.300000190734863,0.0,22.809619903564453,28.40812110900879,1.5,0,44,-1.0,0.0,0.0,0,0,0
1780682997.6666088,0,0.3499999940395355,0,0,537,900,423158243,10,77,9.827621459960938,-9.399978637695312,24.16490936279297,36.9058723449707,1,0,0.6000000238418579,0,0,0,0,0,8,0,0,0,8,99,1,-8.300000190734863,0.0,22.643699645996094,28.408123016357422,1.5,0,44,-1.0,0.0,0.0,0,0,0
1780682997.6867092,0,0.3499999940395355,0,0,537,900,423158243,10,77,9.827621459960938,-11.19997787475586,24.361461639404297,36.6818733215332,1,0,0.6000000238418579,0,0,0,0,0,8,0,0,0,8,99,1,-8.300000190734863,0.0,22.477703094482422,28.408123016357422,1.5,0,44,-1.0,0.0,0.0,0,0,0
1780682997.7060924,0,0.3499999940395355,0,0,537,900,423158243,10,77,9.827621459960938,-12.999977111816406,24.558013916015625,36.421875,1,0,0.6000000238418579,0,0,0,0,0,8,0,0,0,8,99,1,-8.300000190734863,0.0,22.311613082885742,28.40812110900879,1.5,0,44,-1.0,0.0,0.0,0,0,0
1780682997.7258675,0,0.3499999940395355,0,0,537,900,423158243,10,77,9.827621459960938,-14.799976348876953,24.754566192626953,36.125877380371094,1,0,0.6000000238418579,0,0,0,0,0,8,0,0,0,8,99,1,-8.300000190734863,0.0,22.145614624023438,28.408119201660156,1.5,0,44,-1.0,0.0,0.0,0,0,0
1780682997.746048,0,0.3499999940395355,0,0,537,900,423158243,10,77,9.827621459960938,-16.5999755859375,24.95111846923828,35.79387664794922,1,0,0.6000000238418579,0,0,0,0,0,8,0,0,0,8,99,1,-8.300000190734863,0.0,21.979618072509766,28.40812110900879,1.5,0,44,-1.0,0.0,0.0,0,0,0
1780682997.7658734,0,0.3499999940395355,0,0,537,900,423158243,14,77,0.0,-0.0,25.14767074584961,35.42587661743164,1,0,0.6000000238418579,0,0,0,0,0,8,0,0,0,8,99,1,-8.300000190734863,0.0,21.813697814941406,28.40812110900879,1.5,0,44,-1.0,0.0,0.0,0,0,0
1780682997.7859423,0,0.3499999940395355,0,0,537,900,423158243,14,77,0.0,0.0,25.14767074584961,35.42587661743164,1,0,0.6000000238418579,0,0,0,0,0,8,0,0,0,8,99,1,-8.300000190734863,0.0,21.64761734008789,28.40812110900879,1.5,0,44,-1.0,0.0,0.0,0,0,0
1780682997.8054378,0,0.3499999940395355,0,0,537,900,423158243,14,77,0.0,0.0,25.14767074584961,35.42587661743164,1,0,0.6000000238418579,0,0,0,0,0,8,0,0,0,8,99,1,-8.300000190734863,0.0,21.481613159179688,28.40812110900879,1.5,0,44,-1.0,0.0,0.0,0,0,0
1780682997.8259478,0,0.3499999940395355,0,0,537,900,423158243,14,77,0.0,0.0,25.14767074584961,35.42587661743164,1,0,0.6000000238418579,0,0,0,0,0,8,0,0,0,8,99,1,-8.300000190734863,0.0,21.31561279296875,28.408119201660156,1.5,0,44,-1.0,0.0,0.0,0,0,0
1780682997.8462083,0,0.3499999940395355,0,0,537,900,423158243,14,77,0.0,0.0,25.14767074584961,35.42587661743164,1,0,0.6000000238418579,0,0,0,0,0,8,0,0,0,8,99,1,-8.300000190734863,0.0,21.149616241455078,28.40812110900879,1.5,0,44,-1.0,0.0,0.0,0,0,0
1780682997.865973,0,0.3499999940395355,0,0,537,900,423158243,14,77,0.0,0.0,25.14767074584961,35.42587661743164,1,0,0.6000000238418579,0,0,0,0,0,8,0,0,0,8,99,1,-8.300000190734863,0.0,20.983617782592773,28.40812110900879,1.5,0,44,-1.0,0.0,0.0,0,0,0
1780682997.8856878,0,0.3499999940395355,0,0,537,900,423158243,14,77,0.0,0.0,25.14767074584961,35.42587661743164,1,0,0.6000000238418579,0,0,0,0,0,8,0,0,0,8,99,1,-8.300000190734863,0.0,20.817617416381836,28.408119201660156,1.5,0,44,-1.0,0.0,0.0,0,0,0
1780682997.9057617,0,0.3499999940395355,0,0,537,900,423158243,14,77,0.0,0.0,25.14767074584961,35.42587661743164,1,0,0.6000000238418579,0,0,0,0,0,8,0,0,0,8,99,1,-8.300000190734863,0.0,20.6516170501709,28.40812110900879,1.5,0,44,-1.0,0.0,0.0,0,0,0
1780682997.926038,0,0.3499999940395355,0,0,537,900,423158243,14,77,0.0,0.0,25.14767074584961,35.42587661743164,1,0,0.6000000238418579,0,0,0,0,0,8,0,0,0,8,99,1,-8.300000190734863,0.0,20.48561668395996,28.40812110900879,1.5,0,44,-1.0,0.0,0.0,0,0,0
1780682997.946213,0,0.3499999940395355,0,0,537,900,423158243,14,77,0.0,0.0,25.14767074584961,35.42587661743164,1,0,0.6000000238418579,0,0,0,0,0,8,0,0,0,8,99,1,-8.300000190734863,0.0,20.319618225097656,28.40812110900879,1.5,0,44,-1.0,0.0,0.0,0,0,0
1780682997.9659476,0,0.3499999940395355,0,0,537,900,423158243,14,77,0.0,0.0,25.14767074584961,35.42587661743164,1,0,0.6000000238418579,0,0,0,0,0,8,0,0,0,8,99,1,-8.300000190734863,0.0,20.15369987487793,28.40812110900879,1.5,0,44,-1.0,0.0,0.0,0,0,0
1780682997.9860482,0,0.3499999940395355,0,0,537,900,423158243,14,77,0.0,0.0,25.14767074584961,35.42587661743164,1,0,0.6000000238418579,0,0,0,0,0,8,0,0,0,8,99,1,-8.300000190734863,0.0,19.98761749267578,28.40812110900879,1.5,0,44,-1.0,0.0,0.0,0,0,0
1780682998.0055466,0,0.3499999940395355,0,0,537,900,423158243,14,77,0.0,0.0,25.14767074584961,35.42587661743164,1,0,0.6000000238418579,0,0,0,0,0,8,0,0,0,8,99,1,-8.300000190734863,0.0,19.821617126464844,28.40812110900879,1.5,0,44,-1.0,0.0,0.0,0,0,0
1780682998.0259614,0,0.3499999940395355,0,0,537,900,423158243,14,77,0.0,0.0,25.14767074584961,35.42587661743164,1,0,0.6000000238418579,0,0,0,0,0,8,0,0,0,8,99,1,-8.300000190734863,0.0,19.655698776245117,28.408123016357422,1.5,0,44,-1.0,0.0,0.0,0,0,0
1780682998.0459964,0,0.3499999940395355,0,0,537,900,423158243,14,77,0.0,0.0,25.14767074584961,35.42587661743164,1,0,0.6000000238418579,0,0,0,0,0,8,0,0,0,8,99,1,-8.300000190734863,0.0,19.489700317382812,28.40812110900879,1.5,0,44,-1.0,0.0,0.0,0,0,0
1780682998.0658844,0,0.3499999940395355,0,0,537,900,423158243,14,77,0.0,0.0,25.14767074584961,35.42587661743164,1,0,0.6000000238418579,0,0,0,0,0,8,0,0,0,8,99,1,-8.300000190734863,0.0,19.323701858520508,28.40812110900879,1.5,0,44,-1.0,0.0,0.0,0,0,0
1780682998.0858858,0,0.3499999940395355,0,0,537,900,423158243,14,77,0.0,0.0,25.14767074584961,35.42587661743164,1,0,0.6000000238418579,0,0,0,0,0,8,0,0,0,8,99,1,-8.300000190734863,0.0,19.157703399658203,28.40812110900879,1.5,0,44,-1.0,0.0,0.0,0,0,0
1780682998.1057355,0,0.3499999940395355,0,0,537,900,423158243,14,77,0.0,0.0,25.14767074584961,35.42587661743164,1,0,0.6000000238418579,0,0,0,0,0,8,0,0,0,8,99,1,-8.300000190734863,0.0,18.9917049407959,28.40812110900879,1.5,0,44,-1.0,0.0,0.0,0,0,0
1780682998.1262996,0,0.3499999940395355,0,0,537,900,423158243,14,77,0.0,0.0,25.14767074584961,35.42587661743164,1,0,0.6000000238418579,0,0,0,0,0,8,0,0,0,8,99,1,-8.300000190734863,0.0,18.825706481933594,28.408119201660156,1.5,0,44,-1.0,0.0,0.0,0,0,0
1780682998.14566,0,0.3499999940395355,0,0,537,900,423158243,14,77,0.0,0.0,25.14767074584961,35.42587661743164,1,0,0.6000000238418579,0,0,0,0,0,8,0,0,0,8,99,1,-8.300000190734863,0.0,18.659704208374023,28.40812110900879,1.5,0,44,-1.0,0.0,0.0,0,0,0
1780682998.1659164,0,0.3499999940395355,0,0,537,900,423158243,14,77,0.0,0.0,25.14767074584961,35.42587661743164,1,0,0.6000000238418579,0,0,0,0,0,8,0,0,0,8,99,1,-8.300000190734863,0.0,18.49370574951172,28.40812110900879,1.5,0,44,-1.0,0.0,0.0,0,0,0
1780682998.185718,0,0.3499999940395355,0,0,537,900,423158243,14,77,0.0,0.0,25.14767074584961,35.42587661743164,1,0,0.6000000238418579,0,0,0,0,0,8,0,0,0,8,99,1,-8.300000190734863,0.0,18.327709197998047,28.40812110900879,1.5,0,44,-1.0,0.0,0.0,0,0,0
1780682998.2058368,0,0.3499999940395355,0,0,537,900,423158243,14,77,0.0,0.0,25.14767074584961,35.42587661743164,1,0,0.6000000238418579,0,0,0,0,0,8,0,0,0,8,99,1,-8.300000190734863,0.0,18.161710739135742,28.40812110900879,1.5,0,44,-1.0,0.0,0.0,0,0,0
1780682998.225973,0,0.3499999940395355,0,0,537,900,423158243,15,77,-12.162057876586914,-27.424156188964844,25.14767074584961,35.42587661743164,1,0,0.6000000238418579,0,0,0,0,0,8,0,0,0,8,99,1,-8.300000190734863,0.0,17.995712280273438,28.40812110900879,1.5,0,44,-1.0,0.0,0.0,0,0,0
1780682998.2459333,0,0.3499999940395355,0,0,537,900,423158243,15,77,-12.162057876586914,-27.424156188964844,24.904430389404297,34.87739562988281,1,0,0.6000000238418579,0,0,0,0,0,8,0,0,0,8,99,1,-8.300000190734863,0.0,17.829710006713867,28.408119201660156,1.5,0,44,-1.0,0.0,0.0,0,0,0
1780682998.2659712,0,0.3499999940395355,0,0,537,900,423158243,15,77,-12.162057876586914,-27.424156188964844,24.661190032958984,34.32891082763672,1,0,0.6000000238418579,0,0,0,0,0,8,0,0,0,8,99,1,-8.300000190734863,0.0,17.663715362548828,28.408119201660156,1.5,0,44,-1.0,0.0,0.0,0,0,0
1780682998.2858572,0,0.3499999940395355,0,0,537,900,423158243,15,77,-12.162057876586914,-27.424156188964844,24.417949676513672,33.780426025390625,1,0,0.6000000238418579,0,0,0,0,0,8,0,0,0,8,99,1,-8.300000190734863,0.0,17.497716903686523,28.408119201660156,1.5,0,44,-1.0,0.0,0.0,0,0,0
1780682998.3061173,0,0.3499999940395355,0,0,537,900,423158243,15,77,-12.162057876586914,-27.424156188964844,24.17470932006836,33.23194122314453,1,0,0.6000000238418579,0,0,0,0,0,8,0,0,0,8,99,1,-8.300000190734863,0.0,17.331716537475586,28.40812110900879,1.5,0,44,-1.0,0.0,0.0,0,0,0
1780682998.3262188,0,0.3499999940395355,0,0,537,900,423158243,15,77,-12.162057876586914,-27.424156188964844,23.931468963623047,32.68345642089844,1,0,0.6000000238418579,0,0,0,0,0,8,0,0,0,8,99,1,-8.300000190734863,0.0,17.16571617126465,28.408119201660156,1.5,0,44,1.0,0.0,0.0,0,0,0
1780682998.346102,0,0.3499999940395355,0,0,537,900,423158243,15,77,-12.162057876586914,-27.424156188964844,23.688228607177734,32.134971618652344,1,0,0.6000000238418579,0,0,0,0,0,8,0,0,0,8,99,1,-8.300000190734863,0.0,16.99971580505371,28.408119201660156,1.5,0,44,0.0,0.0,0.0,0,0,0
1780682998.3662755,0,0.3499999940395355,0,0,537,900,423158243,15,77,-12.162057876586914,-27.424156188964844,23.444988250732422,31.586488723754883,1,0,0.6000000238418579,0,0,0,0,0,8,0,0,0,8,99,1,-8.300000190734863,0.0,16.83371353149414,28.408119201660156,1.5,0,44,0.0,0.0,0.0,0,0,0
1780682998.3858347,0,0.3499999940395355,0,0,537,900,423158243,15,77,-12.162057876586914,-27.424156188964844,23.20174789428711,31.038005828857422,1,0,0.6000000238418579,0,0,0,0,0,8,0,0,0,8,99,1,0.0,0.0,16.805950164794922,28.408119201660156,1.5,0,44,0.0,0.0,0.0,0,0,0
1780682998.4056299,0,0.3499999940395355,0,0,537,900,423158243,15,77,-12.162057876586914,-27.424156188964844,22.958507537841797,30.48952293395996,1,0,0.6000000238418579,0,0,0,0,0,8,0,0,0,8,99,1,0.0,0.0,16.805950164794922,28.40812110900879,1.5,0,44,0.0,0.0,0.0,0,0,0
1780682998.4258158,0,0.3499999940395355,0,0,537,900,423158243,15,77,-12.162057876586914,-27.424156188964844,22.715267181396484,29.9410400390625,1,0,0.6000000238418579,0,0,0,0,0,8,0,0,0,8,99,1,0.0,0.0,16.805950164794922,28.40812110900879,1.5,0,44,0.0,0.0,0.0,0,0,0
1780682998.445739,0,0.3499999940395355,0,0,537,900,423158243,15,77,-12.162057876586914,-27.424156188964844,22.472026824951172,29.39255714416504,1,0,0.6000000238418579,0,0,0,0,0,8,0,0,0,8,99,1,0.0,0.0,16.805950164794922,28.40812110900879,1.5,0,44,0.0,0.0,0.0,0,0,0
1780682998.4658113,0,0.3499999940395355,0,0,537,900,423158243,15,77,-12.162057876586914,-27.424156188964844,22.22878646850586,28.844074249267578,1,0,0.6000000238418579,0,0,0,0,0,8,0,0,0,8,99,1,0.0,0.0,16.805950164794922,28.408119201660156,1.5,0,44,0.0,0.0,0.0,0,0,0
1780682998.4858744,0,0.3499999940395355,0,0,537,900,423158243,15,77,-12.162057876586914,-27.424156188964844,21.985546112060547,28.295591354370117,1,0,0.6000000238418579,0,0,0,0,0,8,0,0,0,8,99,1,0.0,0.0,16.805950164794922,28.40812110900879,1.5,0,44,0.0,0.0,0.0,0,0,0
1780682998.5067286,0,0.3499999940395355,0,0,537,900,423158243,15,77,-12.162057876586914,-27.424156188964844,21.742305755615234,27.747108459472656,1,0,0.6000000238418579,0,0,0,0,0,8,0,0,0,8,99,1,0.0,0.0,16.805950164794922,28.40812110900879,1.5,0,44,1.0,0.0,0.0,0,0,0
1780682998.5260253,0,0.3499999940395355,0,0,537,900,423158243,47,77,-9.729646682739258,0.0,21.499065399169922,27.549999237060547,1,0,0.6000000238418579,0,0,0,0,0,8,0,0,0,8,99,1,0.0,0.0,16.805950164794922,28.40812110900879,1.5,0,44,1.0,0.0,0.0,0,0,0
1780682998.5463521,0,0.3499999940395355,0,0,537,900,423158243,47,77,-7.783717632293701,0.0,21.34339141845703,28.295839309692383,1,0,0.6000000238418579,0,0,0,0,0,8,0,0,0,8,99,1,0.0,0.0,16.805950164794922,28.408119201660156,1.5,0,44,1.0,0.0,0.0,0,0,0
1780682998.5660517,0,0.3499999940395355,0,0,537,900,423158243,47,77,-6.226974010467529,0.0,21.21885108947754,28.492136001586914,1,0,0.6000000238418579,0,0,1,0,0,8,0,0,0,8,99,1,8.300000190734863,0.0,16.944272994995117,28.40812110900879,1.5,0,44,1.0,-1.0,0.0,0,0,0
1780682998.5858042,0,0.3499999940395355,0,0,537,900,423158243,47,77,-4.981579303741455,0.0,21.119218826293945,28.54359245300293,1,0,0.6000000238418579,0,0,1,0,0,8,0,0,0,8,99,1,8.300000190734863,0.0,17.110191345214844,28.40812110900879,1.5,0,44,1.0,-1.0,0.0,0,0,1
1780682998.6059062,0,0.3499999940395355,1,0,537,900,423158243,47,77,-3.9852635860443115,0.0,21.039512634277344,28.55708122253418,0,0,0.6000000238418579,0,0,1,0,0,8,0,1,0,8,99,1,8.300000190734863,0.0,17.276275634765625,28.408123016357422,1.5,0,44,1.0,-1.0,0.0,0,0,1
1780682998.6295228,0,0.3499999940395355,1,0,537,900,423158243,47,77,-3.188210964202881,0.0,20.97574806213379,28.558807373046875,0,0,0.6000000238418579,0,0,1,0,0,8,0,1,0,8,99,1,8.300000190734863,0.0,17.44227409362793,28.40812110900879,1.5,0,44,1.0,-1.0,0.0,0,0,1
1780682998.6496565,0,0.3499999940395355,1,0,516,900,423158243,47,77,-2.5505688190460205,0.0,20.92473602294922,28.559911727905273,0,0,0.6000000238418579,0,0,1,0,0,8,0,1,0,8,99,1,-3.75,0.0,17.608272552490234,28.40812110900879,1.5,0,55,1.0,-1.0,0.0,0,0,1
1780682998.6683826,0,0.3499999940395355,1,0,516,900,423158243,47,77,-2.0404551029205322,0.0,21.18392562866211,28.560619354248047,0,0,0.6000000238418579,0,0,1,0,0,8,0,1,0,8,99,1,-3.75,0.0,17.573455810546875,28.40812110900879,1.5,0,55,1.0,-1.0,0.0,0,0,1
1780682998.6872275,0,0.3499999940395355,1,0,516,900,423158243,47,77,-1.6323641538619995,0.0,21.451276779174805,28.561071395874023,0,0,0.6000000238418579,0,0,1,0,0,8,0,1,0,8,99,1,-3.75,0.0,17.49845314025879,28.40812110900879,1.5,0,55,1.0,0.0,0.0,0,0,1
1780682998.7062125,0,0.3499999940395355,1,0,516,900,423158243,47,77,-1.3058913946151733,0.0,21.72515869140625,28.561359405517578,1,0,0.6000000238418579,0,0,1,0,0,8,0,1,0,8,99,1,-3.75,0.0,17.423452377319336,28.408123016357422,1.5,0,55,1.0,0.0,0.0,0,0,1
1780682998.7261865,0,0.3499999940395355,1,0,516,900,423158243,47,77,-1.0447131395339966,0.0,22.004262924194336,28.56154441833496,1,0,0.6000000238418579,0,0,1,0,0,8,0,1,0,8,99,1,-3.75,0.0,17.34844970703125,28.408123016357422,1.5,0,55,1.0,0.0,0.0,0,0,0
1780682998.7464051,0,0.3499999940395355,1,0,516,900,423158243,47,77,-0.8357705473899841,0.0,22.287546157836914,28.561664581298828,1,0,0.6000000238418579,0,0,1,0,0,8,0,1,0,8,99,1,-3.75,0.0,17.27345085144043,28.40812110900879,1.5,0,55,1.0,0.0,0.0,0,0,0
1780682998.7668512,0,0.3499999940395355,1,0,516,900,423158243,47,77,-0.6686164736747742,0.0,22.574172973632812,28.56174087524414,1,0,0.6000000238418579,0,0,1,0,0,8,0,1,0,8,99,1,-3.75,0.0,17.198486328125,28.40812110900879,1.5,0,55,1.0,0.0,0.0,0,0,0
1780682998.7860723,0,0.3499999940395355,1,0,516,900,423158243,47,77,-0.5348932147026062,0.0,22.863473892211914,28.56178855895996,1,0,0.6000000238418579,0,0,1,0,0,8,0,1,0,8,99,1,-3.75,0.0,17.12344741821289,28.40812110900879,1.5,0,55,1.0,0.0,0.0,0,0,0
1780682998.8058643,0,0.3499999940395355,1,0,516,900,423158243,47,77,-0.4279145896434784,0.0,23.15491485595703,28.561819076538086,1,0,0.6000000238418579,0,0,1,0,0,8,0,1,0,8,99,1,-3.75,0.0,17.048446655273438,28.408123016357422,1.5,0,55,1.0,0.0,0.0,0,0,0
1780682998.8262243,0,0.3499999940395355,1,0,516,900,423158243,47,77,-0.3423316776752472,0.0,23.148067474365234,28.561840057373047,1,0,0.6000000238418579,0,0,1,0,0,8,0,1,0,8,99,1,-3.75,0.0,16.97344398498535,28.40812110900879,1.5,0,55,1.0,0.0,0.0,0,0,0
1780682998.8460138,0,0.3499999940395355,1,0,516,900,423158243,47,77,-0.27386534214019775,0.0,23.142589569091797,28.561853408813477,1,0,0.6000000238418579,0,0,1,0,0,8,0,1,0,8,99,1,8.300000190734863,0.0,17.09927749633789,28.40812110900879,1.5,0,55,1.0,0.0,0.0,0,0,0
1780682998.865736,0,0.3499999940395355,1,0,516,900,423158243,47,77,-0.21909227967262268,0.0,23.138208389282227,28.561861038208008,1,0,0.6000000238418579,0,0,1,0,0,8,0,1,0,8,99,1,8.300000190734863,0.0,17.265274047851562,28.40812110900879,1.5,0,55,1.0,0.0,0.0,0,0,0
1780682998.8858802,0,0.3499999940395355,1,0,516,900,423158243,47,77,-0.1752738207578659,0.0,23.134702682495117,28.561864852905273,1,0,0.6000000238418579,0,0,1,0,0,8,0,1,0,8,99,1,8.300000190734863,0.0,17.431272506713867,28.40812110900879,1.5,0,55,1.0,0.0,0.0,0,0,0
1780682998.9061353,0,0.3499999940395355,1,0,516,900,423158243,47,77,-0.1402190625667572,0.0,23.131898880004883,28.56186866760254,1,0,0.6000000238418579,0,0,1,0,0,8,0,1,0,8,99,1,8.300000190734863,0.0,17.59726905822754,28.40812110900879,1.5,0,55,1.0,0.0,0.0,0,0,0
1780682998.9258497,0,0.3499999940395355,1,0,516,900,423158243,47,77,-0.11217524856328964,0.0,23.129655838012695,28.561870574951172,1,0,0.6000000238418579,0,0,1,0,0,8,0,1,0,8,99,1,8.300000190734863,0.0,17.763267517089844,28.40812110900879,1.5,0,55,1.0,0.0,0.0,0,0,0
1780682998.9458852,0,0.3499999940395355,1,0,516,900,423158243,47,77,-0.08974020183086395,0.0,23.12786102294922,28.561870574951172,1,0,0.6000000238418579,0,0,1,0,0,8,0,1,0,8,99,1,8.300000190734863,0.0,17.92926597595215,28.40812110900879,1.5,0,55,1.0,0.0,0.0,0,0,0
1780682998.9660559,0,0.3499999940395355,0,0,516,900,423158243,47,77,-0.07179216295480728,0.0,23.12642478942871,28.561870574951172,1,0,0.6000000238418579,0,0,1,0,0,8,0,0,0,8,99,1,8.300000190734863,0.0,18.095264434814453,28.40812110900879,1.5,0,55,1.0,0.0,0.0,0,0,0
1780682998.986437,0,0.3499999940395355,0,0,516,900,423158243,47,77,-0.057433731853961945,0.0,23.125276565551758,28.561870574951172,1,0,0.6000000238418579,0,0,1,0,0,8,0,0,0,8,99,1,8.300000190734863,0.0,18.261260986328125,28.40812110900879,1.5,0,55,1.0,0.0,0.0,0,0,0
1780682999.0059276,0,0.3499999940395355,0,0,516,900,423158243,47,77,-0.045946985483169556,0.0,23.124357223510742,28.561870574951172,1,0,0.6000000238418579,0,0,1,0,0,8,0,0,0,8,99,1,8.300000190734863,0.0,18.427261352539062,28.40812110900879,1.5,0,55,1.0,0.0,0.0,0,0,0
1780682999.0262287,0,0.3499999940395355,0,0,516,900,423158243,1,77,0.0,0.0,23.12362289428711,28.561870574951172,1,0,0.6000000238418579,0,0,1,0,0,8,0,0,0,8,99,1,8.300000190734863,0.0,18.593263626098633,28.40812110900879,1.5,0,55,1.0,0.0,0.0,0,0,0
1780682999.045991,0,0.3499999940395355,0,0,516,900,423158243,1,77,0.0,0.0,23.12362289428711,28.561870574951172,1,0,0.6000000238418579,0,0,1,0,0,8,0,0,0,8,99,1,8.300000190734863,0.0,18.759262084960938,28.40812110900879,1.5,0,55,1.0,0.0,0.0,0,0,0
1780682999.066195,0,0.3499999940395355,0,0,516,900,423158243,1,77,0.0,0.0,23.12362289428711,28.561870574951172,1,0,0.6000000238418579,0,0,1,0,0,8,0,0,0,8,99,1,8.300000190734863,0.0,18.925260543823242,28.40812110900879,1.5,0,55,1.0,0.0,0.0,0,0,1
1780682999.0861356,0,0.3499999940395355,0,0,516,900,423158243,1,77,0.0,0.0,23.12362289428711,28.561870574951172,1,0,0.6000000238418579,0,0,1,0,0,8,0,0,0,8,99,1,8.300000190734863,0.0,19.091182708740234,28.408119201660156,1.5,0,55,1.0,0.0,0.0,0,0,1
1780682999.1059928,0,0.3499999940395355,1,0,516,900,423158243,1,77,0.0,0.0,23.12362289428711,28.561870574951172,0,0,0.6000000238418579,0,0,1,0,0,8,0,1,0,8,99,1,8.300000190734863,0.0,19.25718116760254,28.40812110900879,1.5,0,55,1.0,0.0,0.0,0,0,1
1780682999.1261046,0,0.3499999940395355,1,0,516,900,423158243,1,77,0.0,0.0,23.12362289428711,28.561870574951172,0,0,0.6000000238418579,0,0,1,0,0,8,0,1,0,8,99,1,8.300000190734863,0.0,19.423263549804688,28.40812110900879,1.5,0,55,1.0,0.0,0.0,0,0,1
1780682999.1458979,0,0.3499999940395355,1,0,495,900,423158243,7,77,0.0,0.0,23.12362289428711,28.561870574951172,0,0,0.6000000238418579,0,0,1,0,0,8,0,1,0,8,99,1,-3.75,0.0,19.589183807373047,28.408123016357422,1.5,0,66,1.0,0.0,0.0,0,0,1
1780682999.1664386,0,0.3499999940395355,1,0,495,900,423158243,7,77,0.0,0.0,23.423622131347656,28.561870574951172,0,0,0.6000000238418579,0,0,1,0,0,8,0,1,0,8,99,1,-3.75,0.0,19.55449676513672,28.408123016357422,1.5,0,66,1.0,0.0,0.0,0,0,1
1780682999.1860063,0,0.3499999940395355,1,0,495,900,423158243,7,77,0.0,0.0,23.723621368408203,28.561870574951172,0,0,0.6000000238418579,0,0,1,0,0,8,0,1,0,8,99,1,-3.75,0.0,19.479496002197266,28.408123016357422,1.5,0,66,1.0,0.0,0.0,0,0,0
1780682999.2060213,0,0.3499999940395355,1,0,495,900,423158243,7,77,0.0,0.0,24.02362060546875,28.561870574951172,1,0,0.6000000238418579,0,0,1,0,0,8,0,1,0,8,99,1,-3.75,0.0,19.40445899963379,28.408119201660156,1.5,0,66,1.0,0.0,0.0,0,0,0
1780682999.2263415,0,0.3499999940395355,1,0,495,900,423158243,7,77,0.0,0.0,24.323619842529297,28.561870574951172,1,0,0.6000000238418579,0,0,1,0,0,8,0,1,0,8,99,1,-3.75,0.0,19.329456329345703,28.40812110900879,1.5,0,66,1.0,0.0,0.0,0,0,0
1780682999.2460406,0,0.3499999940395355,1,0,495,900,423158243,7,77,0.0,0.0,24.623619079589844,28.561870574951172,1,0,0.6000000238418579,0,0,1,0,0,8,0,1,0,8,99,1,-3.75,0.0,19.254457473754883,28.40812110900879,1.5,0,66,1.0,0.0,0.0,0,0,0
1780682999.2662013,0,0.3499999940395355,1,0,495,900,423158243,7,77,0.0,0.0,24.92361831665039,28.561870574951172,1,0,0.6000000238418579,0,0,1,0,0,8,0,1,0,8,99,1,-3.75,0.0,19.17945671081543,28.408119201660156,1.5,0,66,1.0,0.0,0.0,0,0,0
1780682999.286157,0,0.3499999940395355,1,0,495,900,423158243,7,77,0.0,0.0,25.223617553710938,28.561870574951172,1,0,0.6000000238418579,0,0,1,0,0,8,0,1,0,8,99,1,-3.75,0.0,19.104455947875977,28.40812110900879,1.5,0,66,1.0,0.0,0.0,0,0,0
1780682999.306167,0,0.3499999940395355,1,0,495,900,423158243,7,77,0.0,0.0,25.523616790771484,28.561870574951172,1,0,0.6000000238418579,0,0,1,0,0,8,0,1,0,8,99,1,-3.75,0.0,19.02949333190918,28.408123016357422,1.5,0,66,1.0,0.0,0.0,0,0,0
1780682999.3259974,0,0.3499999940395355,1,0,495,900,423158243,7,77,0.0,0.0,25.523616790771484,28.561870574951172,1,0,0.6000000238418579,0,0,1,0,0,8,0,1,0,8,99,1,-3.75,0.0,18.95445442199707,28.40812110900879,1.5,0,66,1.0,0.0,0.0,0,0,0
1780682999.3459306,0,0.3499999940395355,1,0,495,900,423158243,7,77,0.0,0.0,25.523616790771484,28.561870574951172,1,0,0.6000000238418579,0,0,1,0,0,8,0,1,0,8,99,1,8.300000190734863,0.0,19.080249786376953,28.408123016357422,1.5,0,66,1.0,0.0,0.0,0,0,0
1780682999.3661253,0,0.3499999940395355,1,0,495,900,423158243,7,77,0.0,0.0,25.523616790771484,28.561870574951172,1,0,0.6000000238418579,0,0,1,0,0,8,0,1,0,8,99,1,8.300000190734863,0.0,19.246246337890625,28.40812110900879,1.5,0,66,1.0,0.0,0.0,0,0,0
1780682999.385931,0,0.3499999940395355,1,0,495,900,423158243,7,77,0.0,0.0,25.523616790771484,28.561870574951172,1,0,0.6000000238418579,0,0,1,0,0,8,0,1,0,8,99,1,8.300000190734863,0.0,19.412242889404297,28.40812110900879,1.5,0,66,1.0,0.0,0.0,0,0,0
1780682999.4057984,0,0.3499999940395355,1,0,495,900,423158243,7,77,0.0,0.0,25.523616790771484,28.561870574951172,1,0,0.6000000238418579,0,0,1,0,0,8,0,1,0,8,99,1,8.300000190734863,0.0,19.578243255615234,28.408123016357422,1.5,0,66,1.0,0.0,0.0,0,0,0
1780682999.4258444,0,0.3499999940395355,1,0,495,900,423158243,7,77,0.0,0.0,25.523616790771484,28.561870574951172,1,0,0.6000000238418579,0,0,1,0,0,8,0,1,0,8,99,1,8.300000190734863,0.0,19.74424171447754,28.408123016357422,1.5,0,66,1.0,0.0,0.0,0,0,0
1780682999.445961,0,0.3499999940395355,1,0,495,900,423158243,7,77,0.0,0.0,25.523616790771484,28.561870574951172,1,0,0.6000000238418579,0,0,1,0,0,8,0,1,0,8,99,1,8.300000190734863,0.0,19.910240173339844,28.40812110900879,1.5,0,66,1.0,0.0,0.0,0,0,0
1780682999.466049,0,0.3499999940395355,0,0,495,900,423158243,9,77,4.690031051635742,41.0,25.523616790771484,28.561870574951172,1,0,0.6000000238418579,0,0,1,0,0,8,0,0,0,8,99,1,8.300000190734863,0.0,20.07623863220215,28.40812110900879,1.5,0,66,1.0,0.0,0.0,0,0,0
1780682999.486065,0,0.3499999940395355,0,0,495,900,423158243,10,77,4.690031051635742,39.20000076293945,25.61741828918457,29.345870971679688,1,0,0.6000000238418579,0,0,1,0,0,8,0,0,0,8,99,1,8.300000190734863,0.0,20.242156982421875,28.40812110900879,1.5,0,66,1.0,0.0,0.0,0,0,0
1780682999.5059342,0,0.3499999940395355,0,0,495,900,423158243,10,77,4.690031051635742,37.400001525878906,25.711219787597656,30.093870162963867,1,0,0.6000000238418579,0,0,1,0,0,8,0,0,0,8,99,1,8.300000190734863,0.0,20.40815544128418,28.40812110900879,1.5,0,66,1.0,0.0,0.0,0,0,0
1780682999.52607,0,0.3499999940395355,0,0,495,900,423158243,10,77,4.690031051635742,35.60000228881836,25.805021286010742,30.805870056152344,1,0,0.6000000238418579,0,0,1,0,0,8,0,0,0,8,99,1,8.300000190734863,0.0,20.57415199279785,28.408119201660156,1.5,0,66,1.0,0.0,0.0,0,0,0
1780682999.5460932,0,0.3499999940395355,0,0,495,900,423158243,10,77,4.690031051635742,33.80000305175781,25.898822784423828,31.481870651245117,1,0,0.6000000238418579,0,0,1,0,0,8,0,0,0,8,99,1,8.300000190734863,0.0,20.740150451660156,28.40812110900879,1.5,0,66,1.0,0.0,0.0,0,0,0
1780682999.566034,0,0.3499999940395355,0,0,495,900,423158243,10,77,4.690031051635742,32.000003814697266,25.992624282836914,32.12186813354492,1,0,0.6000000238418579,0,0,1,0,0,8,0,0,0,8,99,1,8.300000190734863,0.0,20.906147003173828,28.408123016357422,1.5,0,66,1.0,0.0,0.0,0,0,0
1780682999.5860004,0,0.3499999940395355,0,0,495,900,423158243,10,77,4.690031051635742,30.20000457763672,26.08642578125,32.725868225097656,1,0,0.6000000238418579,0,0,1,0,0,8,0,0,0,8,99,1,8.300000190734863,0.0,21.072229385375977,28.40812110900879,1.5,0,66,1.0,0.0,0.0,0,0,0
1780682999.6059759,0,0.3499999940395355,0,0,495,900,423158243,10,77,4.690031051635742,28.400005340576172,26.180227279663086,33.29386901855469,1,0,0.6000000238418579,0,0,1,0,0,8,0,0,0,8,99,1,8.300000190734863,0.0,21.238231658935547,28.40812110900879,1.5,0,66,1.0,0.0,0.0,0,0,0
1780682999.6264098,0,0.3499999940395355,0,0,495,900,423158243,10,77,4.690031051635742,26.600006103515625,26.274028778076172,33.825870513916016,1,0,0.6000000238418579,0,0,1,0,0,8,0,0,0,8,99,1,8.300000190734863,0.0,21.404232025146484,28.408119201660156,1.5,0,66,1.0,0.0,0.0,0,0,0
1780682999.64633,0,0.3499999940395355,0,0,495,900,423158243,10,77,4.690031051635742,24.800006866455078,26.367830276489258,34.321868896484375,1,0,0.6000000238418579,0,0,1,0,0,8,0,0,0,8,99,1,8.300000190734863,0.0,21.57023048400879,28.40812110900879,1.5,0,66,1.0,0.0,0.0,0,0,0
1780682999.6661842,0,0.3499999940395355,0,0,495,900,423158243,10,77,4.690031051635742,23.00000762939453,26.461631774902344,34.78186798095703,1,0,0.6000000238418579,0,0,1,0,0,8,0,0,0,8,99,1,8.300000190734863,0.0,21.736228942871094,28.408119201660156,1.5,0,66,1.0,0.0,0.0,0,0,0
1780682999.6858554,0,0.3499999940395355,0,0,495,900,423158243,10,77,4.690031051635742,21.200008392333984,26.55543327331543,35.205867767333984,1,0,0.6000000238418579,0,0,1,0,0,8,0,0,0,8,99,1,8.300000190734863,0.0,21.902145385742188,28.40812110900879,1.5,0,66,1.0,0.0,0.0,0,0,0
1780682999.7057612,0,0.3499999940395355,0,0,495,900,423158243,10,77,4.690031051635742,19.400009155273438,26.649234771728516,35.593868255615234,1,0,0.6000000238418579,0,0,1,0,0,8,0,0,0,8,99,1,8.300000190734863,0.0,22.068140029907227,28.408123016357422,1.5,0,66,1.0,0.0,0.0,0,0,0
1780682999.7260866,0,0.3499999940395355,0,0,495,900,423158243,10,77,4.690031051635742,17.60000991821289,26.7430362701416,35.94586944580078,1,0,0.6000000238418579,0,0,1,0,0,8,0,0,0,8,99,1,8.300000190734863,0.0,22.234222412109375,28.408123016357422,1.5,0,66,1.0,0.0,0.0,0,0,0
1780682999.745986,0,0.3499999940395355,0,0,495,900,423158243,10,77,4.690031051635742,15.800010681152344,26.836837768554688,36.261871337890625,1,0,0.6000000238418579,0,0,1,0,0,8,0,0,0,8,99,1,8.300000190734863,0.0,22.40022087097168,28.40812110900879,1.5,0,66,1.0,0.0,0.0,0,0,0
1780682999.7661667,0,0.3499999940395355,0,0,495,900,423158243,10,77,4.690031051635742,14.000011444091797,26.930639266967773,36.5418701171875,1,0,0.6000000238418579,0,0,1,0,0,8,0,0,0,8,99,1,8.300000190734863,0.0,22.56621551513672,28.408119201660156,1.5,0,66,1.0,0.0,0.0,0,0,0
1780682999.7859225,0,0.3499999940395355,0,0,495,900,423158243,10,77,4.690031051635742,12.20001220703125,27.02444076538086,36.78586959838867,1,0,0.6000000238418579,0,0,1,0,0,8,0,0,0,8,99,1,8.300000190734863,0.0,22.732215881347656,28.40812110900879,1.5,0,66,1.0,0.0,0.0,0,0,0
1780682999.80583,0,0.3499999940395355,0,0,495,900,423158243,10,77,4.690031051635742,10.400012969970703,27.118242263793945,36.99386978149414,1,0,0.6000000238418579,0,0,1,0,0,8,0,0,0,8,99,1,8.300000190734863,0.0,22.89821434020996,28.40812110900879,1.5,0,66,1.0,0.0,0.0,0,0,0
1780682999.825983,0,0.3499999940395355,0,0,495,900,423158243,10,77,4.690031051635742,8.600013732910156,27.21204376220703,37.165870666503906,1,0,0.6000000238418579,0,0,1,0,0,8,0,0,0,8,99,1,8.300000190734863,0.0,23.064210891723633,28.40812110900879,1.5,0,66,1.0,0.0,0.0,0,0,0
1780682999.8459828,0,0.3499999940395355,0,0,495,900,423158243,10,77,4.690031051635742,6.800014495849609,27.305845260620117,37.30187225341797,1,0,0.6000000238418579,0,0,1,0,0,8,0,0,0,8,99,1,8.300000190734863,0.0,23.230209350585938,28.40812110900879,1.5,0,66,1.0,0.0,0.0,0,0,0
1780682999.8660915,0,0.3499999940395355,0,0,495,900,423158243,10,77,4.690031051635742,5.0000152587890625,27.399646759033203,37.40187072753906,1,0,0.6000000238418579,0,0,1,0,0,8,0,0,0,8,99,1,8.300000190734863,0.0,23.396207809448242,28.40812110900879,1.5,0,66,1.0,0.0,0.0,0,0,0
1780682999.8858035,0,0.3499999940395355,0,0,495,900,423158243,10,77,4.690031051635742,3.2000160217285156,27.49344825744629,37.46586990356445,1,0,0.6000000238418579,0,0,1,0,0,8,0,0,0,8,99,1,8.300000190734863,0.0,23.562204360961914,28.40812110900879,1.5,0,66,1.0,0.0,0.0,0,0,0
1780682999.9054441,0,0.3499999940395355,0,0,495,900,423158243,10,77,4.690031051635742,1.4000167846679688,27.587249755859375,37.49386978149414,1,0,0.6000000238418579,0,0,1,0,0,8,0,0,0,8,99,1,8.300000190734863,0.0,23.72820281982422,28.40812110900879,1.5,0,66,1.0,0.0,0.0,0,0,0
1780682999.9260986,0,0.3499999940395355,0,0,495,900,423158243,10,77,4.690031051635742,-0.3999824523925781,27.68105125427246,37.485870361328125,1,0,0.6000000238418579,0,0,1,0,0,8,0,0,0,8,99,1,8.300000190734863,0.0,23.894201278686523,28.408119201660156,1.5,0,66,1.0,0.0,0.0,0,0,0
1780682999.9458551,0,0.3499999940395355,0,0,495,900,423158243,10,77,4.690031051635742,-2.199981689453125,27.774852752685547,37.441871643066406,1,0,0.6000000238418579,0,0,1,0,0,8,0,0,0,8,99,1,8.300000190734863,0.0,24.060199737548828,28.40812110900879,1.5,0,66,1.0,0.0,0.0,0,0,0
1780682999.965853,0,0.3499999940395355,0,0,495,900,423158243,10,77,4.690031051635742,-3.999980926513672,27.868654251098633,37.361873626708984,1,0,0.6000000238418579,0,0,1,0,0,8,0,0,0,8,99,1,8.300000190734863,0.0,24.2261962890625,28.40812110900879,1.5,0,66,1.0,0.0,0.0,0,0,0
1780682999.9865744,0,0.3499999940395355,0,0,495,900,423158243,10,77,4.690031051635742,-5.799980163574219,27.96245574951172,37.245872497558594,1,0,0.6000000238418579,0,0,1,0,0,8,0,0,0,8,99,1,8.300000190734863,0.0,24.392194747924805,28.40812110900879,1.5,0,66,1.0,0.0,0.0,0,0,0
1780683000.005897,0,0.3499999940395355,0,0,495,900,423158243,10,77,4.690031051635742,-7.599979400634766,28.056257247924805,37.0938720703125,1,0,0.6000000238418579,0,0,1,0,0,8,0,0,0,8,99,1,8.300000190734863,0.0,24.558195114135742,28.40812110900879,1.5,0,66,1.0,0.0,0.0,0,0,0
1780683000.026086,0,0.3499999940395355,0,0,495,900,423158243,10,77,4.690031051635742,-9.399978637695312,28.15005874633789,36.9058723449707,1,0,0.6000000238418579,0,0,1,0,0,8,0,0,0,8,99,1,8.300000190734863,0.0,24.72419548034668,28.40812110900879,1.5,0,66,1.0,0.0,0.0,0,0,0
1780683000.0461984,0,0.3499999940395355,0,0,495,900,423158243,10,77,4.690031051635742,-11.19997787475586,28.243860244750977,36.6818733215332,1,0,0.6000000238418579,0,0,1,0,0,8,0,0,0,8,99,1,8.300000190734863,0.0,24.890193939208984,28.40812110900879,1.5,0,66,1.0,0.0,0.0,0,0,0
1780683000.067502,0,0.3499999940395355,0,0,495,900,423158243,10,77,4.690031051635742,-12.999977111816406,28.337661743164062,36.421875,1,0,0.6000000238418579,0,0,1,0,0,8,0,0,0,8,99,1,8.300000190734863,0.0,25.05611228942871,28.40812110900879,1.5,0,66,1.0,0.0,0.0,0,0,0
1780683000.087097,0,0.3499999940395355,0,0,495,900,423158243,10,77,4.690031051635742,-14.799976348876953,28.43146324157715,36.125877380371094,1,0,0.6000000238418579,0,0,1,0,0,8,0,0,0,8,99,1,8.300000190734863,0.0,25.222196578979492,28.40812110900879,1.5,0,66,1.0,0.0,0.0,0,0,0
1780683000.1082473,0,0.3499999940395355,0,0,495,900,423158243,10,77,4.690031051635742,-16.5999755859375,28.525264739990234,35.79387664794922,1,0,0.6000000238418579,0,0,1,0,0,8,0,0,0,8,99,1,8.300000190734863,0.0,25.38811492919922,28.408123016357422,1.5,0,66,1.0,0.0,0.0,0,0,0
1780683000.1288357,0,0.3499999940395355,0,0,495,900,423158243,10,77,4.690031051635742,-18.399974822998047,28.61906623840332,35.42587661743164,1,0,0.6000000238418579,0,0,1,0,0,8,0,0,0,8,99,1,8.300000190734863,0.0,25.5542049407959,28.40812110900879,1.5,0,66,1.0,0.0,0.0,0,0,0
1780683000.1484156,0,0.3499999940395355,0,0,495,900,423158243,10,77,4.690031051635742,-20.199974060058594,28.712867736816406,35.02187728881836,1,0,0.6000000238418579,0,0,1,0,0,8,0,0,0,8,99,1,8.300000190734863,0.0,25.720212936401367,28.40812110900879,1.5,0,66,1.0,0.0,0.0,0,0,0
1780683000.1689618,0,0.3499999940395355,0,0,495,900,423158243,10,77,4.690031051635742,-21.99997329711914,28.806669235229492,34.581878662109375,1,0,0.6000000238418579,0,0,1,0,0,8,0,0,0,8,99,1,8.300000190734863,0.0,25.886133193969727,28.408119201660156,1.5,0,66,1.0,0.0,0.0,0,0,0
1780683000.1884358,0,0.3499999940395355,0,0,495,900,423158243,10,77,4.690031051635742,-23.799972534179688,28.900470733642578,34.10588073730469,1,0,0.6000000238418579,0,0,1,0,0,8,0,0,0,8,99,1,8.300000190734863,0.0,26.052217483520508,28.40812110900879,1.5,0,66,1.0,0.0,0.0,0,0,0
1780683000.2076602,0,0.3499999940395355,0,0,495,900,423158243,30,77,3.658224105834961,-19.96797752380371,28.994272232055664,33.59387969970703,1,0,0.6000000238418579,0,0,1,0,0,8,0,0,0,8,99,1,8.300000190734863,0.0,26.21822738647461,28.40812110900879,1.5,0,66,1.0,0.0,0.0,0,0,0
1780683000.2268178,0,0.3499999940395355,0,0,495,900,423158243,30,77,2.85341477394104,-15.575021743774414,29.051340103149414,33.282379150390625,1,0,0.6000000238418579,0,0,1,0,0,8,0,0,0,8,99,1,8.300000190734863,0.0,26.384231567382812,28.40812110900879,1.5,0,66,1.0,0.0,0.0,0,0,0
1780683000.2463994,0,0.3499999940395355,0,0,495,900,423158243,30,77,2.225663423538208,-12.148516654968262,29.095853805541992,33.03940963745117,1,0,0.6000000238418579,0,0,1,0,0,8,0,0,0,8,99,1,8.300000190734863,0.0,26.55023193359375,28.408119201660156,1.5,0,66,1.0,0.0,0.0,0,0,0
1780683000.2659872,0,0.3499999940395355,0,0,495,900,423158243,30,77,1.7360174655914307,-9.475842475891113,29.130573272705078,32.849891662597656,1,0,0.6000000238418579,0,0,1,0,0,8,0,0,0,8,99,1,8.300000190734863,0.0,26.716148376464844,28.40812110900879,1.5,0,66,1.0,0.0,0.0,0,0,0
1780683000.2858577,0,0.3499999940395355,0,0,495,900,423158243,30,77,1.3540935516357422,-7.3911566734313965,29.157655715942383,32.70206832885742,1,0,0.6000000238418579,0,0,1,0,0,8,0,0,0,8,99,1,8.300000190734863,0.0,26.88214874267578,28.40812110900879,1.5,0,66,1.0,0.0,0.0,0,0,0
1780683000.3059404,0,0.3499999940395355,0,0,495,900,423158243,30,77,1.0561928749084473,-5.765101909637451,29.17877960205078,32.58676528930664,1,0,0.6000000238418579,0,0,1,0,0,8,0,0,0,8,99,1,8.300000190734863,0.0,27.048145294189453,28.40812110900879,1.5,0,66,1.0,0.0,0.0,0,0,0
1780683000.3258982,0,0.3499999940395355,0,0,495,900,423158243,30,77,0.8238304257392883,-4.496779441833496,29.195255279541016,32.496829986572266,1,0,0.6000000238418579,0,0,1,0,0,8,0,0,0,8,99,1,8.300000190734863,0.0,27.214143753051758,28.40812110900879,1.5,0,66,1.0,0.0,0.0,0,0,0
1780683000.3461907,0,0.3499999940395355,0,0,495,900,423158243,30,77,0.6425877213478088,-3.5074877738952637,29.208106994628906,32.42668151855469,1,0,0.6000000238418579,0,0,1,0,0,8,0,0,0,8,99,1,8.300000190734863,0.0,27.380142211914062,28.40812110900879,1.5,0,66,1.0,0.0,0.0,0,0,1
1780683000.3662703,0,0.3499999940395355,1,0,495,900,423158243,30,77,0.5012183785438538,-2.735840320587158,29.21813201904297,32.37196350097656,0,0,0.6000000238418579,0,0,1,0,0,8,0,1,0,8,99,1,8.300000190734863,0.0,27.546142578125,28.40812110900879,1.5,0,66,1.0,0.0,0.0,0,0,1
1780683000.3858469,0,0.3499999940395355,1,0,495,900,423158243,30,77,0.3909503221511841,-2.133955478668213,29.225950241088867,32.32928466796875,0,0,0.6000000238418579,0,0,1,0,0,8,0,1,0,8,99,1,8.300000190734863,0.0,27.712139129638672,28.40812110900879,1.5,0,66,1.0,0.0,0.0,0,0,1
1780683000.406269,0,0.3499999940395355,1,0,495,900,423158243,30,77,0.30494123697280884,-1.664485216140747,29.2320499420166,32.29599380493164,0,0,0.6000000238418579,0,0,1,0,0,8,0,1,0,8,99,1,8.300000190734863,0.0,27.878135681152344,28.408119201660156,1.5,0,66,1.0,0.0,0.0,0,0,1
1780683000.4263682,0,0.3499999940395355,1,0,495,900,423158243,30,77,0.23785415291786194,-1.2982984781265259,29.236806869506836,32.27002716064453,0,0,0.6000000238418579,0,0,1,0,0,8,0,1,0,8,99,1,8.300000190734863,0.0,28.04413414001465,28.408119201660156,1.5,0,66,1.0,0.0,0.0,0,0,1
1780683000.4460638,0,0.3499999940395355,1,0,495,900,423158243,30,77,0.18552623689174652,-1.012672781944275,29.240516662597656,32.24977111816406,0,0,0.6000000238418579,0,0,1,0,0,8,0,1,0,8,99,1,8.300000190734863,0.0,28.210132598876953,28.40812110900879,1.5,0,66,1.0,0.0,0.0,0,0,1
1780683000.466227,0,0.3499999940395355,1,0,495,900,423158243,30,77,0.1447104662656784,-0.7898847460746765,29.243410110473633,32.23397445678711,0,0,0.6000000238418579,0,0,1,0,0,8,0,1,0,8,99,1,8.300000190734863,0.0,28.37613296508789,28.40812110900879,1.5,0,66,1.0,0.0,0.0,0,0,0
1780683000.4861898,0,0.3499999940395355,1,0,495,900,423158243,30,77,0.11287415772676468,-0.61611008644104,29.245668411254883,32.22165298461914,1,0,0.6000000238418579,0,0,1,0,0,8,0,1,0,8,99,1,8.300000190734863,0.0,28.542133331298828,28.40812110900879,1.5,0,66,1.0,0.0,0.0,0,0,0
1780683000.5059683,0,0.3499999940395355,1,0,495,900,423158243,30,77,0.08804184198379517,-0.4805658459663391,29.24742889404297,32.212039947509766,1,0,0.6000000238418579,0,0,1,0,0,8,0,1,0,8,99,1,8.300000190734863,0.0,28.708131790161133,28.408123016357422,1.5,0,66,1.0,0.0,0.0,0,0,0
1780683000.5263517,0,0.3499999940395355,1,0,495,900,423158243,30,77,0.06867263466119766,-0.3748413324356079,29.248802185058594,32.20454406738281,1,0,0.6000000238418579,0,0,1,0,0,8,0,1,0,8,99,1,8.300000190734863,0.0,28.87413215637207,28.408123016357422,1.5,0,66,1.0,0.0,0.0,0,0,0
1780683000.5463817,0,0.3499999940395355,1,0,495,900,423158243,30,77,0.05356465280056,-0.29237622022628784,29.249874114990234,32.19869613647461,1,0,0.6000000238418579,0,0,1,0,0,8,0,1,0,8,99,1,8.300000190734863,0.0,29.040132522583008,28.40812110900879,1.5,0,66,1.0,0.0,0.0,0,0,0
1780683000.5660563,0,0.3499999940395355,1,0,495,900,423158243,30,77,0.04178042709827423,-0.22805345058441162,29.250709533691406,32.19413757324219,1,0,0.6000000238418579,0,0,1,0,0,8,0,1,0,8,99,1,8.300000190734863,0.0,29.206130981445312,28.40812110900879,1.5,0,66,1.0,0.0,0.0,0,0,0
1780683000.5857282,0,0.3499999940395355,1,0,495,900,423158243,30,77,0.03258873149752617,-0.17788168787956238,29.251361846923828,32.19057846069336,1,0,0.6000000238418579,0,0,1,0,0,8,0,1,0,8,99,1,8.300000190734863,0.0,29.372127532958984,28.408119201660156,1.5,0,66,1.0,0.0,0.0,0,0,0
1780683000.6064703,0,0.3499999940395355,1,0,495,900,423158243,30,77,0.0254192091524601,-0.1387477070093155,29.25187110900879,32.18780517578125,1,0,0.6000000238418579,0,0,1,0,0,8,0,1,0,8,99,1,8.300000190734863,0.0,29.538211822509766,28.40812110900879,1.5,0,66,0.0,0.0,0.0,0,0,0
1780683000.6265018,0,0.3499999940395355,1,0,495,900,423158243,30,77,0.0198269821703434,-0.10822320729494095,29.252267837524414,32.185638427734375,1,0,0.6000000238418579,0,0,1,0,0,8,0,1,0,8,99,1,8.300000190734863,0.0,29.704208374023438,28.408119201660156,1.5,0,66,0.0,0.0,0.0,0,0,0
1780683000.6461384,0,0.3499999940395355,1,0,495,900,423158243,30,77,0.015465045347809792,-0.08441410213708878,29.25257682800293,32.18395233154297,1,0,0.6000000238418579,0,0,1,0,0,8,0,1,0,8,99,1,0.0,0.0,29.73196792602539,28.408123016357422,1.5,0,66,0.0,0.0,0.0,0,0,0
1780683000.6659806,0,0.3499999940395355,1,0,495,900,423158243,30,77,0.012062734924256802,-0.06584299355745316,29.252817153930664,32.18263626098633,1,0,0.6000000238418579,0,0,1,0,0,8,0,1,0,8,99,1,0.0,0.0,29.73196792602539,28.408123016357422,1.5,0,66,0.0,0.0,0.0,0,0,0
1780683000.6860218,0,0.3499999940395355,1,0,495,900,423158243,30,77,0.009408933110535145,-0.051357533782720566,29.253005981445312,32.18160629272461,1,0,0.6000000238418579,0,0,1,0,0,8,0,1,0,8,99,1,0.0,0.0,29.73196792602539,28.40812110900879,1.5,0,66,0.0,0.0,0.0,0,0,0
1780683000.7059271,0,0.3499999940395355,1,0,495,900,423158243,30,77,0.007338967639952898,-0.04005887359380722,29.25315284729004,32.18080520629883,1,0,0.6000000238418579,0,0,1,0,0,8,0,1,0,8,99,1,0.0,0.0,29.73196792602539,28.40812110900879,1.5,0,66,0.0,0.0,0.0,0,0,0
1780683000.7263236,0,0.3499999940395355,0,0,495,900,423158243,30,77,0.00572439469397068,-0.031245920807123184,29.253267288208008,32.180179595947266,1,0,0.6000000238418579,0,0,1,0,0,8,0,0,0,8,99,1,0.0,0.0,29.73196792602539,28.408119201660156,1.5,0,66,0.0,0.0,0.0,0,0,0
1780683000.7461905,0,0.3499999940395355,0,0,495,900,423158243,30,77,0.004465027712285519,-0.024371817708015442,29.25335693359375,32.179691314697266,1,0,0.6000000238418579,0,0,1,0,0,8,0,0,0,8,99,1,0.0,0.0,29.73196792602539,28.40812110900879,1.5,0,66,1.0,0.0,0.0,0,0,0
1780683000.766514,0,0.3499999940395355,0,0,495,900,423158243,30,77,0.0034827215131372213,-0.019010016694664955,29.253427505493164,32.17931365966797,1,0,0.6000000238418579,0,0,1,0,0,8,0,0,0,8,99,1,0.0,0.0,29.73196792602539,28.40812110900879,1.5,0,66,1.0,0.0,0.0,0,0,0
1780683000.7863727,0,0.3499999940395355,0,0,495,900,423158243,31,77,0.002118887612596154,-0.011565692722797394,29.253480911254883,32.17901611328125,1,0,0.6000000238418579,0,0,1,0,0,8,0,0,0,8,99,1,0.0,0.0,29.73196792602539,28.40812110900879,1.5,0,66,1.0,0.0,0.0,0,0,0
1780683000.8063812,0,0.3499999940395355,0,0,495,900,423158243,31,77,0.0016527322586625814,-0.009021240286529064,29.25351333618164,32.1788330078125,1,0,0.6000000238418579,0,0,1,0,0,8,0,0,0,8,99,1,8.300000190734863,0.0,29.87013053894043,28.40812110900879,1.5,0,66,1.0,0.0,0.0,0,0,0
1780683000.8291476,0,0.3499999940395355,0,0,495,900,423158243,31,77,0.0012891311198472977,-0.007036567199975252,29.2535400390625,32.17869186401367,1,0,0.6000000238418579,0,0,1,0,0,8,0,0,0,8,99,1,8.300000190734863,0.0,30.036128997802734,28.40812110900879,1.5,0,66,1.0,0.0,0.0,0,0,0
1780683000.8490262,0,0.3499999940395355,0,0,495,900,423158243,31,77,0.001005522208288312,-0.0054885223507881165,29.25356101989746,32.17858123779297,1,0,0.6000000238418579,0,0,1,0,0,8,0,0,0,8,99,1,8.300000190734863,0.0,30.202129364013672,28.40812110900879,1.5,0,66,1.0,0.0,0.0,0,0,0
1780683000.8691945,0,0.3499999940395355,0,0,495,900,423158243,31,77,0.0007843073108233511,-0.004281047265976667,29.253576278686523,32.17849349975586,1,0,0.6000000238418579,0,0,1,0,0,8,0,0,0,8,99,1,8.300000190734863,0.0,30.368213653564453,28.40812110900879,1.5,0,66,1.0,0.0,0.0,0,0,0
1780683000.8891087,0,0.3499999940395355,0,0,495,900,423158243,31,77,0.0006117596640251577,-0.003339216811582446,29.25358772277832,32.17842483520508,1,0,0.6000000238418579,0,0,1,0,0,8,0,0,0,8,99,1,8.300000190734863,0.0,30.534215927124023,28.40812110900879,1.5,0,66,1.0,0.0,0.0,0,0,0
1780683000.9089565,0,0.3499999940395355,0,0,495,900,423158243,31,77,0.00047717252164147794,-0.0026045890990644693,29.253597259521484,32.17837142944336,1,0,0.6000000238418579,0,0,1,0,0,8,0,0,0,8,99,1,8.300000190734863,0.0,30.700218200683594,28.40812110900879,1.5,0,66,1.0,0.0,0.0,0,0,0
1780683000.9293184,0,0.3499999940395355,0,0,495,900,423158243,31,77,0.00037219453952275217,-0.0020315793808549643,29.253604888916016,32.17832946777344,1,0,0.6000000238418579,0,0,1,0,0,8,0,0,0,8,99,1,8.300000190734863,0.0,30.866220474243164,28.40812110900879,1.5,0,66,1.0,0.0,0.0,0,0,0
1780683000.9509082,0,0.3499999940395355,0,0,495,900,423158243,31,77,0.0002903117274399847,-0.0015846318565309048,29.253610610961914,32.17829513549805,1,0,0.6000000238418579,0,0,1,0,0,8,0,0,0,8,99,1,8.300000190734863,0.0,31.032217025756836,28.40812110900879,1.5,0,66,1.0,0.0,0.0,0,0,0
1780683000.9701307,0,0.3499999940395355,0,0,495,900,423158243,31,77,0.0002264431386720389,-0.0012360127875581384,29.25361442565918,32.17826843261719,1,0,0.6000000238418579,0,0,1,0,0,8,0,0,0,8,99,1,8.300000190734863,0.0,31.198135375976562,28.40812110900879,1.5,0,66,1.0,0.0,0.0,0,0,0
1780683000.9889257,0,0.3499999940395355,0,0,495,900,423158243,31,77,0.00017662564641796052,-0.0009640899370424449,29.253618240356445,32.17824935913086,1,0,0.6000000238418579,0,0,1,0,0,8,0,0,0,8,99,1,8.300000190734863,0.0,31.364215850830078,28.40812110900879,1.5,0,66,1.0,0.0,0.0,0,0,0
1780683001.0080318,0,0.3499999940395355,0,0,495,900,423158243,31,77,0.00013776800187770277,-0.0007519901264458895,29.253620147705078,32.1782341003418,1,0,0.6000000238418579,0,0,1,0,0,8,0,0,0,8,99,1,8.300000190734863,0.0,31.530214309692383,28.40812110900879,1.5,0,66,1.0,0.0,0.0,0,0,0
1780683001.027101,0,0.3499999940395355,0,0,495,900,423158243,31,77,0.00010745904000941664,-0.0005865522543899715,29.25362205505371,32.17822265625,1,0,0.6000000238418579,0,0,1,0,0,8,0,0,0,8,99,1,8.300000190734863,0.0,31.696212768554688,28.40812110900879,1.5,0,66,1.0,0.0,0.0,0,0,0
1780683001.046514,0,0.3499999940395355,0,0,495,900,423158243,31,77,8.381804946111515e-05,-0.00045751073048450053,29.253623962402344,32.1782112121582,1,0,0.6000000238418579,0,0,1,0,0,8,0,0,0,8,99,1,8.300000190734863,0.0,31.862131118774414,28.408119201660156,1.5,0,66,1.0,0.0,0.0,0,0,0
1780683001.0661,0,0.3499999940395355,0,0,495,900,423158243,31,77,6.537807348649949e-05,-0.0003568583633750677,29.253625869750977,32.17820358276367,1,0,0.6000000238418579,0,0,1,0,0,8,0,0,0,8,99,1,8.300000190734863,0.0,32.02821350097656,28.408119201660156,1.5,0,66,1.0,0.0,0.0,0,0,0
1780683001.085634,0,0.3499999940395355,0,0,495,900,423158243,31,77,5.0994894991163164e-05,-0.00027834950014948845,29.25362777709961,32.17819595336914,1,0,0.6000000238418579,0,0,1,0,0,8,0,0,0,8,99,1,8.300000190734863,0.0,32.1942138671875,28.40812110900879,1.5,0,66,1.0,0.0,0.0,0,0,0
1780683001.1059878,0,0.3499999940395355,0,0,495,900,423158243,31,77,3.9776015910319984e-05,-0.00021711259614676237,29.25362777709961,32.178192138671875,1,0,0.6000000238418579,0,0,1,0,0,8,0,0,0,8,99,1,8.300000190734863,0.0,32.36021041870117,28.40812110900879,1.5,0,66,1.0,0.0,0.0,0,0,0
1780683001.126113,0,0.3499999940395355,0,0,495,900,423158243,31,77,3.102529080933891e-05,-0.00016934781160671264,29.25362777709961,32.17818832397461,1,0,0.6000000238418579,0,0,1,0,0,8,0,0,0,8,99,1,8.300000190734863,0.0,32.526126861572266,28.40812110900879,1.5,0,66,1.0,0.0,0.0,0,0,0
1780683001.1460388,0,0.3499999940395355,0,0,495,900,423158243,31,77,2.4199725885409862e-05,-0.00013209128519520164,29.25362777709961,32.17818832397461,1,0,0.6000000238418579,0,0,1,0,0,8,0,0,0,8,99,1,8.300000190734863,0.0,32.6921272277832,28.408123016357422,1.5,0,66,1.0,0.0,0.0,0,0,0
1780683001.1658823,0,0.3499999940395355,0,0,495,900,423158243,31,77,1.887578582682181e-05,-0.0001030311977956444,29.25362777709961,32.178184509277344,1,0,0.6000000238418579,0,0,1,0,0,8,0,0,0,8,99,1,8.300000190734863,0.0,32.858123779296875,28.40812110900879,1.5,0,66,1.0,0.0,0.0,0,0,0
1780683001.1859984,0,0.3499999940395355,0,0,495,900,423158243,31,77,1.4723112144565675e-05,-8.036433428060263e-05,29.25362777709961,32.178184509277344,1,0,0.6000000238418579,0,0,1,0,0,8,0,0,0,8,99,1,8.300000190734863,0.0,33.02412414550781,28.40812110900879,1.5,0,66,1.0,0.0,0.0,0,0,0
1780683001.2069433,0,0.3499999940395355,0,0,495,900,423158243,31,77,1.1484026799735148e-05,-6.268417928367853e-05,29.25362777709961,32.17818069458008,1,0,0.6000000238418579,0,0,1,0,0,8,0,0,0,8,99,1,8.300000190734863,0.0,33.19012451171875,28.40812110900879,1.5,0,66,1.0,0.0,0.0,0,0,0
1780683001.2278278,0,0.3499999940395355,0,0,495,900,423158243,31,77,8.957540558185428e-06,-4.8893656639847904e-05,29.25362777709961,32.17818069458008,1,0,0.6000000238418579,0,0,1,0,0,8,0,0,0,8,99,1,8.300000190734863,0.0,33.35621643066406,28.408119201660156,1.5,0,66,1.0,0.0,0.0,0,0,0
1780683001.2476392,0,0.3499999940395355,0,0,495,900,423158243,31,77,6.986881544435164e-06,-3.813705188804306e-05,29.25362777709961,32.17818069458008,1,0,0.6000000238418579,0,0,1,0,0,8,0,0,0,8,99,1,8.300000190734863,0.0,33.52213668823242,28.40812110900879,1.5,0,66,1.0,0.0,0.0,0,0,0
1780683001.2675478,0,0.3499999940395355,0,0,495,900,423158243,31,77,5.449767286336282e-06,-2.9746899599558674e-05,29.25362777709961,32.17818069458008,1,0,0.6000000238418579,0,0,1,0,0,8,0,0,0,8,99,1,8.300000190734863,0.0,33.68821716308594,28.40812110900879,1.5,0,66,1.0,0.0,0.0,0,0,0
1780683001.286837,0,0.3499999940395355,0,0,495,900,423158243,31,77,4.2508181650191545e-06,-2.3202581360237673e-05,29.25362777709961,32.17818069458008,1,0,0.6000000238418579,0,0,1,0,0,8,0,0,0,8,99,1,8.300000190734863,0.0,33.85422134399414,28.40812110900879,1.5,0,66,1.0,0.0,0.0,0,0,0
1780683001.3068826,0,0.3499999940395355,0,0,495,900,423158243,31,77,3.315637968626106e-06,-1.8098013242706656e-05,29.25362777709961,32.17818069458008,1,0,0.6000000238418579,0,0,1,0,0,8,0,0,0,8,99,1,8.300000190734863,0.0,34.020137786865234,28.40812110900879,1.5,0,66,1.0,0.0,0.0,0,0,0
1780683001.3269029,0,0.3499999940395355,0,0,495,900,423158243,31,77,2.5861975245788926e-06,-1.4116450074652676e-05,29.25362777709961,32.17818069458008,1,0,0.6000000238418579,0,0,1,0,0,8,0,0,0,8,99,1,8.300000190734863,0.0,34.18614196777344,28.40812110900879,1.5,0,66,1.0,0.0,0.0,0,0,0
1780683001.3464696,0,0.3499999940395355,0,0,495,900,423158243,31,77,2.0172340100543806e-06,-1.101083034882322e-05,29.25362777709961,32.17818069458008,1,0,0.6000000238418579,0,0,1,0,0,8,0,0,0,8,99,1,8.300000190734863,0.0,34.352142333984375,28.408123016357422,1.5,0,66,0.0,0.0,0.0,0,0,0
1780683001.366378,0,0.3499999940395355,0,0,495,900,423158243,31,77,1.5734424323454732e-06,-8.588447599322535e-06,29.25362777709961,32.17818069458008,1,0,0.6000000238418579,0,0,1,0,0,8,0,0,0,8,99,1,8.300000190734863,0.0,34.51822280883789,28.40812110900879,1.5,0,66,0.0,0.0,0.0,0,0,0
1780683001.3862762,0,0.3499999940395355,0,0,495,900,423158243,31,77,1.227284997185052e-06,-6.698988727293909e-06,29.25362777709961,32.17818069458008,1,0,0.6000000238418579,0,0,1,0,0,8,0,0,0,8,99,1,0.0,0.0,34.54597854614258,28.40812110900879,1.5,0,66,0.0,0.0,0.0,0,0,0
1780683001.4060686,0,0.3499999940395355,0,0,495,900,423158243,31,77,9.572822818881832e-07,-5.225211225479143e-06,29.25362777709961,32.17818069458008,1,0,0.6000000238418579,0,0,1,0,0,8,0,0,0,8,99,1,0.0,0.0,34.54597854614258,28.40812110900879,1.5,0,66,0.0,0.0,0.0,0,0,0
1780683001.4261868,0,0.3499999940395355,0,0,495,900,423158243,31,77,7.466801434929948e-07,-4.075664492120268e-06,29.25362777709961,32.17818069458008,1,0,0.6000000238418579,0,0,1,0,0,8,0,0,0,8,99,1,0.0,0.0,34.54597854614258,28.40812110900879,1.5,0,66,0.0,0.0,0.0,0,0,0
1780683001.4461331,0,0.3499999940395355,0,0,495,900,423158243,31,77,5.824105073770625e-07,-3.1790182219992857e-06,29.25362777709961,32.17818069458008,1,0,0.6000000238418579,0,0,1,0,0,8,0,0,0,8,99,1,0.0,0.0,34.54597854614258,28.408119201660156,1.5,0,66,0.0,0.0,0.0,0,0,0
1780683001.4661276,0,0.3499999940395355,0,0,495,900,423158243,31,77,4.5428018324855657e-07,-2.4796340767352376e-06,29.25362777709961,32.17818069458008,1,0,0.6000000238418579,0,0,1,0,0,8,0,0,0,8,99,1,0.0,0.0,34.54597854614258,28.40812110900879,1.5,0,66,0.0,0.0,0.0,0,0,0
1780683001.486625,0,0.3499999940395355,0,0,495,900,423158243,31,77,3.543385389548348e-07,-1.9341146071383264e-06,29.25362777709961,32.17818069458008,1,0,0.6000000238418579,0,0,1,0,0,8,0,0,0,8,99,1,0.0,0.0,34.54597854614258,28.40812110900879,1.5,0,66,0.0,0.0,0.0,0,0,0
1780683001.505987,0,0.3499999940395355,0,0,495,900,423158243,31,77,2.763840427633113e-07,-1.5086093299032655e-06,29.25362777709961,32.17818069458008,1,0,0.6000000238418579,0,0,1,0,0,8,0,0,0,8,99,1,0.0,0.0,34.54597854614258,28.40812110900879,1.5,0,66,0.0,0.0,0.0,0,0,0
1780683001.5264974,0,0.3499999940395355,0,0,495,900,423158243,31,77,2.1557954710260674e-07,-1.1767152727770736e-06,29.25362777709961,32.17818069458008,1,0,0.6000000238418579,0,0,1,0,0,8,0,0,0,8,99,1,0.0,0.0,34.54597854614258,28.40812110900879,1.5,0,66,0.0,0.0,0.0,0,0,0
1780683001.546306,0,0.3499999940395355,0,0,495,900,423158243,31,77,1.6815204162412556e-07,-9.178378945762233e-07,29.25362777709961,32.17818069458008,1,0,0.6000000238418579,0,0,1,0,0,8,0,0,0,8,99,1,0.0,0.0,34.54597854614258,28.408123016357422,1.5,0,66,0.0,0.0,0.0,0,0,0
1780683001.5661573,0,0.3499999940395355,0,0,495,900,423158243,31,77,1.3115858621404186e-07,-7.159135293477448e-07,29.25362777709961,32.17818069458008,1,0,0.6000000238418579,0,0,1,0,0,8,0,0,0,8,99,1,0.0,0.0,34.54597854614258,28.40812110900879,1.5,0,66,0.0,0.0,0.0,0,0,0
1780683001.586236,0,0.3499999940395355,0,0,495,900,423158243,31,77,1.0230369440478171e-07,-5.584125233326631e-07,29.25362777709961,32.17818069458008,1,0,0.6000000238418579,0,0,1,0,0,8,0,0,0,8,99,1,0.0,0.0,34.54597854614258,28.408123016357422,1.5,0,66,0.0,0.0,0.0,0,0,0
1780683001.606534,0,0.3499999940395355,0,0,495,900,423158243,31,77,7.979687666193058e-08,-4.355617591045302e-07,29.25362777709961,32.17818069458008,1,0,0.6000000238418579,0,0,1,0,0,8,0,0,0,8,99,1,0.0,0.0,34.54597854614258,28.40812110900879,1.5,0,66,0.0,0.0,0.0,0,0,0
1780683001.6258876,0,0.3499999940395355,0,0,495,900,423158243,31,77,6.2241561238352e-08,-3.397381647118891e-07,29.25362777709961,32.17818069458008,1,0,0.6000000238418579,0,0,1,0,0,8,0,0,0,8,99,1,0.0,0.0,34.54597854614258,28.408123016357422,1.5,0,66,0.0,0.0,0.0,0,0,0
1780683001.6457305,0,0.3499999940395355,0,0,495,900,423158243,31,77,4.854841506585217e-08,-2.649957480116427e-07,29.25362777709961,32.17818069458008,1,0,0.6000000238418579,0,0,1,0,0,8,0,0,0,8,99,1,0.0,0.0,34.54597854614258,28.40812110900879,1.5,0,66,0.0,0.0,0.0,0,0,0
1780683001.666128,0,0.3499999940395355,0,0,495,900,423158243,31,77,3.7867764035581786e-08,-2.0669668288064713e-07,29.25362777709961,32.17818069458008,1,0,0.6000000238418579,0,0,1,0,0,8,0,0,0,8,99,1,0.0,0.0,34.54597854614258,28.408123016357422,1.5,0,66,0.0,0.0,0.0,0,0,0
1780683001.6861522,0,0.3499999940395355,0,0,495,900,423158243,31,77,2.9536854739831142e-08,-1.6122341151003639e-07,29.25362777709961,32.17818069458008,1,0,0.6000000238418579,0,0,1,0,0,8,0,0,0,8,99,1,0.0,0.0,34.54597854614258,28.40812110900879,1.5,0,66,0.0,0.0,0.0,0,0,0
1780683001.7058961,0,0.3499999940395355,0,0,495,900,423158243,31,77,2.3038746022052692e-08,-1.257542550092694e-07,29.25362777709961,32.17818069458008,1,0,0.6000000238418579,0,0,1,0,0,8,0,0,0,8,99,1,0.0,0.0,34.54597854614258,28.40812110900879,1.5,0,66,0.0,0.0,0.0,0,0,0
1780683001.7264376,0,0.3499999940395355,0,0,495,900,423158243,31,77,1.7970220866914133e-08,-9.808831435975662e-08,29.25362777709961,32.17818069458008,1,0,0.6000000238418579,0,0,1,0,0,8,0,0,0,8,99,1,0.0,0.0,34.54597854614258,28.408123016357422,1.5,0,66,0.0,0.0,0.0,0,0,0
1780683001.7462099,0,0.3499999940395355,0,0,495,900,423158243,31,77,1.4016771743285972e-08,-7.650888278476486e-08,29.25362777709961,32.17818069458008,1,0,0.6000000238418579,0,0,1,0,0,8,0,0,0,8,99,1,0.0,0.0,34.54597854614258,28.40812110900879,1.5,0,66,-1.0,0.0,0.0,0,0,0
1780683001.7667637,0,0.3499999940395355,0,0,495,900,423158243,31,77,1.0933081995290195e-08,-5.96769282878995e-08,29.25362777709961,32.17818069458008,1,0,0.6000000238418579,0,0,1,0,0,8,0,0,0,8,99,1,0.0,0.0,34.54597854614258,28.40812110900879,1.5,0,66,-1.0,1.0,0.0,0,0,0
1780683001.786946,0,0.3499999940395355,0,0,495,900,423158243,32,77,8.527803352365027e-09,-4.6548002785584686e-08,29.25362777709961,32.17818069458008,1,0,0.6000000238418579,0,0,0,0,0,8,0,0,0,8,99,1,-8.300000190734863,0.0,34.407752990722656,28.40812110900879,1.5,0,66,-1.0,1.0,0.0,0,0,0
1780683001.8063564,0,0.3499999940395355,0,0,495,900,423158243,32,77,8.527803352365027e-09,-4.6548002785584686e-08,29.25362777709961,32.17818069458008,1,0,0.6000000238418579,0,0,0,0,0,8,0,0,0,8,99,1,-8.300000190734863,0.0,34.24175262451172,28.408123016357422,1.5,0,66,-1.0,0.0,0.0,0,0,0
1780683001.8262935,0,0.3499999940395355,0,0,495,900,423158243,32,77,8.527803352365027e-09,-4.6548002785584686e-08,29.25362777709961,32.17818069458008,1,0,0.6000000238418579,0,0,0,0,0,8,0,0,0,8,99,1,-8.300000190734863,0.0,34.07575607299805,28.40812110900879,1.5,0,66,-1.0,0.0,0.0,0,0,0
1780683001.8461823,0,0.3499999940395355,0,0,495,900,423158243,32,77,8.527803352365027e-09,-4.6548002785584686e-08,29.25362777709961,32.17818069458008,1,0,0.6000000238418579,0,0,0,0,0,8,0,0,0,8,99,1,-8.300000190734863,0.0,33.909759521484375,28.40812110900879,1.5,0,66,-1.0,0.0,0.0,0,0,0
1780683001.8663182,0,0.3499999940395355,0,0,495,900,423158243,32,77,8.527803352365027e-09,-4.6548002785584686e-08,29.25362777709961,32.17818069458008,1,0,0.6000000238418579,0,0,0,0,0,8,0,0,0,8,99,1,-8.300000190734863,0.0,33.743839263916016,28.408119201660156,1.5,0,66,-1.0,0.0,0.0,0,0,0
1780683001.8862476,0,0.3499999940395355,0,0,495,900,423158243,32,77,8.527803352365027e-09,-4.6548002785584686e-08,29.25362777709961,32.17818069458008,1,0,0.6000000238418579,0,0,0,0,0,8,0,0,0,8,99,1,-8.300000190734863,0.0,33.577754974365234,28.40812110900879,1.5,0,66,-1.0,0.0,0.0,0,0,0
1780683001.9065003,0,0.3499999940395355,0,0,495,900,423158243,32,77,8.527803352365027e-09,-4.6548002785584686e-08,29.25362777709961,32.17818069458008,1,0,0.6000000238418579,0,0,0,0,0,8,0,0,0,8,99,1,-8.300000190734863,0.0,33.4117546081543,28.40812110900879,1.5,0,66,0.0,0.0,0.0,0,0,0
1780683001.9262075,0,0.3499999940395355,0,0,495,900,423158243,32,77,8.527803352365027e-09,-4.6548002785584686e-08,29.25362777709961,32.17818069458008,1,0,0.6000000238418579,0,0,0,0,0,8,0,0,0,8,99,1,-8.300000190734863,0.0,33.2458381652832,28.408119201660156,1.5,0,66,0.0,0.0,0.0,0,0,0
1780683001.947658,0,0.3499999940395355,0,0,495,900,423158243,32,77,8.527803352365027e-09,-4.6548002785584686e-08,29.25362777709961,32.17818069458008,1,0,0.6000000238418579,0,0,0,0,0,8,0,0,0,8,99,1,0.0,0.0,33.21797561645508,28.40812110900879,1.5,0,66,0.0,0.0,0.0,0,0,0
1780683001.9670246,0,0.3499999940395355,0,0,495,900,423158243,32,77,8.527803352365027e-09,-4.6548002785584686e-08,29.25362777709961,32.17818069458008,1,0,0.6000000238418579,0,0,0,0,0,8,0,0,0,8,99,1,0.0,0.0,33.21797561645508,28.40812110900879,1.5,0,66,0.0,0.0,0.0,0,0,0
1780683001.9869413,0,0.3499999940395355,0,0,495,900,423158243,32,77,8.527803352365027e-09,-4.6548002785584686e-08,29.25362777709961,32.17818069458008,1,0,0.6000000238418579,0,0,0,0,0,8,0,0,0,8,99,1,0.0,0.0,33.21797561645508,28.408119201660156,1.5,0,66,0.0,0.0,0.0,0,0,0
1780683002.0062556,0,0.3499999940395355,0,0,495,900,423158243,32,77,8.527803352365027e-09,-4.6548002785584686e-08,29.25362777709961,32.17818069458008,1,0,0.6000000238418579,0,0,0,0,0,8,0,0,0,8,99,1,0.0,0.0,33.21797561645508,28.40812110900879,1.5,0,66,0.0,0.0,0.0,0,0,0
1780683002.0260248,0,0.3499999940395355,0,0,495,900,423158243,32,77,8.527803352365027e-09,-4.6548002785584686e-08,29.25362777709961,32.17818069458008,1,0,0.6000000238418579,0,0,0,0,0,8,0,0,0,8,99,1,0.0,0.0,33.21797561645508,28.40812110900879,1.5,0,66,0.0,0.0,0.0,0,0,0
1780683002.045588,0,0.3499999940395355,0,0,495,900,423158243,10,77,8.527803352365027e-09,-4.6548002785584686e-08,29.25362777709961,32.17818069458008,1,0,0.6000000238418579,0,0,0,0,0,8,0,0,0,8,99,1,0.0,0.0,33.21797561645508,28.408123016357422,1.5,0,66,0.0,0.0,0.0,0,0,0
1780683002.0660527,0,0.3499999940395355,0,0,495,900,423158243,10,77,8.527803352365027e-09,-1.7999992370605469,29.25362777709961,32.142181396484375,1,0,0.6000000238418579,0,0,0,0,0,8,0,0,0,8,99,1,0.0,0.0,33.21797561645508,28.40812110900879,1.5,0,66,0.0,0.0,0.0,0,0,0
1780683002.085692,0,0.3499999940395355,0,0,495,900,423158243,10,77,8.527803352365027e-09,-3.5999984741210938,29.25362777709961,32.0701789855957,1,0,0.6000000238418579,0,0,0,0,0,8,0,0,0,8,99,1,0.0,0.0,33.21797561645508,28.40812110900879,1.5,0,66,0.0,0.0,0.0,0,0,0
1780683002.1056635,0,0.3499999940395355,0,0,495,900,423158243,10,77,8.527803352365027e-09,-5.399997711181641,29.25362777709961,31.962181091308594,1,0,0.6000000238418579,0,0,0,0,0,8,0,0,0,8,99,1,0.0,0.0,33.21797561645508,28.40812110900879,1.5,0,66,0.0,0.0,0.0,0,0,0
1780683002.126086,0,0.3499999940395355,0,0,495,900,423158243,10,77,8.527803352365027e-09,-7.1999969482421875,29.25362777709961,31.81818199157715,1,0,0.6000000238418579,0,0,0,0,0,8,0,0,0,8,99,1,0.0,0.0,33.21797561645508,28.40812110900879,1.5,0,66,0.0,0.0,0.0,0,0,0
1780683002.1459384,0,0.3499999940395355,0,0,495,900,423158243,10,77,8.527803352365027e-09,-8.999996185302734,29.25362777709961,31.638181686401367,1,0,0.6000000238418579,0,0,0,0,0,8,0,0,0,8,99,1,0.0,0.0,33.21797561645508,28.40812110900879,1.5,0,66,0.0,0.0,0.0,0,0,0
1780683002.166032,0,0.3499999940395355,0,0,495,900,423158243,10,77,8.527803352365027e-09,-10.799995422363281,29.25362777709961,31.422182083129883,1,0,0.6000000238418579,0,0,0,0,0,8,0,0,0,8,99,1,0.0,0.0,33.21797561645508,28.408119201660156,1.5,0,66,0.0,0.0,0.0,0,0,0
1780683002.1858342,0,0.3499999940395355,0,0,495,900,423158243,10,77,8.527803352365027e-09,-12.599994659423828,29.25362777709961,31.170183181762695,1,0,0.6000000238418579,0,0,0,0,0,8,0,0,0,8,99,1,0.0,0.0,33.21797561645508,28.40812110900879,1.5,0,66,0.0,0.0,0.0,0,0,0
1780683002.206265,0,0.3499999940395355,0,0,495,900,423158243,10,77,8.527803352365027e-09,-14.399993896484375,29.25362777709961,30.882183074951172,1,0,0.6000000238418579,0,0,0,0,0,8,0,0,0,8,99,1,0.0,0.0,33.21797561645508,28.408123016357422,1.5,0,66,0.0,0.0,0.0,0,0,0
1780683002.2264042,0,0.3499999940395355,0,0,495,900,423158243,10,77,8.527803352365027e-09,-16.199993133544922,29.25362777709961,30.558183670043945,1,0,0.6000000238418579,0,0,0,0,0,8,0,0,0,8,99,1,0.0,0.0,33.21797561645508,28.40812110900879,1.5,0,66,0.0,0.0,0.0,0,0,0
1780683002.2462573,0,0.3499999940395355,0,0,495,900,423158243,10,77,8.527803352365027e-09,-17.99999237060547,29.25362777709961,30.198183059692383,1,0,0.6000000238418579,0,0,0,0,0,8,0,0,0,8,99,1,0.0,0.0,33.21797561645508,28.40812110900879,1.5,0,66,-1.0,0.0,0.0,0,0,0
1780683002.2668014,0,0.3499999940395355,0,0,495,900,423158243,10,77,8.527803352365027e-09,-19.799991607666016,29.25362777709961,29.802183151245117,1,0,0.6000000238418579,0,0,0,0,0,8,0,0,0,8,99,1,0.0,0.0,33.21797561645508,28.408123016357422,1.5,0,66,-1.0,0.0,0.0,0,0,0
1780683002.2864518,0,0.3499999940395355,0,0,495,900,423158243,10,77,8.527803352365027e-09,-21.599990844726562,29.25362777709961,29.37018394470215,1,0,0.6000000238418579,0,0,0,0,0,8,0,0,0,8,99,1,-8.300000190734863,0.0,33.079856872558594,28.40812110900879,1.5,0,66,-1.0,0.0,0.0,0,0,0
1780683002.305911,0,0.3499999940395355,0,0,495,900,423158243,10,77,8.527803352365027e-09,-23.39999008178711,29.25362777709961,28.902183532714844,1,0,0.6000000238418579,0,0,0,0,0,8,0,0,0,8,99,1,-8.300000190734863,0.0,32.91386032104492,28.408123016357422,1.5,0,66,-1.0,0.0,0.0,0,0,0
1780683002.3260858,0,0.3499999940395355,0,0,495,900,423158243,11,77,0.0,0.0,29.25362777709961,28.56183624267578,1,0,0.6000000238418579,0,0,0,0,0,8,0,0,0,8,99,1,-8.300000190734863,0.0,32.74786376953125,28.40812110900879,1.5,0,66,-1.0,0.0,0.0,0,1,0
1780683002.346208,0,0.3499999940395355,0,0,495,900,423158243,11,77,0.0,0.0,29.25362777709961,28.56184959411621,1,0,0.6000000238418579,0,0,0,0,0,8,0,0,0,8,99,1,-8.300000190734863,0.0,32.58186721801758,28.408119201660156,1.5,0,66,-1.0,0.0,0.0,0,1,0
1780683002.3664026,0,0.3499999940395355,0,0,495,900,423158243,11,77,0.0,0.0,29.25362777709961,28.561859130859375,1,0,0.6000000238418579,0,0,0,0,0,8,0,0,0,8,99,1,-8.300000190734863,0.0,32.41586685180664,28.40812110900879,1.5,0,66,-1.0,0.0,0.0,0,1,0
1780683002.3860369,0,0.3499999940395355,0,0,495,900,423158243,11,77,0.0,0.0,29.25362777709961,28.561864852905273,1,0,0.6000000238418579,0,0,0,0,0,8,0,0,0,8,99,1,-8.300000190734863,0.0,32.24987030029297,28.40812110900879,1.5,0,66,-1.0,0.0,0.0,0,1,0
1780683002.4063754,0,0.3499999940395355,0,0,495,900,423158243,11,77,0.0,0.0,29.25362777709961,28.56186866760254,1,0,0.6000000238418579,0,0,0,0,0,8,0,0,0,8,99,1,-8.300000190734863,0.0,32.0838737487793,28.40812110900879,1.5,0,66,-1.0,0.0,0.0,0,1,0
1780683002.426271,0,0.3499999940395355,0,0,495,900,423158243,11,77,0.0,0.0,29.25362777709961,28.561870574951172,1,0,0.6000000238418579,0,0,0,0,0,8,0,0,0,8,99,1,-8.300000190734863,0.0,31.917789459228516,28.40812110900879,1.5,0,66,-1.0,0.0,0.0,0,1,0
1780683002.4463606,0,0.3499999940395355,0,0,495,900,423158243,11,77,0.0,0.0,29.25362777709961,28.561870574951172,1,0,0.6000000238418579,0,0,0,0,0,8,0,0,0,8,99,1,-8.300000190734863,0.0,31.751789093017578,28.40812110900879,1.5,0,66,-1.0,0.0,0.0,0,1,0
1780683002.4659107,0,0.3499999940395355,0,0,495,900,423158243,11,77,0.0,0.0,29.25362777709961,28.561870574951172,1,0,0.6000000238418579,0,0,0,0,0,8,0,0,0,8,99,1,-8.300000190734863,0.0,31.585792541503906,28.40812110900879,1.5,0,66,-1.0,0.0,0.0,0,0,0
1780683002.4858985,0,0.3499999940395355,0,0,495,900,423158243,11,77,0.0,0.0,29.25362777709961,28.561870574951172,0,0,0.6000000238418579,0,0,0,0,0,8,0,0,0,8,99,1,0.0,0.0,31.419790267944336,28.40812110900879,1.5,0,66,1.0,0.0,0.0,0,0,0
1780683002.50617,0,0.3499999940395355,0,0,495,900,423158243,11,77,0.0,0.0,29.25362777709961,28.561870574951172,0,0,0.6000000238418579,0,0,0,0,0,8,0,0,0,8,99,1,0.0,0.0,31.391971588134766,28.40812110900879,1.5,0,66,0.0,0.0,0.0,0,0,0
1780683002.5259852,0,0.3499999940395355,0,0,495,900,423158243,11,77,0.0,0.0,29.25362777709961,28.561870574951172,0,0,0.6000000238418579,0,0,0,0,0,8,0,0,0,8,99,1,0.0,0.0,31.391971588134766,28.408119201660156,1.5,0,66,0.0,0.0,0.0,0,0,0
1780683002.5459485,0,0.3499999940395355,0,0,495,900,423158243,11,77,0.0,0.0,29.25362777709961,28.561870574951172,0,0,0.6000000238418579,0,0,0,0,0,8,0,0,0,8,99,1,0.0,0.0,31.391971588134766,28.40812110900879,1.5,0,66,0.0,0.0,0.0,0,0,0
1780683002.5662446,0,0.3499999940395355,0,0,495,900,423158243,69,77,0.0,0.0,29.25362777709961,28.561870574951172,0,0,0.6000000238418579,0,0,0,0,0,8,0,0,0,8,99,1,0.0,0.0,31.391971588134766,28.40812110900879,1.5,0,66,0.0,0.0,0.0,0,0,0
1780683002.585748,0,0.3499999940395355,0,0,495,900,423158243,69,77,0.0,0.0,29.25362777709961,28.561870574951172,0,0,0.6000000238418579,0,0,0,0,0,8,0,0,0,8,99,1,2.0,0.0,31.391971588134766,28.40812110900879,1.5,0,33,0.0,0.0,0.0,0,0,0
1780683002.6056325,0,0.3499999940395355,0,0,465,900,423158243,69,77,0.0,0.0,29.25362777709961,28.561870574951172,0,0,0.6000000238418579,0,0,0,0,0,8,0,0,0,8,99,1,2.0,0.0,31.425268173217773,28.40812110900879,1.5,0,33,0.0,0.0,0.0,0,0,0
1780683002.6258867,0,0.3499999940395355,0,0,465,900,423158243,69,77,0.0,0.0,28.803627014160156,28.561870574951172,0,0,0.6000000238418579,0,0,0,0,0,8,0,0,0,8,99,1,2.0,0.0,31.465269088745117,28.40812110900879,1.5,0,33,0.0,0.0,0.0,0,0,0
1780683002.6460083,0,0.3499999940395355,0,0,465,900,423158243,69,77,0.0,0.0,28.353626251220703,28.561870574951172,0,0,0.6000000238418579,0,0,0,0,0,8,0,0,0,8,99,1,2.0,0.0,31.505271911621094,28.408123016357422,1.5,0,33,0.0,0.0,0.0,0,0,0
1780683002.6656797,0,0.3499999940395355,0,0,465,900,423158243,69,77,0.0,0.0,27.90362548828125,28.561870574951172,0,0,0.6000000238418579,0,0,0,0,0,8,0,0,0,8,99,1,2.0,0.0,31.545272827148438,28.40812110900879,1.5,0,33,0.0,0.0,0.0,0,0,0
1780683002.6857262,0,0.3499999940395355,0,0,465,900,423158243,69,77,0.0,0.0,27.453624725341797,28.561870574951172,0,0,0.6000000238418579,0,0,0,0,0,8,0,0,0,8,99,1,2.0,0.0,31.58527374267578,28.40812110900879,1.5,0,33,0.0,0.0,0.0,0,0,0
1780683002.705656,0,0.3499999940395355,0,0,465,900,423158243,69,77,0.0,0.0,27.003623962402344,28.561870574951172,0,0,0.6000000238418579,0,0,0,0,0,8,0,0,0,8,99,1,2.0,0.0,31.625274658203125,28.40812110900879,1.5,0,33,0.0,0.0,0.0,0,0,0
1780683002.7261598,0,0.3499999940395355,0,0,465,900,423158243,69,77,0.0,0.0,26.55362319946289,28.561870574951172,0,0,0.6000000238418579,0,0,0,0,0,8,0,0,0,8,99,1,2.0,0.0,31.665254592895508,28.40812110900879,1.5,0,33,0.0,0.0,0.0,0,0,0
1780683002.7456803,0,0.3499999940395355,0,0,465,900,423158243,69,77,0.0,0.0,26.103622436523438,28.561870574951172,0,0,0.6000000238418579,0,0,0,0,0,8,0,0,0,8,99,1,2.0,0.0,31.70525360107422,28.40812110900879,1.5,0,33,0.0,0.0,0.0,0,0,0
1780683002.7655625,0,0.3499999940395355,0,0,465,900,423158243,69,77,0.0,0.0,25.653621673583984,28.561870574951172,0,0,0.6000000238418579,0,0,0,0,0,8,0,0,0,8,99,1,2.0,0.0,31.745254516601562,28.408119201660156,1.5,0,33,0.0,0.0,0.0,0,0,0
1780683002.7859335,0,0.3499999940395355,0,0,465,900,423158243,69,77,0.0,0.0,25.653621673583984,28.561870574951172,0,0,0.6000000238418579,0,0,0,0,0,8,0,0,0,8,99,1,2.0,0.0,31.785276412963867,28.40812110900879,1.5,0,33,0.0,0.0,0.0,0,0,0
1780683002.805781,0,0.3499999940395355,0,0,465,900,423158243,69,77,0.0,0.0,25.653621673583984,28.561870574951172,0,0,0.6000000238418579,0,0,0,0,0,8,0,0,0,8,99,1,2.0,0.0,31.82527732849121,28.408119201660156,1.5,0,33,0.0,0.0,0.0,0,0,0
1780683002.8258421,0,0.3499999940395355,0,0,465,900,423158243,45,77,-8.0,0.0,25.653621673583984,28.561870574951172,0,0,0.6000000238418579,0,0,0,0,0,8,0,0,0,8,99,1,2.0,0.0,31.865278244018555,28.40812110900879,1.5,0,33,0.0,0.0,0.0,0,0,0
1780683002.845852,0,0.3499999940395355,0,0,465,900,423158243,45,77,-8.0,0.0,25.493621826171875,28.561870574951172,0,0,0.6000000238418579,0,0,0,0,0,8,0,0,0,8,99,1,2.0,0.0,31.9052791595459,28.40812110900879,1.5,0,33,0.0,0.0,0.0,0,0,0
1780683002.865939,0,0.3499999940395355,0,0,465,900,423158243,45,77,-8.0,0.0,25.333621978759766,28.561870574951172,0,0,0.6000000238418579,0,0,0,0,0,8,0,0,0,8,99,1,2.0,0.0,31.94527816772461,28.408119201660156,1.5,0,33,0.0,0.0,0.0,0,0,0
1780683002.8857265,0,0.3499999940395355,0,0,465,900,423158243,45,77,-8.0,0.0,25.173622131347656,28.561870574951172,1,0,0.6000000238418579,0,0,0,0,0,8,0,0,0,8,99,1,2.0,0.0,31.985279083251953,28.408119201660156,1.5,0,33,0.0,0.0,0.0,0,0,0
1780683002.9056644,0,0.3499999940395355,0,0,465,900,423158243,45,77,-8.0,0.0,25.013622283935547,28.561870574951172,1,0,0.6000000238418579,0,0,0,0,0,8,0,0,0,8,99,1,0.0,0.0,31.991985321044922,28.408119201660156,1.5,0,33,0.0,0.0,0.0,0,0,0
1780683002.9258068,0,0.3499999940395355,0,0,465,900,423158243,45,77,-8.0,0.0,24.853622436523438,28.561870574951172,1,0,0.6000000238418579,0,0,0,0,0,8,0,0,0,8,99,1,0.0,0.0,31.991985321044922,28.40812110900879,1.5,0,33,0.0,0.0,0.0,0,0,0
1780683002.9459307,0,0.3499999940395355,0,0,465,900,423158243,45,77,-8.0,0.0,24.693622589111328,28.561870574951172,1,0,0.6000000238418579,0,0,0,0,0,8,0,0,0,8,99,1,0.0,0.0,31.991985321044922,28.408119201660156,1.5,0,33,0.0,0.0,0.0,0,1,0
1780683002.9657888,0,0.3499999940395355,0,0,465,900,423158243,45,77,-8.0,0.0,24.53362274169922,28.561870574951172,1,0,0.6000000238418579,0,0,0,0,0,8,0,0,0,8,99,1,0.0,0.0,31.991985321044922,28.408123016357422,1.5,0,33,0.0,0.0,0.0,0,1,0
1780683002.985662,0,0.3499999940395355,0,0,465,900,423158243,45,77,-8.0,0.0,24.37362289428711,28.561870574951172,1,0,0.6000000238418579,0,0,0,0,0,8,0,0,0,8,99,1,0.0,0.0,31.991985321044922,28.408123016357422,1.5,0,33,0.0,0.0,0.0,0,1,0
1780683003.0057535,0,0.3499999940395355,0,0,465,900,423158243,45,77,-8.0,0.0,24.213623046875,28.561870574951172,1,0,0.6000000238418579,0,0,0,0,0,8,0,0,0,8,99,1,0.0,0.0,31.991985321044922,28.408123016357422,1.5,0,33,0.0,0.0,0.0,0,1,0
1780683003.025899,0,0.3499999940395355,0,0,465,900,423158243,45,77,-8.0,0.0,24.05362319946289,28.561870574951172,1,0,0.6000000238418579,0,0,0,0,0,8,0,0,0,8,99,1,0.0,0.0,31.991985321044922,28.40812110900879,1.5,0,33,0.0,0.0,0.0,0,1,0
1780683003.0455854,0,0.3499999940395355,0,0,465,900,423158243,45,77,-8.0,0.0,23.89362335205078,28.561870574951172,1,0,0.6000000238418579,0,0,0,0,0,8,0,0,0,8,99,1,0.0,0.0,31.991985321044922,28.40812110900879,1.5,0,33,0.0,0.0,0.0,0,1,0
1780683003.0658774,0,0.3499999940395355,0,0,465,900,423158243,45,77,-8.0,0.0,23.733623504638672,28.561870574951172,1,0,0.6000000238418579,0,0,0,0,0,8,0,0,0,8,99,1,0.0,0.0,31.991985321044922,28.40812110900879,1.5,0,33,0.0,0.0,0.0,0,0,0
1780683003.085697,0,0.3499999940395355,0,0,465,900,423158243,45,77,-8.0,0.0,23.573623657226562,28.561870574951172,0,0,0.6000000238418579,0,0,0,0,0,8,0,0,0,8,99,1,0.0,0.0,31.991985321044922,28.40812110900879,1.5,0,33,0.0,0.0,0.0,0,0,0
1780683003.1058233,0,0.3499999940395355,0,0,465,900,423158243,45,77,-8.0,0.0,23.413623809814453,28.561870574951172,0,0,0.6000000238418579,0,0,0,0,0,8,0,0,0,8,99,1,0.0,0.0,31.991985321044922,28.40812110900879,1.5,0,33,0.0,0.0,0.0,0,0,0
1780683003.1261365,0,0.3499999940395355,0,0,465,900,423158243,45,77,-8.0,0.0,23.253623962402344,28.561870574951172,0,0,0.6000000238418579,0,0,0,0,0,8,0,0,0,8,99,1,0.0,0.0,31.991985321044922,28.408119201660156,1.5,0,33,0.0,0.0,0.0,0,0,0
1780683003.146102,0,0.3499999940395355,0,0,465,900,423158243,45,77,-8.0,0.0,23.093624114990234,28.561870574951172,0,0,0.6000000238418579,0,0,0,0,0,8,0,0,0,8,99,1,0.0,0.0,31.991985321044922,28.40812110900879,1.5,0,33,0.0,0.0,0.0,0,0,0
1780683003.165917,0,0.3499999940395355,0,0,465,900,423158243,45,77,-8.0,0.0,22.933624267578125,28.561870574951172,0,0,0.6000000238418579,0,0,0,0,0,8,0,0,0,8,99,1,0.0,0.0,31.991985321044922,28.40812110900879,1.5,0,33,0.0,0.0,0.0,0,0,0
1780683003.1856253,0,0.3499999940395355,0,0,465,900,423158243,45,77,-8.0,0.0,22.773624420166016,28.561870574951172,0,0,0.6000000238418579,0,0,0,0,0,8,0,0,0,8,99,1,0.0,0.0,31.991985321044922,28.40812110900879,1.5,0,0,0.0,0.0,0.0,0,0,0
1780683003.2060528,0,0.3499999940395355,0,0,465,900,423158243,45,77,-8.0,0.0,22.613624572753906,28.561870574951172,0,0,0.6000000238418579,0,0,0,0,0,8,0,0,0,8,99,1,2.0,0.0,32.02527618408203,28.408123016357422,1.5,0,0,0.0,0.0,0.0,0,0,0
1780683003.226414,0,0.3499999940395355,0,0,465,900,423158243,45,77,-8.0,0.0,22.453624725341797,28.561870574951172,0,0,0.6000000238418579,0,0,0,0,0,8,0,0,0,8,99,1,2.0,0.0,32.065277099609375,28.40812110900879,1.5,0,0,0.0,0.0,0.0,0,0,0
1780683003.2457795,0,0.3499999940395355,0,0,465,900,423158243,45,77,-8.0,0.0,22.293624877929688,28.561870574951172,0,0,0.6000000238418579,0,0,0,0,0,8,0,0,0,8,99,1,2.0,0.0,32.10527801513672,28.40812110900879,1.5,0,0,0.0,0.0,0.0,0,0,0
1780683003.265647,0,0.3499999940395355,0,0,465,900,423158243,45,77,-8.0,0.0,22.133625030517578,28.561870574951172,0,0,0.6000000238418579,0,0,0,0,0,8,0,0,0,8,99,1,2.0,0.0,32.1252555847168,28.408119201660156,1.5,0,0,0.0,0.0,0.0,0,0,0
1780683003.2860231,0,0.3499999940395355,0,0,435,900,423158243,7,77,0.0,0.0,21.97362518310547,28.561870574951172,0,0,0.6000000238418579,0,0,0,0,0,8,0,0,0,8,99,1,2.0,0.0,32.185279846191406,28.40812110900879,1.5,0,0,0.0,0.0,0.0,0,0,0
1780683003.3060358,0,0.3499999940395355,0,0,435,900,423158243,7,77,0.0,0.0,21.523624420166016,28.561870574951172,0,0,0.6000000238418579,0,0,0,0,0,8,0,0,0,8,99,1,2.0,0.0,32.22528076171875,28.40812110900879,1.5,0,0,0.0,0.0,0.0,0,0,0
1780683003.3260436,0,0.3499999940395355,0,0,435,900,423158243,7,77,0.0,0.0,21.073623657226562,28.561870574951172,0,0,0.6000000238418579,0,0,0,0,0,8,0,0,0,8,99,1,2.0,0.0,32.265281677246094,28.40812110900879,1.5,0,0,0.0,0.0,0.0,0,0,0
1780683003.346477,0,0.3499999940395355,0,0,435,900,423158243,7,77,0.0,0.0,20.62362289428711,28.561870574951172,0,0,0.6000000238418579,0,0,0,0,0,8,0,0,0,8,99,1,2.0,0.0,32.30527877807617,28.40812110900879,1.5,0,0,0.0,0.0,0.0,0,0,0
1780683003.3661926,0,0.3499999940395355,0,0,435,900,423158243,7,77,0.0,0.0,20.173622131347656,28.561870574951172,0,0,0.6000000238418579,0,0,0,0,0,8,0,0,0,8,99,1,2.0,0.0,32.34526062011719,28.40812110900879,1.5,0,0,0.0,0.0,0.0,0,0,0
1780683003.3859818,0,0.3499999940395355,0,0,435,900,423158243,7,77,0.0,0.0,19.723621368408203,28.561870574951172,0,0,0.6000000238418579,0,0,0,0,0,8,0,0,0,8,99,1,2.0,0.0,32.385284423828125,28.40812110900879,1.5,0,0,0.0,0.0,0.0,0,0,0
1780683003.405989,0,0.3499999940395355,0,0,435,900,423158243,7,77,0.0,0.0,19.27362060546875,28.561870574951172,0,0,0.6000000238418579,0,0,0,0,0,8,0,0,0,8,99,1,2.0,0.0,32.42528533935547,28.40812110900879,1.5,0,0,0.0,0.0,0.0,0,0,0
1780683003.426234,0,0.3499999940395355,0,0,435,900,423158243,7,77,0.0,0.0,18.823619842529297,28.561870574951172,0,0,0.6000000238418579,0,0,0,0,0,8,0,0,0,8,99,1,2.0,0.0,32.46528625488281,28.40812110900879,1.5,0,0,0.0,0.0,0.0,0,0,0
1780683003.445957,0,0.3499999940395355,0,0,435,900,423158243,7,77,0.0,0.0,18.373619079589844,28.561870574951172,0,0,0.6000000238418579,0,0,0,0,0,8,0,0,0,8,99,1,2.0,0.0,32.505287170410156,28.40812110900879,1.5,0,0,0.0,0.0,0.0,0,0,0
1780683003.4662578,0,0.3499999940395355,0,0,435,900,423158243,7,77,0.0,0.0,18.373619079589844,28.561870574951172,0,0,0.6000000238418579,0,0,0,0,0,8,0,0,0,8,99,1,2.0,0.0,32.54526901245117,28.40812110900879,1.5,0,0,0.0,0.0,0.0,0,0,0
1780683003.4859214,0,0.3499999940395355,0,0,405,900,423158243,7,77,0.0,0.0,18.373619079589844,28.561870574951172,1,0,0.6000000238418579,0,0,0,0,0,8,0,0,0,8,99,1,2.0,0.0,32.585269927978516,28.40812110900879,1.5,0,0,-1.0,0.0,0.0,0,0,0
1780683003.5061605,0,0.3499999940395355,0,0,405,900,423158243,7,77,0.0,0.0,17.92361831665039,28.561870574951172,1,0,0.6000000238418579,0,0,0,0,0,8,0,0,0,8,99,1,0.0,0.0,32.59199905395508,28.40812110900879,1.5,0,0,-1.0,0.0,0.0,0,0,0
1780683003.5259268,0,0.3499999940395355,0,0,405,900,423158243,7,77,0.0,0.0,17.473617553710938,28.561870574951172,1,0,0.6000000238418579,0,0,0,0,0,8,0,0,0,8,99,1,0.0,0.0,32.59199905395508,28.408123016357422,1.5,0,0,-1.0,0.0,0.0,0,0,0
1780683003.5467622,0,0.3499999940395355,0,0,405,900,423158243,7,77,0.0,0.0,17.023616790771484,28.561870574951172,1,0,0.6000000238418579,0,0,0,0,0,8,0,0,0,8,99,1,-8.300000190734863,0.0,32.45383834838867,28.408123016357422,1.5,0,0,-1.0,0.0,0.0,0,0,0
1780683003.5663478,0,0.3499999940395355,0,0,405,900,423158243,7,77,0.0,0.0,16.57361602783203,28.561870574951172,1,0,0.6000000238418579,0,0,0,0,0,8,0,0,0,8,99,1,-8.300000190734863,0.0,32.28791809082031,28.40812110900879,1.5,0,0,-1.0,0.0,0.0,0,0,0
1780683003.5867186,0,0.3499999940395355,0,0,405,900,423158243,7,77,0.0,0.0,16.123615264892578,28.561870574951172,1,0,0.6000000238418579,0,0,0,0,0,8,0,0,0,8,99,1,-8.300000190734863,0.0,32.1218376159668,28.408123016357422,1.5,0,0,-1.0,0.0,0.0,0,0,0
1780683003.6060226,0,0.3499999940395355,0,0,405,900,423158243,10,77,17.37725067138672,41.0,15.673615455627441,28.561870574951172,1,0,0.6000000238418579,0,0,0,0,0,8,0,0,0,8,99,1,-8.300000190734863,0.0,31.95583724975586,28.408123016357422,1.5,0,0,-1.0,0.0,0.0,0,0,0
1780683003.6261609,0,0.3499999940395355,0,0,405,900,423158243,10,77,17.37725067138672,39.20000076293945,15.929887771606445,29.345874786376953,1,0,0.6000000238418579,0,0,0,0,0,8,0,0,0,8,99,1,-8.300000190734863,0.0,31.789836883544922,28.40812110900879,1.5,0,0,-1.0,0.0,0.0,0,0,0
1780683003.6461468,0,0.3499999940395355,0,0,405,900,423158243,10,77,17.37725067138672,37.400001525878906,16.277433395385742,30.093873977661133,1,0,0.6000000238418579,0,0,0,0,0,8,0,0,0,8,99,1,-8.300000190734863,0.0,31.62383270263672,28.40812110900879,1.5,0,0,-1.0,0.0,0.0,0,0,0
1780683003.6660516,0,0.3499999940395355,0,0,405,900,423158243,10,77,17.37725067138672,35.60000228881836,16.62497901916504,30.80587387084961,1,0,0.6000000238418579,0,0,0,0,0,8,0,0,0,8,99,1,-8.300000190734863,0.0,31.45791244506836,28.40812110900879,1.5,0,0,-1.0,0.0,0.0,0,0,0
1780683003.68603,0,0.3499999940395355,0,0,405,900,423158243,10,77,17.37725067138672,33.80000305175781,16.972524642944336,31.481874465942383,1,0,0.6000000238418579,0,0,0,0,0,8,0,0,0,8,99,1,-8.300000190734863,0.0,31.291915893554688,28.40812110900879,1.5,0,0,-1.0,0.0,0.0,0,0,0
1780683003.7058747,0,0.3499999940395355,0,0,405,900,423158243,10,77,17.37725067138672,32.000003814697266,17.320070266723633,32.12187194824219,1,0,0.6000000238418579,0,0,0,0,0,8,0,0,0,8,99,1,-8.300000190734863,0.0,31.125919342041016,28.40812110900879,1.5,0,0,-1.0,0.0,0.0,0,0,0
1780683003.7262633,0,0.3499999940395355,0,0,405,900,423158243,10,77,17.37725067138672,30.20000457763672,17.66761589050293,32.72587203979492,1,0,0.6000000238418579,0,0,0,0,0,8,0,0,0,8,99,1,-8.300000190734863,0.0,30.959835052490234,28.40812110900879,1.5,0,0,-1.0,0.0,0.0,0,0,0
1780683003.7462108,0,0.3499999940395355,0,0,405,900,423158243,10,77,17.37725067138672,28.400005340576172,18.015161514282227,33.29387283325195,1,0,0.6000000238418579,0,0,0,0,0,8,0,0,0,8,99,1,-8.300000190734863,0.0,30.793825149536133,28.40812110900879,1.5,0,0,-1.0,0.0,0.0,0,0,0
1780683003.766202,0,0.3499999940395355,0,0,405,900,423158243,10,77,17.37725067138672,26.600006103515625,18.362707138061523,33.82587432861328,1,0,0.6000000238418579,0,0,0,0,0,8,0,0,0,8,99,1,-8.300000190734863,0.0,30.627906799316406,28.40812110900879,1.5,0,0,-1.0,0.0,0.0,0,0,0
1780683003.7858963,0,0.3499999940395355,0,0,405,900,423158243,10,77,17.37725067138672,24.800006866455078,18.71025276184082,34.32187271118164,1,0,0.6000000238418579,0,0,0,0,0,8,0,0,0,8,99,1,-8.300000190734863,0.0,30.46190643310547,28.40812110900879,1.5,0,0,-1.0,0.0,0.0,0,0,0
1780683003.8056028,0,0.3499999940395355,0,0,405,900,423158243,10,77,17.37725067138672,23.00000762939453,19.057798385620117,34.7818717956543,1,0,0.6000000238418579,0,0,0,0,0,8,0,0,0,8,99,1,-8.300000190734863,0.0,30.295907974243164,28.40812110900879,1.5,0,0,-1.0,0.0,0.0,0,0,0
1780683003.8260605,0,0.3499999940395355,0,0,405,900,423158243,10,77,17.37725067138672,21.200008392333984,19.405344009399414,35.20587158203125,1,0,0.6000000238418579,0,0,0,0,0,8,0,0,0,8,99,1,-8.300000190734863,0.0,30.129819869995117,28.408119201660156,1.5,0,0,-1.0,0.0,0.0,0,0,0
1780683003.8461883,0,0.3499999940395355,0,0,405,900,423158243,10,77,17.37725067138672,19.400009155273438,19.75288963317871,35.5938720703125,1,0,0.6000000238418579,0,0,0,0,0,8,0,0,0,8,99,1,-8.300000190734863,0.0,29.963825225830078,28.408119201660156,1.5,0,0,-1.0,0.0,0.0,0,0,0
1780683003.865792,0,0.3499999940395355,0,0,405,900,423158243,10,77,17.37725067138672,17.60000991821289,20.100435256958008,35.94587326049805,1,0,0.6000000238418579,0,0,0,0,0,8,0,0,0,8,99,1,-8.300000190734863,0.0,29.79790496826172,28.408123016357422,1.5,0,0,-1.0,0.0,0.0,0,0,0
1780683003.885825,0,0.3499999940395355,0,0,405,900,423158243,10,77,17.37725067138672,15.800010681152344,20.447980880737305,36.26187515258789,1,0,0.6000000238418579,0,0,0,0,0,8,0,0,0,8,99,1,-8.300000190734863,0.0,29.63190460205078,28.40812110900879,1.5,0,0,-1.0,0.0,0.0,0,0,0
1780683003.905695,0,0.3499999940395355,0,0,405,900,423158243,10,77,17.37725067138672,14.000011444091797,20.7955265045166,36.541873931884766,1,0,0.6000000238418579,0,0,0,0,0,8,0,0,0,8,99,1,-8.300000190734863,0.0,29.465909957885742,28.408123016357422,1.5,0,0,-1.0,0.0,0.0,0,0,0
1780683003.9260833,0,0.3499999940395355,0,0,405,900,423158243,10,77,17.37725067138672,12.20001220703125,21.1430721282959,36.78587341308594,1,0,0.6000000238418579,0,0,0,0,0,8,0,0,0,8,99,1,-8.300000190734863,0.0,29.299911499023438,28.40812110900879,1.5,0,0,-1.0,0.0,0.0,0,0,0
1780683003.9459572,0,0.3499999940395355,0,0,405,900,423158243,14,77,0.0,0.0,21.490617752075195,36.993873596191406,1,0,0.6000000238418579,0,0,0,0,0,8,0,0,0,8,99,1,-8.300000190734863,0.0,29.1339111328125,28.40812110900879,1.5,0,0,-1.0,0.0,0.0,0,0,0
1780683003.9662592,0,0.3499999940395355,0,0,405,900,423158243,14,77,0.0,0.0,21.490617752075195,36.993873596191406,1,0,0.6000000238418579,0,0,0,0,0,8,0,0,0,8,99,1,-8.300000190734863,0.0,28.967914581298828,28.40812110900879,1.5,0,0,-1.0,0.0,0.0,0,0,0
1780683003.9867027,0,0.3499999940395355,0,0,405,900,423158243,14,77,0.0,0.0,21.490617752075195,36.993873596191406,1,0,0.6000000238418579,0,0,0,0,0,8,0,0,0,8,99,1,-8.300000190734863,0.0,28.801908493041992,28.40812110900879,1.5,0,0,-1.0,0.0,0.0,0,0,0
1780683004.006196,0,0.3499999940395355,0,0,405,900,423158243,14,77,0.0,0.0,21.490617752075195,36.993873596191406,1,0,0.6000000238418579,0,0,0,0,0,8,0,0,0,8,99,1,-8.300000190734863,0.0,28.635822296142578,28.408119201660156,1.5,0,0,-1.0,0.0,0.0,0,0,0
1780683004.0258455,0,0.3499999940395355,0,0,405,900,423158243,14,77,0.0,0.0,21.490617752075195,36.993873596191406,1,0,0.6000000238418579,0,0,0,0,0,8,0,0,0,8,99,1,-8.300000190734863,0.0,28.469823837280273,28.40812110900879,1.5,0,0,-1.0,0.0,0.0,0,0,0
1780683004.0457335,0,0.3499999940395355,0,0,405,900,423158243,14,77,0.0,0.0,21.490617752075195,36.993873596191406,1,0,0.6000000238418579,0,0,0,0,0,8,0,0,0,8,99,1,-8.300000190734863,0.0,28.303829193115234,28.408119201660156,1.5,0,0,-1.0,0.0,0.0,0,0,0
1780683004.0656278,0,0.3499999940395355,0,0,405,900,423158243,14,77,0.0,0.0,21.490617752075195,36.993873596191406,1,0,0.6000000238418579,0,0,0,0,0,8,0,0,0,8,99,1,-8.300000190734863,0.0,28.137908935546875,28.40812110900879,1.5,0,0,-1.0,0.0,0.0,0,0,0
1780683004.085498,0,0.3499999940395355,0,0,405,900,423158243,14,77,0.0,0.0,21.490617752075195,36.993873596191406,1,0,0.6000000238418579,0,0,0,0,0,8,0,0,0,8,99,1,-8.300000190734863,0.0,27.97191047668457,28.40812110900879,1.5,0,0,-1.0,0.0,0.0,0,0,0
1780683004.105597,0,0.3499999940395355,0,0,405,900,423158243,14,77,0.0,0.0,21.490617752075195,36.993873596191406,1,0,0.6000000238418579,0,0,0,0,0,8,0,0,0,8,99,1,-8.300000190734863,0.0,27.805831909179688,28.40812110900879,1.5,0,0,-1.0,0.0,0.0,0,0,0
1780683004.1261299,0,0.3499999940395355,0,0,405,900,423158243,14,77,0.0,0.0,21.490617752075195,36.993873596191406,1,0,0.6000000238418579,0,0,0,0,0,8,0,0,0,8,99,1,-8.300000190734863,0.0,27.63983154296875,28.408123016357422,1.5,0,0,-1.0,0.0,0.0,0,0,0
1780683004.1458368,0,0.3499999940395355,0,0,405,900,423158243,14,77,0.0,0.0,21.490617752075195,36.993873596191406,1,0,0.6000000238418579,0,0,0,0,0,8,0,0,0,8,99,1,-8.300000190734863,0.0,27.473831176757812,28.40812110900879,1.5,0,0,-1.0,0.0,0.0,0,0,0
1780683004.1659229,0,0.3499999940395355,0,0,405,900,423158243,14,77,0.0,0.0,21.490617752075195,36.993873596191406,1,0,0.6000000238418579,0,0,0,0,0,8,0,0,0,8,99,1,-8.300000190734863,0.0,27.307912826538086,28.40812110900879,1.5,0,0,-1.0,0.0,0.0,0,0,0
1780683004.1857011,0,0.3499999940395355,0,0,405,900,423158243,14,77,0.0,0.0,21.490617752075195,36.993873596191406,1,0,0.6000000238418579,0,0,0,0,0,8,0,0,0,8,99,1,-8.300000190734863,0.0,27.14191436767578,28.40812110900879,1.5,0,0,-1.0,0.0,0.0,0,0,0
1780683004.2056856,0,0.3499999940395355,0,0,405,900,423158243,14,77,0.0,0.0,21.490617752075195,36.993873596191406,1,0,0.6000000238418579,0,0,0,0,0,8,0,0,0,8,99,1,-8.300000190734863,0.0,26.97591781616211,28.408119201660156,1.5,0,0,-1.0,0.0,0.0,0,0,0
1780683004.2257743,0,0.3499999940395355,0,0,405,900,423158243,14,77,0.0,0.0,21.490617752075195,36.993873596191406,1,0,0.6000000238418579,0,0,0,0,0,8,0,0,0,8,99,1,-8.300000190734863,0.0,26.809921264648438,28.40812110900879,1.5,0,0,-1.0,0.0,0.0,0,0,0
1780683004.245936,0,0.3499999940395355,0,0,405,900,423158243,14,77,0.0,0.0,21.490617752075195,36.993873596191406,1,0,0.6000000238418579,0,0,0,0,0,8,0,0,0,8,99,1,-8.300000190734863,0.0,26.6439208984375,28.40812110900879,1.5,0,0,-1.0,0.0,0.0,0,0,0
1780683004.265733,0,0.3499999940395355,0,0,405,900,423158243,14,77,0.0,0.0,21.490617752075195,36.993873596191406,1,0,0.6000000238418579,0,0,0,0,0,8,0,0,0,8,99,1,-8.300000190734863,0.0,26.477920532226562,28.40812110900879,1.5,0,0,-1.0,0.0,0.0,0,0,0
1780683004.2857969,0,0.3499999940395355,0,0,405,900,423158243,14,77,0.0,0.0,21.490617752075195,36.993873596191406,1,0,0.6000000238418579,0,0,0,0,0,8,0,0,0,8,99,1,-8.300000190734863,0.0,26.311920166015625,28.408119201660156,1.5,0,0,-1.0,0.0,0.0,0,0,0
1780683004.3056927,0,0.3499999940395355,0,0,405,900,423158243,14,77,0.0,0.0,21.490617752075195,36.993873596191406,1,0,0.6000000238418579,0,0,0,0,0,8,0,0,0,8,99,1,-8.300000190734863,0.0,26.145925521850586,28.40812110900879,1.5,0,0,-1.0,0.0,0.0,0,0,0
1780683004.3260438,0,0.3499999940395355,0,0,405,900,423158243,14,77,0.0,0.0,21.490617752075195,36.993873596191406,1,0,0.6000000238418579,0,0,0,0,0,8,0,0,0,8,99,1,-8.300000190734863,0.0,25.979839324951172,28.40812110900879,1.5,0,0,-1.0,0.0,0.0,0,0,0
1780683004.345981,0,0.3499999940395355,0,0,405,900,423158243,14,77,0.0,0.0,21.490617752075195,36.993873596191406,1,0,0.6000000238418579,0,0,0,0,0,8,0,0,0,8,99,1,-8.300000190734863,0.0,25.813840866088867,28.40812110900879,1.5,0,0,-1.0,0.0,0.0,0,0,0
1780683004.3657193,0,0.3499999940395355,0,0,405,900,423158243,14,77,0.0,0.0,21.490617752075195,36.993873596191406,1,0,0.6000000238418579,0,0,0,0,0,8,0,0,0,8,99,1,-8.300000190734863,0.0,25.64792251586914,28.40812110900879,1.5,0,0,-1.0,0.0,0.0,0,0,0
1780683004.385594,0,0.3499999940395355,0,0,405,900,423158243,14,77,0.0,0.0,21.490617752075195,36.993873596191406,1,0,0.6000000238418579,0,0,0,0,0,8,0,0,0,8,99,1,-8.300000190734863,0.0,25.48192024230957,28.40812110900879,1.5,0,0,-1.0,0.0,0.0,0,0,0
1780683004.4056106,0,0.3499999940395355,0,0,405,900,423158243,15,77,19.312440872192383,-22.957124710083008,21.490617752075195,36.993873596191406,1,0,0.6000000238418579,0,0,0,0,0,8,0,0,0,8,99,1,-8.300000190734863,0.0,25.315841674804688,28.40812110900879,1.5,0,0,-1.0,0.0,0.0,0,0,0
1780683004.4259334,0,0.3499999940395355,0,0,405,900,423158243,15,77,19.312440872192383,-22.957124710083008,21.876867294311523,36.534732818603516,1,0,0.6000000238418579,0,0,0,0,0,8,0,0,0,8,99,1,-8.300000190734863,0.0,25.14992332458496,28.408119201660156,1.5,0,0,-1.0,0.0,0.0,0,0,0
1780683004.446193,0,0.3499999940395355,0,0,405,900,423158243,15,77,19.312440872192383,-22.957124710083008,22.26311683654785,36.075592041015625,1,0,0.6000000238418579,0,0,0,0,0,8,0,0,0,8,99,1,-8.300000190734863,0.0,24.983924865722656,28.408119201660156,1.5,0,0,-1.0,0.0,0.0,0,0,0
1780683004.4662323,0,0.3499999940395355,0,0,405,900,423158243,15,77,19.312440872192383,-22.957124710083008,22.64936637878418,35.616451263427734,1,0,0.6000000238418579,0,0,0,0,0,8,0,0,0,8,99,1,-8.300000190734863,0.0,24.81792449951172,28.40812110900879,1.5,0,0,0.0,0.0,0.0,0,0,0
1780683004.4858472,0,0.3499999940395355,0,0,405,900,423158243,15,77,19.312440872192383,-22.957124710083008,23.035615921020508,35.157310485839844,1,0,0.6000000238418579,0,0,0,0,0,8,0,0,0,8,99,1,-8.300000190734863,0.0,24.65192413330078,28.408123016357422,1.5,0,0,0.0,0.0,0.0,0,0,0
1780683004.5056086,0,0.3499999940395355,0,0,405,900,423158243,15,77,19.312440872192383,-22.957124710083008,23.421865463256836,34.69816970825195,1,0,0.6000000238418579,0,0,0,0,0,8,0,0,0,8,99,1,0.0,0.0,24.623981475830078,28.40812110900879,1.5,0,0,0.0,0.0,0.0,0,0,0
1780683004.5257745,0,0.3499999940395355,0,0,405,900,423158243,15,77,19.312440872192383,-22.957124710083008,23.808115005493164,34.23902893066406,1,0,0.6000000238418579,0,0,0,0,0,8,0,0,0,8,99,1,0.0,0.0,24.623981475830078,28.408119201660156,1.5,0,0,0.0,0.0,0.0,0,0,0
1780683004.5459914,0,0.3499999940395355,0,0,405,900,423158243,15,77,19.312440872192383,-22.957124710083008,24.194364547729492,33.77988815307617,1,0,0.6000000238418579,0,0,0,0,0,8,0,0,0,8,99,1,0.0,0.0,24.623981475830078,28.40812110900879,1.5,0,0,0.0,0.0,0.0,0,0,0
1780683004.5662458,0,0.3499999940395355,0,0,405,900,423158243,15,77,19.312440872192383,-22.957124710083008,24.58061408996582,33.32074737548828,1,0,0.6000000238418579,0,0,0,0,0,8,0,0,0,8,99,1,0.0,0.0,24.623981475830078,28.40812110900879,1.5,0,0,0.0,0.0,0.0,0,0,0
1780683004.5859597,0,0.3499999940395355,0,0,405,900,423158243,15,77,19.312440872192383,-22.957124710083008,24.96686363220215,32.86160659790039,1,0,0.6000000238418579,0,0,0,0,0,8,0,0,0,8,99,1,0.0,0.0,24.623981475830078,28.40812110900879,1.5,0,0,0.0,0.0,0.0,0,0,0
1780683004.6054914,0,0.3499999940395355,0,0,405,900,423158243,15,77,19.312440872192383,-22.957124710083008,25.353113174438477,32.4024658203125,1,0,0.6000000238418579,0,0,0,0,0,8,0,0,0,8,99,1,0.0,0.0,24.623981475830078,28.40812110900879,1.5,0,0,0.0,0.0,0.0,0,0,0
1780683004.6258132,0,0.3499999940395355,0,0,405,900,423158243,15,77,19.312440872192383,-22.957124710083008,25.739362716674805,31.943323135375977,1,0,0.6000000238418579,0,0,0,0,0,8,0,0,0,8,99,1,0.0,0.0,24.623981475830078,28.408119201660156,1.5,0,0,0.0,0.0,0.0,0,0,0
1780683004.6457891,0,0.3499999940395355,0,0,405,900,423158243,15,77,19.312440872192383,-22.957124710083008,26.125612258911133,31.484180450439453,1,0,0.6000000238418579,0,0,0,0,0,8,0,0,0,8,99,1,0.0,0.0,24.623981475830078,28.40812110900879,1.5,0,0,0.0,0.0,0.0,0,0,0
1780683004.6660962,0,0.3499999940395355,0,0,405,900,423158243,15,77,19.312440872192383,-22.957124710083008,26.51186180114746,31.02503776550293,1,0,0.6000000238418579,0,0,0,0,0,8,0,0,0,8,99,1,0.0,0.0,24.623981475830078,28.40812110900879,1.5,0,0,0.0,0.0,0.0,0,0,0
1780683004.6857948,0,0.3499999940395355,0,0,405,900,423158243,15,77,19.312440872192383,-22.957124710083008,26.89811134338379,30.565895080566406,1,0,0.6000000238418579,0,0,0,0,0,8,0,0,0,8,99,1,0.0,0.0,24.623981475830078,28.408119201660156,1.5,0,0,1.0,-1.0,0.0,0,0,0
1780683004.705565,0,0.3499999940395355,0,0,405,900,423158243,15,77,19.312440872192383,-22.957124710083008,27.284360885620117,30.106752395629883,1,0,0.6000000238418579,0,0,0,0,0,8,0,0,0,8,99,1,0.0,0.0,24.623981475830078,28.40812110900879,1.5,0,0,1.0,-1.0,0.0,0,0,0
1780683004.7258825,0,0.3499999940395355,0,0,405,900,423158243,15,77,19.312440872192383,-22.957124710083008,27.670610427856445,29.64760971069336,1,0,0.6000000238418579,0,0,1,0,0,8,0,0,0,8,99,1,8.300000190734863,0.0,24.762126922607422,28.40812110900879,1.5,0,0,1.0,-1.0,0.0,0,0,0
1780683004.7461002,0,0.3499999940395355,0,0,405,900,423158243,15,77,19.312440872192383,-22.957124710083008,28.056859970092773,29.188467025756836,1,0,0.6000000238418579,0,0,1,0,0,8,0,0,0,8,99,1,8.300000190734863,0.0,24.928123474121094,28.40812110900879,1.5,0,0,1.0,-1.0,0.0,0,0,0
1780683004.7660568,0,0.3499999940395355,0,0,405,900,423158243,15,77,19.312440872192383,-22.957124710083008,28.4431095123291,28.729324340820312,1,0,0.6000000238418579,0,0,1,0,0,8,0,0,0,8,99,1,8.300000190734863,0.0,25.09404182434082,28.40812110900879,1.5,0,0,1.0,-1.0,0.0,0,0,0
1780683004.7857683,0,0.3499999940395355,0,0,405,900,423158243,15,77,19.312440872192383,-22.957124710083008,28.82935905456543,28.27018165588379,1,0,0.6000000238418579,0,0,1,0,0,8,0,0,0,8,99,1,8.300000190734863,0.0,25.260040283203125,28.408123016357422,1.5,0,0,1.0,-1.0,0.0,0,0,0
1780683004.805678,0,0.3499999940395355,0,0,405,900,423158243,15,77,19.312440872192383,-22.957124710083008,29.215608596801758,27.811038970947266,1,0,0.6000000238418579,0,0,1,0,0,8,0,0,0,8,99,1,8.300000190734863,0.0,25.426124572753906,28.40812110900879,1.5,0,0,1.0,-1.0,0.0,0,0,1
1780683004.8259945,0,0.3499999940395355,0,0,405,900,423158243,47,77,15.449953079223633,0.0,29.601858139038086,27.549999237060547,1,0,0.6000000238418579,0,0,1,0,0,8,0,0,0,8,99,1,8.300000190734863,0.0,25.59212303161621,28.40812110900879,1.5,0,0,1.0,-1.0,0.0,0,0,1
1780683004.8458273,0,0.3499999940395355,1,0,405,900,423158243,47,77,12.359962463378906,0.0,29.849058151245117,28.295839309692383,0,0,0.6000000238418579,0,0,1,0,0,8,0,1,0,8,99,1,8.300000190734863,0.0,25.758119583129883,28.40812110900879,1.5,0,0,1.0,-1.0,0.0,0,0,1
1780683004.8657815,0,0.3499999940395355,1,0,405,900,423158243,47,77,9.887969970703125,0.0,30.046817779541016,28.492136001586914,0,0,0.6000000238418579,0,0,1,0,0,8,0,1,0,8,99,1,8.300000190734863,0.0,25.924118041992188,28.408123016357422,1.5,0,0,1.0,-1.0,0.0,0,0,1
1780683004.88596,0,0.3499999940395355,1,0,405,900,423158243,47,77,7.910376071929932,0.0,30.20502471923828,28.54359245300293,0,0,0.6000000238418579,0,0,1,0,0,8,0,1,0,8,99,1,8.300000190734863,0.0,26.090036392211914,28.408123016357422,1.5,0,0,1.0,-1.0,0.0,0,0,1
1780683004.9058008,0,0.3499999940395355,1,0,405,900,423158243,47,77,6.328300952911377,0.0,30.33159065246582,28.55708122253418,0,0,0.6000000238418579,0,0,1,0,0,8,0,1,0,8,99,1,8.300000190734863,0.0,26.25611686706543,28.40812110900879,1.5,0,0,1.0,-1.0,0.0,0,0,1
1780683004.9257805,0,0.3499999940395355,1,0,405,900,423158243,47,77,5.06264066696167,0.0,30.432844161987305,28.558807373046875,0,0,0.6000000238418579,0,0,1,0,0,8,0,1,0,8,99,1,8.300000190734863,0.0,26.422119140625,28.408119201660156,1.5,0,0,1.0,-1.0,0.0,0,0,1
1780683004.9459927,0,0.3499999940395355,1,0,405,900,423158243,47,77,4.050112724304199,0.0,30.513845443725586,28.559911727905273,1,0,0.6000000238418579,0,0,1,0,0,8,0,1,0,8,99,1,8.300000190734863,0.0,26.588111877441406,28.40812110900879,1.5,0,0,1.0,-1.0,0.0,0,0,0
1780683004.9663956,0,0.3499999940395355,1,0,405,900,423158243,47,77,3.2400901317596436,0.0,30.57864761352539,28.560619354248047,1,0,0.6000000238418579,0,0,1,0,0,8,0,1,0,8,99,1,8.300000190734863,0.0,26.754030227661133,28.40812110900879,1.5,0,0,1.0,-1.0,0.0,0,0,0
1780683004.9859898,0,0.3499999940395355,1,0,405,900,423158243,47,77,2.5920722484588623,0.0,30.630489349365234,28.561071395874023,1,0,0.6000000238418579,0,0,1,0,0,8,0,1,0,8,99,1,8.300000190734863,0.0,26.920032501220703,28.40812110900879,1.5,0,0,1.0,-1.0,0.0,0,0,0
1780683005.0057673,0,0.3499999940395355,1,0,405,900,423158243,47,77,2.073657751083374,0.0,30.67196273803711,28.561359405517578,1,0,0.6000000238418579,0,0,1,0,0,8,0,1,0,8,99,1,8.300000190734863,0.0,27.08611297607422,28.40812110900879,1.5,0,0,1.0,-1.0,0.0,0,0,0
1780683005.0259254,0,0.3499999940395355,1,0,405,900,423158243,47,77,1.658926248550415,0.0,30.705141067504883,28.56154441833496,1,0,0.6000000238418579,0,0,1,0,0,8,0,1,0,8,99,1,8.300000190734863,0.0,27.25211524963379,28.408123016357422,1.5,0,0,1.0,-1.0,0.0,0,0,0
1780683005.0458229,0,0.3499999940395355,1,0,405,900,423158243,47,77,1.3271410465240479,0.0,30.7316837310791,28.561664581298828,1,0,0.6000000238418579,0,0,1,0,0,8,0,1,0,8,99,1,8.300000190734863,0.0,27.418115615844727,28.408123016357422,1.5,0,0,1.0,-1.0,0.0,0,0,0
1780683005.0660064,0,0.3499999940395355,1,0,405,900,423158243,47,77,1.0617128610610962,0.0,30.752918243408203,28.56174087524414,1,0,0.6000000238418579,0,0,1,0,0,8,0,1,0,8,99,1,8.300000190734863,0.0,27.58411407470703,28.40812110900879,1.5,0,0,1.0,-1.0,0.0,0,0,0
1780683005.0859416,0,0.3499999940395355,1,0,405,900,423158243,47,77,0.8493703007698059,0.0,30.76990509033203,28.56178855895996,1,0,0.6000000238418579,0,0,1,0,0,8,0,1,0,8,99,1,8.300000190734863,0.0,27.750032424926758,28.408123016357422,1.5,0,0,1.0,-1.0,0.0,0,0,0
1780683005.1057253,0,0.3499999940395355,1,0,405,900,423158243,47,77,0.6794962286949158,0.0,30.78349494934082,28.561819076538086,1,0,0.6000000238418579,0,0,1,0,0,8,0,1,0,8,99,1,8.300000190734863,0.0,27.916114807128906,28.40812110900879,1.5,0,0,1.0,-1.0,0.0,0,0,0
1780683005.126247,0,0.3499999940395355,1,0,405,900,423158243,47,77,0.5435969829559326,0.0,30.79436683654785,28.561840057373047,1,0,0.6000000238418579,0,0,1,0,0,8,0,1,0,8,99,1,8.300000190734863,0.0,28.082117080688477,28.408123016357422,1.5,0,0,1.0,-1.0,0.0,0,0,0
1780683005.1459913,0,0.3499999940395355,1,0,405,900,423158243,47,77,0.4348776042461395,0.0,30.803064346313477,28.561853408813477,1,0,0.6000000238418579,0,0,1,0,0,8,0,1,0,8,99,1,8.300000190734863,0.0,28.24812126159668,28.40812110900879,1.5,0,0,1.0,0.0,0.0,0,0,0
1780683005.1659193,0,0.3499999940395355,1,0,405,900,423158243,47,77,0.3479020893573761,0.0,30.810022354125977,28.561861038208008,1,0,0.6000000238418579,0,0,1,0,0,8,0,1,0,8,99,1,8.300000190734863,0.0,28.414039611816406,28.40812110900879,1.5,0,0,1.0,0.0,0.0,0,0,0
1780683005.1858373,0,0.3499999940395355,1,0,405,900,423158243,47,77,0.27832168340682983,0.0,30.815587997436523,28.561864852905273,1,0,0.6000000238418579,0,0,1,0,0,8,0,1,0,8,99,1,8.300000190734863,0.0,28.58003807067871,28.408123016357422,1.5,0,0,1.0,0.0,0.0,0,0,0
1780683005.2057602,0,0.3499999940395355,0,0,405,900,423158243,47,77,0.22265735268592834,0.0,30.82004165649414,28.56186866760254,1,0,0.6000000238418579,0,0,1,0,0,8,0,0,0,8,99,1,8.300000190734863,0.0,28.746124267578125,28.40812110900879,1.5,0,0,1.0,0.0,0.0,0,0,1
1780683005.225884,0,0.3499999940395355,0,0,405,900,423158243,47,77,0.17812588810920715,0.0,30.823604583740234,28.561870574951172,1,0,0.6000000238418579,0,0,1,0,0,8,0,0,0,8,99,1,8.300000190734863,0.0,28.912124633789062,28.40812110900879,1.5,0,0,1.0,0.0,0.0,0,0,1
1780683005.245857,0,0.3499999940395355,0,0,405,900,423158243,47,77,0.14250071346759796,0.0,30.826454162597656,28.561870574951172,1,0,0.6000000238418579,0,0,1,0,0,8,0,0,0,8,99,1,8.300000190734863,0.0,29.078123092651367,28.40812110900879,1.5,0,0,1.0,0.0,0.0,0,0,1
1780683005.2659466,0,0.3499999940395355,1,0,405,900,423158243,47,77,0.11400057375431061,0.0,30.828733444213867,28.561870574951172,0,0,0.6000000238418579,0,0,1,0,0,8,0,1,0,8,99,1,8.300000190734863,0.0,29.244041442871094,28.40812110900879,1.5,0,0,1.0,0.0,0.0,0,0,1
1780683005.2857523,0,0.3499999940395355,1,0,405,900,423158243,47,77,0.09120046347379684,0.0,30.830556869506836,28.561870574951172,0,0,0.6000000238418579,0,0,1,0,0,8,0,1,0,8,99,1,8.300000190734863,0.0,29.410037994384766,28.408123016357422,1.5,0,0,1.0,0.0,0.0,0,0,0
1780683005.3056724,0,0.3499999940395355,1,0,384,900,423158243,47,77,0.07296036928892136,0.0,30.832015991210938,28.561870574951172,0,0,0.6000000238418579,0,0,1,0,0,8,0,1,0,8,99,1,-3.75,0.0,29.576122283935547,28.40812110900879,1.5,0,11,1.0,0.0,0.0,0,0,0
1780683005.3259187,0,0.3499999940395355,1,0,384,900,423158243,51,77,0.0,0.0,31.133182525634766,28.561870574951172,0,0,0.6000000238418579,0,0,1,0,0,8,0,1,0,8,99,1,-3.75,0.0,29.541584014892578,28.40812110900879,1.5,0,11,1.0,0.0,0.0,0,0,0
1780683005.3461251,0,0.3499999940395355,1,0,384,900,423158243,51,77,0.0,0.0,31.433181762695312,28.561870574951172,0,0,0.6000000238418579,0,0,1,0,0,8,0,1,0,8,99,1,-3.75,0.0,29.46658706665039,28.40812110900879,1.5,0,11,1.0,0.0,0.0,0,0,0
1780683005.3661578,0,0.3499999940395355,1,0,384,900,423158243,51,77,0.0,0.0,31.73318099975586,28.561870574951172,1,0,0.6000000238418579,0,0,1,0,0,8,0,1,0,8,99,1,-3.75,0.0,29.391586303710938,28.40812110900879,1.5,0,11,1.0,0.0,0.0,0,0,0
1780683005.3862097,0,0.3499999940395355,1,0,384,900,423158243,51,77,0.0,0.0,32.033180236816406,28.561870574951172,1,0,0.6000000238418579,0,0,1,0,0,8,0,1,0,8,99,1,-3.75,0.0,29.31662368774414,28.40812110900879,1.5,0,11,1.0,0.0,0.0,0,0,0
1780683005.4054348,0,0.3499999940395355,1,0,384,900,423158243,51,77,0.0,0.0,32.33317947387695,28.561870574951172,1,0,0.6000000238418579,0,0,1,0,0,8,0,1,0,8,99,1,-3.75,0.0,29.24158477783203,28.408123016357422,1.5,0,11,1.0,0.0,0.0,0,0,0
1780683005.4258416,0,0.3499999940395355,1,0,384,900,423158243,51,77,0.0,0.0,32.6331787109375,28.561870574951172,1,0,0.6000000238418579,0,0,1,0,0,8,0,1,0,8,99,1,-3.75,0.0,29.166584014892578,28.40812110900879,1.5,0,11,1.0,0.0,0.0,0,0,0
1780683005.445954,0,0.3499999940395355,1,0,384,900,423158243,51,77,0.0,0.0,32.93317794799805,28.561870574951172,1,0,0.6000000238418579,0,0,1,0,0,8,0,1,0,8,99,1,-3.75,0.0,29.091583251953125,28.408123016357422,1.5,0,11,1.0,0.0,0.0,0,0,0
1780683005.465933,0,0.3499999940395355,1,0,384,900,423158243,51,77,0.0,0.0,33.233177185058594,28.561870574951172,1,0,0.6000000238418579,0,0,1,0,0,8,0,1,0,8,99,1,-3.75,0.0,29.016586303710938,28.40812110900879,1.5,0,11,1.0,0.0,0.0,0,0,0
1780683005.4859183,0,0.3499999940395355,1,0,384,900,423158243,51,77,0.0,0.0,33.233177185058594,28.561870574951172,1,0,0.6000000238418579,0,0,1,0,0,8,0,1,0,8,99,1,-3.75,0.0,28.941585540771484,28.40812110900879,1.5,0,11,1.0,0.0,0.0,0,0,0
1780683005.5055783,0,0.3499999940395355,1,0,384,900,423158243,51,77,0.0,0.0,33.233177185058594,28.561870574951172,1,0,0.6000000238418579,0,0,1,0,0,8,0,1,0,8,99,1,8.300000190734863,0.0,29.067096710205078,28.408123016357422,1.5,0,11,1.0,0.0,0.0,0,0,0
1780683005.5260463,0,0.3499999940395355,1,0,384,900,423158243,51,77,0.0,0.0,33.233177185058594,28.561870574951172,1,0,0.6000000238418579,0,0,1,0,0,8,0,1,0,8,99,1,8.300000190734863,0.0,29.233095169067383,28.40812110900879,1.5,0,11,1.0,0.0,0.0,0,0,0
1780683005.545917,0,0.3499999940395355,1,0,384,900,423158243,51,77,0.0,0.0,33.233177185058594,28.561870574951172,1,0,0.6000000238418579,0,0,1,0,0,8,0,1,0,8,99,1,8.300000190734863,0.0,29.399089813232422,28.40812110900879,1.5,0,11,1.0,0.0,0.0,0,0,0
1780683005.5657632,0,0.3499999940395355,1,0,384,900,423158243,52,77,22.0,0.0,33.233177185058594,28.561870574951172,1,0,0.6000000238418579,0,0,1,0,0,8,0,1,0,8,99,1,8.300000190734863,0.0,29.56509017944336,28.40812110900879,1.5,0,11,1.0,0.0,0.0,0,0,0
1780683005.586085,0,0.3499999940395355,1,0,384,900,423158243,52,77,22.0,0.0,33.67317581176758,28.561870574951172,1,0,0.6000000238418579,0,0,1,0,0,8,0,1,0,8,99,1,8.300000190734863,0.0,29.731090545654297,28.408119201660156,1.5,0,11,1.0,0.0,0.0,0,0,0
1780683005.6055,0,0.3499999940395355,1,0,384,900,423158243,52,77,22.0,0.0,34.11317443847656,28.561870574951172,1,0,0.6000000238418579,0,0,1,0,0,8,0,1,0,8,99,1,8.300000190734863,0.0,29.8970947265625,28.40812110900879,1.5,0,11,1.0,0.0,0.0,0,0,0
1780683005.6260712,0,0.3499999940395355,0,0,384,900,423158243,52,77,22.0,0.0,34.55317306518555,28.561870574951172,1,0,0.6000000238418579,0,0,1,0,0,8,0,0,0,8,99,1,8.300000190734863,0.0,30.063087463378906,28.40812110900879,1.5,0,11,1.0,0.0,0.0,0,0,0
1780683005.6461072,0,0.3499999940395355,0,0,384,900,423158243,52,77,22.0,0.0,34.99317169189453,28.561870574951172,1,0,0.6000000238418579,0,0,1,0,0,8,0,0,0,8,99,1,8.300000190734863,0.0,30.229089736938477,28.408119201660156,1.5,0,11,1.0,0.0,0.0,0,0,1
1780683005.6658876,0,0.3499999940395355,0,0,384,900,423158243,52,77,22.0,0.0,35.433170318603516,28.561870574951172,1,0,0.6000000238418579,0,0,1,0,0,8,0,0,0,8,99,1,8.300000190734863,0.0,30.395090103149414,28.408119201660156,1.5,0,11,1.0,0.0,0.0,0,0,1
1780683005.6856804,0,0.3499999940395355,1,0,384,900,423158243,52,77,22.0,0.0,35.8731689453125,28.561870574951172,0,0,0.6000000238418579,0,0,1,0,0,8,0,1,0,8,99,1,8.300000190734863,0.0,30.56100845336914,28.40812110900879,1.5,0,11,1.0,0.0,0.0,0,0,1
1780683005.705958,0,0.3499999940395355,1,0,384,900,423158243,52,77,22.0,0.0,36.313167572021484,28.561870574951172,0,0,0.6000000238418579,0,0,1,0,0,8,0,1,0,8,99,1,8.300000190734863,0.0,30.727092742919922,28.40812110900879,1.5,0,11,1.0,0.0,0.0,0,0,1
1780683005.7263489,0,0.3499999940395355,1,0,384,900,423158243,52,77,22.0,0.0,36.75316619873047,28.561870574951172,0,0,0.6000000238418579,0,0,1,0,0,8,0,1,0,8,99,1,8.300000190734863,0.0,30.893009185791016,28.408119201660156,1.5,0,11,1.0,0.0,0.0,0,0,1
1780683005.745863,0,0.3499999940395355,1,0,384,900,423158243,52,77,22.0,0.0,37.19316482543945,28.561870574951172,0,0,0.6000000238418579,0,0,1,0,0,8,0,1,0,8,99,1,8.300000190734863,0.0,31.059009552001953,28.408123016357422,1.5,0,11,1.0,0.0,0.0,0,0,0
1780683005.7661974,0,0.3499999940395355,1,0,384,900,423158243,56,77,0.0,0.0,37.41763687133789,28.561874389648438,0,0,0.6000000238418579,0,0,1,0,0,8,0,1,0,8,99,1,8.300000190734863,0.0,31.225006103515625,28.40812110900879,1.5,0,11,1.0,0.0,0.0,0,0,0
1780683005.7861156,0,0.3499999940395355,1,0,384,900,423158243,56,77,0.0,0.0,37.41762161254883,28.561874389648438,1,0,0.6000000238418579,0,0,1,0,0,8,0,1,0,8,99,1,8.300000190734863,0.0,31.391002655029297,28.408123016357422,1.5,0,11,1.0,0.0,0.0,0,0,0
1780683005.8058953,0,0.3499999940395355,1,0,384,900,423158243,56,77,0.0,0.0,37.4176139831543,28.561874389648438,1,0,0.6000000238418579,0,0,1,0,0,8,0,1,0,8,99,1,8.300000190734863,0.0,31.557083129882812,28.40812110900879,1.5,0,11,1.0,0.0,0.0,0,0,0
1780683005.825943,0,0.3499999940395355,1,0,384,900,423158243,56,77,0.0,0.0,37.417606353759766,28.561874389648438,1,0,0.6000000238418579,0,0,1,0,0,8,0,1,0,8,99,1,8.300000190734863,0.0,31.72308349609375,28.40812110900879,1.5,0,11,1.0,0.0,0.0,0,0,0
1780683005.8462,0,0.3499999940395355,1,0,384,900,423158243,56,77,0.0,0.0,37.417606353759766,28.561874389648438,1,0,0.6000000238418579,0,0,1,0,0,8,0,1,0,8,99,1,8.300000190734863,0.0,31.888999938964844,28.40812110900879,1.5,0,11,1.0,0.0,0.0,0,0,0
1780683005.8658364,0,0.3499999940395355,1,0,384,900,423158243,56,77,0.0,0.0,37.417606353759766,28.561874389648438,1,0,0.6000000238418579,0,0,1,0,0,8,0,1,0,8,99,1,8.300000190734863,0.0,32.05500030517578,28.408123016357422,1.5,0,11,1.0,0.0,0.0,0,0,0
1780683005.8856826,0,0.3499999940395355,1,0,384,900,423158243,56,77,0.0,0.0,37.417606353759766,28.561874389648438,1,0,0.6000000238418579,0,0,1,0,0,8,0,1,0,8,99,1,8.300000190734863,0.0,32.22100067138672,28.40812110900879,1.5,0,11,1.0,0.0,0.0,0,0,0
1780683005.9054704,0,0.3499999940395355,1,0,384,900,423158243,56,77,0.0,0.0,37.417606353759766,28.561874389648438,1,0,0.6000000238418579,0,0,1,0,0,8,0,1,0,8,99,1,8.300000190734863,0.0,32.38699722290039,28.40812110900879,1.5,0,11,1.0,0.0,0.0,0,0,0
1780683005.9257123,0,0.3499999940395355,1,0,384,900,423158243,56,77,0.0,0.0,37.417606353759766,28.561874389648438,1,0,0.6000000238418579,0,0,1,0,0,8,0,1,0,8,99,1,8.300000190734863,0.0,32.553001403808594,28.40812110900879,1.5,0,11,1.0,0.0,0.0,0,0,0
1780683005.945738,0,0.3499999940395355,1,0,384,900,423158243,56,77,0.0,0.0,37.417606353759766,28.561874389648438,1,0,0.6000000238418579,0,0,1,0,0,8,0,1,0,8,99,1,8.300000190734863,0.0,32.718997955322266,28.40812110900879,1.5,0,11,1.0,0.0,0.0,0,0,0
1780683005.9659681,0,0.3499999940395355,1,0,384,900,423158243,56,77,0.0,0.0,37.417606353759766,28.561874389648438,1,0,0.6000000238418579,0,0,1,0,0,8,0,1,0,8,99,1,8.300000190734863,0.0,32.88500213623047,28.40812110900879,1.5,0,11,1.0,0.0,0.0,0,0,0
1780683005.986308,0,0.3499999940395355,1,0,384,900,423158243,56,77,0.0,0.0,37.417606353759766,28.561874389648438,1,0,0.6000000238418579,0,0,1,0,0,8,0,1,0,8,99,1,8.300000190734863,0.0,33.051002502441406,28.40812110900879,1.5,0,11,1.0,0.0,0.0,0,0,0
1780683006.0058079,0,0.3499999940395355,1,0,384,900,423158243,35,77,0.0,0.0,37.417606353759766,28.561874389648438,1,0,0.6000000238418579,0,0,1,0,0,8,0,1,0,8,99,1,8.300000190734863,0.0,33.21708679199219,28.40812110900879,1.5,0,11,1.0,0.0,0.0,0,0,0
1780683006.026001,0,0.3499999940395355,1,0,384,900,423158243,35,77,0.0,0.0,36.73857879638672,28.561874389648438,1,0,0.6000000238418579,0,0,1,0,0,8,0,1,0,8,99,1,8.300000190734863,0.0,33.383087158203125,28.40812110900879,1.5,0,11,1.0,0.0,0.0,0,0,0
1780683006.0455732,0,0.3499999940395355,0,0,384,900,423158243,35,77,0.0,0.0,36.560577392578125,28.561874389648438,1,0,0.6000000238418579,0,0,1,0,0,8,0,0,0,8,99,1,8.300000190734863,0.0,33.54900360107422,28.40812110900879,1.5,0,11,1.0,0.0,0.0,0,0,0
1780683006.0659146,0,0.3499999940395355,0,0,384,900,423158243,35,77,0.0,0.0,36.513916015625,28.561874389648438,1,0,0.6000000238418579,0,0,1,0,0,8,0,0,0,8,99,1,8.300000190734863,0.0,33.715003967285156,28.40812110900879,1.5,0,11,1.0,0.0,0.0,0,0,0
1780683006.0858042,0,0.3499999940395355,0,0,384,900,423158243,35,77,0.0,0.0,36.501686096191406,28.561874389648438,1,0,0.6000000238418579,0,0,1,0,0,8,0,0,0,8,99,1,8.300000190734863,0.0,33.8810920715332,28.408119201660156,1.5,0,11,1.0,0.0,0.0,0,0,1
1780683006.1056855,0,0.3499999940395355,1,0,384,900,423158243,35,77,0.0,0.0,36.5001220703125,28.561874389648438,0,0,0.6000000238418579,0,0,1,0,0,8,0,1,0,8,99,1,8.300000190734863,0.0,34.04709243774414,28.408123016357422,1.5,0,11,1.0,0.0,0.0,0,0,1
1780683006.1260235,0,0.3499999940395355,1,0,384,900,423158243,35,77,0.0,0.0,36.499122619628906,28.561874389648438,0,0,0.6000000238418579,0,0,1,0,0,8,0,1,0,8,99,1,8.300000190734863,0.0,34.21308898925781,28.40812110900879,1.5,0,11,1.0,0.0,0.0,0,0,1
1780683006.1457152,0,0.3499999940395355,1,0,363,900,423158243,35,77,0.0,0.0,36.49848175048828,28.561874389648438,0,0,0.6000000238418579,0,0,1,0,0,8,0,1,0,8,99,1,-3.75,0.0,34.37909698486328,28.40812110900879,1.5,0,22,1.0,0.0,0.0,0,0,1
1780683006.1659684,0,0.3499999940395355,1,0,363,900,423158243,35,77,0.0,0.0,36.497398376464844,28.561874389648438,0,0,0.6000000238418579,0,0,1,0,0,8,0,1,0,8,99,1,-3.75,0.0,34.3446044921875,28.40812110900879,1.5,0,22,1.0,0.0,0.0,0,0,1
1780683006.1857355,0,0.3499999940395355,1,0,363,900,423158243,35,77,0.0,0.0,36.49737548828125,28.561874389648438,0,0,0.6000000238418579,0,0,1,0,0,8,0,1,0,8,99,1,-3.75,0.0,34.2696418762207,28.40812110900879,1.5,0,22,1.0,0.0,0.0,0,0,0
1780683006.205985,0,0.3499999940395355,1,0,363,900,423158243,35,77,0.0,0.0,36.49736785888672,28.561874389648438,1,0,0.6000000238418579,0,0,1,0,0,8,0,1,0,8,99,1,-3.75,0.0,34.19459915161133,28.408119201660156,1.5,0,22,1.0,0.0,0.0,0,0,0
1780683006.2257378,0,0.3499999940395355,1,0,363,900,423158243,35,77,0.0,0.0,36.49736022949219,28.561874389648438,1,0,0.6000000238418579,0,0,1,0,0,8,0,1,0,8,99,1,-3.75,0.0,34.119598388671875,28.40812110900879,1.5,0,22,1.0,0.0,0.0,0,0,0
1780683006.2457395,0,0.3499999940395355,1,0,363,900,423158243,35,77,0.0,0.0,36.497352600097656,28.561874389648438,1,0,0.6000000238418579,0,0,1,0,0,8,0,1,0,8,99,1,-3.75,0.0,34.04459762573242,28.40812110900879,1.5,0,22,1.0,0.0,0.0,0,0,0
1780683006.2660189,0,0.3499999940395355,1,0,363,900,423158243,35,77,0.0,0.0,36.497344970703125,28.561874389648438,1,0,0.6000000238418579,0,0,1,0,0,8,0,1,0,8,99,1,-3.75,0.0,33.969600677490234,28.40812110900879,1.5,0,22,1.0,0.0,0.0,0,0,0
1780683006.2859051,0,0.3499999940395355,1,0,363,900,423158243,35,77,0.0,0.0,36.497344970703125,28.561874389648438,1,0,0.6000000238418579,0,0,1,0,0,8,0,1,0,8,99,1,-3.75,0.0,33.89459991455078,28.40812110900879,1.5,0,22,1.0,0.0,0.0,0,0,0
1780683006.3056576,0,0.3499999940395355,1,0,363,900,423158243,35,77,0.0,0.0,36.497344970703125,28.561874389648438,1,0,0.6000000238418579,0,0,1,0,0,8,0,1,0,8,99,1,-3.75,0.0,33.81959533691406,28.408119201660156,1.5,0,22,1.0,0.0,0.0,0,0,0
1780683006.325829,0,0.3499999940395355,1,0,363,900,423158243,35,77,0.0,0.0,36.497344970703125,28.561874389648438,1,0,0.6000000238418579,0,0,1,0,0,8,0,1,0,8,99,1,-3.75,0.0,33.74459457397461,28.40812110900879,1.5,0,22,1.0,0.0,0.0,0,0,0
1780683006.345977,0,0.3499999940395355,1,0,363,900,423158243,35,77,0.0,0.0,36.497344970703125,28.561874389648438,1,0,0.6000000238418579,0,0,1,0,0,8,0,1,0,8,99,1,8.300000190734863,0.0,33.870094299316406,28.40812110900879,1.5,0,22,1.0,0.0,0.0,0,0,0
1780683006.3659058,0,0.3499999940395355,1,0,363,900,423158243,35,77,0.0,0.0,36.497344970703125,28.561874389648438,1,0,0.6000000238418579,0,0,1,0,0,8,0,1,0,8,99,1,8.300000190734863,0.0,34.03609085083008,28.40812110900879,1.5,0,22,1.0,0.0,0.0,0,0,0
1780683006.385679,0,0.3499999940395355,1,0,363,900,423158243,35,77,0.0,0.0,36.497344970703125,28.561874389648438,1,0,0.6000000238418579,0,0,1,0,0,8,0,1,0,8,99,1,8.300000190734863,0.0,34.20201110839844,28.40812110900879,1.5,0,22,1.0,0.0,0.0,0,0,0
1780683006.4059417,0,0.3499999940395355,1,0,363,900,423158243,35,77,0.0,0.0,36.497344970703125,28.561874389648438,1,0,0.6000000238418579,0,0,1,0,0,8,0,1,0,8,99,1,8.300000190734863,0.0,34.368011474609375,28.408123016357422,1.5,0,22,0.0,0.0,0.0,0,0,0
1780683006.426379,0,0.3499999940395355,1,0,363,900,423158243,35,77,0.0,0.0,36.497344970703125,28.561874389648438,1,0,0.6000000238418579,0,0,1,0,0,8,0,1,0,8,99,1,8.300000190734863,0.0,34.53409194946289,28.40812110900879,1.5,0,22,0.0,0.0,0.0,0,0,0
1780683006.4460454,0,0.3499999940395355,1,0,363,900,423158243,35,77,0.0,0.0,36.497344970703125,28.561874389648438,1,0,0.6000000238418579,0,0,1,0,0,8,0,1,0,8,99,1,0.0,0.0,34.56199264526367,28.40812110900879,1.5,0,22,0.0,0.0,0.0,0,0,1
1780683006.4661586,0,0.3499999940395355,0,0,363,900,423158243,35,77,0.0,0.0,36.497344970703125,28.561874389648438,1,0,0.6000000238418579,0,0,1,0,0,8,0,0,0,8,99,1,0.0,0.0,34.56199264526367,28.40812110900879,1.5,0,22,0.0,0.0,0.0,0,0,1
1780683006.4858859,0,0.3499999940395355,0,0,363,900,423158243,35,77,0.0,0.0,36.497344970703125,28.561874389648438,1,0,0.6000000238418579,0,0,1,0,0,8,0,0,0,8,99,1,0.0,0.0,34.56199264526367,28.40812110900879,1.5,0,22,0.0,0.0,0.0,0,0,1
1780683006.5057917,0,0.3499999940395355,0,0,363,900,423158243,35,77,0.0,0.0,36.497344970703125,28.561874389648438,1,0,0.6000000238418579,0,0,1,0,0,8,0,0,0,8,99,1,0.0,0.0,34.56199264526367,28.40812110900879,1.5,0,22,0.0,0.0,0.0,0,0,1
1780683006.526203,0,0.3499999940395355,1,0,363,900,423158243,35,77,0.0,0.0,36.497344970703125,28.561874389648438,0,0,0.6000000238418579,0,0,1,0,0,8,0,1,0,8,99,1,0.0,0.0,34.56199264526367,28.40812110900879,1.5,0,22,0.0,0.0,0.0,0,0,1
1780683006.5457668,0,0.3499999940395355,1,0,363,900,423158243,35,77,0.0,0.0,36.497344970703125,28.561874389648438,0,0,0.6000000238418579,0,0,1,0,0,8,0,1,0,8,99,1,0.0,0.0,34.56199264526367,28.408123016357422,1.5,0,22,0.0,0.0,0.0,0,0,1
1780683006.565836,0,0.3499999940395355,1,0,342,900,423158243,35,77,0.0,0.0,36.497344970703125,28.561874389648438,0,0,0.6000000238418579,0,0,1,0,0,8,0,1,0,8,99,1,-3.75,0.0,34.56199264526367,28.40812110900879,1.5,0,33,0.0,0.0,0.0,0,0,1
1780683006.5864842,0,0.3499999940395355,1,0,342,900,423158243,35,77,0.0,0.0,36.497398376464844,28.561874389648438,0,0,0.6000000238418579,0,0,1,0,0,8,0,1,0,8,99,1,-3.75,0.0,34.49959945678711,28.40812110900879,1.5,0,33,0.0,0.0,0.0,0,0,1
1780683006.6059234,0,0.3499999940395355,1,0,342,900,423158243,35,77,0.0,0.0,36.49737548828125,28.561874389648438,0,0,0.6000000238418579,0,0,1,0,0,8,0,1,0,8,99,1,-3.75,0.0,34.424598693847656,28.40812110900879,1.5,0,33,1.0,0.0,0.0,0,0,0
1780683006.626127,0,0.3499999940395355,1,0,342,900,423158243,35,77,0.0,0.0,36.49736785888672,28.561874389648438,1,0,0.6000000238418579,0,0,1,0,0,8,0,1,0,8,99,1,-3.75,0.0,34.34960174560547,28.408119201660156,1.5,0,33,1.0,1.0,0.0,0,0,0
1780683006.6460752,0,0.3499999940395355,1,0,342,900,423158243,35,77,0.0,0.0,36.49736022949219,28.561874389648438,1,0,0.6000000238418579,0,0,1,0,0,8,0,1,0,8,99,1,-3.75,0.0,34.274635314941406,28.40812110900879,1.5,0,33,1.0,1.0,0.0,0,0,0
1780683006.6660979,0,0.3499999940395355,1,0,342,900,423158243,35,77,0.0,0.0,36.497352600097656,28.561874389648438,1,0,0.6000000238418579,0,0,1,0,0,8,0,1,0,8,99,1,-3.75,0.0,34.19963455200195,28.408123016357422,1.5,0,33,1.0,1.0,0.0,0,0,0
1780683006.6858287,0,0.3499999940395355,1,0,342,900,423158243,35,77,0.0,0.0,36.497344970703125,28.561874389648438,1,0,0.6000000238418579,0,0,1,0,0,8,0,1,0,8,99,1,-3.75,0.0,34.1246337890625,28.40812110900879,1.5,0,33,1.0,1.0,0.0,0,0,0
1780683006.7058635,0,0.3499999940395355,1,0,342,900,423158243,35,77,0.0,0.0,36.497344970703125,28.561874389648438,1,0,0.6000000238418579,0,0,1,0,0,8,0,1,0,8,99,1,-3.75,0.0,34.04959487915039,28.40812110900879,1.5,0,33,1.0,1.0,0.0,1,0,0
1780683006.7260494,0,0.3499999940395355,1,0,342,900,423158243,35,77,0.0,0.0,36.497344970703125,28.561874389648438,1,0,0.6000000238418579,0,0,1,0,0,8,0,1,1,8,99,1,-3.75,0.0,33.97459411621094,28.40812110900879,1.5,0,33,1.0,1.0,0.0,1,0,0
1780683006.7459579,0,0.3499999940395355,1,0,342,900,423158243,35,77,0.0,0.0,36.497344970703125,28.561874389648438,1,0,0.6000000238418579,0,0,1,0,0,8,0,1,1,8,99,0,-3.75,15.70199966430664,33.899593353271484,28.669363021850586,1.5,0,33,1.0,1.0,0.0,1,0,0
1780683006.7659307,0,0.3499999940395355,1,0,342,900,423158243,35,77,0.0,0.0,36.497344970703125,28.561874389648438,1,0,0.6000000238418579,0,0,1,0,0,8,0,1,1,8,99,0,8.300000190734863,15.70199966430664,34.02507400512695,28.983396530151367,1.5,0,33,1.0,1.0,0.0,1,0,0
1780683006.7859836,0,0.3499999940395355,1,0,342,900,423158243,37,77,0.0,0.0,36.497344970703125,28.561874389648438,1,0,0.6000000238418579,0,0,1,0,0,8,0,1,1,8,99,0,8.300000190734863,15.70199966430664,34.191070556640625,29.297428131103516,1.5,0,33,1.0,1.0,0.0,1,0,0
1780683006.8058543,0,0.3499999940395355,1,0,342,900,423158243,37,77,0.0,0.0,36.497344970703125,28.561874389648438,1,0,0.6000000238418579,0,0,1,0,0,8,0,1,1,8,99,0,8.300000190734863,15.70199966430664,34.35707092285156,29.611467361450195,1.5,0,33,1.0,1.0,0.0,1,0,0
1780683006.8264644,0,0.3499999940395355,1,0,342,900,423158243,37,77,0.0,0.0,36.497344970703125,28.561874389648438,1,0,0.6000000238418579,0,0,1,0,0,8,0,1,1,8,99,0,8.300000190734863,15.70199966430664,34.5230712890625,29.925508499145508,1.5,0,33,1.0,0.0,0.0,1,0,0
1780683006.8460562,0,0.3499999940395355,1,0,342,900,423158243,37,77,0.0,0.0,36.497344970703125,28.561874389648438,1,0,0.6000000238418579,0,0,1,0,0,8,0,1,1,8,99,0,8.300000190734863,15.70199966430664,34.68899154663086,30.239395141601562,1.5,0,33,1.0,0.0,0.0,1,0,0
1780683006.8660104,0,0.3499999940395355,1,0,342,900,423158243,37,77,0.0,0.0,36.497344970703125,28.561874389648438,1,0,0.6000000238418579,0,0,1,0,0,8,0,1,1,8,99,0,8.300000190734863,15.70199966430664,34.8549919128418,30.553436279296875,1.5,0,33,1.0,-1.0,0.0,1,0,0
1780683006.885856,0,0.3499999940395355,0,0,342,900,423158243,37,77,0.0,0.0,36.497344970703125,28.561874389648438,1,0,0.6000000238418579,0,0,1,0,0,8,0,0,1,8,99,0,8.300000190734863,15.70199966430664,35.021080017089844,30.867633819580078,1.5,0,33,1.0,-1.0,0.0,1,0,0
1780683006.9060705,0,0.3499999940395355,0,0,342,900,423158243,37,77,0.0,0.0,36.497344970703125,28.561874389648438,1,0,0.6000000238418579,0,0,1,0,0,8,0,0,1,8,99,0,8.300000190734863,15.70199966430664,35.187076568603516,31.181673049926758,1.5,0,33,1.0,-1.0,0.0,1,0,0
1780683006.9262013,0,0.3499999940395355,0,0,342,900,423158243,37,77,0.0,0.0,36.497344970703125,28.561874389648438,1,0,0.6000000238418579,0,0,1,0,0,8,0,0,1,8,99,0,8.300000190734863,15.70199966430664,35.352996826171875,31.49555778503418,1.5,0,33,1.0,-1.0,0.0,1,0,0
1780683006.9460654,0,0.3499999940395355,0,0,342,900,423158243,37,77,0.0,0.0,36.497344970703125,28.561874389648438,1,0,0.6000000238418579,0,0,1,0,0,8,0,0,0,8,99,0,8.300000190734863,14.753999710083008,35.51899719238281,31.79383659362793,1.5,0,33,1.0,-1.0,0.0,1,0,0
1780683006.965896,0,0.3499999940395355,0,0,342,900,423158243,37,77,0.0,0.0,36.497344970703125,28.561874389648438,1,0,0.6000000238418579,0,0,1,0,0,8,0,0,0,8,99,0,8.300000190734863,13.805999755859375,35.68499755859375,32.073150634765625,1.5,0,33,1.0,-1.0,0.0,1,0,0
1780683006.9859965,0,0.3499999940395355,0,0,342,900,423158243,37,77,0.0,0.0,36.497344970703125,28.561874389648438,1,0,0.6000000238418579,0,0,1,0,0,8,0,0,0,8,99,0,8.300000190734863,12.857999801635742,35.85099792480469,32.3335075378418,1.5,0,33,1.0,-1.0,0.0,1,0,0
1780683007.0058424,0,0.3499999940395355,0,0,342,900,423158243,37,77,0.0,0.0,36.497344970703125,28.561874389648438,1,0,0.6000000238418579,0,0,1,0,0,8,0,0,0,8,99,0,8.300000190734863,11.90999984741211,36.016998291015625,32.57490539550781,1.5,0,33,1.0,-1.0,0.0,0,0,0
1780683007.0258212,0,0.3499999940395355,0,0,342,900,423158243,37,77,0.0,0.0,36.497344970703125,28.561874389648438,1,0,0.6000000238418579,0,0,1,0,0,8,0,0,0,8,99,0,0.0,0.0,36.04499053955078,32.797340393066406,1.5,0,33,1.0,-1.0,0.0,0,0,0
1780683007.0460386,0,0.3499999940395355,0,0,342,900,423158243,37,77,0.0,0.0,36.497344970703125,28.561874389648438,1,0,0.6000000238418579,0,0,1,1,0,8,0,0,0,8,99,0,0.0,-0.9479996562004089,36.04499053955078,32.81855010986328,1.5,0,33,0.0,-1.0,0.0,0,0,0
1780683007.0660994,0,0.3499999940395355,0,0,342,900,423158243,37,77,0.0,0.0,36.497344970703125,28.561874389648438,1,0,0.6000000238418579,0,0,1,1,0,8,0,0,0,8,99,0,0.0,-1.8959993124008179,36.04499053955078,32.78383255004883,1.5,0,33,0.0,-1.0,0.0,0,0,0
1780683007.0858228,0,0.3499999940395355,0,0,342,900,423158243,37,77,0.0,0.0,36.497344970703125,28.561874389648438,1,0,0.6000000238418579,0,0,1,1,0,8,0,0,0,8,99,0,0.0,-2.843998908996582,36.04499053955078,32.73015213012695,1.5,0,33,0.0,-1.0,0.0,0,1,0
1780683007.105737,0,0.3499999940395355,0,0,342,900,423158243,37,77,0.0,0.0,36.497344970703125,28.561874389648438,1,0,0.6000000238418579,0,0,1,1,0,8,0,0,0,8,99,0,0.0,-3.7919986248016357,36.04499053955078,32.657466888427734,1.5,0,33,0.0,-1.0,0.0,0,1,0
1780683007.1260085,0,0.3499999940395355,0,0,342,900,423158243,37,77,0.0,0.0,36.497344970703125,28.561874389648438,1,0,0.6000000238418579,0,0,1,1,0,8,0,0,0,8,99,0,0.0,-4.7399983406066895,36.04499053955078,32.5659065246582,1.5,0,33,0.0,-1.0,0.0,0,1,0
1780683007.146071,0,0.3499999940395355,0,0,342,900,423158243,37,77,0.0,0.0,36.497344970703125,28.561874389648438,1,0,0.6000000238418579,0,0,1,1,0,8,0,0,0,8,99,0,0.0,-5.687997817993164,36.04499053955078,32.455284118652344,1.5,0,33,0.0,-1.0,0.0,0,1,0
1780683007.165891,0,0.3499999940395355,0,0,342,900,423158243,37,77,0.0,0.0,36.497344970703125,28.561874389648438,1,0,0.6000000238418579,0,0,1,1,0,8,0,0,0,8,99,0,0.0,-6.635997295379639,36.04499053955078,32.3258171081543,1.5,0,33,0.0,-1.0,0.0,0,1,0
1780683007.1856928,0,0.3499999940395355,0,0,342,900,423158243,37,77,0.0,0.0,36.497344970703125,28.561874389648438,1,0,0.6000000238418579,0,0,1,1,0,8,0,0,0,8,99,0,0.0,-7.583996772766113,36.04499053955078,32.17733383178711,1.5,0,33,0.0,-1.0,0.0,0,0,0
1780683007.2059057,0,0.3499999940395355,0,0,342,900,423158243,37,77,0.0,0.0,36.497344970703125,28.561874389648438,0,0,0.6000000238418579,0,0,1,0,0,8,0,0,0,8,99,0,0.0,0.0,36.04499053955078,32.00980758666992,1.5,0,33,0.0,-1.0,0.0,0,0,0
1780683007.226002,0,0.3499999940395355,0,0,342,900,423158243,37,77,0.0,0.0,36.497344970703125,28.561874389648438,0,0,0.6000000238418579,0,0,1,0,0,8,0,0,0,8,99,0,0.0,0.0,36.04499053955078,31.98111915588379,1.5,0,33,0.0,0.0,0.0,0,0,0
1780683007.245898,0,0.3499999940395355,0,0,342,900,423158243,37,77,0.0,0.0,36.497344970703125,28.561874389648438,0,0,0.6000000238418579,0,0,1,0,0,8,0,0,0,8,99,0,0.0,0.0,36.04499053955078,31.98111915588379,1.5,0,33,0.0,0.0,0.0,0,0,0
1780683007.266238,0,0.3499999940395355,0,0,342,900,423158243,37,77,0.0,0.0,36.497344970703125,28.561874389648438,0,0,0.6000000238418579,0,0,1,0,0,8,0,0,0,8,99,0,0.0,0.0,36.04499053955078,31.98111915588379,1.5,0,33,0.0,0.0,0.0,0,0,0
1780683007.28569,0,0.3499999940395355,0,0,342,900,423158243,37,77,0.0,0.0,36.497344970703125,28.561874389648438,0,0,0.6000000238418579,0,0,1,0,0,8,0,0,0,8,99,0,0.0,0.0,36.04499053955078,31.98111915588379,1.5,0,33,0.0,0.0,0.0,0,0,0
1780683007.3056836,0,0.3499999940395355,0,0,342,900,423158243,37,77,0.0,0.0,36.497344970703125,28.561874389648438,0,0,0.6000000238418579,0,0,1,0,0,8,0,0,0,8,99,0,0.0,0.0,36.04499053955078,31.981117248535156,1.5,0,33,0.0,0.0,0.0,0,0,0
1780683007.3259943,0,0.3499999940395355,0,0,342,900,423158243,37,77,0.0,0.0,36.497344970703125,28.561874389648438,0,0,0.6000000238418579,0,0,1,0,0,8,0,0,0,8,99,0,0.0,0.0,36.04499053955078,31.98111915588379,1.5,0,33,0.0,0.0,0.0,0,0,0
1780683007.345851,0,0.3499999940395355,0,0,342,900,423158243,37,77,0.0,0.0,36.497344970703125,28.561874389648438,0,0,0.6000000238418579,0,0,1,0,0,8,0,0,0,8,99,0,0.0,0.0,36.04499053955078,31.981117248535156,1.5,0,33,0.0,0.0,0.0,0,0,0
1780683007.36621,0,0.3499999940395355,0,0,342,900,423158243,37,77,0.0,0.0,36.497344970703125,28.561874389648438,0,0,0.6000000238418579,0,0,1,0,0,8,0,0,0,8,99,0,0.0,0.0,36.04499053955078,31.98111915588379,1.5,0,33,0.0,0.0,0.0,0,0,0
1780683007.3857799,0,0.3499999940395355,0,0,342,900,423158243,37,77,0.0,0.0,36.497344970703125,28.561874389648438,0,0,0.6000000238418579,0,0,1,0,0,8,0,0,0,8,99,0,0.0,0.0,36.04499053955078,31.981117248535156,1.5,0,33,0.0,0.0,0.0,0,0,0
1780683007.4054325,0,0.3499999940395355,0,0,342,900,423158243,37,77,0.0,0.0,36.497344970703125,28.561874389648438,0,0,0.6000000238418579,0,0,1,0,0,8,0,0,0,8,99,0,0.0,0.0,36.04499053955078,31.98111915588379,1.5,0,33,0.0,0.0,0.0,0,0,0
1780683007.425943,0,0.3499999940395355,0,0,342,900,423158243,37,77,0.0,0.0,36.497344970703125,28.561874389648438,0,0,0.6000000238418579,0,0,1,0,0,8,0,0,0,8,99,0,0.0,0.0,36.04499053955078,31.98111915588379,1.5,0,33,0.0,0.0,0.0,0,0,0
1780683007.4460382,0,0.3499999940395355,0,0,342,900,423158243,37,77,0.0,0.0,36.497344970703125,28.561874389648438,0,0,0.6000000238418579,0,0,1,1,0,8,0,0,0,8,99,0,0.0,-50.0,36.04499053955078,31.98111915588379,1.5,0,0,0.0,0.0,0.0,0,0,0
1780683007.4658635,0,0.3499999940395355,0,0,342,900,423158243,37,77,0.0,0.0,36.497344970703125,28.561874389648438,0,0,0.6000000238418579,0,0,1,1,0,8,0,0,0,8,99,0,0.0,-50.0,36.04499053955078,31.149290084838867,1.5,0,0,0.0,0.0,0.0,0,0,0
1780683007.4856524,0,0.3499999940395355,0,0,342,900,423158243,37,77,0.0,0.0,36.497344970703125,28.561874389648438,0,0,0.6000000238418579,0,0,1,1,0,8,0,0,0,8,99,0,0.0,-50.0,36.04499053955078,30.149784088134766,1.5,0,0,0.0,0.0,0.0,0,0,0
1780683007.5056584,0,0.3499999940395355,0,0,327,900,423158243,37,77,0.0,0.0,36.497344970703125,28.561874389648438,0,0,0.6000000238418579,0,0,1,1,0,8,0,0,0,8,99,0,0.0,-50.0,36.04499053955078,29.14982032775879,1.5,0,0,0.0,0.0,0.0,0,0,0
1780683007.525646,0,0.3499999940395355,0,0,327,900,423158243,37,77,0.0,0.0,36.497344970703125,28.561874389648438,0,0,0.6000000238418579,0,0,1,0,0,8,0,0,0,8,99,1,0.0,0.0,36.04499053955078,28.50446319580078,1.5,0,0,0.0,0.0,0.0,0,0,0
1780683007.5457702,0,0.3499999940395355,0,0,327,900,423158243,37,77,0.0,0.0,36.497344970703125,28.561874389648438,0,0,0.6000000238418579,0,0,1,0,0,8,0,0,0,8,99,1,0.0,0.0,36.04499053955078,28.408098220825195,1.5,0,0,0.0,0.0,0.0,0,0,0
1780683007.5659287,0,0.3499999940395355,0,0,327,900,423158243,37,77,0.0,0.0,36.497344970703125,28.561874389648438,0,0,0.6000000238418579,0,0,1,0,0,8,0,0,0,8,99,1,0.0,0.0,36.04499053955078,28.40810775756836,1.5,0,0,0.0,0.0,0.0,0,0,0
1780683007.5860102,0,0.3499999940395355,0,0,327,900,423158243,37,77,0.0,0.0,36.497344970703125,28.561874389648438,0,0,0.6000000238418579,0,0,1,0,0,8,0,0,0,8,99,1,0.0,0.0,36.04499053955078,28.40811538696289,1.5,0,0,0.0,0.0,0.0,0,0,0
1780683007.6056254,0,0.3499999940395355,0,0,327,900,423158243,37,77,0.0,0.0,36.497344970703125,28.561874389648438,0,0,0.6000000238418579,0,0,1,0,0,8,0,0,0,8,99,1,0.0,0.0,36.04499053955078,28.408119201660156,1.5,0,0,0.0,0.0,0.0,0,0,0
1780683007.6260762,0,0.3499999940395355,0,0,327,900,423158243,37,77,0.0,0.0,36.497344970703125,28.561874389648438,0,0,0.6000000238418579,0,0,1,0,0,8,0,0,0,8,99,1,0.0,0.0,36.04499053955078,28.40812110900879,1.5,0,0,0.0,0.0,0.0,0,0,0
1780683007.645834,0,0.3499999940395355,0,0,327,900,423158243,37,77,0.0,0.0,36.497344970703125,28.561874389648438,0,0,0.6000000238418579,0,0,1,0,0,8,0,0,0,8,99,1,0.0,0.0,36.04499053955078,28.40812110900879,1.5,0,0,0.0,0.0,0.0,0,0,0
1780683007.6658251,0,0.3499999940395355,0,0,327,900,423158243,37,77,0.0,0.0,36.497344970703125,28.561874389648438,0,0,0.6000000238418579,0,0,1,0,0,8,0,0,0,8,99,1,0.0,0.0,36.04499053955078,28.40812110900879,1.5,0,0,0.0,0.0,0.0,0,0,0
1780683007.6858525,0,0.3499999940395355,0,0,327,900,423158243,37,77,0.0,0.0,36.497344970703125,28.561874389648438,0,0,0.6000000238418579,0,0,1,0,0,8,0,0,0,8,99,1,0.0,0.0,36.04499053955078,28.40812110900879,1.5,0,0,0.0,0.0,0.0,0,0,0
1780683007.7057014,0,0.3499999940395355,0,0,297,900,423158243,37,77,0.0,0.0,36.497344970703125,28.561874389648438,0,0,0.6000000238418579,0,0,1,0,0,8,0,0,0,8,99,1,0.0,0.0,36.04499053955078,28.40812110900879,1.5,0,0,0.0,0.0,0.0,0,0,0
1780683007.725755,0,0.3499999940395355,0,0,297,900,423158243,37,77,0.0,0.0,36.497344970703125,28.561874389648438,0,0,0.6000000238418579,0,0,1,0,0,8,0,0,0,8,99,1,0.0,0.0,36.04499053955078,28.408123016357422,1.5,0,0,0.0,0.0,0.0,0,0,0
1780683007.745438,0,0.3499999940395355,0,0,297,900,423158243,37,77,0.0,0.0,36.497344970703125,28.561874389648438,0,0,0.6000000238418579,0,0,1,0,0,8,0,0,0,8,99,1,0.0,0.0,36.04499053955078,28.40812110900879,1.5,0,0,0.0,0.0,0.0,0,0,0
1780683007.765454,0,0.3499999940395355,0,0,297,900,423158243,37,77,0.0,0.0,36.497344970703125,28.561874389648438,0,0,0.6000000238418579,0,0,1,0,0,8,0,0,0,8,99,1,0.0,0.0,36.04499053955078,28.40812110900879,1.5,0,0,0.0,0.0,0.0,0,0,0
1780683007.7855787,0,0.3499999940395355,0,0,297,900,423158243,37,77,0.0,0.0,36.497344970703125,28.561874389648438,0,0,0.6000000238418579,0,0,1,0,0,8,0,0,0,8,99,1,0.0,0.0,36.04499053955078,28.408123016357422,1.5,0,0,0.0,0.0,0.0,0,0,0
1780683007.8055198,0,0.3499999940395355,0,0,297,900,423158243,37,77,0.0,0.0,36.497344970703125,28.561874389648438,0,0,0.6000000238418579,0,0,1,0,0,8,0,0,0,8,99,1,0.0,0.0,36.04499053955078,28.40812110900879,1.5,0,0,0.0,0.0,0.0,0,0,0
1780683007.8256714,0,0.3499999940395355,0,0,297,900,423158243,37,77,0.0,0.0,36.497344970703125,28.561874389648438,0,0,0.6000000238418579,0,0,1,0,0,8,0,0,0,8,99,1,0.0,0.0,36.04499053955078,28.40812110900879,1.5,0,0,0.0,0.0,0.0,0,0,0
1780683007.8457677,0,0.3499999940395355,0,0,297,900,423158243,37,77,0.0,0.0,36.497344970703125,28.561874389648438,0,0,0.6000000238418579,0,0,1,0,0,8,0,0,0,8,99,1,0.0,0.0,36.04499053955078,28.40812110900879,1.5,0,0,0.0,0.0,0.0,0,0,0
1780683007.8659403,0,0.3499999940395355,0,0,297,900,423158243,37,77,0.0,0.0,36.497344970703125,28.561874389648438,0,0,0.6000000238418579,0,0,1,0,0,8,0,0,0,8,99,1,0.0,0.0,36.04499053955078,28.40812110900879,1.5,0,0,0.0,0.0,0.0,0,0,0
1780683007.885632,0,0.3499999940395355,0,0,297,900,423158243,37,77,0.0,0.0,36.497344970703125,28.561874389648438,0,0,0.6000000238418579,0,0,1,0,0,8,0,0,0,8,99,1,0.0,0.0,36.04499053955078,28.408123016357422,1.5,0,0,0.0,0.0,0.0,0,0,0
1780683007.9055822,0,0.3499999940395355,0,0,297,900,423158243,37,77,0.0,0.0,36.497344970703125,28.561874389648438,0,0,0.6000000238418579,0,0,1,0,0,8,0,0,0,8,99,1,0.0,0.0,36.04499053955078,28.40812110900879,1.5,0,0,0.0,0.0,0.0,0,0,0
1780683007.925657,0,0.3499999940395355,0,0,297,900,423158243,38,77,0.0,0.0,36.497344970703125,28.561874389648438,0,0,0.6000000238418579,0,0,1,0,0,8,0,0,0,8,99,1,0.0,0.0,36.04499053955078,28.40812110900879,1.5,0,0,0.0,0.0,0.0,0,0,0
1780683007.9457872,0,0.3499999940395355,0,0,297,900,423158243,38,77,0.0,0.0,36.497344970703125,28.561874389648438,0,0,0.6000000238418579,0,0,1,0,0,8,0,0,0,8,99,1,0.0,0.0,36.04499053955078,28.40812110900879,1.5,0,0,0.0,0.0,0.0,0,0,0
1780683007.965784,0,0.3499999940395355,0,0,297,900,423158243,38,77,0.0,0.0,36.497344970703125,28.561874389648438,0,0,0.6000000238418579,0,0,1,0,0,8,0,0,0,8,99,1,0.0,0.0,36.04499053955078,28.408123016357422,1.5,0,0,0.0,0.0,0.0,0,0,0
1780683008.2862165,0,0.3499999940395355,0,0,282,900,423158243,60,77,0.0,0.0,36.497344970703125,28.561874389648438,0,0,0.6000000238418579,0,0,1,0,0,8,0,0,0,8,99,1,0.0,0.0,36.04499053955078,28.40812110900879,1.5,0,0,-1.0,0.0,0.0,0,0,0
1780683008.3258862,0,0.3499999940395355,0,0,282,900,423158243,60,77,0.0,0.0,37.09734344482422,28.561874389648438,0,0,0.6000000238418579,0,0,1,0,0,8,0,0,0,8,99,1,0.0,0.0,36.04499053955078,28.40812110900879,1.5,0,0,-1.0,0.0,0.0,0,0,0
1780683008.3457408,0,0.3499999940395355,0,0,282,900,423158243,60,77,0.0,0.0,37.15481185913086,28.561874389648438,0,0,0.6000000238418579,0,0,1,0,0,8,0,0,0,8,99,1,0.0,0.0,36.04499053955078,28.40812110900879,1.5,0,0,-1.0,0.0,0.0,0,0,0
1780683008.3661141,0,0.3499999940395355,0,0,282,900,423158243,60,77,0.0,0.0,37.15481185913086,28.561874389648438,0,0,0.6000000238418579,0,0,1,0,0,8,0,0,0,8,99,1,0.0,0.0,36.04499053955078,28.408119201660156,1.5,0,0,-1.0,0.0,0.0,0,0,0
1780683008.3855288,0,0.3499999940395355,0,0,282,900,423158243,60,77,0.0,0.0,37.15481185913086,28.561874389648438,0,0,0.6000000238418579,0,0,1,0,0,8,0,0,0,8,99,1,0.0,0.0,36.04499053955078,28.408119201660156,1.5,0,0,-1.0,0.0,0.0,0,0,0
1780683008.4055533,0,0.3499999940395355,0,0,282,900,423158243,60,77,0.0,0.0,37.15481185913086,28.561874389648438,0,0,0.6000000238418579,0,0,1,0,0,8,0,0,0,8,99,1,0.0,0.0,36.04499053955078,28.40812110900879,1.5,0,0,-1.0,0.0,0.0,0,0,0
1780683008.4258828,0,0.3499999940395355,0,0,282,900,423158243,60,77,0.0,0.0,37.15481185913086,28.561874389648438,0,0,0.6000000238418579,0,0,1,0,0,8,0,0,0,8,99,1,0.0,0.0,36.04499053955078,28.408119201660156,1.5,0,0,-1.0,0.0,0.0,0,0,0
1780683008.4458086,0,0.3499999940395355,0,0,282,900,423158243,60,77,0.0,0.0,37.15481185913086,28.561874389648438,0,0,0.6000000238418579,0,0,1,0,0,8,0,0,0,8,99,1,0.0,0.0,36.04499053955078,28.408123016357422,1.5,0,0,-1.0,0.0,0.0,0,0,0
1780683008.465651,0,0.3499999940395355,0,0,282,900,423158243,60,77,0.0,0.0,37.15481185913086,28.561874389648438,0,0,0.6000000238418579,0,0,1,0,0,8,0,0,0,8,99,1,0.0,0.0,36.04499053955078,28.408119201660156,1.5,0,0,-1.0,0.0,0.0,0,0,0
1780683008.4859326,0,0.3499999940395355,0,0,282,900,423158243,60,77,0.0,0.0,37.15481185913086,28.561874389648438,0,0,0.6000000238418579,0,0,1,0,0,8,0,0,0,8,99,1,0.0,0.0,36.04499053955078,28.40812110900879,1.5,0,0,-1.0,0.0,0.0,0,0,0
1780683008.5058908,0,0.3499999940395355,0,0,282,900,423158243,60,77,0.0,0.0,37.15481185913086,28.561874389648438,0,0,0.6000000238418579,0,0,1,0,0,8,0,0,0,8,99,1,0.0,0.0,36.04499053955078,28.40812110900879,1.5,0,0,-1.0,0.0,0.0,0,0,0
1780683008.525878,0,0.3499999940395355,0,0,282,900,423158243,60,77,0.0,0.0,37.15481185913086,28.561874389648438,0,0,0.6000000238418579,0,0,1,0,0,8,0,0,0,8,99,1,0.0,0.0,36.04499053955078,28.408119201660156,1.5,0,0,-1.0,0.0,0.0,0,0,0
1780683008.5457098,0,0.3499999940395355,0,0,282,900,423158243,60,77,0.0,0.0,37.15481185913086,28.561874389648438,1,0,0.6000000238418579,0,0,1,0,0,8,0,0,0,8,99,1,0.0,0.0,36.04499053955078,28.40812110900879,1.5,0,0,-1.0,0.0,0.0,0,0,0
1780683008.5657804,0,0.3499999940395355,0,0,282,900,423158243,60,77,0.0,0.0,37.15481185913086,28.561874389648438,1,0,0.6000000238418579,0,0,0,0,0,8,0,0,0,8,99,1,-8.300000190734863,0.0,35.948612213134766,28.408119201660156,1.5,0,0,-1.0,0.0,0.0,0,0,0
1780683008.5856357,0,0.3499999940395355,0,0,282,900,423158243,60,77,0.0,0.0,37.15481185913086,28.561874389648438,1,0,0.6000000238418579,0,0,0,0,0,8,0,0,0,8,99,1,-8.300000190734863,0.0,35.782615661621094,28.40812110900879,1.5,0,0,-1.0,0.0,0.0,0,0,0
1780683008.605377,0,0.3499999940395355,0,0,282,900,423158243,60,77,0.0,0.0,37.15481185913086,28.561874389648438,1,0,0.6000000238418579,0,0,0,0,0,8,0,0,0,8,99,1,-8.300000190734863,0.0,35.61653137207031,28.40812110900879,1.5,0,0,-1.0,0.0,0.0,0,0,0
1780683008.6262093,0,0.3499999940395355,0,0,282,900,423158243,60,77,0.0,0.0,37.15481185913086,28.561874389648438,1,0,0.6000000238418579,0,0,0,0,0,8,0,0,0,8,99,1,-8.300000190734863,0.0,35.450531005859375,28.408123016357422,1.5,0,0,-1.0,0.0,0.0,0,0,0
1780683008.6457622,0,0.3499999940395355,0,0,282,900,423158243,60,77,0.0,0.0,37.15481185913086,28.561874389648438,1,0,0.6000000238418579,0,0,0,0,0,8,0,0,0,8,99,1,-8.300000190734863,0.0,35.28461456298828,28.40812110900879,1.5,0,0,-1.0,0.0,0.0,0,0,0
1780683008.6656296,0,0.3499999940395355,0,0,282,900,423158243,60,77,0.0,0.0,37.15481185913086,28.561874389648438,1,0,0.6000000238418579,0,0,0,0,0,8,0,0,0,8,99,1,-8.300000190734863,0.0,35.118614196777344,28.408123016357422,1.5,0,0,-1.0,0.0,0.0,0,0,0
1780683008.6857839,0,0.3499999940395355,0,0,282,900,423158243,60,77,0.0,0.0,37.15481185913086,28.561874389648438,1,0,0.6000000238418579,0,0,0,0,0,8,0,0,0,8,99,1,-8.300000190734863,0.0,34.95261764526367,28.40812110900879,1.5,0,0,-1.0,0.0,0.0,0,0,0
1780683008.7058742,0,0.3499999940395355,0,0,282,900,423158243,60,77,0.0,0.0,37.15481185913086,28.561874389648438,1,0,0.6000000238418579,0,0,0,0,0,8,0,0,0,8,99,1,-8.300000190734863,0.0,34.78653335571289,28.408123016357422,1.5,0,0,-1.0,0.0,0.0,0,0,0
1780683008.725979,0,0.3499999940395355,0,0,282,900,423158243,60,77,0.0,0.0,37.15481185913086,28.561874389648438,1,0,0.6000000238418579,0,0,0,0,0,8,0,0,0,8,99,1,-8.300000190734863,0.0,34.62061309814453,28.40812110900879,1.5,0,0,1.0,0.0,0.0,0,0,0
1780683008.7460845,0,0.3499999940395355,0,0,282,900,423158243,60,77,0.0,0.0,37.15481185913086,28.561874389648438,1,0,0.6000000238418579,0,0,0,0,0,8,0,0,0,8,99,1,-8.300000190734863,0.0,34.454612731933594,28.40812110900879,1.5,0,0,0.0,0.0,0.0,0,0,0
1780683008.7658954,0,0.3499999940395355,0,0,282,900,423158243,60,77,0.0,0.0,37.15481185913086,28.561874389648438,1,0,0.6000000238418579,0,0,0,0,0,8,0,0,0,8,99,1,-8.300000190734863,0.0,34.28861618041992,28.408123016357422,1.5,0,0,0.0,0.0,0.0,0,0,0
1780683008.785671,0,0.3499999940395355,0,0,282,900,423158243,60,77,0.0,0.0,37.15481185913086,28.561874389648438,1,0,0.6000000238418579,0,0,0,0,0,8,0,0,0,8,99,1,0.0,0.0,34.21898651123047,28.40812110900879,1.5,0,0,0.0,0.0,0.0,0,0,0
1780683008.8056362,0,0.3499999940395355,0,0,282,900,423158243,60,77,0.0,0.0,37.15481185913086,28.561874389648438,1,0,0.6000000238418579,0,0,0,0,0,8,0,0,0,8,99,1,0.0,0.0,34.21898651123047,28.40812110900879,1.5,0,0,0.0,0.0,0.0,0,0,0
1780683008.8259938,0,0.3499999940395355,0,0,282,900,423158243,60,77,0.0,0.0,37.15481185913086,28.561874389648438,1,0,0.6000000238418579,0,0,0,0,0,8,0,0,0,8,99,1,0.0,0.0,34.21898651123047,28.40812110900879,1.5,0,0,0.0,0.0,0.0,0,0,0
1780683008.845764,0,0.3499999940395355,0,0,282,900,423158243,60,77,0.0,0.0,37.15481185913086,28.561874389648438,1,0,0.6000000238418579,0,0,0,0,0,8,0,0,0,8,99,1,0.0,0.0,34.21898651123047,28.40812110900879,1.5,0,0,0.0,0.0,0.0,0,0,0
1780683008.8659043,0,0.3499999940395355,0,0,282,900,423158243,60,77,0.0,0.0,37.15481185913086,28.561874389648438,1,0,0.6000000238418579,0,0,0,0,0,8,0,0,0,8,99,1,0.0,0.0,34.21898651123047,28.40812110900879,1.5,0,0,0.0,0.0,0.0,0,0,0
1780683008.8857443,0,0.3499999940395355,0,0,282,900,423158243,60,77,0.0,0.0,37.15481185913086,28.561874389648438,1,0,0.6000000238418579,0,0,0,0,0,8,0,0,0,8,99,1,0.0,0.0,34.21898651123047,28.408123016357422,1.5,0,0,0.0,0.0,0.0,0,0,0
1780683008.9063022,0,0.3499999940395355,0,0,282,900,423158243,60,77,0.0,0.0,37.15481185913086,28.561874389648438,1,0,0.6000000238418579,0,0,0,0,0,8,0,0,0,8,99,1,0.0,0.0,34.21898651123047,28.408119201660156,1.5,0,0,0.0,0.0,0.0,0,0,0
1780683008.9259312,0,0.3499999940395355,0,0,282,900,423158243,60,77,0.0,0.0,37.15481185913086,28.561874389648438,1,0,0.6000000238418579,0,0,0,0,0,8,0,0,0,8,99,1,0.0,0.0,34.21898651123047,28.40812110900879,1.5,0,0,0.0,0.0,0.0,0,0,0
1780683008.9457126,0,0.3499999940395355,0,0,282,900,423158243,60,77,0.0,0.0,37.15481185913086,28.561874389648438,1,0,0.6000000238418579,0,0,0,0,0,8,0,0,0,8,99,1,0.0,0.0,34.21898651123047,28.408119201660156,1.5,0,0,0.0,0.0,0.0,0,0,0
1780683008.9661932,0,0.3499999940395355,0,0,282,900,423158243,60,77,0.0,0.0,37.15481185913086,28.561874389648438,1,0,0.6000000238418579,0,0,0,0,0,8,0,0,0,8,99,1,0.0,0.0,34.21898651123047,28.408123016357422,1.5,0,0,0.0,0.0,0.0,0,0,0
1780683008.985973,0,0.3499999940395355,0,0,282,900,423158243,60,77,0.0,0.0,37.15481185913086,28.561874389648438,1,0,0.6000000238418579,0,0,0,0,0,8,0,0,0,8,99,1,0.0,0.0,34.21898651123047,28.408119201660156,1.5,0,0,1.0,0.0,0.0,0,0,0
1780683009.0059059,0,0.3499999940395355,0,0,282,900,423158243,60,77,0.0,0.0,37.15481185913086,28.561874389648438,1,0,0.6000000238418579,0,0,0,0,0,8,0,0,0,8,99,1,0.0,0.0,34.21898651123047,28.40812110900879,1.5,0,0,1.0,-1.0,0.0,0,0,0
1780683009.02604,0,0.3499999940395355,0,0,282,900,423158243,60,77,0.0,0.0,37.15481185913086,28.561874389648438,1,0,0.6000000238418579,0,0,0,0,0,8,0,0,0,8,99,1,0.0,0.0,34.21898651123047,28.40812110900879,1.5,0,0,1.0,-1.0,0.0,0,0,0
1780683009.0462482,0,0.3499999940395355,0,0,282,900,423158243,60,77,0.0,0.0,37.15481185913086,28.561874389648438,1,0,0.6000000238418579,0,0,1,0,0,8,0,0,0,8,99,1,8.300000190734863,0.0,34.3154182434082,28.408119201660156,1.5,0,0,1.0,-1.0,0.0,0,0,0
1780683009.0660164,0,0.3499999940395355,0,0,282,900,423158243,60,77,0.0,0.0,37.15481185913086,28.561874389648438,1,0,0.6000000238418579,0,0,1,0,0,8,0,0,0,8,99,1,8.300000190734863,0.0,34.481414794921875,28.40812110900879,1.5,0,0,1.0,-1.0,0.0,0,0,0
1780683009.0857675,0,0.3499999940395355,0,0,282,900,423158243,60,77,0.0,0.0,37.15481185913086,28.561874389648438,1,0,0.6000000238418579,0,0,1,0,0,8,0,0,0,8,99,1,8.300000190734863,0.0,34.64741897583008,28.40812110900879,1.5,0,0,1.0,-1.0,0.0,0,0,0
1780683009.1061015,0,0.3499999940395355,0,0,282,900,423158243,60,77,0.0,0.0,37.15481185913086,28.561874389648438,1,0,0.6000000238418579,0,0,1,0,0,8,0,0,0,8,99,1,8.300000190734863,0.0,34.81341552734375,28.408123016357422,1.5,0,0,0.0,0.0,0.0,0,0,0
1780683009.12635,0,0.3499999940395355,0,0,282,900,423158243,60,77,0.0,0.0,37.15481185913086,28.561874389648438,1,0,0.6000000238418579,0,0,1,0,0,8,0,0,0,8,99,1,8.300000190734863,0.0,34.97933578491211,28.40812110900879,1.5,0,0,0.0,0.0,0.0,0,0,1
1780683009.1461923,0,0.3499999940395355,1,0,282,900,423158243,60,77,0.0,0.0,37.15481185913086,28.561874389648438,0,0,0.6000000238418579,0,0,1,0,0,8,0,1,0,8,99,1,0.0,0.0,35.048988342285156,28.408119201660156,1.5,0,0,0.0,0.0,0.0,0,0,1
1780683009.1657627,0,0.3499999940395355,1,0,282,900,423158243,60,77,0.0,0.0,37.15481185913086,28.561874389648438,0,0,0.6000000238418579,0,0,1,0,0,8,0,1,0,8,99,1,0.0,0.0,35.048988342285156,28.408119201660156,1.5,0,0,0.0,0.0,0.0,0,0,1
1780683009.185756,0,0.3499999940395355,1,0,261,900,423158243,7,77,0.0,0.0,37.15481185913086,28.561874389648438,0,0,0.6000000238418579,0,0,1,0,0,8,0,1,0,8,99,1,-3.75,0.0,35.048988342285156,28.408123016357422,1.5,0,11,0.0,0.0,0.0,0,0,0
1780683009.2059574,0,0.3499999940395355,1,0,261,900,423158243,7,77,0.0,0.0,37.423744201660156,28.561874389648438,0,0,0.6000000238418579,0,0,1,0,0,8,0,1,0,8,99,1,-3.75,0.0,35.00541687011719,28.408119201660156,1.5,0,11,0.0,0.0,0.0,0,0,0
1780683009.2256796,0,0.3499999940395355,1,0,261,900,423158243,7,77,0.0,0.0,37.421531677246094,28.561874389648438,0,0,0.6000000238418579,0,0,1,0,0,8,0,1,0,8,99,1,-3.75,0.0,34.930416107177734,28.408119201660156,1.5,0,11,0.0,0.0,0.0,0,0,0
1780683009.2458525,0,0.3499999940395355,1,0,261,900,423158243,7,77,0.0,0.0,37.42011642456055,28.561874389648438,1,0,0.6000000238418579,0,0,1,0,0,8,0,1,0,8,99,1,-3.75,0.0,34.85541534423828,28.408119201660156,1.5,0,11,0.0,0.0,0.0,0,0,0
1780683009.2662382,0,0.3499999940395355,1,0,261,900,423158243,7,77,0.0,0.0,37.41920852661133,28.561874389648438,1,0,0.6000000238418579,0,0,1,0,0,8,0,1,0,8,99,1,-3.75,0.0,34.780452728271484,28.40812110900879,1.5,0,11,0.0,0.0,0.0,0,0,0
1780683009.2858965,0,0.3499999940395355,1,0,261,900,423158243,7,77,0.0,0.0,37.41862869262695,28.561874389648438,1,0,0.6000000238418579,0,0,1,0,0,8,0,1,0,8,99,1,-3.75,0.0,34.70545196533203,28.40812110900879,1.5,0,11,0.0,0.0,0.0,0,0,0
1780683009.3056378,0,0.3499999940395355,1,0,261,900,423158243,7,77,0.0,0.0,37.41825866699219,28.561874389648438,1,0,0.6000000238418579,0,0,1,0,0,8,0,1,0,8,99,1,-3.75,0.0,34.630455017089844,28.40812110900879,1.5,0,11,0.0,0.0,0.0,0,0,0
1780683009.3259563,0,0.3499999940395355,1,0,261,900,423158243,7,77,0.0,0.0,37.41801834106445,28.561874389648438,1,0,0.6000000238418579,0,0,1,0,0,8,0,1,0,8,99,1,-3.75,0.0,34.555450439453125,28.40812110900879,1.5,0,11,0.0,0.0,0.0,0,0,0
1780683009.3460038,0,0.3499999940395355,1,0,261,900,423158243,7,77,0.0,0.0,37.41786575317383,28.561874389648438,1,0,0.6000000238418579,0,0,1,0,0,8,0,1,0,8,99,1,-3.75,0.0,34.48045349121094,28.408119201660156,1.5,0,11,-1.0,0.0,0.0,0,0,0
1780683009.3658633,0,0.3499999940395355,1,0,261,900,423158243,7,77,0.0,0.0,37.41777038574219,28.561874389648438,1,0,0.6000000238418579,0,0,1,0,0,8,0,1,0,8,99,1,-3.75,0.0,34.405452728271484,28.408119201660156,1.5,0,11,-1.0,1.0,0.0,0,0,0
1780683009.3858943,0,0.3499999940395355,0,0,261,900,423158243,7,77,0.0,0.0,37.41770935058594,28.561874389648438,1,0,0.6000000238418579,0,0,0,0,0,8,0,0,0,8,99,1,-8.300000190734863,0.0,34.27763366699219,28.40812110900879,1.5,0,11,-1.0,0.0,0.0,0,0,0
1780683009.4059408,0,0.3499999940395355,0,0,261,900,423158243,7,77,0.0,0.0,37.417667388916016,28.561874389648438,1,0,0.6000000238418579,0,0,0,0,0,8,0,0,0,8,99,1,-8.300000190734863,0.0,34.111549377441406,28.408119201660156,1.5,0,11,-1.0,0.0,0.0,0,0,0
1780683009.42609,0,0.3499999940395355,0,0,261,900,423158243,7,77,0.0,0.0,37.417640686035156,28.561874389648438,1,0,0.6000000238418579,0,0,0,0,0,8,0,0,0,8,99,1,-8.300000190734863,0.0,33.94554901123047,28.408123016357422,1.5,0,11,-1.0,0.0,0.0,0,0,0
1780683009.4459403,0,0.3499999940395355,0,0,261,900,423158243,7,77,0.0,0.0,37.417625427246094,28.561874389648438,1,0,0.6000000238418579,0,0,0,0,0,8,0,0,0,8,99,1,-8.300000190734863,0.0,33.7795524597168,28.408119201660156,1.5,0,11,-1.0,0.0,0.0,0,0,0
1780683009.4658997,0,0.3499999940395355,0,0,261,900,423158243,7,77,0.0,0.0,37.41761779785156,28.561874389648438,1,0,0.6000000238418579,0,0,0,0,0,8,0,0,0,8,99,1,-8.300000190734863,0.0,33.61355209350586,28.40812110900879,1.5,0,11,-1.0,0.0,0.0,0,0,0
1780683009.4867635,0,0.3499999940395355,0,0,261,900,423158243,7,77,0.0,0.0,37.41761016845703,28.561874389648438,1,0,0.6000000238418579,0,0,0,0,0,8,0,0,0,8,99,1,-8.300000190734863,0.0,33.4476318359375,28.40812110900879,1.5,0,11,-1.0,0.0,0.0,0,0,0
1780683009.508841,0,0.3499999940395355,0,0,261,900,423158243,9,77,-13.844745635986328,41.0,37.417606353759766,28.561874389648438,1,0,0.6000000238418579,0,0,0,0,0,8,0,0,0,8,99,1,-8.300000190734863,0.0,33.28163528442383,28.408123016357422,1.5,0,11,-1.0,0.0,0.0,0,0,0
1780683009.5286975,0,0.3499999940395355,0,0,261,900,423158243,10,77,-13.844745635986328,39.20000076293945,37.14071273803711,29.345874786376953,1,0,0.6000000238418579,0,0,0,0,0,8,0,0,0,8,99,1,-8.300000190734863,0.0,33.115631103515625,28.40812110900879,1.5,0,11,-1.0,0.0,0.0,0,0,0
1780683009.5477755,0,0.3499999940395355,0,0,261,900,423158243,10,77,-13.844745635986328,37.400001525878906,36.86381912231445,30.093873977661133,1,0,0.6000000238418579,0,0,0,0,0,8,0,0,0,8,99,1,-8.300000190734863,0.0,32.949546813964844,28.408123016357422,1.5,0,11,-1.0,0.0,0.0,0,0,0
1780683009.5670154,0,0.3499999940395355,0,0,261,900,423158243,10,77,-13.844745635986328,35.60000228881836,36.5869255065918,30.80587387084961,1,0,0.6000000238418579,0,0,0,0,0,8,0,0,0,8,99,1,-8.300000190734863,0.0,32.78362274169922,28.40812110900879,1.5,0,11,-1.0,0.0,0.0,0,0,0
1780683009.5861728,0,0.3499999940395355,0,0,261,900,423158243,10,77,-13.844745635986328,33.80000305175781,36.31003189086914,31.481874465942383,1,0,0.6000000238418579,0,0,0,0,0,8,0,0,0,8,99,1,-8.300000190734863,0.0,32.61762619018555,28.40812110900879,1.5,0,11,-1.0,0.0,0.0,0,0,0
1780683009.6057765,0,0.3499999940395355,0,0,261,900,423158243,10,77,-13.844745635986328,32.000003814697266,36.033138275146484,32.12187194824219,1,0,0.6000000238418579,0,0,0,0,0,8,0,0,0,8,99,1,-8.300000190734863,0.0,32.451541900634766,28.408123016357422,1.5,0,11,-1.0,0.0,0.0,0,0,0
1780683009.6261778,0,0.3499999940395355,0,0,261,900,423158243,10,77,-13.844745635986328,30.20000457763672,35.75624465942383,32.72587203979492,1,0,0.6000000238418579,0,0,0,0,0,8,0,0,0,8,99,1,-8.300000190734863,0.0,32.285545349121094,28.40812110900879,1.5,0,11,-1.0,0.0,0.0,0,0,0
1780683009.6461353,0,0.3499999940395355,0,0,261,900,423158243,10,77,-13.844745635986328,28.400005340576172,35.47935104370117,33.29387283325195,1,0,0.6000000238418579,0,0,0,0,0,8,0,0,0,8,99,1,-8.300000190734863,0.0,32.119537353515625,28.40812110900879,1.5,0,11,-1.0,0.0,0.0,0,0,0
1780683009.666058,0,0.3499999940395355,0,0,261,900,423158243,10,77,-13.844745635986328,26.600006103515625,35.202457427978516,33.82587432861328,1,0,0.6000000238418579,0,0,0,0,0,8,0,0,0,8,99,1,-8.300000190734863,0.0,31.95362091064453,28.408119201660156,1.5,0,11,-1.0,0.0,0.0,0,0,0
1780683009.6859016,0,0.3499999940395355,0,0,261,900,423158243,10,77,-13.844745635986328,24.800006866455078,34.92556381225586,34.32187271118164,1,0,0.6000000238418579,0,0,0,0,0,8,0,0,0,8,99,1,-8.300000190734863,0.0,31.787620544433594,28.408119201660156,1.5,0,11,-1.0,0.0,0.0,0,0,0
1780683009.7058573,0,0.3499999940395355,0,0,261,900,423158243,10,77,-13.844745635986328,23.00000762939453,34.6486701965332,34.7818717956543,1,0,0.6000000238418579,0,0,0,0,0,8,0,0,0,8,99,1,-8.300000190734863,0.0,31.621536254882812,28.408123016357422,1.5,0,11,-1.0,0.0,0.0,0,0,0
1780683009.7260585,0,0.3499999940395355,0,0,261,900,423158243,10,77,-13.844745635986328,21.200008392333984,34.37177658081055,35.20587158203125,1,0,0.6000000238418579,0,0,0,0,0,8,0,0,0,8,99,1,-8.300000190734863,0.0,31.45553207397461,28.408123016357422,1.5,0,11,-1.0,0.0,0.0,0,0,0
1780683009.7461278,0,0.3499999940395355,0,0,261,900,423158243,10,77,-13.844745635986328,19.400009155273438,34.09488296508789,35.5938720703125,1,0,0.6000000238418579,0,0,0,0,0,8,0,0,0,8,99,1,-8.300000190734863,0.0,31.289531707763672,28.40812110900879,1.5,0,11,-1.0,0.0,0.0,0,0,0
1780683009.7662072,0,0.3499999940395355,0,0,261,900,423158243,10,77,-13.844745635986328,17.60000991821289,33.817989349365234,35.94587326049805,1,0,0.6000000238418579,0,0,0,0,0,8,0,0,0,8,99,1,-8.300000190734863,0.0,31.123615264892578,28.408119201660156,1.5,0,11,-1.0,0.0,0.0,0,0,0
1780683009.7862132,0,0.3499999940395355,0,0,261,900,423158243,10,77,-13.844745635986328,15.800010681152344,33.54109573364258,36.26187515258789,1,0,0.6000000238418579,0,0,0,0,0,8,0,0,0,8,99,1,-8.300000190734863,0.0,30.95752716064453,28.40812110900879,1.5,0,11,-1.0,0.0,0.0,0,0,0
1780683009.8059332,0,0.3499999940395355,0,0,261,900,423158243,10,77,-13.844745635986328,14.000011444091797,33.26420211791992,36.541873931884766,1,0,0.6000000238418579,0,0,0,0,0,8,0,0,0,8,99,1,-8.300000190734863,0.0,30.791610717773438,28.408123016357422,1.5,0,11,-1.0,0.0,0.0,0,0,0
1780683009.8261156,0,0.3499999940395355,0,0,261,900,423158243,10,77,-13.844745635986328,12.20001220703125,32.987308502197266,36.78587341308594,1,0,0.6000000238418579,0,0,0,0,0,8,0,0,0,8,99,1,-8.300000190734863,0.0,30.625526428222656,28.40812110900879,1.5,0,11,-1.0,0.0,0.0,0,0,0
1780683009.8460424,0,0.3499999940395355,0,0,261,900,423158243,10,77,-13.844745635986328,10.400012969970703,32.71041488647461,36.993873596191406,1,0,0.6000000238418579,0,0,0,0,0,8,0,0,0,8,99,1,-8.300000190734863,0.0,30.459529876708984,28.40812110900879,1.5,0,11,-1.0,0.0,0.0,0,0,0
1780683009.865826,0,0.3499999940395355,0,0,261,900,423158243,10,77,-13.844745635986328,8.600013732910156,32.43352127075195,37.16587448120117,1,0,0.6000000238418579,0,0,0,0,0,8,0,0,0,8,99,1,-8.300000190734863,0.0,30.293529510498047,28.40812110900879,1.5,0,11,-1.0,0.0,0.0,0,0,0
1780683009.885965,0,0.3499999940395355,0,0,261,900,423158243,10,77,-13.844745635986328,6.800014495849609,32.1566276550293,37.301876068115234,1,0,0.6000000238418579,0,0,0,0,0,8,0,0,0,8,99,1,-8.300000190734863,0.0,30.12752914428711,28.408123016357422,1.5,0,11,-1.0,0.0,0.0,0,0,0
1780683009.905967,0,0.3499999940395355,0,0,261,900,423158243,10,77,-13.844745635986328,5.0000152587890625,31.879732131958008,37.40187454223633,1,0,0.6000000238418579,0,0,0,0,0,8,0,0,0,8,99,1,-8.300000190734863,0.0,29.961528778076172,28.408119201660156,1.5,0,11,-1.0,0.0,0.0,0,0,0
1780683009.926143,0,0.3499999940395355,0,0,261,900,423158243,10,77,-13.844745635986328,3.2000160217285156,31.60283660888672,37.46587371826172,1,0,0.6000000238418579,0,0,0,0,0,8,0,0,0,8,99,1,-8.300000190734863,0.0,29.795608520507812,28.40812110900879,1.5,0,11,-1.0,0.0,0.0,0,0,0
1780683009.9458911,0,0.3499999940395355,0,0,261,900,423158243,10,77,-13.844745635986328,1.4000167846679688,31.32594108581543,37.493873596191406,1,0,0.6000000238418579,0,0,0,0,0,8,0,0,0,8,99,1,-8.300000190734863,0.0,29.629528045654297,28.408119201660156,1.5,0,11,0.0,0.0,0.0,0,0,0
1780683009.9659648,0,0.3499999940395355,0,0,261,900,423158243,10,77,-13.844745635986328,-0.3999824523925781,31.04904556274414,37.48587417602539,1,0,0.6000000238418579,0,0,0,0,0,8,0,0,0,8,99,1,-8.300000190734863,0.0,29.46352767944336,28.408123016357422,1.5,0,11,0.0,0.0,0.0,0,0,0
1780683009.9862487,0,0.3499999940395355,0,0,261,900,423158243,10,77,-13.844745635986328,-2.199981689453125,30.77215003967285,37.44187545776367,1,0,0.6000000238418579,0,0,0,0,0,8,0,0,0,8,99,1,0.0,0.0,29.393970489501953,28.40812110900879,1.5,0,11,0.0,0.0,0.0,0,0,0
1780683010.005885,0,0.3499999940395355,0,0,261,900,423158243,10,77,-13.844745635986328,-3.999980926513672,30.495254516601562,37.36187744140625,1,0,0.6000000238418579,0,0,0,0,0,8,0,0,0,8,99,1,0.0,0.0,29.393970489501953,28.40812110900879,1.5,0,11,0.0,0.0,0.0,0,0,0
1780683010.0258954,0,0.3499999940395355,0,0,261,900,423158243,10,77,-13.844745635986328,-5.799980163574219,30.218358993530273,37.24587631225586,1,0,0.6000000238418579,0,0,0,0,0,8,0,0,0,8,99,1,0.0,0.0,29.393970489501953,28.40812110900879,1.5,0,11,0.0,0.0,0.0,0,0,0
1780683010.046068,0,0.3499999940395355,0,0,261,900,423158243,10,77,-13.844745635986328,-7.599979400634766,29.941463470458984,37.093875885009766,1,0,0.6000000238418579,0,0,0,0,0,8,0,0,0,8,99,1,0.0,0.0,29.393970489501953,28.408119201660156,1.5,0,11,0.0,0.0,0.0,0,0,0
1780683010.0659916,0,0.3499999940395355,0,0,261,900,423158243,10,77,-13.844745635986328,-9.399978637695312,29.664567947387695,36.90587615966797,1,0,0.6000000238418579,0,0,0,0,0,8,0,0,0,8,99,1,0.0,0.0,29.393970489501953,28.408119201660156,1.5,0,11,0.0,0.0,0.0,0,0,0
1780683010.0857682,0,0.3499999940395355,0,0,261,900,423158243,10,77,-13.844745635986328,-11.19997787475586,29.387672424316406,36.68187713623047,1,0,0.6000000238418579,0,0,0,0,0,8,0,0,0,8,99,1,0.0,0.0,29.393970489501953,28.408123016357422,1.5,0,11,0.0,0.0,0.0,0,0,0
1780683010.105547,0,0.3499999940395355,0,0,261,900,423158243,10,77,-13.844745635986328,-12.999977111816406,29.110776901245117,36.421878814697266,1,0,0.6000000238418579,0,0,0,0,0,8,0,0,0,8,99,1,0.0,0.0,29.393970489501953,28.408123016357422,1.5,0,11,0.0,0.0,0.0,0,0,0
1780683010.126396,0,0.3499999940395355,0,0,261,900,423158243,10,77,-13.844745635986328,-14.799976348876953,28.833881378173828,36.12588119506836,1,0,0.6000000238418579,0,0,0,0,0,8,0,0,0,8,99,1,0.0,0.0,29.393970489501953,28.408119201660156,1.5,0,11,0.0,0.0,0.0,0,0,0
1780683010.1458762,0,0.3499999940395355,0,0,261,900,423158243,10,77,-13.844745635986328,-16.5999755859375,28.55698585510254,35.793880462646484,1,0,0.6000000238418579,0,0,0,0,0,8,0,0,0,8,99,1,0.0,0.0,29.393970489501953,28.408123016357422,1.5,0,11,0.0,0.0,0.0,0,0,0
1780683010.165998,0,0.3499999940395355,0,0,261,900,423158243,10,77,-13.844745635986328,-18.399974822998047,28.28009033203125,35.425880432128906,1,0,0.6000000238418579,0,0,0,0,0,8,0,0,0,8,99,1,0.0,0.0,29.393970489501953,28.408123016357422,1.5,0,11,0.0,0.0,0.0,0,0,0
1780683010.1860323,0,0.3499999940395355,0,0,261,900,423158243,10,77,-13.844745635986328,-20.199974060058594,28.00319480895996,35.021881103515625,1,0,0.6000000238418579,0,0,0,0,0,8,0,0,0,8,99,1,0.0,0.0,29.393970489501953,28.40812110900879,1.5,0,11,0.0,0.0,0.0,0,0,0
1780683010.2059815,0,0.3499999940395355,0,0,261,900,423158243,10,77,-13.844745635986328,-21.99997329711914,27.726299285888672,34.58188247680664,1,0,0.6000000238418579,0,0,0,0,0,8,0,0,0,8,99,1,0.0,0.0,29.393970489501953,28.408123016357422,1.5,0,11,0.0,0.0,0.0,0,0,0
1780683010.225902,0,0.3499999940395355,0,0,261,900,423158243,10,77,-13.844745635986328,-23.799972534179688,27.449403762817383,34.10588455200195,1,0,0.6000000238418579,0,0,0,0,0,8,0,0,0,8,99,1,0.0,0.0,29.393970489501953,28.408119201660156,1.5,0,11,0.0,0.0,0.0,0,0,0
1780683010.2460012,0,0.3499999940395355,0,0,261,900,423158243,10,77,-13.844745635986328,-25.599971771240234,27.172508239746094,33.5938835144043,1,0,0.6000000238418579,0,0,0,0,0,8,0,0,0,8,99,1,0.0,0.0,29.393970489501953,28.40812110900879,1.5,0,11,0.0,0.0,0.0,0,0,0
1780683010.2659516,0,0.3499999940395355,0,0,261,900,423158243,10,77,-13.844745635986328,-27.39997100830078,26.895612716674805,33.04588317871094,1,0,0.6000000238418579,0,0,0,0,0,8,0,0,0,8,99,1,0.0,0.0,29.393970489501953,28.40812110900879,1.5,0,11,0.0,0.0,0.0,0,0,0
1780683010.2858188,0,0.3499999940395355,0,0,261,900,423158243,10,77,-13.844745635986328,-29.199970245361328,26.618717193603516,32.461883544921875,1,0,0.6000000238418579,0,0,0,0,0,8,0,0,0,8,99,1,0.0,0.0,29.393970489501953,28.408119201660156,1.5,0,11,0.0,0.0,0.0,0,0,0
1780683010.3057392,0,0.3499999940395355,0,0,261,900,423158243,10,77,-13.844745635986328,-30.999969482421875,26.341821670532227,31.84188461303711,1,0,0.6000000238418579,0,0,0,0,0,8,0,0,0,8,99,1,0.0,0.0,29.393970489501953,28.408123016357422,1.5,0,11,0.0,0.0,0.0,0,0,0
1780683010.3263006,0,0.3499999940395355,0,0,261,900,423158243,10,77,-13.844745635986328,-32.79996871948242,26.064926147460938,31.18588638305664,1,0,0.6000000238418579,0,0,0,0,0,8,0,0,0,8,99,1,0.0,0.0,29.393970489501953,28.408123016357422,1.5,0,11,0.0,0.0,0.0,0,0,0
1780683010.3460069,0,0.3499999940395355,0,0,261,900,423158243,10,77,-13.844745635986328,-34.59996795654297,25.78803062438965,30.493886947631836,1,0,0.6000000238418579,0,0,0,0,0,8,0,0,0,8,99,1,0.0,0.0,29.393970489501953,28.40812110900879,1.5,0,11,-1.0,0.0,0.0,0,0,0
1780683010.3659186,0,0.3499999940395355,0,0,261,900,423158243,10,77,-13.844745635986328,-36.399967193603516,25.51113510131836,29.765888214111328,1,0,0.6000000238418579,0,0,0,0,0,8,0,0,0,8,99,1,0.0,0.0,29.393970489501953,28.408119201660156,1.5,0,11,-1.0,0.0,0.0,0,0,0
1780683010.385957,0,0.3499999940395355,0,0,261,900,423158243,10,77,-13.844745635986328,-38.19996643066406,25.23423957824707,29.001888275146484,1,0,0.6000000238418579,0,0,0,0,0,8,0,0,0,8,99,1,-8.300000190734863,0.0,29.297616958618164,28.408123016357422,1.5,0,11,-1.0,0.0,0.0,0,0,0
1780683010.4059832,0,0.3499999940395355,0,0,261,900,423158243,11,77,0.0,0.0,24.95734405517578,28.56183624267578,1,0,0.6000000238418579,0,0,0,0,0,8,0,0,0,8,99,1,-8.300000190734863,0.0,29.131534576416016,28.40812110900879,1.5,0,11,-1.0,0.0,0.0,0,0,0
1780683010.4262176,0,0.3499999940395355,0,0,261,900,423158243,11,77,0.0,0.0,24.95734405517578,28.56184959411621,1,0,0.6000000238418579,0,0,0,0,0,8,0,0,0,8,99,1,-8.300000190734863,0.0,28.965534210205078,28.408119201660156,1.5,0,11,-1.0,0.0,0.0,0,0,0
1780683010.4460945,0,0.3499999940395355,0,0,261,900,423158243,11,77,0.0,0.0,24.95734405517578,28.561859130859375,1,0,0.6000000238418579,0,0,0,0,0,8,0,0,0,8,99,1,-8.300000190734863,0.0,28.799537658691406,28.40812110900879,1.5,0,11,-1.0,0.0,0.0,0,0,1
1780683010.466188,0,0.3499999940395355,1,0,261,900,423158243,11,77,0.0,0.0,24.95734405517578,28.561864852905273,0,0,0.6000000238418579,0,0,0,0,0,8,0,1,0,8,99,1,-8.300000190734863,0.0,28.633617401123047,28.408119201660156,1.5,0,11,-1.0,0.0,0.0,0,0,1
1780683010.4859278,0,0.3499999940395355,1,0,261,900,423158243,11,77,0.0,0.0,24.95734405517578,28.56186866760254,0,0,0.6000000238418579,0,0,0,0,0,8,0,1,0,8,99,1,-8.300000190734863,0.0,28.467620849609375,28.40812110900879,1.5,0,11,-1.0,0.0,0.0,0,0,1
1780683010.5057034,0,0.3499999940395355,1,0,240,900,423158243,11,77,0.0,0.0,24.95734405517578,28.561870574951172,0,0,0.6000000238418579,0,0,0,0,0,8,0,1,0,8,99,1,3.75,0.0,28.30154037475586,28.40812110900879,1.5,0,22,-1.0,0.0,0.0,0,0,1
1780683010.5262403,0,0.3499999940395355,1,0,240,900,423158243,11,77,0.0,0.0,24.657344818115234,28.561870574951172,0,0,0.6000000238418579,0,0,0,0,0,8,0,1,0,8,99,1,3.75,0.0,28.27553367614746,28.408119201660156,1.5,0,22,-1.0,0.0,0.0,0,0,1
1780683010.5461829,0,0.3499999940395355,1,0,240,900,423158243,11,77,0.0,0.0,24.357345581054688,28.561870574951172,0,0,0.6000000238418579,0,0,0,0,0,8,0,1,0,8,99,1,3.75,0.0,28.350536346435547,28.40812110900879,1.5,0,22,-1.0,0.0,0.0,0,0,1
1780683010.566283,0,0.3499999940395355,1,0,240,900,423158243,11,77,0.0,0.0,24.05734634399414,28.561870574951172,1,0,0.6000000238418579,0,0,0,0,0,8,0,1,0,8,99,1,3.75,0.0,28.425537109375,28.408123016357422,1.5,0,22,-1.0,0.0,0.0,0,0,1
1780683010.5860102,0,0.3499999940395355,1,0,240,900,423158243,11,77,0.0,0.0,23.757347106933594,28.561870574951172,1,0,0.6000000238418579,0,0,0,0,0,8,0,1,0,8,99,1,3.75,0.0,28.500537872314453,28.408119201660156,1.5,0,22,-1.0,0.0,0.0,0,0,0
1780683010.605927,0,0.3499999940395355,1,0,240,900,423158243,11,77,0.0,0.0,23.457347869873047,28.561870574951172,1,0,0.6000000238418579,0,0,0,0,0,8,0,1,0,8,99,1,3.75,0.0,28.575538635253906,28.40812110900879,1.5,0,22,-1.0,0.0,0.0,0,0,0
1780683010.6263137,0,0.3499999940395355,1,0,240,900,423158243,11,77,0.0,0.0,23.1573486328125,28.561870574951172,1,0,0.6000000238418579,0,0,0,0,0,8,0,1,0,8,99,1,3.75,0.0,28.650541305541992,28.40812110900879,1.5,0,22,-1.0,0.0,0.0,0,0,0
1780683010.645977,0,0.3499999940395355,1,0,240,900,423158243,69,77,0.0,0.0,22.857349395751953,28.561870574951172,1,0,0.6000000238418579,0,0,0,0,0,8,0,1,0,8,99,1,3.75,0.0,28.725543975830078,28.408119201660156,1.5,0,22,-1.0,0.0,0.0,0,0,0
1780683010.6660824,0,0.3499999940395355,1,0,240,900,423158243,69,77,0.0,0.0,22.557350158691406,28.561870574951172,1,0,0.6000000238418579,0,0,0,0,0,8,0,1,0,8,99,1,3.75,0.0,28.80054473876953,28.408119201660156,1.5,0,22,-1.0,0.0,0.0,0,0,0
1780683010.6860304,0,0.3499999940395355,1,0,240,900,423158243,69,77,0.0,0.0,22.557350158691406,28.561870574951172,1,0,0.6000000238418579,0,0,0,0,0,8,0,1,0,8,99,1,3.75,0.0,28.87554359436035,28.408123016357422,1.5,0,22,-1.0,0.0,0.0,0,0,0
1780683010.7057207,0,0.3499999940395355,1,0,240,900,423158243,69,77,0.0,0.0,22.557350158691406,28.561870574951172,1,0,0.6000000238418579,0,0,0,0,0,8,0,1,0,8,99,1,-8.300000190734863,0.0,28.81053924560547,28.408123016357422,1.5,0,22,-1.0,0.0,0.0,0,0,0
1780683010.725672,0,0.3499999940395355,1,0,240,900,423158243,69,77,0.0,0.0,22.557350158691406,28.561870574951172,1,0,0.6000000238418579,0,0,0,0,0,8,0,1,0,8,99,1,-8.300000190734863,0.0,28.64453887939453,28.40812110900879,1.5,0,22,-1.0,0.0,0.0,0,0,0
1780683010.7460678,0,0.3499999940395355,1,0,240,900,423158243,69,77,0.0,0.0,22.557350158691406,28.561870574951172,1,0,0.6000000238418579,0,0,0,0,0,8,0,1,0,8,99,1,-8.300000190734863,0.0,28.478538513183594,28.408119201660156,1.5,0,22,-1.0,0.0,0.0,0,0,0
1780683010.7658746,0,0.3499999940395355,1,0,240,900,423158243,69,77,0.0,0.0,22.557350158691406,28.561870574951172,1,0,0.6000000238418579,0,0,0,0,0,8,0,1,0,8,99,1,-8.300000190734863,0.0,28.312620162963867,28.408123016357422,1.5,0,22,-1.0,0.0,0.0,0,0,0
1780683010.7859716,0,0.3499999940395355,1,0,240,900,423158243,69,77,0.0,0.0,22.557350158691406,28.561870574951172,1,0,0.6000000238418579,0,0,0,0,0,8,0,1,0,8,99,1,-8.300000190734863,0.0,28.146621704101562,28.40812110900879,1.5,0,22,-1.0,0.0,0.0,0,0,0
1780683010.8059194,0,0.3499999940395355,1,0,240,900,423158243,69,77,0.0,0.0,22.557350158691406,28.561870574951172,1,0,0.6000000238418579,0,0,0,0,0,8,0,1,0,8,99,1,-8.300000190734863,0.0,27.980621337890625,28.40812110900879,1.5,0,22,-1.0,0.0,0.0,0,0,0
1780683010.8260198,0,0.3499999940395355,0,0,240,900,423158243,69,77,0.0,0.0,22.557350158691406,28.561870574951172,1,0,0.6000000238418579,0,0,0,0,0,8,0,0,0,8,99,1,-8.300000190734863,0.0,27.814537048339844,28.408123016357422,1.5,0,22,-1.0,0.0,0.0,0,0,0
1780683010.8458545,0,0.3499999940395355,0,0,240,900,423158243,69,77,0.0,0.0,22.557350158691406,28.561870574951172,1,0,0.6000000238418579,0,0,0,0,0,8,0,0,0,8,99,1,-8.300000190734863,0.0,27.64853858947754,28.40812110900879,1.5,0,22,-1.0,0.0,0.0,0,0,0
1780683010.8657155,0,0.3499999940395355,0,0,240,900,423158243,69,77,0.0,0.0,22.557350158691406,28.561870574951172,1,0,0.6000000238418579,0,0,0,0,0,8,0,0,0,8,99,1,-8.300000190734863,0.0,27.482540130615234,28.408123016357422,1.5,0,22,-1.0,0.0,0.0,0,0,0
1780683010.8858478,0,0.3499999940395355,0,0,240,900,423158243,69,77,0.0,0.0,22.557350158691406,28.561870574951172,1,0,0.6000000238418579,0,0,0,0,0,8,0,0,0,8,99,1,-8.300000190734863,0.0,27.31654167175293,28.408123016357422,1.5,0,22,-1.0,0.0,0.0,0,0,0
1780683010.9059432,0,0.3499999940395355,0,0,240,900,423158243,45,77,-8.0,0.0,22.557350158691406,28.561870574951172,1,0,0.6000000238418579,0,0,0,0,0,8,0,0,0,8,99,1,-8.300000190734863,0.0,27.150543212890625,28.40812110900879,1.5,0,22,-1.0,0.0,0.0,0,0,0
1780683010.9263225,0,0.3499999940395355,0,0,240,900,423158243,45,77,-8.0,0.0,22.397350311279297,28.561870574951172,1,0,0.6000000238418579,0,0,0,0,0,8,0,0,0,8,99,1,-8.300000190734863,0.0,26.984546661376953,28.408119201660156,1.5,0,22,-1.0,0.0,0.0,0,0,0
1780683010.9461691,0,0.3499999940395355,0,0,240,900,423158243,45,77,-8.0,0.0,22.237350463867188,28.561870574951172,1,0,0.6000000238418579,0,0,0,0,0,8,0,0,0,8,99,1,-8.300000190734863,0.0,26.818546295166016,28.40812110900879,1.5,0,22,-1.0,0.0,0.0,0,0,0
1780683010.9660027,0,0.3499999940395355,0,0,240,900,423158243,45,77,-8.0,0.0,22.077350616455078,28.561870574951172,1,0,0.6000000238418579,0,0,0,0,0,8,0,0,0,8,99,1,-8.300000190734863,0.0,26.65262794494629,28.408119201660156,1.5,0,22,-1.0,0.0,0.0,0,0,0
1780683010.9858809,0,0.3499999940395355,0,0,240,900,423158243,45,77,-8.0,0.0,21.91735076904297,28.561870574951172,1,0,0.6000000238418579,0,0,0,0,0,8,0,0,0,8,99,1,-8.300000190734863,0.0,26.486629486083984,28.40812110900879,1.5,0,22,-1.0,0.0,0.0,0,0,0
1780683011.0059583,0,0.3499999940395355,0,0,240,900,423158243,45,77,-8.0,0.0,21.75735092163086,28.561870574951172,1,0,0.6000000238418579,0,0,0,0,0,8,0,0,0,8,99,1,-8.300000190734863,0.0,26.320629119873047,28.40812110900879,1.5,0,22,-1.0,0.0,0.0,0,0,1
1780683011.0262256,0,0.3499999940395355,1,0,240,900,423158243,45,77,-8.0,0.0,21.59735107421875,28.561870574951172,0,0,0.6000000238418579,0,0,0,0,0,8,0,1,0,8,99,1,-8.300000190734863,0.0,26.15454864501953,28.408123016357422,1.5,0,22,-1.0,0.0,0.0,0,0,1
1780683011.046245,0,0.3499999940395355,1,0,240,900,423158243,45,77,-8.0,0.0,21.43735122680664,28.561870574951172,0,0,0.6000000238418579,0,0,0,0,0,8,0,1,0,8,99,1,-8.300000190734863,0.0,25.98855209350586,28.408119201660156,1.5,0,22,-1.0,0.0,0.0,0,0,1
1780683011.0662138,0,0.3499999940395355,1,0,240,900,423158243,45,77,-8.0,0.0,21.27735137939453,28.561870574951172,0,0,0.6000000238418579,0,0,0,0,0,8,0,1,0,8,99,1,-8.300000190734863,0.0,25.822633743286133,28.40812110900879,1.5,0,22,-1.0,0.0,0.0,0,0,1
1780683011.0859172,0,0.3499999940395355,1,0,240,900,423158243,45,77,-8.0,0.0,21.117351531982422,28.561870574951172,0,0,0.6000000238418579,0,0,0,0,0,8,0,1,0,8,99,1,-8.300000190734863,0.0,25.656635284423828,28.40812110900879,1.5,0,22,-1.0,0.0,0.0,0,0,1
1780683011.1059082,0,0.3499999940395355,1,0,240,900,423158243,45,77,-8.0,0.0,20.957351684570312,28.561870574951172,0,0,0.6000000238418579,0,0,0,0,0,8,0,1,0,8,99,1,-8.300000190734863,0.0,25.490636825561523,28.408119201660156,1.5,0,22,-1.0,0.0,0.0,0,0,1
1780683011.1262016,0,0.3499999940395355,1,0,240,900,423158243,45,77,-8.0,0.0,20.797351837158203,28.561870574951172,0,0,0.6000000238418579,0,0,0,0,0,8,0,1,0,8,99,1,-8.300000190734863,0.0,25.324554443359375,28.40812110900879,1.5,0,22,-1.0,0.0,0.0,0,0,1
1780683011.146098,0,0.3499999940395355,1,0,240,900,423158243,45,77,-8.0,0.0,20.637351989746094,28.561870574951172,1,0,0.6000000238418579,0,0,0,0,0,8,0,1,0,8,99,1,-8.300000190734863,0.0,25.158554077148438,28.40812110900879,1.5,0,22,-1.0,0.0,0.0,0,0,0
1780683011.166109,0,0.3499999940395355,1,0,240,900,423158243,45,77,-8.0,0.0,20.477352142333984,28.561870574951172,1,0,0.6000000238418579,0,0,0,0,0,8,0,1,0,8,99,1,-8.300000190734863,0.0,24.992557525634766,28.40812110900879,1.5,0,22,-1.0,0.0,0.0,0,0,0
1780683011.1859417,0,0.3499999940395355,1,0,240,900,423158243,45,77,-8.0,0.0,20.317352294921875,28.561870574951172,1,0,0.6000000238418579,0,0,0,0,0,8,0,1,0,8,99,1,-8.300000190734863,0.0,24.826557159423828,28.40812110900879,1.5,0,22,-1.0,0.0,0.0,0,0,0
1780683011.2059326,0,0.3499999940395355,1,0,240,900,423158243,45,77,-8.0,0.0,20.157352447509766,28.561870574951172,1,0,0.6000000238418579,0,0,0,0,0,8,0,1,0,8,99,1,-8.300000190734863,0.0,24.66055679321289,28.40812110900879,1.5,0,22,-1.0,0.0,0.0,0,0,0
1780683011.2260535,0,0.3499999940395355,1,0,240,900,423158243,45,77,-8.0,0.0,19.997352600097656,28.561870574951172,1,0,0.6000000238418579,0,0,0,0,0,8,0,1,0,8,99,1,-8.300000190734863,0.0,24.494556427001953,28.40812110900879,1.5,0,22,-1.0,0.0,0.0,0,0,0
1780683011.2461696,0,0.3499999940395355,1,0,240,900,423158243,45,77,-8.0,0.0,19.837352752685547,28.561870574951172,1,0,0.6000000238418579,0,0,0,0,0,8,0,1,0,8,99,1,-8.300000190734863,0.0,24.32855796813965,28.408123016357422,1.5,0,22,-1.0,0.0,0.0,0,0,0
1780683011.265998,0,0.3499999940395355,1,0,240,900,423158243,7,77,0.0,0.0,19.677352905273438,28.561870574951172,1,0,0.6000000238418579,0,0,0,0,0,8,0,1,0,8,99,1,-8.300000190734863,0.0,24.162559509277344,28.408123016357422,1.5,0,22,-1.0,0.0,0.0,0,0,0
1780683011.285923,0,0.3499999940395355,1,0,240,900,423158243,7,77,0.0,0.0,19.677352905273438,28.561870574951172,1,0,0.6000000238418579,0,0,0,0,0,8,0,1,0,8,99,1,-8.300000190734863,0.0,23.996641159057617,28.40812110900879,1.5,0,22,-1.0,0.0,0.0,0,0,0
1780683011.3057106,0,0.3499999940395355,1,0,240,900,423158243,7,77,0.0,0.0,19.677352905273438,28.561870574951172,1,0,0.6000000238418579,0,0,0,0,0,8,0,1,0,8,99,1,-8.300000190734863,0.0,23.830642700195312,28.408119201660156,1.5,0,22,-1.0,0.0,0.0,0,0,0
1780683011.3256202,0,0.3499999940395355,1,0,240,900,423158243,7,77,0.0,0.0,19.677352905273438,28.561870574951172,1,0,0.6000000238418579,0,0,0,0,0,8,0,1,0,8,99,1,-8.300000190734863,0.0,23.66455841064453,28.40812110900879,1.5,0,22,-1.0,0.0,0.0,0,0,0
1780683011.345827,0,0.3499999940395355,1,0,240,900,423158243,7,77,0.0,0.0,19.677352905273438,28.561870574951172,1,0,0.6000000238418579,0,0,0,0,0,8,0,1,0,8,99,1,-8.300000190734863,0.0,23.498558044433594,28.408119201660156,1.5,0,22,-1.0,0.0,0.0,0,0,0
1780683011.3658793,0,0.3499999940395355,1,0,240,900,423158243,7,77,0.0,0.0,19.677352905273438,28.561870574951172,1,0,0.6000000238418579,0,0,0,0,0,8,0,1,0,8,99,1,-8.300000190734863,0.0,23.33255958557129,28.40812110900879,1.5,0,22,-1.0,0.0,0.0,0,0,0
1780683011.3858514,0,0.3499999940395355,0,0,240,900,423158243,7,77,0.0,0.0,19.677352905273438,28.561870574951172,1,0,0.6000000238418579,0,0,0,0,0,8,0,0,0,8,99,1,-8.300000190734863,0.0,23.166561126708984,28.40812110900879,1.5,0,22,-1.0,0.0,0.0,0,0,0
1780683011.4057357,0,0.3499999940395355,0,0,240,900,423158243,7,77,0.0,0.0,19.677352905273438,28.561870574951172,1,0,0.6000000238418579,0,0,0,0,0,8,0,0,0,8,99,1,-8.300000190734863,0.0,23.000560760498047,28.408123016357422,1.5,0,22,-1.0,0.0,0.0,0,0,0
1780683011.4260905,0,0.3499999940395355,0,0,240,900,423158243,7,77,0.0,0.0,19.677352905273438,28.561870574951172,1,0,0.6000000238418579,0,0,0,0,0,8,0,0,0,8,99,1,-8.300000190734863,0.0,22.834562301635742,28.408123016357422,1.5,0,22,-1.0,0.0,0.0,0,0,0
1780683011.4461498,0,0.3499999940395355,0,0,240,900,423158243,7,77,0.0,0.0,19.677352905273438,28.561870574951172,1,0,0.6000000238418579,0,0,0,0,0,8,0,0,0,8,99,1,-8.300000190734863,0.0,22.668643951416016,28.40812110900879,1.5,0,22,-1.0,0.0,0.0,0,0,0
1780683011.46571,0,0.3499999940395355,0,0,240,900,423158243,7,77,0.0,0.0,19.677352905273438,28.561870574951172,1,0,0.6000000238418579,0,0,0,0,0,8,0,0,0,8,99,1,-8.300000190734863,0.0,22.50264549255371,28.408119201660156,1.5,0,22,-1.0,0.0,0.0,0,0,0
1780683011.485622,0,0.3499999940395355,0,0,240,900,423158243,7,77,0.0,0.0,19.677352905273438,28.561870574951172,1,0,0.6000000238418579,0,0,0,0,0,8,0,0,0,8,99,1,-8.300000190734863,0.0,22.336650848388672,28.40812110900879,1.5,0,22,-1.0,0.0,0.0,0,0,1
1780683011.5059955,0,0.3499999940395355,1,0,240,900,423158243,7,77,0.0,0.0,19.677352905273438,28.561870574951172,0,0,0.6000000238418579,0,0,0,0,0,8,0,1,0,8,99,1,-8.300000190734863,0.0,22.170570373535156,28.40812110900879,1.5,0,22,-1.0,0.0,0.0,0,0,1
1780683011.5261526,0,0.3499999940395355,1,0,240,900,423158243,7,77,0.0,0.0,19.677352905273438,28.561870574951172,0,0,0.6000000238418579,0,0,0,0,0,8,0,1,0,8,99,1,-8.300000190734863,0.0,22.004568099975586,28.40812110900879,1.5,0,22,-1.0,0.0,0.0,0,0,1
1780683011.5461605,0,0.3499999940395355,1,0,219,900,423158243,7,77,0.0,0.0,19.677352905273438,28.561870574951172,0,0,0.6000000238418579,0,0,0,0,0,8,0,1,0,8,99,1,3.75,0.0,21.83856964111328,28.40812110900879,1.5,0,33,-1.0,0.0,0.0,0,0,1
1780683011.566214,0,0.3499999940395355,1,0,219,900,423158243,7,77,0.0,0.0,19.37735366821289,28.561870574951172,0,0,0.6000000238418579,0,0,0,0,0,8,0,1,0,8,99,1,3.75,0.0,21.81247329711914,28.40812110900879,1.5,0,33,0.0,0.0,0.0,0,0,1
1780683011.5861273,0,0.3499999940395355,1,0,219,900,423158243,9,77,16.390487670898438,41.0,19.077354431152344,28.561870574951172,0,0,0.6000000238418579,0,0,0,0,0,8,0,1,0,8,99,1,3.75,0.0,21.88751220703125,28.408123016357422,1.5,0,33,0.0,0.0,0.0,0,0,0
1780683011.6057436,0,0.3499999940395355,1,0,219,900,423158243,10,77,16.390487670898438,39.20000076293945,19.105165481567383,29.345870971679688,1,0,0.6000000238418579,0,0,0,0,0,8,0,1,0,8,99,1,3.75,0.0,21.962512969970703,28.408123016357422,1.5,0,33,0.0,0.0,0.0,0,0,0
1780683011.6262577,0,0.3499999940395355,1,0,219,900,423158243,10,77,16.390487670898438,37.400001525878906,19.132976531982422,30.093870162963867,1,0,0.6000000238418579,0,0,0,0,0,8,0,1,0,8,99,1,3.75,0.0,22.037513732910156,28.408119201660156,1.5,0,33,0.0,0.0,0.0,0,0,0
1780683011.646569,0,0.3499999940395355,1,0,219,900,423158243,10,77,16.390487670898438,35.60000228881836,19.16078758239746,30.805870056152344,1,0,0.6000000238418579,0,0,0,0,0,8,0,1,0,8,99,1,3.75,0.0,22.112476348876953,28.40812110900879,1.5,0,33,0.0,0.0,0.0,0,0,0
1780683011.666829,0,0.3499999940395355,1,0,219,900,423158243,10,77,16.390487670898438,33.80000305175781,19.1885986328125,31.481870651245117,1,0,0.6000000238418579,0,0,0,0,0,8,0,1,0,8,99,1,3.75,0.0,22.187477111816406,28.408119201660156,1.5,0,33,0.0,0.0,0.0,0,0,0
1780683011.6866791,0,0.3499999940395355,1,0,219,900,423158243,10,77,16.390487670898438,32.000003814697266,19.21640968322754,32.12186813354492,1,0,0.6000000238418579,0,0,0,0,0,8,0,1,0,8,99,1,3.75,0.0,22.262516021728516,28.408123016357422,1.5,0,33,0.0,0.0,0.0,0,0,0
1780683011.7061605,0,0.3499999940395355,1,0,219,900,423158243,10,77,16.390487670898438,30.20000457763672,19.244220733642578,32.725868225097656,1,0,0.6000000238418579,0,0,0,0,0,8,0,1,0,8,99,1,3.75,0.0,22.337480545043945,28.408123016357422,1.5,0,33,0.0,0.0,0.0,0,0,0
1780683011.7261045,0,0.3499999940395355,1,0,219,900,423158243,10,77,16.390487670898438,28.400005340576172,19.572031021118164,33.29386901855469,1,0,0.6000000238418579,0,0,0,0,0,8,0,1,0,8,99,1,3.75,0.0,22.412479400634766,28.408119201660156,1.5,0,33,0.0,0.0,0.0,0,0,0
1780683011.7455897,0,0.3499999940395355,1,0,219,900,423158243,10,77,16.390487670898438,26.600006103515625,19.89984130859375,33.825870513916016,1,0,0.6000000238418579,0,0,0,0,0,8,0,1,0,8,99,1,0.0,0.0,22.443965911865234,28.408119201660156,1.5,0,33,0.0,0.0,0.0,0,0,0
1780683011.7658803,0,0.3499999940395355,1,0,219,900,423158243,10,77,16.390487670898438,24.800006866455078,20.227651596069336,34.321868896484375,1,0,0.6000000238418579,0,0,0,0,0,8,0,1,0,8,99,1,0.0,0.0,22.443965911865234,28.40812110900879,1.5,0,33,0.0,0.0,0.0,0,0,0
1780683011.7858078,0,0.3499999940395355,1,0,219,900,423158243,10,77,16.390487670898438,23.00000762939453,20.555461883544922,34.78186798095703,1,0,0.6000000238418579,0,0,0,0,0,8,0,1,0,8,99,1,0.0,0.0,22.443965911865234,28.408119201660156,1.5,0,33,0.0,0.0,0.0,0,0,0
1780683011.8056862,0,0.3499999940395355,1,0,219,900,423158243,10,77,16.390487670898438,21.200008392333984,20.883272171020508,35.205867767333984,1,0,0.6000000238418579,0,0,0,0,0,8,0,1,0,8,99,1,0.0,0.0,22.443965911865234,28.408123016357422,1.5,0,33,0.0,0.0,0.0,0,0,0
1780683011.82568,0,0.3499999940395355,1,0,219,900,423158243,10,77,16.390487670898438,19.400009155273438,21.211082458496094,35.593868255615234,1,0,0.6000000238418579,0,0,0,0,0,8,0,1,0,8,99,1,0.0,0.0,22.443965911865234,28.408119201660156,1.5,0,33,0.0,0.0,0.0,0,0,0
1780683011.8460608,0,0.3499999940395355,1,0,219,900,423158243,10,77,16.390487670898438,17.60000991821289,21.53889274597168,35.94586944580078,1,0,0.6000000238418579,0,0,0,0,0,8,0,1,0,8,99,1,0.0,0.0,22.443965911865234,28.40812110900879,1.5,0,33,0.0,0.0,0.0,0,0,0
1780683011.865888,0,0.3499999940395355,0,0,219,900,423158243,10,77,16.390487670898438,15.800010681152344,21.866703033447266,36.261871337890625,1,0,0.6000000238418579,0,0,0,0,0,8,0,0,0,8,99,1,0.0,0.0,22.443965911865234,28.40812110900879,1.5,0,33,0.0,0.0,0.0,0,0,0
1780683011.8856354,0,0.3499999940395355,0,0,219,900,423158243,10,77,16.390487670898438,14.000011444091797,22.19451332092285,36.5418701171875,1,0,0.6000000238418579,0,0,0,0,0,8,0,0,0,8,99,1,0.0,0.0,22.443965911865234,28.40812110900879,1.5,0,33,0.0,0.0,0.0,0,0,0
1780683011.9055595,0,0.3499999940395355,0,0,219,900,423158243,10,77,16.390487670898438,12.20001220703125,22.522323608398438,36.78586959838867,1,0,0.6000000238418579,0,0,0,0,0,8,0,0,0,8,99,1,0.0,0.0,22.443965911865234,28.408123016357422,1.5,0,33,0.0,0.0,0.0,0,0,0
1780683011.926008,0,0.3499999940395355,0,0,219,900,423158243,10,77,16.390487670898438,10.400012969970703,22.850133895874023,36.99386978149414,1,0,0.6000000238418579,0,0,0,0,0,8,0,0,0,8,99,1,0.0,0.0,22.443965911865234,28.408123016357422,1.5,0,33,0.0,0.0,0.0,0,0,0
1780683011.9459813,0,0.3499999940395355,0,0,219,900,423158243,10,77,16.390487670898438,8.600013732910156,23.17794418334961,37.165870666503906,1,0,0.6000000238418579,0,0,0,0,0,8,0,0,0,8,99,1,0.0,0.0,22.443965911865234,28.408119201660156,1.5,0,33,0.0,0.0,0.0,0,0,0
1780683011.965896,0,0.3499999940395355,0,0,219,900,423158243,10,77,16.390487670898438,6.800014495849609,23.505754470825195,37.30187225341797,1,0,0.6000000238418579,0,0,0,0,0,8,0,0,0,8,99,1,0.0,0.0,22.443965911865234,28.408123016357422,1.5,0,33,0.0,0.0,0.0,0,0,0
1780683011.9860616,0,0.3499999940395355,0,0,219,900,423158243,10,77,16.390487670898438,5.0000152587890625,23.83356475830078,37.40187072753906,1,0,0.6000000238418579,0,0,0,0,0,8,0,0,0,8,99,1,0.0,0.0,22.443965911865234,28.408123016357422,1.5,0,33,0.0,0.0,0.0,0,0,0
1780683012.0058057,0,0.3499999940395355,0,0,219,900,423158243,10,77,16.390487670898438,3.2000160217285156,24.161375045776367,37.46586990356445,1,0,0.6000000238418579,0,0,0,0,0,8,0,0,0,8,99,1,0.0,0.0,22.443965911865234,28.408119201660156,1.5,0,33,0.0,0.0,0.0,0,0,0
1780683012.0256457,0,0.3499999940395355,0,0,219,900,423158243,10,77,16.390487670898438,1.4000167846679688,24.489185333251953,37.49386978149414,1,0,0.6000000238418579,0,0,0,0,0,8,0,0,0,8,99,1,0.0,0.0,22.443965911865234,28.408123016357422,1.5,0,33,0.0,0.0,0.0,0,0,0
1780683012.045906,0,0.3499999940395355,0,0,219,900,423158243,10,77,16.390487670898438,-0.3999824523925781,24.81699562072754,37.485870361328125,1,0,0.6000000238418579,0,0,0,0,0,8,0,0,0,8,99,1,0.0,0.0,22.443965911865234,28.408119201660156,1.5,0,33,0.0,0.0,0.0,0,0,0
1780683012.06619,0,0.3499999940395355,0,0,219,900,423158243,10,77,16.390487670898438,-2.199981689453125,25.144805908203125,37.441871643066406,1,0,0.6000000238418579,0,0,0,0,0,8,0,0,0,8,99,1,0.0,0.0,22.443965911865234,28.408119201660156,1.5,0,33,0.0,0.0,0.0,0,0,0
1780683012.0860755,0,0.3499999940395355,0,0,219,900,423158243,10,77,16.390487670898438,-3.999980926513672,25.47261619567871,37.361873626708984,1,0,0.6000000238418579,0,0,0,0,0,8,0,0,0,8,99,1,0.0,0.0,22.443965911865234,28.408123016357422,1.5,0,33,-1.0,0.0,0.0,0,0,0
1780683012.1058586,0,0.3499999940395355,0,0,219,900,423158243,10,77,16.390487670898438,-5.799980163574219,25.800426483154297,37.245872497558594,1,0,0.6000000238418579,0,0,0,0,0,8,0,0,0,8,99,1,0.0,0.0,22.443965911865234,28.408123016357422,1.5,0,33,-1.0,0.0,0.0,0,0,0
1780683012.1263437,0,0.3499999940395355,0,0,219,900,423158243,10,77,16.390487670898438,-7.599979400634766,26.128236770629883,37.0938720703125,1,0,0.6000000238418579,0,0,0,0,0,8,0,0,0,8,99,1,-8.300000190734863,0.0,22.34758949279785,28.408123016357422,1.5,0,33,-1.0,0.0,0.0,0,0,0
1780683012.1461852,0,0.3499999940395355,0,0,219,900,423158243,10,77,16.390487670898438,-9.399978637695312,26.45604705810547,36.9058723449707,1,0,0.6000000238418579,0,0,0,0,0,8,0,0,0,8,99,1,-8.300000190734863,0.0,22.18158721923828,28.408119201660156,1.5,0,33,-1.0,0.0,0.0,0,0,0
1780683012.166013,0,0.3499999940395355,0,0,219,900,423158243,10,77,16.390487670898438,-11.19997787475586,26.783857345581055,36.6818733215332,1,0,0.6000000238418579,0,0,0,0,0,8,0,0,0,8,99,1,-8.300000190734863,0.0,22.015666961669922,28.40812110900879,1.5,0,33,-1.0,0.0,0.0,0,0,0
1780683012.1863482,0,0.3499999940395355,0,0,219,900,423158243,10,77,16.390487670898438,-12.999977111816406,27.11166763305664,36.421875,1,0,0.6000000238418579,0,0,0,0,0,8,0,0,0,8,99,1,-8.300000190734863,0.0,21.84967041015625,28.40812110900879,1.5,0,33,-1.0,0.0,0.0,0,0,0
1780683012.2058566,0,0.3499999940395355,0,0,219,900,423158243,10,77,16.390487670898438,-14.799976348876953,27.439477920532227,36.125877380371094,1,0,0.6000000238418579,0,0,0,0,0,8,0,0,0,8,99,1,-8.300000190734863,0.0,21.683582305908203,28.40812110900879,1.5,0,33,-1.0,0.0,0.0,0,0,0
1780683012.2259676,0,0.3499999940395355,0,0,219,900,423158243,10,77,16.390487670898438,-16.5999755859375,27.767288208007812,35.79387664794922,1,0,0.6000000238418579,0,0,0,0,0,8,0,0,0,8,99,1,-8.300000190734863,0.0,21.51758575439453,28.40812110900879,1.5,0,33,-1.0,0.0,0.0,0,0,0
1780683012.2461803,0,0.3499999940395355,0,0,219,900,423158243,10,77,16.390487670898438,-18.399974822998047,28.0950984954834,35.42587661743164,1,0,0.6000000238418579,0,0,0,0,0,8,0,0,0,8,99,1,-8.300000190734863,0.0,21.351585388183594,28.40812110900879,1.5,0,33,-1.0,0.0,0.0,0,0,0
1780683012.2662208,0,0.3499999940395355,0,0,219,900,423158243,10,77,16.390487670898438,-20.199974060058594,28.422908782958984,35.02187728881836,1,0,0.6000000238418579,0,0,0,0,0,8,0,0,0,8,99,1,-8.300000190734863,0.0,21.1856689453125,28.408123016357422,1.5,0,33,-1.0,0.0,0.0,0,0,0
1780683012.285866,0,0.3499999940395355,0,0,219,900,423158243,10,77,16.390487670898438,-21.99997329711914,28.75071907043457,34.581878662109375,1,0,0.6000000238418579,0,0,0,0,0,8,0,0,0,8,99,1,-8.300000190734863,0.0,21.019668579101562,28.40812110900879,1.5,0,33,-1.0,0.0,0.0,0,0,0
1780683012.3054671,0,0.3499999940395355,0,0,219,900,423158243,10,77,16.390487670898438,-23.799972534179688,29.078529357910156,34.10588073730469,1,0,0.6000000238418579,0,0,0,0,0,8,0,0,0,8,99,1,-8.300000190734863,0.0,20.853586196899414,28.40812110900879,1.5,0,33,-1.0,0.0,0.0,0,0,0
1780683012.3257625,0,0.3499999940395355,0,0,219,900,423158243,10,77,16.390487670898438,-25.599971771240234,29.406339645385742,33.59387969970703,1,0,0.6000000238418579,0,0,0,0,0,8,0,0,0,8,99,1,-8.300000190734863,0.0,20.68758773803711,28.408123016357422,1.5,0,33,-1.0,0.0,0.0,0,0,0
1780683012.3459451,0,0.3499999940395355,0,0,219,900,423158243,10,77,16.390487670898438,-27.39997100830078,29.734149932861328,33.04587936401367,1,0,0.6000000238418579,0,0,0,0,0,8,0,0,0,8,99,1,-8.300000190734863,0.0,20.521587371826172,28.408123016357422,1.5,0,33,-1.0,0.0,0.0,0,0,0
1780683012.3658412,0,0.3499999940395355,0,0,219,900,423158243,10,77,16.390487670898438,-29.199970245361328,30.061960220336914,32.46187973022461,1,0,0.6000000238418579,0,0,0,0,0,8,0,0,0,8,99,1,-8.300000190734863,0.0,20.355667114257812,28.40812110900879,1.5,0,33,-1.0,0.0,0.0,0,0,0
1780683012.385536,0,0.3499999940395355,0,0,219,900,423158243,10,77,16.390487670898438,-30.999969482421875,30.3897705078125,31.841880798339844,1,0,0.6000000238418579,0,0,0,0,0,8,0,0,0,8,99,1,-8.300000190734863,0.0,20.18967056274414,28.40812110900879,1.5,0,33,-1.0,0.0,0.0,0,0,0
1780683012.4058764,0,0.3499999940395355,0,0,219,900,423158243,10,77,16.390487670898438,-32.79996871948242,30.717580795288086,31.185882568359375,1,0,0.6000000238418579,0,0,0,0,0,8,0,0,0,8,99,1,-8.300000190734863,0.0,20.023670196533203,28.408123016357422,1.5,0,33,-1.0,0.0,0.0,0,0,0
1780683012.4260428,0,0.3499999940395355,0,0,219,900,423158243,10,77,16.390487670898438,-34.59996795654297,31.045391082763672,30.49388313293457,1,0,0.6000000238418579,0,0,0,0,0,8,0,0,0,8,99,1,-8.300000190734863,0.0,19.857669830322266,28.408119201660156,1.5,0,33,-1.0,0.0,0.0,0,0,0
1780683012.4461114,0,0.3499999940395355,0,0,219,900,423158243,10,77,16.390487670898438,-36.399967193603516,31.373201370239258,29.765884399414062,1,0,0.6000000238418579,0,0,0,0,0,8,0,0,0,8,99,1,-8.300000190734863,0.0,19.691673278808594,28.40812110900879,1.5,0,33,-1.0,0.0,0.0,0,0,0
1780683012.466054,0,0.3499999940395355,0,0,219,900,423158243,10,77,16.390487670898438,-38.19996643066406,31.701011657714844,29.00188446044922,1,0,0.6000000238418579,0,0,0,0,0,8,0,0,0,8,99,1,-8.300000190734863,0.0,19.525676727294922,28.40812110900879,1.5,0,33,0.0,0.0,0.0,0,0,0
1780683012.485947,0,0.3499999940395355,0,0,219,900,423158243,11,77,0.0,0.0,32.0288200378418,28.56183624267578,1,0,0.6000000238418579,0,0,0,0,0,8,0,0,0,8,99,1,-8.300000190734863,0.0,19.359676361083984,28.408119201660156,1.5,0,33,0.0,0.0,0.0,0,0,0
1780683012.506041,0,0.3499999940395355,0,0,219,900,423158243,11,77,0.0,0.0,32.0288200378418,28.56184959411621,1,0,0.6000000238418579,0,0,0,0,0,8,0,0,0,8,99,1,0.0,0.0,19.289958953857422,28.408123016357422,1.5,0,33,0.0,0.0,0.0,0,0,0
1780683012.5262752,0,0.3499999940395355,0,0,219,900,423158243,11,77,0.0,0.0,32.0288200378418,28.561859130859375,1,0,0.6000000238418579,0,0,0,0,0,8,0,0,0,8,99,1,0.0,0.0,19.289958953857422,28.408119201660156,1.5,0,33,0.0,0.0,0.0,0,0,0
1780683012.545982,0,0.3499999940395355,0,0,219,900,423158243,11,77,0.0,0.0,32.0288200378418,28.561864852905273,1,0,0.6000000238418579,0,0,0,0,0,8,0,0,0,8,99,1,0.0,0.0,19.289958953857422,28.408119201660156,1.5,0,33,0.0,0.0,0.0,0,0,0
1780683012.5658937,0,0.3499999940395355,0,0,219,900,423158243,11,77,0.0,0.0,32.0288200378418,28.56186866760254,1,0,0.6000000238418579,0,0,0,0,0,8,0,0,0,8,99,1,0.0,0.0,19.289958953857422,28.408123016357422,1.5,0,33,0.0,0.0,0.0,0,0,0
1780683012.585742,0,0.3499999940395355,0,0,219,900,423158243,11,77,0.0,0.0,32.0288200378418,28.561870574951172,1,0,0.6000000238418579,0,0,0,0,0,8,0,0,0,8,99,1,0.0,0.0,19.289958953857422,28.408123016357422,1.5,0,33,1.0,0.0,0.0,0,0,0
1780683012.6058192,0,0.3499999940395355,0,0,219,900,423158243,11,77,0.0,0.0,32.0288200378418,28.561870574951172,1,0,0.6000000238418579,0,0,0,0,0,8,0,0,0,8,99,1,0.0,0.0,19.289958953857422,28.40812110900879,1.5,0,33,1.0,-1.0,0.0,0,0,0
1780683012.6262484,0,0.3499999940395355,0,0,219,900,423158243,11,77,0.0,0.0,32.0288200378418,28.561870574951172,1,0,0.6000000238418579,0,0,1,0,0,8,0,0,0,8,99,1,8.300000190734863,0.0,19.386323928833008,28.40812110900879,1.5,0,33,1.0,-1.0,0.0,0,0,0
1780683012.6460433,0,0.3499999940395355,0,0,219,900,423158243,11,77,0.0,0.0,32.0288200378418,28.561870574951172,1,0,0.6000000238418579,0,0,1,0,0,8,0,0,0,8,99,1,8.300000190734863,0.0,19.552326202392578,28.408123016357422,1.5,0,33,1.0,-1.0,0.0,0,0,0
1780683012.666074,0,0.3499999940395355,0,0,219,900,423158243,11,77,0.0,0.0,32.0288200378418,28.561870574951172,1,0,0.6000000238418579,0,0,1,0,0,8,0,0,0,8,99,1,8.300000190734863,0.0,19.71832275390625,28.408123016357422,1.5,0,33,1.0,-1.0,0.0,0,0,0
1780683012.6860807,0,0.3499999940395355,0,0,219,900,423158243,11,77,0.0,0.0,32.0288200378418,28.561870574951172,1,0,0.6000000238418579,0,0,1,0,0,8,0,0,0,8,99,1,8.300000190734863,0.0,19.88424301147461,28.40812110900879,1.5,0,33,1.0,-1.0,0.0,0,0,0
1780683012.7055254,0,0.3499999940395355,0,0,219,900,423158243,11,77,0.0,0.0,32.0288200378418,28.561870574951172,1,0,0.6000000238418579,0,0,1,0,0,8,0,0,0,8,99,1,8.300000190734863,0.0,20.05032730102539,28.40812110900879,1.5,0,33,1.0,-1.0,0.0,0,0,0
1780683012.7258618,0,0.3499999940395355,0,0,219,900,423158243,1,77,0.0,0.0,32.0288200378418,28.561870574951172,1,0,0.6000000238418579,0,0,1,0,0,8,0,0,0,8,99,1,8.300000190734863,0.0,20.216323852539062,28.408119201660156,1.5,0,33,1.0,-1.0,0.0,0,0,0
1780683012.746059,0,0.3499999940395355,0,0,219,900,423158243,1,77,0.0,0.0,32.0288200378418,28.561870574951172,1,0,0.6000000238418579,0,0,1,0,0,8,0,0,0,8,99,1,8.300000190734863,0.0,20.382328033447266,28.408119201660156,1.5,0,33,1.0,-1.0,0.0,0,0,0
1780683012.7660878,0,0.3499999940395355,0,0,219,900,423158243,1,77,0.0,0.0,32.0288200378418,28.561870574951172,1,0,0.6000000238418579,0,0,1,0,0,8,0,0,0,8,99,1,8.300000190734863,0.0,20.54824447631836,28.408123016357422,1.5,0,33,1.0,-1.0,0.0,0,0,0
1780683012.786027,0,0.3499999940395355,0,0,219,900,423158243,1,77,0.0,0.0,32.0288200378418,28.561870574951172,1,0,0.6000000238418579,0,0,1,0,0,8,0,0,0,8,99,1,8.300000190734863,0.0,20.714244842529297,28.408123016357422,1.5,0,33,1.0,-1.0,0.0,0,0,0
1780683012.8060372,0,0.3499999940395355,0,0,219,900,423158243,1,77,0.0,0.0,32.0288200378418,28.561870574951172,1,0,0.6000000238418579,0,0,1,0,0,8,0,0,0,8,99,1,8.300000190734863,0.0,20.880325317382812,28.408123016357422,1.5,0,33,1.0,-1.0,0.0,0,0,0
1780683012.8259687,0,0.3499999940395355,0,0,219,900,423158243,1,77,0.0,0.0,32.0288200378418,28.561870574951172,1,0,0.6000000238418579,0,0,1,0,0,8,0,0,0,8,99,1,8.300000190734863,0.0,21.04632568359375,28.40812110900879,1.5,0,33,1.0,-1.0,0.0,0,0,0
1780683012.8458683,0,0.3499999940395355,0,0,219,900,423158243,1,77,0.0,0.0,32.0288200378418,28.561870574951172,1,0,0.6000000238418579,0,0,1,0,0,8,0,0,0,8,99,1,8.300000190734863,0.0,21.212322235107422,28.408119201660156,1.5,0,33,1.0,0.0,0.0,0,0,0
1780683012.8659663,0,0.3499999940395355,0,0,219,900,423158243,1,77,0.0,0.0,32.0288200378418,28.561870574951172,1,0,0.6000000238418579,0,0,1,0,0,8,0,0,0,8,99,1,8.300000190734863,0.0,21.378318786621094,28.40812110900879,1.5,0,33,1.0,0.0,0.0,0,0,0
1780683012.8860333,0,0.3499999940395355,0,0,219,900,423158243,1,77,0.0,0.0,32.0288200378418,28.561870574951172,1,0,0.6000000238418579,0,0,1,0,0,8,0,0,0,8,99,1,8.300000190734863,0.0,21.54431915283203,28.408123016357422,1.5,0,33,1.0,0.0,0.0,0,0,0
1780683012.9071007,0,0.3499999940395355,0,0,219,900,423158243,1,77,0.0,0.0,32.0288200378418,28.561870574951172,1,0,0.6000000238418579,0,0,1,0,0,8,0,0,0,8,99,1,8.300000190734863,0.0,21.7103214263916,28.40812110900879,1.5,0,33,1.0,0.0,0.0,0,0,0
1780683012.9283724,0,0.3499999940395355,0,0,219,900,423158243,1,77,0.0,0.0,32.0288200378418,28.561870574951172,1,0,0.6000000238418579,0,0,1,0,0,8,0,0,0,8,99,1,8.300000190734863,0.0,21.876239776611328,28.40812110900879,1.5,0,33,1.0,0.0,0.0,0,0,0
1780683012.9497256,0,0.3499999940395355,0,0,219,900,423158243,1,77,0.0,0.0,32.0288200378418,28.561870574951172,1,0,0.6000000238418579,0,0,1,0,0,8,0,0,0,8,99,1,8.300000190734863,0.0,22.042322158813477,28.408123016357422,1.5,0,33,1.0,0.0,0.0,0,0,0
1780683012.9687395,0,0.3499999940395355,0,0,219,900,423158243,1,77,0.0,0.0,32.0288200378418,28.561870574951172,1,0,0.6000000238418579,0,0,1,0,0,8,0,0,0,8,99,1,8.300000190734863,0.0,22.208328247070312,28.408119201660156,1.5,0,33,1.0,0.0,0.0,0,0,0
1780683012.9876719,0,0.3499999940395355,0,0,219,900,423158243,1,77,0.0,0.0,32.0288200378418,28.561870574951172,1,0,0.6000000238418579,0,0,1,0,0,8,0,0,0,8,99,1,8.300000190734863,0.0,22.37432861328125,28.408123016357422,1.5,0,33,1.0,0.0,0.0,0,0,0
1780683013.0065613,0,0.3499999940395355,0,0,219,900,423158243,2,77,0.0,0.0,32.0288200378418,28.561870574951172,1,0,0.6000000238418579,0,0,1,0,0,8,0,0,0,8,99,1,8.300000190734863,0.0,22.540328979492188,28.408119201660156,1.5,0,33,1.0,0.0,0.0,0,0,0
1780683013.0260603,0,0.3499999940395355,0,0,219,900,423158243,2,77,0.0,0.0,32.0288200378418,28.561872482299805,1,0,0.6000000238418579,0,0,1,0,0,8,0,0,0,8,99,1,8.300000190734863,0.0,22.70624542236328,28.40812110900879,1.5,0,33,1.0,0.0,0.0,0,0,0
1780683013.0458286,0,0.3499999940395355,0,0,219,900,423158243,2,77,0.0,0.0,32.0288200378418,28.561872482299805,1,0,0.6000000238418579,0,0,1,0,0,8,0,0,0,8,99,1,8.300000190734863,0.0,22.872243881225586,28.408123016357422,1.5,0,33,1.0,0.0,0.0,0,0,0
1780683013.0657578,0,0.3499999940395355,0,0,219,900,423158243,2,77,0.0,0.0,32.0288200378418,28.561872482299805,1,0,0.6000000238418579,0,0,1,0,0,8,0,0,0,8,99,1,8.300000190734863,0.0,23.03824234008789,28.408119201660156,1.5,0,33,1.0,0.0,0.0,0,0,0
1780683013.0855036,0,0.3499999940395355,0,0,219,900,423158243,2,77,0.0,0.0,32.0288200378418,28.561872482299805,1,0,0.6000000238418579,0,0,1,0,0,8,0,0,0,8,99,1,8.300000190734863,0.0,23.204240798950195,28.40812110900879,1.5,0,33,1.0,0.0,0.0,0,0,0
1780683013.1057363,0,0.3499999940395355,0,0,219,900,423158243,2,77,0.0,0.0,32.0288200378418,28.561872482299805,1,0,0.6000000238418579,0,0,1,0,0,8,0,0,0,8,99,1,8.300000190734863,0.0,23.370323181152344,28.40812110900879,1.5,0,33,1.0,0.0,0.0,0,0,0
1780683013.1261423,0,0.3499999940395355,0,0,219,900,423158243,2,77,0.0,0.0,32.0288200378418,28.561872482299805,1,0,0.6000000238418579,0,0,1,0,0,8,0,0,0,8,99,1,8.300000190734863,0.0,23.536327362060547,28.408119201660156,1.5,0,33,1.0,0.0,0.0,0,0,0
1780683013.1459372,0,0.3499999940395355,0,0,219,900,423158243,2,77,0.0,0.0,32.0288200378418,28.561872482299805,1,0,0.6000000238418579,0,0,1,0,0,8,0,0,0,8,99,1,8.300000190734863,0.0,23.702329635620117,28.40812110900879,1.5,0,33,1.0,0.0,0.0,0,0,0
1780683013.1659586,0,0.3499999940395355,0,0,219,900,423158243,2,77,0.0,0.0,32.0288200378418,28.561872482299805,1,0,0.6000000238418579,0,0,1,0,0,8,0,0,0,8,99,1,8.300000190734863,0.0,23.868328094482422,28.408123016357422,1.5,0,33,1.0,0.0,0.0,0,0,0
1780683013.185787,0,0.3499999940395355,0,0,219,900,423158243,2,77,0.0,0.0,32.0288200378418,28.561872482299805,1,0,0.6000000238418579,0,0,1,0,0,8,0,0,0,8,99,1,8.300000190734863,0.0,24.03432846069336,28.40812110900879,1.5,0,33,1.0,0.0,0.0,0,0,0
1780683013.205795,0,0.3499999940395355,0,0,219,900,423158243,2,77,0.0,0.0,32.0288200378418,28.561872482299805,1,0,0.6000000238418579,0,0,1,0,0,8,0,0,0,8,99,1,8.300000190734863,0.0,24.200332641601562,28.408119201660156,1.5,0,33,1.0,0.0,0.0,0,0,0
1780683013.2259269,0,0.3499999940395355,0,0,219,900,423158243,2,77,0.0,0.0,32.0288200378418,28.561872482299805,1,0,0.6000000238418579,0,0,1,0,0,8,0,0,0,8,99,1,8.300000190734863,0.0,24.366329193115234,28.408123016357422,1.5,0,33,1.0,0.0,0.0,0,0,0
1780683013.2460089,0,0.3499999940395355,0,0,219,900,423158243,2,77,0.0,0.0,32.0288200378418,28.561872482299805,1,0,0.6000000238418579,0,0,1,0,0,8,0,0,0,8,99,1,8.300000190734863,0.0,24.53232765197754,28.408119201660156,1.5,0,33,1.0,0.0,0.0,0,0,0
1780683013.266026,0,0.3499999940395355,0,0,219,900,423158243,2,77,0.0,0.0,32.0288200378418,28.561872482299805,1,0,0.6000000238418579,0,0,1,0,0,8,0,0,0,8,99,1,8.300000190734863,0.0,24.698246002197266,28.40812110900879,1.5,0,33,1.0,0.0,0.0,0,0,0
1780683013.2863185,0,0.3499999940395355,0,0,219,900,423158243,2,77,0.0,0.0,32.0288200378418,28.561872482299805,1,0,0.6000000238418579,0,0,1,0,0,8,0,0,0,8,99,1,8.300000190734863,0.0,24.864330291748047,28.408123016357422,1.5,0,33,1.0,0.0,0.0,0,0,0
1780683013.306022,0,0.3499999940395355,0,0,219,900,423158243,2,77,0.0,0.0,32.0288200378418,28.561872482299805,1,0,0.6000000238418579,0,0,1,0,0,8,0,0,0,8,99,1,8.300000190734863,0.0,25.030330657958984,28.40812110900879,1.5,0,33,1.0,0.0,0.0,0,0,0
1780683013.3262515,0,0.3499999940395355,0,0,219,900,423158243,2,77,0.0,0.0,32.0288200378418,28.561872482299805,1,0,0.6000000238418579,0,0,1,0,0,8,0,0,0,8,99,1,8.300000190734863,0.0,25.196334838867188,28.408119201660156,1.5,0,33,1.0,0.0,0.0,0,0,0
1780683013.345683,0,0.3499999940395355,0,0,219,900,423158243,2,77,0.0,0.0,32.0288200378418,28.561872482299805,1,0,0.6000000238418579,0,0,1,0,0,8,0,0,0,8,99,1,8.300000190734863,0.0,25.362335205078125,28.408123016357422,1.5,0,33,0.0,0.0,0.0,0,0,0
1780683013.3656893,0,0.3499999940395355,0,0,219,900,423158243,2,77,0.0,0.0,32.0288200378418,28.561872482299805,1,0,0.6000000238418579,0,0,1,0,0,8,0,0,0,8,99,1,8.300000190734863,0.0,25.528335571289062,28.408123016357422,1.5,0,33,0.0,0.0,0.0,0,0,0
1780683013.3860927,0,0.3499999940395355,0,0,219,900,423158243,2,77,0.0,0.0,32.0288200378418,28.561872482299805,1,0,0.6000000238418579,0,0,1,0,0,8,0,0,0,8,99,1,0.0,0.0,25.597972869873047,28.408123016357422,1.5,0,33,0.0,0.0,0.0,0,0,0
1780683013.405919,0,0.3499999940395355,0,0,219,900,423158243,2,77,0.0,0.0,32.0288200378418,28.561872482299805,1,0,0.6000000238418579,0,0,1,0,0,8,0,0,0,8,99,1,0.0,0.0,25.597972869873047,28.40812110900879,1.5,0,33,0.0,0.0,0.0,0,0,0
1780683013.4269176,0,0.3499999940395355,0,0,219,900,423158243,2,77,0.0,0.0,32.0288200378418,28.561872482299805,1,0,0.6000000238418579,0,0,1,0,0,8,0,0,0,8,99,1,0.0,0.0,25.597972869873047,28.40812110900879,1.5,0,33,0.0,0.0,0.0,0,0,0
1780683013.4465458,0,0.3499999940395355,0,0,219,900,423158243,2,77,0.0,0.0,32.0288200378418,28.561872482299805,1,0,0.6000000238418579,0,0,1,0,0,8,0,0,0,8,99,1,0.0,0.0,25.597972869873047,28.40812110900879,1.5,0,33,0.0,0.0,0.0,0,0,0
1780683013.466216,0,0.3499999940395355,0,0,219,900,423158243,2,77,0.0,0.0,32.0288200378418,28.561872482299805,1,0,0.6000000238418579,0,0,1,0,0,8,0,0,0,8,99,1,0.0,0.0,25.597972869873047,28.40812110900879,1.5,0,33,0.0,0.0,0.0,1,0,0
1780683013.4857159,0,0.3499999940395355,0,0,219,900,423158243,2,77,0.0,0.0,32.0288200378418,28.561872482299805,1,0,0.6000000238418579,0,0,1,0,0,8,0,0,1,8,99,1,0.0,0.0,25.597972869873047,28.40812110900879,1.5,0,33,1.0,0.0,0.0,1,0,0
1780683013.5056627,0,0.3499999940395355,0,0,219,900,423158243,2,77,0.0,0.0,32.0288200378418,28.561872482299805,1,0,0.6000000238418579,0,0,1,0,0,8,0,0,1,8,99,0,0.0,15.70199966430664,25.597972869873047,28.590251922607422,1.5,0,33,1.0,-1.0,0.0,1,0,0
1780683013.5261333,0,0.3499999940395355,0,0,219,900,423158243,2,77,0.0,0.0,32.0288200378418,28.561872482299805,1,0,0.6000000238418579,0,0,1,0,0,8,0,0,1,8,99,0,0.0,15.70199966430664,25.597972869873047,28.904447555541992,1.5,0,33,1.0,-1.0,0.0,1,0,0
1780683013.5460863,0,0.3499999940395355,0,0,219,900,423158243,2,77,0.0,0.0,32.0288200378418,28.561872482299805,1,0,0.6000000238418579,0,0,1,0,0,8,0,0,1,8,99,0,8.300000190734863,15.70199966430664,25.694332122802734,29.218488693237305,1.5,0,33,1.0,-1.0,0.0,1,0,0
1780683013.5660787,0,0.3499999940395355,0,0,219,900,423158243,3,77,-25.0,0.0,32.0288200378418,28.561872482299805,1,0,0.6000000238418579,0,0,1,0,0,8,0,0,1,8,99,0,8.300000190734863,15.70199966430664,25.860328674316406,29.53252410888672,1.5,0,33,1.0,0.0,0.0,1,0,0
1780683013.5861065,0,0.3499999940395355,0,0,219,900,423158243,3,77,-25.0,0.0,31.52882194519043,28.561872482299805,1,0,0.6000000238418579,0,0,1,0,0,8,0,0,1,8,99,0,8.300000190734863,15.70199966430664,26.026248931884766,29.846412658691406,1.5,0,33,1.0,0.0,0.0,1,0,0
1780683013.6058664,0,0.3499999940395355,0,0,219,900,423158243,3,77,-25.0,0.0,31.02882194519043,28.561872482299805,1,0,0.6000000238418579,0,0,1,0,0,8,0,0,1,8,99,0,8.300000190734863,15.70199966430664,26.192245483398438,30.160442352294922,1.5,0,33,1.0,0.0,0.0,1,0,0
1780683013.625993,0,0.3499999940395355,0,0,219,900,423158243,3,77,-25.0,0.0,30.52882194519043,28.561872482299805,1,0,0.6000000238418579,0,0,1,0,0,8,0,0,1,8,99,0,8.300000190734863,15.70199966430664,26.35832977294922,30.474641799926758,1.5,0,33,1.0,0.0,0.0,1,0,0
1780683013.6460516,0,0.3499999940395355,0,0,219,900,423158243,3,77,-25.0,0.0,30.02882194519043,28.561872482299805,1,0,0.6000000238418579,0,0,1,0,0,8,0,0,1,8,99,0,8.300000190734863,15.70199966430664,26.524250030517578,30.788524627685547,1.5,0,33,1.0,0.0,0.0,1,0,0
1780683013.6660938,0,0.3499999940395355,0,0,219,900,423158243,3,77,-25.0,0.0,29.52882194519043,28.561872482299805,1,0,0.6000000238418579,0,0,1,0,0,8,0,0,1,8,99,0,8.300000190734863,15.70199966430664,26.690248489379883,31.10256576538086,1.5,0,33,1.0,0.0,0.0,1,0,0
1780683013.6859639,0,0.3499999940395355,0,0,219,900,423158243,3,77,-25.0,0.0,29.02882194519043,28.561872482299805,1,0,0.6000000238418579,0,0,1,0,0,8,0,0,1,8,99,0,8.300000190734863,15.70199966430664,26.856246948242188,31.41659927368164,1.5,0,33,1.0,0.0,0.0,1,0,0
1780683013.7058644,0,0.3499999940395355,0,0,219,900,423158243,3,77,-25.0,0.0,28.52882194519043,28.561872482299805,1,0,0.6000000238418579,0,0,1,0,0,8,0,0,0,8,99,0,8.300000190734863,14.753999710083008,27.022329330444336,31.719791412353516,1.5,0,33,1.0,0.0,0.0,1,0,0
1780683013.7261562,0,0.3499999940395355,0,0,219,900,423158243,3,77,-25.0,0.0,28.02882194519043,28.561872482299805,1,0,0.6000000238418579,0,0,1,0,0,8,0,0,0,8,99,0,8.300000190734863,13.805999755859375,27.18832778930664,32.00386047363281,1.5,0,33,1.0,0.0,0.0,1,0,0
1780683013.7460377,0,0.3499999940395355,0,0,219,900,423158243,3,77,-25.0,0.0,27.52882194519043,28.561872482299805,1,0,0.6000000238418579,0,0,1,0,0,8,0,0,0,8,99,0,8.300000190734863,12.857999801635742,27.354324340820312,32.26897430419922,1.5,0,33,1.0,0.0,0.0,0,0,0
1780683013.765932,0,0.3499999940395355,0,0,219,900,423158243,3,77,-25.0,0.0,27.02882194519043,28.561872482299805,1,0,0.6000000238418579,0,0,1,0,0,8,0,0,0,8,99,0,8.300000190734863,11.90999984741211,27.520244598388672,32.51500701904297,1.5,0,33,1.0,0.0,0.0,0,0,0
1780683013.7861392,0,0.3499999940395355,0,0,219,900,423158243,3,77,-25.0,0.0,26.52882194519043,28.561872482299805,1,0,0.6000000238418579,0,0,1,0,0,8,0,0,0,8,99,0,8.300000190734863,0.0,27.686243057250977,32.742210388183594,1.5,0,33,0.0,0.0,0.0,0,0,0
1780683013.805767,0,0.3499999940395355,0,0,219,900,423158243,3,77,-25.0,0.0,26.02882194519043,28.561872482299805,1,0,0.6000000238418579,0,0,1,1,0,8,0,0,0,8,99,0,8.300000190734863,-0.9479996562004089,27.852323532104492,32.823307037353516,1.5,0,33,0.0,0.0,0.0,0,0,0
1780683013.8260322,0,0.3499999940395355,0,0,219,900,423158243,3,77,-25.0,0.0,25.52882194519043,28.561872482299805,1,0,0.6000000238418579,0,0,1,1,0,8,0,0,0,8,99,0,8.300000190734863,-1.8959993124008179,28.01832389831543,32.7933464050293,1.5,0,33,0.0,0.0,0.0,0,0,0
1780683013.84609,0,0.3499999940395355,0,0,219,900,423158243,3,77,-25.0,0.0,25.02882194519043,28.561872482299805,1,0,0.6000000238418579,0,0,1,1,0,8,0,0,0,8,99,0,0.0,-2.843998908996582,28.08797836303711,32.744422912597656,1.5,0,33,0.0,0.0,0.0,0,0,0
1780683013.8660192,0,0.3499999940395355,0,0,219,900,423158243,3,77,-25.0,0.0,24.52882194519043,28.561872482299805,1,0,0.6000000238418579,0,0,1,1,0,8,0,0,0,8,99,0,0.0,-3.7919986248016357,28.08797836303711,32.676578521728516,1.5,0,33,-1.0,0.0,0.0,0,0,0
1780683013.8858094,0,0.3499999940395355,0,0,219,900,423158243,3,77,-25.0,0.0,24.02882194519043,28.561872482299805,1,0,0.6000000238418579,0,0,1,1,0,8,0,0,0,8,99,0,0.0,-4.7399983406066895,28.08797836303711,32.589744567871094,1.5,0,33,-1.0,0.0,0.0,0,0,0
1780683013.9055982,0,0.3499999940395355,0,0,219,900,423158243,4,77,-19.25,0.0,23.52882194519043,28.561872482299805,1,0,0.6000000238418579,0,0,1,1,0,8,0,0,0,8,99,0,0.0,-5.687997817993164,28.08797836303711,32.48389434814453,1.5,0,33,-1.0,0.0,0.0,0,0,0
1780683013.9261332,0,0.3499999940395355,0,0,219,900,423158243,4,77,-14.82249927520752,0.0,23.232372283935547,28.561872482299805,1,0,0.6000000238418579,0,0,0,1,0,8,0,0,0,8,99,0,-8.300000190734863,-6.635997295379639,27.99163818359375,32.359130859375,1.5,0,33,-1.0,0.0,0.0,0,0,0
1780683013.9460623,0,0.3499999940395355,0,0,219,900,423158243,4,77,-11.413324356079102,0.0,23.004106521606445,28.561872482299805,1,0,0.6000000238418579,0,0,0,1,0,8,0,0,0,8,99,0,-8.300000190734863,-7.583996772766113,27.825637817382812,32.21540832519531,1.5,0,33,-1.0,0.0,0.0,0,0,0
1780683013.9659812,0,0.3499999940395355,0,0,219,900,423158243,4,77,-8.788259506225586,0.0,22.828340530395508,28.561872482299805,1,0,0.6000000238418579,0,0,0,1,0,8,0,0,0,8,99,0,-8.300000190734863,-8.531996726989746,27.659719467163086,32.05281066894531,1.5,0,33,-1.0,0.0,0.0,0,0,0
1780683013.986384,0,0.3499999940395355,0,0,219,900,423158243,4,77,-6.7669596672058105,0.0,22.69300079345703,28.561872482299805,1,0,0.6000000238418579,0,0,0,1,0,8,0,0,0,8,99,0,-8.300000190734863,-9.479996681213379,27.49372100830078,31.871177673339844,1.5,0,33,-1.0,0.0,0.0,0,0,0
1780683014.0058956,0,0.3499999940395355,0,0,219,900,423158243,4,77,-5.210558891296387,0.0,22.588788986206055,28.561872482299805,1,0,0.6000000238418579,0,0,0,1,0,8,0,0,0,8,99,0,-8.300000190734863,-10.427996635437012,27.327722549438477,31.67058563232422,1.5,0,33,-1.0,0.0,0.0,0,0,0
1780683014.026036,0,0.3499999940395355,0,0,219,900,423158243,4,77,-4.012130260467529,0.0,22.508546829223633,28.561872482299805,1,0,0.6000000238418579,0,0,0,1,0,8,0,0,0,8,99,0,-8.300000190734863,-11.375996589660645,27.16172218322754,31.451032638549805,1.5,0,33,-1.0,0.0,0.0,0,0,0
1780683014.046202,0,0.3499999940395355,0,0,219,900,423158243,4,77,-3.0893402099609375,0.0,22.446760177612305,28.561872482299805,1,0,0.6000000238418579,0,0,0,1,0,8,0,0,0,8,99,0,-8.300000190734863,-12.323996543884277,26.995723724365234,31.212522506713867,1.5,0,33,-1.0,0.0,0.0,0,0,0
1780683014.0659258,0,0.3499999940395355,0,0,219,900,423158243,4,77,-2.3787918090820312,0.0,22.399185180664062,28.561872482299805,1,0,0.6000000238418579,0,0,0,1,0,8,0,0,0,8,99,0,-8.300000190734863,-13.27199649810791,26.829723358154297,30.95505142211914,1.5,0,33,-1.0,0.0,0.0,0,0,0
1780683014.0858,0,0.3499999940395355,0,0,219,900,423158243,4,77,-1.8316696882247925,0.0,22.362552642822266,28.561872482299805,1,0,0.6000000238418579,0,0,0,1,0,8,0,0,0,8,99,0,-8.300000190734863,-14.219996452331543,26.663726806640625,30.67862319946289,1.5,0,33,-1.0,0.0,0.0,0,0,0
1780683014.1057112,0,0.3499999940395355,0,0,219,900,423158243,4,77,-1.4103856086730957,0.0,22.3343448638916,28.561872482299805,1,0,0.6000000238418579,0,0,0,1,0,8,0,0,0,8,99,0,-8.300000190734863,-15.167996406555176,26.497642517089844,30.383079528808594,1.5,0,33,-1.0,0.0,0.0,0,0,0
1780683014.126049,0,0.3499999940395355,0,0,219,900,423158243,5,77,-0.8144976496696472,0.0,22.312625885009766,28.561872482299805,1,0,0.6000000238418579,0,0,0,1,0,8,0,0,0,8,99,0,-8.300000190734863,-16.115995407104492,26.33172607421875,30.06887435913086,1.5,0,33,-1.0,0.0,0.0,0,0,0
1780683014.1459868,0,0.3499999940395355,0,0,219,900,423158243,5,77,-0.6108732223510742,0.0,22.3004093170166,28.561872482299805,1,0,0.6000000238418579,0,0,0,1,0,8,0,0,0,8,99,0,-8.300000190734863,-17.063995361328125,26.16563606262207,29.735382080078125,1.5,0,33,-1.0,0.0,0.0,0,0,0
1780683014.1659563,0,0.3499999940395355,0,0,219,900,423158243,5,77,-0.45815491676330566,0.0,22.29124641418457,28.561872482299805,1,0,0.6000000238418579,0,0,0,1,0,8,0,0,0,8,99,0,-8.300000190734863,-18.011995315551758,25.999717712402344,29.38327407836914,1.5,0,33,-1.0,0.0,0.0,0,0,0
1780683014.1854444,0,0.3499999940395355,0,0,219,900,423158243,5,77,-0.34361618757247925,0.0,22.284374237060547,28.561872482299805,1,0,0.6000000238418579,0,0,0,1,0,8,0,0,0,8,99,0,-8.300000190734863,-18.95999526977539,25.833633422851562,29.011850357055664,1.5,0,33,-1.0,0.0,0.0,0,0,0
1780683014.2055085,0,0.3499999940395355,0,0,219,900,423158243,5,77,-0.25771212577819824,0.0,22.279220581054688,28.561872482299805,1,0,0.6000000238418579,0,0,0,1,0,8,0,0,0,8,99,0,-8.300000190734863,-19.907995223999023,25.667633056640625,28.621646881103516,1.5,0,33,-1.0,0.0,0.0,0,0,0
1780683014.2257314,0,0.3499999940395355,0,0,219,900,423158243,5,77,-0.19328409433364868,0.0,22.275354385375977,28.561872482299805,1,0,0.6000000238418579,0,0,0,0,0,8,0,0,0,8,99,1,-8.300000190734863,0.0,25.501632690429688,28.427589416503906,1.5,0,33,-1.0,0.0,0.0,0,0,0
1780683014.245766,0,0.3499999940395355,0,0,219,900,423158243,69,77,0.0,0.0,22.2724552154541,28.561872482299805,1,0,0.6000000238418579,0,0,0,0,0,8,0,0,0,8,99,1,-8.300000190734863,0.0,25.335634231567383,28.408092498779297,1.5,0,33,-1.0,0.0,0.0,0,0,0
1780683014.2658935,0,0.3499999940395355,0,0,219,900,423158243,69,77,0.0,0.0,22.2724552154541,28.561872482299805,1,0,0.6000000238418579,0,0,0,0,0,8,0,0,0,8,99,1,-8.300000190734863,0.0,25.169715881347656,28.408105850219727,1.5,0,33,-1.0,0.0,0.0,0,0,0
1780683014.285865,0,0.3499999940395355,0,0,219,900,423158243,69,77,0.0,0.0,22.2724552154541,28.561872482299805,1,0,0.6000000238418579,0,0,0,0,0,8,0,0,0,8,99,1,-8.300000190734863,0.0,25.00371742248535,28.408111572265625,1.5,0,33,-1.0,0.0,0.0,0,0,1
1780683014.3056753,0,0.3499999940395355,1,0,219,900,423158243,69,77,0.0,0.0,22.2724552154541,28.561872482299805,0,0,0.6000000238418579,0,0,0,0,0,8,0,1,0,8,99,1,-8.300000190734863,0.0,24.837635040283203,28.408117294311523,1.5,0,33,-1.0,0.0,0.0,0,0,1
1780683014.3255959,0,0.3499999940395355,1,0,219,900,423158243,69,77,0.0,0.0,22.2724552154541,28.561872482299805,0,0,0.6000000238418579,0,0,0,0,0,8,0,1,0,8,99,1,-8.300000190734863,0.0,24.671634674072266,28.408119201660156,1.5,0,33,-1.0,0.0,0.0,0,0,1
1780683014.3456137,0,0.3499999940395355,1,0,198,900,423158243,69,77,0.0,0.0,22.2724552154541,28.561872482299805,0,0,0.6000000238418579,0,0,0,0,0,8,0,1,0,8,99,1,3.75,0.0,24.505634307861328,28.408123016357422,1.5,0,44,-1.0,0.0,0.0,0,0,1
1780683014.366039,0,0.3499999940395355,1,0,198,900,423158243,69,77,0.0,0.0,21.972455978393555,28.561872482299805,0,0,0.6000000238418579,0,0,0,0,0,8,0,1,0,8,99,1,3.75,0.0,24.479496002197266,28.40812110900879,1.5,0,44,-1.0,0.0,0.0,0,0,1
1780683014.3858116,0,0.3499999940395355,1,0,198,900,423158243,69,77,0.0,0.0,21.672456741333008,28.561872482299805,0,0,0.6000000238418579,0,0,0,0,0,8,0,1,0,8,99,1,3.75,0.0,24.554458618164062,28.408123016357422,1.5,0,44,-1.0,0.0,0.0,0,0,1
1780683014.4067547,0,0.3499999940395355,1,0,198,900,423158243,69,77,0.0,0.0,21.37245750427246,28.561872482299805,0,0,0.6000000238418579,0,0,0,0,0,8,0,1,0,8,99,1,3.75,0.0,24.629459381103516,28.40812110900879,1.5,0,44,-1.0,0.0,0.0,0,0,0
1780683014.4260964,0,0.3499999940395355,1,0,198,900,423158243,69,77,0.0,0.0,21.072458267211914,28.561872482299805,1,0,0.6000000238418579,0,0,0,0,0,8,0,1,0,8,99,1,3.75,0.0,24.704498291015625,28.408119201660156,1.5,0,44,-1.0,0.0,0.0,0,0,0
1780683014.446081,0,0.3499999940395355,1,0,198,900,423158243,69,77,0.0,0.0,20.772459030151367,28.561872482299805,1,0,0.6000000238418579,0,0,0,0,0,8,0,1,0,8,99,1,3.75,0.0,24.779497146606445,28.40812110900879,1.5,0,44,-1.0,0.0,0.0,0,0,0
1780683014.4661689,0,0.3499999940395355,1,0,198,900,423158243,69,77,0.0,0.0,20.47245979309082,28.561872482299805,1,0,0.6000000238418579,0,0,0,0,0,8,0,1,0,8,99,1,3.75,0.0,24.854461669921875,28.408119201660156,1.5,0,44,-1.0,0.0,0.0,0,0,0
1780683014.4857974,0,0.3499999940395355,1,0,198,900,423158243,69,77,0.0,0.0,20.172460556030273,28.561872482299805,1,0,0.6000000238418579,0,0,0,0,0,8,0,1,0,8,99,1,3.75,0.0,24.929462432861328,28.40812110900879,1.5,0,44,-1.0,0.0,0.0,0,0,0
1780683014.5056834,0,0.3499999940395355,1,0,198,900,423158243,45,77,-8.0,0.0,19.872461318969727,28.561872482299805,1,0,0.6000000238418579,0,0,0,0,0,8,0,1,0,8,99,1,3.75,0.0,25.004497528076172,28.408123016357422,1.5,0,44,-1.0,0.0,0.0,0,0,0
1780683014.5258555,0,0.3499999940395355,1,0,198,900,423158243,45,77,-8.0,0.0,19.712461471557617,28.561872482299805,1,0,0.6000000238418579,0,0,0,0,0,8,0,1,0,8,99,1,3.75,0.0,25.079498291015625,28.408123016357422,1.5,0,44,-1.0,0.0,0.0,0,0,0
1780683014.546587,0,0.3499999940395355,1,0,198,900,423158243,45,77,-8.0,0.0,19.552461624145508,28.561872482299805,1,0,0.6000000238418579,0,0,0,0,0,8,0,1,0,8,99,1,-8.300000190734863,0.0,25.014732360839844,28.40812110900879,1.5,0,44,-1.0,0.0,0.0,0,0,0
1780683014.5664728,0,0.3499999940395355,1,0,198,900,423158243,45,77,-8.0,0.0,19.3924617767334,28.561872482299805,1,0,0.6000000238418579,0,0,0,0,0,8,0,1,0,8,99,1,-8.300000190734863,0.0,24.848731994628906,28.408119201660156,1.5,0,44,-1.0,0.0,0.0,0,0,0
1780683014.585537,0,0.3499999940395355,1,0,198,900,423158243,45,77,-8.0,0.0,19.23246192932129,28.561872482299805,1,0,0.6000000238418579,0,0,0,0,0,8,0,1,0,8,99,1,-8.300000190734863,0.0,24.6827335357666,28.40812110900879,1.5,0,44,-1.0,0.0,0.0,0,0,0
1780683014.605514,0,0.3499999940395355,1,0,198,900,423158243,45,77,-8.0,0.0,19.07246208190918,28.561872482299805,1,0,0.6000000238418579,0,0,0,0,0,8,0,1,0,8,99,1,-8.300000190734863,0.0,24.516735076904297,28.408123016357422,1.5,0,44,-1.0,0.0,0.0,0,0,0
1780683014.6262379,0,0.3499999940395355,1,0,198,900,423158243,45,77,-8.0,0.0,18.91246223449707,28.561872482299805,1,0,0.6000000238418579,0,0,0,0,0,8,0,1,0,8,99,1,-8.300000190734863,0.0,24.35073471069336,28.408123016357422,1.5,0,44,-1.0,0.0,0.0,0,0,0
1780683014.6457467,0,0.3499999940395355,1,0,198,900,423158243,45,77,-8.0,0.0,18.75246238708496,28.561872482299805,1,0,0.6000000238418579,0,0,0,0,0,8,0,1,0,8,99,1,-8.300000190734863,0.0,24.184734344482422,28.408119201660156,1.5,0,44,-1.0,0.0,0.0,0,0,0
1780683014.666006,0,0.3499999940395355,0,0,198,900,423158243,45,77,-8.0,0.0,18.59246253967285,28.561872482299805,1,0,0.6000000238418579,0,0,0,0,0,8,0,0,0,8,99,1,-8.300000190734863,0.0,24.01865005493164,28.408119201660156,1.5,0,44,-1.0,0.0,0.0,0,0,0
1780683014.6858861,0,0.3499999940395355,0,0,198,900,423158243,45,77,-8.0,0.0,18.432462692260742,28.561872482299805,1,0,0.6000000238418579,0,0,0,0,0,8,0,0,0,8,99,1,-8.300000190734863,0.0,23.852651596069336,28.408119201660156,1.5,0,44,-1.0,0.0,0.0,0,0,0
1780683014.7056322,0,0.3499999940395355,0,0,198,900,423158243,45,77,-8.0,0.0,18.272462844848633,28.561872482299805,1,0,0.6000000238418579,0,0,0,0,0,8,0,0,0,8,99,1,-8.300000190734863,0.0,23.68665313720703,28.408123016357422,1.5,0,44,-1.0,0.0,0.0,0,0,0
1780683014.725843,0,0.3499999940395355,0,0,198,900,423158243,45,77,-8.0,0.0,18.112462997436523,28.561872482299805,1,0,0.6000000238418579,0,0,0,0,0,8,0,0,0,8,99,1,-8.300000190734863,0.0,23.520652770996094,28.40812110900879,1.5,0,44,-1.0,0.0,0.0,0,0,0
1780683014.7460887,0,0.3499999940395355,0,0,198,900,423158243,45,77,-8.0,0.0,17.952463150024414,28.561872482299805,1,0,0.6000000238418579,0,0,0,0,0,8,0,0,0,8,99,1,-8.300000190734863,0.0,23.35465431213379,28.408119201660156,1.5,0,44,-1.0,0.0,0.0,0,0,0
1780683014.7659004,0,0.3499999940395355,0,0,198,900,423158243,45,77,-8.0,0.0,17.792463302612305,28.561872482299805,1,0,0.6000000238418579,0,0,0,0,0,8,0,0,0,8,99,1,-8.300000190734863,0.0,23.18873405456543,28.40812110900879,1.5,0,44,-1.0,0.0,0.0,0,0,0
1780683014.7856452,0,0.3499999940395355,0,0,198,900,423158243,45,77,-8.0,0.0,17.632463455200195,28.561872482299805,1,0,0.6000000238418579,0,0,0,0,0,8,0,0,0,8,99,1,-8.300000190734863,0.0,23.022735595703125,28.408119201660156,1.5,0,44,-1.0,0.0,0.0,0,0,0
1780683014.8053877,0,0.3499999940395355,0,0,198,900,423158243,45,77,-8.0,0.0,17.472463607788086,28.561872482299805,1,0,0.6000000238418579,0,0,0,0,0,8,0,0,0,8,99,1,-8.300000190734863,0.0,22.856653213500977,28.408119201660156,1.5,0,44,-1.0,0.0,0.0,0,0,0
1780683014.8259158,0,0.3499999940395355,0,0,198,900,423158243,45,77,-8.0,0.0,17.312463760375977,28.561872482299805,1,0,0.6000000238418579,0,0,0,0,0,8,0,0,0,8,99,1,-8.300000190734863,0.0,22.69065284729004,28.408119201660156,1.5,0,44,-1.0,0.0,0.0,0,0,0
1780683014.845952,0,0.3499999940395355,0,0,198,900,423158243,45,77,-8.0,0.0,17.152463912963867,28.561872482299805,1,0,0.6000000238418579,0,0,0,0,0,8,0,0,0,8,99,1,-8.300000190734863,0.0,22.524656295776367,28.408123016357422,1.5,0,44,-1.0,0.0,0.0,0,0,0
1780683014.8654683,0,0.3499999940395355,0,0,198,900,423158243,45,77,-8.0,0.0,16.992464065551758,28.561872482299805,1,0,0.6000000238418579,0,0,0,0,0,8,0,0,0,8,99,1,-8.300000190734863,0.0,22.358657836914062,28.40812110900879,1.5,0,44,-1.0,0.0,0.0,0,0,0
1780683014.8854403,0,0.3499999940395355,0,0,198,900,423158243,45,77,-8.0,0.0,16.83246421813965,28.561872482299805,1,0,0.6000000238418579,0,0,0,0,0,8,0,0,0,8,99,1,-8.300000190734863,0.0,22.192657470703125,28.40812110900879,1.5,0,44,-1.0,0.0,0.0,0,0,0
1780683014.9056845,0,0.3499999940395355,0,0,198,900,423158243,45,77,-8.0,0.0,16.67246437072754,28.561872482299805,1,0,0.6000000238418579,0,0,0,0,0,8,0,0,0,8,99,1,-8.300000190734863,0.0,22.026657104492188,28.40812110900879,1.5,0,44,-1.0,0.0,0.0,0,0,0
1780683014.9259892,0,0.3499999940395355,0,0,198,900,423158243,45,77,-8.0,0.0,16.51246452331543,28.561872482299805,1,0,0.6000000238418579,0,0,0,0,0,8,0,0,0,8,99,1,-8.300000190734863,0.0,21.86065673828125,28.40812110900879,1.5,0,44,-1.0,0.0,0.0,0,0,0
1780683014.946,0,0.3499999940395355,0,0,198,900,423158243,45,77,-8.0,0.0,16.35246467590332,28.561872482299805,1,0,0.6000000238418579,0,0,0,0,0,8,0,0,0,8,99,1,-8.300000190734863,0.0,21.694660186767578,28.408123016357422,1.5,0,44,-1.0,0.0,0.0,0,0,0
1780683014.9660819,0,0.3499999940395355,0,0,198,900,423158243,45,77,-8.0,0.0,16.19246482849121,28.561872482299805,1,0,0.6000000238418579,0,0,0,0,0,8,0,0,0,8,99,1,-8.300000190734863,0.0,21.52873992919922,28.408123016357422,1.5,0,44,-1.0,0.0,0.0,0,0,0
1780683014.9860284,0,0.3499999940395355,0,0,198,900,423158243,45,77,-8.0,0.0,16.0324649810791,28.561872482299805,1,0,0.6000000238418579,0,0,0,0,0,8,0,0,0,8,99,1,-8.300000190734863,0.0,21.36273956298828,28.40812110900879,1.5,0,44,-1.0,0.0,0.0,0,0,0
1780683015.0058677,0,0.3499999940395355,0,0,198,900,423158243,45,77,-8.0,0.0,15.872465133666992,28.561872482299805,1,0,0.6000000238418579,0,0,0,0,0,8,0,0,0,8,99,1,-8.300000190734863,0.0,21.196659088134766,28.40812110900879,1.5,0,44,-1.0,0.0,0.0,0,0,0
1780683015.0259466,0,0.3499999940395355,0,0,198,900,423158243,45,77,-8.0,0.0,15.712465286254883,28.561872482299805,1,0,0.6000000238418579,0,0,0,0,0,8,0,0,0,8,99,1,-8.300000190734863,0.0,21.030654907226562,28.408119201660156,1.5,0,44,-1.0,0.0,0.0,0,0,0
1780683015.0460842,0,0.3499999940395355,0,0,198,900,423158243,45,77,-8.0,0.0,15.552465438842773,28.561872482299805,1,0,0.6000000238418579,0,0,0,0,0,8,0,0,0,8,99,1,-8.300000190734863,0.0,20.86465835571289,28.40812110900879,1.5,0,44,-1.0,0.0,0.0,0,0,0
1780683015.0664332,0,0.3499999940395355,0,0,198,900,423158243,7,77,0.0,0.0,15.392465591430664,28.561872482299805,1,0,0.6000000238418579,0,0,0,0,0,8,0,0,0,8,99,1,-8.300000190734863,0.0,20.698741912841797,28.408119201660156,1.5,0,44,-1.0,0.0,0.0,0,0,0
1780683015.0859556,0,0.3499999940395355,0,0,198,900,423158243,7,77,0.0,0.0,15.532610893249512,28.561872482299805,1,0,0.6000000238418579,0,0,0,0,0,8,0,0,0,8,99,1,-8.300000190734863,0.0,20.53274154663086,28.40812110900879,1.5,0,44,-1.0,0.0,0.0,0,0,0
1780683015.1058903,0,0.3499999940395355,0,0,198,900,423158243,7,77,0.0,0.0,15.569350242614746,28.561872482299805,1,0,0.6000000238418579,0,0,0,0,0,8,0,0,0,8,99,1,-8.300000190734863,0.0,20.366657257080078,28.40812110900879,1.5,0,44,-1.0,0.0,0.0,0,0,0
1780683015.1260648,0,0.3499999940395355,0,0,198,900,423158243,7,77,0.0,0.0,15.582350730895996,28.561874389648438,1,0,0.6000000238418579,0,0,0,0,0,8,0,0,0,8,99,1,-8.300000190734863,0.0,20.20065689086914,28.40812110900879,1.5,0,44,-1.0,0.0,0.0,0,0,0
1780683015.1458244,0,0.3499999940395355,0,0,198,900,423158243,7,77,0.0,0.0,15.582369804382324,28.561874389648438,1,0,0.6000000238418579,0,0,0,0,0,8,0,0,0,8,99,1,-8.300000190734863,0.0,20.034656524658203,28.40812110900879,1.5,0,44,-1.0,0.0,0.0,0,0,0
1780683015.1660838,0,0.3499999940395355,0,0,198,900,423158243,7,77,0.0,0.0,15.582381248474121,28.561874389648438,1,0,0.6000000238418579,0,0,0,0,0,8,0,0,0,8,99,1,-8.300000190734863,0.0,19.868656158447266,28.40812110900879,1.5,0,44,-1.0,0.0,0.0,0,0,0
1780683015.1855648,0,0.3499999940395355,0,0,198,900,423158243,7,77,0.0,0.0,15.582388877868652,28.561874389648438,1,0,0.6000000238418579,0,0,0,0,0,8,0,0,0,8,99,1,-8.300000190734863,0.0,19.70273780822754,28.40812110900879,1.5,0,44,-1.0,0.0,0.0,0,0,0
1780683015.2055268,0,0.3499999940395355,0,0,198,900,423158243,7,77,0.0,0.0,15.582393646240234,28.561874389648438,1,0,0.6000000238418579,0,0,0,0,0,8,0,0,0,8,99,1,-8.300000190734863,0.0,19.536653518676758,28.408123016357422,1.5,0,44,-1.0,0.0,0.0,0,0,0
1780683015.2259858,0,0.3499999940395355,0,0,198,900,423158243,7,77,0.0,0.0,15.582396507263184,28.561874389648438,1,0,0.6000000238418579,0,0,0,0,0,8,0,0,0,8,99,1,-8.300000190734863,0.0,19.370655059814453,28.40812110900879,1.5,0,44,-1.0,0.0,0.0,0,0,0
1780683015.2459817,0,0.3499999940395355,0,0,198,900,423158243,7,77,0.0,0.0,15.582398414611816,28.561874389648438,1,0,0.6000000238418579,0,0,0,0,0,8,0,0,0,8,99,1,-8.300000190734863,0.0,19.20465660095215,28.40812110900879,1.5,0,44,-1.0,0.0,0.0,0,0,0
1780683015.265863,0,0.3499999940395355,0,0,198,900,423158243,7,77,0.0,0.0,15.58240032196045,28.561874389648438,1,0,0.6000000238418579,0,0,0,0,0,8,0,0,0,8,99,1,-8.300000190734863,0.0,19.038658142089844,28.408123016357422,1.5,0,44,-1.0,0.0,0.0,0,0,0
1780683015.2858338,0,0.3499999940395355,0,0,198,900,423158243,7,77,0.0,0.0,15.58240032196045,28.561874389648438,1,0,0.6000000238418579,0,0,0,0,0,8,0,0,0,8,99,1,-8.300000190734863,0.0,18.872739791870117,28.40812110900879,1.5,0,44,-1.0,0.0,0.0,0,0,0
1780683015.3057976,0,0.3499999940395355,0,0,198,900,423158243,7,77,0.0,0.0,15.58240032196045,28.561874389648438,1,0,0.6000000238418579,0,0,0,0,0,8,0,0,0,8,99,1,-8.300000190734863,0.0,18.70665740966797,28.408119201660156,1.5,0,44,-1.0,0.0,0.0,0,0,1
1780683015.325825,0,0.3499999940395355,0,0,198,900,423158243,7,77,0.0,0.0,15.58240032196045,28.561874389648438,1,0,0.6000000238418579,0,0,0,0,0,8,0,0,0,8,99,1,-8.300000190734863,0.0,18.54065704345703,28.40812110900879,1.5,0,44,-1.0,0.0,0.0,0,0,1
1780683015.345974,0,0.3499999940395355,1,0,198,900,423158243,7,77,0.0,0.0,15.58240032196045,28.561874389648438,0,0,0.6000000238418579,0,0,0,0,0,8,0,1,0,8,99,1,-8.300000190734863,0.0,18.37466049194336,28.408123016357422,1.5,0,44,-1.0,0.0,0.0,0,0,1
1780683015.3658812,0,0.3499999940395355,1,0,198,900,423158243,7,77,0.0,0.0,15.58240032196045,28.561874389648438,0,0,0.6000000238418579,0,0,0,0,0,8,0,1,0,8,99,1,-8.300000190734863,0.0,18.208660125732422,28.40812110900879,1.5,0,44,-1.0,0.0,0.0,0,0,1
1780683015.3857226,0,0.3499999940395355,1,0,177,900,423158243,9,77,7.314675331115723,41.0,15.58240032196045,28.561874389648438,0,0,0.6000000238418579,0,0,0,0,0,8,0,1,0,8,99,1,3.75,0.0,18.042741775512695,28.408119201660156,1.5,0,55,-1.0,0.0,0.0,0,0,1
1780683015.4056575,0,0.3499999940395355,1,0,177,900,423158243,10,77,7.314675331115723,39.20000076293945,15.713695526123047,29.345874786376953,0,0,0.6000000238418579,0,0,0,0,0,8,0,1,0,8,99,1,3.75,0.0,18.01647186279297,28.408123016357422,1.5,0,55,0.0,0.0,0.0,0,0,1
1780683015.425639,0,0.3499999940395355,1,0,177,900,423158243,10,77,7.314675331115723,37.400001525878906,15.859989166259766,30.093873977661133,0,0,0.6000000238418579,0,0,0,0,0,8,0,1,0,8,99,1,3.75,0.0,18.091472625732422,28.40812110900879,1.5,0,55,0.0,0.0,0.0,0,0,0
1780683015.4458876,0,0.3499999940395355,1,0,177,900,423158243,10,77,7.314675331115723,35.60000228881836,16.006282806396484,30.80587387084961,1,0,0.6000000238418579,0,0,0,0,0,8,0,1,0,8,99,1,3.75,0.0,18.166473388671875,28.408123016357422,1.5,0,55,0.0,0.0,0.0,0,0,0
1780683015.46605,0,0.3499999940395355,1,0,177,900,423158243,10,77,7.314675331115723,33.80000305175781,16.152576446533203,31.481874465942383,1,0,0.6000000238418579,0,0,0,0,0,8,0,1,0,8,99,1,3.75,0.0,18.241436004638672,28.408119201660156,1.5,0,55,0.0,0.0,0.0,0,0,0
1780683015.4858427,0,0.3499999940395355,1,0,177,900,423158243,10,77,7.314675331115723,32.000003814697266,16.298870086669922,32.12187194824219,1,0,0.6000000238418579,0,0,0,0,0,8,0,1,0,8,99,1,3.75,0.0,18.316436767578125,28.408119201660156,1.5,0,55,0.0,0.0,0.0,0,0,0
1780683015.505803,0,0.3499999940395355,1,0,177,900,423158243,10,77,7.314675331115723,30.20000457763672,16.44516372680664,32.72587203979492,1,0,0.6000000238418579,0,0,0,0,0,8,0,1,0,8,99,1,3.75,0.0,18.391475677490234,28.40812110900879,1.5,0,55,0.0,0.0,0.0,0,0,0
1780683015.5258427,0,0.3499999940395355,1,0,177,900,423158243,10,77,7.314675331115723,28.400005340576172,16.59145736694336,33.29387283325195,1,0,0.6000000238418579,0,0,0,0,0,8,0,1,0,8,99,1,3.75,0.0,18.466476440429688,28.408123016357422,1.5,0,55,0.0,0.0,0.0,0,0,0
1780683015.5460165,0,0.3499999940395355,1,0,177,900,423158243,10,77,7.314675331115723,26.600006103515625,16.737751007080078,33.82587432861328,1,0,0.6000000238418579,0,0,0,0,0,8,0,1,0,8,99,1,3.75,0.0,18.541475296020508,28.408123016357422,1.5,0,55,0.0,0.0,0.0,0,0,0
1780683015.5661428,0,0.3499999940395355,1,0,177,900,423158243,10,77,7.314675331115723,24.800006866455078,16.884044647216797,34.32187271118164,1,0,0.6000000238418579,0,0,0,0,0,8,0,1,0,8,99,1,3.75,0.0,18.616439819335938,28.408123016357422,1.5,0,55,0.0,0.0,0.0,0,0,0
1780683015.5857,0,0.3499999940395355,1,0,177,900,423158243,10,77,7.314675331115723,23.00000762939453,17.030338287353516,34.7818717956543,1,0,0.6000000238418579,0,0,0,0,0,8,0,1,0,8,99,1,0.0,0.0,18.647968292236328,28.408123016357422,1.5,0,55,0.0,0.0,0.0,0,0,0
1780683015.6058662,0,0.3499999940395355,1,0,177,900,423158243,10,77,7.314675331115723,21.200008392333984,17.176631927490234,35.20587158203125,1,0,0.6000000238418579,0,0,0,0,0,8,0,1,0,8,99,1,0.0,0.0,18.647968292236328,28.408119201660156,1.5,0,55,0.0,0.0,0.0,0,0,0
1780683015.6259055,0,0.3499999940395355,1,0,177,900,423158243,10,77,7.314675331115723,19.400009155273438,17.322925567626953,35.5938720703125,1,0,0.6000000238418579,0,0,0,0,0,8,0,1,0,8,99,1,0.0,0.0,18.647968292236328,28.40812110900879,1.5,0,55,0.0,0.0,0.0,0,0,0
1780683015.6458864,0,0.3499999940395355,1,0,177,900,423158243,10,77,7.314675331115723,17.60000991821289,17.469219207763672,35.94587326049805,1,0,0.6000000238418579,0,0,0,0,0,8,0,1,0,8,99,1,0.0,0.0,18.647968292236328,28.40812110900879,1.5,0,55,0.0,0.0,0.0,0,0,0
1780683015.6661084,0,0.3499999940395355,1,0,177,900,423158243,10,77,7.314675331115723,15.800010681152344,17.61551284790039,36.26187515258789,1,0,0.6000000238418579,0,0,0,0,0,8,0,1,0,8,99,1,0.0,0.0,18.647968292236328,28.408123016357422,1.5,0,55,0.0,0.0,0.0,0,0,0
1780683015.6855366,0,0.3499999940395355,1,0,177,900,423158243,10,77,7.314675331115723,14.000011444091797,17.76180648803711,36.541873931884766,1,0,0.6000000238418579,0,0,0,0,0,8,0,1,0,8,99,1,0.0,0.0,18.647968292236328,28.408123016357422,1.5,0,55,0.0,0.0,0.0,0,0,0
1780683015.7053747,0,0.3499999940395355,0,0,177,900,423158243,10,77,7.314675331115723,12.20001220703125,17.908100128173828,36.78587341308594,1,0,0.6000000238418579,0,0,0,0,0,8,0,0,0,8,99,1,0.0,0.0,18.647968292236328,28.40812110900879,1.5,0,55,0.0,0.0,0.0,0,0,0
1780683015.725733,0,0.3499999940395355,0,0,177,900,423158243,10,77,7.314675331115723,10.400012969970703,18.054393768310547,36.993873596191406,1,0,0.6000000238418579,0,0,0,0,0,8,0,0,0,8,99,1,0.0,0.0,18.647968292236328,28.40812110900879,1.5,0,55,0.0,0.0,0.0,0,0,0
1780683015.745791,0,0.3499999940395355,0,0,177,900,423158243,10,77,7.314675331115723,8.600013732910156,18.200687408447266,37.16587448120117,1,0,0.6000000238418579,0,0,0,0,0,8,0,0,0,8,99,1,0.0,0.0,18.647968292236328,28.408119201660156,1.5,0,55,0.0,0.0,0.0,0,0,0
1780683015.7659652,0,0.3499999940395355,0,0,177,900,423158243,10,77,7.314675331115723,6.800014495849609,18.346981048583984,37.301876068115234,1,0,0.6000000238418579,0,0,0,0,0,8,0,0,0,8,99,1,0.0,0.0,18.647968292236328,28.40812110900879,1.5,0,55,0.0,0.0,0.0,0,0,0
1780683015.7858222,0,0.3499999940395355,0,0,177,900,423158243,10,77,7.314675331115723,5.0000152587890625,18.493274688720703,37.40187454223633,1,0,0.6000000238418579,0,0,0,0,0,8,0,0,0,8,99,1,0.0,0.0,18.647968292236328,28.408123016357422,1.5,0,55,0.0,0.0,0.0,0,0,0
1780683015.805537,0,0.3499999940395355,0,0,177,900,423158243,10,77,7.314675331115723,3.2000160217285156,18.639568328857422,37.46587371826172,1,0,0.6000000238418579,0,0,0,0,0,8,0,0,0,8,99,1,0.0,0.0,18.647968292236328,28.40812110900879,1.5,0,55,0.0,0.0,0.0,0,0,0
1780683015.825501,0,0.3499999940395355,0,0,177,900,423158243,10,77,7.314675331115723,1.4000167846679688,18.78586196899414,37.493873596191406,1,0,0.6000000238418579,0,0,0,0,0,8,0,0,0,8,99,1,0.0,0.0,18.647968292236328,28.40812110900879,1.5,0,55,0.0,0.0,0.0,0,0,0
1780683015.8458588,0,0.3499999940395355,0,0,177,900,423158243,10,77,7.314675331115723,-0.3999824523925781,18.93215560913086,37.48587417602539,1,0,0.6000000238418579,0,0,0,0,0,8,0,0,0,8,99,1,0.0,0.0,18.647968292236328,28.40812110900879,1.5,0,55,0.0,0.0,0.0,0,0,0
1780683015.8657267,0,0.3499999940395355,0,0,177,900,423158243,10,77,7.314675331115723,-2.199981689453125,19.078449249267578,37.44187545776367,1,0,0.6000000238418579,0,0,0,0,0,8,0,0,0,8,99,1,0.0,0.0,18.647968292236328,28.408119201660156,1.5,0,55,0.0,0.0,0.0,0,0,0
1780683015.8857179,0,0.3499999940395355,0,0,177,900,423158243,10,77,7.314675331115723,-3.999980926513672,19.224742889404297,37.36187744140625,1,0,0.6000000238418579,0,0,0,0,0,8,0,0,0,8,99,1,0.0,0.0,18.647968292236328,28.408123016357422,1.5,0,55,0.0,0.0,0.0,0,0,0
1780683015.9057932,0,0.3499999940395355,0,0,177,900,423158243,10,77,7.314675331115723,-5.799980163574219,19.371036529541016,37.24587631225586,1,0,0.6000000238418579,0,0,0,0,0,8,0,0,0,8,99,1,0.0,0.0,18.647968292236328,28.408119201660156,1.5,0,55,0.0,0.0,0.0,0,0,0
1780683015.9257607,0,0.3499999940395355,0,0,177,900,423158243,10,77,7.314675331115723,-7.599979400634766,19.517330169677734,37.093875885009766,1,0,0.6000000238418579,0,0,0,0,0,8,0,0,0,8,99,1,0.0,0.0,18.647968292236328,28.40812110900879,1.5,0,55,0.0,0.0,0.0,0,0,0
1780683015.9458277,0,0.3499999940395355,0,0,177,900,423158243,10,77,7.314675331115723,-9.399978637695312,19.663623809814453,36.90587615966797,1,0,0.6000000238418579,0,0,0,0,0,8,0,0,0,8,99,1,0.0,0.0,18.647968292236328,28.408123016357422,1.5,0,55,0.0,0.0,0.0,0,0,0
1780683015.965599,0,0.3499999940395355,0,0,177,900,423158243,10,77,7.314675331115723,-11.19997787475586,19.809917449951172,36.68187713623047,1,0,0.6000000238418579,0,0,0,0,0,8,0,0,0,8,99,1,0.0,0.0,18.647968292236328,28.408123016357422,1.5,0,55,0.0,0.0,0.0,0,0,0
1780683015.9859219,0,0.3499999940395355,0,0,177,900,423158243,10,77,7.314675331115723,-12.999977111816406,19.95621109008789,36.421878814697266,1,0,0.6000000238418579,0,0,0,0,0,8,0,0,0,8,99,1,0.0,0.0,18.647968292236328,28.408119201660156,1.5,0,55,0.0,0.0,0.0,0,0,0
1780683016.0055885,0,0.3499999940395355,0,0,177,900,423158243,10,77,7.314675331115723,-14.799976348876953,20.10250473022461,36.12588119506836,1,0,0.6000000238418579,0,0,0,0,0,8,0,0,0,8,99,1,0.0,0.0,18.647968292236328,28.40812110900879,1.5,0,55,0.0,0.0,0.0,0,0,0
1780683016.025752,0,0.3499999940395355,0,0,177,900,423158243,10,77,7.314675331115723,-16.5999755859375,20.248798370361328,35.793880462646484,1,0,0.6000000238418579,0,0,0,0,0,8,0,0,0,8,99,1,0.0,0.0,18.647968292236328,28.40812110900879,1.5,0,55,0.0,0.0,0.0,0,0,0
1780683016.0459676,0,0.3499999940395355,0,0,177,900,423158243,10,77,7.314675331115723,-18.399974822998047,20.395092010498047,35.425880432128906,1,0,0.6000000238418579,0,0,0,0,0,8,0,0,0,8,99,1,0.0,0.0,18.647968292236328,28.408119201660156,1.5,0,55,0.0,0.0,0.0,0,0,0
1780683016.0659962,0,0.3499999940395355,0,0,177,900,423158243,10,77,7.314675331115723,-20.199974060058594,20.541385650634766,35.021881103515625,1,0,0.6000000238418579,0,0,0,0,0,8,0,0,0,8,99,1,0.0,0.0,18.647968292236328,28.40812110900879,1.5,0,55,0.0,0.0,0.0,0,0,0
1780683016.0858166,0,0.3499999940395355,0,0,177,900,423158243,10,77,7.314675331115723,-21.99997329711914,20.687679290771484,34.58188247680664,1,0,0.6000000238418579,0,0,0,0,0,8,0,0,0,8,99,1,0.0,0.0,18.647968292236328,28.40812110900879,1.5,0,55,0.0,0.0,0.0,0,0,0
1780683016.1054564,0,0.3499999940395355,0,0,177,900,423158243,10,77,7.314675331115723,-23.799972534179688,20.833972930908203,34.10588455200195,1,0,0.6000000238418579,0,0,0,0,0,8,0,0,0,8,99,1,0.0,0.0,18.647968292236328,28.408123016357422,1.5,0,55,0.0,0.0,0.0,0,0,0
1780683016.1260293,0,0.3499999940395355,0,0,177,900,423158243,10,77,7.314675331115723,-25.599971771240234,20.980266571044922,33.5938835144043,1,0,0.6000000238418579,0,0,0,0,0,8,0,0,0,8,99,1,0.0,0.0,18.647968292236328,28.408119201660156,1.5,0,55,0.0,0.0,0.0,0,0,0
1780683016.146004,0,0.3499999940395355,0,0,177,900,423158243,10,77,7.314675331115723,-27.39997100830078,21.12656021118164,33.04588317871094,1,0,0.6000000238418579,0,0,0,0,0,8,0,0,0,8,99,1,0.0,0.0,18.647968292236328,28.40812110900879,1.5,0,55,0.0,0.0,0.0,0,0,0
1780683016.1657038,0,0.3499999940395355,0,0,177,900,423158243,10,77,7.314675331115723,-29.199970245361328,21.27285385131836,32.461883544921875,1,0,0.6000000238418579,0,0,0,0,0,8,0,0,0,8,99,1,0.0,0.0,18.647968292236328,28.408119201660156,1.5,0,55,0.0,0.0,0.0,0,0,0
1780683016.1857064,0,0.3499999940395355,0,0,177,900,423158243,10,77,7.314675331115723,-30.999969482421875,21.419147491455078,31.84188461303711,1,0,0.6000000238418579,0,0,0,0,0,8,0,0,0,8,99,1,0.0,0.0,18.647968292236328,28.408119201660156,1.5,0,55,0.0,0.0,0.0,0,0,0
1780683016.205701,0,0.3499999940395355,0,0,177,900,423158243,10,77,7.314675331115723,-32.79996871948242,21.565441131591797,31.18588638305664,1,0,0.6000000238418579,0,0,0,0,0,8,0,0,0,8,99,1,0.0,0.0,18.647968292236328,28.40812110900879,1.5,0,55,0.0,0.0,0.0,0,0,0
1780683016.2257912,0,0.3499999940395355,0,0,177,900,423158243,10,77,7.314675331115723,-34.59996795654297,21.711734771728516,30.493886947631836,1,0,0.6000000238418579,0,0,0,0,0,8,0,0,0,8,99,1,0.0,0.0,18.647968292236328,28.40812110900879,1.5,0,55,0.0,0.0,0.0,0,0,0
1780683016.2456572,0,0.3499999940395355,0,0,177,900,423158243,10,77,7.314675331115723,-36.399967193603516,21.858028411865234,29.765888214111328,1,0,0.6000000238418579,0,0,0,0,0,8,0,0,0,8,99,1,0.0,0.0,18.647968292236328,28.40812110900879,1.5,0,55,0.0,0.0,0.0,0,0,0
1780683016.2660444,0,0.3499999940395355,0,0,177,900,423158243,10,77,7.314675331115723,-38.19996643066406,22.004322052001953,29.001888275146484,1,0,0.6000000238418579,0,0,0,0,0,8,0,0,0,8,99,1,0.0,0.0,18.647968292236328,28.40812110900879,1.5,0,55,0.0,0.0,0.0,0,0,0
1780683016.2857847,0,0.3499999940395355,0,0,177,900,423158243,11,77,0.0,0.0,22.150615692138672,28.56183624267578,1,0,0.6000000238418579,0,0,0,0,0,8,0,0,0,8,99,1,0.0,0.0,18.647968292236328,28.40812110900879,1.5,0,55,0.0,0.0,0.0,0,0,0
1780683016.3054068,0,0.3499999940395355,0,0,177,900,423158243,11,77,0.0,0.0,22.150615692138672,28.56184959411621,1,0,0.6000000238418579,0,0,0,0,0,8,0,0,0,8,99,1,0.0,0.0,18.647968292236328,28.40812110900879,1.5,0,55,0.0,0.0,0.0,0,0,0
1780683016.3258722,0,0.3499999940395355,0,0,177,900,423158243,11,77,0.0,0.0,22.150615692138672,28.561859130859375,1,0,0.6000000238418579,0,0,0,0,0,8,0,0,0,8,99,1,0.0,0.0,18.647968292236328,28.40812110900879,1.5,0,55,0.0,0.0,0.0,0,0,0
1780683016.3457234,0,0.3499999940395355,0,0,177,900,423158243,11,77,0.0,0.0,22.150615692138672,28.561864852905273,1,0,0.6000000238418579,0,0,0,0,0,8,0,0,0,8,99,1,0.0,0.0,18.647968292236328,28.40812110900879,1.5,0,55,0.0,0.0,0.0,0,0,0
1780683016.3659186,0,0.3499999940395355,0,0,177,900,423158243,11,77,0.0,0.0,22.150615692138672,28.56186866760254,1,0,0.6000000238418579,0,0,0,0,0,8,0,0,0,8,99,1,0.0,0.0,18.647968292236328,28.408123016357422,1.5,0,55,1.0,0.0,0.0,0,0,0
1780683016.3858697,0,0.3499999940395355,0,0,177,900,423158243,11,77,0.0,0.0,22.150615692138672,28.561870574951172,1,0,0.6000000238418579,0,0,0,0,0,8,0,0,0,8,99,1,0.0,0.0,18.647968292236328,28.40812110900879,1.5,0,55,1.0,-1.0,0.0,0,0,0
1780683016.4058378,0,0.3499999940395355,0,0,177,900,423158243,11,77,0.0,0.0,22.150615692138672,28.561870574951172,1,0,0.6000000238418579,0,0,0,0,0,8,0,0,0,8,99,1,0.0,0.0,18.647968292236328,28.408123016357422,1.5,0,55,1.0,-1.0,0.0,0,0,0
1780683016.4259362,0,0.3499999940395355,0,0,177,900,423158243,11,77,0.0,0.0,22.150615692138672,28.561870574951172,1,0,0.6000000238418579,0,0,1,0,0,8,0,0,0,8,99,1,8.300000190734863,0.0,18.74416732788086,28.40812110900879,1.5,0,55,1.0,-1.0,0.0,0,0,0
1780683016.4459894,0,0.3499999940395355,0,0,177,900,423158243,11,77,0.0,0.0,22.150615692138672,28.561870574951172,1,0,0.6000000238418579,0,0,1,0,0,8,0,0,0,8,99,1,8.300000190734863,0.0,18.910167694091797,28.40812110900879,1.5,0,55,1.0,-1.0,0.0,0,0,0
1780683016.465983,0,0.3499999940395355,0,0,177,900,423158243,11,77,0.0,0.0,22.150615692138672,28.561870574951172,1,0,0.6000000238418579,0,0,1,0,0,8,0,0,0,8,99,1,8.300000190734863,0.0,19.07616424560547,28.40812110900879,1.5,0,55,1.0,-1.0,0.0,0,0,0
1780683016.4856918,0,0.3499999940395355,0,0,177,900,423158243,11,77,0.0,0.0,22.150615692138672,28.561870574951172,1,0,0.6000000238418579,0,0,1,0,0,8,0,0,0,8,99,1,8.300000190734863,0.0,19.242164611816406,28.408123016357422,1.5,0,55,1.0,-1.0,0.0,0,0,1
1780683016.505707,0,0.3499999940395355,1,0,177,900,423158243,11,77,0.0,0.0,22.150615692138672,28.561870574951172,0,0,0.6000000238418579,0,0,1,0,0,8,0,1,0,8,99,1,8.300000190734863,0.0,19.408248901367188,28.408119201660156,1.5,0,55,1.0,-1.0,0.0,0,0,1
1780683016.5257754,0,0.3499999940395355,1,0,177,900,423158243,51,77,0.0,0.0,22.150615692138672,28.561870574951172,0,0,0.6000000238418579,0,0,1,0,0,8,0,1,0,8,99,1,8.300000190734863,0.0,19.574249267578125,28.408123016357422,1.5,0,55,1.0,-1.0,0.0,0,0,1
1780683016.54595,0,0.3499999940395355,1,0,156,900,423158243,51,77,0.0,0.0,22.150615692138672,28.561870574951172,0,0,0.6000000238418579,0,0,1,0,0,8,0,1,0,8,99,1,-3.75,0.0,19.740249633789062,28.40812110900879,1.5,0,66,1.0,-1.0,0.0,0,0,1
1780683016.5666208,0,0.3499999940395355,1,0,156,900,423158243,51,77,0.0,0.0,22.45061492919922,28.561870574951172,0,0,0.6000000238418579,0,0,1,0,0,8,0,1,0,8,99,1,-3.75,0.0,19.76650619506836,28.408123016357422,1.5,0,66,1.0,0.0,0.0,0,0,1
1780683016.5864673,0,0.3499999940395355,1,0,156,900,423158243,51,77,0.0,0.0,22.750614166259766,28.561870574951172,0,0,0.6000000238418579,0,0,1,0,0,8,0,1,0,8,99,1,-3.75,0.0,19.69146728515625,28.40812110900879,1.5,0,66,1.0,0.0,0.0,0,0,0
1780683016.6056428,0,0.3499999940395355,1,0,156,900,423158243,51,77,0.0,0.0,23.050613403320312,28.561870574951172,1,0,0.6000000238418579,0,0,1,0,0,8,0,1,0,8,99,1,-3.75,0.0,19.61646270751953,28.408123016357422,1.5,0,66,0.0,0.0,0.0,0,0,0
1780683016.6261535,0,0.3499999940395355,1,0,156,900,423158243,51,77,0.0,0.0,23.35061264038086,28.561870574951172,1,0,0.6000000238418579,0,0,1,0,0,8,0,1,0,8,99,1,-3.75,0.0,19.541461944580078,28.408119201660156,1.5,0,66,0.0,0.0,0.0,0,0,0
1780683016.6460187,0,0.3499999940395355,1,0,156,900,423158243,51,77,0.0,0.0,23.650611877441406,28.561870574951172,1,0,0.6000000238418579,0,0,1,0,0,8,0,1,0,8,99,1,-3.75,0.0,19.46649932861328,28.40812110900879,1.5,0,66,0.0,0.0,0.0,0,0,0
1780683016.6660104,0,0.3499999940395355,1,0,156,900,423158243,51,77,0.0,0.0,23.950611114501953,28.561870574951172,1,0,0.6000000238418579,0,0,1,0,0,8,0,1,0,8,99,1,-3.75,0.0,19.391498565673828,28.40812110900879,1.5,0,66,0.0,0.0,0.0,0,0,0
1780683016.68592,0,0.3499999940395355,1,0,156,900,423158243,51,77,0.0,0.0,24.2506103515625,28.561870574951172,1,0,0.6000000238418579,0,0,1,0,0,8,0,1,0,8,99,1,-3.75,0.0,19.316497802734375,28.408123016357422,1.5,0,66,0.0,0.0,0.0,0,0,0
1780683016.7064192,0,0.3499999940395355,1,0,156,900,423158243,51,77,0.0,0.0,24.550609588623047,28.561870574951172,1,0,0.6000000238418579,0,0,1,0,0,8,0,1,0,8,99,1,-3.75,0.0,19.241458892822266,28.40812110900879,1.5,0,66,0.0,0.0,0.0,0,0,0
1780683016.7261348,0,0.3499999940395355,1,0,156,900,423158243,51,77,0.0,0.0,24.550609588623047,28.561870574951172,1,0,0.6000000238418579,0,0,1,0,0,8,0,1,0,8,99,1,-3.75,0.0,19.16645622253418,28.408123016357422,1.5,0,66,1.0,-1.0,0.0,0,0,0
1780683016.745942,0,0.3499999940395355,1,0,156,900,423158243,51,77,0.0,0.0,24.550609588623047,28.561870574951172,1,0,0.6000000238418579,0,0,1,0,0,8,0,1,0,8,99,1,0.0,0.0,19.134963989257812,28.40812110900879,1.5,0,66,1.0,-1.0,0.0,0,0,0
1780683016.7660356,0,0.3499999940395355,1,0,156,900,423158243,51,77,0.0,0.0,24.550609588623047,28.561870574951172,1,0,0.6000000238418579,0,0,1,0,0,8,0,1,0,8,99,1,8.300000190734863,0.0,19.23125457763672,28.408123016357422,1.5,0,66,1.0,-1.0,0.0,0,0,0
1780683016.7859983,0,0.3499999940395355,1,0,156,900,423158243,52,77,22.0,0.0,24.550609588623047,28.561870574951172,1,0,0.6000000238418579,0,0,1,0,0,8,0,1,0,8,99,1,8.300000190734863,0.0,19.397174835205078,28.408123016357422,1.5,0,66,1.0,-1.0,0.0,0,0,0
1780683016.8056633,0,0.3499999940395355,1,0,156,900,423158243,52,77,22.0,0.0,24.990610122680664,28.561870574951172,1,0,0.6000000238418579,0,0,1,0,0,8,0,1,0,8,99,1,8.300000190734863,0.0,19.563255310058594,28.40812110900879,1.5,0,66,1.0,-1.0,0.0,0,0,0
1780683016.82587,0,0.3499999940395355,1,0,156,900,423158243,52,77,22.0,0.0,25.43061065673828,28.561870574951172,1,0,0.6000000238418579,0,0,1,0,0,8,0,1,0,8,99,1,8.300000190734863,0.0,19.72925567626953,28.40812110900879,1.5,0,66,1.0,-1.0,0.0,0,0,0
1780683016.8458083,0,0.3499999940395355,0,0,156,900,423158243,52,77,22.0,0.0,25.8706111907959,28.561870574951172,1,0,0.6000000238418579,0,0,1,0,0,8,0,0,0,8,99,1,8.300000190734863,0.0,19.895252227783203,28.408123016357422,1.5,0,66,1.0,-1.0,0.0,0,0,0
1780683016.8657205,0,0.3499999940395355,0,0,156,900,423158243,52,77,22.0,0.0,26.310611724853516,28.561870574951172,1,0,0.6000000238418579,0,0,1,0,0,8,0,0,0,8,99,1,8.300000190734863,0.0,20.061256408691406,28.408119201660156,1.5,0,66,1.0,0.0,0.0,0,0,0
1780683016.8860445,0,0.3499999940395355,0,0,156,900,423158243,52,77,22.0,0.0,26.750612258911133,28.561870574951172,1,0,0.6000000238418579,0,0,1,0,0,8,0,0,0,8,99,1,8.300000190734863,0.0,20.227252960205078,28.40812110900879,1.5,0,66,1.0,0.0,0.0,0,0,0
1780683016.9058707,0,0.3499999940395355,0,0,156,900,423158243,52,77,22.0,0.0,27.19061279296875,28.561870574951172,1,0,0.6000000238418579,0,0,1,0,0,8,0,0,0,8,99,1,8.300000190734863,0.0,20.393253326416016,28.408119201660156,1.5,0,66,1.0,0.0,0.0,0,0,0
1780683016.9260037,0,0.3499999940395355,0,0,156,900,423158243,52,77,22.0,0.0,27.630613327026367,28.561870574951172,1,0,0.6000000238418579,0,0,1,0,0,8,0,0,0,8,99,1,8.300000190734863,0.0,20.559253692626953,28.408119201660156,1.5,0,66,1.0,0.0,0.0,0,0,0
1780683016.945617,0,0.3499999940395355,0,0,156,900,423158243,52,77,22.0,0.0,28.070613861083984,28.561870574951172,1,0,0.6000000238418579,0,0,1,0,0,8,0,0,0,8,99,1,8.300000190734863,0.0,20.725252151489258,28.40812110900879,1.5,0,66,1.0,0.0,0.0,0,0,0
1780683016.9668076,0,0.3499999940395355,0,0,156,900,423158243,52,77,22.0,0.0,28.5106143951416,28.561870574951172,1,0,0.6000000238418579,0,0,1,0,0,8,0,0,0,8,99,1,8.300000190734863,0.0,20.891254425048828,28.40812110900879,1.5,0,66,1.0,0.0,0.0,0,0,0
1780683016.987891,0,0.3499999940395355,0,0,156,900,423158243,52,77,22.0,0.0,28.95061492919922,28.561870574951172,1,0,0.6000000238418579,0,0,1,0,0,8,0,0,0,8,99,1,8.300000190734863,0.0,21.057174682617188,28.408119201660156,1.5,0,66,1.0,0.0,0.0,0,0,0
1780683017.0078394,0,0.3499999940395355,0,0,156,900,423158243,52,77,22.0,0.0,29.390615463256836,28.561870574951172,1,0,0.6000000238418579,0,0,1,0,0,8,0,0,0,8,99,1,8.300000190734863,0.0,21.2232608795166,28.408123016357422,1.5,0,66,1.0,0.0,0.0,0,0,0
1780683017.0280492,0,0.3499999940395355,0,0,156,900,423158243,52,77,22.0,0.0,29.830615997314453,28.561870574951172,1,0,0.6000000238418579,0,0,1,0,0,8,0,0,0,8,99,1,8.300000190734863,0.0,21.389259338378906,28.408123016357422,1.5,0,66,1.0,0.0,0.0,0,0,0
1780683017.048366,0,0.3499999940395355,0,0,156,900,423158243,56,77,0.0,0.0,30.27061653137207,28.561870574951172,1,0,0.6000000238418579,0,0,1,0,0,8,0,0,0,8,99,1,8.300000190734863,0.0,21.55526351928711,28.40812110900879,1.5,0,66,1.0,0.0,0.0,0,0,0
1780683017.0684829,0,0.3499999940395355,0,0,156,900,423158243,56,77,0.0,0.0,30.27061653137207,28.561870574951172,1,0,0.6000000238418579,0,0,1,0,0,8,0,0,0,8,99,1,8.300000190734863,0.0,21.721267700195312,28.408123016357422,1.5,0,66,1.0,0.0,0.0,0,0,0
1780683017.0891771,0,0.3499999940395355,0,0,156,900,423158243,56,77,0.0,0.0,30.27061653137207,28.561870574951172,1,0,0.6000000238418579,0,0,1,0,0,8,0,0,0,8,99,1,8.300000190734863,0.0,21.887187957763672,28.408119201660156,1.5,0,66,1.0,0.0,0.0,0,0,0
1780683017.1082532,0,0.3499999940395355,0,0,156,900,423158243,56,77,0.0,0.0,30.27061653137207,28.561870574951172,1,0,0.6000000238418579,0,0,1,0,0,8,0,0,0,8,99,1,8.300000190734863,0.0,22.053268432617188,28.408123016357422,1.5,0,66,1.0,0.0,0.0,0,0,0
1780683017.127271,0,0.3499999940395355,0,0,156,900,423158243,56,77,0.0,0.0,30.27061653137207,28.561870574951172,1,0,0.6000000238418579,0,0,1,0,0,8,0,0,0,8,99,1,8.300000190734863,0.0,22.21927261352539,28.40812110900879,1.5,0,66,1.0,0.0,0.0,0,0,0
1780683017.1460967,0,0.3499999940395355,0,0,156,900,423158243,56,77,0.0,0.0,30.27061653137207,28.561870574951172,1,0,0.6000000238418579,0,0,1,0,0,8,0,0,0,8,99,1,8.300000190734863,0.0,22.38519287109375,28.408119201660156,1.5,0,66,1.0,0.0,0.0,0,0,0
1780683017.1657808,0,0.3499999940395355,0,0,156,900,423158243,56,77,0.0,0.0,30.27061653137207,28.561870574951172,1,0,0.6000000238418579,0,0,1,0,0,8,0,0,0,8,99,1,8.300000190734863,0.0,22.551189422607422,28.408119201660156,1.5,0,66,1.0,0.0,0.0,0,0,0
1780683017.185741,0,0.3499999940395355,0,0,156,900,423158243,56,77,0.0,0.0,30.27061653137207,28.561870574951172,1,0,0.6000000238418579,0,0,1,0,0,8,0,0,0,8,99,1,8.300000190734863,0.0,22.71718978881836,28.408119201660156,1.5,0,66,1.0,0.0,0.0,0,0,0
1780683017.2058275,0,0.3499999940395355,0,0,156,900,423158243,56,77,0.0,0.0,30.27061653137207,28.561870574951172,1,0,0.6000000238418579,0,0,1,0,0,8,0,0,0,8,99,1,8.300000190734863,0.0,22.88327407836914,28.40812110900879,1.5,0,66,1.0,0.0,0.0,0,0,0
1780683017.2258244,0,0.3499999940395355,0,0,156,900,423158243,56,77,0.0,0.0,30.27061653137207,28.561870574951172,1,0,0.6000000238418579,0,0,1,0,0,8,0,0,0,8,99,1,8.300000190734863,0.0,23.049274444580078,28.40812110900879,1.5,0,66,1.0,0.0,0.0,0,0,0
1780683017.2460577,0,0.3499999940395355,0,0,156,900,423158243,56,77,0.0,0.0,30.27061653137207,28.561870574951172,1,0,0.6000000238418579,0,0,1,0,0,8,0,0,0,8,99,1,8.300000190734863,0.0,23.21527099609375,28.40812110900879,1.5,0,66,1.0,0.0,0.0,0,0,0
1780683017.2662315,0,0.3499999940395355,0,0,156,900,423158243,56,77,0.0,0.0,30.27061653137207,28.561870574951172,1,0,0.6000000238418579,0,0,1,0,0,8,0,0,0,8,99,1,8.300000190734863,0.0,23.381267547607422,28.408123016357422,1.5,0,66,1.0,0.0,0.0,0,0,0
1780683017.2859178,0,0.3499999940395355,0,0,156,900,423158243,69,77,0.0,0.0,30.27061653137207,28.561870574951172,1,0,0.6000000238418579,0,0,1,0,0,8,0,0,0,8,99,1,8.300000190734863,0.0,23.547266006469727,28.408119201660156,1.5,0,66,1.0,0.0,0.0,0,0,0
1780683017.3058045,0,0.3499999940395355,0,0,156,900,423158243,69,77,0.0,0.0,30.27061653137207,28.561870574951172,1,0,0.6000000238418579,0,0,1,0,0,8,0,0,0,8,99,1,8.300000190734863,0.0,23.71326446533203,28.408123016357422,1.5,0,66,1.0,0.0,0.0,0,0,0
1780683017.3259168,0,0.3499999940395355,0,0,156,900,423158243,69,77,0.0,0.0,30.27061653137207,28.561870574951172,1,0,0.6000000238418579,0,0,1,0,0,8,0,0,0,8,99,1,8.300000190734863,0.0,23.879180908203125,28.40812110900879,1.5,0,66,1.0,0.0,0.0,0,0,0
1780683017.346083,0,0.3499999940395355,0,0,156,900,423158243,69,77,0.0,0.0,30.27061653137207,28.561870574951172,1,0,0.6000000238418579,0,0,1,0,0,8,0,0,0,8,99,1,8.300000190734863,0.0,24.045181274414062,28.408119201660156,1.5,0,66,1.0,0.0,0.0,0,0,0
1780683017.3659754,0,0.3499999940395355,0,0,156,900,423158243,69,77,0.0,0.0,30.27061653137207,28.561870574951172,1,0,0.6000000238418579,0,0,1,0,0,8,0,0,0,8,99,1,8.300000190734863,0.0,24.211177825927734,28.40812110900879,1.5,0,66,1.0,0.0,0.0,0,0,0
1780683017.385938,0,0.3499999940395355,0,0,156,900,423158243,69,77,0.0,0.0,30.27061653137207,28.561870574951172,1,0,0.6000000238418579,0,0,1,0,0,8,0,0,0,8,99,1,8.300000190734863,0.0,24.377178192138672,28.408123016357422,1.5,0,66,1.0,0.0,0.0,0,0,0
1780683017.4056883,0,0.3499999940395355,0,0,156,900,423158243,69,77,0.0,0.0,30.27061653137207,28.561870574951172,1,0,0.6000000238418579,0,0,1,0,0,8,0,0,0,8,99,1,8.300000190734863,0.0,24.543174743652344,28.408123016357422,1.5,0,66,1.0,0.0,0.0,0,0,0
1780683017.4258196,0,0.3499999940395355,0,0,156,900,423158243,69,77,0.0,0.0,30.27061653137207,28.561870574951172,1,0,0.6000000238418579,0,0,1,0,0,8,0,0,0,8,99,1,8.300000190734863,0.0,24.70917510986328,28.40812110900879,1.5,0,66,1.0,0.0,0.0,0,0,0
1780683017.4457939,0,0.3499999940395355,0,0,156,900,423158243,69,77,0.0,0.0,30.27061653137207,28.561870574951172,1,0,0.6000000238418579,0,0,1,0,0,8,0,0,0,8,99,1,8.300000190734863,0.0,24.87517547607422,28.40812110900879,1.5,0,66,1.0,0.0,0.0,0,0,0
1780683017.4658904,0,0.3499999940395355,0,0,156,900,423158243,69,77,0.0,0.0,30.27061653137207,28.561870574951172,1,0,0.6000000238418579,0,0,1,0,0,8,0,0,0,8,99,1,8.300000190734863,0.0,25.041175842285156,28.408123016357422,1.5,0,66,1.0,0.0,0.0,0,0,0
1780683017.4857824,0,0.3499999940395355,0,0,156,900,423158243,69,77,0.0,0.0,30.27061653137207,28.561870574951172,1,0,0.6000000238418579,0,0,1,0,0,8,0,0,0,8,99,1,8.300000190734863,0.0,25.207172393798828,28.40812110900879,1.5,0,66,1.0,0.0,0.0,0,0,0
1780683017.505643,0,0.3499999940395355,0,0,156,900,423158243,69,77,0.0,0.0,30.27061653137207,28.561870574951172,1,0,0.6000000238418579,0,0,1,0,0,8,0,0,0,8,99,1,8.300000190734863,0.0,25.373172760009766,28.408123016357422,1.5,0,66,1.0,0.0,0.0,0,0,0
1780683017.52589,0,0.3499999940395355,0,0,156,900,423158243,69,77,0.0,0.0,30.27061653137207,28.561870574951172,1,0,0.6000000238418579,0,0,1,0,0,8,0,0,0,8,99,1,8.300000190734863,0.0,25.539173126220703,28.40812110900879,1.5,0,66,1.0,0.0,0.0,0,0,0
1780683017.5456128,0,0.3499999940395355,0,0,156,900,423158243,45,77,8.0,0.0,30.27061653137207,28.561870574951172,1,0,0.6000000238418579,0,0,1,0,0,8,0,0,0,8,99,1,8.300000190734863,0.0,25.70517349243164,28.40812110900879,1.5,0,66,1.0,0.0,0.0,0,0,0
1780683017.5658467,0,0.3499999940395355,0,0,156,900,423158243,45,77,8.0,0.0,30.43061637878418,28.561870574951172,1,0,0.6000000238418579,0,0,1,0,0,8,0,0,0,8,99,1,8.300000190734863,0.0,25.871170043945312,28.40812110900879,1.5,0,66,1.0,0.0,0.0,0,0,0
1780683017.585776,0,0.3499999940395355,0,0,156,900,423158243,45,77,8.0,0.0,30.59061622619629,28.561870574951172,1,0,0.6000000238418579,0,0,1,0,0,8,0,0,0,8,99,1,8.300000190734863,0.0,26.03717041015625,28.408123016357422,1.5,0,66,1.0,0.0,0.0,0,0,0
1780683017.6056309,0,0.3499999940395355,0,0,156,900,423158243,45,77,8.0,0.0,30.7506160736084,28.561870574951172,1,0,0.6000000238418579,0,0,1,0,0,8,0,0,0,8,99,1,8.300000190734863,0.0,26.203168869018555,28.408123016357422,1.5,0,66,1.0,0.0,0.0,0,0,0
1780683017.625867,0,0.3499999940395355,0,0,156,900,423158243,45,77,8.0,0.0,30.910615921020508,28.561870574951172,1,0,0.6000000238418579,0,0,1,0,0,8,0,0,0,8,99,1,8.300000190734863,0.0,26.369169235229492,28.40812110900879,1.5,0,66,1.0,0.0,0.0,0,0,0
1780683017.645969,0,0.3499999940395355,0,0,156,900,423158243,45,77,8.0,0.0,31.070615768432617,28.561870574951172,1,0,0.6000000238418579,0,0,1,0,0,8,0,0,0,8,99,1,8.300000190734863,0.0,26.535171508789062,28.408119201660156,1.5,0,66,1.0,0.0,0.0,0,0,0
1780683017.6657252,0,0.3499999940395355,0,0,156,900,423158243,45,77,8.0,0.0,31.230615615844727,28.561870574951172,1,0,0.6000000238418579,0,0,1,0,0,8,0,0,0,8,99,1,8.300000190734863,0.0,26.701171875,28.408123016357422,1.5,0,66,1.0,0.0,0.0,0,0,0
1780683017.6857998,0,0.3499999940395355,0,0,156,900,423158243,45,77,8.0,0.0,31.390615463256836,28.561870574951172,1,0,0.6000000238418579,0,0,1,0,0,8,0,0,0,8,99,1,8.300000190734863,0.0,26.867170333862305,28.408119201660156,1.5,0,66,1.0,0.0,0.0,0,0,0
1780683017.7057471,0,0.3499999940395355,0,0,156,900,423158243,45,77,8.0,0.0,31.550615310668945,28.561870574951172,1,0,0.6000000238418579,0,0,1,0,0,8,0,0,0,8,99,1,8.300000190734863,0.0,27.033254623413086,28.40812110900879,1.5,0,66,1.0,0.0,0.0,0,0,0
1780683017.7260747,0,0.3499999940395355,0,0,156,900,423158243,45,77,8.0,0.0,31.710615158081055,28.561870574951172,1,0,0.6000000238418579,0,0,1,0,0,8,0,0,0,8,99,1,8.300000190734863,0.0,27.199254989624023,28.408119201660156,1.5,0,66,1.0,0.0,0.0,0,0,0
1780683017.7460155,0,0.3499999940395355,0,0,156,900,423158243,45,77,8.0,0.0,31.870615005493164,28.561870574951172,1,0,0.6000000238418579,0,0,1,0,0,8,0,0,0,8,99,1,8.300000190734863,0.0,27.365249633789062,28.40812110900879,1.5,0,66,1.0,0.0,0.0,0,0,0
1780683017.7657535,0,0.3499999940395355,0,0,156,900,423158243,45,77,8.0,0.0,32.03061294555664,28.561870574951172,1,0,0.6000000238418579,0,0,1,0,0,8,0,0,0,8,99,1,8.300000190734863,0.0,27.53125,28.40812110900879,1.5,0,66,1.0,0.0,0.0,0,0,0
1780683017.7857568,0,0.3499999940395355,0,0,156,900,423158243,45,77,8.0,0.0,32.190616607666016,28.561870574951172,1,0,0.6000000238418579,0,0,1,0,0,8,0,0,0,8,99,1,8.300000190734863,0.0,27.697250366210938,28.40812110900879,1.5,0,66,1.0,0.0,0.0,0,0,0
1780683017.8059843,0,0.3499999940395355,1,0,156,900,423158243,45,77,8.0,0.0,32.350616455078125,28.561870574951172,0,0,0.6000000238418579,0,0,1,0,0,8,0,1,0,8,99,1,8.300000190734863,0.0,27.86324691772461,28.408119201660156,1.5,0,66,1.0,0.0,0.0,0,0,1
1780683017.825882,0,0.3499999940395355,1,0,156,900,423158243,45,77,8.0,0.0,32.510616302490234,28.561870574951172,0,0,0.6000000238418579,0,0,1,0,0,8,0,1,0,8,99,1,8.300000190734863,0.0,28.029245376586914,28.40812110900879,1.5,0,66,1.0,0.0,0.0,0,0,1
1780683017.8458798,0,0.3499999940395355,1,0,156,900,423158243,45,77,8.0,0.0,32.670616149902344,28.561870574951172,0,0,0.6000000238418579,0,0,1,0,0,8,0,1,0,8,99,1,8.300000190734863,0.0,28.19524383544922,28.408123016357422,1.5,0,66,1.0,0.0,0.0,0,0,1
1780683017.8661535,0,0.3499999940395355,1,0,156,900,423158243,45,77,8.0,0.0,32.83061599731445,28.561870574951172,0,0,0.6000000238418579,0,0,1,0,0,8,0,1,0,8,99,1,8.300000190734863,0.0,28.361160278320312,28.40812110900879,1.5,0,66,1.0,0.0,0.0,0,0,1
1780683017.8857408,0,0.3499999940395355,1,0,156,900,423158243,45,77,8.0,0.0,32.99061584472656,28.561870574951172,0,0,0.6000000238418579,0,0,1,0,0,8,0,1,0,8,99,1,8.300000190734863,0.0,28.52716064453125,28.40812110900879,1.5,0,66,1.0,0.0,0.0,0,0,1
1780683017.9057012,0,0.3499999940395355,1,0,156,900,423158243,45,77,8.0,0.0,33.15061569213867,28.561870574951172,0,0,0.6000000238418579,0,0,1,0,0,8,0,1,0,8,99,1,8.300000190734863,0.0,28.693157196044922,28.40812110900879,1.5,0,66,1.0,0.0,0.0,0,0,1
1780683017.9257472,0,0.3499999940395355,1,0,156,900,423158243,45,77,8.0,0.0,33.31061553955078,28.561870574951172,1,0,0.6000000238418579,0,0,1,0,0,8,0,1,0,8,99,1,8.300000190734863,0.0,28.85915756225586,28.408119201660156,1.5,0,66,1.0,0.0,0.0,0,0,1
1780683017.9459662,0,0.3499999940395355,1,0,156,900,423158243,45,77,8.0,0.0,33.47061538696289,28.561870574951172,1,0,0.6000000238418579,0,0,1,0,0,8,0,1,0,8,99,1,8.300000190734863,0.0,29.025156021118164,28.40812110900879,1.5,0,66,1.0,0.0,0.0,0,0,0
1780683017.965938,0,0.3499999940395355,1,0,156,900,423158243,45,77,8.0,0.0,33.630615234375,28.561870574951172,1,0,0.6000000238418579,0,0,1,0,0,8,0,1,0,8,99,1,8.300000190734863,0.0,29.19115447998047,28.408123016357422,1.5,0,66,1.0,0.0,0.0,0,0,0
1780683017.986378,0,0.3499999940395355,1,0,156,900,423158243,45,77,8.0,0.0,33.79061508178711,28.561870574951172,1,0,0.6000000238418579,0,0,1,0,0,8,0,1,0,8,99,1,8.300000190734863,0.0,29.357154846191406,28.408119201660156,1.5,0,66,1.0,0.0,0.0,0,0,0
1780683018.0056872,0,0.3499999940395355,1,0,156,900,423158243,45,77,8.0,0.0,33.95061492919922,28.561870574951172,1,0,0.6000000238418579,0,0,1,0,0,8,0,1,0,8,99,1,8.300000190734863,0.0,29.523237228393555,28.408119201660156,1.5,0,66,1.0,0.0,0.0,0,0,0
1780683018.0259058,0,0.3499999940395355,1,0,156,900,423158243,45,77,8.0,0.0,34.11061477661133,28.561870574951172,1,0,0.6000000238418579,0,0,1,0,0,8,0,1,0,8,99,1,8.300000190734863,0.0,29.689239501953125,28.408123016357422,1.5,0,66,1.0,0.0,0.0,0,0,0
1780683018.0456638,0,0.3499999940395355,1,0,156,900,423158243,45,77,8.0,0.0,34.27061462402344,28.561870574951172,1,0,0.6000000238418579,0,0,1,0,0,8,0,1,0,8,99,1,8.300000190734863,0.0,29.855236053466797,28.40812110900879,1.5,0,66,1.0,0.0,0.0,0,0,0
1780683018.065725,0,0.3499999940395355,1,0,156,900,423158243,45,77,8.0,0.0,34.43061447143555,28.561870574951172,1,0,0.6000000238418579,0,0,1,0,0,8,0,1,0,8,99,1,8.300000190734863,0.0,30.02123260498047,28.40812110900879,1.5,0,66,1.0,0.0,0.0,0,0,0
1780683018.085551,0,0.3499999940395355,1,0,156,900,423158243,45,77,8.0,0.0,34.590614318847656,28.561870574951172,1,0,0.6000000238418579,0,0,1,0,0,8,0,1,0,8,99,1,8.300000190734863,0.0,30.187150955200195,28.40812110900879,1.5,0,66,1.0,0.0,0.0,0,0,0
1780683018.1057036,0,0.3499999940395355,1,0,156,900,423158243,45,77,8.0,0.0,34.750614166259766,28.561870574951172,1,0,0.6000000238418579,0,0,1,0,0,8,0,1,0,8,99,1,8.300000190734863,0.0,30.3531494140625,28.40812110900879,1.5,0,66,1.0,0.0,0.0,0,0,0
1780683018.1258245,0,0.3499999940395355,1,0,156,900,423158243,45,77,8.0,0.0,34.910614013671875,28.561870574951172,1,0,0.6000000238418579,0,0,1,0,0,8,0,1,0,8,99,1,8.300000190734863,0.0,30.519149780273438,28.40812110900879,1.5,0,66,1.0,0.0,0.0,0,0,0
1780683018.1460388,0,0.3499999940395355,1,0,156,900,423158243,45,77,8.0,0.0,35.070613861083984,28.561870574951172,1,0,0.6000000238418579,0,0,1,0,0,8,0,1,0,8,99,1,8.300000190734863,0.0,30.68515396118164,28.408123016357422,1.5,0,66,1.0,0.0,0.0,0,0,0
1780683018.1658168,0,0.3499999940395355,0,0,156,900,423158243,45,77,8.0,0.0,35.230613708496094,28.561870574951172,1,0,0.6000000238418579,0,0,1,0,0,8,0,0,0,8,99,1,8.300000190734863,0.0,30.851154327392578,28.40812110900879,1.5,0,66,1.0,0.0,0.0,0,0,0
1780683018.1859937,0,0.3499999940395355,0,0,156,900,423158243,45,77,8.0,0.0,35.3906135559082,28.561870574951172,1,0,0.6000000238418579,0,0,1,0,0,8,0,0,0,8,99,1,8.300000190734863,0.0,31.017154693603516,28.40812110900879,1.5,0,66,1.0,0.0,0.0,0,0,0
1780683018.2058845,0,0.3499999940395355,0,0,156,900,423158243,45,77,8.0,0.0,35.55061340332031,28.561870574951172,1,0,0.6000000238418579,0,0,1,0,0,8,0,0,0,8,99,1,8.300000190734863,0.0,31.183237075805664,28.408119201660156,1.5,0,66,1.0,0.0,0.0,0,0,0
1780683018.2257173,0,0.3499999940395355,0,0,156,900,423158243,45,77,8.0,0.0,35.71061325073242,28.561870574951172,1,0,0.6000000238418579,0,0,1,0,0,8,0,0,0,8,99,1,8.300000190734863,0.0,31.349239349365234,28.408119201660156,1.5,0,66,1.0,0.0,0.0,0,0,0
1780683018.245763,0,0.3499999940395355,0,0,156,900,423158243,45,77,8.0,0.0,35.87061309814453,28.561870574951172,1,0,0.6000000238418579,0,0,1,0,0,8,0,0,0,8,99,1,8.300000190734863,0.0,31.515239715576172,28.408119201660156,1.5,0,66,1.0,0.0,0.0,0,0,0
1780683018.265515,0,0.3499999940395355,0,0,156,900,423158243,35,77,0.0,0.0,36.03061294555664,28.561870574951172,1,0,0.6000000238418579,0,0,1,0,0,8,0,0,0,8,99,1,8.300000190734863,0.0,31.681236267089844,28.408119201660156,1.5,0,66,1.0,0.0,0.0,0,0,0
1780683018.285731,0,0.3499999940395355,0,0,156,900,423158243,35,77,0.0,0.0,36.030609130859375,28.561870574951172,1,0,0.6000000238418579,0,0,1,0,0,8,0,0,0,8,99,1,8.300000190734863,0.0,31.84723663330078,28.40812110900879,1.5,0,66,1.0,0.0,0.0,0,0,0
1780683018.3057165,0,0.3499999940395355,0,0,156,900,423158243,35,77,0.0,0.0,36.030609130859375,28.561870574951172,1,0,0.6000000238418579,0,0,1,0,0,8,0,0,0,8,99,1,8.300000190734863,0.0,32.01323318481445,28.40812110900879,1.5,0,66,1.0,0.0,0.0,0,0,1
1780683018.325829,0,0.3499999940395355,1,0,156,900,423158243,35,77,0.0,0.0,36.030609130859375,28.561870574951172,0,0,0.6000000238418579,0,0,1,0,0,8,0,1,0,8,99,1,8.300000190734863,0.0,32.17923355102539,28.408119201660156,1.5,0,66,1.0,0.0,0.0,0,0,1
1780683018.3457694,0,0.3499999940395355,1,0,156,900,423158243,35,77,0.0,0.0,36.030609130859375,28.561870574951172,0,0,0.6000000238418579,0,0,1,0,0,8,0,1,0,8,99,1,8.300000190734863,0.0,32.34523010253906,28.40812110900879,1.5,0,66,1.0,0.0,0.0,0,0,1
1780683018.3660073,0,0.3499999940395355,1,0,156,900,423158243,35,77,0.0,0.0,36.030609130859375,28.561870574951172,0,0,0.6000000238418579,0,0,1,0,0,8,0,1,0,8,99,1,8.300000190734863,0.0,32.51115036010742,28.408123016357422,1.5,0,66,1.0,0.0,0.0,0,0,1
1780683018.3859944,0,0.3499999940395355,1,0,156,900,423158243,35,77,0.0,0.0,36.030609130859375,28.561870574951172,0,0,0.6000000238418579,0,0,1,0,0,8,0,1,0,8,99,1,8.300000190734863,0.0,32.677146911621094,28.408119201660156,1.5,0,66,1.0,0.0,0.0,0,0,1
1780683018.405814,0,0.3499999940395355,1,0,156,900,423158243,35,77,0.0,0.0,36.030609130859375,28.561870574951172,0,0,0.6000000238418579,0,0,1,0,0,8,0,1,0,8,99,1,8.300000190734863,0.0,32.843231201171875,28.408123016357422,1.5,0,66,1.0,0.0,0.0,0,0,1
1780683018.4258592,0,0.3499999940395355,1,0,156,900,423158243,35,77,0.0,0.0,36.030609130859375,28.561870574951172,1,0,0.6000000238418579,0,0,1,0,0,8,0,1,0,8,99,1,8.300000190734863,0.0,33.00923156738281,28.40812110900879,1.5,0,66,1.0,0.0,0.0,0,0,1
1780683018.4458966,0,0.3499999940395355,1,0,156,900,423158243,35,77,0.0,0.0,36.030609130859375,28.561870574951172,1,0,0.6000000238418579,0,0,1,0,0,8,0,1,0,8,99,1,8.300000190734863,0.0,33.17523193359375,28.40812110900879,1.5,0,66,1.0,0.0,0.0,0,0,0
1780683018.4656148,0,0.3499999940395355,1,0,156,900,423158243,35,77,0.0,0.0,36.030609130859375,28.561870574951172,1,0,0.6000000238418579,0,0,1,0,0,8,0,1,0,8,99,1,8.300000190734863,0.0,33.34123229980469,28.40812110900879,1.5,0,66,1.0,0.0,0.0,0,0,0
1780683018.4855263,0,0.3499999940395355,1,0,156,900,423158243,35,77,0.0,0.0,36.030609130859375,28.561870574951172,1,0,0.6000000238418579,0,0,1,0,0,8,0,1,0,8,99,1,8.300000190734863,0.0,33.50722885131836,28.40812110900879,1.5,0,66,1.0,0.0,0.0,0,0,0
1780683018.5056214,0,0.3499999940395355,1,0,156,900,423158243,35,77,0.0,0.0,36.030609130859375,28.561870574951172,1,0,0.6000000238418579,0,0,1,0,0,8,0,1,0,8,99,1,8.300000190734863,0.0,33.6732292175293,28.40812110900879,1.5,0,66,1.0,0.0,0.0,0,0,0
1780683018.5258696,0,0.3499999940395355,1,0,156,900,423158243,35,77,0.0,0.0,36.030609130859375,28.561870574951172,1,0,0.6000000238418579,0,0,1,0,0,8,0,1,0,8,99,1,8.300000190734863,0.0,33.83922576904297,28.408119201660156,1.5,0,66,1.0,0.0,0.0,0,0,0
1780683018.5459578,0,0.3499999940395355,1,0,156,900,423158243,35,77,0.0,0.0,36.030609130859375,28.561870574951172,1,0,0.6000000238418579,0,0,1,0,0,8,0,1,0,8,99,1,8.300000190734863,0.0,34.005226135253906,28.408123016357422,1.5,0,66,0.0,0.0,0.0,0,0,0
1780683018.5661988,0,0.3499999940395355,1,0,156,900,423158243,35,77,0.0,0.0,36.030609130859375,28.561870574951172,1,0,0.6000000238418579,0,0,1,0,0,8,0,1,0,8,99,1,8.300000190734863,0.0,34.171142578125,28.408123016357422,1.5,0,66,0.0,0.0,0.0,0,0,0
1780683018.5857124,0,0.3499999940395355,1,0,156,900,423158243,35,77,0.0,0.0,36.030609130859375,28.561870574951172,1,0,0.6000000238418579,0,0,1,0,0,8,0,1,0,8,99,1,0.0,0.0,34.240997314453125,28.40812110900879,1.5,0,66,0.0,0.0,0.0,0,0,0
1780683018.6057663,0,0.3499999940395355,1,0,156,900,423158243,35,77,0.0,0.0,36.030609130859375,28.561870574951172,1,0,0.6000000238418579,0,0,1,0,0,8,0,1,0,8,99,1,0.0,0.0,34.240997314453125,28.408119201660156,1.5,0,66,0.0,0.0,0.0,0,0,0
1780683018.626059,0,0.3499999940395355,1,0,156,900,423158243,35,77,0.0,0.0,36.030609130859375,28.561870574951172,1,0,0.6000000238418579,0,0,1,0,0,8,0,1,0,8,99,1,0.0,0.0,34.240997314453125,28.408123016357422,1.5,0,66,0.0,0.0,0.0,0,0,0
1780683018.646034,0,0.3499999940395355,1,0,156,900,423158243,35,77,0.0,0.0,36.030609130859375,28.561870574951172,1,0,0.6000000238418579,0,0,1,0,0,8,0,1,0,8,99,1,0.0,0.0,34.240997314453125,28.408119201660156,1.5,0,66,0.0,0.0,0.0,0,0,0
1780683018.665977,0,0.3499999940395355,0,0,156,900,423158243,35,77,0.0,0.0,36.030609130859375,28.561870574951172,1,0,0.6000000238418579,0,0,1,0,0,8,0,0,1,8,99,1,0.0,0.0,34.240997314453125,28.40812110900879,1.5,0,66,0.0,0.0,0.0,1,0,0
1780683018.6857154,0,0.3499999940395355,0,0,156,900,423158243,35,77,0.0,0.0,36.030609130859375,28.561870574951172,1,0,0.6000000238418579,0,0,1,0,0,8,0,0,1,8,99,0,0.0,15.70199966430664,34.240997314453125,28.59002685546875,1.5,0,66,0.0,0.0,0.0,1,0,0
1780683018.7058291,0,0.3499999940395355,0,0,156,900,423158243,35,77,0.0,0.0,36.030609130859375,28.561870574951172,1,0,0.6000000238418579,0,0,1,0,0,8,0,0,1,8,99,0,0.0,15.70199966430664,34.240997314453125,28.904218673706055,1.5,0,66,0.0,0.0,0.0,1,0,0
1780683018.7261178,0,0.3499999940395355,0,0,156,900,423158243,35,77,0.0,0.0,36.030609130859375,28.561870574951172,1,0,0.6000000238418579,0,0,1,0,0,8,0,0,1,8,99,0,0.0,15.70199966430664,34.240997314453125,29.2182559967041,1.5,0,66,0.0,0.0,0.0,1,0,0
1780683018.7459073,0,0.3499999940395355,0,0,156,900,423158243,35,77,0.0,0.0,36.030609130859375,28.561870574951172,1,0,0.6000000238418579,0,0,1,0,0,8,0,0,1,8,99,0,0.0,15.70199966430664,34.240997314453125,29.53228759765625,1.5,0,66,0.0,0.0,0.0,1,0,0
1780683018.7660632,0,0.3499999940395355,0,0,156,900,423158243,35,77,0.0,0.0,36.030609130859375,28.561870574951172,1,0,0.6000000238418579,0,0,1,0,0,8,0,0,1,8,99,0,0.0,15.70199966430664,34.240997314453125,29.846323013305664,1.5,0,66,0.0,0.0,0.0,1,0,0
1780683018.7858684,0,0.3499999940395355,0,0,156,900,423158243,35,77,0.0,0.0,36.030609130859375,28.561870574951172,1,0,0.6000000238418579,0,0,1,0,0,8,0,0,1,8,99,0,0.0,15.70199966430664,34.240997314453125,30.160358428955078,1.5,0,66,0.0,0.0,0.0,1,0,0
1780683018.8057704,0,0.3499999940395355,0,0,156,900,423158243,35,77,0.0,0.0,36.030609130859375,28.561870574951172,1,0,0.6000000238418579,0,0,1,0,0,8,0,0,1,8,99,0,0.0,15.70199966430664,34.240997314453125,30.474403381347656,1.5,0,66,1.0,0.0,0.0,1,0,0
1780683018.8260088,0,0.3499999940395355,0,0,156,900,423158243,35,77,0.0,0.0,36.030609130859375,28.561870574951172,1,0,0.6000000238418579,0,0,1,0,0,8,0,0,1,8,99,0,0.0,15.70199966430664,34.240997314453125,30.78844451904297,1.5,0,66,1.0,-1.0,0.0,1,0,0
1780683018.8459065,0,0.3499999940395355,0,0,156,900,423158243,35,77,0.0,0.0,36.030609130859375,28.561870574951172,1,0,0.6000000238418579,0,0,1,0,0,8,0,0,1,8,99,0,8.300000190734863,15.70199966430664,34.33722686767578,31.10247802734375,1.5,0,66,1.0,-1.0,0.0,1,0,0
1780683018.8657787,0,0.3499999940395355,0,0,156,900,423158243,35,77,0.0,0.0,36.030609130859375,28.561870574951172,1,0,0.6000000238418579,0,0,1,0,0,8,0,0,1,8,99,0,8.300000190734863,15.70199966430664,34.503143310546875,31.416362762451172,1.5,0,66,1.0,-1.0,0.0,1,0,0
1780683018.8856566,0,0.3499999940395355,0,0,156,900,423158243,35,77,0.0,0.0,36.030609130859375,28.561870574951172,1,0,0.6000000238418579,0,0,1,0,0,8,0,0,0,8,99,0,8.300000190734863,14.753999710083008,34.66913986206055,31.719417572021484,1.5,0,66,1.0,-1.0,0.0,1,0,0
1780683018.905765,0,0.3499999940395355,0,0,156,900,423158243,35,77,0.0,0.0,36.030609130859375,28.561870574951172,1,0,0.6000000238418579,0,0,1,0,0,8,0,0,0,8,99,0,8.300000190734863,13.805999755859375,34.835140228271484,32.00351333618164,1.5,0,66,1.0,-1.0,0.0,1,0,0
1780683018.9260073,0,0.3499999940395355,0,0,156,900,423158243,35,77,0.0,0.0,36.030609130859375,28.561870574951172,1,0,0.6000000238418579,0,0,1,0,0,8,0,0,0,8,99,0,8.300000190734863,12.857999801635742,35.00114059448242,32.26865005493164,1.5,0,66,1.0,-1.0,0.0,1,0,0
1780683018.945858,0,0.3499999940395355,0,0,156,900,423158243,35,77,0.0,0.0,36.030609130859375,28.561870574951172,1,0,0.6000000238418579,0,0,1,0,0,8,0,0,0,8,99,0,8.300000190734863,11.90999984741211,35.167137145996094,32.514827728271484,1.5,0,66,1.0,-1.0,0.0,1,0,0
1780683018.9659653,0,0.3499999940395355,0,0,156,900,423158243,35,77,0.0,0.0,36.030609130859375,28.561870574951172,1,0,0.6000000238418579,0,0,1,0,0,8,0,0,0,8,99,0,8.300000190734863,10.961999893188477,35.33313751220703,32.742042541503906,1.5,0,66,1.0,-1.0,0.0,1,0,0
1780683018.985938,0,0.3499999940395355,0,0,156,900,423158243,35,77,0.0,0.0,36.030609130859375,28.561870574951172,1,0,0.6000000238418579,0,0,1,0,0,8,0,0,0,8,99,0,8.300000190734863,10.013999938964844,35.4991340637207,32.95030212402344,1.5,0,66,1.0,-1.0,0.0,1,0,0
1780683019.0059636,0,0.3499999940395355,0,0,156,900,423158243,35,77,0.0,0.0,36.030609130859375,28.561870574951172,1,0,0.6000000238418579,0,0,1,0,0,8,0,0,0,8,99,0,8.300000190734863,9.065999984741211,35.66521453857422,33.139686584472656,1.5,0,66,1.0,-1.0,0.0,1,0,0
1780683019.0258396,0,0.3499999940395355,0,0,156,900,423158243,35,77,0.0,0.0,36.030609130859375,28.561870574951172,1,0,0.6000000238418579,0,0,1,0,0,8,0,0,0,8,99,0,8.300000190734863,8.118000030517578,35.83121871948242,33.310020446777344,1.5,0,66,1.0,-1.0,0.0,1,0,0
1780683019.0459251,0,0.3499999940395355,0,0,156,900,423158243,37,77,0.0,0.0,36.030609130859375,28.561870574951172,1,0,0.6000000238418579,0,0,1,0,0,8,0,0,0,8,99,0,0.0,7.1700005531311035,35.9010009765625,33.461387634277344,1.5,0,66,1.0,-1.0,0.0,1,0,0
1780683019.065816,0,0.3499999940395355,0,0,156,900,423158243,37,77,0.0,0.0,36.030609130859375,28.561870574951172,1,0,0.6000000238418579,0,0,1,0,0,8,0,0,0,8,99,0,0.0,6.222001075744629,35.9010009765625,33.59373474121094,1.5,0,66,1.0,-1.0,0.0,1,0,0
1780683019.0855613,0,0.3499999940395355,0,0,156,900,423158243,37,77,0.0,0.0,36.030609130859375,28.561870574951172,1,0,0.6000000238418579,0,0,1,0,0,8,0,0,0,8,99,0,0.0,5.274001598358154,35.9010009765625,33.70719528198242,1.5,0,66,0.0,-1.0,0.0,0,0,0
1780683019.1058154,0,0.3499999940395355,0,0,156,900,423158243,37,77,0.0,0.0,36.030609130859375,28.561870574951172,1,0,0.6000000238418579,0,0,1,0,0,8,0,0,0,8,99,0,0.0,4.32600212097168,35.9010009765625,33.801692962646484,1.5,0,66,0.0,-1.0,0.0,0,0,0
1780683019.1261833,0,0.3499999940395355,0,0,156,900,423158243,37,77,0.0,0.0,36.030609130859375,28.561870574951172,1,0,0.6000000238418579,0,0,1,0,0,8,0,0,0,8,99,0,0.0,0.0,35.9010009765625,33.87726593017578,1.5,0,66,0.0,-1.0,0.0,0,0,0
1780683019.1459875,0,0.3499999940395355,0,0,156,900,423158243,37,77,0.0,0.0,36.030609130859375,28.561870574951172,1,0,0.6000000238418579,0,0,1,1,0,8,0,0,0,8,99,0,0.0,-0.9479996562004089,35.9010009765625,33.89468002319336,1.5,0,66,0.0,-1.0,0.0,0,1,0
1780683019.1662827,0,0.3499999940395355,0,0,156,900,423158243,37,77,0.0,0.0,36.030609130859375,28.561870574951172,1,0,0.6000000238418579,0,0,1,1,0,8,0,0,0,8,99,0,0.0,-1.8959993124008179,35.9010009765625,33.864749908447266,1.5,0,66,0.0,-1.0,0.0,0,1,0
1780683019.186329,0,0.3499999940395355,0,0,156,900,423158243,37,77,0.0,0.0,36.030609130859375,28.561870574951172,1,0,0.6000000238418579,0,0,1,1,0,8,0,0,0,8,99,0,0.0,-2.843998908996582,35.9010009765625,33.81584930419922,1.5,0,66,0.0,-1.0,0.0,0,1,0
1780683019.2058082,0,0.3499999940395355,0,0,156,900,423158243,37,77,0.0,0.0,36.030609130859375,28.561870574951172,1,0,0.6000000238418579,0,0,1,1,0,8,0,0,0,8,99,0,0.0,-3.7919986248016357,35.9010009765625,33.74795150756836,1.5,0,66,0.0,-1.0,0.0,0,1,0
1780683019.225715,0,0.3499999940395355,0,0,156,900,423158243,37,77,0.0,0.0,36.030609130859375,28.561870574951172,1,0,0.6000000238418579,0,0,1,1,0,8,0,0,0,8,99,0,0.0,-4.7399983406066895,35.9010009765625,33.6611213684082,1.5,0,66,0.0,-1.0,0.0,0,1,0
1780683019.2460485,0,0.3499999940395355,0,0,156,900,423158243,37,77,0.0,0.0,36.030609130859375,28.561870574951172,1,0,0.6000000238418579,0,0,1,1,0,8,0,0,0,8,99,0,0.0,-5.687997817993164,35.9010009765625,33.555335998535156,1.5,0,66,0.0,-1.0,0.0,0,0,0
1780683019.2660446,0,0.3499999940395355,0,0,156,900,423158243,37,77,0.0,0.0,36.030609130859375,28.561870574951172,1,0,0.6000000238418579,0,0,1,1,0,8,0,0,0,8,99,0,0.0,-6.635997295379639,35.9010009765625,33.4306526184082,1.5,0,66,0.0,-1.0,0.0,0,0,0
1780683019.2859974,0,0.3499999940395355,0,0,156,900,423158243,37,77,0.0,0.0,36.030609130859375,28.561870574951172,0,0,0.6000000238418579,0,0,1,0,0,8,0,0,0,8,99,0,0.0,0.0,35.9010009765625,33.2868766784668,1.5,0,66,0.0,-1.0,0.0,0,0,0
1780683019.3059359,0,0.3499999940395355,0,0,156,900,423158243,37,77,0.0,0.0,36.030609130859375,28.561870574951172,0,0,0.6000000238418579,0,0,1,0,0,8,0,0,0,8,99,0,0.0,0.0,35.9010009765625,33.223114013671875,1.5,0,66,0.0,-1.0,0.0,0,0,0
1780683019.3260763,0,0.3499999940395355,0,0,156,900,423158243,37,77,0.0,0.0,36.030609130859375,28.561870574951172,0,0,0.6000000238418579,0,0,1,0,0,8,0,0,0,8,99,0,0.0,0.0,35.9010009765625,33.223114013671875,1.5,0,66,0.0,1.0,0.0,0,0,0
1780683019.3459327,0,0.3499999940395355,0,0,156,900,423158243,37,77,0.0,0.0,36.030609130859375,28.561870574951172,0,0,0.6000000238418579,0,0,1,0,0,8,0,0,0,8,99,0,0.0,0.0,35.9010009765625,33.223114013671875,1.5,0,66,0.0,0.0,0.0,0,0,0
1780683019.3659692,0,0.3499999940395355,0,0,156,900,423158243,37,77,0.0,0.0,36.030609130859375,28.561870574951172,0,0,0.6000000238418579,0,0,1,0,0,8,0,0,0,8,99,0,0.0,0.0,35.9010009765625,33.223114013671875,1.5,0,66,0.0,0.0,0.0,0,0,0
1780683019.3861961,0,0.3499999940395355,0,0,156,900,423158243,37,77,0.0,0.0,36.030609130859375,28.561870574951172,0,0,0.6000000238418579,0,0,1,0,0,8,0,0,0,8,99,0,0.0,0.0,35.9010009765625,33.223114013671875,1.5,0,66,0.0,0.0,0.0,0,0,0
1780683019.4060428,0,0.3499999940395355,0,0,156,900,423158243,37,77,0.0,0.0,36.030609130859375,28.561870574951172,0,0,0.6000000238418579,0,0,1,0,0,8,0,0,0,8,99,0,0.0,0.0,35.9010009765625,33.223114013671875,1.5,0,66,0.0,0.0,0.0,0,0,0
1780683019.42616,0,0.3499999940395355,0,0,156,900,423158243,37,77,0.0,0.0,36.030609130859375,28.561870574951172,0,0,0.6000000238418579,0,0,1,0,0,8,0,0,0,8,99,0,0.0,0.0,35.9010009765625,33.223114013671875,1.5,0,66,0.0,0.0,0.0,0,0,0
1780683019.4459498,0,0.3499999940395355,0,0,156,900,423158243,37,77,0.0,0.0,36.030609130859375,28.561870574951172,0,0,0.6000000238418579,0,0,1,0,0,8,0,0,0,8,99,0,0.0,0.0,35.9010009765625,33.223114013671875,1.5,0,66,0.0,0.0,0.0,0,0,0
1780683019.465829,0,0.3499999940395355,0,0,156,900,423158243,37,77,0.0,0.0,36.030609130859375,28.561870574951172,0,0,0.6000000238418579,0,0,1,0,0,8,0,0,0,8,99,0,0.0,0.0,35.9010009765625,33.223114013671875,1.5,0,66,0.0,0.0,0.0,0,0,0
1780683019.485589,0,0.3499999940395355,0,0,156,900,423158243,37,77,0.0,0.0,36.030609130859375,28.561870574951172,0,0,0.6000000238418579,0,0,1,0,0,8,0,0,0,8,99,0,0.0,0.0,35.9010009765625,33.223114013671875,1.5,0,66,0.0,0.0,0.0,0,0,0
1780683019.5055296,0,0.3499999940395355,0,0,156,900,423158243,37,77,0.0,0.0,36.030609130859375,28.561870574951172,0,0,0.6000000238418579,0,0,1,0,0,8,0,0,0,8,99,0,0.0,0.0,35.9010009765625,33.223114013671875,1.5,0,66,0.0,0.0,0.0,0,0,0
1780683019.5259178,0,0.3499999940395355,0,0,156,900,423158243,37,77,0.0,0.0,36.030609130859375,28.561870574951172,0,0,0.6000000238418579,0,0,1,1,0,8,0,0,0,8,99,0,0.0,-50.0,35.9010009765625,33.223114013671875,1.5,0,33,0.0,0.0,0.0,0,0,0
1780683019.5461302,0,0.3499999940395355,0,0,156,900,423158243,37,77,0.0,0.0,36.030609130859375,28.561870574951172,0,0,0.6000000238418579,0,0,1,1,0,8,0,0,0,8,99,0,0.0,-50.0,35.9010009765625,32.6435546875,1.5,0,33,0.0,0.0,0.0,0,0,0
1780683019.5658538,0,0.3499999940395355,0,0,156,900,423158243,37,77,0.0,0.0,36.030609130859375,28.561870574951172,0,0,0.6000000238418579,0,0,1,1,0,8,0,0,0,8,99,0,0.0,-50.0,35.9010009765625,31.643512725830078,1.5,0,33,0.0,0.0,0.0,0,0,0
1780683019.5858521,0,0.3499999940395355,0,0,156,900,423158243,37,77,0.0,0.0,36.030609130859375,28.561870574951172,0,0,0.6000000238418579,0,0,1,1,0,8,0,0,0,8,99,0,0.0,-50.0,35.9010009765625,30.64400863647461,1.5,0,33,0.0,0.0,0.0,0,0,0
1780683019.6056666,0,0.3499999940395355,0,0,141,900,423158243,37,77,0.0,0.0,36.030609130859375,28.561870574951172,0,0,0.6000000238418579,0,0,1,1,0,8,0,0,0,8,99,0,0.0,-50.0,35.9010009765625,29.64400863647461,1.5,0,33,0.0,0.0,0.0,0,0,0
1780683019.626365,0,0.3499999940395355,0,0,141,900,423158243,37,77,0.0,0.0,36.030609130859375,28.561870574951172,0,0,0.6000000238418579,0,0,1,0,0,8,0,0,0,8,99,1,0.0,0.0,35.9010009765625,28.750707626342773,1.5,0,33,0.0,0.0,0.0,0,0,0
1780683019.646414,0,0.3499999940395355,0,0,141,900,423158243,37,77,0.0,0.0,36.030609130859375,28.561870574951172,0,0,0.6000000238418579,0,0,1,0,0,8,0,0,0,8,99,1,0.0,0.0,35.9010009765625,28.40809440612793,1.5,0,33,0.0,0.0,0.0,0,0,0
1780683019.6660826,0,0.3499999940395355,0,0,141,900,423158243,37,77,0.0,0.0,36.030609130859375,28.561870574951172,0,0,0.6000000238418579,0,0,1,0,0,8,0,0,0,8,99,1,0.0,0.0,35.9010009765625,28.408103942871094,1.5,0,33,0.0,0.0,0.0,0,0,0
1780683019.6859944,0,0.3499999940395355,0,0,141,900,423158243,37,77,0.0,0.0,36.030609130859375,28.561870574951172,0,0,0.6000000238418579,0,0,1,0,0,8,0,0,0,8,99,1,0.0,0.0,35.9010009765625,28.408111572265625,1.5,0,33,0.0,0.0,0.0,0,0,0
1780683019.7055824,0,0.3499999940395355,0,0,141,900,423158243,37,77,0.0,0.0,36.030609130859375,28.561870574951172,0,0,0.6000000238418579,0,0,1,0,0,8,0,0,0,8,99,1,0.0,0.0,35.9010009765625,28.408117294311523,1.5,0,33,0.0,0.0,0.0,0,0,0
1780683019.7256863,0,0.3499999940395355,0,0,141,900,423158243,37,77,0.0,0.0,36.030609130859375,28.561870574951172,0,0,0.6000000238418579,0,0,1,0,0,8,0,0,0,8,99,1,0.0,0.0,35.9010009765625,28.408119201660156,1.5,0,33,0.0,0.0,0.0,0,0,0
1780683019.7460887,0,0.3499999940395355,0,0,141,900,423158243,37,77,0.0,0.0,36.030609130859375,28.561870574951172,0,0,0.6000000238418579,0,0,1,0,0,8,0,0,0,8,99,1,0.0,0.0,35.9010009765625,28.40812110900879,1.5,0,33,0.0,0.0,0.0,0,0,0
1780683019.7662127,0,0.3499999940395355,0,0,141,900,423158243,37,77,0.0,0.0,36.030609130859375,28.561870574951172,0,0,0.6000000238418579,0,0,1,0,0,8,0,0,0,8,99,1,0.0,0.0,35.9010009765625,28.408119201660156,1.5,0,33,0.0,0.0,0.0,0,0,0
1780683019.78584,0,0.3499999940395355,0,0,141,900,423158243,37,77,0.0,0.0,36.030609130859375,28.561870574951172,0,0,0.6000000238418579,0,0,1,0,0,8,0,0,0,8,99,1,0.0,0.0,35.9010009765625,28.408123016357422,1.5,0,33,0.0,0.0,0.0,0,0,0
1780683019.8055613,0,0.3499999940395355,0,0,106,900,423158243,37,77,0.0,0.0,36.030609130859375,28.561870574951172,0,0,0.6000000238418579,0,0,1,0,0,8,0,0,0,8,99,1,0.0,0.0,35.9010009765625,28.408123016357422,1.5,0,33,0.0,0.0,0.0,0,0,0
1780683019.8256292,0,0.3499999940395355,0,0,106,900,423158243,37,77,0.0,0.0,36.030609130859375,28.561870574951172,0,0,0.6000000238418579,0,0,1,0,0,8,0,0,0,8,99,1,0.0,0.0,35.9010009765625,28.40812110900879,1.5,0,33,0.0,0.0,0.0,0,0,0
1780683019.8460155,0,0.3499999940395355,0,0,106,900,423158243,37,77,0.0,0.0,36.030609130859375,28.561870574951172,0,0,0.6000000238418579,0,0,1,0,0,8,0,0,0,8,99,1,0.0,0.0,35.9010009765625,28.40812110900879,1.5,0,33,0.0,0.0,0.0,0,0,0
1780683019.8657165,0,0.3499999940395355,0,0,106,900,423158243,37,77,0.0,0.0,36.030609130859375,28.561870574951172,0,0,0.6000000238418579,0,0,1,0,0,8,0,0,0,8,99,1,0.0,0.0,35.901004791259766,28.40812110900879,1.5,0,33,0.0,0.0,0.0,0,0,0
1780683019.885852,0,0.3499999940395355,0,0,106,900,423158243,37,77,0.0,0.0,36.030609130859375,28.561870574951172,0,0,0.6000000238418579,0,0,1,0,0,8,0,0,0,8,99,1,0.0,0.0,35.9010009765625,28.40812110900879,1.5,0,33,0.0,0.0,0.0,0,0,0
1780683019.9056091,0,0.3499999940395355,0,0,106,900,423158243,37,77,0.0,0.0,36.030609130859375,28.561870574951172,0,0,0.6000000238418579,0,0,1,0,0,8,0,0,0,8,99,1,0.0,0.0,35.9010009765625,28.408119201660156,1.5,0,33,0.0,0.0,0.0,0,0,0
1780683019.9260085,0,0.3499999940395355,0,0,106,900,423158243,37,77,0.0,0.0,36.030609130859375,28.561870574951172,0,0,0.6000000238418579,0,0,1,0,0,8,0,0,0,8,99,1,0.0,0.0,35.9010009765625,28.408123016357422,1.5,0,33,0.0,0.0,0.0,0,0,0
1780683019.9457142,0,0.3499999940395355,0,0,106,900,423158243,37,77,0.0,0.0,36.030609130859375,28.561870574951172,0,0,0.6000000238418579,0,0,1,0,0,8,0,0,0,8,99,1,0.0,0.0,35.9010009765625,28.40812110900879,1.5,0,33,0.0,0.0,0.0,0,0,0
1780683019.9655674,0,0.3499999940395355,0,0,106,900,423158243,37,77,0.0,0.0,36.030609130859375,28.561870574951172,0,0,0.6000000238418579,0,0,1,0,0,8,0,0,0,8,99,1,0.0,0.0,35.9010009765625,28.408123016357422,1.5,0,33,0.0,0.0,0.0,0,0,0
1780683019.9861662,0,0.3499999940395355,0,0,106,900,423158243,37,77,0.0,0.0,36.030609130859375,28.561870574951172,0,0,0.6000000238418579,0,0,1,0,0,8,0,0,0,8,99,1,0.0,0.0,35.9010009765625,28.40812110900879,1.5,0,33,0.0,0.0,0.0,0,0,0
1780683020.0055182,0,0.3499999940395355,0,0,106,900,423158243,37,77,0.0,0.0,36.030609130859375,28.561870574951172,0,0,0.6000000238418579,0,0,1,0,0,8,0,0,0,8,99,1,0.0,0.0,35.9010009765625,28.40812110900879,1.5,0,33,0.0,0.0,0.0,0,0,0
1780683020.026513,0,0.3499999940395355,0,0,106,900,423158243,37,77,0.0,0.0,36.030609130859375,28.561870574951172,0,0,0.6000000238418579,0,0,1,0,0,8,0,0,0,8,99,1,0.0,0.0,35.9010009765625,28.408119201660156,1.5,0,33,0.0,0.0,0.0,0,0,0
1780683020.0486844,0,0.3499999940395355,0,0,106,900,423158243,37,77,0.0,0.0,36.030609130859375,28.561870574951172,0,0,0.6000000238418579,0,0,1,0,0,8,0,0,0,8,99,1,0.0,0.0,35.9010009765625,28.40812110900879,1.5,0,33,0.0,0.0,0.0,0,0,0
1780683020.0693705,0,0.3499999940395355,0,0,106,900,423158243,37,77,0.0,0.0,36.030609130859375,28.561870574951172,0,0,0.6000000238418579,0,0,1,0,0,8,0,0,0,8,99,1,0.0,0.0,35.9010009765625,28.40812110900879,1.5,0,33,0.0,0.0,0.0,0,0,0
1780683020.088719,0,0.3499999940395355,0,0,91,900,423158243,37,77,0.0,0.0,36.030609130859375,28.561870574951172,0,0,0.6000000238418579,0,0,1,0,0,8,0,0,0,8,99,1,0.0,0.0,35.9010009765625,28.408123016357422,1.5,0,33,0.0,0.0,0.0,0,0,0
1780683020.1076124,0,0.3499999940395355,0,0,91,900,423158243,37,77,0.0,0.0,36.030609130859375,28.561870574951172,0,0,0.6000000238418579,0,0,1,0,0,8,0,0,0,8,99,1,0.0,0.0,35.9010009765625,28.408123016357422,1.5,0,33,0.0,0.0,0.0,0,0,0
1780683020.1269233,0,0.3499999940395355,0,0,91,900,423158243,37,77,0.0,0.0,36.030609130859375,28.561870574951172,0,0,0.6000000238418579,0,0,1,0,0,8,0,0,0,8,99,1,0.0,0.0,35.9010009765625,28.40812110900879,1.5,0,33,0.0,0.0,0.0,0,0,0
1780683020.145807,0,0.3499999940395355,0,0,91,900,423158243,37,77,0.0,0.0,36.030609130859375,28.561870574951172,0,0,0.6000000238418579,0,0,1,0,0,8,0,0,0,8,99,1,0.0,0.0,35.9010009765625,28.40812110900879,1.5,0,33,0.0,0.0,0.0,0,0,0
1780683020.1657677,0,0.3499999940395355,0,0,91,900,423158243,37,77,0.0,0.0,36.030609130859375,28.561870574951172,0,0,0.6000000238418579,0,0,1,0,0,8,0,0,0,8,99,1,0.0,0.0,35.9010009765625,28.40812110900879,1.5,0,33,0.0,0.0,0.0,0,0,0
1780683020.185725,0,0.3499999940395355,0,0,91,900,423158243,38,77,0.0,0.0,36.030609130859375,28.561870574951172,0,0,0.6000000238418579,0,0,1,0,0,8,0,0,0,8,99,1,0.0,0.0,35.9010009765625,28.40812110900879,1.5,0,33,0.0,0.0,0.0,0,0,0
1780683020.2056546,0,0.3499999940395355,0,0,91,900,423158243,38,77,0.0,0.0,36.030609130859375,28.561870574951172,0,0,0.6000000238418579,0,0,1,0,0,8,0,0,0,8,99,1,0.0,0.0,35.9010009765625,28.40812110900879,1.5,0,33,0.0,0.0,0.0,0,0,0
1780683020.225848,0,0.3499999940395355,0,0,91,900,423158243,38,77,0.0,0.0,36.030609130859375,28.561870574951172,0,0,0.6000000238418579,0,0,1,0,0,8,0,0,0,8,99,1,0.0,0.0,35.9010009765625,28.408123016357422,1.5,0,33,0.0,0.0,0.0,0,0,0
1780683020.2458832,0,0.3499999940395355,0,0,91,900,423158243,38,77,0.0,0.0,36.030609130859375,28.561870574951172,0,0,0.6000000238418579,0,0,1,0,0,8,0,0,0,8,99,1,0.0,0.0,35.9010009765625,28.40812110900879,1.5,0,33,0.0,0.0,0.0,0,0,0
1780683020.2661798,0,0.3499999940395355,0,0,91,900,423158243,38,77,0.0,0.0,36.030609130859375,28.561870574951172,0,0,0.6000000238418579,0,0,1,0,0,8,0,0,0,8,99,1,0.0,0.0,35.9010009765625,28.40812110900879,1.5,0,33,0.0,0.0,0.0,0,0,0
1780683020.2856784,0,0.3499999940395355,0,0,91,900,423158243,38,77,0.0,0.0,36.030609130859375,28.561870574951172,0,0,0.6000000238418579,0,0,1,0,0,8,0,0,0,8,99,1,0.0,0.0,35.9010009765625,28.408119201660156,1.5,0,33,0.0,0.0,0.0,0,0,0
1780683020.3055754,0,0.3499999940395355,0,0,91,900,423158243,38,77,0.0,0.0,36.030609130859375,28.561870574951172,0,0,0.6000000238418579,0,0,1,0,0,8,0,0,0,8,99,1,0.0,0.0,35.9010009765625,28.40812110900879,1.5,0,33,0.0,0.0,0.0,0,0,0
1780683020.3259878,0,0.3499999940395355,0,0,91,900,423158243,38,77,0.0,0.0,36.030609130859375,28.561870574951172,1,0,0.6000000238418579,0,0,1,0,0,8,0,0,0,8,99,1,0.0,0.0,35.9010009765625,28.408119201660156,1.5,0,33,0.0,0.0,0.0,0,0,0
1780683020.3456392,0,0.3499999940395355,0,0,91,900,423158243,38,77,0.0,0.0,36.030609130859375,28.561870574951172,1,0,0.6000000238418579,0,0,1,0,0,8,0,0,0,8,99,1,0.0,0.0,35.9010009765625,28.40812110900879,1.5,0,33,0.0,0.0,0.0,0,0,0
1780683020.3656323,0,0.3499999940395355,0,0,91,900,423158243,38,77,0.0,0.0,36.030609130859375,28.561870574951172,1,0,0.6000000238418579,0,0,1,0,0,8,0,0,0,8,99,1,0.0,0.0,35.9010009765625,28.408119201660156,1.5,0,33,0.0,0.0,0.0,0,0,0
1780683020.3860872,0,0.3499999940395355,0,0,91,900,423158243,38,77,0.0,0.0,36.030609130859375,28.561870574951172,1,0,0.6000000238418579,0,0,1,0,0,8,0,0,0,8,99,1,0.0,0.0,35.9010009765625,28.408119201660156,1.5,0,33,0.0,0.0,0.0,0,0,0
1780683020.4057426,0,0.3499999940395355,0,0,91,900,423158243,38,77,0.0,0.0,36.030609130859375,28.561870574951172,1,0,0.6000000238418579,0,0,1,0,0,8,0,0,0,8,99,1,0.0,0.0,35.9010009765625,28.408123016357422,1.5,0,33,0.0,0.0,0.0,0,0,0
1780683020.4258084,0,0.3499999940395355,0,0,91,900,423158243,38,77,0.0,0.0,36.030609130859375,28.561870574951172,1,0,0.6000000238418579,0,0,1,0,0,8,0,0,0,8,99,1,0.0,0.0,35.9010009765625,28.408123016357422,1.5,0,33,0.0,0.0,0.0,0,0,0
1780683020.4459176,0,0.3499999940395355,0,0,91,900,423158243,38,77,0.0,0.0,36.030609130859375,28.561870574951172,1,0,0.6000000238418579,0,0,1,0,0,8,0,0,0,8,99,1,0.0,0.0,35.9010009765625,28.408119201660156,1.5,0,33,0.0,0.0,0.0,0,0,0
1780683020.4662075,0,0.3499999940395355,0,0,91,900,423158243,38,77,0.0,0.0,36.030609130859375,28.561870574951172,1,0,0.6000000238418579,0,0,1,0,0,8,0,0,0,8,99,1,0.0,0.0,35.9010009765625,28.408119201660156,1.5,0,33,-1.0,0.0,0.0,0,0,0
1780683020.4859252,0,0.3499999940395355,0,0,91,900,423158243,38,77,0.0,0.0,36.030609130859375,28.561870574951172,1,0,0.6000000238418579,0,0,1,0,0,8,0,0,0,8,99,1,0.0,0.0,35.9010009765625,28.40812110900879,1.5,0,33,-1.0,0.0,0.0,0,0,0
1780683020.5062735,0,0.3499999940395355,0,0,91,900,423158243,38,77,0.0,0.0,36.030609130859375,28.561870574951172,1,0,0.6000000238418579,0,0,1,0,0,8,0,0,0,8,99,1,0.0,0.0,35.9010009765625,28.40812110900879,1.5,0,33,-1.0,0.0,0.0,0,0,0
1780683020.526683,0,0.3499999940395355,0,0,91,900,423158243,1,77,0.0,0.0,36.030609130859375,28.561870574951172,1,0,0.6000000238418579,0,0,0,0,0,8,0,0,0,8,99,1,-8.300000190734863,0.0,35.804901123046875,28.40812110900879,1.5,0,33,-1.0,0.0,0.0,0,0,0
1780683020.5459719,0,0.3499999940395355,0,0,91,900,423158243,1,77,0.0,0.0,36.030609130859375,28.561870574951172,1,0,0.6000000238418579,0,0,0,0,0,8,0,0,0,8,99,1,-8.300000190734863,0.0,35.6389045715332,28.40812110900879,1.5,0,33,-1.0,0.0,0.0,0,0,0
1780683020.5661962,0,0.3499999940395355,0,0,91,900,423158243,1,77,0.0,0.0,36.030609130859375,28.561870574951172,1,0,0.6000000238418579,0,0,0,0,0,8,0,0,0,8,99,1,-8.300000190734863,0.0,35.472904205322266,28.40812110900879,1.5,0,33,-1.0,0.0,0.0,0,0,0
1780683020.5862222,0,0.3499999940395355,0,0,91,900,423158243,1,77,0.0,0.0,36.030609130859375,28.561870574951172,1,0,0.6000000238418579,0,0,0,0,0,8,0,0,0,8,99,1,-8.300000190734863,0.0,35.306907653808594,28.408119201660156,1.5,0,33,-1.0,0.0,0.0,0,0,0
1780683020.605754,0,0.3499999940395355,0,0,91,900,423158243,1,77,0.0,0.0,36.030609130859375,28.561870574951172,1,0,0.6000000238418579,0,0,0,0,0,8,0,0,0,8,99,1,-8.300000190734863,0.0,35.14082336425781,28.40812110900879,1.5,0,33,-1.0,0.0,0.0,0,0,0
1780683020.626191,0,0.3499999940395355,0,0,91,900,423158243,1,77,0.0,0.0,36.030609130859375,28.561870574951172,1,0,0.6000000238418579,0,0,0,0,0,8,0,0,0,8,99,1,-8.300000190734863,0.0,34.974822998046875,28.40812110900879,1.5,0,33,-1.0,0.0,0.0,0,0,0
1780683020.6462817,0,0.3499999940395355,0,0,91,900,423158243,1,77,0.0,0.0,36.030609130859375,28.561870574951172,1,0,0.6000000238418579,0,0,0,0,0,8,0,0,0,8,99,1,-8.300000190734863,0.0,34.80882263183594,28.40812110900879,1.5,0,33,-1.0,0.0,0.0,0,0,0
1780683020.6659594,0,0.3499999940395355,0,0,91,900,423158243,1,77,0.0,0.0,36.030609130859375,28.561870574951172,1,0,0.6000000238418579,0,0,0,0,0,8,0,0,0,8,99,1,-8.300000190734863,0.0,34.642818450927734,28.408123016357422,1.5,0,33,-1.0,0.0,0.0,0,0,0
1780683020.6859648,0,0.3499999940395355,0,0,91,900,423158243,1,77,0.0,0.0,36.030609130859375,28.561870574951172,1,0,0.6000000238418579,0,0,0,0,0,8,0,0,0,8,99,1,-8.300000190734863,0.0,34.476898193359375,28.40812110900879,1.5,0,33,-1.0,0.0,0.0,0,0,0
1780683020.7055418,0,0.3499999940395355,0,0,91,900,423158243,1,77,0.0,0.0,36.030609130859375,28.561870574951172,1,0,0.6000000238418579,0,0,0,0,0,8,0,0,0,8,99,1,-8.300000190734863,0.0,34.310813903808594,28.408123016357422,1.5,0,33,-1.0,0.0,0.0,0,0,0
1780683020.7258024,0,0.3499999940395355,0,0,91,900,423158243,1,77,0.0,0.0,36.030609130859375,28.561870574951172,1,0,0.6000000238418579,0,0,0,0,0,8,0,0,0,8,99,1,-8.300000190734863,0.0,34.14482116699219,28.40812110900879,1.5,0,33,-1.0,0.0,0.0,0,0,0
1780683020.746071,0,0.3499999940395355,0,0,91,900,423158243,1,77,0.0,0.0,36.030609130859375,28.561870574951172,1,0,0.6000000238418579,0,0,0,0,0,8,0,0,0,8,99,1,-8.300000190734863,0.0,33.978816986083984,28.408123016357422,1.5,0,33,-1.0,0.0,0.0,0,0,0
1780683020.766128,0,0.3499999940395355,0,0,91,900,423158243,1,77,0.0,0.0,36.030609130859375,28.561870574951172,1,0,0.6000000238418579,0,0,0,0,0,8,0,0,0,8,99,1,-8.300000190734863,0.0,33.81282043457031,28.40812110900879,1.5,0,33,-1.0,0.0,0.0,0,0,0
1780683020.786383,0,0.3499999940395355,0,0,91,900,423158243,7,77,0.0,0.0,36.030609130859375,28.561870574951172,1,0,0.6000000238418579,0,0,0,0,0,8,0,0,0,8,99,1,-8.300000190734863,0.0,33.64690017700195,28.408123016357422,1.5,0,33,-1.0,0.0,0.0,0,0,0
1780683020.8059173,0,0.3499999940395355,0,0,91,900,423158243,7,77,0.0,0.0,36.030609130859375,28.561870574951172,1,0,0.6000000238418579,0,0,0,0,0,8,0,0,0,8,99,1,-8.300000190734863,0.0,33.48081970214844,28.408119201660156,1.5,0,33,-1.0,0.0,0.0,0,0,0
1780683020.8259046,0,0.3499999940395355,0,0,91,900,423158243,7,77,0.0,0.0,36.030609130859375,28.561870574951172,1,0,0.6000000238418579,0,0,0,0,0,8,0,0,0,8,99,1,-8.300000190734863,0.0,33.314815521240234,28.408123016357422,1.5,0,33,0.0,0.0,0.0,0,0,0
1780683020.8458612,0,0.3499999940395355,0,0,91,900,423158243,7,77,0.0,0.0,36.030609130859375,28.561870574951172,1,0,0.6000000238418579,0,0,0,0,0,8,0,0,0,8,99,1,0.0,0.0,33.2449951171875,28.408119201660156,1.5,0,33,0.0,0.0,0.0,0,0,0
1780683020.8657475,0,0.3499999940395355,0,0,91,900,423158243,7,77,0.0,0.0,36.030609130859375,28.561870574951172,1,0,0.6000000238418579,0,0,0,0,0,8,0,0,0,8,99,1,0.0,0.0,33.2449951171875,28.408119201660156,1.5,0,33,0.0,0.0,0.0,0,0,0
1780683020.885913,0,0.3499999940395355,0,0,91,900,423158243,7,77,0.0,0.0,36.030609130859375,28.561870574951172,1,0,0.6000000238418579,0,0,0,0,0,8,0,0,0,8,99,1,0.0,0.0,33.2449951171875,28.40812110900879,1.5,0,33,0.0,0.0,0.0,0,0,0
1780683020.905994,0,0.3499999940395355,0,0,91,900,423158243,7,77,0.0,0.0,36.030609130859375,28.561870574951172,1,0,0.6000000238418579,0,0,0,0,0,8,0,0,0,8,99,1,0.0,0.0,33.2449951171875,28.40812110900879,1.5,0,33,0.0,0.0,0.0,0,0,0
1780683020.926378,0,0.3499999940395355,0,0,91,900,423158243,7,77,0.0,0.0,36.030609130859375,28.561870574951172,1,0,0.6000000238418579,0,0,0,0,0,8,0,0,0,8,99,1,0.0,0.0,33.2449951171875,28.408119201660156,1.5,0,33,1.0,-1.0,0.0,0,0,0
1780683020.946249,0,0.3499999940395355,0,0,91,900,423158243,7,77,0.0,0.0,36.030609130859375,28.561870574951172,1,0,0.6000000238418579,0,0,0,0,0,8,0,0,0,8,99,1,0.0,0.0,33.2449951171875,28.408119201660156,1.5,0,33,1.0,-1.0,0.0,0,0,0
1780683020.9660196,0,0.3499999940395355,0,0,91,900,423158243,7,77,0.0,0.0,36.030609130859375,28.561870574951172,1,0,0.6000000238418579,0,0,1,0,0,8,0,0,0,8,99,1,8.300000190734863,0.0,33.34107971191406,28.40812110900879,1.5,0,33,1.0,-1.0,0.0,0,0,0
1780683020.986204,0,0.3499999940395355,0,0,91,900,423158243,7,77,0.0,0.0,36.030609130859375,28.561870574951172,1,0,0.6000000238418579,0,0,1,0,0,8,0,0,0,8,99,1,8.300000190734863,0.0,33.507080078125,28.40812110900879,1.5,0,33,1.0,-1.0,0.0,0,0,0
1780683021.005948,0,0.3499999940395355,0,0,91,900,423158243,7,77,0.0,0.0,36.030609130859375,28.561870574951172,1,0,0.6000000238418579,0,0,1,0,0,8,0,0,0,8,99,1,8.300000190734863,0.0,33.67308044433594,28.408119201660156,1.5,0,33,1.0,-1.0,0.0,0,0,0
1780683021.0260482,0,0.3499999940395355,0,0,91,900,423158243,7,77,0.0,0.0,36.030609130859375,28.561870574951172,1,0,0.6000000238418579,0,0,1,0,0,8,0,0,0,8,99,1,8.300000190734863,0.0,33.83916473388672,28.40812110900879,1.5,0,33,1.0,-1.0,0.0,0,0,0
1780683021.045854,0,0.3499999940395355,0,0,91,900,423158243,7,77,0.0,0.0,36.030609130859375,28.561870574951172,1,0,0.6000000238418579,0,0,1,0,0,8,0,0,0,8,99,1,8.300000190734863,0.0,34.00516128540039,28.40812110900879,1.5,0,33,1.0,-1.0,0.0,0,0,1
1780683021.0660474,0,0.3499999940395355,1,0,91,900,423158243,7,77,0.0,0.0,36.030609130859375,28.561870574951172,0,0,0.6000000238418579,0,0,1,0,0,8,0,1,0,8,99,1,8.300000190734863,0.0,34.17115783691406,28.408123016357422,1.5,0,33,1.0,-1.0,0.0,0,0,1
1780683021.0856497,0,0.3499999940395355,1,0,91,900,423158243,7,77,0.0,0.0,36.030609130859375,28.561870574951172,0,0,0.6000000238418579,0,0,1,0,0,8,0,1,0,8,99,1,8.300000190734863,0.0,34.337158203125,28.408123016357422,1.5,0,33,1.0,-1.0,0.0,0,0,1
1780683021.1058173,0,0.3499999940395355,1,0,70,900,423158243,7,77,0.0,0.0,36.030609130859375,28.561870574951172,0,0,0.6000000238418579,0,0,1,0,0,8,0,1,0,8,99,1,-3.75,0.0,34.50315856933594,28.40812110900879,1.5,0,44,1.0,0.0,0.0,0,0,1
1780683021.1261778,0,0.3499999940395355,1,0,70,900,423158243,10,77,-14.122615814208984,41.0,36.33060836791992,28.561870574951172,0,0,0.6000000238418579,0,0,1,0,0,8,0,1,0,8,99,1,-3.75,0.0,34.5295524597168,28.40812110900879,1.5,0,44,-1.0,0.0,0.0,0,0,1
1780683021.1461112,0,0.3499999940395355,1,0,70,900,423158243,10,77,-14.122615814208984,39.20000076293945,36.3481559753418,29.345870971679688,0,0,0.6000000238418579,0,0,1,0,0,8,0,1,0,8,99,1,-3.75,0.0,34.45458984375,28.40812110900879,1.5,0,44,0.0,0.0,0.0,0,0,1
1780683021.1661777,0,0.3499999940395355,1,0,70,900,423158243,10,77,-14.122615814208984,37.400001525878906,36.36570358276367,30.093870162963867,1,0,0.6000000238418579,0,0,1,0,0,8,0,1,0,8,99,1,-3.75,0.0,34.37958526611328,28.40812110900879,1.5,0,44,0.0,0.0,0.0,0,0,0
1780683021.186063,0,0.3499999940395355,1,0,70,900,423158243,10,77,-14.122615814208984,35.60000228881836,36.38325119018555,30.805870056152344,1,0,0.6000000238418579,0,0,1,0,0,8,0,1,0,8,99,1,-3.75,0.0,34.30458450317383,28.408119201660156,1.5,0,44,0.0,0.0,0.0,0,0,0
1780683021.2057164,0,0.3499999940395355,1,0,70,900,423158243,10,77,-14.122615814208984,33.80000305175781,36.40079879760742,31.481870651245117,1,0,0.6000000238418579,0,0,1,0,0,8,0,1,0,8,99,1,-3.75,0.0,34.229583740234375,28.40812110900879,1.5,0,44,0.0,0.0,0.0,0,0,0
1780683021.2257884,0,0.3499999940395355,1,0,70,900,423158243,10,77,-14.122615814208984,32.000003814697266,36.4183464050293,32.12186813354492,1,0,0.6000000238418579,0,0,1,0,0,8,0,1,0,8,99,1,-3.75,0.0,34.154544830322266,28.40812110900879,1.5,0,44,0.0,0.0,0.0,0,0,0
1780683021.2458255,0,0.3499999940395355,1,0,70,900,423158243,10,77,-14.122615814208984,30.20000457763672,36.43589401245117,32.725868225097656,1,0,0.6000000238418579,0,0,1,0,0,8,0,1,0,8,99,1,-3.75,0.0,34.07954406738281,28.40812110900879,1.5,0,44,0.0,0.0,0.0,0,0,0
1780683021.26585,0,0.3499999940395355,1,0,70,900,423158243,10,77,-14.122615814208984,28.400005340576172,36.45344161987305,33.29386901855469,1,0,0.6000000238418579,0,0,1,0,0,8,0,1,0,8,99,1,-3.75,0.0,34.004547119140625,28.408123016357422,1.5,0,44,0.0,0.0,0.0,0,0,0
1780683021.2859244,0,0.3499999940395355,1,0,70,900,423158243,10,77,-14.122615814208984,26.600006103515625,36.170989990234375,33.825870513916016,1,0,0.6000000238418579,0,0,1,0,0,8,0,1,0,8,99,1,-3.75,0.0,33.92958450317383,28.40812110900879,1.5,0,44,0.0,0.0,0.0,0,0,0
1780683021.3057647,0,0.3499999940395355,1,0,70,900,423158243,10,77,-14.122615814208984,24.800006866455078,35.8885383605957,34.321868896484375,1,0,0.6000000238418579,0,0,1,0,0,8,0,1,0,8,99,1,0.0,0.0,33.89799118041992,28.40812110900879,1.5,0,44,0.0,0.0,0.0,0,0,0
1780683021.3259716,0,0.3499999940395355,1,0,70,900,423158243,10,77,-14.122615814208984,23.00000762939453,35.60608673095703,34.78186798095703,1,0,0.6000000238418579,0,0,1,0,0,8,0,1,0,8,99,1,0.0,0.0,33.89799118041992,28.40812110900879,1.5,0,44,0.0,0.0,0.0,0,0,0
1780683021.3456328,0,0.3499999940395355,1,0,70,900,423158243,10,77,-14.122615814208984,21.200008392333984,35.32363510131836,35.205867767333984,1,0,0.6000000238418579,0,0,1,0,0,8,0,1,0,8,99,1,0.0,0.0,33.89799118041992,28.408119201660156,1.5,0,44,0.0,0.0,0.0,0,0,0
1780683021.365786,0,0.3499999940395355,1,0,70,900,423158243,10,77,-14.122615814208984,19.400009155273438,35.04118347167969,35.593868255615234,1,0,0.6000000238418579,0,0,1,0,0,8,0,1,0,8,99,1,0.0,0.0,33.89799118041992,28.40812110900879,1.5,0,44,0.0,0.0,0.0,0,0,0
1780683021.3862593,0,0.3499999940395355,1,0,70,900,423158243,10,77,-14.122615814208984,17.60000991821289,34.758731842041016,35.94586944580078,1,0,0.6000000238418579,0,0,1,0,0,8,0,1,0,8,99,1,0.0,0.0,33.89799118041992,28.408119201660156,1.5,0,44,0.0,0.0,0.0,0,0,0
1780683021.4055912,0,0.3499999940395355,1,0,70,900,423158243,10,77,-14.122615814208984,15.800010681152344,34.476280212402344,36.261871337890625,1,0,0.6000000238418579,0,0,1,0,0,8,0,1,0,8,99,1,0.0,0.0,33.89799118041992,28.408119201660156,1.5,0,44,0.0,0.0,0.0,0,0,0
1780683021.4257607,0,0.3499999940395355,0,0,70,900,423158243,10,77,-14.122615814208984,14.000011444091797,34.19382858276367,36.5418701171875,1,0,0.6000000238418579,0,0,1,0,0,8,0,0,0,8,99,1,0.0,0.0,33.89799118041992,28.408119201660156,1.5,0,44,0.0,0.0,0.0,0,0,0
1780683021.446009,0,0.3499999940395355,0,0,70,900,423158243,10,77,-14.122615814208984,12.20001220703125,33.911376953125,36.78586959838867,1,0,0.6000000238418579,0,0,1,0,0,8,0,0,0,8,99,1,0.0,0.0,33.89799118041992,28.40812110900879,1.5,0,44,0.0,0.0,0.0,0,0,0
1780683021.466123,0,0.3499999940395355,0,0,70,900,423158243,10,77,-14.122615814208984,10.400012969970703,33.62892532348633,36.99386978149414,1,0,0.6000000238418579,0,0,1,0,0,8,0,0,0,8,99,1,0.0,0.0,33.89799118041992,28.408123016357422,1.5,0,44,0.0,0.0,0.0,0,0,0
1780683021.4858835,0,0.3499999940395355,0,0,70,900,423158243,10,77,-14.122615814208984,8.600013732910156,33.346473693847656,37.165870666503906,1,0,0.6000000238418579,0,0,1,0,0,8,0,0,0,8,99,1,0.0,0.0,33.89799118041992,28.408119201660156,1.5,0,44,0.0,0.0,0.0,0,0,0
1780683021.5057023,0,0.3499999940395355,0,0,70,900,423158243,10,77,-14.122615814208984,6.800014495849609,33.064022064208984,37.30187225341797,1,0,0.6000000238418579,0,0,1,0,0,8,0,0,0,8,99,1,0.0,0.0,33.89799118041992,28.408119201660156,1.5,0,44,0.0,0.0,0.0,0,0,0
1780683021.526121,0,0.3499999940395355,0,0,70,900,423158243,10,77,-14.122615814208984,5.0000152587890625,32.78157043457031,37.40187072753906,1,0,0.6000000238418579,0,0,1,0,0,8,0,0,0,8,99,1,0.0,0.0,33.89799118041992,28.408123016357422,1.5,0,44,0.0,0.0,0.0,0,0,0
1780683021.5460813,0,0.3499999940395355,0,0,70,900,423158243,10,77,-14.122615814208984,3.2000160217285156,32.49911880493164,37.46586990356445,1,0,0.6000000238418579,0,0,1,0,0,8,0,0,0,8,99,1,0.0,0.0,33.89799118041992,28.40812110900879,1.5,0,44,0.0,0.0,0.0,0,0,0
1780683021.565651,0,0.3499999940395355,0,0,70,900,423158243,10,77,-14.122615814208984,1.4000167846679688,32.21666717529297,37.49386978149414,1,0,0.6000000238418579,0,0,1,0,0,8,0,0,0,8,99,1,0.0,0.0,33.89799118041992,28.40812110900879,1.5,0,44,0.0,0.0,0.0,0,0,0
1780683021.5858896,0,0.3499999940395355,0,0,70,900,423158243,10,77,-14.122615814208984,-0.3999824523925781,31.934215545654297,37.485870361328125,1,0,0.6000000238418579,0,0,1,0,0,8,0,0,0,8,99,1,0.0,0.0,33.89799118041992,28.40812110900879,1.5,0,44,0.0,0.0,0.0,0,0,0
1780683021.6056802,0,0.3499999940395355,0,0,70,900,423158243,10,77,-14.122615814208984,-2.199981689453125,31.651763916015625,37.441871643066406,1,0,0.6000000238418579,0,0,1,0,0,8,0,0,0,8,99,1,0.0,0.0,33.89799118041992,28.408123016357422,1.5,0,44,0.0,0.0,0.0,0,0,0
1780683021.6261983,0,0.3499999940395355,0,0,70,900,423158243,10,77,-14.122615814208984,-3.999980926513672,31.369312286376953,37.361873626708984,1,0,0.6000000238418579,0,0,1,0,0,8,0,0,0,8,99,1,0.0,0.0,33.89799118041992,28.40812110900879,1.5,0,44,0.0,0.0,0.0,0,0,0
1780683021.6463342,0,0.3499999940395355,0,0,70,900,423158243,10,77,-14.122615814208984,-5.799980163574219,31.08686065673828,37.245872497558594,1,0,0.6000000238418579,0,0,1,0,0,8,0,0,0,8,99,1,0.0,0.0,33.89799118041992,28.40812110900879,1.5,0,44,0.0,0.0,0.0,0,0,0
1780683021.6658568,0,0.3499999940395355,0,0,70,900,423158243,10,77,-14.122615814208984,-7.599979400634766,30.80440902709961,37.0938720703125,1,0,0.6000000238418579,0,0,1,0,0,8,0,0,0,8,99,1,0.0,0.0,33.89799118041992,28.408119201660156,1.5,0,44,0.0,0.0,0.0,0,0,0
1780683021.6858218,0,0.3499999940395355,0,0,70,900,423158243,10,77,-14.122615814208984,-9.399978637695312,30.521957397460938,36.9058723449707,1,0,0.6000000238418579,0,0,1,0,0,8,0,0,0,8,99,1,0.0,0.0,33.89799118041992,28.40812110900879,1.5,0,44,0.0,0.0,0.0,0,0,0
1780683021.705534,0,0.3499999940395355,0,0,70,900,423158243,10,77,-14.122615814208984,-11.19997787475586,30.239505767822266,36.6818733215332,1,0,0.6000000238418579,0,0,1,0,0,8,0,0,0,8,99,1,0.0,0.0,33.89799118041992,28.40812110900879,1.5,0,44,0.0,0.0,0.0,0,0,0
1780683021.7258143,0,0.3499999940395355,0,0,70,900,423158243,10,77,-14.122615814208984,-12.999977111816406,29.957054138183594,36.421875,1,0,0.6000000238418579,0,0,1,0,0,8,0,0,0,8,99,1,0.0,0.0,33.89799118041992,28.40812110900879,1.5,0,44,0.0,0.0,0.0,0,0,0
1780683021.7458525,0,0.3499999940395355,0,0,70,900,423158243,10,77,-14.122615814208984,-14.799976348876953,29.674602508544922,36.125877380371094,1,0,0.6000000238418579,0,0,1,0,0,8,0,0,0,8,99,1,0.0,0.0,33.89799118041992,28.40812110900879,1.5,0,44,0.0,0.0,0.0,0,0,0
1780683021.7657588,0,0.3499999940395355,0,0,70,900,423158243,14,77,-0.0,-0.0,29.39215087890625,35.79387664794922,1,0,0.6000000238418579,0,0,1,0,0,8,0,0,0,8,99,1,0.0,0.0,33.89799118041992,28.40812110900879,1.5,0,44,0.0,0.0,0.0,0,0,0
1780683021.7858841,0,0.3499999940395355,0,0,70,900,423158243,14,77,0.0,0.0,29.39215087890625,35.79387664794922,1,0,0.6000000238418579,0,0,1,0,0,8,0,0,0,8,99,1,0.0,0.0,33.89799118041992,28.40812110900879,1.5,0,44,0.0,0.0,0.0,0,0,0
1780683021.8060122,0,0.3499999940395355,0,0,70,900,423158243,14,77,0.0,0.0,29.39215087890625,35.79387664794922,1,0,0.6000000238418579,0,0,1,0,0,8,0,0,0,8,99,1,0.0,0.0,33.89799118041992,28.408119201660156,1.5,0,44,-1.0,0.0,0.0,0,0,0
1780683021.8258986,0,0.3499999940395355,0,0,70,900,423158243,14,77,0.0,0.0,29.39215087890625,35.79387664794922,1,0,0.6000000238418579,0,0,1,0,0,8,0,0,0,8,99,1,0.0,0.0,33.89799118041992,28.40812110900879,1.5,0,44,-1.0,0.0,0.0,0,0,0
1780683021.8458524,0,0.3499999940395355,0,0,70,900,423158243,14,77,0.0,0.0,29.39215087890625,35.79387664794922,1,0,0.6000000238418579,0,0,0,0,0,8,0,0,0,8,99,1,-8.300000190734863,0.0,33.80193328857422,28.40812110900879,1.5,0,44,-1.0,0.0,0.0,0,0,0
1780683021.8659475,0,0.3499999940395355,0,0,70,900,423158243,14,77,0.0,0.0,29.39215087890625,35.79387664794922,1,0,0.6000000238418579,0,0,0,0,0,8,0,0,0,8,99,1,-8.300000190734863,0.0,33.63593292236328,28.408119201660156,1.5,0,44,-1.0,0.0,0.0,0,0,0
1780683021.8859956,0,0.3499999940395355,0,0,70,900,423158243,14,77,0.0,0.0,29.39215087890625,35.79387664794922,1,0,0.6000000238418579,0,0,0,0,0,8,0,0,0,8,99,1,-8.300000190734863,0.0,33.469932556152344,28.40812110900879,1.5,0,44,-1.0,0.0,0.0,0,0,0
1780683021.9056633,0,0.3499999940395355,0,0,70,900,423158243,14,77,0.0,0.0,29.39215087890625,35.79387664794922,1,0,0.6000000238418579,0,0,0,0,0,8,0,0,0,8,99,1,-8.300000190734863,0.0,33.30393600463867,28.40812110900879,1.5,0,44,-1.0,0.0,0.0,0,0,0
1780683021.9258258,0,0.3499999940395355,0,0,70,900,423158243,14,77,0.0,0.0,29.39215087890625,35.79387664794922,1,0,0.6000000238418579,0,0,0,0,0,8,0,0,0,8,99,1,-8.300000190734863,0.0,33.13793182373047,28.408123016357422,1.5,0,44,-1.0,0.0,0.0,0,0,0
1780683021.9461071,0,0.3499999940395355,0,0,70,900,423158243,14,77,0.0,0.0,29.39215087890625,35.79387664794922,1,0,0.6000000238418579,0,0,0,0,0,8,0,0,0,8,99,1,-8.300000190734863,0.0,32.9719352722168,28.408123016357422,1.5,0,44,-1.0,0.0,0.0,0,0,0
1780683021.9661455,0,0.3499999940395355,0,0,70,900,423158243,14,77,0.0,0.0,29.39215087890625,35.79387664794922,1,0,0.6000000238418579,0,0,0,0,0,8,0,0,0,8,99,1,-8.300000190734863,0.0,32.805850982666016,28.40812110900879,1.5,0,44,-1.0,0.0,0.0,0,0,0
1780683021.9863822,0,0.3499999940395355,0,0,70,900,423158243,14,77,0.0,0.0,29.39215087890625,35.79387664794922,1,0,0.6000000238418579,0,0,0,0,0,8,0,0,0,8,99,1,-8.300000190734863,0.0,32.639930725097656,28.40812110900879,1.5,0,44,-1.0,0.0,0.0,0,0,0
1780683022.0059862,0,0.3499999940395355,0,0,70,900,423158243,14,77,0.0,0.0,29.39215087890625,35.79387664794922,1,0,0.6000000238418579,0,0,0,0,0,8,0,0,0,8,99,1,-8.300000190734863,0.0,32.47385025024414,28.408119201660156,1.5,0,44,-1.0,0.0,0.0,0,0,0
1780683022.0259898,0,0.3499999940395355,0,0,70,900,423158243,14,77,0.0,0.0,29.39215087890625,35.79387664794922,1,0,0.6000000238418579,0,0,0,0,0,8,0,0,0,8,99,1,-8.300000190734863,0.0,32.3078498840332,28.408119201660156,1.5,0,44,-1.0,0.0,0.0,0,0,0
1780683022.0458462,0,0.3499999940395355,0,0,70,900,423158243,14,77,0.0,0.0,29.39215087890625,35.79387664794922,1,0,0.6000000238418579,0,0,0,0,0,8,0,0,0,8,99,1,-8.300000190734863,0.0,32.14185333251953,28.40812110900879,1.5,0,44,-1.0,0.0,0.0,0,0,0
1780683022.0659118,0,0.3499999940395355,0,0,70,900,423158243,14,77,0.0,0.0,29.39215087890625,35.79387664794922,1,0,0.6000000238418579,0,0,0,0,0,8,0,0,0,8,99,1,-8.300000190734863,0.0,31.97585678100586,28.40812110900879,1.5,0,44,-1.0,0.0,0.0,0,0,0
1780683022.085949,0,0.3499999940395355,0,0,70,900,423158243,14,77,0.0,0.0,29.39215087890625,35.79387664794922,1,0,0.6000000238418579,0,0,0,0,0,8,0,0,0,8,99,1,-8.300000190734863,0.0,31.80985450744629,28.408119201660156,1.5,0,44,-1.0,0.0,0.0,0,0,0
1780683022.1058052,0,0.3499999940395355,0,0,70,900,423158243,14,77,0.0,0.0,29.39215087890625,35.79387664794922,1,0,0.6000000238418579,0,0,0,0,0,8,0,0,0,8,99,1,-8.300000190734863,0.0,31.64385223388672,28.408119201660156,1.5,0,44,-1.0,0.0,0.0,0,0,0
1780683022.12675,0,0.3499999940395355,0,0,70,900,423158243,14,77,0.0,0.0,29.39215087890625,35.79387664794922,1,0,0.6000000238418579,0,0,0,0,0,8,0,0,0,8,99,1,-8.300000190734863,0.0,31.47785186767578,28.40812110900879,1.5,0,44,-1.0,0.0,0.0,0,0,0
1780683022.1460257,0,0.3499999940395355,0,0,70,900,423158243,14,77,0.0,0.0,29.39215087890625,35.79387664794922,1,0,0.6000000238418579,0,0,0,0,0,8,0,0,0,8,99,1,-8.300000190734863,0.0,31.311931610107422,28.40812110900879,1.5,0,44,-1.0,0.0,0.0,0,0,0
1780683022.165958,0,0.3499999940395355,0,0,70,900,423158243,14,77,0.0,0.0,29.39215087890625,35.79387664794922,1,0,0.6000000238418579,0,0,0,0,0,8,0,0,0,8,99,1,-8.300000190734863,0.0,31.14592933654785,28.408123016357422,1.5,0,44,-1.0,0.0,0.0,0,0,0
1780683022.1858966,0,0.3499999940395355,0,0,70,900,423158243,14,77,0.0,0.0,29.39215087890625,35.79387664794922,1,0,0.6000000238418579,0,0,0,0,0,8,0,0,0,8,99,1,-8.300000190734863,0.0,30.979930877685547,28.408123016357422,1.5,0,44,-1.0,0.0,0.0,0,0,0
1780683022.205455,0,0.3499999940395355,0,0,70,900,423158243,14,77,0.0,0.0,29.39215087890625,35.79387664794922,1,0,0.6000000238418579,0,0,0,0,0,8,0,0,0,8,99,1,-8.300000190734863,0.0,30.813846588134766,28.40812110900879,1.5,0,44,-1.0,-1.0,0.0,0,0,0
1780683022.2260866,0,0.3499999940395355,0,0,70,900,423158243,15,77,14.883394241333008,-26.04773712158203,29.39215087890625,35.79387664794922,1,0,0.6000000238418579,0,0,0,0,0,8,0,0,0,8,99,1,-8.300000190734863,0.0,30.647842407226562,28.40812110900879,1.5,0,44,-1.0,-1.0,0.0,0,0,0
1780683022.2458887,0,0.3499999940395355,0,0,70,900,423158243,15,77,14.883394241333008,-26.04773712158203,29.6898193359375,35.27292251586914,1,0,0.6000000238418579,0,0,0,0,0,8,0,0,0,8,99,1,-8.300000190734863,0.0,30.48184585571289,28.40812110900879,1.5,0,44,-1.0,-1.0,0.0,0,0,0
1780683022.2658463,0,0.3499999940395355,0,0,70,900,423158243,15,77,14.883394241333008,-26.04773712158203,29.98748779296875,34.75196838378906,1,0,0.6000000238418579,0,0,0,0,0,8,0,0,0,8,99,1,-8.300000190734863,0.0,30.315927505493164,28.40812110900879,1.5,0,44,-1.0,0.0,0.0,0,0,0
1780683022.285978,0,0.3499999940395355,0,0,70,900,423158243,15,77,14.883394241333008,-26.04773712158203,30.28515625,34.231014251708984,1,0,0.6000000238418579,0,0,0,0,0,8,0,0,0,8,99,1,-8.300000190734863,0.0,30.14992904663086,28.40812110900879,1.5,0,44,-1.0,0.0,0.0,0,0,0
1780683022.3059013,0,0.3499999940395355,0,0,70,900,423158243,15,77,14.883394241333008,-26.04773712158203,30.58282470703125,33.710060119628906,1,0,0.6000000238418579,0,0,0,0,0,8,0,0,0,8,99,1,-8.300000190734863,0.0,29.98384666442871,28.40812110900879,1.5,0,44,-1.0,0.0,0.0,0,0,0
1780683022.3256576,0,0.3499999940395355,0,0,70,900,423158243,15,77,14.883394241333008,-26.04773712158203,30.8804931640625,33.18910598754883,1,0,0.6000000238418579,0,0,0,0,0,8,0,0,0,8,99,1,-8.300000190734863,0.0,29.817846298217773,28.40812110900879,1.5,0,44,1.0,0.0,0.0,0,0,0
1780683022.3459456,0,0.3499999940395355,0,0,70,900,423158243,15,77,14.883394241333008,-26.04773712158203,31.17816162109375,32.66815185546875,1,0,0.6000000238418579,0,0,0,0,0,8,0,0,0,8,99,1,-8.300000190734863,0.0,29.651851654052734,28.408119201660156,1.5,0,44,0.0,0.0,0.0,0,0,0
1780683022.3660336,0,0.3499999940395355,0,0,70,900,423158243,15,77,14.883394241333008,-26.04773712158203,31.475830078125,32.14719772338867,1,0,0.6000000238418579,0,0,0,0,0,8,0,0,0,8,99,1,0.0,0.0,29.581981658935547,28.40812110900879,1.5,0,44,0.0,0.0,0.0,0,0,0
1780683022.3859117,0,0.3499999940395355,0,0,70,900,423158243,15,77,14.883394241333008,-26.04773712158203,31.77349853515625,31.626243591308594,1,0,0.6000000238418579,0,0,0,0,0,8,0,0,0,8,99,1,0.0,0.0,29.581981658935547,28.408123016357422,1.5,0,44,0.0,0.0,0.0,0,0,0
1780683022.405864,0,0.3499999940395355,0,0,70,900,423158243,15,77,14.883394241333008,-26.04773712158203,32.0711669921875,31.105289459228516,1,0,0.6000000238418579,0,0,0,0,0,8,0,0,0,8,99,1,0.0,0.0,29.581981658935547,28.408123016357422,1.5,0,44,0.0,0.0,0.0,0,0,0
1780683022.4261189,0,0.3499999940395355,0,0,70,900,423158243,15,77,14.883394241333008,-26.04773712158203,32.36883544921875,30.584335327148438,1,0,0.6000000238418579,0,0,0,0,0,8,0,0,0,8,99,1,0.0,0.0,29.581981658935547,28.408123016357422,1.5,0,44,1.0,0.0,0.0,0,0,0
1780683022.4458597,0,0.3499999940395355,0,0,70,900,423158243,15,77,14.883394241333008,-26.04773712158203,32.66650390625,30.06338119506836,1,0,0.6000000238418579,0,0,0,0,0,8,0,0,0,8,99,1,0.0,0.0,29.581981658935547,28.40812110900879,1.5,0,44,1.0,-1.0,0.0,0,0,0
1780683022.4657185,0,0.3499999940395355,0,0,70,900,423158243,15,77,14.883394241333008,-26.04773712158203,32.96417236328125,29.54242706298828,1,0,0.6000000238418579,0,0,0,0,0,8,0,0,0,8,99,1,0.0,0.0,29.581981658935547,28.40812110900879,1.5,0,44,1.0,-1.0,0.0,0,0,0
1780683022.4858081,0,0.3499999940395355,0,0,70,900,423158243,15,77,14.883394241333008,-26.04773712158203,33.2618408203125,29.021472930908203,1,0,0.6000000238418579,0,0,1,0,0,8,0,0,0,8,99,1,8.300000190734863,0.0,29.678110122680664,28.408119201660156,1.5,0,44,1.0,-1.0,0.0,0,0,0
1780683022.505974,0,0.3499999940395355,0,0,70,900,423158243,15,77,14.883394241333008,-26.04773712158203,33.55950927734375,28.500518798828125,1,0,0.6000000238418579,0,0,1,0,0,8,0,0,0,8,99,1,8.300000190734863,0.0,29.84410858154297,28.408123016357422,1.5,0,44,1.0,-1.0,0.0,0,0,0
1780683022.5256703,0,0.3499999940395355,0,0,70,900,423158243,15,77,14.883394241333008,-26.04773712158203,33.857177734375,27.979564666748047,1,0,0.6000000238418579,0,0,1,0,0,8,0,0,0,8,99,1,8.300000190734863,0.0,30.010108947753906,28.40812110900879,1.5,0,44,1.0,-1.0,0.0,0,0,0
1780683022.5458145,0,0.3499999940395355,0,0,70,900,423158243,47,77,11.906715393066406,0.0,34.15484619140625,27.549999237060547,1,0,0.6000000238418579,0,0,1,0,0,8,0,0,0,8,99,1,8.300000190734863,0.0,30.17610740661621,28.408123016357422,1.5,0,44,1.0,-1.0,0.0,0,0,0
1780683022.565936,0,0.3499999940395355,0,0,70,900,423158243,47,77,9.525372505187988,0.0,34.34535217285156,28.295839309692383,1,0,0.6000000238418579,0,0,1,0,0,8,0,0,0,8,99,1,8.300000190734863,0.0,30.342023849487305,28.408123016357422,1.5,0,44,1.0,-1.0,0.0,0,0,0
1780683022.5862522,0,0.3499999940395355,0,0,70,900,423158243,47,77,7.620297908782959,0.0,34.49775695800781,28.492136001586914,1,0,0.6000000238418579,0,0,1,0,0,8,0,0,0,8,99,1,8.300000190734863,0.0,30.508026123046875,28.40812110900879,1.5,0,44,1.0,-1.0,0.0,0,0,0
1780683022.605631,0,0.3499999940395355,0,0,70,900,423158243,47,77,6.096238613128662,0.0,34.61968231201172,28.54359245300293,1,0,0.6000000238418579,0,0,1,0,0,8,0,0,0,8,99,1,8.300000190734863,0.0,30.674110412597656,28.40812110900879,1.5,0,44,1.0,-1.0,0.0,0,0,0
1780683022.62591,0,0.3499999940395355,0,0,70,900,423158243,47,77,4.876990795135498,0.0,34.717220306396484,28.55708122253418,1,0,0.6000000238418579,0,0,1,0,0,8,0,0,0,8,99,1,8.300000190734863,0.0,30.840030670166016,28.408119201660156,1.5,0,44,1.0,-1.0,0.0,0,0,0
1780683022.6460633,0,0.3499999940395355,0,0,70,900,423158243,47,77,3.90159273147583,0.0,34.79525375366211,28.558807373046875,1,0,0.6000000238418579,0,0,1,0,0,8,0,0,0,8,99,1,8.300000190734863,0.0,31.00611686706543,28.408119201660156,1.5,0,44,1.0,-1.0,0.0,0,0,0
1780683022.6659017,0,0.3499999940395355,0,0,70,900,423158243,47,77,3.12127423286438,0.0,34.8576774597168,28.559911727905273,1,0,0.6000000238418579,0,0,1,0,0,8,0,0,0,8,99,1,8.300000190734863,0.0,31.172119140625,28.408119201660156,1.5,0,44,1.0,-1.0,0.0,0,0,0
1780683022.685775,0,0.3499999940395355,0,0,70,900,423158243,47,77,2.4970195293426514,0.0,34.90761947631836,28.560619354248047,1,0,0.6000000238418579,0,0,1,0,0,8,0,0,0,8,99,1,8.300000190734863,0.0,31.338117599487305,28.40812110900879,1.5,0,44,1.0,-1.0,0.0,0,0,0
1780683022.7059028,0,0.3499999940395355,0,0,70,900,423158243,47,77,1.9976156949996948,0.0,34.94757080078125,28.561071395874023,1,0,0.6000000238418579,0,0,1,0,0,8,0,0,0,8,99,1,8.300000190734863,0.0,31.504119873046875,28.408123016357422,1.5,0,44,1.0,-1.0,0.0,0,0,0
1780683022.7257495,0,0.3499999940395355,0,0,70,900,423158243,47,77,1.5980925559997559,0.0,34.97953414916992,28.561359405517578,1,0,0.6000000238418579,0,0,1,0,0,8,0,0,0,8,99,1,8.300000190734863,0.0,31.670116424560547,28.40812110900879,1.5,0,44,1.0,-1.0,0.0,0,0,0
1780683022.7457042,0,0.3499999940395355,0,0,70,900,423158243,47,77,1.2784740924835205,0.0,35.005104064941406,28.56154441833496,1,0,0.6000000238418579,0,0,1,0,0,8,0,0,0,8,99,1,8.300000190734863,0.0,31.83611488342285,28.40812110900879,1.5,0,44,1.0,-1.0,0.0,0,0,0
1780683022.7660158,0,0.3499999940395355,0,0,70,900,423158243,47,77,1.0227793455123901,0.0,35.02555847167969,28.561664581298828,1,0,0.6000000238418579,0,0,1,0,0,8,0,0,0,8,99,1,8.300000190734863,0.0,32.00203323364258,28.408123016357422,1.5,0,44,1.0,-1.0,0.0,0,0,0
1780683022.7860415,0,0.3499999940395355,0,0,70,900,423158243,47,77,0.8182234764099121,0.0,35.04192352294922,28.56174087524414,1,0,0.6000000238418579,0,0,1,0,0,8,0,0,0,8,99,1,8.300000190734863,0.0,32.16802978515625,28.408123016357422,1.5,0,44,1.0,-1.0,0.0,0,0,0
1780683022.805989,0,0.3499999940395355,0,0,70,900,423158243,47,77,0.6545788049697876,0.0,35.055015563964844,28.56178855895996,1,0,0.6000000238418579,0,0,1,0,0,8,0,0,0,8,99,1,8.300000190734863,0.0,32.33411407470703,28.408123016357422,1.5,0,44,1.0,-1.0,0.0,0,0,0
1780683022.8264117,0,0.3499999940395355,1,0,70,900,423158243,47,77,0.5236630439758301,0.0,35.06549072265625,28.561819076538086,0,0,0.6000000238418579,0,0,1,0,0,8,0,1,0,8,99,1,8.300000190734863,0.0,32.50011444091797,28.408119201660156,1.5,0,44,1.0,-1.0,0.0,0,0,1
1780683022.8462217,0,0.3499999940395355,1,0,70,900,423158243,47,77,0.41893044114112854,0.0,35.07386779785156,28.561840057373047,0,0,0.6000000238418579,0,0,1,0,0,8,0,1,0,8,99,1,8.300000190734863,0.0,32.66612243652344,28.408119201660156,1.5,0,44,1.0,-1.0,0.0,0,0,1
1780683023.1662002,0,0.3499999940395355,1,0,49,900,423158243,60,77,0.0,0.0,35.080570220947266,28.561853408813477,0,0,0.6000000238418579,0,0,1,0,0,8,0,1,0,8,99,1,-3.75,0.0,32.88192367553711,28.40812110900879,1.5,0,55,1.0,-1.0,0.0,0,0,0
1780683023.2054155,0,0.3499999940395355,1,0,49,900,423158243,60,77,0.0,0.0,35.38056945800781,28.561861038208008,0,0,0.6000000238418579,0,0,1,0,0,8,0,1,0,8,99,1,-3.75,0.0,32.828529357910156,28.40812110900879,1.5,0,55,1.0,-1.0,0.0,0,0,0
1780683023.2255805,0,0.3499999940395355,1,0,49,900,423158243,60,77,0.0,0.0,35.68056869506836,28.561864852905273,0,0,0.6000000238418579,0,0,1,0,0,8,0,1,0,8,99,1,-3.75,0.0,32.7647705078125,28.40812110900879,1.5,0,55,1.0,-1.0,0.0,0,0,0
1780683023.246008,0,0.3499999940395355,1,0,49,900,423158243,60,77,0.0,0.0,35.980567932128906,28.56186866760254,1,0,0.6000000238418579,0,0,1,0,0,8,0,1,0,8,99,1,-3.75,0.0,32.68976974487305,28.40812110900879,1.5,0,55,1.0,-1.0,0.0,0,0,0
1780683023.2660954,0,0.3499999940395355,1,0,49,900,423158243,60,77,0.0,0.0,36.28056716918945,28.561870574951172,1,0,0.6000000238418579,0,0,1,0,0,8,0,1,0,8,99,1,-3.75,0.0,32.614768981933594,28.40812110900879,1.5,0,55,1.0,-1.0,0.0,0,0,0
1780683023.285447,0,0.3499999940395355,1,0,49,900,423158243,60,77,0.0,0.0,36.58056640625,28.561870574951172,1,0,0.6000000238418579,0,0,1,0,0,8,0,1,0,8,99,1,-3.75,0.0,32.53976821899414,28.408123016357422,1.5,0,55,1.0,-1.0,0.0,0,0,0
1780683023.3054338,0,0.3499999940395355,1,0,49,900,423158243,60,77,0.0,0.0,36.88056564331055,28.561870574951172,1,0,0.6000000238418579,0,0,1,0,0,8,0,1,0,8,99,1,-3.75,0.0,32.46476745605469,28.408123016357422,1.5,0,55,1.0,-1.0,0.0,0,0,0
1780683023.3258984,0,0.3499999940395355,1,0,49,900,423158243,60,77,0.0,0.0,37.180564880371094,28.561870574951172,1,0,0.6000000238418579,0,0,1,0,0,8,0,1,0,8,99,1,-3.75,0.0,32.38980484008789,28.40812110900879,1.5,0,55,1.0,-1.0,0.0,0,0,0
1780683023.3460643,0,0.3499999940395355,1,0,49,900,423158243,60,77,0.0,0.0,37.434104919433594,28.561870574951172,1,0,0.6000000238418579,0,0,1,0,0,8,0,1,0,8,99,1,-3.75,0.0,32.3148078918457,28.408119201660156,1.5,0,55,1.0,0.0,0.0,0,0,0
1780683023.3658442,0,0.3499999940395355,1,0,49,900,423158243,60,77,0.0,0.0,37.42192459106445,28.561870574951172,1,0,0.6000000238418579,0,0,1,0,0,8,0,1,0,8,99,1,-3.75,0.0,32.23980712890625,28.408119201660156,1.5,0,55,0.0,0.0,0.0,0,0,0
1780683023.3862345,0,0.3499999940395355,1,0,49,900,423158243,60,77,0.0,0.0,37.42036819458008,28.561870574951172,1,0,0.6000000238418579,0,0,1,0,0,8,0,1,0,8,99,1,8.300000190734863,0.0,32.364601135253906,28.40812110900879,1.5,0,55,0.0,0.0,0.0,0,0,0
1780683023.4059758,0,0.3499999940395355,1,0,49,900,423158243,60,77,0.0,0.0,37.41937255859375,28.561870574951172,1,0,0.6000000238418579,0,0,1,0,0,8,0,1,0,8,99,1,0.0,0.0,32.392982482910156,28.40812110900879,1.5,0,55,0.0,0.0,0.0,0,0,0
1780683023.426546,0,0.3499999940395355,1,0,49,900,423158243,60,77,0.0,0.0,37.41873550415039,28.561870574951172,1,0,0.6000000238418579,0,0,1,0,0,8,0,1,0,8,99,1,0.0,0.0,32.392982482910156,28.408119201660156,1.5,0,55,0.0,0.0,0.0,0,0,0
1780683023.4463458,0,0.3499999940395355,1,0,49,900,423158243,60,77,0.0,0.0,37.4183235168457,28.561870574951172,1,0,0.6000000238418579,0,0,1,0,0,8,0,1,0,8,99,1,0.0,0.0,32.392982482910156,28.40812110900879,1.5,0,55,0.0,0.0,0.0,0,0,0
1780683023.4660895,0,0.3499999940395355,1,0,49,900,423158243,60,77,0.0,0.0,37.41806411743164,28.561870574951172,1,0,0.6000000238418579,0,0,1,0,0,8,0,1,0,8,99,1,0.0,0.0,32.392982482910156,28.408119201660156,1.5,0,55,0.0,0.0,0.0,0,0,0
1780683023.485887,0,0.3499999940395355,1,0,49,900,423158243,60,77,0.0,0.0,37.41789627075195,28.561870574951172,1,0,0.6000000238418579,0,0,1,0,0,8,0,1,0,8,99,1,0.0,0.0,32.392982482910156,28.40812110900879,1.5,0,55,0.0,0.0,0.0,0,0,0
1780683023.5058622,0,0.3499999940395355,0,0,49,900,423158243,60,77,0.0,0.0,37.417789459228516,28.561870574951172,1,0,0.6000000238418579,0,0,1,0,0,8,0,0,0,8,99,1,0.0,0.0,32.392982482910156,28.40812110900879,1.5,0,55,0.0,0.0,0.0,0,0,0
1780683023.526538,0,0.3499999940395355,0,0,49,900,423158243,60,77,0.0,0.0,37.417720794677734,28.561870574951172,1,0,0.6000000238418579,0,0,1,0,0,8,0,0,0,8,99,1,0.0,0.0,32.392982482910156,28.40812110900879,1.5,0,55,0.0,0.0,0.0,0,0,0
1780683023.5461407,0,0.3499999940395355,0,0,49,900,423158243,60,77,0.0,0.0,37.41767883300781,28.561870574951172,1,0,0.6000000238418579,0,0,1,0,0,8,0,0,0,8,99,1,0.0,0.0,32.392982482910156,28.40812110900879,1.5,0,55,0.0,0.0,0.0,0,0,0
1780683023.5664265,0,0.3499999940395355,0,0,49,900,423158243,60,77,0.0,0.0,37.41765213012695,28.561870574951172,1,0,0.6000000238418579,0,0,1,0,0,8,0,0,0,8,99,1,0.0,0.0,32.392982482910156,28.40812110900879,1.5,0,55,0.0,0.0,0.0,0,0,0
1780683023.5859396,0,0.3499999940395355,0,0,49,900,423158243,60,77,0.0,0.0,37.417633056640625,28.561870574951172,1,0,0.6000000238418579,0,0,1,0,0,8,0,0,0,8,99,1,0.0,0.0,32.392982482910156,28.40812110900879,1.5,0,55,0.0,0.0,0.0,0,0,0
1780683023.605832,0,0.3499999940395355,0,0,49,900,423158243,60,77,0.0,0.0,37.41762161254883,28.561870574951172,1,0,0.6000000238418579,0,0,1,0,0,8,0,0,0,8,99,1,0.0,0.0,32.392982482910156,28.40812110900879,1.5,0,55,0.0,0.0,0.0,0,0,0
1780683023.626698,0,0.3499999940395355,0,0,49,900,423158243,60,77,0.0,0.0,37.4176139831543,28.561870574951172,1,0,0.6000000238418579,0,0,1,0,0,8,0,0,0,8,99,1,0.0,0.0,32.392982482910156,28.40812110900879,1.5,0,55,1.0,0.0,0.0,0,0,0
1780683023.646486,0,0.3499999940395355,0,0,49,900,423158243,60,77,0.0,0.0,37.417606353759766,28.561870574951172,1,0,0.6000000238418579,0,0,1,0,0,8,0,0,0,8,99,1,0.0,0.0,32.392982482910156,28.408123016357422,1.5,0,55,1.0,0.0,0.0,0,0,0
1780683023.6661034,0,0.3499999940395355,0,0,49,900,423158243,60,77,0.0,0.0,37.417606353759766,28.561870574951172,1,0,0.6000000238418579,0,0,1,0,0,8,0,0,0,8,99,1,8.300000190734863,0.0,32.53068542480469,28.40812110900879,1.5,0,55,1.0,0.0,0.0,0,0,0
1780683023.6860352,0,0.3499999940395355,0,0,49,900,423158243,60,77,0.0,0.0,37.417606353759766,28.561870574951172,1,0,0.6000000238418579,0,0,1,0,0,8,0,0,0,8,99,1,8.300000190734863,0.0,32.696685791015625,28.40812110900879,1.5,0,55,1.0,0.0,0.0,0,0,0
1780683023.7059119,0,0.3499999940395355,0,0,49,900,423158243,60,77,0.0,0.0,37.417606353759766,28.561870574951172,1,0,0.6000000238418579,0,0,1,0,0,8,0,0,0,8,99,1,8.300000190734863,0.0,32.86268615722656,28.40812110900879,1.5,0,55,1.0,0.0,0.0,0,0,0
1780683023.7257798,0,0.3499999940395355,0,0,49,900,423158243,60,77,0.0,0.0,37.417606353759766,28.561870574951172,1,0,0.6000000238418579,0,0,1,0,0,8,0,0,0,8,99,1,8.300000190734863,0.0,33.0286865234375,28.40812110900879,1.5,0,55,1.0,0.0,0.0,0,0,0
1780683023.7456686,0,0.3499999940395355,0,0,49,900,423158243,60,77,0.0,0.0,37.417606353759766,28.561870574951172,1,0,0.6000000238418579,0,0,1,0,0,8,0,0,0,8,99,1,8.300000190734863,0.0,33.19468307495117,28.40812110900879,1.5,0,55,1.0,0.0,0.0,0,0,0
1780683023.7661035,0,0.3499999940395355,0,0,49,900,423158243,60,77,0.0,0.0,37.417606353759766,28.561870574951172,1,0,0.6000000238418579,0,0,1,0,0,8,0,0,0,8,99,1,8.300000190734863,0.0,33.36060333251953,28.40812110900879,1.5,0,55,1.0,0.0,0.0,0,0,0
1780683023.7858844,0,0.3499999940395355,0,0,49,900,423158243,60,77,0.0,0.0,37.417606353759766,28.561870574951172,1,0,0.6000000238418579,0,0,1,0,0,8,0,0,0,8,99,1,8.300000190734863,0.0,33.52660369873047,28.40812110900879,1.5,0,55,1.0,0.0,0.0,1,0,0
1780683023.80562,0,0.3499999940395355,0,0,49,900,423158243,60,77,0.0,0.0,37.417606353759766,28.561870574951172,1,0,0.6000000238418579,0,0,1,0,0,8,0,0,1,8,99,1,8.300000190734863,0.0,33.69260025024414,28.40812110900879,1.5,0,55,1.0,0.0,0.0,1,0,0
1780683023.8259969,0,0.3499999940395355,0,0,49,900,423158243,60,77,0.0,0.0,37.417606353759766,28.561870574951172,1,0,0.6000000238418579,0,0,1,0,0,8,0,0,1,8,99,0,8.300000190734863,15.70199966430664,33.85860061645508,28.66845703125,1.5,0,55,1.0,0.0,0.0,1,0,0
1780683023.8459342,0,0.3499999940395355,0,0,49,900,423158243,60,77,0.0,0.0,37.417606353759766,28.561870574951172,1,0,0.6000000238418579,0,0,1,0,0,8,0,0,1,8,99,0,8.300000190734863,15.70199966430664,34.02459716796875,28.982498168945312,1.5,0,55,1.0,0.0,0.0,1,0,0
1780683023.8664925,0,0.3499999940395355,0,0,49,900,423158243,60,77,0.0,0.0,37.417606353759766,28.561870574951172,1,0,0.6000000238418579,0,0,1,0,0,8,0,0,1,8,99,0,8.300000190734863,15.70199966430664,34.19059753417969,29.296531677246094,1.5,0,55,1.0,0.0,0.0,1,0,0
1780683023.8861086,0,0.3499999940395355,0,0,49,900,423158243,60,77,0.0,0.0,37.417606353759766,28.561870574951172,1,0,0.6000000238418579,0,0,1,0,0,8,0,0,1,8,99,0,8.300000190734863,15.70199966430664,34.356597900390625,29.610570907592773,1.5,0,55,1.0,0.0,0.0,1,0,0
1780683023.9103343,0,0.3499999940395355,0,0,49,900,423158243,60,77,0.0,0.0,37.417606353759766,28.561870574951172,1,0,0.6000000238418579,0,0,1,0,0,8,0,0,1,8,99,0,8.300000190734863,15.70199966430664,34.52267837524414,29.924760818481445,1.5,0,55,1.0,0.0,0.0,1,0,0
1780683023.929997,0,0.3499999940395355,0,0,49,900,423158243,60,77,0.0,0.0,37.417606353759766,28.561870574951172,1,0,0.6000000238418579,0,0,1,0,0,8,0,0,1,8,99,0,8.300000190734863,15.70199966430664,34.688594818115234,30.238643646240234,1.5,0,55,1.0,0.0,0.0,1,0,0
1780683023.9491875,0,0.3499999940395355,0,0,49,900,423158243,60,77,0.0,0.0,37.417606353759766,28.561870574951172,1,0,0.6000000238418579,0,0,1,0,0,8,0,0,1,8,99,0,8.300000190734863,15.70199966430664,34.854591369628906,30.552677154541016,1.5,0,55,1.0,0.0,0.0,1,0,0
1780683023.9686046,0,0.3499999940395355,0,0,49,900,423158243,60,77,0.0,0.0,37.417606353759766,28.561870574951172,1,0,0.6000000238418579,0,0,1,0,0,8,0,0,1,8,99,0,8.300000190734863,15.70199966430664,35.02059555053711,30.866718292236328,1.5,0,55,1.0,-1.0,0.0,1,0,0
1780683023.9875405,0,0.3499999940395355,0,0,49,900,423158243,60,77,0.0,0.0,37.417606353759766,28.561870574951172,1,0,0.6000000238418579,0,0,1,0,0,8,0,0,1,8,99,0,8.300000190734863,15.70199966430664,35.18659591674805,31.180761337280273,1.5,0,55,1.0,-1.0,0.0,1,0,0
1780683024.0066788,0,0.3499999940395355,0,0,49,900,423158243,60,77,0.0,0.0,37.417606353759766,28.561870574951172,1,0,0.6000000238418579,0,0,1,0,0,8,0,0,1,8,99,0,8.300000190734863,15.70199966430664,35.352596282958984,31.49479866027832,1.5,0,55,1.0,-1.0,0.0,1,0,0
1780683024.026272,0,0.3499999940395355,0,0,49,900,423158243,60,77,0.0,0.0,37.417606353759766,28.561870574951172,1,0,0.6000000238418579,0,0,1,0,0,8,0,0,0,8,99,0,8.300000190734863,14.753999710083008,35.518680572509766,31.793270111083984,1.5,0,55,1.0,-1.0,0.0,1,0,0
1780683024.046173,0,0.3499999940395355,0,0,49,900,423158243,60,77,0.0,0.0,37.417606353759766,28.561870574951172,1,0,0.6000000238418579,0,0,1,0,0,8,0,0,0,8,99,0,8.300000190734863,13.805999755859375,35.68467712402344,32.07261657714844,1.5,0,55,1.0,-1.0,0.0,0,0,0
1780683024.066026,0,0.3499999940395355,0,0,49,900,423158243,60,77,0.0,0.0,37.417606353759766,28.561870574951172,1,0,0.6000000238418579,0,0,1,0,0,8,0,0,0,8,99,0,8.300000190734863,12.857999801635742,35.85067367553711,32.3330078125,1.5,0,55,0.0,-1.0,0.0,0,0,0
1780683024.0858495,0,0.3499999940395355,0,0,49,900,423158243,60,77,0.0,0.0,37.417606353759766,28.561870574951172,1,0,0.6000000238418579,0,0,1,0,0,8,0,0,0,8,99,0,8.300000190734863,11.90999984741211,36.0165901184082,32.57432556152344,1.5,0,55,0.0,-1.0,0.0,0,0,0
1780683024.106006,0,0.3499999940395355,0,0,49,900,423158243,60,77,0.0,0.0,37.417606353759766,28.561870574951172,1,0,0.6000000238418579,0,0,1,1,0,8,0,0,0,8,99,0,0.0,-0.9479996562004089,36.04499053955078,32.59935760498047,1.5,0,55,0.0,-1.0,0.0,0,1,0
1780683024.1263306,0,0.3499999940395355,0,0,49,900,423158243,60,77,0.0,0.0,37.417606353759766,28.561870574951172,1,0,0.6000000238418579,0,0,1,1,0,8,0,0,0,8,99,0,0.0,-1.8959993124008179,36.04499053955078,32.564659118652344,1.5,0,55,0.0,-1.0,0.0,0,1,0
1780683024.1458178,0,0.3499999940395355,0,0,49,900,423158243,60,77,0.0,0.0,37.417606353759766,28.561870574951172,1,0,0.6000000238418579,0,0,1,1,0,8,0,0,0,8,99,0,0.0,-2.843998908996582,36.04499053955078,32.51101303100586,1.5,0,55,-1.0,-1.0,0.0,0,1,0
1780683024.1657462,0,0.3499999940395355,0,0,49,900,423158243,60,77,0.0,0.0,37.417606353759766,28.561870574951172,1,0,0.6000000238418579,0,0,1,1,0,8,0,0,0,8,99,0,0.0,-3.7919986248016357,36.04499053955078,32.43840789794922,1.5,0,55,-1.0,-1.0,0.0,0,1,0
1780683024.1858299,0,0.3499999940395355,0,0,49,900,423158243,60,77,0.0,0.0,37.417606353759766,28.561870574951172,1,0,0.6000000238418579,0,0,0,1,0,8,0,0,0,8,99,0,-8.300000190734863,-4.7399983406066895,35.907379150390625,32.34688949584961,1.5,0,55,-1.0,-1.0,0.0,0,1,0
1780683024.2057774,0,0.3499999940395355,0,0,49,900,423158243,60,77,0.0,0.0,37.417606353759766,28.561870574951172,1,0,0.6000000238418579,0,0,0,1,0,8,0,0,0,8,99,0,-8.300000190734863,-5.687997817993164,35.741294860839844,32.2363166809082,1.5,0,55,-1.0,-1.0,0.0,0,1,0
1780683024.2259967,0,0.3499999940395355,0,0,49,900,423158243,60,77,0.0,0.0,37.417606353759766,28.561870574951172,0,0,0.6000000238418579,0,0,0,0,0,8,0,0,0,8,99,0,0.0,0.0,35.57529067993164,32.10682678222656,1.5,0,55,0.0,0.0,0.0,0,0,0
1780683024.2465477,0,0.3499999940395355,0,0,49,900,423158243,60,77,0.0,0.0,37.417606353759766,28.561870574951172,0,0,0.6000000238418579,0,0,0,0,0,8,0,0,0,8,99,0,0.0,0.0,35.54698944091797,32.084197998046875,1.5,0,55,0.0,0.0,0.0,0,0,0
1780683024.2658646,0,0.3499999940395355,0,0,49,900,423158243,60,77,0.0,0.0,37.417606353759766,28.561870574951172,0,0,0.6000000238418579,0,0,0,0,0,8,0,0,0,8,99,0,0.0,0.0,35.54698944091797,32.084197998046875,1.5,0,55,0.0,0.0,0.0,0,0,0
1780683024.2855573,0,0.3499999940395355,0,0,49,900,423158243,60,77,0.0,0.0,37.417606353759766,28.561870574951172,0,0,0.6000000238418579,0,0,0,0,0,8,0,0,0,8,99,0,0.0,0.0,35.54698944091797,32.084197998046875,1.5,0,55,0.0,0.0,0.0,0,0,0
1780683024.3057284,0,0.3499999940395355,0,0,49,900,423158243,60,77,0.0,0.0,37.417606353759766,28.561870574951172,0,0,0.6000000238418579,0,0,0,0,0,8,0,0,0,8,99,0,0.0,0.0,35.54698944091797,32.084197998046875,1.5,0,55,0.0,0.0,0.0,0,0,0
1780683024.325914,0,0.3499999940395355,0,0,49,900,423158243,60,77,0.0,0.0,37.417606353759766,28.561870574951172,0,0,0.6000000238418579,0,0,0,0,0,8,0,0,0,8,99,0,0.0,0.0,35.54698944091797,32.084197998046875,1.5,0,55,0.0,0.0,0.0,0,0,0
1780683024.3459218,0,0.3499999940395355,0,0,49,900,423158243,60,77,0.0,0.0,37.417606353759766,28.561870574951172,0,0,0.6000000238418579,0,0,0,0,0,8,0,0,0,8,99,0,0.0,0.0,35.54698944091797,32.084197998046875,1.5,0,55,0.0,0.0,0.0,0,0,0
1780683024.365845,0,0.3499999940395355,0,0,49,900,423158243,60,77,0.0,0.0,37.417606353759766,28.561870574951172,0,0,0.6000000238418579,0,0,0,0,0,8,0,0,0,8,99,0,0.0,0.0,35.54698944091797,32.084197998046875,1.5,0,55,0.0,0.0,0.0,0,0,0
1780683024.3857915,0,0.3499999940395355,0,0,49,900,423158243,60,77,0.0,0.0,37.417606353759766,28.561870574951172,0,0,0.6000000238418579,0,0,0,0,0,8,0,0,0,8,99,0,0.0,0.0,35.54698944091797,32.084197998046875,1.5,0,55,0.0,0.0,0.0,0,0,0
1780683024.4056973,0,0.3499999940395355,0,0,49,900,423158243,60,77,0.0,0.0,37.417606353759766,28.561870574951172,0,0,0.6000000238418579,0,0,0,0,0,8,0,0,0,8,99,0,0.0,0.0,35.54698944091797,32.084197998046875,1.5,0,55,0.0,0.0,0.0,0,0,0
1780683024.4256349,0,0.3499999940395355,0,0,49,900,423158243,60,77,0.0,0.0,37.417606353759766,28.561870574951172,0,0,0.6000000238418579,0,0,0,0,0,8,0,0,0,8,99,0,0.0,0.0,35.54698944091797,32.084197998046875,1.5,0,55,0.0,0.0,0.0,0,0,0
1780683024.4456236,0,0.3499999940395355,0,0,49,900,423158243,60,77,0.0,0.0,37.417606353759766,28.561870574951172,0,0,0.6000000238418579,0,0,0,0,0,8,0,0,0,8,99,0,0.0,0.0,35.54698944091797,32.084197998046875,1.5,0,55,0.0,0.0,0.0,0,0,0
1780683024.4657612,0,0.3499999940395355,0,0,49,900,423158243,60,77,0.0,0.0,37.417606353759766,28.561870574951172,0,0,0.6000000238418579,0,0,0,0,0,8,0,0,0,8,99,0,0.0,0.0,35.54698944091797,32.084197998046875,1.5,0,55,0.0,0.0,0.0,0,0,0
1780683024.4856036,0,0.3499999940395355,0,0,49,900,423158243,60,77,0.0,0.0,37.417606353759766,28.561870574951172,0,0,0.6000000238418579,0,0,0,1,0,8,0,0,0,8,99,0,0.0,-50.0,35.54698944091797,32.084197998046875,1.5,0,22,0.0,0.0,0.0,0,0,0
1780683024.5057085,0,0.3499999940395355,0,0,49,900,423158243,60,77,0.0,0.0,37.417606353759766,28.561870574951172,0,0,0.6000000238418579,0,0,0,1,0,8,0,0,0,8,99,0,0.0,-50.0,35.54698944091797,31.254724502563477,1.5,0,22,0.0,0.0,0.0,0,0,0
1780683024.5258148,0,0.3499999940395355,0,0,49,900,423158243,60,77,0.0,0.0,37.417606353759766,28.561870574951172,0,0,0.6000000238418579,0,0,0,1,0,8,0,0,0,8,99,0,0.0,-50.0,35.54698944091797,30.254714965820312,1.5,0,22,0.0,0.0,0.0,0,0,0
1780683024.5457354,0,0.3499999940395355,0,0,49,900,423158243,60,77,0.0,0.0,37.417606353759766,28.561870574951172,0,0,0.6000000238418579,0,0,0,1,0,8,0,0,0,8,99,0,0.0,-50.0,35.54698944091797,29.254728317260742,1.5,0,22,0.0,0.0,0.0,0,0,0
1780683024.5657597,0,0.3499999940395355,0,0,49,900,423158243,60,77,0.0,0.0,37.417606353759766,28.561870574951172,0,0,0.6000000238418579,0,0,0,0,0,8,0,0,0,8,99,1,0.0,0.0,35.54698944091797,28.523719787597656,1.5,0,22,0.0,0.0,0.0,0,0,0
1780683024.5858939,0,0.3499999940395355,0,0,49,900,423158243,60,77,0.0,0.0,37.417606353759766,28.561870574951172,0,0,0.6000000238418579,0,0,0,0,0,8,0,0,0,8,99,1,0.0,0.0,35.54698944091797,28.408098220825195,1.5,0,22,0.0,0.0,0.0,0,0,0
1780683024.6055603,0,0.3499999940395355,0,0,49,900,423158243,60,77,0.0,0.0,37.417606353759766,28.561870574951172,0,0,0.6000000238418579,0,0,0,0,0,8,0,0,0,8,99,1,0.0,0.0,35.54698944091797,28.408109664916992,1.5,0,22,0.0,0.0,0.0,0,0,0
1780683024.6256979,0,0.3499999940395355,0,0,49,900,423158243,60,77,0.0,0.0,37.417606353759766,28.561870574951172,0,0,0.6000000238418579,0,0,0,0,0,8,0,0,0,8,99,1,0.0,0.0,35.54698944091797,28.408113479614258,1.5,0,22,0.0,0.0,0.0,0,0,0
1780683024.6454518,0,0.3499999940395355,0,0,49,900,423158243,60,77,0.0,0.0,37.417606353759766,28.561870574951172,0,0,0.6000000238418579,0,0,0,0,0,8,0,0,0,8,99,1,0.0,0.0,35.54698944091797,28.408119201660156,1.5,0,22,0.0,0.0,0.0,0,0,0
1780683024.6657078,0,0.3499999940395355,0,0,19,900,423158243,7,77,0.0,0.0,37.417606353759766,28.561870574951172,0,0,0.6000000238418579,0,0,0,0,0,8,0,0,0,8,99,1,0.0,0.0,35.54698944091797,28.408119201660156,1.5,0,22,0.0,0.0,0.0,0,0,0
1780683024.6854916,0,0.3499999940395355,0,0,19,900,423158243,7,77,0.0,0.0,37.41765594482422,28.561874389648438,0,0,0.6000000238418579,0,0,0,0,0,8,0,0,0,8,99,1,0.0,0.0,35.54698944091797,28.40812110900879,1.5,0,22,0.0,0.0,0.0,0,0,0
1780683024.705467,0,0.3499999940395355,0,0,19,900,423158243,7,77,0.0,0.0,37.41763687133789,28.561874389648438,0,0,0.6000000238418579,0,0,0,0,0,8,0,0,0,8,99,1,0.0,0.0,35.54698944091797,28.40812110900879,1.5,0,22,0.0,0.0,0.0,0,0,0
1780683024.725537,0,0.3499999940395355,0,0,19,900,423158243,7,77,0.0,0.0,37.41762161254883,28.561874389648438,0,0,0.6000000238418579,0,0,0,0,0,8,0,0,0,8,99,1,0.0,0.0,35.54698944091797,28.40812110900879,1.5,0,22,0.0,0.0,0.0,0,0,0
1780683024.745973,0,0.3499999940395355,0,0,19,900,423158243,7,77,0.0,0.0,37.4176139831543,28.561874389648438,0,0,0.6000000238418579,0,0,0,0,0,8,0,0,0,8,99,1,0.0,0.0,35.54698944091797,28.40812110900879,1.5,0,22,0.0,0.0,0.0,0,0,0
1780683024.765558,0,0.3499999940395355,0,0,19,900,423158243,7,77,0.0,0.0,37.417606353759766,28.561874389648438,0,0,0.6000000238418579,0,0,0,0,0,8,0,0,0,8,99,1,0.0,0.0,35.54698944091797,28.40812110900879,1.5,0,22,0.0,0.0,0.0,0,0,0
1780683024.785807,0,0.3499999940395355,0,0,19,900,423158243,7,77,0.0,0.0,37.417606353759766,28.561874389648438,0,0,0.6000000238418579,0,0,0,0,0,8,0,0,0,8,99,1,0.0,0.0,35.54698944091797,28.40812110900879,1.5,0,22,0.0,0.0,0.0,0,0,0
1780683024.8055048,0,0.3499999940395355,0,0,19,900,423158243,7,77,0.0,0.0,37.417606353759766,28.561874389648438,0,0,0.6000000238418579,0,0,0,0,0,8,0,0,0,8,99,1,0.0,0.0,35.54698944091797,28.40812110900879,1.5,0,22,0.0,0.0,0.0,0,0,0
1780683024.825897,0,0.3499999940395355,0,0,19,900,423158243,7,77,0.0,0.0,37.417606353759766,28.561874389648438,0,0,0.6000000238418579,0,0,0,0,0,8,0,0,0,8,99,1,0.0,0.0,35.54698944091797,28.40812110900879,1.5,0,22,0.0,0.0,0.0,0,0,0
1780683024.8455873,0,0.3499999940395355,0,0,19,900,423158243,7,77,0.0,0.0,37.417606353759766,28.561874389648438,0,0,0.6000000238418579,0,0,0,0,0,8,0,0,0,8,99,1,0.0,0.0,35.54698944091797,28.40812110900879,1.5,0,22,0.0,0.0,0.0,0,0,0
1780683024.866028,0,0.3499999940395355,0,0,19,900,423158243,7,77,0.0,0.0,37.417606353759766,28.561874389648438,0,0,0.6000000238418579,0,0,0,0,0,8,0,0,0,8,99,1,0.0,0.0,35.54698944091797,28.40812110900879,1.5,0,22,0.0,0.0,0.0,0,0,0
1780683024.8858695,0,0.3499999940395355,0,0,19,900,423158243,7,77,0.0,0.0,37.417606353759766,28.561874389648438,0,0,0.6000000238418579,0,0,0,0,0,8,0,0,0,8,99,1,0.0,0.0,35.54698944091797,28.40812110900879,1.5,0,22,0.0,0.0,0.0,0,0,0
1780683024.905632,0,0.3499999940395355,0,0,19,900,423158243,7,77,0.0,0.0,37.417606353759766,28.561874389648438,0,0,0.6000000238418579,0,0,0,0,0,8,0,0,0,8,99,1,0.0,0.0,35.54698944091797,28.408123016357422,1.5,0,22,0.0,0.0,0.0,0,0,0
1780683024.9258873,0,0.3499999940395355,0,0,19,900,423158243,7,77,0.0,0.0,37.417606353759766,28.561874389648438,0,0,0.6000000238418579,0,0,0,0,0,8,0,0,0,8,99,1,0.0,0.0,35.54698944091797,28.408123016357422,1.5,0,22,0.0,0.0,0.0,0,0,0
1780683024.945966,0,0.3499999940395355,0,0,19,900,423158243,7,77,0.0,0.0,37.417606353759766,28.561874389648438,0,0,0.6000000238418579,0,0,0,0,0,8,0,0,0,8,99,1,0.0,0.0,35.54698944091797,28.40812110900879,1.5,0,22,0.0,0.0,0.0,0,0,0
1780683024.9659524,0,0.3499999940395355,0,0,19,900,423158243,7,77,0.0,0.0,37.417606353759766,28.561874389648438,0,0,0.6000000238418579,0,0,0,0,0,8,0,0,0,8,99,1,0.0,0.0,35.54698944091797,28.408123016357422,1.5,0,22,0.0,0.0,0.0,0,0,0
1780683024.9855936,0,0.3499999940395355,0,0,19,900,423158243,9,77,-20.929859161376953,41.0,37.417606353759766,28.561874389648438,0,0,0.6000000238418579,0,0,0,0,0,8,0,0,0,8,99,1,0.0,0.0,35.54698944091797,28.40812110900879,1.5,0,22,0.0,0.0,0.0,0,0,0
1780683025.0055501,0,0.3499999940395355,0,0,19,900,423158243,10,77,-20.929859161376953,39.20000076293945,36.99900817871094,29.345874786376953,0,0,0.6000000238418579,0,0,0,0,0,8,0,0,0,8,99,1,0.0,0.0,35.54698944091797,28.40812110900879,1.5,0,22,0.0,0.0,0.0,0,0,0
1780683025.0258586,0,0.3499999940395355,0,0,4,900,423158243,10,77,-20.929859161376953,37.400001525878906,36.58041000366211,30.093873977661133,0,0,0.6000000238418579,0,0,0,0,0,8,0,0,0,8,99,1,0.0,0.0,35.54698944091797,28.40812110900879,1.5,0,22,0.0,0.0,0.0,0,0,0
1780683025.0460074,0,0.3499999940395355,0,0,4,900,423158243,10,77,-20.929859161376953,35.60000228881836,36.761810302734375,30.80587387084961,0,0,0.6000000238418579,0,0,0,0,0,8,0,0,0,8,99,1,0.0,0.0,35.54698944091797,28.40812110900879,1.5,0,22,0.0,0.0,0.0,0,0,0
1780683025.0660787,0,0.3499999940395355,0,0,4,900,423158243,10,77,-20.929859161376953,33.80000305175781,36.94321060180664,31.481874465942383,0,0,0.6000000238418579,0,0,0,0,0,8,0,0,0,8,99,1,0.0,0.0,35.54698944091797,28.408123016357422,1.5,0,22,0.0,0.0,0.0,0,0,0
1780683025.085691,0,0.3499999940395355,0,0,4,900,423158243,10,77,-20.929859161376953,32.000003814697266,37.013999938964844,32.12187194824219,0,0,0.6000000238418579,0,0,0,0,0,8,0,0,0,8,99,1,0.0,0.0,35.54698944091797,28.40812110900879,1.5,0,22,0.0,0.0,0.0,0,0,0
1780683025.1053839,0,0.3499999940395355,0,0,4,900,423158243,10,77,-20.929859161376953,30.20000457763672,36.595401763916016,32.72587203979492,0,0,0.6000000238418579,0,0,0,0,0,8,0,0,0,8,99,1,0.0,0.0,35.54698944091797,28.408119201660156,1.5,0,22,0.0,0.0,0.0,0,0,0
1780683025.1262782,0,0.3499999940395355,0,0,4,900,423158243,10,77,-20.929859161376953,28.400005340576172,36.17680358886719,33.29387283325195,0,0,0.6000000238418579,0,0,0,0,0,8,0,0,0,8,99,1,0.0,0.0,35.54698944091797,28.40812110900879,1.5,0,22,0.0,0.0,0.0,0,0,0
1780683025.1456077,0,0.3499999940395355,0,0,4,900,423158243,10,77,-20.929859161376953,26.600006103515625,35.75820541381836,33.82587432861328,0,0,0.6000000238418579,0,0,0,0,0,8,0,0,0,8,99,1,0.0,0.0,35.54698944091797,28.40812110900879,1.5,0,22,0.0,0.0,0.0,0,0,0
1780683025.165596,0,0.3499999940395355,0,0,4,900,423158243,10,77,-20.929859161376953,24.800006866455078,35.33960723876953,34.32187271118164,0,0,0.6000000238418579,0,0,0,0,0,8,0,0,0,8,99,1,0.0,0.0,35.54698944091797,28.408123016357422,1.5,0,22,0.0,0.0,0.0,0,0,0
1780683025.1854336,0,0.3499999940395355,0,0,4,900,423158243,10,77,-20.929859161376953,23.00000762939453,34.9210090637207,34.7818717956543,0,0,0.6000000238418579,0,0,0,0,0,8,0,0,0,8,99,1,0.0,0.0,35.54698944091797,28.40812110900879,1.5,0,22,0.0,0.0,0.0,0,0,0
1780683025.2053065,0,0.3499999940395355,0,0,4,900,423158243,10,77,-20.929859161376953,21.200008392333984,34.502410888671875,35.20587158203125,0,0,0.6000000238418579,0,0,0,0,0,8,0,0,0,8,99,1,0.0,0.0,35.54698944091797,28.40812110900879,1.5,0,22,0.0,0.0,0.0,0,0,0
1780683025.2258043,0,0.3499999940395355,0,0,4,900,423158243,10,77,-20.929859161376953,19.400009155273438,34.08381271362305,35.5938720703125,0,0,0.6000000238418579,0,0,0,0,0,8,0,0,0,8,99,1,0.0,0.0,35.54698944091797,28.40812110900879,1.5,0,22,0.0,0.0,0.0,0,0,0
1780683025.245845,0,0.3499999940395355,0,0,4,900,423158243,10,77,-20.929859161376953,17.60000991821289,33.66521453857422,35.94587326049805,0,0,0.6000000238418579,0,0,0,0,0,8,0,0,0,8,99,1,0.0,0.0,35.54698944091797,28.40812110900879,1.5,0,22,0.0,0.0,0.0,0,0,0
1780683025.2654824,0,0.3499999940395355,0,0,4,900,423158243,10,77,-20.929859161376953,15.800010681152344,33.24661636352539,36.26187515258789,1,0,0.6000000238418579,0,0,0,0,0,8,0,0,0,8,99,1,0.0,0.0,35.54698944091797,28.40812110900879,1.5,0,22,0.0,0.0,0.0,0,0,0
1780683025.2856417,0,0.3499999940395355,0,0,4,900,423158243,10,77,-20.929859161376953,14.000011444091797,32.82801818847656,36.541873931884766,1,0,0.6000000238418579,0,0,0,0,0,8,0,0,0,8,99,1,0.0,0.0,35.54698944091797,28.40812110900879,1.5,0,22,0.0,0.0,0.0,0,0,0
1780683025.305395,0,0.3499999940395355,0,0,4,900,423158243,10,77,-20.929859161376953,12.20001220703125,32.409420013427734,36.78587341308594,1,0,0.6000000238418579,0,0,0,0,0,8,0,0,0,8,99,1,0.0,0.0,35.54698944091797,28.408119201660156,1.5,0,22,0.0,0.0,0.0,0,0,0
1780683025.3255396,0,0.3499999940395355,0,0,4,900,423158243,10,77,-20.929859161376953,10.400012969970703,31.990821838378906,36.993873596191406,1,0,0.6000000238418579,0,0,0,0,0,8,0,0,0,8,99,1,0.0,0.0,35.54698944091797,28.408119201660156,1.5,0,22,0.0,0.0,0.0,0,0,0
1780683025.345786,0,0.3499999940395355,0,0,4,900,423158243,10,77,-20.929859161376953,8.600013732910156,31.57222557067871,37.16587448120117,1,0,0.6000000238418579,0,0,0,0,0,8,0,0,0,8,99,1,0.0,0.0,35.54698944091797,28.408123016357422,1.5,0,22,0.0,0.0,0.0,0,0,0
1780683025.3659854,0,0.3499999940395355,0,0,4,900,423158243,10,77,-20.929859161376953,6.800014495849609,31.153629302978516,37.301876068115234,1,0,0.6000000238418579,0,0,0,0,0,8,0,0,0,8,99,1,0.0,0.0,35.54698944091797,28.408119201660156,1.5,0,22,-1.0,0.0,0.0,0,0,0
1780683025.3857439,0,0.3499999940395355,0,0,4,900,423158243,10,77,-20.929859161376953,5.0000152587890625,30.73503303527832,37.40187454223633,1,0,0.6000000238418579,0,0,0,0,0,8,0,0,0,8,99,1,0.0,0.0,35.54698944091797,28.40812110900879,1.5,0,22,-1.0,0.0,0.0,0,0,0
1780683025.4054747,0,0.3499999940395355,0,0,4,900,423158243,10,77,-20.929859161376953,3.2000160217285156,30.316436767578125,37.46587371826172,1,0,0.6000000238418579,0,0,0,0,0,8,0,0,0,8,99,1,0.0,0.0,35.54698944091797,28.40812110900879,1.5,0,22,-1.0,0.0,0.0,0,0,0
1780683025.425986,0,0.3499999940395355,0,0,4,900,423158243,10,77,-20.929859161376953,1.4000167846679688,29.89784049987793,37.493873596191406,1,0,0.6000000238418579,0,0,0,0,0,8,0,0,0,8,99,1,-8.300000190734863,0.0,35.40933609008789,28.40812110900879,1.5,0,22,-1.0,0.0,0.0,0,0,0
1780683025.4459603,0,0.3499999940395355,0,0,4,900,423158243,10,77,-20.929859161376953,-0.3999824523925781,29.479244232177734,37.48587417602539,1,0,0.6000000238418579,0,0,0,0,0,8,0,0,0,8,99,1,-8.300000190734863,0.0,35.24333572387695,28.408119201660156,1.5,0,22,-1.0,0.0,0.0,0,0,0
1780683025.465775,0,0.3499999940395355,0,0,4,900,423158243,10,77,-20.929859161376953,-2.199981689453125,29.06064796447754,37.44187545776367,1,0,0.6000000238418579,0,0,0,0,0,8,0,0,0,8,99,1,-8.300000190734863,0.0,35.07733917236328,28.40812110900879,1.5,0,22,-1.0,0.0,0.0,0,0,0
1780683025.4854517,0,0.3499999940395355,0,0,4,900,423158243,10,77,-20.929859161376953,-3.999980926513672,28.642051696777344,37.36187744140625,1,0,0.6000000238418579,0,0,0,0,0,8,0,0,0,8,99,1,-8.300000190734863,0.0,34.911346435546875,28.408119201660156,1.5,0,22,-1.0,0.0,0.0,0,0,0
1780683025.505821,0,0.3499999940395355,0,0,4,900,423158243,10,77,-20.929859161376953,-5.799980163574219,28.22345542907715,37.24587631225586,1,0,0.6000000238418579,0,0,0,0,0,8,0,0,0,8,99,1,-8.300000190734863,0.0,34.74534225463867,28.408119201660156,1.5,0,22,-1.0,0.0,0.0,0,0,0
1780683025.5259318,0,0.3499999940395355,0,0,4,900,423158243,10,77,-20.929859161376953,-7.599979400634766,27.804859161376953,37.093875885009766,1,0,0.6000000238418579,0,0,0,0,0,8,0,0,0,8,99,1,-8.300000190734863,0.0,34.579341888427734,28.408119201660156,1.5,0,22,-1.0,0.0,0.0,0,0,0
1780683025.5460088,0,0.3499999940395355,0,0,4,900,423158243,10,77,-20.929859161376953,-9.399978637695312,27.386262893676758,36.90587615966797,1,0,0.6000000238418579,0,0,0,0,0,8,0,0,0,8,99,1,-8.300000190734863,0.0,34.41334533691406,28.40812110900879,1.5,0,22,-1.0,0.0,0.0,0,0,0
1780683025.5659883,0,0.3499999940395355,0,0,4,900,423158243,10,77,-20.929859161376953,-11.19997787475586,26.967666625976562,36.68187713623047,1,0,0.6000000238418579,0,0,0,0,0,8,0,0,0,8,99,1,-8.300000190734863,0.0,34.2474250793457,28.40812110900879,1.5,0,22,-1.0,0.0,0.0,0,0,0
1780683025.5857518,0,0.3499999940395355,0,0,4,900,423158243,10,77,-20.929859161376953,-12.999977111816406,26.549070358276367,36.421878814697266,1,0,0.6000000238418579,0,0,0,0,0,8,0,0,0,8,99,1,-8.300000190734863,0.0,34.08142852783203,28.40812110900879,1.5,0,22,-1.0,0.0,0.0,0,0,0
1780683025.6054685,0,0.3499999940395355,0,0,4,900,423158243,10,77,-20.929859161376953,-14.799976348876953,26.130474090576172,36.12588119506836,1,0,0.6000000238418579,0,0,0,0,0,8,0,0,0,8,99,1,-8.300000190734863,0.0,33.91534423828125,28.40812110900879,1.5,0,22,-1.0,0.0,0.0,0,0,0
1780683025.6261175,0,0.3499999940395355,0,0,4,900,423158243,10,77,-20.929859161376953,-16.5999755859375,25.711877822875977,35.793880462646484,1,0,0.6000000238418579,0,0,0,0,0,8,0,0,0,8,99,1,-8.300000190734863,0.0,33.74934387207031,28.408119201660156,1.5,0,22,-1.0,0.0,0.0,0,0,0
1780683025.6459374,0,0.3499999940395355,0,0,4,900,423158243,10,77,-20.929859161376953,-18.399974822998047,25.29328155517578,35.425880432128906,1,0,0.6000000238418579,0,0,0,0,0,8,0,0,0,8,99,1,-8.300000190734863,0.0,33.58333969116211,28.40812110900879,1.5,0,22,-1.0,0.0,0.0,0,0,0
1780683025.6657395,0,0.3499999940395355,0,0,4,900,423158243,10,77,-20.929859161376953,-20.199974060058594,24.874685287475586,35.021881103515625,1,0,0.6000000238418579,0,0,0,0,0,8,0,0,0,8,99,1,-8.300000190734863,0.0,33.41741943359375,28.40812110900879,1.5,0,22,-1.0,0.0,0.0,0,0,0
1780683025.6854906,0,0.3499999940395355,0,0,4,900,423158243,10,77,-20.929859161376953,-21.99997329711914,24.45608901977539,34.58188247680664,1,0,0.6000000238418579,0,0,0,0,0,8,0,0,0,8,99,1,-8.300000190734863,0.0,33.25142288208008,28.40812110900879,1.5,0,22,-1.0,0.0,0.0,0,0,0
1780683025.7056067,0,0.3499999940395355,0,0,4,900,423158243,10,77,-20.929859161376953,-23.799972534179688,24.037492752075195,34.10588455200195,1,0,0.6000000238418579,0,0,0,0,0,8,0,0,0,8,99,1,-8.300000190734863,0.0,33.0853385925293,28.408119201660156,1.5,0,22,-1.0,0.0,0.0,0,0,0
1780683025.7256937,0,0.3499999940395355,0,0,4,900,423158243,10,77,-20.929859161376953,-25.599971771240234,23.618896484375,33.5938835144043,1,0,0.6000000238418579,0,0,0,0,0,8,0,0,0,8,99,1,-8.300000190734863,0.0,32.91933822631836,28.40812110900879,1.5,0,22,-1.0,0.0,0.0,0,0,0
1780683025.745738,0,0.3499999940395355,0,0,4,900,423158243,10,77,-20.929859161376953,-27.39997100830078,23.200300216674805,33.04588317871094,1,0,0.6000000238418579,0,0,0,0,0,8,0,0,0,8,99,1,-8.300000190734863,0.0,32.75334167480469,28.408119201660156,1.5,0,22,-1.0,0.0,0.0,0,0,0
1780683025.7657013,0,0.3499999940395355,0,0,4,900,423158243,10,77,-20.929859161376953,-29.199970245361328,22.78170394897461,32.461883544921875,1,0,0.6000000238418579,0,0,0,0,0,8,0,0,0,8,99,1,-8.300000190734863,0.0,32.58734130859375,28.40812110900879,1.5,0,22,-1.0,0.0,0.0,0,0,0
1780683025.785834,0,0.3499999940395355,0,0,4,900,423158243,10,77,-20.929859161376953,-30.999969482421875,22.363107681274414,31.84188461303711,1,0,0.6000000238418579,0,0,0,0,0,8,0,0,0,8,99,1,-8.300000190734863,0.0,32.42133712768555,28.40812110900879,1.5,0,22,-1.0,0.0,1.0,0,0,0
1780683025.8057973,0,0.3499999940395355,0,0,4,900,423158243,10,77,-20.929859161376953,-32.79996871948242,21.94451141357422,31.18588638305664,0,0,0.6000000238418579,1,0,0,0,0,8,0,0,0,8,99,1,-8.300000190734863,0.0,32.25533676147461,28.40812110900879,1.5,1,22,-1.0,0.0,1.0,0,0,0
1780683025.8257942,0,0.3499999940395355,0,0,4,900,423158243,10,77,-20.929859161376953,-34.59996795654297,21.525915145874023,30.493886947631836,0,0,0.6000000238418579,1,0,0,0,0,8,0,0,0,8,99,1,-20.0,0.0,31.895313262939453,28.40812110900879,1.5,1,22,-1.0,0.0,1.0,0,0,0
1780683025.8459783,0,0.3499999940395355,0,0,4,900,423158243,10,77,-20.929859161376953,-36.399967193603516,21.107318878173828,29.765888214111328,0,0,0.6000000238418579,1,0,0,0,0,8,0,0,0,8,99,1,-20.0,0.0,31.495317459106445,28.40812110900879,1.5,1,22,-1.0,0.0,1.0,0,0,0
1780683025.8660758,0,0.3499999940395355,0,0,4,900,423158243,10,77,-20.929859161376953,-38.19996643066406,20.688722610473633,29.001888275146484,0,0,0.6000000238418579,1,0,0,0,0,8,0,0,0,8,99,1,-20.0,0.0,31.095516204833984,28.408123016357422,1.5,1,22,-1.0,0.0,1.0,0,0,0
1780683025.8855646,0,0.3499999940395355,0,0,4,900,423158243,11,77,0.0,0.0,20.270126342773438,28.56183624267578,0,0,0.6000000238418579,1,0,0,0,0,8,0,0,0,8,99,1,-20.0,0.0,30.69551658630371,28.40812110900879,1.5,1,22,-1.0,0.0,1.0,0,0,0
1780683025.9054224,0,0.3499999940395355,0,0,4,900,423158243,11,77,0.0,0.0,20.270126342773438,28.56184959411621,0,0,0.6000000238418579,1,0,0,0,0,8,0,0,0,8,99,1,-20.0,0.0,30.2955265045166,28.408123016357422,1.5,1,22,-1.0,0.0,1.0,0,0,0
1780683025.9257767,0,0.3499999940395355,0,0,4,900,423158243,11,77,0.0,0.0,20.270126342773438,28.561859130859375,0,0,0.6000000238418579,1,0,0,0,0,8,0,0,0,8,99,1,-20.0,0.0,29.89532470703125,28.40812110900879,1.5,1,22,-1.0,0.0,1.0,0,0,0
1780683025.945964,0,0.3499999940395355,0,0,4,900,423158243,11,77,0.0,0.0,20.270126342773438,28.561864852905273,0,0,0.6000000238418579,1,0,0,0,0,8,0,0,0,8,99,1,-20.0,0.0,29.49532699584961,28.40812110900879,1.5,1,22,-1.0,0.0,1.0,0,0,0
1780683025.9658024,0,0.3499999940395355,0,0,4,900,423158243,11,77,0.0,0.0,20.270126342773438,28.56186866760254,0,0,0.6000000238418579,1,0,0,0,0,8,0,0,0,8,99,1,-20.0,0.0,29.095523834228516,28.40812110900879,1.5,1,22,-1.0,0.0,1.0,0,0,0
1780683025.9864721,0,0.3499999940395355,0,0,4,900,423158243,11,77,0.0,0.0,20.270126342773438,28.561870574951172,0,0,0.6000000238418579,1,0,0,0,0,8,0,0,0,8,99,1,-20.0,0.0,28.695526123046875,28.40812110900879,1.5,1,22,-1.0,0.0,1.0,0,0,0
1780683026.0058806,0,0.3499999940395355,0,0,4,900,423158243,11,77,0.0,0.0,20.270126342773438,28.561870574951172,0,0,0.6000000238418579,1,0,0,0,0,8,0,0,0,8,99,1,-20.0,0.0,28.2955322265625,28.40812110900879,1.5,1,22,-1.0,0.0,1.0,0,0,0
1780683026.0255668,0,0.3499999940395355,0,0,4,900,423158243,11,77,0.0,0.0,20.270126342773438,28.561870574951172,0,0,0.6000000238418579,1,0,0,0,0,8,0,0,0,8,99,1,-20.0,0.0,27.89553451538086,28.40812110900879,1.5,1,22,-1.0,0.0,1.0,0,0,0
1780683026.0455987,0,0.3499999940395355,0,0,4,900,423158243,11,77,0.0,0.0,20.270126342773438,28.561870574951172,0,0,0.6000000238418579,1,0,0,0,0,8,0,0,0,8,99,1,-20.0,0.0,27.495534896850586,28.40812110900879,1.5,1,22,-1.0,0.0,1.0,0,0,0
1780683026.0656192,0,0.3499999940395355,0,0,4,900,423158243,11,77,0.0,0.0,20.270126342773438,28.561870574951172,0,0,0.6000000238418579,1,0,0,0,0,8,0,0,0,8,99,1,-20.0,0.0,27.095539093017578,28.408123016357422,1.5,1,22,-1.0,0.0,1.0,0,0,0
1780683026.0856016,0,0.3499999940395355,0,0,4,900,423158243,11,77,0.0,0.0,20.270126342773438,28.561870574951172,1,0,0.6000000238418579,0,0,0,0,0,8,0,0,0,8,99,1,-20.0,0.0,26.695539474487305,28.40812110900879,1.5,0,22,-1.0,0.0,1.0,0,0,0
1780683026.105796,0,0.3499999940395355,0,0,4,900,423158243,11,77,0.0,0.0,20.270126342773438,28.561870574951172,1,0,0.6000000238418579,0,0,0,0,0,8,0,0,0,8,99,1,-8.300000190734863,0.0,26.48944091796875,28.40812110900879,1.5,0,22,-1.0,0.0,0.0,0,0,0
1780683026.1261258,0,0.3499999940395355,0,0,4,900,423158243,69,77,0.0,0.0,20.270126342773438,28.561870574951172,1,0,0.6000000238418579,0,0,0,0,0,8,0,0,0,8,99,1,-8.300000190734863,0.0,26.323352813720703,28.40812110900879,1.5,0,22,-1.0,0.0,0.0,0,0,0
1780683026.14581,0,0.3499999940395355,0,0,4,900,423158243,69,77,0.0,0.0,20.270126342773438,28.561870574951172,1,0,0.6000000238418579,0,0,0,0,0,8,0,0,0,8,99,1,-8.300000190734863,0.0,26.1573486328125,28.408119201660156,1.5,0,22,-1.0,0.0,0.0,0,0,0
1780683026.1658974,0,0.3499999940395355,0,0,4,900,423158243,69,77,0.0,0.0,20.270126342773438,28.561870574951172,1,0,0.6000000238418579,0,0,0,0,0,8,0,0,0,8,99,1,-8.300000190734863,0.0,25.991430282592773,28.40812110900879,1.5,0,22,-1.0,0.0,0.0,0,0,0
1780683026.185825,0,0.3499999940395355,0,0,4,900,423158243,69,77,0.0,0.0,20.270126342773438,28.561870574951172,1,0,0.6000000238418579,0,0,0,0,0,8,0,0,0,8,99,1,-8.300000190734863,0.0,25.82543182373047,28.40812110900879,1.5,0,22,-1.0,0.0,0.0,0,0,0
1780683026.2057579,0,0.3499999940395355,0,0,4,900,423158243,69,77,0.0,0.0,20.270126342773438,28.561870574951172,1,0,0.6000000238418579,0,0,0,0,0,8,0,0,0,8,99,1,-8.300000190734863,0.0,25.659345626831055,28.40812110900879,1.5,0,22,-1.0,0.0,0.0,0,0,0
1780683026.22574,0,0.3499999940395355,0,0,4,900,423158243,69,77,0.0,0.0,20.270126342773438,28.561870574951172,1,0,0.6000000238418579,0,0,0,0,0,8,0,0,0,8,99,1,-8.300000190734863,0.0,25.493345260620117,28.40812110900879,1.5,0,22,-1.0,0.0,0.0,0,0,0
1780683026.245686,0,0.3499999940395355,0,0,4,900,423158243,69,77,0.0,0.0,20.270126342773438,28.561870574951172,1,0,0.6000000238418579,0,0,0,0,0,8,0,0,0,8,99,1,-8.300000190734863,0.0,25.327342987060547,28.40812110900879,1.5,0,22,-1.0,0.0,0.0,0,0,0
1780683026.2661824,0,0.3499999940395355,0,0,4,900,423158243,69,77,0.0,0.0,20.270126342773438,28.561870574951172,1,0,0.6000000238418579,0,0,0,0,0,8,0,0,0,8,99,1,-8.300000190734863,0.0,25.161344528198242,28.40812110900879,1.5,0,22,-1.0,0.0,0.0,0,0,0
1780683026.2854939,0,0.3499999940395355,0,0,4,900,423158243,69,77,0.0,0.0,20.270126342773438,28.561870574951172,1,0,0.6000000238418579,0,0,0,0,0,8,0,0,0,8,99,1,-8.300000190734863,0.0,24.995426177978516,28.408123016357422,1.5,0,22,-1.0,0.0,0.0,0,0,0
1780683026.3053489,0,0.3499999940395355,0,0,4,900,423158243,69,77,0.0,0.0,20.270126342773438,28.561870574951172,1,0,0.6000000238418579,0,0,0,0,0,8,0,0,0,8,99,1,-8.300000190734863,0.0,24.82942771911621,28.40812110900879,1.5,0,22,-1.0,0.0,0.0,0,0,0
1780683026.3256571,0,0.3499999940395355,0,0,4,900,423158243,69,77,0.0,0.0,20.270126342773438,28.561870574951172,1,0,0.6000000238418579,0,0,0,0,0,8,0,0,0,8,99,1,-8.300000190734863,0.0,24.663427352905273,28.40812110900879,1.5,0,22,-1.0,0.0,0.0,0,0,0
1780683026.3457174,0,0.3499999940395355,0,0,4,900,423158243,69,77,0.0,0.0,20.270126342773438,28.561870574951172,1,0,0.6000000238418579,0,0,0,0,0,8,0,0,0,8,99,1,-8.300000190734863,0.0,24.49742889404297,28.40812110900879,1.5,0,22,-1.0,0.0,0.0,0,0,0
1780683026.3655598,0,0.3499999940395355,0,0,4,900,423158243,69,77,0.0,0.0,20.270126342773438,28.561870574951172,1,0,0.6000000238418579,0,0,0,0,0,8,0,0,0,8,99,1,-8.300000190734863,0.0,24.33142852783203,28.40812110900879,1.5,0,22,-1.0,0.0,0.0,0,0,0
1780683026.3857365,0,0.3499999940395355,0,0,4,900,423158243,45,77,8.0,0.0,20.270126342773438,28.561870574951172,1,0,0.6000000238418579,0,0,0,0,0,8,0,0,0,8,99,1,-8.300000190734863,0.0,24.165430068969727,28.40812110900879,1.5,0,22,-1.0,0.0,0.0,0,0,0
1780683026.405705,0,0.3499999940395355,0,0,4,900,423158243,45,77,8.0,0.0,20.430126190185547,28.561870574951172,1,0,0.6000000238418579,0,0,0,0,0,8,0,0,0,8,99,1,-8.300000190734863,0.0,23.999347686767578,28.408119201660156,1.5,0,22,-1.0,0.0,0.0,0,0,0
1780683026.425669,0,0.3499999940395355,0,0,4,900,423158243,45,77,8.0,0.0,20.590126037597656,28.561870574951172,1,0,0.6000000238418579,0,0,0,0,0,8,0,0,0,8,99,1,-8.300000190734863,0.0,23.83334732055664,28.40812110900879,1.5,0,22,-1.0,0.0,0.0,0,0,0
1780683026.4458241,0,0.3499999940395355,0,0,4,900,423158243,45,77,8.0,0.0,20.750125885009766,28.561870574951172,1,0,0.6000000238418579,0,0,0,0,0,8,0,0,0,8,99,1,-8.300000190734863,0.0,23.6673526763916,28.40812110900879,1.5,0,22,-1.0,0.0,0.0,0,0,1
1780683026.4663703,0,0.3499999940395355,1,0,4,900,423158243,45,77,8.0,0.0,20.910125732421875,28.561870574951172,0,0,0.6000000238418579,0,0,0,0,0,8,0,1,0,8,99,1,-8.300000190734863,0.0,23.501354217529297,28.40812110900879,1.5,0,22,-1.0,0.0,0.0,0,0,1
1780683026.4856822,0,0.3499999940395355,1,0,4,900,423158243,45,77,8.0,0.0,21.070125579833984,28.561870574951172,0,0,0.6000000238418579,0,0,0,0,0,8,0,1,0,8,99,1,-8.300000190734863,0.0,23.335432052612305,28.40812110900879,1.5,0,22,-1.0,0.0,0.0,0,0,1
1780683026.9786367,0,0.3499999940395355,1,0,4,900,423158243,45,77,8.0,0.0,21.070125579833984,28.561870574951172,0,0,0.6000000238418579,0,0,0,0,0,8,0,1,0,8,99,1,3.75,0.0,23.169437408447266,28.40812110900879,1.5,0,33,1.0,0.0,0.0,0,0,0
1780683026.99801,0,0.3499999940395355,1,0,4,900,423158243,45,77,8.0,0.0,21.070125579833984,28.561870574951172,0,0,0.6000000238418579,0,0,0,0,0,8,0,1,0,8,99,1,3.75,0.0,23.203125,28.40812110900879,1.5,0,33,0.0,0.0,0.0,0,0,0
1780683027.017242,0,0.3499999940395355,1,0,4,900,423158243,45,77,8.0,0.0,21.070125579833984,28.561870574951172,0,0,0.6000000238418579,0,0,0,0,0,8,0,1,0,8,99,1,3.75,0.0,23.278125762939453,28.40812110900879,1.5,0,33,0.0,0.0,0.0,0,0,0
1780683027.0361135,0,0.3499999940395355,1,0,4,900,423158243,45,77,8.0,0.0,21.070125579833984,28.561870574951172,0,0,0.6000000238418579,0,0,0,0,0,8,0,1,0,8,99,1,3.75,0.0,23.35312271118164,28.40812110900879,1.5,0,33,0.0,0.0,0.0,0,0,0
1780683027.0557842,0,0.3499999940395355,1,0,4,900,423158243,45,77,8.0,0.0,21.070125579833984,28.561870574951172,1,0,0.6000000238418579,0,0,0,0,0,8,0,1,0,8,99,1,3.75,0.0,23.428125381469727,28.40812110900879,1.5,0,33,0.0,0.0,0.0,0,0,0
1780683027.0761662,0,0.3499999940395355,1,0,4,900,423158243,45,77,8.0,0.0,21.070125579833984,28.561870574951172,1,0,0.6000000238418579,0,0,0,0,0,8,0,1,0,8,99,1,3.75,0.0,23.50312614440918,28.408119201660156,1.5,0,33,0.0,0.0,0.0,0,0,0
1780683027.0962355,0,0.3499999940395355,1,0,4,900,423158243,45,77,8.0,0.0,21.070125579833984,28.561870574951172,1,0,0.6000000238418579,0,0,0,0,0,8,0,1,0,8,99,1,3.75,0.0,23.578126907348633,28.40812110900879,1.5,0,33,0.0,0.0,0.0,0,0,0
1780683027.1161792,0,0.3499999940395355,1,0,4,900,423158243,45,77,8.0,0.0,21.070125579833984,28.561870574951172,1,0,0.6000000238418579,0,0,0,0,0,8,0,1,0,8,99,1,3.75,0.0,23.653127670288086,28.40812110900879,1.5,0,33,0.0,0.0,0.0,0,0,0
1780683027.1359096,0,0.3499999940395355,1,0,4,900,423158243,45,77,8.0,0.0,21.070125579833984,28.561870574951172,1,0,0.6000000238418579,0,0,0,0,0,8,0,1,0,8,99,1,3.75,0.0,23.728130340576172,28.40812110900879,1.5,0,33,0.0,0.0,0.0,0,0,0
1780683027.1558583,0,0.3499999940395355,1,0,4,900,423158243,45,77,8.0,0.0,21.070125579833984,28.561870574951172,1,0,0.6000000238418579,0,0,0,0,0,8,0,1,0,8,99,1,3.75,0.0,23.803129196166992,28.40812110900879,1.5,0,33,0.0,0.0,0.0,0,0,0
1780683027.1756012,0,0.3499999940395355,1,0,4,900,423158243,45,77,8.0,0.0,21.070125579833984,28.561870574951172,1,0,0.6000000238418579,0,0,0,0,0,8,0,1,0,8,99,1,0.0,0.0,23.81598663330078,28.40812110900879,1.5,0,33,0.0,0.0,0.0,0,0,0
1780683027.1957426,0,0.3499999940395355,1,0,4,900,423158243,45,77,8.0,0.0,21.070125579833984,28.561870574951172,1,0,0.6000000238418579,0,0,0,0,0,8,0,1,0,8,99,1,0.0,0.0,23.81598663330078,28.408119201660156,1.5,0,33,0.0,0.0,0.0,0,0,0
1780683027.216013,0,0.3499999940395355,1,0,4,900,423158243,45,77,8.0,0.0,21.070125579833984,28.561870574951172,1,0,0.6000000238418579,0,0,0,0,0,8,0,1,0,8,99,1,0.0,0.0,23.81598663330078,28.40812110900879,1.5,0,33,0.0,0.0,0.0,0,0,0
1780683027.236004,0,0.3499999940395355,1,0,4,900,423158243,45,77,8.0,0.0,21.070125579833984,28.561870574951172,1,0,0.6000000238418579,0,0,0,0,0,8,0,1,0,8,99,1,0.0,0.0,23.81598663330078,28.40812110900879,1.5,0,33,0.0,0.0,0.0,0,0,0
1780683027.2558327,0,0.3499999940395355,1,0,4,900,423158243,45,77,8.0,0.0,21.070125579833984,28.561870574951172,1,0,0.6000000238418579,0,0,0,0,0,8,0,1,0,8,99,1,0.0,0.0,23.81598663330078,28.40812110900879,1.5,0,33,0.0,0.0,0.0,0,0,0
1780683027.2758296,0,0.3499999940395355,1,0,4,900,423158243,45,77,8.0,0.0,21.070125579833984,28.561870574951172,1,0,0.6000000238418579,0,0,0,0,0,8,0,1,0,8,99,1,0.0,0.0,23.81598663330078,28.408119201660156,1.5,0,33,0.0,0.0,0.0,0,0,0
1780683027.2958817,0,0.3499999940395355,0,0,4,900,423158243,45,77,8.0,0.0,21.070125579833984,28.561870574951172,1,0,0.6000000238418579,0,0,0,0,0,8,0,0,0,8,99,1,0.0,0.0,23.81598663330078,28.408123016357422,1.5,0,33,0.0,0.0,0.0,0,0,0
1780683027.3161263,0,0.3499999940395355,0,0,4,900,423158243,45,77,8.0,0.0,21.070125579833984,28.561870574951172,1,0,0.6000000238418579,0,0,0,0,0,8,0,0,0,8,99,1,0.0,0.0,23.81598663330078,28.40812110900879,1.5,0,33,0.0,0.0,0.0,0,0,0
1780683027.3357668,0,0.3499999940395355,0,0,4,900,423158243,45,77,8.0,0.0,21.070125579833984,28.561870574951172,1,0,0.6000000238418579,0,0,0,0,0,8,0,0,0,8,99,1,0.0,0.0,23.81598663330078,28.40812110900879,1.5,0,33,0.0,0.0,0.0,0,0,0
1780683027.3559337,0,0.3499999940395355,0,0,4,900,423158243,45,77,8.0,0.0,21.070125579833984,28.561870574951172,1,0,0.6000000238418579,0,0,0,0,0,8,0,0,0,8,99,1,0.0,0.0,23.81598663330078,28.40812110900879,1.5,0,33,0.0,0.0,0.0,0,0,0
1780683027.3758187,0,0.3499999940395355,0,0,4,900,423158243,45,77,8.0,0.0,21.070125579833984,28.561870574951172,1,0,0.6000000238418579,0,0,0,0,0,8,0,0,0,8,99,1,0.0,0.0,23.81598663330078,28.40812110900879,1.5,0,33,0.0,0.0,0.0,0,0,0
1780683027.3957694,0,0.3499999940395355,0,0,4,900,423158243,45,77,8.0,0.0,21.070125579833984,28.561870574951172,1,0,0.6000000238418579,0,0,0,0,0,8,0,0,0,8,99,1,0.0,0.0,23.81598663330078,28.408123016357422,1.5,0,33,0.0,0.0,0.0,0,0,0
1780683027.4156184,0,0.3499999940395355,0,0,4,900,423158243,45,77,8.0,0.0,21.070125579833984,28.561870574951172,1,0,0.6000000238418579,0,0,0,0,0,8,0,0,0,8,99,1,0.0,0.0,23.81598663330078,28.40812110900879,1.5,0,33,0.0,0.0,0.0,0,0,0
1780683027.435526,0,0.3499999940395355,0,0,4,900,423158243,45,77,8.0,0.0,21.070125579833984,28.561870574951172,1,0,0.6000000238418579,0,0,0,0,0,8,0,0,0,8,99,1,0.0,0.0,23.81598663330078,28.40812110900879,1.5,0,33,0.0,0.0,0.0,0,0,0
1780683027.455784,0,0.3499999940395355,0,0,4,900,423158243,45,77,8.0,0.0,21.070125579833984,28.561870574951172,1,0,0.6000000238418579,0,0,0,0,0,8,0,0,0,8,99,1,0.0,0.0,23.81598663330078,28.408123016357422,1.5,0,33,0.0,0.0,0.0,0,0,0
1780683027.4757993,0,0.3499999940395355,0,0,4,900,423158243,45,77,8.0,0.0,21.070125579833984,28.561870574951172,1,0,0.6000000238418579,0,0,0,0,0,8,0,0,0,8,99,1,0.0,0.0,23.81598663330078,28.408123016357422,1.5,0,33,0.0,0.0,0.0,0,0,0
1780683027.496093,0,0.3499999940395355,0,0,4,900,423158243,45,77,8.0,0.0,21.070125579833984,28.561870574951172,1,0,0.6000000238418579,0,0,0,0,0,8,0,0,0,8,99,1,0.0,0.0,23.81598663330078,28.40812110900879,1.5,0,33,0.0,0.0,0.0,0,0,0
1780683027.5166178,0,0.3499999940395355,0,0,4,900,423158243,45,77,8.0,0.0,21.070125579833984,28.561870574951172,1,0,0.6000000238418579,0,0,0,0,0,8,0,0,0,8,99,1,0.0,0.0,23.81598663330078,28.408123016357422,1.5,0,33,0.0,0.0,0.0,0,0,0
1780683027.5363274,0,0.3499999940395355,0,0,4,900,423158243,45,77,8.0,0.0,21.070125579833984,28.561870574951172,1,0,0.6000000238418579,0,0,0,0,0,8,0,0,0,8,99,1,0.0,0.0,23.81598663330078,28.40812110900879,1.5,0,33,0.0,0.0,0.0,0,0,0
1780683027.5564055,0,0.3499999940395355,0,0,4,900,423158243,45,77,8.0,0.0,21.070125579833984,28.561870574951172,1,0,0.6000000238418579,0,0,0,0,0,8,0,0,0,8,99,1,0.0,0.0,23.81598663330078,28.40812110900879,1.5,0,33,0.0,0.0,0.0,0,0,0
1780683027.576151,0,0.3499999940395355,0,0,4,900,423158243,45,77,8.0,0.0,21.070125579833984,28.561870574951172,1,0,0.6000000238418579,0,0,0,0,0,8,0,0,0,8,99,1,0.0,0.0,23.81598663330078,28.40812110900879,1.5,0,33,0.0,0.0,0.0,0,0,0
1780683027.5961506,0,0.3499999940395355,0,0,4,900,423158243,45,77,8.0,0.0,21.070125579833984,28.561870574951172,1,0,0.6000000238418579,0,0,0,0,0,8,0,0,0,8,99,1,0.0,0.0,23.81598663330078,28.408123016357422,1.5,0,33,0.0,0.0,0.0,0,0,0
1780683027.616351,0,0.3499999940395355,0,0,4,900,423158243,45,77,8.0,0.0,21.070125579833984,28.561870574951172,1,0,0.6000000238418579,0,0,0,0,0,8,0,0,0,8,99,1,0.0,0.0,23.81598663330078,28.40812110900879,1.5,0,33,0.0,0.0,0.0,0,0,0
1780683027.6361907,0,0.3499999940395355,0,0,4,900,423158243,45,77,8.0,0.0,21.070125579833984,28.561870574951172,1,0,0.6000000238418579,0,0,0,0,0,8,0,0,0,8,99,1,0.0,0.0,23.81598663330078,28.40812110900879,1.5,0,33,0.0,0.0,0.0,0,0,0
1780683027.656104,0,0.3499999940395355,0,0,4,900,423158243,45,77,8.0,0.0,21.070125579833984,28.561870574951172,1,0,0.6000000238418579,0,0,0,0,0,8,0,0,0,8,99,1,0.0,0.0,23.81598663330078,28.40812110900879,1.5,0,33,0.0,0.0,0.0,0,0,0
1780683027.6759186,0,0.3499999940395355,0,0,4,900,423158243,45,77,8.0,0.0,21.070125579833984,28.561870574951172,1,0,0.6000000238418579,0,0,0,0,0,8,0,0,0,8,99,1,0.0,0.0,23.81598663330078,28.40812110900879,1.5,0,33,0.0,0.0,0.0,0,0,0
1780683027.6961045,0,0.3499999940395355,0,0,4,900,423158243,45,77,8.0,0.0,21.070125579833984,28.561870574951172,1,0,0.6000000238418579,0,0,0,0,0,8,0,0,0,8,99,1,0.0,0.0,23.81598663330078,28.40812110900879,1.5,0,33,0.0,0.0,0.0,0,0,0
1780683027.716199,0,0.3499999940395355,0,0,4,900,423158243,45,77,8.0,0.0,21.070125579833984,28.561870574951172,1,0,0.6000000238418579,0,0,0,0,0,8,0,0,0,8,99,1,0.0,0.0,23.81598663330078,28.40812110900879,1.5,0,33,0.0,0.0,0.0,0,0,0
1780683027.735957,0,0.3499999940395355,0,0,4,900,423158243,45,77,8.0,0.0,21.070125579833984,28.561870574951172,1,0,0.6000000238418579,0,0,0,0,0,8,0,0,0,8,99,1,0.0,0.0,23.81598663330078,28.408123016357422,1.5,0,33,0.0,0.0,0.0,0,0,0
1780683027.7556853,0,0.3499999940395355,0,0,4,900,423158243,45,77,8.0,0.0,21.070125579833984,28.561870574951172,1,0,0.6000000238418579,0,0,0,0,0,8,0,0,0,8,99,1,0.0,0.0,23.81598663330078,28.40812110900879,1.5,0,33,0.0,0.0,0.0,0,0,0
1780683027.7759206,0,0.3499999940395355,0,0,4,900,423158243,45,77,8.0,0.0,21.070125579833984,28.561870574951172,1,0,0.6000000238418579,0,0,0,0,0,8,0,0,0,8,99,1,0.0,0.0,23.81598663330078,28.40812110900879,1.5,0,33,0.0,0.0,0.0,0,0,0
1780683027.7958848,0,0.3499999940395355,0,0,4,900,423158243,45,77,8.0,0.0,21.070125579833984,28.561870574951172,1,0,0.6000000238418579,0,0,0,0,0,8,0,0,0,8,99,1,0.0,0.0,23.81598663330078,28.408123016357422,1.5,0,33,0.0,0.0,0.0,0,0,0
1780683027.8160079,0,0.3499999940395355,0,0,4,900,423158243,45,77,8.0,0.0,21.070125579833984,28.561870574951172,1,0,0.6000000238418579,0,0,0,0,0,8,0,0,0,8,99,1,0.0,0.0,23.81598663330078,28.40812110900879,1.5,0,33,0.0,0.0,0.0,0,0,0
1780683027.8356504,0,0.3499999940395355,0,0,4,900,423158243,45,77,8.0,0.0,21.070125579833984,28.561870574951172,1,0,0.6000000238418579,0,0,0,0,0,8,0,0,0,8,99,1,0.0,0.0,23.81598663330078,28.40812110900879,1.5,0,33,0.0,0.0,0.0,0,0,0
1780683027.855888,0,0.3499999940395355,0,0,4,900,423158243,45,77,8.0,0.0,21.070125579833984,28.561870574951172,1,0,0.6000000238418579,0,0,0,0,0,8,0,0,0,8,99,1,0.0,0.0,23.81598663330078,28.40812110900879,1.5,0,33,0.0,0.0,0.0,0,0,0
1780683027.875884,0,0.3499999940395355,0,0,4,900,423158243,45,77,8.0,0.0,21.070125579833984,28.561870574951172,1,0,0.6000000238418579,0,0,0,0,0,8,0,0,0,8,99,1,0.0,0.0,23.81598663330078,28.40812110900879,1.5,0,33,0.0,0.0,0.0,0,0,0
1780683027.8959095,0,0.3499999940395355,0,0,4,900,423158243,45,77,8.0,0.0,21.070125579833984,28.561870574951172,1,0,0.6000000238418579,0,0,0,0,0,8,0,0,0,8,99,1,0.0,0.0,23.81598663330078,28.40812110900879,1.5,0,33,0.0,0.0,0.0,0,0,0
1780683027.9161541,0,0.3499999940395355,0,0,4,900,423158243,45,77,8.0,0.0,21.070125579833984,28.561870574951172,1,0,0.6000000238418579,0,0,0,0,0,8,0,0,0,8,99,1,0.0,0.0,23.81598663330078,28.40812110900879,1.5,0,33,0.0,0.0,0.0,0,0,0
1780683027.9380176,0,0.3499999940395355,0,0,4,900,423158243,45,77,8.0,0.0,21.070125579833984,28.561870574951172,1,0,0.6000000238418579,0,0,0,0,0,8,0,0,0,8,99,1,0.0,0.0,23.81598663330078,28.40812110900879,1.5,0,33,0.0,0.0,0.0,0,0,0
1780683027.9574902,0,0.3499999940395355,0,0,4,900,423158243,45,77,8.0,0.0,21.070125579833984,28.561870574951172,1,0,0.6000000238418579,0,0,0,0,0,8,0,0,0,8,99,1,0.0,0.0,23.81598663330078,28.40812110900879,1.5,0,33,0.0,0.0,0.0,0,0,0
1780683027.9769785,0,0.3499999940395355,0,0,4,900,423158243,45,77,8.0,0.0,21.070125579833984,28.561870574951172,1,0,0.6000000238418579,0,0,0,0,0,8,0,0,0,8,99,1,0.0,0.0,23.81598663330078,28.40812110900879,1.5,0,33,0.0,0.0,0.0,0,0,0
1780683027.996261,0,0.3499999940395355,0,0,4,900,423158243,45,77,8.0,0.0,21.070125579833984,28.561870574951172,1,0,0.6000000238418579,0,0,0,0,0,8,0,0,0,8,99,1,0.0,0.0,23.81598663330078,28.40812110900879,1.5,0,33,0.0,0.0,0.0,0,0,0
1780683028.0159707,0,0.3499999940395355,0,0,4,900,423158243,45,77,8.0,0.0,21.070125579833984,28.561870574951172,1,0,0.6000000238418579,0,0,0,0,0,8,0,0,0,8,99,1,0.0,0.0,23.81598663330078,28.40812110900879,1.5,0,33,0.0,0.0,0.0,0,0,0
1780683028.035642,0,0.3499999940395355,0,0,4,900,423158243,45,77,8.0,0.0,21.070125579833984,28.561870574951172,1,0,0.6000000238418579,0,0,0,0,0,8,0,0,0,8,99,1,0.0,0.0,23.81598663330078,28.40812110900879,1.5,0,33,0.0,0.0,0.0,0,0,0
1780683028.0556517,0,0.3499999940395355,0,0,4,900,423158243,45,77,8.0,0.0,21.070125579833984,28.561870574951172,1,0,0.6000000238418579,0,0,0,0,0,8,0,0,0,8,99,1,0.0,0.0,23.81598663330078,28.40812110900879,1.5,0,33,0.0,0.0,0.0,0,0,0
1780683028.07589,0,0.3499999940395355,0,0,4,900,423158243,45,77,8.0,0.0,21.070125579833984,28.561870574951172,1,0,0.6000000238418579,0,0,0,0,0,8,0,0,0,8,99,1,0.0,0.0,23.81598663330078,28.40812110900879,1.5,0,33,0.0,0.0,0.0,0,0,0
1780683028.09561,0,0.3499999940395355,0,0,4,900,423158243,45,77,8.0,0.0,21.070125579833984,28.561870574951172,1,0,0.6000000238418579,0,0,0,0,0,8,0,0,0,8,99,1,0.0,0.0,23.81598663330078,28.408119201660156,1.5,0,33,0.0,0.0,0.0,0,0,0
1780683028.1161215,0,0.3499999940395355,0,0,4,900,423158243,45,77,8.0,0.0,21.070125579833984,28.561870574951172,1,0,0.6000000238418579,0,0,0,0,0,8,0,0,0,8,99,1,0.0,0.0,23.81598663330078,28.40812110900879,1.5,0,33,0.0,0.0,0.0,0,0,0
1780683028.1358657,0,0.3499999940395355,0,0,4,900,423158243,45,77,8.0,0.0,21.070125579833984,28.561870574951172,1,0,0.6000000238418579,0,0,0,0,0,8,0,0,0,8,99,1,0.0,0.0,23.81598663330078,28.40812110900879,1.5,0,33,0.0,0.0,0.0,0,0,0
1780683028.1555533,0,0.3499999940395355,0,0,4,900,423158243,45,77,8.0,0.0,21.070125579833984,28.561870574951172,1,0,0.6000000238418579,0,0,0,0,0,8,0,0,0,8,99,1,0.0,0.0,23.81598663330078,28.40812110900879,1.5,0,33,0.0,0.0,0.0,0,0,0
1780683028.1760206,0,0.3499999940395355,0,0,4,900,423158243,45,77,8.0,0.0,21.070125579833984,28.561870574951172,1,0,0.6000000238418579,0,0,0,0,0,8,0,0,0,8,99,1,0.0,0.0,23.81598663330078,28.40812110900879,1.5,0,33,0.0,0.0,0.0,0,0,0
1780683028.1959066,0,0.3499999940395355,0,0,4,900,423158243,45,77,8.0,0.0,21.070125579833984,28.561870574951172,1,0,0.6000000238418579,0,0,0,0,0,8,0,0,0,8,99,1,0.0,0.0,23.81598663330078,28.408119201660156,1.5,0,33,0.0,0.0,0.0,0,0,0
1780683028.2156928,0,0.3499999940395355,0,0,4,900,423158243,45,77,8.0,0.0,21.070125579833984,28.561870574951172,1,0,0.6000000238418579,0,0,0,0,0,8,0,0,0,8,99,1,0.0,0.0,23.81598663330078,28.40812110900879,1.5,0,33,0.0,0.0,0.0,0,0,0
1780683028.2358766,0,0.3499999940395355,0,0,4,900,423158243,45,77,8.0,0.0,21.070125579833984,28.561870574951172,1,0,0.6000000238418579,0,0,0,0,0,8,0,0,0,8,99,1,0.0,0.0,23.81598663330078,28.408119201660156,1.5,0,33,0.0,0.0,0.0,0,0,0
1780683028.255715,0,0.3499999940395355,0,0,4,900,423158243,45,77,8.0,0.0,21.070125579833984,28.561870574951172,1,0,0.6000000238418579,0,0,0,0,0,8,0,0,0,8,99,1,0.0,0.0,23.81598663330078,28.40812110900879,1.5,0,33,0.0,0.0,0.0,0,0,0
1780683028.2758303,0,0.3499999940395355,0,0,4,900,423158243,45,77,8.0,0.0,21.070125579833984,28.561870574951172,1,0,0.6000000238418579,0,0,0,0,0,8,0,0,0,8,99,1,0.0,0.0,23.81598663330078,28.40812110900879,1.5,0,33,0.0,0.0,0.0,0,0,0
1780683028.2958689,0,0.3499999940395355,0,0,4,900,423158243,45,77,8.0,0.0,21.070125579833984,28.561870574951172,1,0,0.6000000238418579,0,0,0,0,0,8,0,0,0,8,99,1,0.0,0.0,23.81598663330078,28.40812110900879,1.5,0,33,0.0,0.0,0.0,0,0,0
1780683028.3156257,0,0.3499999940395355,0,0,4,900,423158243,45,77,8.0,0.0,21.070125579833984,28.561870574951172,1,0,0.6000000238418579,0,0,0,0,0,8,0,0,0,8,99,1,0.0,0.0,23.81598663330078,28.40812110900879,1.5,0,33,0.0,0.0,0.0,0,0,0
1780683028.33568,0,0.3499999940395355,0,0,4,900,423158243,45,77,8.0,0.0,21.070125579833984,28.561870574951172,1,0,0.6000000238418579,0,0,0,0,0,8,0,0,0,8,99,1,0.0,0.0,23.81598663330078,28.40812110900879,1.5,0,33,0.0,0.0,0.0,0,0,0
1780683028.3556132,0,0.3499999940395355,0,0,4,900,423158243,45,77,8.0,0.0,21.070125579833984,28.561870574951172,1,0,0.6000000238418579,0,0,0,0,0,8,0,0,0,8,99,1,0.0,0.0,23.81598663330078,28.40812110900879,1.5,0,33,0.0,0.0,0.0,0,0,0
1780683028.3758178,0,0.3499999940395355,0,0,4,900,423158243,45,77,8.0,0.0,21.070125579833984,28.561870574951172,1,0,0.6000000238418579,0,0,0,0,0,8,0,0,0,8,99,1,0.0,0.0,23.81598663330078,28.40812110900879,1.5,0,33,0.0,0.0,0.0,0,0,0
1780683028.39609,0,0.3499999940395355,0,0,4,900,423158243,45,77,8.0,0.0,21.070125579833984,28.561870574951172,1,0,0.6000000238418579,0,0,0,0,0,8,0,0,0,8,99,1,0.0,0.0,23.81598663330078,28.408119201660156,1.5,0,33,0.0,0.0,0.0,0,0,0
1780683028.41576,0,0.3499999940395355,0,0,4,900,423158243,45,77,8.0,0.0,21.070125579833984,28.561870574951172,1,0,0.6000000238418579,0,0,0,0,0,8,0,0,0,8,99,1,0.0,0.0,23.81598663330078,28.40812110900879,1.5,0,33,0.0,0.0,0.0,0,0,0
1780683028.435636,0,0.3499999940395355,0,0,4,900,423158243,45,77,8.0,0.0,21.070125579833984,28.561870574951172,1,0,0.6000000238418579,0,0,0,0,0,8,0,0,0,8,99,1,0.0,0.0,23.81598663330078,28.408119201660156,1.5,0,33,0.0,0.0,0.0,0,0,0
1780683028.4557707,0,0.3499999940395355,0,0,4,900,423158243,45,77,8.0,0.0,21.070125579833984,28.561870574951172,1,0,0.6000000238418579,0,0,0,0,0,8,0,0,0,8,99,1,0.0,0.0,23.81598663330078,28.40812110900879,1.5,0,33,0.0,0.0,0.0,0,0,0
1780683028.475976,0,0.3499999940395355,0,0,4,900,423158243,45,77,8.0,0.0,21.070125579833984,28.561870574951172,1,0,0.6000000238418579,0,0,0,0,0,8,0,0,0,8,99,1,0.0,0.0,23.81598663330078,28.40812110900879,1.5,0,33,0.0,0.0,0.0,0,0,0
1780683028.495849,0,0.3499999940395355,0,0,4,900,423158243,45,77,8.0,0.0,21.070125579833984,28.561870574951172,1,0,0.6000000238418579,0,0,0,0,0,8,0,0,0,8,99,1,0.0,0.0,23.81598663330078,28.40812110900879,1.5,0,33,0.0,0.0,0.0,0,0,0
1780683028.515873,0,0.3499999940395355,0,0,4,900,423158243,45,77,8.0,0.0,21.070125579833984,28.561870574951172,1,0,0.6000000238418579,0,0,0,0,0,8,0,0,0,8,99,1,0.0,0.0,23.81598663330078,28.40812110900879,1.5,0,33,0.0,0.0,0.0,0,0,0
1780683028.5354862,0,0.3499999940395355,0,0,4,900,423158243,45,77,8.0,0.0,21.070125579833984,28.561870574951172,1,0,0.6000000238418579,0,0,0,0,0,8,0,0,0,8,99,1,0.0,0.0,23.81598663330078,28.408123016357422,1.5,0,33,0.0,0.0,0.0,0,0,0
1780683028.555662,0,0.3499999940395355,0,0,4,900,423158243,45,77,8.0,0.0,21.070125579833984,28.561870574951172,1,0,0.6000000238418579,0,0,0,0,0,8,0,0,0,8,99,1,0.0,0.0,23.81598663330078,28.408123016357422,1.5,0,33,0.0,0.0,0.0,0,0,0
1780683028.5757232,0,0.3499999940395355,0,0,4,900,423158243,45,77,8.0,0.0,21.070125579833984,28.561870574951172,1,0,0.6000000238418579,0,0,0,0,0,8,0,0,0,8,99,1,0.0,0.0,23.81598663330078,28.40812110900879,1.5,0,33,0.0,0.0,0.0,0,0,0
1780683028.5958052,0,0.3499999940395355,0,0,4,900,423158243,45,77,8.0,0.0,21.070125579833984,28.561870574951172,1,0,0.6000000238418579,0,0,0,0,0,8,0,0,0,8,99,1,0.0,0.0,23.81598663330078,28.40812110900879,1.5,0,33,0.0,0.0,0.0,0,0,0
1780683028.616002,0,0.3499999940395355,0,0,4,900,423158243,45,77,8.0,0.0,21.070125579833984,28.561870574951172,1,0,0.6000000238418579,0,0,0,0,0,8,0,0,0,8,99,1,0.0,0.0,23.81598663330078,28.40812110900879,1.5,0,33,0.0,0.0,0.0,0,0,0
1780683028.6358898,0,0.3499999940395355,0,0,4,900,423158243,45,77,8.0,0.0,21.070125579833984,28.561870574951172,1,0,0.6000000238418579,0,0,0,0,0,8,0,0,0,8,99,1,0.0,0.0,23.81598663330078,28.40812110900879,1.5,0,33,0.0,0.0,0.0,0,0,0
1780683028.6555748,0,0.3499999940395355,0,0,4,900,423158243,45,77,8.0,0.0,21.070125579833984,28.561870574951172,1,0,0.6000000238418579,0,0,0,0,0,8,0,0,0,8,99,1,0.0,0.0,23.81598663330078,28.40812110900879,1.5,0,33,0.0,0.0,0.0,0,0,0
1780683028.6758587,0,0.3499999940395355,0,0,4,900,423158243,45,77,8.0,0.0,21.070125579833984,28.561870574951172,1,0,0.6000000238418579,0,0,0,0,0,8,0,0,0,8,99,1,0.0,0.0,23.81598663330078,28.40812110900879,1.5,0,33,0.0,0.0,0.0,0,0,0
1780683028.6959689,0,0.3499999940395355,0,0,4,900,423158243,45,77,8.0,0.0,21.070125579833984,28.561870574951172,1,0,0.6000000238418579,0,0,0,0,0,8,0,0,0,8,99,1,0.0,0.0,23.81598663330078,28.40812110900879,1.5,0,33,0.0,0.0,0.0,0,0,0
1780683028.7156923,0,0.3499999940395355,0,0,4,900,423158243,45,77,8.0,0.0,21.070125579833984,28.561870574951172,1,0,0.6000000238418579,0,0,0,0,0,8,0,0,0,8,99,1,0.0,0.0,23.81598663330078,28.40812110900879,1.5,0,33,0.0,0.0,0.0,0,0,0
1780683028.7356286,0,0.3499999940395355,0,0,4,900,423158243,45,77,8.0,0.0,21.070125579833984,28.561870574951172,1,0,0.6000000238418579,0,0,0,0,0,8,0,0,0,8,99,1,0.0,0.0,23.81598663330078,28.40812110900879,1.5,0,33,0.0,0.0,0.0,0,0,0
1780683028.7553227,0,0.3499999940395355,0,0,4,900,423158243,45,77,8.0,0.0,21.070125579833984,28.561870574951172,1,0,0.6000000238418579,0,0,0,0,0,8,0,0,0,8,99,1,0.0,0.0,23.81598663330078,28.40812110900879,1.5,0,33,0.0,0.0,0.0,0,0,0
1780683028.7758946,0,0.3499999940395355,0,0,4,900,423158243,45,77,8.0,0.0,21.070125579833984,28.561870574951172,1,0,0.6000000238418579,0,0,0,0,0,8,0,0,0,8,99,1,0.0,0.0,23.81598663330078,28.40812110900879,1.5,0,33,0.0,0.0,0.0,0,0,0
1780683028.7957425,0,0.3499999940395355,0,0,4,900,423158243,45,77,8.0,0.0,21.070125579833984,28.561870574951172,1,0,0.6000000238418579,0,0,0,0,0,8,0,0,0,8,99,1,0.0,0.0,23.81598663330078,28.40812110900879,1.5,0,33,0.0,0.0,0.0,0,0,0
1780683028.815596,0,0.3499999940395355,0,0,4,900,423158243,45,77,8.0,0.0,21.070125579833984,28.561870574951172,1,0,0.6000000238418579,0,0,0,0,0,8,0,0,0,8,99,1,0.0,0.0,23.81598663330078,28.40812110900879,1.5,0,33,0.0,0.0,0.0,0,0,0
1780683028.835635,0,0.3499999940395355,0,0,4,900,423158243,45,77,8.0,0.0,21.070125579833984,28.561870574951172,1,0,0.6000000238418579,0,0,0,0,0,8,0,0,0,8,99,1,0.0,0.0,23.81598663330078,28.40812110900879,1.5,0,33,0.0,0.0,0.0,0,0,0
1780683028.8555515,0,0.3499999940395355,0,0,4,900,423158243,45,77,8.0,0.0,21.070125579833984,28.561870574951172,1,0,0.6000000238418579,0,0,0,0,0,8,0,0,0,8,99,1,0.0,0.0,23.81598663330078,28.40812110900879,1.5,0,33,0.0,0.0,0.0,0,0,0
1780683028.8755975,0,0.3499999940395355,0,0,4,900,423158243,45,77,8.0,0.0,21.070125579833984,28.561870574951172,1,0,0.6000000238418579,0,0,0,0,0,8,0,0,0,8,99,1,0.0,0.0,23.81598663330078,28.40812110900879,1.5,0,33,0.0,0.0,0.0,0,0,0
1780683028.8955753,0,0.3499999940395355,0,0,4,900,423158243,45,77,8.0,0.0,21.070125579833984,28.561870574951172,1,0,0.6000000238418579,0,0,0,0,0,8,0,0,0,8,99,1,0.0,0.0,23.81598663330078,28.40812110900879,1.5,0,33,0.0,0.0,0.0,0,0,0
1780683028.9157784,0,0.3499999940395355,0,0,4,900,423158243,45,77,8.0,0.0,21.070125579833984,28.561870574951172,1,0,0.6000000238418579,0,0,0,0,0,8,0,0,0,8,99,1,0.0,0.0,23.81598663330078,28.40812110900879,1.5,0,33,0.0,0.0,0.0,0,0,0
1780683028.9355962,0,0.3499999940395355,0,0,4,900,423158243,45,77,8.0,0.0,21.070125579833984,28.561870574951172,1,0,0.6000000238418579,0,0,0,0,0,8,0,0,0,8,99,1,0.0,0.0,23.81598663330078,28.40812110900879,1.5,0,33,0.0,0.0,0.0,0,0,0
1780683028.9556532,0,0.3499999940395355,0,0,4,900,423158243,45,77,8.0,0.0,21.070125579833984,28.561870574951172,1,0,0.6000000238418579,0,0,0,0,0,8,0,0,0,8,99,1,0.0,0.0,23.81598663330078,28.40812110900879,1.5,0,33,0.0,0.0,0.0,0,0,0
1780683028.9757602,0,0.3499999940395355,0,0,4,900,423158243,45,77,8.0,0.0,21.070125579833984,28.561870574951172,1,0,0.6000000238418579,0,0,0,0,0,8,0,0,0,8,99,1,0.0,0.0,23.81598663330078,28.40812110900879,1.5,0,33,0.0,0.0,0.0,0,0,0
1780683028.9958506,0,0.3499999940395355,0,0,4,900,423158243,45,77,8.0,0.0,21.070125579833984,28.561870574951172,1,0,0.6000000238418579,0,0,0,0,0,8,0,0,0,8,99,1,0.0,0.0,23.81598663330078,28.40812110900879,1.5,0,33,0.0,0.0,0.0,0,0,0
1780683029.0157435,0,0.3499999940395355,0,0,4,900,423158243,45,77,8.0,0.0,21.070125579833984,28.561870574951172,1,0,0.6000000238418579,0,0,0,0,0,8,0,0,0,8,99,1,0.0,0.0,23.81598663330078,28.40812110900879,1.5,0,33,0.0,0.0,0.0,0,0,0
1780683029.0358691,0,0.3499999940395355,0,0,4,900,423158243,45,77,8.0,0.0,21.070125579833984,28.561870574951172,1,0,0.6000000238418579,0,0,0,0,0,8,0,0,0,8,99,1,0.0,0.0,23.81598663330078,28.408119201660156,1.5,0,33,0.0,0.0,0.0,0,0,0
1780683029.0556717,0,0.3499999940395355,0,0,4,900,423158243,45,77,8.0,0.0,21.070125579833984,28.561870574951172,1,0,0.6000000238418579,0,0,0,0,0,8,0,0,0,8,99,1,0.0,0.0,23.81598663330078,28.40812110900879,1.5,0,33,0.0,0.0,0.0,0,0,0
1780683029.075597,0,0.3499999940395355,0,0,4,900,423158243,45,77,8.0,0.0,21.070125579833984,28.561870574951172,1,0,0.6000000238418579,0,0,0,0,0,8,0,0,0,8,99,1,0.0,0.0,23.81598663330078,28.408119201660156,1.5,0,33,0.0,0.0,0.0,0,0,0
1780683029.0960143,0,0.3499999940395355,0,0,4,900,423158243,45,77,8.0,0.0,21.070125579833984,28.561870574951172,1,0,0.6000000238418579,0,0,0,0,0,8,0,0,0,8,99,1,0.0,0.0,23.81598663330078,28.40812110900879,1.5,0,33,0.0,0.0,0.0,0,0,0
1780683029.1159093,0,0.3499999940395355,0,0,4,900,423158243,45,77,8.0,0.0,21.070125579833984,28.561870574951172,1,0,0.6000000238418579,0,0,0,0,0,8,0,0,0,8,99,1,0.0,0.0,23.81598663330078,28.408119201660156,1.5,0,33,0.0,0.0,0.0,0,0,0
1780683029.1357493,0,0.3499999940395355,0,0,4,900,423158243,45,77,8.0,0.0,21.070125579833984,28.561870574951172,1,0,0.6000000238418579,0,0,0,0,0,8,0,0,0,8,99,1,0.0,0.0,23.81598663330078,28.40812110900879,1.5,0,33,0.0,0.0,0.0,0,0,0
1780683029.1554646,0,0.3499999940395355,0,0,4,900,423158243,45,77,8.0,0.0,21.070125579833984,28.561870574951172,1,0,0.6000000238418579,0,0,0,0,0,8,0,0,0,8,99,1,0.0,0.0,23.81598663330078,28.40812110900879,1.5,0,33,0.0,0.0,0.0,0,0,0
1780683029.1756241,0,0.3499999940395355,0,0,4,900,423158243,45,77,8.0,0.0,21.070125579833984,28.561870574951172,1,0,0.6000000238418579,0,0,0,0,0,8,0,0,0,8,99,1,0.0,0.0,23.81598663330078,28.408119201660156,1.5,0,33,0.0,0.0,0.0,0,0,0
1780683029.1958969,0,0.3499999940395355,0,0,4,900,423158243,45,77,8.0,0.0,21.070125579833984,28.561870574951172,1,0,0.6000000238418579,0,0,0,0,0,8,0,0,0,8,99,1,0.0,0.0,23.81598663330078,28.408119201660156,1.5,0,33,0.0,0.0,0.0,0,0,0
1780683029.2156978,0,0.3499999940395355,0,0,4,900,423158243,45,77,8.0,0.0,21.070125579833984,28.561870574951172,1,0,0.6000000238418579,0,0,0,0,0,8,0,0,0,8,99,1,0.0,0.0,23.81598663330078,28.40812110900879,1.5,0,33,0.0,0.0,0.0,0,0,0
1780683029.2355146,0,0.3499999940395355,0,0,4,900,423158243,45,77,8.0,0.0,21.070125579833984,28.561870574951172,1,0,0.6000000238418579,0,0,0,0,0,8,0,0,0,8,99,1,0.0,0.0,23.81598663330078,28.40812110900879,1.5,0,33,0.0,0.0,0.0,0,0,0
1780683029.2555299,0,0.3499999940395355,0,0,4,900,423158243,45,77,8.0,0.0,21.070125579833984,28.561870574951172,1,0,0.6000000238418579,0,0,0,0,0,8,0,0,0,8,99,1,0.0,0.0,23.81598663330078,28.40812110900879,1.5,0,33,0.0,0.0,0.0,0,0,0
1780683029.2757022,0,0.3499999940395355,0,0,4,900,423158243,45,77,8.0,0.0,21.070125579833984,28.561870574951172,1,0,0.6000000238418579,0,0,0,0,0,8,0,0,0,8,99,1,0.0,0.0,23.81598663330078,28.40812110900879,1.5,0,33,0.0,0.0,0.0,0,0,0
1780683029.295668,0,0.3499999940395355,0,0,4,900,423158243,45,77,8.0,0.0,21.070125579833984,28.561870574951172,1,0,0.6000000238418579,0,0,0,0,0,8,0,0,0,8,99,1,0.0,0.0,23.81598663330078,28.40812110900879,1.5,0,33,0.0,0.0,0.0,0,0,0
1780683029.315863,0,0.3499999940395355,0,0,4,900,423158243,45,77,8.0,0.0,21.070125579833984,28.561870574951172,1,0,0.6000000238418579,0,0,0,0,0,8,0,0,0,8,99,1,0.0,0.0,23.81598663330078,28.40812110900879,1.5,0,33,0.0,0.0,0.0,0,0,0
1780683029.3356683,0,0.3499999940395355,0,0,4,900,423158243,45,77,8.0,0.0,21.070125579833984,28.561870574951172,1,0,0.6000000238418579,0,0,0,0,0,8,0,0,0,8,99,1,0.0,0.0,23.81598663330078,28.40812110900879,1.5,0,33,0.0,0.0,0.0,0,0,0
1780683029.355643,0,0.3499999940395355,0,0,4,900,423158243,45,77,8.0,0.0,21.070125579833984,28.561870574951172,1,0,0.6000000238418579,0,0,0,0,0,8,0,0,0,8,99,1,0.0,0.0,23.81598663330078,28.40812110900879,1.5,0,33,0.0,0.0,0.0,0,0,0
1780683029.375851,0,0.3499999940395355,0,0,4,900,423158243,45,77,8.0,0.0,21.070125579833984,28.561870574951172,1,0,0.6000000238418579,0,0,0,0,0,8,0,0,0,8,99,1,0.0,0.0,23.81598663330078,28.40812110900879,1.5,0,33,0.0,0.0,0.0,0,0,0
1780683029.3957372,0,0.3499999940395355,0,0,4,900,423158243,45,77,8.0,0.0,21.070125579833984,28.561870574951172,1,0,0.6000000238418579,0,0,0,0,0,8,0,0,0,8,99,1,0.0,0.0,23.81598663330078,28.40812110900879,1.5,0,33,0.0,0.0,0.0,0,0,0
1780683029.4158866,0,0.3499999940395355,0,0,4,900,423158243,45,77,8.0,0.0,21.070125579833984,28.561870574951172,1,0,0.6000000238418579,0,0,0,0,0,8,0,0,0,8,99,1,0.0,0.0,23.81598663330078,28.408123016357422,1.5,0,33,0.0,0.0,0.0,0,0,0
1780683029.4361222,0,0.3499999940395355,0,0,4,900,423158243,45,77,8.0,0.0,21.070125579833984,28.561870574951172,1,0,0.6000000238418579,0,0,0,0,0,8,0,0,0,8,99,1,0.0,0.0,23.81598663330078,28.40812110900879,1.5,0,33,0.0,0.0,0.0,0,0,0
1780683029.4557374,0,0.3499999940395355,0,0,4,900,423158243,45,77,8.0,0.0,21.070125579833984,28.561870574951172,1,0,0.6000000238418579,0,0,0,0,0,8,0,0,0,8,99,1,0.0,0.0,23.81598663330078,28.40812110900879,1.5,0,33,0.0,0.0,0.0,0,0,0
1780683029.4758704,0,0.3499999940395355,0,0,4,900,423158243,45,77,8.0,0.0,21.070125579833984,28.561870574951172,1,0,0.6000000238418579,0,0,0,0,0,8,0,0,0,8,99,1,0.0,0.0,23.81598663330078,28.40812110900879,1.5,0,33,0.0,0.0,0.0,0,0,0
1780683029.495662,0,0.3499999940395355,0,0,4,900,423158243,45,77,8.0,0.0,21.070125579833984,28.561870574951172,1,0,0.6000000238418579,0,0,0,0,0,8,0,0,0,8,99,1,0.0,0.0,23.81598663330078,28.408123016357422,1.5,0,33,0.0,0.0,0.0,0,0,0
1780683029.5156782,0,0.3499999940395355,0,0,4,900,423158243,45,77,8.0,0.0,21.070125579833984,28.561870574951172,1,0,0.6000000238418579,0,0,0,0,0,8,0,0,0,8,99,1,0.0,0.0,23.81598663330078,28.40812110900879,1.5,0,33,0.0,0.0,0.0,0,0,0
1780683029.5356693,0,0.3499999940395355,0,0,4,900,423158243,45,77,8.0,0.0,21.070125579833984,28.561870574951172,1,0,0.6000000238418579,0,0,0,0,0,8,0,0,0,8,99,1,0.0,0.0,23.81598663330078,28.408123016357422,1.5,0,33,0.0,0.0,0.0,0,0,0
1780683029.5557187,0,0.3499999940395355,0,0,4,900,423158243,45,77,8.0,0.0,21.070125579833984,28.561870574951172,1,0,0.6000000238418579,0,0,0,0,0,8,0,0,0,8,99,1,0.0,0.0,23.81598663330078,28.40812110900879,1.5,0,33,0.0,0.0,0.0,0,0,0
1780683029.5756345,0,0.3499999940395355,0,0,4,900,423158243,45,77,8.0,0.0,21.070125579833984,28.561870574951172,1,0,0.6000000238418579,0,0,0,0,0,8,0,0,0,8,99,1,0.0,0.0,23.81598663330078,28.40812110900879,1.5,0,33,0.0,0.0,0.0,0,0,0
1780683029.5960267,0,0.3499999940395355,0,0,4,900,423158243,45,77,8.0,0.0,21.070125579833984,28.561870574951172,1,0,0.6000000238418579,0,0,0,0,0,8,0,0,0,8,99,1,0.0,0.0,23.81598663330078,28.408123016357422,1.5,0,33,0.0,0.0,0.0,0,0,0
1780683029.615993,0,0.3499999940395355,0,0,4,900,423158243,45,77,8.0,0.0,21.070125579833984,28.561870574951172,1,0,0.6000000238418579,0,0,0,0,0,8,0,0,0,8,99,1,0.0,0.0,23.81598663330078,28.40812110900879,1.5,0,33,0.0,0.0,0.0,0,0,0
1780683029.6357284,0,0.3499999940395355,0,0,4,900,423158243,45,77,8.0,0.0,21.070125579833984,28.561870574951172,1,0,0.6000000238418579,0,0,0,0,0,8,0,0,0,8,99,1,0.0,0.0,23.81598663330078,28.40812110900879,1.5,0,33,0.0,0.0,0.0,0,0,0
1780683029.6554165,0,0.3499999940395355,0,0,4,900,423158243,45,77,8.0,0.0,21.070125579833984,28.561870574951172,1,0,0.6000000238418579,0,0,0,0,0,8,0,0,0,8,99,1,0.0,0.0,23.81598663330078,28.40812110900879,1.5,0,33,0.0,0.0,0.0,0,0,0
1780683029.6759324,0,0.3499999940395355,0,0,4,900,423158243,45,77,8.0,0.0,21.070125579833984,28.561870574951172,1,0,0.6000000238418579,0,0,0,0,0,8,0,0,0,8,99,1,0.0,0.0,23.81598663330078,28.40812110900879,1.5,0,33,0.0,0.0,0.0,0,0,0
1780683029.6958952,0,0.3499999940395355,0,0,4,900,423158243,45,77,8.0,0.0,21.070125579833984,28.561870574951172,1,0,0.6000000238418579,0,0,0,0,0,8,0,0,0,8,99,1,0.0,0.0,23.81598663330078,28.40812110900879,1.5,0,33,0.0,0.0,0.0,0,0,0
1780683029.716088,0,0.3499999940395355,0,0,4,900,423158243,45,77,8.0,0.0,21.070125579833984,28.561870574951172,1,0,0.6000000238418579,0,0,0,0,0,8,0,0,0,8,99,1,0.0,0.0,23.81598663330078,28.408119201660156,1.5,0,33,0.0,0.0,0.0,0,0,0
1780683029.7357893,0,0.3499999940395355,0,0,4,900,423158243,45,77,8.0,0.0,21.070125579833984,28.561870574951172,1,0,0.6000000238418579,0,0,0,0,0,8,0,0,0,8,99,1,0.0,0.0,23.81598663330078,28.40812110900879,1.5,0,33,0.0,0.0,0.0,0,0,0
1780683029.7558029,0,0.3499999940395355,0,0,4,900,423158243,45,77,8.0,0.0,21.070125579833984,28.561870574951172,1,0,0.6000000238418579,0,0,0,0,0,8,0,0,0,8,99,1,0.0,0.0,23.81598663330078,28.40812110900879,1.5,0,33,0.0,0.0,0.0,0,0,0
1780683029.7756622,0,0.3499999940395355,0,0,4,900,423158243,45,77,8.0,0.0,21.070125579833984,28.561870574951172,1,0,0.6000000238418579,0,0,0,0,0,8,0,0,0,8,99,1,0.0,0.0,23.81598663330078,28.40812110900879,1.5,0,33,0.0,0.0,0.0,0,0,0
1780683029.795603,0,0.3499999940395355,0,0,4,900,423158243,45,77,8.0,0.0,21.070125579833984,28.561870574951172,1,0,0.6000000238418579,0,0,0,0,0,8,0,0,0,8,99,1,0.0,0.0,23.81598663330078,28.40812110900879,1.5,0,33,0.0,0.0,0.0,0,0,0
1780683029.8158538,0,0.3499999940395355,0,0,4,900,423158243,45,77,8.0,0.0,21.070125579833984,28.561870574951172,1,0,0.6000000238418579,0,0,0,0,0,8,0,0,0,8,99,1,0.0,0.0,23.81598663330078,28.40812110900879,1.5,0,33,0.0,0.0,0.0,0,0,0
1780683029.835959,0,0.3499999940395355,0,0,4,900,423158243,45,77,8.0,0.0,21.070125579833984,28.561870574951172,1,0,0.6000000238418579,0,0,0,0,0,8,0,0,0,8,99,1,0.0,0.0,23.81598663330078,28.408119201660156,1.5,0,33,0.0,0.0,0.0,0,0,0
1780683029.8554835,0,0.3499999940395355,0,0,4,900,423158243,45,77,8.0,0.0,21.070125579833984,28.561870574951172,1,0,0.6000000238418579,0,0,0,0,0,8,0,0,0,8,99,1,0.0,0.0,23.81598663330078,28.40812110900879,1.5,0,33,0.0,0.0,0.0,0,0,0
1780683029.8757732,0,0.3499999940395355,0,0,4,900,423158243,45,77,8.0,0.0,21.070125579833984,28.561870574951172,1,0,0.6000000238418579,0,0,0,0,0,8,0,0,0,8,99,1,0.0,0.0,23.81598663330078,28.408119201660156,1.5,0,33,0.0,0.0,0.0,0,0,0
1780683029.8958776,0,0.3499999940395355,0,0,4,900,423158243,45,77,8.0,0.0,21.070125579833984,28.561870574951172,1,0,0.6000000238418579,0,0,0,0,0,8,0,0,0,8,99,1,0.0,0.0,23.81598663330078,28.40812110900879,1.5,0,33,0.0,0.0,0.0,0,0,0
1780683029.915784,0,0.3499999940395355,0,0,4,900,423158243,45,77,8.0,0.0,21.070125579833984,28.561870574951172,1,0,0.6000000238418579,0,0,0,0,0,8,0,0,0,8,99,1,0.0,0.0,23.81598663330078,28.40812110900879,1.5,0,33,0.0,0.0,0.0,0,0,0
1780683029.9355216,0,0.3499999940395355,0,0,4,900,423158243,45,77,8.0,0.0,21.070125579833984,28.561870574951172,1,0,0.6000000238418579,0,0,0,0,0,8,0,0,0,8,99,1,0.0,0.0,23.81598663330078,28.40812110900879,1.5,0,33,0.0,0.0,0.0,0,0,0
1780683029.9557555,0,0.3499999940395355,0,0,4,900,423158243,45,77,8.0,0.0,21.070125579833984,28.561870574951172,1,0,0.6000000238418579,0,0,0,0,0,8,0,0,0,8,99,1,0.0,0.0,23.81598663330078,28.40812110900879,1.5,0,33,0.0,0.0,0.0,0,0,0
1780683029.9758177,0,0.3499999940395355,0,0,4,900,423158243,45,77,8.0,0.0,21.070125579833984,28.561870574951172,1,0,0.6000000238418579,0,0,0,0,0,8,0,0,0,8,99,1,0.0,0.0,23.81598663330078,28.40812110900879,1.5,0,33,0.0,0.0,0.0,0,0,0
1780683029.9958773,0,0.3499999940395355,0,0,4,900,423158243,45,77,8.0,0.0,21.070125579833984,28.561870574951172,1,0,0.6000000238418579,0,0,0,0,0,8,0,0,0,8,99,1,0.0,0.0,23.81598663330078,28.40812110900879,1.5,0,33,0.0,0.0,0.0,0,0,0
1780683030.0162199,0,0.3499999940395355,0,0,4,900,423158243,45,77,8.0,0.0,21.070125579833984,28.561870574951172,1,0,0.6000000238418579,0,0,0,0,0,8,0,0,0,8,99,1,0.0,0.0,23.81598663330078,28.40812110900879,1.5,0,33,0.0,0.0,0.0,0,0,0
1780683030.035817,0,0.3499999940395355,0,0,4,900,423158243,45,77,8.0,0.0,21.070125579833984,28.561870574951172,1,0,0.6000000238418579,0,0,0,0,0,8,0,0,0,8,99,1,0.0,0.0,23.81598663330078,28.40812110900879,1.5,0,33,0.0,0.0,0.0,0,0,0
1780683030.0557597,0,0.3499999940395355,0,0,4,900,423158243,45,77,8.0,0.0,21.070125579833984,28.561870574951172,1,0,0.6000000238418579,0,0,0,0,0,8,0,0,0,8,99,1,0.0,0.0,23.81598663330078,28.408123016357422,1.5,0,33,0.0,0.0,0.0,0,0,0
1780683030.0758946,0,0.3499999940395355,0,0,4,900,423158243,45,77,8.0,0.0,21.070125579833984,28.561870574951172,1,0,0.6000000238418579,0,0,0,0,0,8,0,0,0,8,99,1,0.0,0.0,23.81598663330078,28.40812110900879,1.5,0,33,0.0,0.0,0.0,0,0,0
1780683030.0963788,0,0.3499999940395355,0,0,4,900,423158243,45,77,8.0,0.0,21.070125579833984,28.561870574951172,1,0,0.6000000238418579,0,0,0,0,0,8,0,0,0,8,99,1,0.0,0.0,23.81598663330078,28.40812110900879,1.5,0,33,0.0,0.0,0.0,0,0,0
1780683030.1161025,0,0.3499999940395355,0,0,4,900,423158243,45,77,8.0,0.0,21.070125579833984,28.561870574951172,1,0,0.6000000238418579,0,0,0,0,0,8,0,0,0,8,99,1,0.0,0.0,23.81598663330078,28.408119201660156,1.5,0,33,0.0,0.0,0.0,0,0,0
1780683030.136107,0,0.3499999940395355,0,0,4,900,423158243,45,77,8.0,0.0,21.070125579833984,28.561870574951172,1,0,0.6000000238418579,0,0,0,0,0,8,0,0,0,8,99,1,0.0,0.0,23.81598663330078,28.40812110900879,1.5,0,33,0.0,0.0,0.0,0,0,0
1780683030.1561675,0,0.3499999940395355,0,0,4,900,423158243,45,77,8.0,0.0,21.070125579833984,28.561870574951172,1,0,0.6000000238418579,0,0,0,0,0,8,0,0,0,8,99,1,0.0,0.0,23.81598663330078,28.40812110900879,1.5,0,33,0.0,0.0,0.0,0,0,0
1780683030.1758566,0,0.3499999940395355,0,0,4,900,423158243,45,77,8.0,0.0,21.070125579833984,28.561870574951172,1,0,0.6000000238418579,0,0,0,0,0,8,0,0,0,8,99,1,0.0,0.0,23.81598663330078,28.408119201660156,1.5,0,33,0.0,0.0,0.0,0,0,0
1780683030.1956756,0,0.3499999940395355,0,0,4,900,423158243,45,77,8.0,0.0,21.070125579833984,28.561870574951172,1,0,0.6000000238418579,0,0,0,0,0,8,0,0,0,8,99,1,0.0,0.0,23.81598663330078,28.40812110900879,1.5,0,33,0.0,0.0,0.0,0,0,0
1780683030.2159812,0,0.3499999940395355,0,0,4,900,423158243,45,77,8.0,0.0,21.070125579833984,28.561870574951172,1,0,0.6000000238418579,0,0,0,0,0,8,0,0,0,8,99,1,0.0,0.0,23.81598663330078,28.40812110900879,1.5,0,33,0.0,0.0,0.0,0,0,0
1780683030.2360754,0,0.3499999940395355,0,0,4,900,423158243,45,77,8.0,0.0,21.070125579833984,28.561870574951172,1,0,0.6000000238418579,0,0,0,0,0,8,0,0,0,8,99,1,0.0,0.0,23.81598663330078,28.40812110900879,1.5,0,33,0.0,0.0,0.0,0,0,0
1780683030.2554653,0,0.3499999940395355,0,0,4,900,423158243,45,77,8.0,0.0,21.070125579833984,28.561870574951172,1,0,0.6000000238418579,0,0,0,0,0,8,0,0,0,8,99,1,0.0,0.0,23.81598663330078,28.408123016357422,1.5,0,33,0.0,0.0,0.0,0,0,0
1780683030.2758393,0,0.3499999940395355,0,0,4,900,423158243,45,77,8.0,0.0,21.070125579833984,28.561870574951172,1,0,0.6000000238418579,0,0,0,0,0,8,0,0,0,8,99,1,0.0,0.0,23.81598663330078,28.40812110900879,1.5,0,33,0.0,0.0,0.0,0,0,0
1780683030.2958157,0,0.3499999940395355,0,0,4,900,423158243,45,77,8.0,0.0,21.070125579833984,28.561870574951172,1,0,0.6000000238418579,0,0,0,0,0,8,0,0,0,8,99,1,0.0,0.0,23.81598663330078,28.40812110900879,1.5,0,33,0.0,0.0,0.0,0,0,0
1780683030.315823,0,0.3499999940395355,0,0,4,900,423158243,45,77,8.0,0.0,21.070125579833984,28.561870574951172,1,0,0.6000000238418579,0,0,0,0,0,8,0,0,0,8,99,1,0.0,0.0,23.81598663330078,28.408123016357422,1.5,0,33,0.0,0.0,0.0,0,0,0
1780683030.335644,0,0.3499999940395355,0,0,4,900,423158243,45,77,8.0,0.0,21.070125579833984,28.561870574951172,1,0,0.6000000238418579,0,0,0,0,0,8,0,0,0,8,99,1,0.0,0.0,23.81598663330078,28.40812110900879,1.5,0,33,0.0,0.0,0.0,0,0,0
1780683030.3557265,0,0.3499999940395355,0,0,4,900,423158243,45,77,8.0,0.0,21.070125579833984,28.561870574951172,1,0,0.6000000238418579,0,0,0,0,0,8,0,0,0,8,99,1,0.0,0.0,23.81598663330078,28.40812110900879,1.5,0,33,0.0,0.0,0.0,0,0,0
1780683030.3757882,0,0.3499999940395355,0,0,4,900,423158243,45,77,8.0,0.0,21.070125579833984,28.561870574951172,1,0,0.6000000238418579,0,0,0,0,0,8,0,0,0,8,99,1,0.0,0.0,23.81598663330078,28.40812110900879,1.5,0,33,0.0,0.0,0.0,0,0,0
1780683030.395579,0,0.3499999940395355,0,0,4,900,423158243,45,77,8.0,0.0,21.070125579833984,28.561870574951172,1,0,0.6000000238418579,0,0,0,0,0,8,0,0,0,8,99,1,0.0,0.0,23.81598663330078,28.408119201660156,1.5,0,33,0.0,0.0,0.0,0,0,0
1780683030.415891,0,0.3499999940395355,0,0,4,900,423158243,45,77,8.0,0.0,21.070125579833984,28.561870574951172,1,0,0.6000000238418579,0,0,0,0,0,8,0,0,0,8,99,1,0.0,0.0,23.81598663330078,28.40812110900879,1.5,0,33,0.0,0.0,0.0,0,0,0
1780683030.4359245,0,0.3499999940395355,0,0,4,900,423158243,45,77,8.0,0.0,21.070125579833984,28.561870574951172,1,0,0.6000000238418579,0,0,0,0,0,8,0,0,0,8,99,1,0.0,0.0,23.81598663330078,28.40812110900879,1.5,0,33,0.0,0.0,0.0,0,0,0
1780683030.4558022,0,0.3499999940395355,0,0,4,900,423158243,45,77,8.0,0.0,21.070125579833984,28.561870574951172,1,0,0.6000000238418579,0,0,0,0,0,8,0,0,0,8,99,1,0.0,0.0,23.81598663330078,28.40812110900879,1.5,0,33,0.0,0.0,0.0,0,0,0
1780683030.475818,0,0.3499999940395355,0,0,4,900,423158243,45,77,8.0,0.0,21.070125579833984,28.561870574951172,1,0,0.6000000238418579,0,0,0,0,0,8,0,0,0,8,99,1,0.0,0.0,23.81598663330078,28.40812110900879,1.5,0,33,0.0,0.0,0.0,0,0,0
1780683030.4960856,0,0.3499999940395355,0,0,4,900,423158243,45,77,8.0,0.0,21.070125579833984,28.561870574951172,0,0,0.6000000238418579,0,0,0,0,0,8,0,0,0,8,99,1,0.0,0.0,23.81598663330078,28.408119201660156,1.5,0,33,0.0,0.0,0.0,0,0,0
1780683030.5159457,0,0.3499999940395355,0,0,4,900,423158243,45,77,8.0,0.0,21.070125579833984,28.561870574951172,0,0,0.6000000238418579,0,0,0,0,0,8,0,0,0,8,99,1,0.0,0.0,23.81598663330078,28.408119201660156,1.5,0,33,0.0,0.0,0.0,0,0,0
1780683030.5360115,0,0.3499999940395355,0,0,4,900,423158243,45,77,8.0,0.0,21.070125579833984,28.561870574951172,0,0,0.6000000238418579,0,0,0,0,0,8,0,0,0,8,99,1,0.0,0.0,23.81598663330078,28.408123016357422,1.5,0,33,0.0,0.0,0.0,0,0,0
1780683030.5558727,0,0.3499999940395355,0,0,4,900,423158243,45,77,8.0,0.0,21.070125579833984,28.561870574951172,0,0,0.6000000238418579,0,0,0,0,0,8,0,0,0,8,99,1,0.0,0.0,23.81598663330078,28.40812110900879,1.5,0,33,0.0,0.0,0.0,0,0,0
1780683030.5759292,0,0.3499999940395355,0,0,4,900,423158243,45,77,8.0,0.0,21.070125579833984,28.561870574951172,0,0,0.6000000238418579,0,0,0,0,0,8,0,0,0,8,99,1,0.0,0.0,23.81598663330078,28.408123016357422,1.5,0,33,0.0,0.0,0.0,0,0,0
1780683030.5960593,0,0.3499999940395355,0,0,4,900,423158243,45,77,8.0,0.0,21.070125579833984,28.561870574951172,0,0,0.6000000238418579,0,0,0,0,0,8,0,0,0,8,99,1,0.0,0.0,23.81598663330078,28.40812110900879,1.5,0,33,0.0,0.0,0.0,0,0,0
1780683030.6162572,0,0.3499999940395355,0,0,4,900,423158243,45,77,8.0,0.0,21.070125579833984,28.561870574951172,0,0,0.6000000238418579,0,0,0,0,0,8,0,0,0,8,99,1,0.0,0.0,23.81598663330078,28.408123016357422,1.5,0,33,0.0,0.0,0.0,0,0,0
1780683030.6364753,0,0.3499999940395355,0,0,4,900,423158243,45,77,8.0,0.0,21.070125579833984,28.561870574951172,0,0,0.6000000238418579,0,0,0,0,0,8,0,0,0,8,99,1,0.0,0.0,23.81598663330078,28.40812110900879,1.5,0,33,0.0,0.0,0.0,0,0,0
1780683030.6559196,0,0.3499999940395355,0,0,4,900,423158243,45,77,8.0,0.0,21.070125579833984,28.561870574951172,0,0,0.6000000238418579,0,0,0,0,0,8,0,0,0,8,99,1,0.0,0.0,23.81598663330078,28.40812110900879,1.5,0,33,0.0,0.0,0.0,0,0,0
1780683030.6758752,0,0.3499999940395355,0,0,4,900,423158243,45,77,8.0,0.0,21.070125579833984,28.561870574951172,0,0,0.6000000238418579,0,0,0,0,0,8,0,0,0,8,99,1,0.0,0.0,23.81598663330078,28.40812110900879,1.5,0,33,0.0,0.0,0.0,0,0,0
1780683030.6958818,0,0.3499999940395355,0,0,4,900,423158243,45,77,8.0,0.0,21.070125579833984,28.561870574951172,0,0,0.6000000238418579,0,0,0,0,0,8,0,0,0,8,99,1,0.0,0.0,23.81598663330078,28.40812110900879,1.5,0,33,0.0,0.0,0.0,0,0,0
1780683030.7158802,0,0.3499999940395355,0,0,4,900,423158243,45,77,8.0,0.0,21.070125579833984,28.561870574951172,0,0,0.6000000238418579,0,0,0,0,0,8,0,0,0,8,99,1,0.0,0.0,23.81598663330078,28.408123016357422,1.5,0,33,0.0,0.0,0.0,0,0,0
1780683030.7356653,0,0.3499999940395355,0,0,4,900,423158243,45,77,8.0,0.0,21.070125579833984,28.561870574951172,0,0,0.6000000238418579,0,0,0,0,0,8,0,0,0,8,99,1,0.0,0.0,23.81598663330078,28.40812110900879,1.5,0,33,0.0,0.0,0.0,0,0,0
1780683030.755898,0,0.3499999940395355,0,0,4,900,423158243,45,77,8.0,0.0,21.070125579833984,28.561870574951172,0,0,0.6000000238418579,0,0,0,0,0,8,0,0,0,8,99,1,0.0,0.0,23.81598663330078,28.40812110900879,1.5,0,33,0.0,0.0,0.0,0,0,0
1780683030.7759523,0,0.3499999940395355,0,0,4,900,423158243,45,77,8.0,0.0,21.070125579833984,28.561870574951172,0,0,0.6000000238418579,0,0,0,0,0,8,0,0,0,8,99,1,0.0,0.0,23.81598663330078,28.40812110900879,1.5,0,33,0.0,0.0,0.0,0,0,0
1780683030.7959516,0,0.3499999940395355,0,0,4,900,423158243,45,77,8.0,0.0,21.070125579833984,28.561870574951172,0,0,0.6000000238418579,0,0,0,0,0,8,0,0,0,8,99,1,0.0,0.0,23.81598663330078,28.408123016357422,1.5,0,33,0.0,0.0,0.0,0,0,0
1780683030.8160686,0,0.3499999940395355,0,0,4,900,423158243,45,77,8.0,0.0,21.070125579833984,28.561870574951172,0,0,0.6000000238418579,0,0,0,0,0,8,0,0,0,8,99,1,0.0,0.0,23.81598663330078,28.408123016357422,1.5,0,33,0.0,0.0,0.0,0,0,0
