timestamp,attackDown,attackDuration,attackForward,attackUp,bossHp,bossMaxHp,bossScene,bossState,bossStateAmount,bvx,bvy,bx,by,canCast,casting,dashCoolDown,dashing,doubleJumping,facingRight,falling,focusing,hp,invulnerable,isAttacking,jumping,maxHp,maxSoul,onGround,pvx,pvy,px,py,shadowDashCoolDown,shadowDashing,soul,gp_axis_left_x,gp_axis_left_y,gp_trigger_right,gp_btn_a,gp_btn_b,gp_btn_x
1780578702.566751,0,0.3499999940395355,0,0,900,900,423158243,74,77,0.0,-35.99998474121094,31.1200008392334,37.034767150878906,1,0,0.6000000238418579,0,0,1,0,0,8,0,0,0,8,99,1,0.0,0.0,22.540000915527344,28.40812110900879,1.5,0,0,1.0,0.0,0.0,0,0,0
1780578702.5868766,0,0.3499999940395355,0,0,900,900,423158243,74,77,0.0,-37.799983978271484,31.1200008392334,36.27876663208008,1,0,0.6000000238418579,0,0,1,0,0,8,0,0,0,8,99,1,0.0,0.0,22.540000915527344,28.40812110900879,1.5,0,0,1.0,0.0,0.0,0,0,0
1780578702.6070628,0,0.3499999940395355,0,0,900,900,423158243,74,77,0.0,-39.59998321533203,31.1200008392334,35.48676681518555,1,0,0.6000000238418579,0,0,1,0,0,8,0,0,0,8,99,1,0.0,0.0,22.540000915527344,28.40812110900879,1.5,0,0,1.0,-1.0,0.0,0,0,0
1780578702.6273277,0,0.3499999940395355,0,0,900,900,423158243,74,77,0.0,-41.39998245239258,31.1200008392334,34.65876770019531,1,0,0.6000000238418579,0,0,1,0,0,8,0,0,0,8,99,1,8.300000190734863,0.0,22.684524536132812,28.40812110900879,1.5,0,0,1.0,-1.0,0.0,0,0,0
1780578702.647155,0,0.3499999940395355,0,0,900,900,423158243,74,77,0.0,-43.199981689453125,31.1200008392334,33.794769287109375,1,0,0.6000000238418579,0,0,1,0,0,8,0,0,0,8,99,1,8.300000190734863,0.0,22.850358963012695,28.40812110900879,1.5,0,0,1.0,-1.0,0.0,0,0,0
1780578702.6668901,0,0.3499999940395355,0,0,900,900,423158243,74,77,0.0,-44.99998092651367,31.1200008392334,32.894771575927734,1,0,0.6000000238418579,0,0,1,0,0,8,0,0,0,8,99,1,8.300000190734863,0.0,23.016193389892578,28.408119201660156,1.5,0,0,1.0,-1.0,0.0,0,0,0
1780578702.687355,0,0.3499999940395355,0,0,900,900,423158243,74,77,0.0,-46.79998016357422,31.1200008392334,31.958770751953125,1,0,0.6000000238418579,0,0,1,0,0,8,0,0,0,8,99,1,8.300000190734863,0.0,23.182025909423828,28.40812110900879,1.5,0,0,1.0,-1.0,0.0,0,0,0
1780578702.70732,0,0.3499999940395355,0,0,900,900,423158243,74,77,0.0,-48.599979400634766,31.1200008392334,30.986770629882812,1,0,0.6000000238418579,0,0,1,0,0,8,0,0,0,8,99,1,8.300000190734863,0.0,23.347862243652344,28.40812110900879,1.5,0,0,1.0,-1.0,0.0,0,0,0
1780578702.7266588,0,0.3499999940395355,0,0,900,900,423158243,74,77,0.0,-50.39997863769531,31.1200008392334,29.978771209716797,1,0,0.6000000238418579,0,0,1,0,0,8,0,0,0,8,99,1,8.300000190734863,0.0,23.513694763183594,28.40812110900879,1.5,0,0,1.0,-1.0,0.0,0,0,0
1780578702.7467692,0,0.3499999940395355,0,0,900,900,423158243,74,77,0.0,-52.19997787475586,31.1200008392334,28.934772491455078,1,0,0.6000000238418579,0,0,1,0,0,8,0,0,0,8,99,1,8.300000190734863,0.0,23.67953109741211,28.40812110900879,1.5,0,0,1.0,-1.0,0.0,0,0,0
1780578702.7666554,0,0.3499999940395355,0,0,900,900,423158243,75,77,0.0,0.0,31.1200008392334,28.56183433532715,1,0,0.6000000238418579,0,0,1,0,0,8,0,0,0,8,99,1,8.300000190734863,0.0,23.84536361694336,28.40812110900879,1.5,0,0,1.0,-1.0,0.0,0,0,0
1780578702.787261,0,0.3499999940395355,0,0,900,900,423158243,75,77,0.0,0.0,31.1200008392334,28.561847686767578,1,0,0.6000000238418579,0,0,1,0,0,8,0,0,0,8,99,1,8.300000190734863,0.0,24.011198043823242,28.40812110900879,1.5,0,0,1.0,-1.0,0.0,0,0,0
1780578702.8065531,0,0.3499999940395355,0,0,900,900,423158243,75,77,0.0,0.0,31.1200008392334,28.561857223510742,1,0,0.6000000238418579,0,0,1,0,0,8,0,0,0,8,99,1,8.300000190734863,0.0,24.177034378051758,28.40812110900879,1.5,0,0,1.0,-1.0,0.0,0,0,0
1780578702.827573,0,0.3499999940395355,0,0,900,900,423158243,75,77,0.0,0.0,31.1200008392334,28.56186294555664,1,0,0.6000000238418579,0,0,1,0,0,8,0,0,0,8,99,1,8.300000190734863,0.0,24.34286880493164,28.40812110900879,1.5,0,0,1.0,-1.0,0.0,0,0,0
1780578702.8472996,0,0.3499999940395355,0,0,900,900,423158243,75,77,0.0,0.0,31.1200008392334,28.561866760253906,1,0,0.6000000238418579,0,0,1,0,0,8,0,0,0,8,99,1,8.300000190734863,0.0,24.50870132446289,28.40812110900879,1.5,0,0,1.0,-1.0,0.0,0,0,0
1780578702.8665764,0,0.3499999940395355,0,0,900,900,423158243,75,77,0.0,0.0,31.1200008392334,28.561870574951172,1,0,0.6000000238418579,0,0,1,0,0,8,0,0,0,8,99,1,8.300000190734863,0.0,24.674535751342773,28.408123016357422,1.5,0,0,1.0,-1.0,0.0,0,0,0
1780578702.8866343,0,0.3499999940395355,0,0,900,900,423158243,75,77,0.0,0.0,31.1200008392334,28.561870574951172,1,0,0.6000000238418579,0,0,1,0,0,8,0,0,0,8,99,1,8.300000190734863,0.0,24.840370178222656,28.40812110900879,1.5,0,0,1.0,-1.0,0.0,0,0,0
1780578702.9069247,0,0.3499999940395355,0,0,900,900,423158243,75,77,0.0,0.0,31.1200008392334,28.561870574951172,1,0,0.6000000238418579,0,0,1,0,0,8,0,0,0,8,99,1,8.300000190734863,0.0,25.006206512451172,28.40812110900879,1.5,0,0,1.0,-1.0,0.0,0,0,0
1780578702.926904,0,0.3499999940395355,0,0,900,900,423158243,75,77,0.0,0.0,31.1200008392334,28.561870574951172,1,0,0.6000000238418579,0,0,1,0,0,8,0,0,0,8,99,1,8.300000190734863,0.0,25.172040939331055,28.40812110900879,1.5,0,0,1.0,-1.0,0.0,0,0,0
1780578702.9471478,0,0.3499999940395355,0,0,900,900,423158243,75,77,0.0,0.0,31.1200008392334,28.561870574951172,1,0,0.6000000238418579,0,0,1,0,0,8,0,0,0,8,99,1,8.300000190734863,0.0,25.337875366210938,28.40812110900879,1.5,0,0,1.0,-1.0,0.0,0,0,0
1780578702.9669774,0,0.3499999940395355,0,0,900,900,423158243,75,77,0.0,0.0,31.1200008392334,28.561870574951172,1,0,0.6000000238418579,0,0,1,0,0,8,0,0,0,8,99,1,8.300000190734863,0.0,25.50370979309082,28.40812110900879,1.5,0,0,1.0,-1.0,0.0,0,0,0
1780578702.9870312,0,0.3499999940395355,0,0,900,900,423158243,75,77,0.0,0.0,31.1200008392334,28.561870574951172,1,0,0.6000000238418579,0,0,1,0,0,8,0,0,0,8,99,1,8.300000190734863,0.0,25.669544219970703,28.408119201660156,1.5,0,0,1.0,-1.0,0.0,0,0,0
1780578703.0063856,0,0.3499999940395355,0,0,900,900,423158243,68,77,0.0,0.0,31.1200008392334,28.561870574951172,1,0,0.6000000238418579,0,0,1,0,0,8,0,0,0,8,99,1,8.300000190734863,0.0,25.835376739501953,28.40812110900879,1.5,0,0,1.0,-1.0,0.0,0,0,0
1780578703.0270476,0,0.3499999940395355,0,0,900,900,423158243,68,77,0.0,0.0,31.1200008392334,28.561870574951172,1,0,0.6000000238418579,0,0,1,0,0,8,0,0,0,8,99,1,8.300000190734863,0.0,26.001211166381836,28.408123016357422,1.5,0,0,1.0,-1.0,0.0,0,0,0
1780578703.0469892,0,0.3499999940395355,0,0,900,900,423158243,68,77,0.0,0.0,31.1200008392334,28.561870574951172,1,0,0.6000000238418579,0,0,1,0,0,8,0,0,0,8,99,1,8.300000190734863,0.0,26.16704750061035,28.408123016357422,1.5,0,0,1.0,-1.0,0.0,0,0,0
1780578703.067526,0,0.3499999940395355,0,0,900,900,423158243,68,77,0.0,0.0,31.1200008392334,28.561870574951172,1,0,0.6000000238418579,0,0,1,0,0,8,0,0,0,8,99,1,8.300000190734863,0.0,26.332881927490234,28.40812110900879,1.5,0,0,1.0,-1.0,0.0,0,0,0
1780578703.0878632,0,0.3499999940395355,0,0,900,900,423158243,68,77,0.0,0.0,31.1200008392334,28.561870574951172,1,0,0.6000000238418579,0,0,1,0,0,8,0,0,0,8,99,1,8.300000190734863,0.0,26.498716354370117,28.40812110900879,1.5,0,0,1.0,-1.0,0.0,0,0,0
1780578703.1082842,0,0.3499999940395355,0,0,900,900,423158243,68,77,0.0,0.0,31.1200008392334,28.561870574951172,1,0,0.6000000238418579,0,0,1,0,0,8,0,0,0,8,99,1,8.300000190734863,0.0,26.66455078125,28.40812110900879,1.5,0,0,1.0,-1.0,0.0,0,0,0
1780578703.127424,0,0.3499999940395355,0,0,900,900,423158243,68,77,0.0,0.0,31.1200008392334,28.561870574951172,1,0,0.6000000238418579,0,0,1,0,0,8,0,0,0,8,99,1,8.300000190734863,0.0,26.83038330078125,28.40812110900879,1.5,0,0,1.0,-1.0,0.0,0,0,0
1780578703.1467147,0,0.3499999940395355,0,0,900,900,423158243,68,77,0.0,0.0,31.1200008392334,28.561870574951172,1,0,0.6000000238418579,0,0,1,0,0,8,0,0,0,8,99,1,8.300000190734863,0.0,26.996217727661133,28.40812110900879,1.5,0,0,1.0,-1.0,0.0,0,0,0
1780578703.1668718,0,0.3499999940395355,0,0,900,900,423158243,68,77,0.0,0.0,31.1200008392334,28.561870574951172,1,0,0.6000000238418579,0,0,1,0,0,8,0,0,0,8,99,1,8.300000190734863,0.0,27.162052154541016,28.40812110900879,1.5,0,0,1.0,-1.0,0.0,0,0,0
1780578703.1865065,0,0.3499999940395355,0,0,900,900,423158243,68,77,0.0,0.0,31.1200008392334,28.561870574951172,1,0,0.6000000238418579,0,0,1,0,0,8,0,0,0,8,99,1,8.300000190734863,0.0,27.32788848876953,28.408123016357422,1.5,0,0,1.0,-1.0,0.0,0,0,0
1780578703.2067277,0,0.3499999940395355,0,0,900,900,423158243,68,77,0.0,0.0,31.1200008392334,28.561870574951172,1,0,0.6000000238418579,0,0,1,0,0,8,0,0,0,8,99,1,8.300000190734863,0.0,27.493722915649414,28.408119201660156,1.5,0,0,1.0,-1.0,0.0,0,0,1
1780578703.2274437,0,0.3499999940395355,1,0,900,900,423158243,68,77,0.0,0.0,31.1200008392334,28.561870574951172,0,0,0.6000000238418579,0,0,1,0,0,8,0,1,0,8,99,1,8.300000190734863,0.0,27.659557342529297,28.40812110900879,1.5,0,0,1.0,-1.0,0.0,0,0,1
1780578703.247109,0,0.3499999940395355,1,0,900,900,423158243,68,77,0.0,0.0,31.1200008392334,28.561870574951172,0,0,0.6000000238418579,0,0,1,0,0,8,0,1,0,8,99,1,8.300000190734863,0.0,27.82539176940918,28.40812110900879,1.5,0,0,1.0,-1.0,0.0,0,0,1
1780578703.266908,0,0.3499999940395355,1,0,879,900,423158243,68,77,0.0,0.0,31.1200008392334,28.561870574951172,0,0,0.6000000238418579,0,0,1,0,0,8,0,1,0,8,99,1,-3.75,0.0,27.991226196289062,28.40812110900879,1.5,0,11,1.0,-1.0,0.0,0,0,1
1780578703.2867243,0,0.3499999940395355,1,0,879,900,423158243,68,77,0.0,0.0,31.420000076293945,28.561870574951172,0,0,0.6000000238418579,0,0,1,0,0,8,0,1,0,8,99,1,-3.75,0.0,27.955188751220703,28.40812110900879,1.5,0,11,1.0,-1.0,0.0,0,0,1
1780578703.3066175,0,0.3499999940395355,1,0,879,900,423158243,68,77,0.0,0.0,31.719999313354492,28.561870574951172,0,0,0.6000000238418579,0,0,1,0,0,8,0,1,0,8,99,1,-3.75,0.0,27.880264282226562,28.40812110900879,1.5,0,11,1.0,-1.0,0.0,0,0,1
1780578703.3271015,0,0.3499999940395355,1,0,879,900,423158243,68,77,0.0,0.0,32.02000045776367,28.561870574951172,1,0,0.6000000238418579,0,0,1,0,0,8,0,1,0,8,99,1,-3.75,0.0,27.805339813232422,28.40812110900879,1.5,0,11,1.0,-1.0,0.0,0,0,1
1780578703.3471441,0,0.3499999940395355,1,0,879,900,423158243,68,77,0.0,0.0,32.31999969482422,28.561870574951172,1,0,0.6000000238418579,0,0,1,0,0,8,0,1,0,8,99,1,-3.75,0.0,27.73041343688965,28.40812110900879,1.5,0,11,1.0,-1.0,0.0,0,0,1
1780578703.3667347,0,0.3499999940395355,1,0,879,900,423158243,68,77,0.0,0.0,32.619998931884766,28.561870574951172,1,0,0.6000000238418579,0,0,1,0,0,8,0,1,0,8,99,1,-3.75,0.0,27.655487060546875,28.408119201660156,1.5,0,11,1.0,-1.0,0.0,0,0,0
1780578703.3873188,0,0.3499999940395355,1,0,879,900,423158243,68,77,0.0,0.0,32.91999816894531,28.561870574951172,1,0,0.6000000238418579,0,0,1,0,0,8,0,1,0,8,99,1,-3.75,0.0,27.5805606842041,28.40812110900879,1.5,0,11,1.0,-1.0,0.0,0,0,0
1780578703.4073806,0,0.3499999940395355,1,0,879,900,423158243,68,77,0.0,0.0,33.21999740600586,28.561870574951172,1,0,0.6000000238418579,0,0,1,0,0,8,0,1,0,8,99,1,-3.75,0.0,27.505634307861328,28.408123016357422,1.5,0,11,1.0,-1.0,0.0,0,0,0
1780578703.4270625,0,0.3499999940395355,1,0,879,900,423158243,68,77,0.0,0.0,33.519996643066406,28.561870574951172,1,0,0.6000000238418579,0,0,1,0,0,8,0,1,0,8,99,1,-3.75,0.0,27.430709838867188,28.40812110900879,1.5,0,11,1.0,-1.0,0.0,0,0,0
1780578703.4472117,0,0.3499999940395355,1,0,879,900,423158243,68,77,0.0,0.0,33.519996643066406,28.561870574951172,1,0,0.6000000238418579,0,0,1,0,0,8,0,1,0,8,99,1,-3.75,0.0,27.355783462524414,28.40812110900879,1.5,0,11,1.0,-1.0,0.0,0,0,0
1780578703.4672031,0,0.3499999940395355,1,0,879,900,423158243,68,77,0.0,0.0,33.519996643066406,28.561870574951172,1,0,0.6000000238418579,0,0,1,0,0,8,0,1,0,8,99,1,8.300000190734863,0.0,27.480560302734375,28.40812110900879,1.5,0,11,1.0,-1.0,0.0,0,0,0
1780578703.4871495,0,0.3499999940395355,1,0,879,900,423158243,68,77,0.0,0.0,33.519996643066406,28.561870574951172,1,0,0.6000000238418579,0,0,1,0,0,8,0,1,0,8,99,1,8.300000190734863,0.0,27.646394729614258,28.40812110900879,1.5,0,11,1.0,-1.0,0.0,0,0,0
1780578703.5069907,0,0.3499999940395355,1,0,879,900,423158243,68,77,0.0,0.0,33.519996643066406,28.561870574951172,1,0,0.6000000238418579,0,0,1,0,0,8,0,1,0,8,99,1,8.300000190734863,0.0,27.81222915649414,28.40812110900879,1.5,0,11,1.0,-1.0,0.0,0,0,0
1780578703.5270362,0,0.3499999940395355,1,0,879,900,423158243,68,77,0.0,0.0,33.519996643066406,28.561870574951172,1,0,0.6000000238418579,0,0,1,0,0,8,0,1,0,8,99,1,8.300000190734863,0.0,27.978063583374023,28.408119201660156,1.5,0,11,1.0,-1.0,0.0,0,0,0
1780578703.5466034,0,0.3499999940395355,1,0,879,900,423158243,68,77,0.0,0.0,33.519996643066406,28.561870574951172,1,0,0.6000000238418579,0,0,1,0,0,8,0,1,0,8,99,1,8.300000190734863,0.0,28.143896102905273,28.40812110900879,1.5,0,11,1.0,-1.0,0.0,0,0,0
1780578703.566789,0,0.3499999940395355,1,0,879,900,423158243,68,77,0.0,0.0,33.519996643066406,28.561870574951172,1,0,0.6000000238418579,0,0,1,0,0,8,0,1,0,8,99,1,8.300000190734863,0.0,28.309730529785156,28.408123016357422,1.5,0,11,1.0,-1.0,0.0,0,0,0
1780578703.586811,0,0.3499999940395355,0,0,879,900,423158243,68,77,0.0,0.0,33.519996643066406,28.561870574951172,1,0,0.6000000238418579,0,0,1,0,0,8,0,0,0,8,99,1,8.300000190734863,0.0,28.475566864013672,28.40812110900879,1.5,0,11,1.0,-1.0,0.0,0,0,0
1780578703.6067455,0,0.3499999940395355,0,0,879,900,423158243,68,77,0.0,0.0,33.519996643066406,28.561870574951172,1,0,0.6000000238418579,0,0,1,0,0,8,0,0,0,8,99,1,8.300000190734863,0.0,28.641401290893555,28.40812110900879,1.5,0,11,1.0,-1.0,0.0,0,0,0
1780578703.6270213,0,0.3499999940395355,0,0,879,900,423158243,68,77,0.0,0.0,33.519996643066406,28.561870574951172,1,0,0.6000000238418579,0,0,1,0,0,8,0,0,0,8,99,1,8.300000190734863,0.0,28.807235717773438,28.40812110900879,1.5,0,11,1.0,-1.0,0.0,0,0,0
1780578703.647112,0,0.3499999940395355,0,0,879,900,423158243,68,77,0.0,0.0,33.519996643066406,28.561870574951172,1,0,0.6000000238418579,0,0,1,0,0,8,0,0,0,8,99,1,8.300000190734863,0.0,28.973068237304688,28.40812110900879,1.5,0,11,1.0,-1.0,0.0,0,0,0
1780578703.666938,0,0.3499999940395355,0,0,879,900,423158243,68,77,0.0,0.0,33.519996643066406,28.561870574951172,1,0,0.6000000238418579,0,0,1,0,0,8,0,0,0,8,99,1,8.300000190734863,0.0,29.13890266418457,28.40812110900879,1.5,0,11,1.0,-1.0,0.0,0,0,0
1780578703.687053,0,0.3499999940395355,0,0,879,900,423158243,68,77,0.0,0.0,33.519996643066406,28.561870574951172,1,0,0.6000000238418579,0,0,1,0,0,8,0,0,0,8,99,1,8.300000190734863,0.0,29.304737091064453,28.40812110900879,1.5,0,11,1.0,-1.0,0.0,0,0,0
1780578703.7068539,0,0.3499999940395355,0,0,879,900,423158243,68,77,0.0,0.0,33.519996643066406,28.561870574951172,1,0,0.6000000238418579,0,0,1,0,0,8,0,0,0,8,99,1,8.300000190734863,0.0,29.47057342529297,28.40812110900879,1.5,0,11,1.0,-1.0,0.0,0,0,0
1780578703.727253,0,0.3499999940395355,0,0,879,900,423158243,68,77,0.0,0.0,33.519996643066406,28.561870574951172,1,0,0.6000000238418579,0,0,1,0,0,8,0,0,0,8,99,1,8.300000190734863,0.0,29.63640594482422,28.408123016357422,1.5,0,11,1.0,-1.0,0.0,0,0,1
1780578703.747154,0,0.3499999940395355,1,0,879,900,423158243,68,77,0.0,0.0,33.519996643066406,28.561870574951172,0,0,0.6000000238418579,0,0,1,0,0,8,0,1,0,8,99,1,8.300000190734863,0.0,29.802242279052734,28.40812110900879,1.5,0,11,1.0,-1.0,0.0,0,0,1
1780578703.7675014,0,0.3499999940395355,1,0,879,900,423158243,68,77,0.0,0.0,33.519996643066406,28.561870574951172,0,0,0.6000000238418579,0,0,1,0,0,8,0,1,0,8,99,1,8.300000190734863,0.0,29.968076705932617,28.408123016357422,1.5,0,11,1.0,-1.0,0.0,0,0,1
1780578703.7877512,0,0.3499999940395355,1,0,858,900,423158243,68,77,0.0,0.0,33.519996643066406,28.561870574951172,0,0,0.6000000238418579,0,0,1,0,0,8,0,1,0,8,99,1,-3.75,0.0,30.1339111328125,28.40812110900879,1.5,0,22,1.0,-1.0,0.0,0,0,1
1780578703.806771,0,0.3499999940395355,1,0,858,900,423158243,68,77,0.0,0.0,33.81999588012695,28.561870574951172,0,0,0.6000000238418579,0,0,1,0,0,8,0,1,0,8,99,1,-3.75,0.0,30.104137420654297,28.40812110900879,1.5,0,22,1.0,-1.0,0.0,0,0,1
1780578703.8269207,0,0.3499999940395355,1,0,858,900,423158243,68,77,0.0,0.0,34.1199951171875,28.561870574951172,0,0,0.6000000238418579,0,0,1,0,0,8,0,1,0,8,99,1,-3.75,0.0,30.029212951660156,28.40812110900879,1.5,0,22,1.0,-1.0,0.0,0,0,1
1780578703.8467205,0,0.3499999940395355,1,0,858,900,423158243,68,77,0.0,0.0,34.41999435424805,28.561870574951172,0,0,0.6000000238418579,0,0,1,0,0,8,0,1,0,8,99,1,-3.75,0.0,29.954286575317383,28.40812110900879,1.5,0,22,1.0,-1.0,0.0,0,0,1
1780578703.866541,0,0.3499999940395355,1,0,858,900,423158243,68,77,0.0,0.0,34.719993591308594,28.561870574951172,1,0,0.6000000238418579,0,0,1,0,0,8,0,1,0,8,99,1,-3.75,0.0,29.87936019897461,28.40812110900879,1.5,0,22,1.0,-1.0,0.0,0,0,1
1780578703.887381,0,0.3499999940395355,1,0,858,900,423158243,68,77,0.0,0.0,35.01999282836914,28.561870574951172,1,0,0.6000000238418579,0,0,1,0,0,8,0,1,0,8,99,1,-3.75,0.0,29.80443572998047,28.408123016357422,1.5,0,22,1.0,-1.0,0.0,0,0,0
1780578703.9066489,0,0.3499999940395355,1,0,858,900,423158243,68,77,0.0,0.0,35.31999206542969,28.561870574951172,1,0,0.6000000238418579,0,0,1,0,0,8,0,1,0,8,99,1,-3.75,0.0,29.729509353637695,28.408119201660156,1.5,0,22,1.0,-1.0,0.0,0,0,0
1780578703.9267652,0,0.3499999940395355,1,0,858,900,423158243,68,77,0.0,0.0,35.619991302490234,28.561870574951172,1,0,0.6000000238418579,0,0,1,0,0,8,0,1,0,8,99,1,-3.75,0.0,29.654582977294922,28.408123016357422,1.5,0,22,1.0,-1.0,0.0,0,0,0
1780578703.9472725,0,0.3499999940395355,1,0,858,900,423158243,68,77,0.0,0.0,35.91999053955078,28.561870574951172,1,0,0.6000000238418579,0,0,1,0,0,8,0,1,0,8,99,1,-3.75,0.0,29.57965850830078,28.408123016357422,1.5,0,22,1.0,-1.0,0.0,0,0,0
1780578703.9674423,0,0.3499999940395355,1,0,858,900,423158243,68,77,0.0,0.0,35.91999053955078,28.561870574951172,1,0,0.6000000238418579,0,0,1,0,0,8,0,1,0,8,99,1,-3.75,0.0,29.504732131958008,28.40812110900879,1.5,0,22,1.0,-1.0,0.0,0,0,0
1780578703.9868233,0,0.3499999940395355,1,0,858,900,423158243,68,77,0.0,0.0,35.91999053955078,28.561870574951172,1,0,0.6000000238418579,0,0,1,0,0,8,0,1,0,8,99,1,8.300000190734863,0.0,29.62324333190918,28.40812110900879,1.5,0,22,1.0,-1.0,0.0,0,0,0
1780578704.0067565,0,0.3499999940395355,1,0,858,900,423158243,68,77,0.0,0.0,35.91999053955078,28.561870574951172,1,0,0.6000000238418579,0,0,1,0,0,8,0,1,0,8,99,1,8.300000190734863,0.0,29.789077758789062,28.40812110900879,1.5,0,22,1.0,-1.0,0.0,0,0,0
1780578704.027002,0,0.3499999940395355,1,0,858,900,423158243,68,77,0.0,0.0,35.91999053955078,28.561870574951172,1,0,0.6000000238418579,0,0,1,0,0,8,0,1,0,8,99,1,8.300000190734863,0.0,29.954912185668945,28.40812110900879,1.5,0,22,1.0,-1.0,0.0,0,0,0
1780578704.0469313,0,0.3499999940395355,1,0,858,900,423158243,68,77,0.0,0.0,35.91999053955078,28.561870574951172,1,0,0.6000000238418579,0,0,1,0,0,8,0,1,0,8,99,1,8.300000190734863,0.0,30.120746612548828,28.40812110900879,1.5,0,22,1.0,-1.0,0.0,0,0,0
1780578704.067062,0,0.3499999940395355,1,0,858,900,423158243,68,77,0.0,0.0,35.91999053955078,28.561870574951172,1,0,0.6000000238418579,0,0,1,0,0,8,0,1,0,8,99,1,8.300000190734863,0.0,30.28658103942871,28.408119201660156,1.5,0,22,1.0,-1.0,0.0,0,0,0
1780578704.0869546,0,0.3499999940395355,1,0,858,900,423158243,68,77,0.0,0.0,35.91999053955078,28.561870574951172,1,0,0.6000000238418579,0,0,1,0,0,8,0,1,0,8,99,1,8.300000190734863,0.0,30.452415466308594,28.408123016357422,1.5,0,22,1.0,-1.0,0.0,0,0,0
1780578704.1066957,0,0.3499999940395355,0,0,858,900,423158243,68,77,0.0,0.0,35.91999053955078,28.561870574951172,1,0,0.6000000238418579,0,0,1,0,0,8,0,0,0,8,99,1,8.300000190734863,0.0,30.618249893188477,28.408119201660156,1.5,0,22,1.0,-1.0,0.0,0,0,0
1780578704.1270328,0,0.3499999940395355,0,0,858,900,423158243,68,77,0.0,0.0,35.91999053955078,28.561870574951172,1,0,0.6000000238418579,0,0,1,0,0,8,0,0,0,8,99,1,8.300000190734863,0.0,30.78408432006836,28.40812110900879,1.5,0,22,1.0,-1.0,0.0,0,0,0
1780578704.1466289,0,0.3499999940395355,0,0,858,900,423158243,68,77,0.0,0.0,35.91999053955078,28.561870574951172,1,0,0.6000000238418579,0,0,1,0,0,8,0,0,0,8,99,1,8.300000190734863,0.0,30.949918746948242,28.40812110900879,1.5,0,22,1.0,-1.0,0.0,0,0,0
1780578704.1672547,0,0.3499999940395355,0,0,858,900,423158243,68,77,0.0,0.0,35.91999053955078,28.561870574951172,1,0,0.6000000238418579,0,0,1,0,0,8,0,0,0,8,99,1,8.300000190734863,0.0,31.115753173828125,28.40812110900879,1.5,0,22,1.0,-1.0,0.0,0,0,0
1780578704.186634,0,0.3499999940395355,0,0,858,900,423158243,69,77,0.0,0.0,35.91999053955078,28.561870574951172,1,0,0.6000000238418579,0,0,1,0,0,8,0,0,0,8,99,1,8.300000190734863,0.0,31.28158950805664,28.40812110900879,1.5,0,22,1.0,-1.0,0.0,0,0,0
1780578704.2067447,0,0.3499999940395355,0,0,858,900,423158243,69,77,0.0,0.0,35.91999053955078,28.561870574951172,1,0,0.6000000238418579,0,0,1,0,0,8,0,0,0,8,99,1,8.300000190734863,0.0,31.44742202758789,28.40812110900879,1.5,0,22,1.0,-1.0,0.0,0,0,0
1780578704.226795,0,0.3499999940395355,0,0,858,900,423158243,69,77,0.0,0.0,35.91999053955078,28.561870574951172,1,0,0.6000000238418579,0,0,1,0,0,8,0,0,0,8,99,1,8.300000190734863,0.0,31.613258361816406,28.40812110900879,1.5,0,22,1.0,-1.0,0.0,0,0,0
1780578704.246709,0,0.3499999940395355,0,0,858,900,423158243,69,77,0.0,0.0,35.91999053955078,28.561870574951172,1,0,0.6000000238418579,0,0,1,0,0,8,0,0,0,8,99,1,8.300000190734863,0.0,31.779090881347656,28.40812110900879,1.5,0,22,1.0,-1.0,0.0,0,0,0
1780578704.2669742,0,0.3499999940395355,1,0,858,900,423158243,69,77,0.0,0.0,35.91999053955078,28.561870574951172,0,0,0.6000000238418579,0,0,1,0,0,8,0,1,0,8,99,1,8.300000190734863,0.0,31.944927215576172,28.408119201660156,1.5,0,22,1.0,-1.0,0.0,0,0,1
1780578704.2871742,0,0.3499999940395355,1,0,858,900,423158243,69,77,0.0,0.0,35.91999053955078,28.561870574951172,0,0,0.6000000238418579,0,0,1,0,0,8,0,1,0,8,99,1,8.300000190734863,0.0,32.11075973510742,28.40812110900879,1.5,0,22,1.0,-1.0,0.0,0,0,1
1780578704.3073635,0,0.3499999940395355,1,0,837,900,423158243,69,77,0.0,0.0,35.91999053955078,28.561870574951172,0,0,0.6000000238418579,0,0,1,0,0,8,0,1,0,8,99,1,-3.75,0.0,32.27659606933594,28.408123016357422,1.5,0,33,1.0,-1.0,0.0,0,0,1
1780578704.327552,0,0.3499999940395355,1,0,837,900,423158243,69,77,0.0,0.0,36.21998977661133,28.561870574951172,0,0,0.6000000238418579,0,0,1,0,0,8,0,1,0,8,99,1,-3.75,0.0,32.25308609008789,28.40812110900879,1.5,0,33,1.0,-1.0,0.0,0,0,1
1780578704.3473551,0,0.3499999940395355,1,0,837,900,423158243,69,77,0.0,0.0,36.519989013671875,28.561870574951172,0,0,0.6000000238418579,0,0,1,0,0,8,0,1,0,8,99,1,-3.75,0.0,32.17816162109375,28.40812110900879,1.5,0,33,1.0,-1.0,0.0,0,0,1
1780578704.3670402,0,0.3499999940395355,1,0,837,900,423158243,69,77,0.0,0.0,36.81998825073242,28.561870574951172,0,0,0.6000000238418579,0,0,1,0,0,8,0,1,0,8,99,1,-3.75,0.0,32.103233337402344,28.40812110900879,1.5,0,33,1.0,-1.0,0.0,0,0,1
1780578704.3871005,0,0.3499999940395355,1,0,837,900,423158243,69,77,0.0,0.0,37.11998748779297,28.561870574951172,1,0,0.6000000238418579,0,0,1,0,0,8,0,1,0,8,99,1,-3.75,0.0,32.02831268310547,28.40812110900879,1.5,0,33,0.0,0.0,0.0,0,0,1
1780578704.4068305,0,0.3499999940395355,1,0,837,900,423158243,69,77,0.0,0.0,37.419986724853516,28.561870574951172,1,0,0.6000000238418579,0,0,1,0,0,8,0,1,0,8,99,1,-3.75,0.0,31.953384399414062,28.40812110900879,1.5,0,33,0.0,0.0,0.0,0,0,0
1780578704.4271207,0,0.3499999940395355,1,0,837,900,423158243,69,77,0.0,0.0,37.65776062011719,28.561874389648438,1,0,0.6000000238418579,0,0,1,0,0,8,0,1,0,8,99,1,-3.75,0.0,31.878459930419922,28.408119201660156,1.5,0,33,0.0,0.0,0.0,0,0,0
1780578704.4467356,0,0.3499999940395355,1,0,837,900,423158243,45,77,8.0,0.0,37.65774154663086,28.561874389648438,1,0,0.6000000238418579,0,0,1,0,0,8,0,1,0,8,99,1,-3.75,0.0,31.80353355407715,28.40812110900879,1.5,0,33,0.0,0.0,0.0,0,0,0
1780578704.4681647,0,0.3499999940395355,1,0,837,900,423158243,2,77,0.0,0.0,37.6577262878418,28.561874389648438,1,0,0.6000000238418579,0,0,1,0,0,8,0,1,0,8,99,1,-3.75,0.0,31.728607177734375,28.408123016357422,1.5,0,33,0.0,0.0,0.0,0,0,0
1780578704.48729,0,0.3499999940395355,1,0,837,900,423158243,2,77,0.0,0.0,36.685970306396484,28.561874389648438,1,0,0.6000000238418579,0,0,1,0,0,8,0,1,0,8,99,1,-3.75,0.0,31.6536808013916,28.40812110900879,1.5,0,33,0.0,0.0,0.0,0,0,0
1780578704.5071442,0,0.3499999940395355,1,0,837,900,423158243,2,77,0.0,0.0,36.39329147338867,28.561874389648438,1,0,0.6000000238418579,0,0,1,0,0,8,0,1,0,8,99,1,0.0,0.0,31.637004852294922,28.40812110900879,1.5,0,33,0.0,0.0,0.0,0,0,0
1780578704.5266118,0,0.3499999940395355,1,0,837,900,423158243,2,77,0.0,0.0,36.31657028198242,28.561874389648438,1,0,0.6000000238418579,0,0,1,0,0,8,0,1,0,8,99,1,0.0,0.0,31.637004852294922,28.40812110900879,1.5,0,33,0.0,0.0,0.0,0,0,0
1780578704.547031,0,0.3499999940395355,1,0,837,900,423158243,2,77,0.0,0.0,36.29645919799805,28.561874389648438,1,0,0.6000000238418579,0,0,1,0,0,8,0,1,0,8,99,1,0.0,0.0,31.637004852294922,28.40812110900879,1.5,0,33,0.0,0.0,0.0,0,0,0
1780578704.566603,0,0.3499999940395355,1,0,837,900,423158243,2,77,0.0,0.0,36.29388427734375,28.561874389648438,1,0,0.6000000238418579,0,0,1,0,0,8,0,1,0,8,99,1,0.0,0.0,31.637004852294922,28.40812110900879,1.5,0,33,0.0,0.0,0.0,0,0,0
1780578704.58682,0,0.3499999940395355,1,0,837,900,423158243,2,77,0.0,0.0,36.292236328125,28.561874389648438,1,0,0.6000000238418579,0,0,1,0,0,8,0,1,0,8,99,1,0.0,0.0,31.637004852294922,28.40812110900879,1.5,0,33,0.0,0.0,0.0,0,0,0
1780578704.606764,0,0.3499999940395355,1,0,837,900,423158243,2,77,0.0,0.0,36.29118347167969,28.561874389648438,1,0,0.6000000238418579,0,0,1,0,0,8,0,1,0,8,99,1,0.0,0.0,31.637004852294922,28.40812110900879,1.5,0,33,0.0,0.0,0.0,0,0,0
1780578704.6270392,0,0.3499999940395355,0,0,837,900,423158243,2,77,0.0,0.0,36.29050827026367,28.561874389648438,1,0,0.6000000238418579,0,0,1,0,0,8,0,0,0,8,99,1,0.0,0.0,31.637004852294922,28.408123016357422,1.5,0,33,0.0,0.0,0.0,0,0,0
1780578704.647105,0,0.3499999940395355,0,0,837,900,423158243,2,77,0.0,0.0,36.290077209472656,28.561874389648438,1,0,0.6000000238418579,0,0,1,0,0,8,0,0,0,8,99,1,0.0,0.0,31.637004852294922,28.408119201660156,1.5,0,33,0.0,0.0,0.0,0,0,0
1780578704.6667442,0,0.3499999940395355,0,0,837,900,423158243,2,77,0.0,0.0,36.28980255126953,28.561874389648438,1,0,0.6000000238418579,0,0,1,0,0,8,0,0,0,8,99,1,0.0,0.0,31.637004852294922,28.40812110900879,1.5,0,33,0.0,0.0,0.0,0,0,0
1780578704.6870062,0,0.3499999940395355,0,0,837,900,423158243,2,77,0.0,0.0,36.28962326049805,28.561874389648438,1,0,0.6000000238418579,0,0,1,0,0,8,0,0,0,8,99,1,0.0,0.0,31.637004852294922,28.40812110900879,1.5,0,33,0.0,0.0,0.0,0,0,0
1780578704.7070181,0,0.3499999940395355,0,0,837,900,423158243,2,77,0.0,0.0,36.289512634277344,28.561874389648438,1,0,0.6000000238418579,0,0,1,0,0,8,0,0,0,8,99,1,0.0,0.0,31.637004852294922,28.40812110900879,1.5,0,33,0.0,0.0,0.0,0,0,0
1780578704.7269173,0,0.3499999940395355,0,0,837,900,423158243,2,77,0.0,0.0,36.2894401550293,28.561874389648438,1,0,0.6000000238418579,0,0,1,0,0,8,0,0,0,8,99,1,0.0,0.0,31.637004852294922,28.40812110900879,1.5,0,33,0.0,0.0,0.0,0,0,0
1780578704.747047,0,0.3499999940395355,0,0,837,900,423158243,2,77,0.0,0.0,36.28939437866211,28.561874389648438,1,0,0.6000000238418579,0,0,1,0,0,8,0,0,0,8,99,1,0.0,0.0,31.637004852294922,28.40812110900879,1.5,0,33,0.0,0.0,0.0,0,0,0
1780578704.767355,0,0.3499999940395355,0,0,837,900,423158243,2,77,0.0,0.0,36.289363861083984,28.561874389648438,1,0,0.6000000238418579,0,0,1,0,0,8,0,0,0,8,99,1,0.0,0.0,31.637004852294922,28.40812110900879,1.5,0,33,0.0,0.0,0.0,0,0,0
1780578704.7874882,0,0.3499999940395355,0,0,837,900,423158243,2,77,0.0,0.0,36.289344787597656,28.561874389648438,1,0,0.6000000238418579,0,0,1,0,0,8,0,0,0,8,99,1,0.0,0.0,31.637004852294922,28.408123016357422,1.5,0,33,0.0,0.0,0.0,0,0,0
1780578704.8070593,0,0.3499999940395355,0,0,837,900,423158243,2,77,0.0,0.0,36.28933334350586,28.561874389648438,1,0,0.6000000238418579,0,0,1,0,0,8,0,0,0,8,99,1,0.0,0.0,31.637004852294922,28.408119201660156,1.5,0,33,-1.0,1.0,0.0,0,0,0
1780578704.8274286,0,0.3499999940395355,0,0,837,900,423158243,2,77,0.0,0.0,36.28932571411133,28.561874389648438,1,0,0.6000000238418579,0,0,1,0,0,8,0,0,0,8,99,1,0.0,0.0,31.637004852294922,28.40812110900879,1.5,0,33,-1.0,1.0,0.0,0,0,0
1780578704.8469777,0,0.3499999940395355,0,0,837,900,423158243,2,77,0.0,0.0,36.2893180847168,28.561874389648438,1,0,0.6000000238418579,0,0,1,0,0,8,0,0,0,8,99,1,0.0,0.0,31.637004852294922,28.40812110900879,1.5,0,33,-1.0,1.0,0.0,0,0,0
1780578704.8673017,0,0.3499999940395355,0,0,837,900,423158243,2,77,0.0,0.0,36.2893180847168,28.561874389648438,1,0,0.6000000238418579,0,0,0,0,0,8,0,0,0,8,99,1,-8.300000190734863,0.0,31.511066436767578,28.40812110900879,1.5,0,33,-1.0,1.0,0.0,0,0,0
1780578704.88704,0,0.3499999940395355,0,0,837,900,423158243,2,77,0.0,0.0,36.2893180847168,28.561874389648438,1,0,0.6000000238418579,0,0,0,0,0,8,0,0,0,8,99,1,-8.300000190734863,0.0,31.345232009887695,28.40812110900879,1.5,0,33,0.0,1.0,0.0,1,0,0
1780578704.9072201,0,0.3499999940395355,0,0,837,900,423158243,2,77,0.0,0.0,36.2893180847168,28.561874389648438,1,0,0.6000000238418579,0,0,0,0,0,8,0,0,1,8,99,1,-8.300000190734863,0.0,31.179397583007812,28.40812110900879,1.5,0,33,0.0,1.0,0.0,1,0,0
1780578704.9271598,0,0.3499999940395355,0,0,837,900,423158243,2,77,0.0,0.0,36.2893180847168,28.561874389648438,1,0,0.6000000238418579,0,0,0,0,0,8,0,0,1,8,99,0,0.0,15.70199966430664,31.13900375366211,28.645427703857422,1.5,0,33,1.0,1.0,0.0,1,0,0
1780578704.9468672,0,0.3499999940395355,0,0,837,900,423158243,2,77,0.0,0.0,36.2893180847168,28.561874389648438,1,0,0.6000000238418579,0,0,0,0,0,8,0,0,1,8,99,0,0.0,15.70199966430664,31.13900375366211,28.959152221679688,1.5,0,33,1.0,1.0,0.0,1,0,0
1780578704.9674788,0,0.3499999940395355,0,0,837,900,423158243,2,77,0.0,0.0,36.2893180847168,28.561874389648438,1,0,0.6000000238418579,0,0,1,0,0,8,0,0,1,8,99,0,8.300000190734863,15.70199966430664,31.264110565185547,29.272876739501953,1.5,0,33,1.0,1.0,0.0,1,0,0
1780578704.9870982,0,0.3499999940395355,0,0,837,900,423158243,2,77,0.0,0.0,36.2893180847168,28.561874389648438,1,0,0.6000000238418579,0,0,1,0,0,8,0,0,1,8,99,0,8.300000190734863,15.70199966430664,31.429946899414062,29.58660316467285,1.5,0,33,1.0,1.0,0.0,1,0,0
1780578705.0066087,0,0.3499999940395355,0,0,837,900,423158243,3,77,-25.0,0.0,36.2893180847168,28.561874389648438,1,0,0.6000000238418579,0,0,1,0,0,8,0,0,1,8,99,0,8.300000190734863,15.70199966430664,31.595781326293945,29.90032958984375,1.5,0,33,1.0,1.0,0.0,1,0,0
1780578705.0267217,0,0.3499999940395355,0,0,837,900,423158243,3,77,-25.0,0.0,35.78932189941406,28.561874389648438,1,0,0.6000000238418579,0,0,1,0,0,8,0,0,1,8,99,0,8.300000190734863,15.70199966430664,31.761613845825195,30.214054107666016,1.5,0,33,1.0,1.0,0.0,1,0,0
1780578705.0472052,0,0.3499999940395355,0,0,837,900,423158243,3,77,-25.0,0.0,35.28932189941406,28.561874389648438,1,0,0.6000000238418579,0,0,1,0,0,8,0,0,1,8,99,0,8.300000190734863,15.70199966430664,31.927448272705078,30.52777862548828,1.5,0,33,1.0,1.0,0.0,1,0,0
1780578705.0670922,0,0.3499999940395355,0,0,837,900,423158243,3,77,-25.0,0.0,34.78932189941406,28.561874389648438,1,0,0.6000000238418579,0,0,1,0,0,8,0,0,1,8,99,0,8.300000190734863,15.70199966430664,32.093284606933594,30.84150505065918,1.5,0,33,1.0,1.0,0.0,1,0,0
1780578705.0866163,0,0.3499999940395355,0,0,837,900,423158243,3,77,-25.0,0.0,34.28932189941406,28.561874389648438,1,0,0.6000000238418579,0,0,1,0,0,8,0,0,1,8,99,0,8.300000190734863,15.70199966430664,32.259117126464844,31.155231475830078,1.5,0,33,1.0,1.0,0.0,1,0,0
1780578705.1065712,0,0.3499999940395355,0,0,837,900,423158243,3,77,-25.0,0.0,33.78932189941406,28.561874389648438,1,0,0.6000000238418579,0,0,1,0,0,8,0,0,1,8,99,0,8.300000190734863,15.70199966430664,32.42495346069336,31.468955993652344,1.5,0,33,1.0,1.0,0.0,1,0,0
1780578705.12726,0,0.3499999940395355,0,0,837,900,423158243,3,77,-25.0,0.0,33.28932189941406,28.561874389648438,1,0,0.6000000238418579,0,0,1,0,0,8,0,0,0,8,99,0,8.300000190734863,14.753999710083008,32.59078598022461,31.768543243408203,1.5,0,33,1.0,1.0,0.0,1,0,0
1780578705.1471934,0,0.3499999940395355,0,0,837,900,423158243,3,77,-25.0,0.0,32.78932189941406,28.561874389648438,1,0,0.6000000238418579,0,0,1,0,0,8,0,0,0,8,99,0,0.0,13.805999755859375,32.63300704956055,32.04920959472656,1.5,0,33,1.0,1.0,0.0,0,0,0
1780578705.1671965,0,0.3499999940395355,0,0,837,900,423158243,3,77,-25.0,0.0,32.28932189941406,28.561874389648438,1,0,0.6000000238418579,0,0,1,0,0,8,0,0,0,8,99,0,0.0,0.0,32.63300704956055,32.310951232910156,1.5,0,33,1.0,1.0,0.0,0,0,0
1780578705.1873431,0,0.3499999940395355,0,0,837,900,423158243,3,77,-25.0,0.0,31.78931999206543,28.561874389648438,1,0,0.6000000238418579,0,0,1,1,0,8,0,0,0,8,99,0,8.300000190734863,-0.9479996562004089,32.756290435791016,32.36279296875,1.5,0,33,1.0,0.0,0.0,0,0,0
1780578705.207227,0,0.3499999940395355,0,0,837,900,423158243,3,77,-25.0,0.0,31.28931999206543,28.561874389648438,1,0,0.6000000238418579,0,0,1,1,0,8,0,0,0,8,99,0,8.300000190734863,-1.8959993124008179,32.922122955322266,32.32978820800781,1.5,0,33,1.0,0.0,0.0,0,0,0
1780578705.2265365,0,0.3499999940395355,0,0,837,900,423158243,3,77,-25.0,0.0,30.78931999206543,28.561874389648438,1,0,0.6000000238418579,0,0,1,1,0,8,0,0,0,8,99,0,8.300000190734863,-2.843998908996582,33.08795928955078,32.27786636352539,1.5,0,33,0.0,0.0,0.0,0,0,0
1780578705.246662,0,0.3499999940395355,0,0,837,900,423158243,3,77,-25.0,0.0,30.28931999206543,28.561874389648438,1,0,0.6000000238418579,0,0,1,1,0,8,0,0,0,8,99,0,0.0,-3.7919986248016357,33.13100814819336,32.2070198059082,1.5,0,33,-1.0,0.0,0.0,0,0,0
1780578705.2672117,0,0.3499999940395355,0,0,837,900,423158243,3,77,-25.0,0.0,29.78931999206543,28.561874389648438,1,0,0.6000000238418579,0,0,1,1,0,8,0,0,0,8,99,0,0.0,-4.7399983406066895,33.13100814819336,32.11724853515625,1.5,0,33,-1.0,1.0,0.0,0,0,0
1780578705.2873282,0,0.3499999940395355,0,0,837,900,423158243,3,77,-25.0,0.0,29.28931999206543,28.561874389648438,1,0,0.6000000238418579,0,0,1,1,0,8,0,0,0,8,99,0,0.0,-5.687997817993164,33.13100814819336,32.00856018066406,1.5,0,33,-1.0,0.0,0.0,0,0,0
1780578705.3070955,0,0.3499999940395355,0,0,837,900,423158243,3,77,-25.0,0.0,28.78931999206543,28.561874389648438,1,0,0.6000000238418579,0,0,0,1,0,8,0,0,0,8,99,0,-8.300000190734863,-6.635997295379639,33.00872039794922,31.88094711303711,1.5,0,33,-1.0,0.0,0.0,0,0,0
1780578705.3271797,0,0.3499999940395355,0,0,837,900,423158243,3,77,-25.0,0.0,28.28931999206543,28.561874389648438,1,0,0.6000000238418579,0,0,0,1,0,8,0,0,0,8,99,0,-8.300000190734863,-7.583996772766113,32.84288787841797,31.734411239624023,1.5,0,33,-1.0,0.0,0.0,0,0,0
1780578705.3472111,0,0.3499999940395355,0,0,837,900,423158243,3,77,-25.0,0.0,27.78931999206543,28.561874389648438,1,0,0.6000000238418579,0,0,0,1,0,8,0,0,0,8,99,0,-8.300000190734863,-8.531996726989746,32.67705154418945,31.568954467773438,1.5,0,33,-1.0,0.0,0.0,0,0,0
1780578705.3666131,0,0.3499999940395355,0,0,837,900,423158243,4,77,-19.25,0.0,27.28931999206543,28.561874389648438,1,0,0.6000000238418579,0,0,0,1,0,8,0,0,0,8,99,0,-8.300000190734863,-9.479996681213379,32.5112190246582,31.38457489013672,1.5,0,33,-1.0,0.0,0.0,0,0,0
1780578705.3865938,0,0.3499999940395355,0,0,837,900,423158243,4,77,-14.82249927520752,0.0,26.992870330810547,28.561874389648438,1,0,0.6000000238418579,0,0,0,1,0,8,0,0,0,8,99,0,-8.300000190734863,-10.427996635437012,32.34538269042969,31.1812744140625,1.5,0,33,-1.0,0.0,0.0,0,0,0
1780578705.4067829,0,0.3499999940395355,0,0,837,900,423158243,4,77,-11.413324356079102,0.0,26.764604568481445,28.561874389648438,1,0,0.6000000238418579,0,0,0,1,0,8,0,0,0,8,99,0,-8.300000190734863,-11.375996589660645,32.17955017089844,30.959049224853516,1.5,0,33,-1.0,0.0,0.0,0,0,0
1780578705.4274843,0,0.3499999940395355,0,0,837,900,423158243,4,77,-8.788259506225586,0.0,26.588838577270508,28.561874389648438,1,0,0.6000000238418579,0,0,0,1,0,8,0,0,0,8,99,0,-8.300000190734863,-12.323996543884277,32.01371765136719,30.71790313720703,1.5,0,33,-1.0,0.0,0.0,0,0,0
1780578705.4471302,0,0.3499999940395355,0,0,837,900,423158243,4,77,-6.7669596672058105,0.0,26.45349884033203,28.561874389648438,1,0,0.6000000238418579,0,0,0,1,0,8,0,0,0,8,99,0,-8.300000190734863,-13.27199649810791,31.847881317138672,30.457836151123047,1.5,0,33,-1.0,0.0,0.0,0,0,0
1780578705.4674542,0,0.3499999940395355,0,0,837,900,423158243,4,77,-5.210558891296387,0.0,26.349287033081055,28.561874389648438,1,0,0.6000000238418579,0,0,0,1,0,8,0,0,0,8,99,0,-8.300000190734863,-14.219996452331543,31.682044982910156,30.178848266601562,1.5,0,33,-1.0,0.0,0.0,0,0,0
1780578705.487277,0,0.3499999940395355,0,0,837,900,423158243,4,77,-4.012130260467529,0.0,26.269044876098633,28.561874389648438,1,0,0.6000000238418579,0,0,0,1,0,8,0,0,0,8,99,0,-8.300000190734863,-15.167996406555176,31.516212463378906,29.880935668945312,1.5,0,33,-1.0,0.0,0.0,0,0,0
1780578705.5065653,0,0.3499999940395355,0,0,837,900,423158243,4,77,-3.0893402099609375,0.0,26.207258224487305,28.561874389648438,1,0,0.6000000238418579,0,0,0,1,0,8,0,0,0,8,99,0,-8.300000190734863,-16.115995407104492,31.35037612915039,29.564102172851562,1.5,0,33,-1.0,0.0,0.0,0,0,0
1780578705.5275037,0,0.3499999940395355,0,0,837,900,423158243,4,77,-2.3787918090820312,0.0,26.159683227539062,28.561874389648438,1,0,0.6000000238418579,0,0,0,1,0,8,0,0,0,8,99,0,-8.300000190734863,-17.063995361328125,31.18454360961914,29.22834587097168,1.5,0,33,-1.0,0.0,0.0,0,0,0
1780578705.5474834,0,0.3499999940395355,0,0,837,900,423158243,4,77,-1.8316696882247925,0.0,26.123050689697266,28.561874389648438,1,0,0.6000000238418579,0,0,0,1,0,8,0,0,0,8,99,0,-8.300000190734863,-18.011995315551758,31.018709182739258,28.873666763305664,1.5,0,33,-1.0,0.0,0.0,0,0,0
1780578705.5671804,0,0.3499999940395355,0,0,837,900,423158243,4,77,-1.4103856086730957,0.0,26.0948429107666,28.561874389648438,1,0,0.6000000238418579,0,0,0,0,0,8,0,0,0,8,99,1,-8.300000190734863,0.0,30.852874755859375,28.509334564208984,1.5,0,33,-1.0,0.0,0.0,0,0,0
1780578705.5870988,0,0.3499999940395355,0,0,837,900,423158243,5,77,-0.8144976496696472,0.0,26.073123931884766,28.561874389648438,1,0,0.6000000238418579,0,0,0,0,0,8,0,0,0,8,99,1,-8.300000190734863,0.0,30.68703842163086,28.408096313476562,1.5,0,33,-1.0,0.0,0.0,0,0,0
1780578705.6073887,0,0.3499999940395355,0,0,837,900,423158243,5,77,-0.6108732223510742,0.0,26.0609073638916,28.561874389648438,1,0,0.6000000238418579,0,0,0,0,0,8,0,0,0,8,99,1,-8.300000190734863,0.0,30.52120590209961,28.40810775756836,1.5,0,33,-1.0,0.0,0.0,0,0,0
1780578705.6277363,0,0.3499999940395355,0,0,837,900,423158243,5,77,-0.45815491676330566,0.0,26.05174446105957,28.561874389648438,1,0,0.6000000238418579,0,0,0,0,0,8,0,0,0,8,99,1,-8.300000190734863,0.0,30.355369567871094,28.408113479614258,1.5,0,33,-1.0,0.0,0.0,0,0,0
1780578705.6469474,0,0.3499999940395355,0,0,837,900,423158243,5,77,-0.34361618757247925,0.0,26.044872283935547,28.561874389648438,1,0,0.6000000238418579,0,0,0,0,0,8,0,0,0,8,99,1,-8.300000190734863,0.0,30.189537048339844,28.408117294311523,1.5,0,33,-1.0,0.0,0.0,0,0,0
1780578705.666881,0,0.3499999940395355,0,0,837,900,423158243,5,77,-0.25771212577819824,0.0,26.039718627929688,28.561874389648438,1,0,0.6000000238418579,0,0,0,0,0,8,0,0,0,8,99,1,-8.300000190734863,0.0,30.02370262145996,28.408119201660156,1.5,0,33,-1.0,0.0,0.0,0,0,0
1780578705.687157,0,0.3499999940395355,0,0,837,900,423158243,5,77,-0.19328409433364868,0.0,26.035852432250977,28.561874389648438,1,0,0.6000000238418579,0,0,0,0,0,8,0,0,0,8,99,1,-8.300000190734863,0.0,29.857868194580078,28.408123016357422,1.5,0,33,-1.0,0.0,0.0,0,0,0
1780578705.7074583,0,0.3499999940395355,0,0,837,900,423158243,69,77,0.0,0.0,26.0329532623291,28.561874389648438,1,0,0.6000000238418579,0,0,0,0,0,8,0,0,0,8,99,1,-8.300000190734863,0.0,29.692033767700195,28.408123016357422,1.5,0,33,-1.0,0.0,0.0,0,0,0
1780578705.7268124,0,0.3499999940395355,0,0,837,900,423158243,69,77,0.0,0.0,26.0329532623291,28.561874389648438,1,0,0.6000000238418579,0,0,0,0,0,8,0,0,0,8,99,1,-8.300000190734863,0.0,29.526199340820312,28.408123016357422,1.5,0,33,-1.0,0.0,0.0,0,0,1
1780578705.747582,0,0.3499999940395355,1,0,837,900,423158243,69,77,0.0,0.0,26.0329532623291,28.561874389648438,0,0,0.6000000238418579,0,0,0,0,0,8,0,1,0,8,99,1,-8.300000190734863,0.0,29.360363006591797,28.408123016357422,1.5,0,33,-1.0,0.0,0.0,0,0,1
1780578705.7677708,0,0.3499999940395355,1,0,837,900,423158243,69,77,0.0,0.0,26.0329532623291,28.561874389648438,0,0,0.6000000238418579,0,0,0,0,0,8,0,1,0,8,99,1,-8.300000190734863,0.0,29.194530487060547,28.40812110900879,1.5,0,33,-1.0,0.0,0.0,0,0,1
1780578705.7879453,0,0.3499999940395355,1,0,816,900,423158243,69,77,0.0,0.0,26.0329532623291,28.561874389648438,0,0,0.6000000238418579,0,0,0,0,0,8,0,1,0,8,99,1,3.75,0.0,29.028696060180664,28.40812110900879,1.5,0,44,-1.0,0.0,0.0,0,0,1
1780578705.8076832,0,0.3499999940395355,1,0,816,900,423158243,69,77,0.0,0.0,25.732954025268555,28.561874389648438,0,0,0.6000000238418579,0,0,0,0,0,8,0,1,0,8,99,1,3.75,0.0,29.034374237060547,28.40812110900879,1.5,0,44,-1.0,0.0,0.0,0,0,1
1780578705.8275077,0,0.3499999940395355,1,0,816,900,423158243,69,77,0.0,0.0,25.432954788208008,28.561874389648438,0,0,0.6000000238418579,0,0,0,0,0,8,0,1,0,8,99,1,3.75,0.0,29.109302520751953,28.408119201660156,1.5,0,44,-1.0,0.0,0.0,0,0,1
1780578705.847295,0,0.3499999940395355,1,0,816,900,423158243,69,77,0.0,0.0,25.13295555114746,28.561874389648438,1,0,0.6000000238418579,0,0,0,0,0,8,0,1,0,8,99,1,3.75,0.0,29.184226989746094,28.408119201660156,1.5,0,44,-1.0,0.0,0.0,0,0,1
1780578705.8665907,0,0.3499999940395355,1,0,816,900,423158243,69,77,0.0,0.0,24.832956314086914,28.561874389648438,1,0,0.6000000238418579,0,0,0,0,0,8,0,1,0,8,99,1,3.75,0.0,29.259151458740234,28.408123016357422,1.5,0,44,-1.0,0.0,0.0,0,0,0
1780578705.8868456,0,0.3499999940395355,1,0,816,900,423158243,69,77,0.0,0.0,24.532957077026367,28.561874389648438,1,0,0.6000000238418579,0,0,0,0,0,8,0,1,0,8,99,1,3.75,0.0,29.334077835083008,28.40812110900879,1.5,0,44,-1.0,0.0,0.0,0,0,0
1780578705.90694,0,0.3499999940395355,1,0,816,900,423158243,69,77,0.0,0.0,24.23295783996582,28.561874389648438,1,0,0.6000000238418579,0,0,0,0,0,8,0,1,0,8,99,1,3.75,0.0,29.40900421142578,28.408123016357422,1.5,0,44,-1.0,0.0,0.0,0,0,0
1780578705.9272711,0,0.3499999940395355,1,0,816,900,423158243,69,77,0.0,0.0,23.932958602905273,28.561874389648438,1,0,0.6000000238418579,0,0,0,0,0,8,0,1,0,8,99,1,3.75,0.0,29.483928680419922,28.40812110900879,1.5,0,44,-1.0,0.0,0.0,0,0,0
1780578705.9467683,0,0.3499999940395355,1,0,816,900,423158243,69,77,0.0,0.0,23.632959365844727,28.561874389648438,1,0,0.6000000238418579,0,0,0,0,0,8,0,1,0,8,99,1,3.75,0.0,29.558856964111328,28.40812110900879,1.5,0,44,-1.0,0.0,0.0,0,0,0
1780578705.966983,0,0.3499999940395355,1,0,816,900,423158243,45,77,-8.0,0.0,23.632959365844727,28.561874389648438,1,0,0.6000000238418579,0,0,0,0,0,8,0,1,0,8,99,1,3.75,0.0,29.63378143310547,28.40812110900879,1.5,0,44,-1.0,0.0,0.0,0,0,0
1780578705.9866478,0,0.3499999940395355,1,0,816,900,423158243,45,77,-8.0,0.0,23.472959518432617,28.561874389648438,1,0,0.6000000238418579,0,0,0,0,0,8,0,1,0,8,99,1,-8.300000190734863,0.0,29.53936004638672,28.408119201660156,1.5,0,44,-1.0,0.0,0.0,0,0,0
1780578706.0068,0,0.3499999940395355,1,0,816,900,423158243,45,77,-8.0,0.0,23.312959671020508,28.561874389648438,1,0,0.6000000238418579,0,0,0,0,0,8,0,1,0,8,99,1,-8.300000190734863,0.0,29.373525619506836,28.40812110900879,1.5,0,44,-1.0,0.0,0.0,0,0,0
1780578706.0267835,0,0.3499999940395355,1,0,816,900,423158243,45,77,-8.0,0.0,23.1529598236084,28.561874389648438,1,0,0.6000000238418579,0,0,0,0,0,8,0,1,0,8,99,1,-8.300000190734863,0.0,29.207691192626953,28.408119201660156,1.5,0,44,-1.0,0.0,0.0,0,0,0
1780578706.0470126,0,0.3499999940395355,1,0,816,900,423158243,45,77,-8.0,0.0,22.99295997619629,28.561874389648438,1,0,0.6000000238418579,0,0,0,0,0,8,0,1,0,8,99,1,-8.300000190734863,0.0,29.041858673095703,28.408119201660156,1.5,0,44,-1.0,0.0,0.0,0,0,0
1780578706.066784,0,0.3499999940395355,1,0,816,900,423158243,45,77,-8.0,0.0,22.83296012878418,28.561874389648438,1,0,0.6000000238418579,0,0,0,0,0,8,0,1,0,8,99,1,-8.300000190734863,0.0,28.87602424621582,28.408123016357422,1.5,0,44,-1.0,0.0,0.0,0,0,0
1780578706.0865972,0,0.3499999940395355,1,0,816,900,423158243,45,77,-8.0,0.0,22.67296028137207,28.561874389648438,1,0,0.6000000238418579,0,0,0,0,0,8,0,1,0,8,99,1,-8.300000190734863,0.0,28.710189819335938,28.40812110900879,1.5,0,44,-1.0,0.0,0.0,0,0,0
1780578706.106668,0,0.3499999940395355,0,0,816,900,423158243,45,77,-8.0,0.0,22.51296043395996,28.561874389648438,1,0,0.6000000238418579,0,0,0,0,0,8,0,0,0,8,99,1,-8.300000190734863,0.0,28.544353485107422,28.408123016357422,1.5,0,44,-1.0,0.0,0.0,0,0,0
1780578706.1272032,0,0.3499999940395355,0,0,816,900,423158243,45,77,-8.0,0.0,22.35296058654785,28.561874389648438,1,0,0.6000000238418579,0,0,0,0,0,8,0,0,0,8,99,1,-8.300000190734863,0.0,28.378520965576172,28.40812110900879,1.5,0,44,-1.0,0.0,0.0,0,0,0
1780578706.1463838,0,0.3499999940395355,0,0,816,900,423158243,45,77,-8.0,0.0,22.192960739135742,28.561874389648438,1,0,0.6000000238418579,0,0,0,0,0,8,0,0,0,8,99,1,-8.300000190734863,0.0,28.21268653869629,28.40812110900879,1.5,0,44,-1.0,0.0,0.0,0,0,0
1780578706.1665175,0,0.3499999940395355,0,0,816,900,423158243,45,77,-8.0,0.0,22.032960891723633,28.561874389648438,1,0,0.6000000238418579,0,0,0,0,0,8,0,0,0,8,99,1,-8.300000190734863,0.0,28.046850204467773,28.40812110900879,1.5,0,44,-1.0,0.0,0.0,0,0,0
1780578706.1869252,0,0.3499999940395355,0,0,816,900,423158243,45,77,-8.0,0.0,21.872961044311523,28.561874389648438,1,0,0.6000000238418579,0,0,0,0,0,8,0,0,0,8,99,1,-8.300000190734863,0.0,27.88101577758789,28.408119201660156,1.5,0,44,-1.0,0.0,0.0,0,0,0
1780578706.2070546,0,0.3499999940395355,0,0,816,900,423158243,45,77,-8.0,0.0,21.712961196899414,28.561874389648438,1,0,0.6000000238418579,0,0,0,0,0,8,0,0,0,8,99,1,-8.300000190734863,0.0,27.71518325805664,28.408119201660156,1.5,0,44,-1.0,0.0,0.0,0,0,0
1780578706.2268503,0,0.3499999940395355,0,0,816,900,423158243,45,77,-8.0,0.0,21.552961349487305,28.561874389648438,1,0,0.6000000238418579,0,0,0,0,0,8,0,0,0,8,99,1,-8.300000190734863,0.0,27.549348831176758,28.408123016357422,1.5,0,44,-1.0,0.0,0.0,0,0,0
1780578706.247181,0,0.3499999940395355,0,0,816,900,423158243,45,77,-8.0,0.0,21.392961502075195,28.561874389648438,1,0,0.6000000238418579,0,0,0,0,0,8,0,0,0,8,99,1,-8.300000190734863,0.0,27.383514404296875,28.408119201660156,1.5,0,44,-1.0,0.0,0.0,0,0,0
1780578706.2671757,0,0.3499999940395355,0,0,816,900,423158243,45,77,-8.0,0.0,21.232961654663086,28.561874389648438,1,0,0.6000000238418579,0,0,0,0,0,8,0,0,0,8,99,1,-8.300000190734863,0.0,27.21767807006836,28.408123016357422,1.5,0,44,-1.0,0.0,0.0,0,0,0
1780578706.286601,0,0.3499999940395355,0,0,816,900,423158243,45,77,-8.0,0.0,21.072961807250977,28.561874389648438,1,0,0.6000000238418579,0,0,0,0,0,8,0,0,0,8,99,1,-8.300000190734863,0.0,27.05184555053711,28.40812110900879,1.5,0,44,-1.0,0.0,0.0,0,0,0
1780578706.3074281,0,0.3499999940395355,0,0,816,900,423158243,45,77,-8.0,0.0,20.912961959838867,28.561874389648438,1,0,0.6000000238418579,0,0,0,0,0,8,0,0,0,8,99,1,-8.300000190734863,0.0,26.886011123657227,28.40812110900879,1.5,0,44,-1.0,0.0,0.0,0,0,0
1780578706.3271515,0,0.3499999940395355,0,0,816,900,423158243,45,77,-8.0,0.0,20.752962112426758,28.561874389648438,1,0,0.6000000238418579,0,0,0,0,0,8,0,0,0,8,99,1,-8.300000190734863,0.0,26.72017478942871,28.40812110900879,1.5,0,44,-1.0,0.0,0.0,0,0,0
1780578706.3470528,0,0.3499999940395355,0,0,816,900,423158243,45,77,-8.0,0.0,20.59296226501465,28.561874389648438,1,0,0.6000000238418579,0,0,0,0,0,8,0,0,0,8,99,1,-8.300000190734863,0.0,26.554340362548828,28.40812110900879,1.5,0,44,-1.0,0.0,0.0,0,0,0
1780578706.366687,0,0.3499999940395355,0,0,816,900,423158243,45,77,-8.0,0.0,20.43296241760254,28.561874389648438,1,0,0.6000000238418579,0,0,0,0,0,8,0,0,0,8,99,1,-8.300000190734863,0.0,26.388507843017578,28.408119201660156,1.5,0,44,-1.0,0.0,0.0,0,0,0
1780578706.3869932,0,0.3499999940395355,0,0,816,900,423158243,45,77,-8.0,0.0,20.27296257019043,28.561874389648438,1,0,0.6000000238418579,0,0,0,0,0,8,0,0,0,8,99,1,-8.300000190734863,0.0,26.222673416137695,28.408119201660156,1.5,0,44,-1.0,0.0,0.0,0,0,0
1780578706.4068997,0,0.3499999940395355,0,0,816,900,423158243,45,77,-8.0,0.0,20.11296272277832,28.561874389648438,1,0,0.6000000238418579,0,0,0,0,0,8,0,0,0,8,99,1,-8.300000190734863,0.0,26.056838989257812,28.408119201660156,1.5,0,44,-1.0,0.0,0.0,0,0,0
1780578706.4263985,0,0.3499999940395355,0,0,816,900,423158243,45,77,-8.0,0.0,19.95296287536621,28.561874389648438,1,0,0.6000000238418579,0,0,0,0,0,8,0,0,0,8,99,1,-8.300000190734863,0.0,25.891002655029297,28.408123016357422,1.5,0,44,-1.0,0.0,0.0,0,0,0
1780578706.44704,0,0.3499999940395355,0,0,816,900,423158243,45,77,-8.0,0.0,19.7929630279541,28.561874389648438,1,0,0.6000000238418579,0,0,0,0,0,8,0,0,0,8,99,1,-8.300000190734863,0.0,25.725170135498047,28.408123016357422,1.5,0,44,-1.0,0.0,0.0,0,0,0
1780578706.4671037,0,0.3499999940395355,0,0,816,900,423158243,7,77,0.0,0.0,19.632963180541992,28.561874389648438,1,0,0.6000000238418579,0,0,0,0,0,8,0,0,0,8,99,1,-8.300000190734863,0.0,25.559335708618164,28.40812110900879,1.5,0,44,-1.0,0.0,0.0,0,0,0
1780578706.4864855,0,0.3499999940395355,0,0,816,900,423158243,7,77,0.0,0.0,19.632963180541992,28.561874389648438,1,0,0.6000000238418579,0,0,0,0,0,8,0,0,0,8,99,1,-8.300000190734863,0.0,25.39349937438965,28.40812110900879,1.5,0,44,-1.0,0.0,0.0,0,0,0
1780578706.506449,0,0.3499999940395355,0,0,816,900,423158243,7,77,0.0,0.0,19.632963180541992,28.561874389648438,1,0,0.6000000238418579,0,0,0,0,0,8,0,0,0,8,99,1,-8.300000190734863,0.0,25.227664947509766,28.40812110900879,1.5,0,44,-1.0,0.0,0.0,0,0,0
1780578706.5266635,0,0.3499999940395355,0,0,816,900,423158243,7,77,0.0,0.0,19.632963180541992,28.561874389648438,1,0,0.6000000238418579,0,0,0,0,0,8,0,0,0,8,99,1,-8.300000190734863,0.0,25.061832427978516,28.408119201660156,1.5,0,44,-1.0,0.0,0.0,0,0,0
1780578706.546751,0,0.3499999940395355,0,0,816,900,423158243,7,77,0.0,0.0,19.632963180541992,28.561874389648438,1,0,0.6000000238418579,0,0,0,0,0,8,0,0,0,8,99,1,-8.300000190734863,0.0,24.895998001098633,28.40812110900879,1.5,0,44,-1.0,0.0,0.0,0,0,0
1780578706.5666533,0,0.3499999940395355,0,0,816,900,423158243,7,77,0.0,0.0,19.632963180541992,28.561874389648438,1,0,0.6000000238418579,0,0,0,0,0,8,0,0,0,8,99,1,-8.300000190734863,0.0,24.73016357421875,28.408119201660156,1.5,0,44,-1.0,0.0,0.0,0,0,0
1780578706.5868723,0,0.3499999940395355,0,0,816,900,423158243,7,77,0.0,0.0,19.632963180541992,28.561874389648438,1,0,0.6000000238418579,0,0,0,0,0,8,0,0,0,8,99,1,-8.300000190734863,0.0,24.564327239990234,28.408123016357422,1.5,0,44,-1.0,0.0,0.0,0,0,0
1780578706.6069946,0,0.3499999940395355,0,0,816,900,423158243,7,77,0.0,0.0,19.632963180541992,28.561874389648438,1,0,0.6000000238418579,0,0,0,0,0,8,0,0,0,8,99,1,-8.300000190734863,0.0,24.398494720458984,28.408123016357422,1.5,0,44,-1.0,0.0,0.0,0,0,0
1780578706.6269562,0,0.3499999940395355,0,0,816,900,423158243,7,77,0.0,0.0,19.632963180541992,28.561874389648438,1,0,0.6000000238418579,0,0,0,0,0,8,0,0,0,8,99,1,-8.300000190734863,0.0,24.2326602935791,28.40812110900879,1.5,0,44,-1.0,0.0,0.0,0,0,0
1780578706.646785,0,0.3499999940395355,0,0,816,900,423158243,7,77,0.0,0.0,19.632963180541992,28.561874389648438,1,0,0.6000000238418579,0,0,0,0,0,8,0,0,0,8,99,1,-8.300000190734863,0.0,24.06682586669922,28.408123016357422,1.5,0,44,-1.0,0.0,0.0,0,0,0
1780578706.66713,0,0.3499999940395355,0,0,816,900,423158243,7,77,0.0,0.0,19.632963180541992,28.561874389648438,1,0,0.6000000238418579,0,0,0,0,0,8,0,0,0,8,99,1,-8.300000190734863,0.0,23.900989532470703,28.40812110900879,1.5,0,44,-1.0,0.0,0.0,0,0,0
1780578706.686767,0,0.3499999940395355,0,0,816,900,423158243,7,77,0.0,0.0,19.632963180541992,28.561874389648438,1,0,0.6000000238418579,0,0,0,0,0,8,0,0,0,8,99,1,-8.300000190734863,0.0,23.735157012939453,28.408119201660156,1.5,0,44,-1.0,0.0,0.0,0,0,0
1780578706.706957,0,0.3499999940395355,0,0,816,900,423158243,7,77,0.0,0.0,19.632963180541992,28.561874389648438,1,0,0.6000000238418579,0,0,0,0,0,8,0,0,0,8,99,1,-8.300000190734863,0.0,23.569320678710938,28.40812110900879,1.5,0,44,-1.0,0.0,0.0,0,0,0
1780578706.7270904,0,0.3499999940395355,0,0,816,900,423158243,7,77,0.0,0.0,19.632963180541992,28.561874389648438,1,0,0.6000000238418579,0,0,0,0,0,8,0,0,0,8,99,1,-8.300000190734863,0.0,23.403488159179688,28.408119201660156,1.5,0,44,-1.0,0.0,0.0,0,0,0
1780578706.7472897,0,0.3499999940395355,0,0,816,900,423158243,7,77,0.0,0.0,19.632963180541992,28.561874389648438,1,0,0.6000000238418579,0,0,0,0,0,8,0,0,0,8,99,1,-8.300000190734863,0.0,23.237653732299805,28.408119201660156,1.5,0,44,-1.0,0.0,0.0,0,0,0
1780578706.7671716,0,0.3499999940395355,0,0,816,900,423158243,7,77,0.0,0.0,19.632963180541992,28.561874389648438,1,0,0.6000000238418579,0,0,0,0,0,8,0,0,0,8,99,1,-8.300000190734863,0.0,23.071819305419922,28.408123016357422,1.5,0,44,-1.0,0.0,0.0,0,0,1
1780578706.786544,0,0.3499999940395355,1,0,816,900,423158243,7,77,0.0,0.0,19.632963180541992,28.561874389648438,0,0,0.6000000238418579,0,0,0,0,0,8,0,1,0,8,99,1,-8.300000190734863,0.0,22.905982971191406,28.40812110900879,1.5,0,44,-1.0,0.0,0.0,0,0,1
1780578706.8066692,0,0.3499999940395355,1,0,816,900,423158243,10,77,6.574785232543945,41.0,19.632963180541992,28.561874389648438,0,0,0.6000000238418579,0,0,0,0,0,8,0,1,0,8,99,1,-8.300000190734863,0.0,22.740150451660156,28.408123016357422,1.5,0,44,-1.0,0.0,0.0,0,0,1
1780578706.8271708,0,0.3499999940395355,1,0,795,900,423158243,10,77,6.574785232543945,39.20000076293945,19.76445960998535,29.345874786376953,0,0,0.6000000238418579,0,0,0,0,0,8,0,1,0,8,99,1,3.75,0.0,22.574316024780273,28.40812110900879,1.5,0,55,-1.0,0.0,0.0,0,0,1
1780578706.847285,0,0.3499999940395355,1,0,795,900,423158243,10,77,6.574785232543945,37.400001525878906,19.595956802368164,30.093873977661133,0,0,0.6000000238418579,0,0,0,0,0,8,0,1,0,8,99,1,3.75,0.0,22.567466735839844,28.40812110900879,1.5,0,55,-1.0,0.0,0.0,0,0,1
1780578706.8665073,0,0.3499999940395355,1,0,795,900,423158243,10,77,6.574785232543945,35.60000228881836,19.427453994750977,30.80587387084961,0,0,0.6000000238418579,0,0,0,0,0,8,0,1,0,8,99,1,3.75,0.0,22.642393112182617,28.40812110900879,1.5,0,55,-1.0,1.0,0.0,0,0,1
1780578706.8873165,0,0.3499999940395355,1,0,795,900,423158243,10,77,6.574785232543945,33.80000305175781,19.25895118713379,31.481874465942383,1,0,0.6000000238418579,0,0,0,0,0,8,0,1,0,8,99,1,3.75,0.0,22.71731948852539,28.408119201660156,1.5,0,55,-1.0,1.0,0.0,0,0,0
1780578706.9070802,0,0.3499999940395355,1,0,795,900,423158243,10,77,6.574785232543945,32.000003814697266,19.0904483795166,32.12187194824219,1,0,0.6000000238418579,0,0,0,0,0,8,0,1,0,8,99,1,3.75,0.0,22.79224395751953,28.40812110900879,1.5,0,55,-1.0,1.0,0.0,0,0,0
1780578706.9271476,0,0.3499999940395355,1,0,795,900,423158243,10,77,6.574785232543945,30.20000457763672,18.921945571899414,32.72587203979492,1,0,0.6000000238418579,0,0,0,0,0,8,0,1,0,8,99,1,3.75,0.0,22.867170333862305,28.408119201660156,1.5,0,55,-1.0,1.0,0.0,0,0,0
1780578706.9469092,0,0.3499999940395355,1,0,795,900,423158243,10,77,6.574785232543945,28.400005340576172,18.753442764282227,33.29387283325195,1,0,0.6000000238418579,0,0,0,0,0,8,0,1,0,8,99,1,3.75,0.0,22.942096710205078,28.408119201660156,1.5,0,55,-1.0,1.0,0.0,0,0,0
1780578706.9672604,0,0.3499999940395355,1,0,795,900,423158243,10,77,6.574785232543945,26.600006103515625,18.58493995666504,33.82587432861328,1,0,0.6000000238418579,0,0,0,0,0,8,0,1,0,8,99,1,3.75,0.0,23.01702117919922,28.408123016357422,1.5,0,55,-1.0,1.0,0.0,0,0,0
1780578706.987129,0,0.3499999940395355,1,0,795,900,423158243,10,77,6.574785232543945,24.800006866455078,18.41643714904785,34.32187271118164,1,0,0.6000000238418579,0,0,0,0,0,8,0,1,0,8,99,1,3.75,0.0,23.091947555541992,28.40812110900879,1.5,0,55,-1.0,1.0,0.0,0,0,0
1780578707.006565,0,0.3499999940395355,1,0,795,900,423158243,10,77,6.574785232543945,23.00000762939453,18.54793357849121,34.7818717956543,1,0,0.6000000238418579,0,0,0,0,0,8,0,1,0,8,99,1,3.75,0.0,23.166873931884766,28.40812110900879,1.5,0,55,-1.0,1.0,0.0,0,0,0
1780578707.0271728,0,0.3499999940395355,1,0,795,900,423158243,10,77,6.574785232543945,21.200008392333984,18.67943000793457,35.20587158203125,1,0,0.6000000238418579,0,0,0,0,0,8,0,1,0,8,99,1,-8.300000190734863,0.0,23.08498191833496,28.40812110900879,1.5,0,55,-1.0,1.0,0.0,0,0,0
1780578707.0472279,0,0.3499999940395355,1,0,795,900,423158243,10,77,6.574785232543945,19.400009155273438,18.81092643737793,35.5938720703125,1,0,0.6000000238418579,0,0,0,0,0,8,0,1,0,8,99,1,-8.300000190734863,0.0,22.919147491455078,28.40812110900879,1.5,0,55,-1.0,1.0,0.0,0,0,0
1780578707.0669463,0,0.3499999940395355,1,0,795,900,423158243,10,77,6.574785232543945,17.60000991821289,18.94242286682129,35.94587326049805,1,0,0.6000000238418579,0,0,0,0,0,8,0,1,0,8,99,1,-8.300000190734863,0.0,22.753311157226562,28.40812110900879,1.5,0,55,-1.0,1.0,0.0,0,0,0
1780578707.0868828,0,0.3499999940395355,1,0,795,900,423158243,10,77,6.574785232543945,15.800010681152344,19.07391929626465,36.26187515258789,1,0,0.6000000238418579,0,0,0,0,0,8,0,1,0,8,99,1,-8.300000190734863,0.0,22.587478637695312,28.408119201660156,1.5,0,55,-1.0,0.0,0.0,0,0,0
1780578707.1070757,0,0.3499999940395355,1,0,795,900,423158243,10,77,6.574785232543945,14.000011444091797,19.205415725708008,36.541873931884766,1,0,0.6000000238418579,0,0,0,0,0,8,0,1,0,8,99,1,-8.300000190734863,0.0,22.42164421081543,28.408119201660156,1.5,0,55,-1.0,0.0,0.0,0,0,0
1780578707.1273382,0,0.3499999940395355,1,0,795,900,423158243,10,77,6.574785232543945,12.20001220703125,19.336912155151367,36.78587341308594,1,0,0.6000000238418579,0,0,0,0,0,8,0,1,0,8,99,1,-8.300000190734863,0.0,22.255809783935547,28.408123016357422,1.5,0,55,-1.0,0.0,0.0,0,0,0
1780578707.1466677,0,0.3499999940395355,0,0,795,900,423158243,14,77,0.0,0.0,19.468408584594727,36.993873596191406,1,0,0.6000000238418579,0,0,0,0,0,8,0,0,0,8,99,1,-8.300000190734863,0.0,22.08997344970703,28.408123016357422,1.5,0,55,-1.0,0.0,0.0,0,0,0
1780578707.166531,0,0.3499999940395355,0,0,795,900,423158243,14,77,0.0,0.0,19.468408584594727,36.993873596191406,1,0,0.6000000238418579,0,0,0,0,0,8,0,0,0,8,99,1,-8.300000190734863,0.0,21.92414093017578,28.40812110900879,1.5,0,55,-1.0,0.0,0.0,0,0,0
1780578707.1875358,0,0.3499999940395355,0,0,795,900,423158243,14,77,0.0,0.0,19.468408584594727,36.993873596191406,1,0,0.6000000238418579,0,0,0,0,0,8,0,0,0,8,99,1,-8.300000190734863,0.0,21.758304595947266,28.40812110900879,1.5,0,55,-1.0,0.0,0.0,0,0,0
1780578707.2072365,0,0.3499999940395355,0,0,795,900,423158243,14,77,0.0,0.0,19.468408584594727,36.993873596191406,1,0,0.6000000238418579,0,0,0,0,0,8,0,0,0,8,99,1,-8.300000190734863,0.0,21.592472076416016,28.40812110900879,1.5,0,55,-1.0,0.0,0.0,0,0,0
1780578707.226587,0,0.3499999940395355,0,0,795,900,423158243,14,77,0.0,0.0,19.468408584594727,36.993873596191406,1,0,0.6000000238418579,0,0,0,0,0,8,0,0,0,8,99,1,-8.300000190734863,0.0,21.426637649536133,28.40812110900879,1.5,0,55,-1.0,0.0,0.0,0,0,0
1780578707.247835,0,0.3499999940395355,0,0,795,900,423158243,14,77,0.0,0.0,19.468408584594727,36.993873596191406,1,0,0.6000000238418579,0,0,0,0,0,8,0,0,0,8,99,1,-8.300000190734863,0.0,21.26080322265625,28.40812110900879,1.5,0,55,-1.0,0.0,0.0,0,0,0
1780578707.267156,0,0.3499999940395355,0,0,795,900,423158243,14,77,0.0,0.0,19.468408584594727,36.993873596191406,1,0,0.6000000238418579,0,0,0,0,0,8,0,0,0,8,99,1,-8.300000190734863,0.0,21.094966888427734,28.408119201660156,1.5,0,55,-1.0,0.0,0.0,0,0,0
1780578707.286563,0,0.3499999940395355,0,0,795,900,423158243,14,77,0.0,0.0,19.468408584594727,36.993873596191406,1,0,0.6000000238418579,0,0,0,0,0,8,0,0,0,8,99,1,-8.300000190734863,0.0,20.929134368896484,28.408123016357422,1.5,0,55,-1.0,0.0,0.0,0,0,0
1780578707.306402,0,0.3499999940395355,0,0,795,900,423158243,14,77,0.0,0.0,19.468408584594727,36.993873596191406,1,0,0.6000000238418579,0,0,0,0,0,8,0,0,0,8,99,1,-8.300000190734863,0.0,20.76329803466797,28.408123016357422,1.5,0,55,-1.0,0.0,0.0,0,0,0
1780578707.3267741,0,0.3499999940395355,0,0,795,900,423158243,14,77,0.0,0.0,19.468408584594727,36.993873596191406,1,0,0.6000000238418579,0,0,0,0,0,8,0,0,0,8,99,1,-8.300000190734863,0.0,20.59746551513672,28.40812110900879,1.5,0,55,-1.0,0.0,0.0,0,0,0
1780578707.3471859,0,0.3499999940395355,0,0,795,900,423158243,14,77,0.0,0.0,19.468408584594727,36.993873596191406,1,0,0.6000000238418579,0,0,0,0,0,8,0,0,0,8,99,1,-8.300000190734863,0.0,20.431629180908203,28.408123016357422,1.5,0,55,-1.0,0.0,0.0,0,0,0
1780578707.3665488,0,0.3499999940395355,0,0,795,900,423158243,14,77,0.0,0.0,19.468408584594727,36.993873596191406,1,0,0.6000000238418579,0,0,0,0,0,8,0,0,0,8,99,1,-8.300000190734863,0.0,20.265796661376953,28.40812110900879,1.5,0,55,-1.0,0.0,0.0,0,0,0
1780578707.3869574,0,0.3499999940395355,0,0,795,900,423158243,14,77,0.0,0.0,19.468408584594727,36.993873596191406,1,0,0.6000000238418579,0,0,0,0,0,8,0,0,0,8,99,1,-8.300000190734863,0.0,20.099960327148438,28.40812110900879,1.5,0,55,-1.0,0.0,0.0,0,0,0
1780578707.4066472,0,0.3499999940395355,0,0,795,900,423158243,14,77,0.0,0.0,19.468408584594727,36.993873596191406,1,0,0.6000000238418579,0,0,0,0,0,8,0,0,0,8,99,1,-8.300000190734863,0.0,19.934127807617188,28.40812110900879,1.5,0,55,-1.0,0.0,0.0,0,0,0
1780578707.4270256,0,0.3499999940395355,0,0,795,900,423158243,14,77,0.0,0.0,19.468408584594727,36.993873596191406,1,0,0.6000000238418579,0,0,0,0,0,8,0,0,0,8,99,1,-8.300000190734863,0.0,19.768291473388672,28.408119201660156,1.5,0,55,-1.0,0.0,0.0,0,0,0
1780578707.4471173,0,0.3499999940395355,0,0,795,900,423158243,14,77,0.0,0.0,19.468408584594727,36.993873596191406,1,0,0.6000000238418579,0,0,0,0,0,8,0,0,0,8,99,1,-8.300000190734863,0.0,19.602458953857422,28.40812110900879,1.5,0,55,-1.0,0.0,0.0,0,0,0
1780578707.4670227,0,0.3499999940395355,0,0,795,900,423158243,14,77,0.0,0.0,19.468408584594727,36.993873596191406,1,0,0.6000000238418579,0,0,0,0,0,8,0,0,0,8,99,1,-8.300000190734863,0.0,19.43662452697754,28.408119201660156,1.5,0,55,-1.0,0.0,0.0,0,0,0
1780578707.4871476,0,0.3499999940395355,0,0,795,900,423158243,14,77,0.0,0.0,19.468408584594727,36.993873596191406,1,0,0.6000000238418579,0,0,0,0,0,8,0,0,0,8,99,1,-8.300000190734863,0.0,19.270790100097656,28.408123016357422,1.5,0,55,-1.0,0.0,0.0,0,0,0
1780578707.506496,0,0.3499999940395355,0,0,795,900,423158243,14,77,0.0,0.0,19.468408584594727,36.993873596191406,1,0,0.6000000238418579,0,0,0,0,0,8,0,0,0,8,99,1,-8.300000190734863,0.0,19.104955673217773,28.408123016357422,1.5,0,55,-1.0,0.0,0.0,0,0,0
1780578707.5269375,0,0.3499999940395355,0,0,795,900,423158243,14,77,0.0,0.0,19.468408584594727,36.993873596191406,1,0,0.6000000238418579,0,0,0,0,0,8,0,0,0,8,99,1,-8.300000190734863,0.0,18.93912124633789,28.40812110900879,1.5,0,55,-1.0,0.0,0.0,0,0,0
1780578707.5469112,0,0.3499999940395355,0,0,795,900,423158243,14,77,0.0,0.0,19.468408584594727,36.993873596191406,1,0,0.6000000238418579,0,0,0,0,0,8,0,0,0,8,99,1,-8.300000190734863,0.0,18.773284912109375,28.40812110900879,1.5,0,55,-1.0,0.0,0.0,0,0,0
1780578707.566949,0,0.3499999940395355,0,0,795,900,423158243,14,77,0.0,0.0,19.468408584594727,36.993873596191406,1,0,0.6000000238418579,0,0,0,0,0,8,0,0,0,8,99,1,-8.300000190734863,0.0,18.607452392578125,28.40812110900879,1.5,0,55,-1.0,0.0,0.0,0,0,0
1780578707.5866578,0,0.3499999940395355,0,0,795,900,423158243,14,77,0.0,0.0,19.468408584594727,36.993873596191406,1,0,0.6000000238418579,0,0,0,0,0,8,0,0,0,8,99,1,-8.300000190734863,0.0,18.441617965698242,28.408119201660156,1.5,0,55,-1.0,0.0,0.0,0,0,0
1780578707.606878,0,0.3499999940395355,0,0,795,900,423158243,15,77,8.316807746887207,-28.824134826660156,19.468408584594727,36.993873596191406,1,0,0.6000000238418579,0,0,0,0,0,8,0,0,0,8,99,1,-8.300000190734863,0.0,18.27578353881836,28.40812110900879,1.5,0,55,-1.0,0.0,0.0,0,0,0
1780578707.6274793,0,0.3499999940395355,0,0,795,900,423158243,15,77,8.316807746887207,-28.824134826660156,19.63474464416504,36.41739273071289,1,0,0.6000000238418579,0,0,0,0,0,8,0,0,0,8,99,1,-8.300000190734863,0.0,18.109949111938477,28.408119201660156,1.5,0,55,0.0,0.0,0.0,0,0,0
1780578707.647402,0,0.3499999940395355,0,0,795,900,423158243,15,77,8.316807746887207,-28.824134826660156,19.80108070373535,35.840911865234375,1,0,0.6000000238418579,0,0,0,0,0,8,0,0,0,8,99,1,-8.300000190734863,0.0,17.944114685058594,28.408119201660156,1.5,0,55,0.0,0.0,0.0,0,0,0
1780578707.6672747,0,0.3499999940395355,0,0,795,900,423158243,15,77,8.316807746887207,-28.824134826660156,19.967416763305664,35.26443099975586,1,0,0.6000000238418579,0,0,0,0,0,8,0,0,0,8,99,1,0.0,0.0,17.880985260009766,28.408123016357422,1.5,0,55,0.0,0.0,0.0,0,0,0
1780578707.6871936,0,0.3499999940395355,0,0,795,900,423158243,15,77,8.316807746887207,-28.824134826660156,20.133752822875977,34.687950134277344,1,0,0.6000000238418579,0,0,0,0,0,8,0,0,0,8,99,1,0.0,0.0,17.880985260009766,28.40812110900879,1.5,0,55,0.0,0.0,0.0,0,0,0
1780578707.706923,0,0.3499999940395355,0,0,795,900,423158243,15,77,8.316807746887207,-28.824134826660156,20.30008888244629,34.11146926879883,1,0,0.6000000238418579,0,0,0,0,0,8,0,0,0,8,99,1,0.0,0.0,17.880985260009766,28.408123016357422,1.5,0,55,0.0,0.0,0.0,0,0,0
1780578707.726659,0,0.3499999940395355,0,0,795,900,423158243,15,77,8.316807746887207,-28.824134826660156,20.4664249420166,33.53498840332031,1,0,0.6000000238418579,0,0,0,0,0,8,0,0,0,8,99,1,0.0,0.0,17.880985260009766,28.40812110900879,1.5,0,55,1.0,0.0,0.0,0,0,0
1780578707.7474167,0,0.3499999940395355,0,0,795,900,423158243,15,77,8.316807746887207,-28.824134826660156,20.632761001586914,32.9585075378418,1,0,0.6000000238418579,0,0,0,0,0,8,0,0,0,8,99,1,0.0,0.0,17.880985260009766,28.40812110900879,1.5,0,55,1.0,-1.0,0.0,0,0,0
1780578707.767313,0,0.3499999940395355,0,0,795,900,423158243,15,77,8.316807746887207,-28.824134826660156,20.799097061157227,32.38202667236328,1,0,0.6000000238418579,0,0,0,0,0,8,0,0,0,8,99,1,0.0,0.0,17.880985260009766,28.40812110900879,1.5,0,55,1.0,-1.0,0.0,0,0,0
1780578707.8074143,0,0.3499999940395355,0,0,795,900,423158243,15,77,8.316807746887207,-28.824134826660156,20.96543312072754,31.805543899536133,1,0,0.6000000238418579,0,0,1,0,0,8,0,0,0,8,99,1,8.300000190734863,0.0,17.982696533203125,28.408119201660156,1.5,0,55,1.0,-1.0,0.0,0,0,0
1780578707.8274212,0,0.3499999940395355,0,0,795,900,423158243,15,77,8.316807746887207,-28.824134826660156,21.13176918029785,31.229061126708984,1,0,0.6000000238418579,0,0,1,0,0,8,0,0,0,8,99,1,8.300000190734863,0.0,18.148529052734375,28.408119201660156,1.5,0,55,1.0,-1.0,0.0,0,0,0
1780578707.8466325,0,0.3499999940395355,0,0,795,900,423158243,15,77,8.316807746887207,-28.824134826660156,21.298105239868164,30.652578353881836,1,0,0.6000000238418579,0,0,1,0,0,8,0,0,0,8,99,1,8.300000190734863,0.0,18.314363479614258,28.408123016357422,1.5,0,55,1.0,-1.0,0.0,0,0,0
1780578707.86571,0,0.3499999940395355,0,0,795,900,423158243,15,77,8.316807746887207,-28.824134826660156,21.464441299438477,30.076095581054688,1,0,0.6000000238418579,0,0,1,0,0,8,0,0,0,8,99,1,8.300000190734863,0.0,18.48019790649414,28.408123016357422,1.5,0,55,1.0,-1.0,0.0,0,0,0
1780578707.8849971,0,0.3499999940395355,0,0,795,900,423158243,15,77,8.316807746887207,-28.824134826660156,21.63077735900879,29.49961280822754,1,0,0.6000000238418579,0,0,1,0,0,8,0,0,0,8,99,1,8.300000190734863,0.0,18.646032333374023,28.408123016357422,1.5,0,55,1.0,0.0,0.0,0,0,1
1780578707.9046173,0,0.3499999940395355,0,0,795,900,423158243,15,77,8.316807746887207,-28.824134826660156,21.7971134185791,28.92313003540039,1,0,0.6000000238418579,0,0,1,0,0,8,0,0,0,8,99,1,8.300000190734863,0.0,18.811866760253906,28.40812110900879,1.5,0,55,1.0,0.0,0.0,0,0,1
1780578707.9245114,0,0.3499999940395355,1,0,795,900,423158243,15,77,8.316807746887207,-28.824134826660156,21.963449478149414,28.346647262573242,0,0,0.6000000238418579,0,0,1,0,0,8,0,1,0,8,99,1,8.300000190734863,0.0,18.97770118713379,28.40812110900879,1.5,0,55,1.0,0.0,0.0,0,0,1
1780578707.944305,0,0.3499999940395355,1,0,795,900,423158243,15,77,8.316807746887207,-28.824134826660156,22.129785537719727,27.770164489746094,0,0,0.6000000238418579,0,0,1,0,0,8,0,1,0,8,99,1,8.300000190734863,0.0,19.143535614013672,28.40812110900879,1.5,0,55,1.0,0.0,0.0,0,0,1
1780578708.2574782,0,0.3499999940395355,1,0,774,900,423158243,59,77,10.0,20.0,22.29612159729004,27.193681716918945,0,0,0.6000000238418579,0,0,1,0,0,8,0,1,0,8,99,1,-3.75,0.0,19.359071731567383,28.40812110900879,1.5,0,66,1.0,0.0,0.0,0,0,0
1780578708.2865446,0,0.3499999940395355,1,0,774,900,423158243,59,77,10.0,18.200000762939453,22.79612159729004,28.298357009887695,0,0,0.6000000238418579,0,0,1,0,0,8,0,1,0,8,99,1,-3.75,0.0,19.32604217529297,28.408123016357422,1.5,0,66,1.0,0.0,0.0,0,0,0
1780578708.3173487,0,0.3499999940395355,1,0,774,900,423158243,60,77,0.0,0.0,23.29612159729004,28.62635612487793,0,0,0.6000000238418579,0,0,1,0,0,8,0,1,0,8,99,1,-3.75,0.0,19.236221313476562,28.408123016357422,1.5,0,66,1.0,0.0,0.0,0,0,0
1780578708.3368514,0,0.3499999940395355,1,0,774,900,423158243,60,77,0.0,-1.7999992370605469,23.596120834350586,28.590356826782227,1,0,0.6000000238418579,0,0,1,0,0,8,0,1,0,8,99,1,-3.75,0.0,19.161333084106445,28.40812110900879,1.5,0,66,1.0,0.0,0.0,0,0,0
1780578708.3572156,0,0.3499999940395355,1,0,774,900,423158243,60,77,0.0,0.0,23.896120071411133,28.56183624267578,1,0,0.6000000238418579,0,0,1,0,0,8,0,1,0,8,99,1,-3.75,0.0,19.086406707763672,28.40812110900879,1.5,0,66,1.0,0.0,0.0,0,0,0
1780578708.3773487,0,0.3499999940395355,1,0,774,900,423158243,60,77,0.0,0.0,24.19611930847168,28.56184959411621,1,0,0.6000000238418579,0,0,1,0,0,8,0,1,0,8,99,1,-3.75,0.0,19.01148223876953,28.408119201660156,1.5,0,66,1.0,0.0,0.0,0,0,0
1780578708.3966122,0,0.3499999940395355,1,0,774,900,423158243,60,77,0.0,0.0,24.496118545532227,28.561859130859375,1,0,0.6000000238418579,0,0,1,0,0,8,0,1,0,8,99,1,-3.75,0.0,18.936555862426758,28.40812110900879,1.5,0,66,1.0,0.0,0.0,0,0,0
1780578708.41636,0,0.3499999940395355,1,0,774,900,423158243,60,77,0.0,0.0,24.796117782592773,28.561864852905273,1,0,0.6000000238418579,0,0,1,0,0,8,0,1,0,8,99,1,-3.75,0.0,18.861629486083984,28.408123016357422,1.5,0,66,1.0,0.0,0.0,0,0,0
1780578708.4369242,0,0.3499999940395355,1,0,774,900,423158243,60,77,0.0,0.0,25.09611701965332,28.56186866760254,1,0,0.6000000238418579,0,0,1,0,0,8,0,1,0,8,99,1,-3.75,0.0,18.786705017089844,28.40812110900879,1.5,0,66,1.0,0.0,0.0,0,0,0
1780578708.4569325,0,0.3499999940395355,1,0,774,900,423158243,60,77,0.0,0.0,25.09611701965332,28.561870574951172,1,0,0.6000000238418579,0,0,1,0,0,8,0,1,0,8,99,1,-3.75,0.0,18.71177864074707,28.40812110900879,1.5,0,66,1.0,0.0,0.0,0,0,0
1780578708.4763978,0,0.3499999940395355,1,0,774,900,423158243,60,77,0.0,0.0,25.09611701965332,28.561870574951172,1,0,0.6000000238418579,0,0,1,0,0,8,0,1,0,8,99,1,8.300000190734863,0.0,18.839706420898438,28.40812110900879,1.5,0,66,1.0,0.0,0.0,0,0,0
1780578708.4974656,0,0.3499999940395355,1,0,774,900,423158243,60,77,0.0,0.0,25.09611701965332,28.561870574951172,1,0,0.6000000238418579,0,0,1,0,0,8,0,1,0,8,99,1,8.300000190734863,0.0,19.00554084777832,28.40812110900879,1.5,0,66,1.0,0.0,0.0,0,0,0
1780578708.5188096,0,0.3499999940395355,1,0,774,900,423158243,60,77,0.0,0.0,25.09611701965332,28.561870574951172,1,0,0.6000000238418579,0,0,1,0,0,8,0,1,0,8,99,1,8.300000190734863,0.0,19.171375274658203,28.40812110900879,1.5,0,66,1.0,0.0,0.0,0,0,0
1780578708.5383844,0,0.3499999940395355,1,0,774,900,423158243,60,77,0.0,0.0,25.09611701965332,28.561870574951172,1,0,0.6000000238418579,0,0,1,0,0,8,0,1,0,8,99,1,8.300000190734863,0.0,19.337209701538086,28.40812110900879,1.5,0,66,1.0,0.0,0.0,0,0,0
1780578708.557618,0,0.3499999940395355,1,0,774,900,423158243,60,77,0.0,0.0,25.09611701965332,28.561870574951172,1,0,0.6000000238418579,0,0,1,0,0,8,0,1,0,8,99,1,8.300000190734863,0.0,19.50304412841797,28.40812110900879,1.5,0,66,1.0,0.0,0.0,0,0,0
1780578708.5769303,0,0.3499999940395355,1,0,774,900,423158243,60,77,0.0,0.0,25.09611701965332,28.561870574951172,1,0,0.6000000238418579,0,0,1,0,0,8,0,1,0,8,99,1,8.300000190734863,0.0,19.66887855529785,28.408123016357422,1.5,0,66,1.0,0.0,0.0,0,0,0
1780578708.5986156,0,0.3499999940395355,0,0,774,900,423158243,60,77,0.0,0.0,25.09611701965332,28.561870574951172,1,0,0.6000000238418579,0,0,1,0,0,8,0,0,0,8,99,1,8.300000190734863,0.0,19.834712982177734,28.408119201660156,1.5,0,66,1.0,0.0,0.0,0,0,0
1780578708.6185644,0,0.3499999940395355,0,0,774,900,423158243,60,77,0.0,0.0,25.09611701965332,28.561870574951172,1,0,0.6000000238418579,0,0,1,0,0,8,0,0,0,8,99,1,8.300000190734863,0.0,20.000547409057617,28.40812110900879,1.5,0,66,1.0,0.0,0.0,0,0,0
1780578708.6381779,0,0.3499999940395355,0,0,774,900,423158243,60,77,0.0,0.0,25.09611701965332,28.561870574951172,1,0,0.6000000238418579,0,0,1,0,0,8,0,0,0,8,99,1,8.300000190734863,0.0,20.1663818359375,28.40812110900879,1.5,0,66,1.0,0.0,0.0,0,0,0
1780578708.6571646,0,0.3499999940395355,0,0,774,900,423158243,60,77,0.0,0.0,25.09611701965332,28.561870574951172,1,0,0.6000000238418579,0,0,1,0,0,8,0,0,0,8,99,1,8.300000190734863,0.0,20.332216262817383,28.40812110900879,1.5,0,66,1.0,0.0,0.0,0,0,0
1780578708.677105,0,0.3499999940395355,0,0,774,900,423158243,60,77,0.0,0.0,25.09611701965332,28.561870574951172,1,0,0.6000000238418579,0,0,1,0,0,8,0,0,0,8,99,1,8.300000190734863,0.0,20.498050689697266,28.40812110900879,1.5,0,66,1.0,0.0,0.0,0,0,0
1780578708.6971083,0,0.3499999940395355,0,0,774,900,423158243,60,77,0.0,0.0,25.09611701965332,28.561870574951172,1,0,0.6000000238418579,0,0,1,0,0,8,0,0,0,8,99,1,8.300000190734863,0.0,20.66388511657715,28.40812110900879,1.5,0,66,1.0,0.0,0.0,0,0,0
1780578708.7181642,0,0.3499999940395355,0,0,774,900,423158243,60,77,0.0,0.0,25.09611701965332,28.561870574951172,1,0,0.6000000238418579,0,0,1,0,0,8,0,0,0,8,99,1,8.300000190734863,0.0,20.82971954345703,28.40812110900879,1.5,0,66,1.0,0.0,0.0,0,0,0
1780578708.7381103,0,0.3499999940395355,0,0,774,900,423158243,60,77,0.0,0.0,25.09611701965332,28.561870574951172,1,0,0.6000000238418579,0,0,1,0,0,8,0,0,0,8,99,1,8.300000190734863,0.0,20.995553970336914,28.408119201660156,1.5,0,66,1.0,0.0,0.0,0,0,0
1780578708.7572896,0,0.3499999940395355,0,0,774,900,423158243,60,77,0.0,0.0,25.09611701965332,28.561870574951172,1,0,0.6000000238418579,0,0,1,0,0,8,0,0,0,8,99,1,8.300000190734863,0.0,21.161388397216797,28.408119201660156,1.5,0,66,1.0,0.0,0.0,0,0,0
1780578708.777148,0,0.3499999940395355,0,0,774,900,423158243,60,77,0.0,0.0,25.09611701965332,28.561870574951172,1,0,0.6000000238418579,0,0,1,0,0,8,0,0,0,8,99,1,8.300000190734863,0.0,21.32722282409668,28.40812110900879,1.5,0,66,1.0,0.0,0.0,0,0,0
1780578708.7973378,0,0.3499999940395355,0,0,774,900,423158243,60,77,0.0,0.0,25.09611701965332,28.561870574951172,1,0,0.6000000238418579,0,0,1,0,0,8,0,0,0,8,99,1,8.300000190734863,0.0,21.493057250976562,28.408123016357422,1.5,0,66,1.0,0.0,0.0,0,0,0
1780578708.81774,0,0.3499999940395355,0,0,774,900,423158243,60,77,0.0,0.0,25.09611701965332,28.561870574951172,1,0,0.6000000238418579,0,0,1,0,0,8,0,0,0,8,99,1,8.300000190734863,0.0,21.658891677856445,28.40812110900879,1.5,0,66,1.0,0.0,0.0,0,0,0
1780578708.8375144,0,0.3499999940395355,0,0,774,900,423158243,60,77,0.0,0.0,25.09611701965332,28.561870574951172,1,0,0.6000000238418579,0,0,1,0,0,8,0,0,0,8,99,1,8.300000190734863,0.0,21.824726104736328,28.40812110900879,1.5,0,66,1.0,0.0,0.0,0,0,0
1780578708.8583884,0,0.3499999940395355,0,0,774,900,423158243,60,77,0.0,0.0,25.09611701965332,28.561870574951172,1,0,0.6000000238418579,0,0,1,0,0,8,0,0,0,8,99,1,8.300000190734863,0.0,21.990562438964844,28.40812110900879,1.5,0,66,1.0,0.0,0.0,0,0,0
1780578708.8784802,0,0.3499999940395355,0,0,774,900,423158243,60,77,0.0,0.0,25.09611701965332,28.561870574951172,1,0,0.6000000238418579,0,0,1,0,0,8,0,0,0,8,99,1,8.300000190734863,0.0,22.156394958496094,28.40812110900879,1.5,0,66,1.0,0.0,0.0,0,0,0
1780578708.898016,0,0.3499999940395355,0,0,774,900,423158243,60,77,0.0,0.0,25.09611701965332,28.561870574951172,1,0,0.6000000238418579,0,0,1,0,0,8,0,0,1,8,99,1,8.300000190734863,0.0,22.32223129272461,28.40812110900879,1.5,0,66,1.0,0.0,0.0,1,0,0
1780578708.9181757,0,0.3499999940395355,0,0,774,900,423158243,60,77,0.0,0.0,25.09611701965332,28.561870574951172,1,0,0.6000000238418579,0,0,1,0,0,8,0,0,1,8,99,0,8.300000190734863,15.70199966430664,22.48806381225586,28.665546417236328,1.5,0,66,1.0,0.0,0.0,1,0,0
1780578708.9374423,0,0.3499999940395355,0,0,774,900,423158243,60,77,0.0,0.0,25.09611701965332,28.561870574951172,1,0,0.6000000238418579,0,0,1,0,0,8,0,0,1,8,99,0,8.300000190734863,15.70199966430664,22.653900146484375,28.979270935058594,1.5,0,66,0.0,0.0,0.0,1,0,0
1780578708.9572055,0,0.3499999940395355,0,0,774,900,423158243,60,77,0.0,0.0,25.09611701965332,28.561870574951172,1,0,0.6000000238418579,0,0,1,0,0,8,0,0,1,8,99,0,0.0,15.70199966430664,22.683990478515625,29.292997360229492,1.5,0,66,0.0,0.0,0.0,1,0,0
1780578708.9773648,0,0.3499999940395355,0,0,774,900,423158243,60,77,0.0,0.0,25.09611701965332,28.561870574951172,1,0,0.6000000238418579,0,0,1,0,0,8,0,0,1,8,99,0,0.0,15.70199966430664,22.683990478515625,29.60672378540039,1.5,0,66,0.0,0.0,0.0,1,0,0
1780578708.9970067,0,0.3499999940395355,0,0,774,900,423158243,60,77,0.0,0.0,25.09611701965332,28.561870574951172,1,0,0.6000000238418579,0,0,1,0,0,8,0,0,1,8,99,0,0.0,15.70199966430664,22.683990478515625,29.920448303222656,1.5,0,66,0.0,0.0,0.0,1,0,0
1780578709.0172732,0,0.3499999940395355,0,0,774,900,423158243,60,77,0.0,0.0,25.09611701965332,28.561870574951172,1,0,0.6000000238418579,0,0,1,0,0,8,0,0,1,8,99,0,0.0,15.70199966430664,22.683990478515625,30.234172821044922,1.5,0,66,0.0,0.0,0.0,1,0,0
1780578709.0370371,0,0.3499999940395355,0,0,774,900,423158243,60,77,0.0,0.0,25.09611701965332,28.561870574951172,1,0,0.6000000238418579,0,0,1,0,0,8,0,0,1,8,99,0,0.0,15.70199966430664,22.683990478515625,30.547897338867188,1.5,0,66,0.0,-1.0,0.0,1,0,0
1780578709.056895,0,0.3499999940395355,0,0,774,900,423158243,60,77,0.0,0.0,25.09611701965332,28.561870574951172,1,0,0.6000000238418579,0,0,1,0,0,8,0,0,1,8,99,0,0.0,15.70199966430664,22.683990478515625,30.861623764038086,1.5,0,66,-1.0,-1.0,0.0,1,0,0
1780578709.0774252,0,0.3499999940395355,0,0,774,900,423158243,60,77,0.0,0.0,25.09611701965332,28.561870574951172,1,0,0.6000000238418579,0,0,1,0,0,8,0,0,1,8,99,0,0.0,15.70199966430664,22.683990478515625,31.175350189208984,1.5,0,66,0.0,-1.0,0.0,1,0,0
1780578709.097165,0,0.3499999940395355,0,0,774,900,423158243,60,77,0.0,0.0,25.09611701965332,28.561870574951172,1,0,0.6000000238418579,0,0,1,0,0,8,0,0,1,8,99,0,0.0,15.70199966430664,22.683990478515625,31.48907470703125,1.5,0,66,0.0,-1.0,0.0,1,0,0
1780578709.1175413,0,0.3499999940395355,0,0,774,900,423158243,60,77,0.0,0.0,25.09611701965332,28.561870574951172,1,0,0.6000000238418579,0,0,1,0,0,8,0,0,0,8,99,0,0.0,14.753999710083008,22.683990478515625,31.78744888305664,1.5,0,66,0.0,-1.0,0.0,1,0,0
1780578709.1370635,0,0.3499999940395355,0,0,774,900,423158243,60,77,0.0,0.0,25.09611701965332,28.561870574951172,1,0,0.6000000238418579,0,0,1,0,0,8,0,0,0,8,99,0,0.0,13.805999755859375,22.683990478515625,32.066898345947266,1.5,0,66,0.0,-1.0,0.0,1,0,0
1780578709.1571622,0,0.3499999940395355,0,0,774,900,423158243,60,77,0.0,0.0,25.09611701965332,28.561870574951172,1,0,0.6000000238418579,0,0,1,0,0,8,0,0,0,8,99,0,0.0,12.857999801635742,22.683990478515625,32.32742691040039,1.5,0,66,0.0,-1.0,0.0,1,0,0
1780578709.177301,0,0.3499999940395355,0,0,774,900,423158243,60,77,0.0,0.0,25.09611701965332,28.561870574951172,1,0,0.6000000238418579,0,0,1,0,0,8,0,0,0,8,99,0,0.0,11.90999984741211,22.683990478515625,32.569034576416016,1.5,0,66,0.0,-1.0,0.0,0,0,0
1780578709.1972308,0,0.3499999940395355,0,0,774,900,423158243,60,77,0.0,0.0,25.09611701965332,28.561870574951172,1,0,0.6000000238418579,0,0,1,0,0,8,0,0,0,8,99,0,0.0,10.961999893188477,22.683990478515625,32.79172134399414,1.5,0,66,0.0,-1.0,0.0,0,0,0
1780578709.2180328,0,0.3499999940395355,0,0,774,900,423158243,60,77,0.0,0.0,25.09611701965332,28.561870574951172,1,0,0.6000000238418579,0,0,1,0,0,8,0,0,0,8,99,0,0.0,0.0,22.683990478515625,32.9954833984375,1.5,0,66,0.0,-1.0,0.0,0,0,0
1780578709.237253,0,0.3499999940395355,0,0,774,900,423158243,60,77,0.0,0.0,25.09611701965332,28.561870574951172,1,0,0.6000000238418579,0,0,1,1,0,8,0,0,0,8,99,0,0.0,-0.9479996562004089,22.683990478515625,33.01935577392578,1.5,0,66,0.0,-1.0,0.0,0,0,0
1780578709.256811,0,0.3499999940395355,0,0,774,900,423158243,60,77,0.0,0.0,25.09611701965332,28.561870574951172,1,0,0.6000000238418579,0,0,1,1,0,8,0,0,0,8,99,0,0.0,-1.8959993124008179,22.683990478515625,32.98519515991211,1.5,0,66,0.0,-1.0,0.0,0,1,0
1780578709.276845,0,0.3499999940395355,0,0,774,900,423158243,60,77,0.0,0.0,25.09611701965332,28.561870574951172,1,0,0.6000000238418579,0,0,1,1,0,8,0,0,0,8,99,0,0.0,-2.843998908996582,22.683990478515625,32.93211364746094,1.5,0,66,0.0,-1.0,0.0,0,1,0
1780578709.2971327,0,0.3499999940395355,0,0,774,900,423158243,60,77,0.0,0.0,25.09611701965332,28.561870574951172,1,0,0.6000000238418579,0,0,1,1,0,8,0,0,0,8,99,0,0.0,-3.7919986248016357,22.683990478515625,32.860107421875,1.5,0,66,0.0,-1.0,0.0,0,1,0
1780578709.317374,0,0.3499999940395355,0,0,774,900,423158243,60,77,0.0,0.0,25.09611701965332,28.561870574951172,1,0,0.6000000238418579,0,0,1,1,0,8,0,0,0,8,99,0,0.0,-4.7399983406066895,22.683990478515625,32.76918029785156,1.5,0,66,0.0,-1.0,0.0,0,1,0
1780578709.337233,0,0.3499999940395355,0,0,774,900,423158243,60,77,0.0,0.0,25.09611701965332,28.561870574951172,1,0,0.6000000238418579,0,0,1,1,0,8,0,0,0,8,99,0,0.0,-5.687997817993164,22.683990478515625,32.659332275390625,1.5,0,66,0.0,-1.0,0.0,0,0,0
1780578709.357724,0,0.3499999940395355,0,0,774,900,423158243,60,77,0.0,0.0,25.09611701965332,28.561870574951172,1,0,0.6000000238418579,0,0,1,1,0,8,0,0,0,8,99,0,0.0,-6.635997295379639,22.683990478515625,32.53055953979492,1.5,0,66,0.0,-1.0,0.0,0,0,0
1780578709.3773735,0,0.3499999940395355,0,0,774,900,423158243,60,77,0.0,0.0,25.09611701965332,28.561870574951172,0,0,0.6000000238418579,0,0,1,0,0,8,0,0,0,8,99,0,0.0,0.0,22.683990478515625,32.38286590576172,1.5,0,66,0.0,1.0,0.0,0,0,0
1780578709.3967028,0,0.3499999940395355,0,0,774,900,423158243,60,77,0.0,0.0,25.09611701965332,28.561870574951172,0,0,0.6000000238418579,0,0,1,0,0,8,0,0,0,8,99,0,0.0,0.0,22.683990478515625,32.35203552246094,1.5,0,66,0.0,0.0,0.0,0,0,0
1780578709.417327,0,0.3499999940395355,0,0,774,900,423158243,60,77,0.0,0.0,25.09611701965332,28.561870574951172,0,0,0.6000000238418579,0,0,1,0,0,8,0,0,0,8,99,0,0.0,0.0,22.683990478515625,32.35203552246094,1.5,0,66,0.0,0.0,0.0,0,0,0
1780578709.4371896,0,0.3499999940395355,0,0,774,900,423158243,60,77,0.0,0.0,25.09611701965332,28.561870574951172,0,0,0.6000000238418579,0,0,1,0,0,8,0,0,0,8,99,0,0.0,0.0,22.683990478515625,32.35203552246094,1.5,0,66,0.0,0.0,0.0,0,0,0
1780578709.4572105,0,0.3499999940395355,0,0,774,900,423158243,60,77,0.0,0.0,25.09611701965332,28.561870574951172,0,0,0.6000000238418579,0,0,1,0,0,8,0,0,0,8,99,0,0.0,0.0,22.683990478515625,32.35203552246094,1.5,0,66,0.0,0.0,0.0,0,0,0
1780578709.4770093,0,0.3499999940395355,0,0,774,900,423158243,60,77,0.0,0.0,25.09611701965332,28.561870574951172,0,0,0.6000000238418579,0,0,1,0,0,8,0,0,0,8,99,0,0.0,0.0,22.683990478515625,32.35203552246094,1.5,0,66,0.0,0.0,0.0,0,0,0
1780578709.4974413,0,0.3499999940395355,0,0,774,900,423158243,60,77,0.0,0.0,25.09611701965332,28.561870574951172,0,0,0.6000000238418579,0,0,1,0,0,8,0,0,0,8,99,0,0.0,0.0,22.683990478515625,32.35203552246094,1.5,0,66,0.0,0.0,0.0,0,0,0
1780578709.5171244,0,0.3499999940395355,0,0,774,900,423158243,60,77,0.0,0.0,25.09611701965332,28.561870574951172,0,0,0.6000000238418579,0,0,1,0,0,8,0,0,0,8,99,0,0.0,0.0,22.683990478515625,32.35203552246094,1.5,0,66,0.0,0.0,0.0,0,0,0
1780578709.5365446,0,0.3499999940395355,0,0,774,900,423158243,60,77,0.0,0.0,25.09611701965332,28.561870574951172,0,0,0.6000000238418579,0,0,1,0,0,8,0,0,0,8,99,0,0.0,0.0,22.683990478515625,32.35203552246094,1.5,0,66,0.0,0.0,0.0,0,0,0
1780578709.5565095,0,0.3499999940395355,0,0,774,900,423158243,60,77,0.0,0.0,25.09611701965332,28.561870574951172,0,0,0.6000000238418579,0,0,1,0,0,8,0,0,0,8,99,0,0.0,0.0,22.683990478515625,32.35203552246094,1.5,0,66,0.0,0.0,0.0,0,0,0
1780578709.5769322,0,0.3499999940395355,0,0,774,900,423158243,60,77,0.0,0.0,25.09611701965332,28.561870574951172,0,0,0.6000000238418579,0,0,1,0,0,8,0,0,0,8,99,0,0.0,0.0,22.683990478515625,32.35203552246094,1.5,0,66,0.0,0.0,0.0,0,0,0
1780578709.597083,0,0.3499999940395355,0,0,774,900,423158243,60,77,0.0,0.0,25.09611701965332,28.561870574951172,0,0,0.6000000238418579,0,0,1,0,0,8,0,0,0,8,99,0,0.0,0.0,22.683990478515625,32.35203552246094,1.5,0,66,0.0,0.0,0.0,0,0,0
1780578709.6164982,0,0.3499999940395355,0,0,774,900,423158243,60,77,0.0,0.0,25.09611701965332,28.561870574951172,0,0,0.6000000238418579,0,0,1,0,0,8,0,0,0,8,99,0,0.0,0.0,22.683990478515625,32.35203552246094,1.5,0,66,0.0,0.0,0.0,0,0,0
1780578709.6371293,0,0.3499999940395355,0,0,774,900,423158243,60,77,0.0,0.0,25.09611701965332,28.561870574951172,0,0,0.6000000238418579,0,0,1,1,0,8,0,0,0,8,99,0,0.0,-50.0,22.683990478515625,32.35203552246094,1.5,0,33,0.0,0.0,0.0,0,0,0
1780578709.657233,0,0.3499999940395355,0,0,774,900,423158243,60,77,0.0,0.0,25.09611701965332,28.561870574951172,0,0,0.6000000238418579,0,0,1,1,0,8,0,0,0,8,99,0,0.0,-50.0,22.683990478515625,31.569299697875977,1.5,0,33,0.0,0.0,0.0,0,0,0
1780578709.6773572,0,0.3499999940395355,0,0,774,900,423158243,60,77,0.0,0.0,25.09611701965332,28.561870574951172,0,0,0.6000000238418579,0,0,1,1,0,8,0,0,0,8,99,0,0.0,-50.0,22.683990478515625,30.570297241210938,1.5,0,33,0.0,0.0,0.0,0,0,0
1780578709.696791,0,0.3499999940395355,0,0,774,900,423158243,60,77,0.0,0.0,25.09611701965332,28.561870574951172,0,0,0.6000000238418579,0,0,1,1,0,8,0,0,0,8,99,0,0.0,-50.0,22.683990478515625,29.571298599243164,1.5,0,33,0.0,0.0,0.0,0,0,0
1780578709.717577,0,0.3499999940395355,0,0,774,900,423158243,60,77,0.0,0.0,25.09611701965332,28.561870574951172,0,0,0.6000000238418579,0,0,1,0,0,8,0,0,0,8,99,1,0.0,0.0,22.683990478515625,28.616003036499023,1.5,0,33,0.0,0.0,0.0,0,0,0
1780578709.7373831,0,0.3499999940395355,0,0,774,900,423158243,60,77,0.0,0.0,25.09611701965332,28.561870574951172,0,0,0.6000000238418579,0,0,1,0,0,8,0,0,0,8,99,1,0.0,0.0,22.683990478515625,28.408098220825195,1.5,0,33,0.0,0.0,0.0,0,0,0
1780578709.757157,0,0.3499999940395355,0,0,774,900,423158243,60,77,0.0,0.0,25.09611701965332,28.561870574951172,0,0,0.6000000238418579,0,0,1,0,0,8,0,0,0,8,99,1,0.0,0.0,22.683990478515625,28.40810775756836,1.5,0,33,0.0,0.0,0.0,0,0,0
1780578709.7768996,0,0.3499999940395355,0,0,774,900,423158243,60,77,0.0,0.0,25.09611701965332,28.561870574951172,0,0,0.6000000238418579,0,0,1,0,0,8,0,0,0,8,99,1,0.0,0.0,22.683990478515625,28.408113479614258,1.5,0,33,0.0,0.0,0.0,0,0,0
1780578709.797165,0,0.3499999940395355,0,0,774,900,423158243,60,77,0.0,0.0,25.09611701965332,28.561870574951172,0,0,0.6000000238418579,0,0,1,0,0,8,0,0,0,8,99,1,0.0,0.0,22.683990478515625,28.408117294311523,1.5,0,33,0.0,0.0,0.0,0,0,0
1780578709.8166003,0,0.3499999940395355,0,0,774,900,423158243,60,77,0.0,0.0,25.09611701965332,28.561870574951172,0,0,0.6000000238418579,0,0,1,0,0,8,0,0,0,8,99,1,0.0,0.0,22.683990478515625,28.408119201660156,1.5,0,33,0.0,0.0,0.0,0,0,0
1780578709.8395793,0,0.3499999940395355,0,0,744,900,423158243,7,77,0.0,0.0,25.09611701965332,28.561870574951172,0,0,0.6000000238418579,0,0,1,0,0,8,0,0,0,8,99,1,0.0,0.0,22.683990478515625,28.40812110900879,1.5,0,33,0.0,0.0,0.0,0,0,0
1780578709.859042,0,0.3499999940395355,0,0,744,900,423158243,7,77,0.0,0.0,25.696117401123047,28.561870574951172,0,0,0.6000000238418579,0,0,1,0,0,8,0,0,0,8,99,1,0.0,0.0,22.683990478515625,28.408123016357422,1.5,0,33,0.0,0.0,0.0,0,0,0
1780578709.878418,0,0.3499999940395355,0,0,744,900,423158243,7,77,0.0,0.0,26.296117782592773,28.561870574951172,0,0,0.6000000238418579,0,0,1,0,0,8,0,0,0,8,99,1,0.0,0.0,22.683990478515625,28.40812110900879,1.5,0,33,0.0,0.0,0.0,0,0,0
1780578709.8975909,0,0.3499999940395355,0,0,744,900,423158243,7,77,0.0,0.0,26.8961181640625,28.561870574951172,0,0,0.6000000238418579,0,0,1,0,0,8,0,0,0,8,99,1,0.0,0.0,22.683990478515625,28.40812110900879,1.5,0,33,0.0,0.0,0.0,0,0,0
1780578709.9167302,0,0.3499999940395355,0,0,744,900,423158243,7,77,0.0,0.0,27.496118545532227,28.561870574951172,0,0,0.6000000238418579,0,0,1,0,0,8,0,0,0,8,99,1,0.0,0.0,22.683990478515625,28.40812110900879,1.5,0,33,0.0,0.0,0.0,0,0,0
1780578709.9370885,0,0.3499999940395355,0,0,744,900,423158243,7,77,0.0,0.0,28.096118927001953,28.561870574951172,0,0,0.6000000238418579,0,0,1,0,0,8,0,0,0,8,99,1,0.0,0.0,22.683990478515625,28.40812110900879,1.5,0,33,0.0,0.0,0.0,0,0,0
1780578709.956516,0,0.3499999940395355,0,0,744,900,423158243,7,77,0.0,0.0,28.69611930847168,28.561870574951172,0,0,0.6000000238418579,0,0,1,0,0,8,0,0,0,8,99,1,0.0,0.0,22.683990478515625,28.40812110900879,1.5,0,33,0.0,0.0,0.0,0,0,0
1780578709.9764726,0,0.3499999940395355,0,0,744,900,423158243,7,77,0.0,0.0,29.296119689941406,28.561870574951172,0,0,0.6000000238418579,0,0,1,0,0,8,0,0,0,8,99,1,0.0,0.0,22.683990478515625,28.40812110900879,1.5,0,33,0.0,0.0,0.0,0,0,0
1780578709.9972227,0,0.3499999940395355,0,0,744,900,423158243,7,77,0.0,0.0,29.896120071411133,28.561870574951172,0,0,0.6000000238418579,0,0,1,0,0,8,0,0,0,8,99,1,0.0,0.0,22.683990478515625,28.40812110900879,1.5,0,33,0.0,0.0,0.0,0,0,0
1780578710.0168438,0,0.3499999940395355,0,0,744,900,423158243,7,77,0.0,0.0,29.896120071411133,28.561870574951172,0,0,0.6000000238418579,0,0,1,0,0,8,0,0,0,8,99,1,0.0,0.0,22.683990478515625,28.408123016357422,1.5,0,33,0.0,0.0,0.0,0,0,0
1780578710.0365167,0,0.3499999940395355,0,0,744,900,423158243,7,77,0.0,0.0,29.896120071411133,28.561870574951172,0,0,0.6000000238418579,0,0,1,0,0,8,0,0,0,8,99,1,0.0,0.0,22.683990478515625,28.40812110900879,1.5,0,33,0.0,0.0,0.0,0,0,0
1780578710.0569303,0,0.3499999940395355,0,0,744,900,423158243,7,77,0.0,0.0,29.896120071411133,28.561870574951172,0,0,0.6000000238418579,0,0,1,0,0,8,0,0,0,8,99,1,0.0,0.0,22.683990478515625,28.40812110900879,1.5,0,33,0.0,0.0,0.0,0,0,0
1780578710.0773208,0,0.3499999940395355,0,0,744,900,423158243,7,77,0.0,0.0,29.896120071411133,28.561870574951172,0,0,0.6000000238418579,0,0,1,0,0,8,0,0,0,8,99,1,0.0,0.0,22.683990478515625,28.40812110900879,1.5,0,33,0.0,0.0,0.0,0,0,0
1780578710.0964336,0,0.3499999940395355,0,0,744,900,423158243,7,77,0.0,0.0,29.896120071411133,28.561870574951172,0,0,0.6000000238418579,0,0,1,0,0,8,0,0,0,8,99,1,0.0,0.0,22.683990478515625,28.40812110900879,1.5,0,33,0.0,0.0,0.0,0,0,0
1780578710.1165411,0,0.3499999940395355,0,0,744,900,423158243,7,77,0.0,0.0,29.896120071411133,28.561870574951172,0,0,0.6000000238418579,0,0,1,0,0,8,0,0,0,8,99,1,0.0,0.0,22.683990478515625,28.40812110900879,1.5,0,33,0.0,0.0,0.0,0,0,0
1780578710.1371317,0,0.3499999940395355,0,0,744,900,423158243,7,77,0.0,0.0,29.896120071411133,28.561870574951172,0,0,0.6000000238418579,0,0,1,0,0,8,0,0,0,8,99,1,0.0,0.0,22.683990478515625,28.40812110900879,1.5,0,33,0.0,0.0,0.0,0,0,0
1780578710.1567407,0,0.3499999940395355,0,0,744,900,423158243,9,77,-11.35835075378418,41.0,29.896120071411133,28.561870574951172,0,0,0.6000000238418579,0,0,1,0,0,8,0,0,0,8,99,1,0.0,0.0,22.683990478515625,28.40812110900879,1.5,0,33,0.0,0.0,0.0,0,0,0
1780578710.1768558,0,0.3499999940395355,0,0,744,900,423158243,10,77,-11.35835075378418,39.20000076293945,29.66895294189453,29.345870971679688,0,0,0.6000000238418579,0,0,1,0,0,8,0,0,0,8,99,1,0.0,0.0,22.683990478515625,28.408123016357422,1.5,0,33,0.0,0.0,0.0,0,0,0
1780578710.1986032,0,0.3499999940395355,0,0,744,900,423158243,10,77,-11.35835075378418,37.400001525878906,29.44178581237793,30.093870162963867,0,0,0.6000000238418579,0,0,1,0,0,8,0,0,0,8,99,1,0.0,0.0,22.683990478515625,28.408119201660156,1.5,0,33,0.0,0.0,0.0,0,0,0
1780578710.2183068,0,0.3499999940395355,0,0,744,900,423158243,10,77,-11.35835075378418,35.60000228881836,29.214618682861328,30.805870056152344,0,0,0.6000000238418579,0,0,1,0,0,8,0,0,0,8,99,1,0.0,0.0,22.683990478515625,28.40812110900879,1.5,0,33,0.0,0.0,0.0,0,0,0
1780578710.2380362,0,0.3499999940395355,0,0,744,900,423158243,10,77,-11.35835075378418,33.80000305175781,28.987451553344727,31.481870651245117,0,0,0.6000000238418579,0,0,1,0,0,8,0,0,0,8,99,1,0.0,0.0,22.683990478515625,28.40812110900879,1.5,0,33,0.0,0.0,0.0,0,0,0
1780578710.257174,0,0.3499999940395355,0,0,744,900,423158243,10,77,-11.35835075378418,32.000003814697266,28.760284423828125,32.12186813354492,0,0,0.6000000238418579,0,0,1,0,0,8,0,0,0,8,99,1,0.0,0.0,22.683990478515625,28.40812110900879,1.5,0,33,0.0,0.0,0.0,0,0,0
1780578710.2776723,0,0.3499999940395355,0,0,744,900,423158243,10,77,-11.35835075378418,30.20000457763672,28.533117294311523,32.725868225097656,0,0,0.6000000238418579,0,0,1,0,0,8,0,0,0,8,99,1,0.0,0.0,22.683990478515625,28.40812110900879,1.5,0,33,0.0,0.0,0.0,0,0,0
1780578710.2966871,0,0.3499999940395355,0,0,744,900,423158243,10,77,-11.35835075378418,28.400005340576172,28.305950164794922,33.29386901855469,0,0,0.6000000238418579,0,0,1,0,0,8,0,0,0,8,99,1,0.0,0.0,22.683990478515625,28.40812110900879,1.5,0,33,0.0,0.0,0.0,0,0,0
1780578710.3165371,0,0.3499999940395355,0,0,744,900,423158243,10,77,-11.35835075378418,26.600006103515625,28.07878303527832,33.825870513916016,0,0,0.6000000238418579,0,0,1,0,0,8,0,0,0,8,99,1,0.0,0.0,22.683990478515625,28.40812110900879,1.5,0,33,0.0,0.0,0.0,0,0,0
1780578710.337211,0,0.3499999940395355,0,0,744,900,423158243,10,77,-11.35835075378418,24.800006866455078,27.85161590576172,34.321868896484375,0,0,0.6000000238418579,0,0,1,0,0,8,0,0,0,8,99,1,0.0,0.0,22.683990478515625,28.408119201660156,1.5,0,33,0.0,0.0,0.0,0,0,0
1780578710.3568208,0,0.3499999940395355,0,0,744,900,423158243,10,77,-11.35835075378418,23.00000762939453,27.624448776245117,34.78186798095703,0,0,0.6000000238418579,0,0,1,0,0,8,0,0,0,8,99,1,0.0,0.0,22.683990478515625,28.408119201660156,1.5,0,33,0.0,0.0,0.0,0,0,0
1780578710.377074,0,0.3499999940395355,0,0,744,900,423158243,10,77,-11.35835075378418,21.200008392333984,27.397281646728516,35.205867767333984,0,0,0.6000000238418579,0,0,1,0,0,8,0,0,0,8,99,1,0.0,0.0,22.683990478515625,28.40812110900879,1.5,0,33,0.0,0.0,0.0,0,0,0
1780578710.3969615,0,0.3499999940395355,0,0,744,900,423158243,10,77,-11.35835075378418,19.400009155273438,27.170114517211914,35.593868255615234,0,0,0.6000000238418579,0,0,1,0,0,8,0,0,0,8,99,1,0.0,0.0,22.683990478515625,28.408123016357422,1.5,0,33,0.0,0.0,0.0,0,0,0
1780578710.4171164,0,0.3499999940395355,0,0,744,900,423158243,10,77,-11.35835075378418,17.60000991821289,26.942947387695312,35.94586944580078,1,0,0.6000000238418579,0,0,1,0,0,8,0,0,0,8,99,1,0.0,0.0,22.683990478515625,28.40812110900879,1.5,0,33,0.0,0.0,0.0,0,0,0
1780578710.4368389,0,0.3499999940395355,0,0,744,900,423158243,10,77,-11.35835075378418,15.800010681152344,26.71578025817871,36.261871337890625,1,0,0.6000000238418579,0,0,1,0,0,8,0,0,0,8,99,1,0.0,0.0,22.683990478515625,28.40812110900879,1.5,0,33,0.0,0.0,0.0,0,0,0
1780578710.4569705,0,0.3499999940395355,0,0,744,900,423158243,10,77,-11.35835075378418,14.000011444091797,26.48861312866211,36.5418701171875,1,0,0.6000000238418579,0,0,1,0,0,8,0,0,0,8,99,1,0.0,0.0,22.683990478515625,28.40812110900879,1.5,0,33,0.0,0.0,0.0,0,0,0
1780578710.4771147,0,0.3499999940395355,0,0,744,900,423158243,10,77,-11.35835075378418,12.20001220703125,26.261445999145508,36.78586959838867,1,0,0.6000000238418579,0,0,1,0,0,8,0,0,0,8,99,1,0.0,0.0,22.683990478515625,28.40812110900879,1.5,0,33,0.0,0.0,0.0,0,0,0
1780578710.4966235,0,0.3499999940395355,0,0,744,900,423158243,10,77,-11.35835075378418,10.400012969970703,26.034278869628906,36.99386978149414,1,0,0.6000000238418579,0,0,1,0,0,8,0,0,0,8,99,1,0.0,0.0,22.683990478515625,28.40812110900879,1.5,0,33,0.0,0.0,0.0,0,0,0
1780578710.5164456,0,0.3499999940395355,0,0,744,900,423158243,10,77,-11.35835075378418,8.600013732910156,25.807111740112305,37.165870666503906,1,0,0.6000000238418579,0,0,1,0,0,8,0,0,0,8,99,1,0.0,0.0,22.683990478515625,28.40812110900879,1.5,0,33,0.0,0.0,0.0,0,0,0
1780578710.5368996,0,0.3499999940395355,0,0,744,900,423158243,10,77,-11.35835075378418,6.800014495849609,25.579944610595703,37.30187225341797,1,0,0.6000000238418579,0,0,1,0,0,8,0,0,0,8,99,1,0.0,0.0,22.683990478515625,28.408123016357422,1.5,0,33,0.0,0.0,0.0,0,0,0
1780578710.5570307,0,0.3499999940395355,0,0,744,900,423158243,10,77,-11.35835075378418,5.0000152587890625,25.3527774810791,37.40187072753906,1,0,0.6000000238418579,0,0,1,0,0,8,0,0,0,8,99,1,0.0,0.0,22.683990478515625,28.408123016357422,1.5,0,33,0.0,0.0,0.0,0,0,0
1780578710.5763917,0,0.3499999940395355,0,0,744,900,423158243,10,77,-11.35835075378418,3.2000160217285156,25.1256103515625,37.46586990356445,1,0,0.6000000238418579,0,0,1,0,0,8,0,0,0,8,99,1,0.0,0.0,22.683990478515625,28.40812110900879,1.5,0,33,0.0,0.0,0.0,0,0,0
1780578710.5966024,0,0.3499999940395355,0,0,744,900,423158243,10,77,-11.35835075378418,1.4000167846679688,24.8984432220459,37.49386978149414,1,0,0.6000000238418579,0,0,1,0,0,8,0,0,0,8,99,1,0.0,0.0,22.683990478515625,28.40812110900879,1.5,0,33,0.0,0.0,0.0,0,0,0
1780578710.617431,0,0.3499999940395355,0,0,744,900,423158243,10,77,-11.35835075378418,-0.3999824523925781,24.671276092529297,37.485870361328125,1,0,0.6000000238418579,0,0,1,0,0,8,0,0,0,8,99,1,0.0,0.0,22.683990478515625,28.40812110900879,1.5,0,33,0.0,0.0,0.0,0,0,0
1780578710.637154,0,0.3499999940395355,0,0,744,900,423158243,10,77,-11.35835075378418,-2.199981689453125,24.444108963012695,37.441871643066406,1,0,0.6000000238418579,0,0,1,0,0,8,0,0,0,8,99,1,0.0,0.0,22.683990478515625,28.40812110900879,1.5,0,33,0.0,0.0,0.0,0,0,0
1780578710.6566122,0,0.3499999940395355,0,0,744,900,423158243,10,77,-11.35835075378418,-3.999980926513672,24.216941833496094,37.361873626708984,1,0,0.6000000238418579,0,0,1,0,0,8,0,0,0,8,99,1,0.0,0.0,22.683990478515625,28.40812110900879,1.5,0,33,0.0,0.0,0.0,0,0,0
1780578710.6770163,0,0.3499999940395355,0,0,744,900,423158243,10,77,-11.35835075378418,-5.799980163574219,23.989774703979492,37.245872497558594,1,0,0.6000000238418579,0,0,1,0,0,8,0,0,0,8,99,1,0.0,0.0,22.683990478515625,28.40812110900879,1.5,0,33,0.0,0.0,0.0,0,0,0
1780578710.697102,0,0.3499999940395355,0,0,744,900,423158243,10,77,-11.35835075378418,-7.599979400634766,23.76260757446289,37.0938720703125,1,0,0.6000000238418579,0,0,1,0,0,8,0,0,0,8,99,1,0.0,0.0,22.683990478515625,28.40812110900879,1.5,0,33,0.0,0.0,0.0,0,0,0
1780578710.7168007,0,0.3499999940395355,0,0,744,900,423158243,10,77,-11.35835075378418,-9.399978637695312,23.53544044494629,36.9058723449707,1,0,0.6000000238418579,0,0,1,0,0,8,0,0,0,8,99,1,0.0,0.0,22.683990478515625,28.408123016357422,1.5,0,33,0.0,0.0,0.0,0,0,0
1780578710.736709,0,0.3499999940395355,0,0,744,900,423158243,10,77,-11.35835075378418,-11.19997787475586,23.308273315429688,36.6818733215332,1,0,0.6000000238418579,0,0,1,0,0,8,0,0,0,8,99,1,0.0,0.0,22.683990478515625,28.40812110900879,1.5,0,33,0.0,0.0,0.0,0,0,0
1780578710.7567787,0,0.3499999940395355,0,0,744,900,423158243,10,77,-11.35835075378418,-12.999977111816406,23.081106185913086,36.421875,1,0,0.6000000238418579,0,0,1,0,0,8,0,0,0,8,99,1,0.0,0.0,22.683990478515625,28.40812110900879,1.5,0,33,0.0,0.0,0.0,0,0,0
1780578710.7765527,0,0.3499999940395355,0,0,744,900,423158243,10,77,-11.35835075378418,-14.799976348876953,22.853939056396484,36.125877380371094,1,0,0.6000000238418579,0,0,1,0,0,8,0,0,0,8,99,1,0.0,0.0,22.683990478515625,28.40812110900879,1.5,0,33,0.0,0.0,0.0,0,0,0
1780578710.7968369,0,0.3499999940395355,0,0,744,900,423158243,10,77,-11.35835075378418,-16.5999755859375,22.626771926879883,35.79387664794922,1,0,0.6000000238418579,0,0,1,0,0,8,0,0,0,8,99,1,0.0,0.0,22.683990478515625,28.40812110900879,1.5,0,33,0.0,0.0,0.0,0,0,0
1780578710.81676,0,0.3499999940395355,0,0,744,900,423158243,10,77,-11.35835075378418,-18.399974822998047,22.39960479736328,35.42587661743164,1,0,0.6000000238418579,0,0,1,0,0,8,0,0,0,8,99,1,0.0,0.0,22.683990478515625,28.40812110900879,1.5,0,33,0.0,0.0,0.0,0,0,0
1780578710.8366182,0,0.3499999940395355,0,0,744,900,423158243,10,77,-11.35835075378418,-20.199974060058594,22.17243766784668,35.02187728881836,1,0,0.6000000238418579,0,0,1,0,0,8,0,0,0,8,99,1,0.0,0.0,22.683990478515625,28.40812110900879,1.5,0,33,0.0,0.0,0.0,0,0,0
1780578710.8563082,0,0.3499999940395355,0,0,744,900,423158243,10,77,-11.35835075378418,-21.99997329711914,21.945270538330078,34.581878662109375,1,0,0.6000000238418579,0,0,1,0,0,8,0,0,0,8,99,1,0.0,0.0,22.683990478515625,28.40812110900879,1.5,0,33,0.0,0.0,0.0,0,0,0
1780578710.876424,0,0.3499999940395355,0,0,744,900,423158243,10,77,-11.35835075378418,-23.799972534179688,21.718103408813477,34.10588073730469,1,0,0.6000000238418579,0,0,1,0,0,8,0,0,0,8,99,1,0.0,0.0,22.683990478515625,28.408119201660156,1.5,0,33,0.0,0.0,0.0,0,0,0
1780578710.8972144,0,0.3499999940395355,0,0,744,900,423158243,10,77,-11.35835075378418,-25.599971771240234,21.490936279296875,33.59387969970703,1,0,0.6000000238418579,0,0,1,0,0,8,0,0,0,8,99,1,0.0,0.0,22.683990478515625,28.408119201660156,1.5,0,33,0.0,0.0,0.0,0,0,0
1780578710.9170492,0,0.3499999940395355,0,0,744,900,423158243,10,77,-11.35835075378418,-27.39997100830078,21.263769149780273,33.04587936401367,1,0,0.6000000238418579,0,0,1,0,0,8,0,0,0,8,99,1,0.0,0.0,22.683990478515625,28.40812110900879,1.5,0,33,0.0,0.0,0.0,0,0,0
1780578710.9363627,0,0.3499999940395355,0,0,744,900,423158243,10,77,-11.35835075378418,-29.199970245361328,21.036602020263672,32.46187973022461,1,0,0.6000000238418579,0,0,1,0,0,8,0,0,0,8,99,1,0.0,0.0,22.683990478515625,28.40812110900879,1.5,0,33,0.0,0.0,0.0,0,0,0
1780578710.9569373,0,0.3499999940395355,0,0,744,900,423158243,10,77,-11.35835075378418,-30.999969482421875,20.80943489074707,31.841880798339844,1,0,0.6000000238418579,0,0,1,0,0,8,0,0,0,8,99,1,0.0,0.0,22.683990478515625,28.408123016357422,1.5,0,33,0.0,0.0,0.0,0,0,0
1780578710.9769547,0,0.3499999940395355,0,0,744,900,423158243,10,77,-11.35835075378418,-32.79996871948242,20.58226776123047,31.185882568359375,1,0,0.6000000238418579,0,0,1,0,0,8,0,0,0,8,99,1,0.0,0.0,22.683990478515625,28.40812110900879,1.5,0,33,0.0,0.0,0.0,0,0,0
1780578710.996312,0,0.3499999940395355,0,0,744,900,423158243,10,77,-11.35835075378418,-34.59996795654297,20.355100631713867,30.49388313293457,1,0,0.6000000238418579,0,0,1,0,0,8,0,0,0,8,99,1,0.0,0.0,22.683990478515625,28.40812110900879,1.5,0,33,0.0,0.0,0.0,0,0,0
1780578711.0163572,0,0.3499999940395355,0,0,744,900,423158243,10,77,-11.35835075378418,-36.399967193603516,20.127933502197266,29.765884399414062,1,0,0.6000000238418579,0,0,1,0,0,8,0,0,0,8,99,1,0.0,0.0,22.683990478515625,28.40812110900879,1.5,0,33,0.0,0.0,0.0,0,0,0
1780578711.0367336,0,0.3499999940395355,0,0,744,900,423158243,10,77,-11.35835075378418,-38.19996643066406,19.900766372680664,29.00188446044922,1,0,0.6000000238418579,0,0,1,0,0,8,0,0,0,8,99,1,0.0,0.0,22.683990478515625,28.408119201660156,1.5,0,33,0.0,0.0,0.0,0,0,0
1780578711.056989,0,0.3499999940395355,0,0,744,900,423158243,11,77,0.0,0.0,19.673599243164062,28.56183624267578,1,0,0.6000000238418579,0,0,1,0,0,8,0,0,0,8,99,1,0.0,0.0,22.683990478515625,28.408119201660156,1.5,0,33,0.0,0.0,0.0,0,0,0
1780578711.0763803,0,0.3499999940395355,0,0,744,900,423158243,11,77,0.0,0.0,19.673599243164062,28.56184959411621,1,0,0.6000000238418579,0,0,1,0,0,8,0,0,0,8,99,1,0.0,0.0,22.683990478515625,28.408123016357422,1.5,0,33,0.0,0.0,0.0,0,0,0
1780578711.09686,0,0.3499999940395355,0,0,744,900,423158243,11,77,0.0,0.0,19.673599243164062,28.561859130859375,1,0,0.6000000238418579,0,0,1,0,0,8,0,0,0,8,99,1,0.0,0.0,22.683990478515625,28.408123016357422,1.5,0,33,0.0,0.0,0.0,0,0,0
1780578711.117109,0,0.3499999940395355,0,0,744,900,423158243,11,77,0.0,0.0,19.673599243164062,28.561864852905273,1,0,0.6000000238418579,0,0,1,0,0,8,0,0,0,8,99,1,0.0,0.0,22.683990478515625,28.40812110900879,1.5,0,33,0.0,0.0,0.0,0,0,0
1780578711.1370413,0,0.3499999940395355,0,0,744,900,423158243,11,77,0.0,0.0,19.673599243164062,28.56186866760254,1,0,0.6000000238418579,0,0,1,0,0,8,0,0,0,8,99,1,0.0,0.0,22.683990478515625,28.40812110900879,1.5,0,33,-1.0,0.0,0.0,0,0,0
1780578711.1569686,0,0.3499999940395355,0,0,744,900,423158243,11,77,0.0,0.0,19.673599243164062,28.561870574951172,1,0,0.6000000238418579,0,0,1,0,0,8,0,0,0,8,99,1,0.0,0.0,22.683990478515625,28.40812110900879,1.5,0,33,-1.0,0.0,0.0,0,0,0
1780578711.1770613,0,0.3499999940395355,0,0,744,900,423158243,11,77,0.0,0.0,19.673599243164062,28.561870574951172,1,0,0.6000000238418579,0,0,1,0,0,8,0,0,0,8,99,1,0.0,0.0,22.683990478515625,28.40812110900879,1.5,0,33,-1.0,0.0,0.0,0,0,0
1780578711.196982,0,0.3499999940395355,0,0,744,900,423158243,11,77,0.0,0.0,19.673599243164062,28.561870574951172,1,0,0.6000000238418579,0,0,0,0,0,8,0,0,0,8,99,1,-8.300000190734863,0.0,22.56683349609375,28.40812110900879,1.5,0,33,-1.0,0.0,0.0,0,0,0
1780578711.2168093,0,0.3499999940395355,0,0,744,900,423158243,11,77,0.0,0.0,19.673599243164062,28.561870574951172,1,0,0.6000000238418579,0,0,0,0,0,8,0,0,0,8,99,1,-8.300000190734863,0.0,22.400999069213867,28.408119201660156,1.5,0,33,-1.0,0.0,0.0,0,0,0
1780578711.2370126,0,0.3499999940395355,0,0,744,900,423158243,11,77,0.0,0.0,19.673599243164062,28.561870574951172,1,0,0.6000000238418579,0,0,0,0,0,8,0,0,0,8,99,1,-8.300000190734863,0.0,22.235164642333984,28.408123016357422,1.5,0,33,-1.0,0.0,0.0,0,0,0
1780578711.2571762,0,0.3499999940395355,0,0,744,900,423158243,11,77,0.0,0.0,19.673599243164062,28.561870574951172,1,0,0.6000000238418579,0,0,0,0,0,8,0,0,0,8,99,1,-8.300000190734863,0.0,22.0693302154541,28.408123016357422,1.5,0,33,-1.0,0.0,0.0,0,0,1
1780578711.27714,0,0.3499999940395355,1,0,744,900,423158243,11,77,0.0,0.0,19.673599243164062,28.561870574951172,0,0,0.6000000238418579,0,0,0,0,0,8,0,1,0,8,99,1,-8.300000190734863,0.0,21.90349578857422,28.40812110900879,1.5,0,33,-1.0,0.0,0.0,0,0,1
1780578711.2969003,0,0.3499999940395355,1,0,744,900,423158243,51,77,0.0,0.0,19.673599243164062,28.561870574951172,0,0,0.6000000238418579,0,0,0,0,0,8,0,1,0,8,99,1,-8.300000190734863,0.0,21.737661361694336,28.408123016357422,1.5,0,33,-1.0,0.0,0.0,0,0,1
1780578711.3172498,0,0.3499999940395355,1,0,723,900,423158243,51,77,0.0,0.0,19.673599243164062,28.561870574951172,0,0,0.6000000238418579,0,0,0,0,0,8,0,1,0,8,99,1,3.75,0.0,21.571826934814453,28.40812110900879,1.5,0,44,-1.0,0.0,0.0,0,0,1
1780578711.3371632,0,0.3499999940395355,1,0,723,900,423158243,51,77,0.0,0.0,19.373600006103516,28.561870574951172,0,0,0.6000000238418579,0,0,0,0,0,8,0,1,0,8,99,1,3.75,0.0,21.57439613342285,28.40812110900879,1.5,0,44,-1.0,0.0,0.0,0,0,1
1780578711.356626,0,0.3499999940395355,1,0,723,900,423158243,51,77,0.0,0.0,19.07360076904297,28.561870574951172,0,0,0.6000000238418579,0,0,0,0,0,8,0,1,0,8,99,1,3.75,0.0,21.649322509765625,28.40812110900879,1.5,0,44,-1.0,0.0,0.0,0,0,1
1780578711.3772454,0,0.3499999940395355,1,0,723,900,423158243,51,77,0.0,0.0,18.773601531982422,28.561870574951172,1,0,0.6000000238418579,0,0,0,0,0,8,0,1,0,8,99,1,3.75,0.0,21.724246978759766,28.408119201660156,1.5,0,44,-1.0,0.0,0.0,0,0,1
1780578711.3971019,0,0.3499999940395355,1,0,723,900,423158243,51,77,0.0,0.0,18.473602294921875,28.561870574951172,1,0,0.6000000238418579,0,0,0,0,0,8,0,1,0,8,99,1,3.75,0.0,21.79917335510254,28.40812110900879,1.5,0,44,-1.0,0.0,0.0,0,0,1
1780578711.4168882,0,0.3499999940395355,1,0,723,900,423158243,51,77,0.0,0.0,18.173603057861328,28.561870574951172,1,0,0.6000000238418579,0,0,0,0,0,8,0,1,0,8,99,1,3.75,0.0,21.874099731445312,28.408119201660156,1.5,0,44,-1.0,0.0,0.0,0,0,0
1780578711.4369628,0,0.3499999940395355,1,0,723,900,423158243,51,77,0.0,0.0,17.87360382080078,28.561870574951172,1,0,0.6000000238418579,0,0,0,0,0,8,0,1,0,8,99,1,3.75,0.0,21.949024200439453,28.408123016357422,1.5,0,44,-1.0,0.0,0.0,0,0,0
1780578711.4569297,0,0.3499999940395355,1,0,723,900,423158243,51,77,0.0,0.0,17.573604583740234,28.561870574951172,1,0,0.6000000238418579,0,0,0,0,0,8,0,1,0,8,99,1,3.75,0.0,22.023950576782227,28.408123016357422,1.5,0,44,-1.0,0.0,0.0,0,0,0
1780578711.4770193,0,0.3499999940395355,1,0,723,900,423158243,51,77,0.0,0.0,17.273605346679688,28.561870574951172,1,0,0.6000000238418579,0,0,0,0,0,8,0,1,0,8,99,1,3.75,0.0,22.098876953125,28.40812110900879,1.5,0,44,-1.0,0.0,0.0,0,0,0
1780578711.4967256,0,0.3499999940395355,1,0,723,900,423158243,51,77,0.0,0.0,17.273605346679688,28.561870574951172,1,0,0.6000000238418579,0,0,0,0,0,8,0,1,0,8,99,1,3.75,0.0,22.17380142211914,28.408123016357422,1.5,0,44,-1.0,0.0,0.0,0,0,0
1780578711.517537,0,0.3499999940395355,1,0,723,900,423158243,51,77,0.0,0.0,17.273605346679688,28.561870574951172,1,0,0.6000000238418579,0,0,0,0,0,8,0,1,0,8,99,1,-8.300000190734863,0.0,22.08249282836914,28.40812110900879,1.5,0,44,-1.0,0.0,0.0,0,0,0
1780578711.5406876,0,0.3499999940395355,1,0,723,900,423158243,51,77,0.0,0.0,17.273605346679688,28.561870574951172,1,0,0.6000000238418579,0,0,0,0,0,8,0,1,0,8,99,1,-8.300000190734863,0.0,21.916658401489258,28.408119201660156,1.5,0,44,-1.0,0.0,0.0,0,0,0
1780578711.5619135,0,0.3499999940395355,1,0,723,900,423158243,52,77,-22.0,0.0,17.273605346679688,28.561870574951172,1,0,0.6000000238418579,0,0,0,0,0,8,0,1,0,8,99,1,-8.300000190734863,0.0,21.750823974609375,28.40812110900879,1.5,0,44,-1.0,0.0,0.0,0,0,0
1780578711.5837498,0,0.3499999940395355,1,0,723,900,423158243,52,77,-22.0,0.0,16.83360481262207,28.561870574951172,1,0,0.6000000238418579,0,0,0,0,0,8,0,1,0,8,99,1,-8.300000190734863,0.0,21.584989547729492,28.408119201660156,1.5,0,44,-1.0,0.0,0.0,0,0,0
1780578711.604568,0,0.3499999940395355,1,0,723,900,423158243,52,77,-22.0,0.0,16.393604278564453,28.561870574951172,1,0,0.6000000238418579,0,0,0,0,0,8,0,1,0,8,99,1,-8.300000190734863,0.0,21.41915512084961,28.408119201660156,1.5,0,44,-1.0,0.0,0.0,0,0,0
1780578711.6256473,0,0.3499999940395355,1,0,723,900,423158243,52,77,-22.0,0.0,15.953604698181152,28.561870574951172,1,0,0.6000000238418579,0,0,0,0,0,8,0,1,0,8,99,1,-8.300000190734863,0.0,21.253320693969727,28.408123016357422,1.5,0,44,-1.0,0.0,0.0,0,0,0
1780578711.6447954,0,0.3499999940395355,0,0,723,900,423158243,56,77,0.0,0.0,15.58236312866211,28.561874389648438,1,0,0.6000000238418579,0,0,0,0,0,8,0,0,0,8,99,1,-8.300000190734863,0.0,21.087486267089844,28.40812110900879,1.5,0,44,-1.0,0.0,0.0,0,0,0
1780578711.668488,0,0.3499999940395355,0,0,723,900,423158243,56,77,0.0,0.0,15.582377433776855,28.561874389648438,1,0,0.6000000238418579,0,0,0,0,0,8,0,0,0,8,99,1,-8.300000190734863,0.0,20.92165184020996,28.408123016357422,1.5,0,44,-1.0,0.0,0.0,0,0,0
1780578711.6890492,0,0.3499999940395355,0,0,723,900,423158243,56,77,0.0,0.0,15.582386016845703,28.561874389648438,1,0,0.6000000238418579,0,0,0,0,0,8,0,0,0,8,99,1,-8.300000190734863,0.0,20.755817413330078,28.40812110900879,1.5,0,44,-1.0,0.0,0.0,0,0,0
1780578711.7086515,0,0.3499999940395355,0,0,723,900,423158243,56,77,0.0,0.0,15.582391738891602,28.561874389648438,1,0,0.6000000238418579,0,0,0,0,0,8,0,0,0,8,99,1,-8.300000190734863,0.0,20.589982986450195,28.40812110900879,1.5,0,44,-1.0,0.0,0.0,0,0,0
1780578711.7280574,0,0.3499999940395355,0,0,723,900,423158243,56,77,0.0,0.0,15.582395553588867,28.561874389648438,1,0,0.6000000238418579,0,0,0,0,0,8,0,0,0,8,99,1,-8.300000190734863,0.0,20.424148559570312,28.40812110900879,1.5,0,44,-1.0,0.0,0.0,0,0,0
1780578711.7469897,0,0.3499999940395355,0,0,723,900,423158243,56,77,0.0,0.0,15.5823974609375,28.561874389648438,1,0,0.6000000238418579,0,0,0,0,0,8,0,0,0,8,99,1,-8.300000190734863,0.0,20.25831413269043,28.408119201660156,1.5,0,44,-1.0,0.0,0.0,0,0,1
1780578711.7661152,0,0.3499999940395355,0,0,723,900,423158243,56,77,0.0,0.0,15.582399368286133,28.561874389648438,1,0,0.6000000238418579,0,0,0,0,0,8,0,0,0,8,99,1,-8.300000190734863,0.0,20.092479705810547,28.408119201660156,1.5,0,44,-1.0,0.0,0.0,0,0,1
1780578711.7864575,0,0.3499999940395355,1,0,723,900,423158243,56,77,0.0,0.0,15.58240032196045,28.561874389648438,0,0,0.6000000238418579,0,0,0,0,0,8,0,1,0,8,99,1,-8.300000190734863,0.0,19.926645278930664,28.408123016357422,1.5,0,44,-1.0,0.0,0.0,0,0,1
1780578711.8065143,0,0.3499999940395355,1,0,723,900,423158243,56,77,0.0,0.0,15.58240032196045,28.561874389648438,0,0,0.6000000238418579,0,0,0,0,0,8,0,1,0,8,99,1,-8.300000190734863,0.0,19.76081085205078,28.408119201660156,1.5,0,44,-1.0,0.0,0.0,0,0,1
1780578711.8264976,0,0.3499999940395355,1,0,723,900,423158243,56,77,0.0,0.0,15.58240032196045,28.561874389648438,0,0,0.6000000238418579,0,0,0,0,0,8,0,1,0,8,99,1,-8.300000190734863,0.0,19.5949764251709,28.408123016357422,1.5,0,44,-1.0,0.0,0.0,0,0,1
1780578711.8470411,0,0.3499999940395355,1,0,723,900,423158243,56,77,0.0,0.0,15.58240032196045,28.561874389648438,0,0,0.6000000238418579,0,0,0,0,0,8,0,1,0,8,99,1,-8.300000190734863,0.0,19.429141998291016,28.40812110900879,1.5,0,44,-1.0,0.0,0.0,0,0,1
1780578711.868492,0,0.3499999940395355,1,0,723,900,423158243,56,77,0.0,0.0,15.58240032196045,28.561874389648438,0,0,0.6000000238418579,0,0,0,0,0,8,0,1,0,8,99,1,-8.300000190734863,0.0,19.263307571411133,28.40812110900879,1.5,0,44,-1.0,0.0,0.0,0,0,1
1780578711.8886764,0,0.3499999940395355,1,0,702,900,423158243,1,77,0.0,0.0,15.58240032196045,28.561874389648438,1,0,0.6000000238418579,0,0,0,0,0,8,0,1,0,8,99,1,3.75,0.0,19.09747314453125,28.40812110900879,1.5,0,55,-1.0,0.0,0.0,0,0,1
1780578711.908113,0,0.3499999940395355,1,0,702,900,423158243,1,77,0.0,0.0,15.576258659362793,28.561874389648438,1,0,0.6000000238418579,0,0,0,0,0,8,0,1,0,8,99,1,3.75,0.0,19.09329605102539,28.40812110900879,1.5,0,55,-1.0,0.0,0.0,0,0,0
1780578711.9278812,0,0.3499999940395355,1,0,702,900,423158243,1,77,0.0,0.0,15.578470230102539,28.561874389648438,1,0,0.6000000238418579,0,0,0,0,0,8,0,1,0,8,99,1,3.75,0.0,19.168222427368164,28.408119201660156,1.5,0,55,-1.0,0.0,0.0,0,0,0
1780578711.947306,0,0.3499999940395355,1,0,702,900,423158243,1,77,0.0,0.0,15.579886436462402,28.561874389648438,1,0,0.6000000238418579,0,0,0,0,0,8,0,1,0,8,99,1,3.75,0.0,19.243148803710938,28.408123016357422,1.5,0,55,-1.0,0.0,0.0,0,0,0
1780578711.9665353,0,0.3499999940395355,1,0,702,900,423158243,1,77,0.0,0.0,15.580792427062988,28.561874389648438,1,0,0.6000000238418579,0,0,0,0,0,8,0,1,0,8,99,1,3.75,0.0,19.318073272705078,28.408119201660156,1.5,0,55,-1.0,0.0,0.0,0,0,0
1780578711.9866004,0,0.3499999940395355,1,0,702,900,423158243,1,77,0.0,0.0,15.581372261047363,28.561874389648438,1,0,0.6000000238418579,0,0,0,0,0,8,0,1,0,8,99,1,3.75,0.0,19.39299964904785,28.408123016357422,1.5,0,55,-1.0,0.0,0.0,0,0,0
1780578712.006598,0,0.3499999940395355,1,0,702,900,423158243,1,77,0.0,0.0,15.581743240356445,28.561874389648438,1,0,0.6000000238418579,0,0,0,0,0,8,0,1,0,8,99,1,3.75,0.0,19.467926025390625,28.408123016357422,1.5,0,55,-1.0,0.0,0.0,0,0,0
1780578712.0264275,0,0.3499999940395355,1,0,702,900,423158243,1,77,0.0,0.0,15.58198070526123,28.561874389648438,1,0,0.6000000238418579,0,0,0,0,0,8,0,1,0,8,99,1,3.75,0.0,19.542850494384766,28.40812110900879,1.5,0,55,-1.0,0.0,0.0,0,0,0
1780578712.0457485,0,0.3499999940395355,1,0,702,900,423158243,1,77,0.0,0.0,15.582132339477539,28.561874389648438,1,0,0.6000000238418579,0,0,0,0,0,8,0,1,0,8,99,1,3.75,0.0,19.61777687072754,28.40812110900879,1.5,0,55,-1.0,0.0,0.0,0,0,0
1780578712.0659177,0,0.3499999940395355,1,0,702,900,423158243,1,77,0.0,0.0,15.582229614257812,28.561874389648438,1,0,0.6000000238418579,0,0,0,0,0,8,0,1,0,8,99,1,3.75,0.0,19.692703247070312,28.40812110900879,1.5,0,55,-1.0,0.0,0.0,0,0,0
1780578712.0854096,0,0.3499999940395355,1,0,702,900,423158243,1,77,0.0,0.0,15.582291603088379,28.561874389648438,1,0,0.6000000238418579,0,0,0,0,0,8,0,1,0,8,99,1,-8.300000190734863,0.0,19.608139038085938,28.408119201660156,1.5,0,55,-1.0,0.0,0.0,0,0,0
1780578712.104494,0,0.3499999940395355,1,0,702,900,423158243,1,77,0.0,0.0,15.582331657409668,28.561874389648438,1,0,0.6000000238418579,0,0,0,0,0,8,0,1,0,8,99,1,-8.300000190734863,0.0,19.442304611206055,28.40812110900879,1.5,0,55,0.0,0.0,0.0,0,0,0
1780578712.1245792,0,0.3499999940395355,1,0,702,900,423158243,1,77,0.0,0.0,15.582357406616211,28.561874389648438,1,0,0.6000000238418579,0,0,0,0,0,8,0,1,0,8,99,1,-8.300000190734863,0.0,19.276470184326172,28.408119201660156,1.5,0,55,0.0,0.0,0.0,0,0,0
1780578712.1443205,0,0.3499999940395355,0,0,702,900,423158243,1,77,0.0,0.0,15.58237361907959,28.561874389648438,1,0,0.6000000238418579,0,0,0,0,0,8,0,0,0,8,99,1,-8.300000190734863,0.0,19.11063575744629,28.408123016357422,1.5,0,55,0.0,0.0,0.0,0,0,0
1780578712.1646671,0,0.3499999940395355,0,0,702,900,423158243,1,77,0.0,0.0,15.58238410949707,28.561874389648438,1,0,0.6000000238418579,0,0,0,0,0,8,0,0,0,8,99,1,0.0,0.0,19.053993225097656,28.408123016357422,1.5,0,55,0.0,0.0,0.0,0,0,0
1780578712.1843054,0,0.3499999940395355,0,0,702,900,423158243,1,77,0.0,0.0,15.582390785217285,28.561874389648438,1,0,0.6000000238418579,0,0,0,0,0,8,0,0,0,8,99,1,0.0,0.0,19.053993225097656,28.40812110900879,1.5,0,55,0.0,0.0,0.0,0,0,0
1780578712.2048275,0,0.3499999940395355,0,0,702,900,423158243,1,77,0.0,0.0,15.58239459991455,28.561874389648438,1,0,0.6000000238418579,0,0,0,0,0,8,0,0,0,8,99,1,0.0,0.0,19.053993225097656,28.408123016357422,1.5,0,55,0.0,0.0,0.0,0,0,0
1780578712.2249672,0,0.3499999940395355,0,0,702,900,423158243,1,77,0.0,0.0,15.5823974609375,28.561874389648438,1,0,0.6000000238418579,0,0,0,0,0,8,0,0,0,8,99,1,0.0,0.0,19.053993225097656,28.40812110900879,1.5,0,55,0.0,0.0,0.0,0,0,0
1780578712.2446418,0,0.3499999940395355,0,0,702,900,423158243,1,77,0.0,0.0,15.582399368286133,28.561874389648438,1,0,0.6000000238418579,0,0,0,0,0,8,0,0,0,8,99,1,0.0,0.0,19.053993225097656,28.40812110900879,1.5,0,55,0.0,0.0,0.0,0,0,1
1780578712.2643332,0,0.3499999940395355,1,0,702,900,423158243,1,77,0.0,0.0,15.58240032196045,28.561874389648438,0,0,0.6000000238418579,0,0,0,0,0,8,0,1,0,8,99,1,0.0,0.0,19.053993225097656,28.40812110900879,1.5,0,55,0.0,0.0,0.0,0,0,1
1780578712.2843187,0,0.3499999940395355,1,0,702,900,423158243,25,77,0.0,0.0,15.58240032196045,28.561874389648438,0,0,0.6000000238418579,0,0,0,0,0,8,0,1,0,8,99,1,0.0,0.0,19.053993225097656,28.408119201660156,1.5,0,55,0.0,0.0,0.0,0,0,1
1780578712.3044753,0,0.3499999940395355,1,0,681,900,423158243,25,77,0.0,0.0,15.58240032196045,28.561874389648438,0,0,0.6000000238418579,0,0,0,0,0,8,0,1,0,8,99,1,3.75,0.0,19.053993225097656,28.40812110900879,1.5,0,66,0.0,0.0,0.0,0,0,1
1780578712.3245795,0,0.3499999940395355,1,0,681,900,423158243,25,77,0.0,0.0,15.576258659362793,28.561874389648438,0,0,0.6000000238418579,0,0,0,0,0,8,0,1,0,8,99,1,3.75,0.0,19.10272789001465,28.408119201660156,1.5,0,66,0.0,0.0,0.0,0,0,1
1780578712.3444333,0,0.3499999940395355,1,0,681,900,423158243,25,77,0.0,0.0,15.578470230102539,28.561874389648438,0,0,0.6000000238418579,0,0,0,0,0,8,0,1,0,8,99,1,3.75,0.0,19.17765235900879,28.408123016357422,1.5,0,66,0.0,0.0,0.0,0,0,1
1780578712.3641083,0,0.3499999940395355,1,0,681,900,423158243,25,77,0.0,0.0,15.579886436462402,28.561874389648438,0,0,0.6000000238418579,0,0,0,0,0,8,0,1,0,8,99,1,3.75,0.0,19.252578735351562,28.408123016357422,1.5,0,66,0.0,0.0,0.0,0,0,1
1780578712.3840714,0,0.3499999940395355,1,0,681,900,423158243,25,77,0.0,0.0,15.580792427062988,28.561874389648438,1,0,0.6000000238418579,0,0,0,0,0,8,0,1,0,8,99,1,3.75,0.0,19.327503204345703,28.40812110900879,1.5,0,66,0.0,0.0,0.0,0,0,0
1780578712.403064,0,0.3499999940395355,1,0,681,900,423158243,25,77,0.0,0.0,15.581372261047363,28.561874389648438,1,0,0.6000000238418579,0,0,0,0,0,8,0,1,0,8,99,1,3.75,0.0,19.40243148803711,28.40812110900879,1.5,0,66,0.0,0.0,0.0,0,0,0
1780578712.4218166,0,0.3499999940395355,1,0,681,900,423158243,25,77,0.0,0.0,15.581743240356445,28.561874389648438,1,0,0.6000000238418579,0,0,0,0,0,8,0,1,0,8,99,1,3.75,0.0,19.47735595703125,28.40812110900879,1.5,0,66,0.0,0.0,0.0,0,0,0
1780578712.4412353,0,0.3499999940395355,1,0,681,900,423158243,25,77,0.0,0.0,15.58198070526123,28.561874389648438,1,0,0.6000000238418579,0,0,0,0,0,8,0,1,0,8,99,1,3.75,0.0,19.552282333374023,28.408119201660156,1.5,0,66,0.0,0.0,0.0,0,0,0
1780578712.459797,0,0.3499999940395355,1,0,681,900,423158243,25,77,0.0,0.0,15.582132339477539,28.561874389648438,1,0,0.6000000238418579,0,0,0,0,0,8,0,1,0,8,99,1,3.75,0.0,19.627208709716797,28.40812110900879,1.5,0,66,0.0,0.0,0.0,0,0,0
1780578712.4792397,0,0.3499999940395355,1,0,681,900,423158243,25,77,0.0,0.0,15.582229614257812,28.561874389648438,1,0,0.6000000238418579,0,0,0,0,0,8,0,1,0,8,99,1,3.75,0.0,19.702133178710938,28.408119201660156,1.5,0,66,0.0,0.0,0.0,0,0,0
1780578712.4978867,0,0.3499999940395355,1,0,681,900,423158243,25,77,0.0,0.0,15.582291603088379,28.561874389648438,1,0,0.6000000238418579,0,0,0,0,0,8,0,1,0,8,99,1,0.0,0.0,19.729000091552734,28.408119201660156,1.5,0,66,0.0,0.0,0.0,0,0,0
1780578712.5168884,0,0.3499999940395355,1,0,681,900,423158243,25,77,0.0,0.0,15.582331657409668,28.561874389648438,1,0,0.6000000238418579,0,0,0,0,0,8,0,1,0,8,99,1,0.0,0.0,19.729000091552734,28.408123016357422,1.5,0,66,0.0,0.0,0.0,0,0,0
1780578712.5365694,0,0.3499999940395355,1,0,681,900,423158243,25,77,0.0,0.0,15.582357406616211,28.561874389648438,1,0,0.6000000238418579,0,0,0,0,0,8,0,1,0,8,99,1,0.0,0.0,19.729000091552734,28.40812110900879,1.5,0,66,0.0,0.0,0.0,0,0,0
1780578712.5565114,0,0.3499999940395355,1,0,681,900,423158243,25,77,0.0,0.0,15.58237361907959,28.561874389648438,1,0,0.6000000238418579,0,0,0,0,0,8,0,1,0,8,99,1,0.0,0.0,19.729000091552734,28.40812110900879,1.5,0,66,0.0,0.0,0.0,0,0,0
1780578712.576796,0,0.3499999940395355,1,0,681,900,423158243,25,77,0.0,0.0,15.58238410949707,28.561874389648438,1,0,0.6000000238418579,0,0,0,0,0,8,0,1,0,8,99,1,0.0,0.0,19.729000091552734,28.40812110900879,1.5,0,66,0.0,0.0,0.0,0,0,0
1780578712.5967782,0,0.3499999940395355,1,0,681,900,423158243,25,77,0.0,0.0,15.582390785217285,28.561874389648438,1,0,0.6000000238418579,0,0,0,0,0,8,0,1,0,8,99,1,0.0,0.0,19.729000091552734,28.40812110900879,1.5,0,66,0.0,0.0,0.0,0,0,0
1780578712.6164656,0,0.3499999940395355,0,0,681,900,423158243,25,77,0.0,0.0,15.58239459991455,28.561874389648438,1,0,0.6000000238418579,0,0,0,0,0,8,0,0,0,8,99,1,0.0,0.0,19.729000091552734,28.40812110900879,1.5,0,66,0.0,0.0,0.0,0,0,0
1780578712.6367924,0,0.3499999940395355,0,0,681,900,423158243,25,77,0.0,0.0,15.5823974609375,28.561874389648438,1,0,0.6000000238418579,0,0,0,0,0,8,0,0,0,8,99,1,0.0,0.0,19.729000091552734,28.408119201660156,1.5,0,66,0.0,0.0,0.0,0,0,0
1780578712.656617,0,0.3499999940395355,0,0,681,900,423158243,25,77,0.0,0.0,15.582399368286133,28.561874389648438,1,0,0.6000000238418579,0,0,0,0,0,8,0,0,0,8,99,1,0.0,0.0,19.729000091552734,28.408119201660156,1.5,0,66,0.0,0.0,0.0,0,0,0
1780578712.676891,0,0.3499999940395355,0,0,681,900,423158243,25,77,0.0,0.0,15.58240032196045,28.561874389648438,1,0,0.6000000238418579,0,0,0,0,0,8,0,0,0,8,99,1,0.0,0.0,19.729000091552734,28.408123016357422,1.5,0,66,1.0,0.0,0.0,0,0,0
1780578712.6969705,0,0.3499999940395355,0,0,681,900,423158243,25,77,0.0,0.0,15.58240032196045,28.561874389648438,1,0,0.6000000238418579,0,0,0,0,0,8,0,0,0,8,99,1,0.0,0.0,19.729000091552734,28.408123016357422,1.5,0,66,1.0,0.0,0.0,0,0,0
1780578712.7177026,0,0.3499999940395355,0,0,681,900,423158243,25,77,0.0,0.0,15.58240032196045,28.561874389648438,1,0,0.6000000238418579,0,0,0,0,0,8,0,0,0,8,99,1,0.0,0.0,19.729000091552734,28.40812110900879,1.5,0,66,1.0,0.0,0.0,0,0,0
1780578712.737017,0,0.3499999940395355,0,0,681,900,423158243,25,77,0.0,0.0,15.58240032196045,28.561874389648438,1,0,0.6000000238418579,0,0,1,0,0,8,0,0,0,8,99,1,8.300000190734863,0.0,19.833498001098633,28.408123016357422,1.5,0,66,1.0,0.0,0.0,0,0,0
1780578712.7567196,0,0.3499999940395355,0,0,681,900,423158243,25,77,0.0,0.0,15.58240032196045,28.561874389648438,1,0,0.6000000238418579,0,0,1,0,0,8,0,0,0,8,99,1,8.300000190734863,0.0,19.999332427978516,28.408119201660156,1.5,0,66,1.0,0.0,0.0,0,0,0
1780578712.7766867,0,0.3499999940395355,0,0,681,900,423158243,25,77,0.0,0.0,15.58240032196045,28.561874389648438,1,0,0.6000000238418579,0,0,1,0,0,8,0,0,0,8,99,1,8.300000190734863,0.0,20.1651668548584,28.408123016357422,1.5,0,66,1.0,0.0,0.0,0,0,0
1780578712.7971747,0,0.3499999940395355,0,0,681,900,423158243,25,77,0.0,0.0,15.58240032196045,28.561874389648438,1,0,0.6000000238418579,0,0,1,0,0,8,0,0,0,8,99,1,8.300000190734863,0.0,20.33100128173828,28.408123016357422,1.5,0,66,1.0,0.0,0.0,0,0,0
1780578712.8172438,0,0.3499999940395355,0,0,681,900,423158243,25,77,0.0,0.0,15.58240032196045,28.561874389648438,1,0,0.6000000238418579,0,0,1,0,0,8,0,0,0,8,99,1,8.300000190734863,0.0,20.496835708618164,28.40812110900879,1.5,0,66,1.0,1.0,0.0,0,0,0
1780578712.8368485,0,0.3499999940395355,0,0,681,900,423158243,25,77,0.0,0.0,15.58240032196045,28.561874389648438,1,0,0.6000000238418579,0,0,1,0,0,8,0,0,0,8,99,1,8.300000190734863,0.0,20.662818908691406,28.408119201660156,1.5,0,66,1.0,1.0,0.0,0,0,0
1780578712.8574982,0,0.3499999940395355,0,0,681,900,423158243,25,77,0.0,0.0,15.58240032196045,28.561874389648438,1,0,0.6000000238418579,0,0,1,0,0,8,0,0,0,8,99,1,8.300000190734863,0.0,20.82865333557129,28.408119201660156,1.5,0,66,1.0,1.0,0.0,0,0,0
1780578712.8770647,0,0.3499999940395355,0,0,681,900,423158243,25,77,0.0,0.0,15.58240032196045,28.561874389648438,1,0,0.6000000238418579,0,0,1,0,0,8,0,0,0,8,99,1,8.300000190734863,0.0,20.994657516479492,28.408123016357422,1.5,0,66,1.0,1.0,0.0,0,0,0
1780578712.8966675,0,0.3499999940395355,0,0,681,900,423158243,25,77,0.0,0.0,15.58240032196045,28.561874389648438,1,0,0.6000000238418579,0,0,1,0,0,8,0,0,0,8,99,1,8.300000190734863,0.0,21.16061782836914,28.408119201660156,1.5,0,66,1.0,1.0,0.0,0,0,0
1780578712.9170184,0,0.3499999940395355,0,0,681,900,423158243,25,77,0.0,0.0,15.58240032196045,28.561874389648438,1,0,0.6000000238418579,0,0,1,0,0,8,0,0,0,8,99,1,8.300000190734863,0.0,21.326454162597656,28.40812110900879,1.5,0,66,1.0,1.0,0.0,0,0,0
1780578712.9370496,0,0.3499999940395355,0,0,681,900,423158243,25,77,0.0,0.0,15.58240032196045,28.561874389648438,1,0,0.6000000238418579,0,0,1,0,0,8,0,0,0,8,99,1,8.300000190734863,0.0,21.492618560791016,28.408123016357422,1.5,0,66,1.0,1.0,0.0,0,0,0
1780578712.9567716,0,0.3499999940395355,0,0,681,900,423158243,25,77,0.0,0.0,15.58240032196045,28.561874389648438,1,0,0.6000000238418579,0,0,1,0,0,8,0,0,0,8,99,1,8.300000190734863,0.0,21.658817291259766,28.40812110900879,1.5,0,66,1.0,1.0,0.0,0,0,0
1780578712.976544,0,0.3499999940395355,0,0,681,900,423158243,25,77,0.0,0.0,15.58240032196045,28.561874389648438,1,0,0.6000000238418579,0,0,1,0,0,8,0,0,0,8,99,1,8.300000190734863,0.0,21.82465171813965,28.408119201660156,1.5,0,66,1.0,1.0,0.0,0,0,0
1780578712.997029,0,0.3499999940395355,0,0,681,900,423158243,25,77,0.0,0.0,15.58240032196045,28.561874389648438,1,0,0.6000000238418579,0,0,1,0,0,8,0,0,0,8,99,1,8.300000190734863,0.0,21.99048614501953,28.40812110900879,1.5,0,66,1.0,1.0,0.0,0,0,0
1780578713.0171015,0,0.3499999940395355,0,0,681,900,423158243,25,77,0.0,0.0,15.58240032196045,28.561874389648438,1,0,0.6000000238418579,0,0,1,0,0,8,0,0,0,8,99,1,8.300000190734863,0.0,22.15665626525879,28.40812110900879,1.5,0,66,1.0,1.0,0.0,0,0,0
1780578713.0363445,0,0.3499999940395355,0,0,681,900,423158243,25,77,0.0,0.0,15.58240032196045,28.561874389648438,1,0,0.6000000238418579,0,0,1,0,0,8,0,0,0,8,99,1,8.300000190734863,0.0,22.32329559326172,28.408123016357422,1.5,0,66,1.0,1.0,0.0,0,0,0
1780578713.0568798,0,0.3499999940395355,0,0,681,900,423158243,25,77,0.0,0.0,15.58240032196045,28.561874389648438,1,0,0.6000000238418579,0,0,1,0,0,8,0,0,0,8,99,1,8.300000190734863,0.0,22.489131927490234,28.408123016357422,1.5,0,66,1.0,1.0,0.0,0,0,0
1780578713.0766537,0,0.3499999940395355,0,0,681,900,423158243,25,77,0.0,0.0,15.58240032196045,28.561874389648438,1,0,0.6000000238418579,0,0,1,0,0,8,0,0,0,8,99,1,8.300000190734863,0.0,22.654964447021484,28.40812110900879,1.5,0,66,1.0,1.0,0.0,0,0,0
1780578713.0968,0,0.3499999940395355,0,0,681,900,423158243,25,77,0.0,0.0,15.58240032196045,28.561874389648438,1,0,0.6000000238418579,0,0,1,0,0,8,0,0,0,8,99,1,8.300000190734863,0.0,22.820798873901367,28.40812110900879,1.5,0,66,1.0,1.0,0.0,0,0,0
1780578713.1168396,0,0.3499999940395355,0,0,681,900,423158243,26,77,0.0,0.0,15.58240032196045,28.561874389648438,1,0,0.6000000238418579,0,0,1,0,0,8,0,0,0,8,99,1,8.300000190734863,0.0,22.986732482910156,28.408123016357422,1.5,0,66,1.0,1.0,0.0,0,0,0
1780578713.1367633,0,0.3499999940395355,0,0,681,900,423158243,26,77,0.0,0.0,15.58240032196045,28.561874389648438,1,0,0.6000000238418579,0,0,1,0,0,8,0,0,0,8,99,1,8.300000190734863,0.0,23.152568817138672,28.40812110900879,1.5,0,66,1.0,0.0,0.0,0,0,0
1780578713.1571026,0,0.3499999940395355,0,0,681,900,423158243,26,77,0.0,0.0,15.58240032196045,28.561874389648438,1,0,0.6000000238418579,0,0,1,0,0,8,0,0,0,8,99,1,8.300000190734863,0.0,23.318401336669922,28.40812110900879,1.5,0,66,1.0,-1.0,0.0,0,0,0
1780578713.176573,0,0.3499999940395355,0,0,681,900,423158243,26,77,0.0,0.0,15.58240032196045,28.561874389648438,1,0,0.6000000238418579,0,0,1,0,0,8,0,0,0,8,99,1,8.300000190734863,0.0,23.484619140625,28.40812110900879,1.5,0,66,0.0,0.0,0.0,0,0,0
1780578713.1973014,0,0.3499999940395355,0,0,681,900,423158243,26,77,0.0,0.0,15.58240032196045,28.561874389648438,1,0,0.6000000238418579,0,0,1,0,0,8,0,0,0,8,99,1,8.300000190734863,0.0,23.650455474853516,28.40812110900879,1.5,0,66,-1.0,0.0,0.0,0,0,0
1780578713.2175608,0,0.3499999940395355,0,0,681,900,423158243,26,77,0.0,0.0,15.58240032196045,28.561874389648438,1,0,0.6000000238418579,0,0,1,0,0,8,0,0,0,8,99,1,8.300000190734863,0.0,23.816410064697266,28.408119201660156,1.5,0,66,-1.0,0.0,0.0,0,0,0
1780578713.2370276,0,0.3499999940395355,0,0,681,900,423158243,26,77,0.0,0.0,15.58240032196045,28.561874389648438,1,0,0.6000000238418579,0,0,0,0,0,8,0,0,0,8,99,1,-8.300000190734863,0.0,23.775060653686523,28.408119201660156,1.5,0,66,1.0,0.0,0.0,0,0,0
1780578713.2569418,0,0.3499999940395355,0,0,681,900,423158243,26,77,0.0,0.0,15.58240032196045,28.561874389648438,1,0,0.6000000238418579,0,0,0,0,0,8,0,0,0,8,99,1,-8.300000190734863,0.0,23.60922622680664,28.408123016357422,1.5,0,66,0.0,0.0,0.0,0,0,0
1780578713.2772663,0,0.3499999940395355,0,0,681,900,423158243,26,77,0.0,0.0,15.58240032196045,28.561874389648438,1,0,0.6000000238418579,0,0,0,0,0,8,0,0,0,8,99,1,-8.300000190734863,0.0,23.443391799926758,28.408123016357422,1.5,0,66,0.0,0.0,0.0,0,0,0
1780578713.296992,0,0.3499999940395355,0,0,681,900,423158243,26,77,0.0,0.0,15.58240032196045,28.561874389648438,1,0,0.6000000238418579,0,0,0,0,0,8,0,0,0,8,99,1,0.0,0.0,23.38100814819336,28.408123016357422,1.5,0,66,0.0,0.0,0.0,0,0,0
1780578713.316881,0,0.3499999940395355,0,0,681,900,423158243,26,77,0.0,0.0,15.58240032196045,28.561874389648438,1,0,0.6000000238418579,0,0,0,0,0,8,0,0,0,8,99,1,0.0,0.0,23.38100814819336,28.40812110900879,1.5,0,66,0.0,0.0,0.0,0,0,0
1780578713.337149,0,0.3499999940395355,0,0,681,900,423158243,26,77,0.0,0.0,15.58240032196045,28.561874389648438,1,0,0.6000000238418579,0,0,0,0,0,8,0,0,0,8,99,1,0.0,0.0,23.38100814819336,28.40812110900879,1.5,0,66,0.0,0.0,0.0,0,1,0
1780578713.3572147,0,0.3499999940395355,0,0,681,900,423158243,26,77,0.0,0.0,15.58240032196045,28.561874389648438,1,0,0.6000000238418579,0,0,0,0,0,8,0,0,0,8,99,1,0.0,0.0,23.38100814819336,28.40812110900879,1.5,0,66,0.0,0.0,0.0,0,1,0
1780578713.3768845,0,0.3499999940395355,0,0,681,900,423158243,26,77,0.0,0.0,15.58240032196045,28.561874389648438,1,0,0.6000000238418579,0,0,0,0,0,8,0,0,0,8,99,1,0.0,0.0,23.38100814819336,28.40812110900879,1.5,0,66,0.0,0.0,0.0,0,1,0
1780578713.396901,0,0.3499999940395355,0,0,681,900,423158243,26,77,0.0,0.0,15.58240032196045,28.561874389648438,1,0,0.6000000238418579,0,0,0,0,0,8,0,0,0,8,99,1,0.0,0.0,23.38100814819336,28.408119201660156,1.5,0,66,0.0,0.0,0.0,0,1,0
1780578713.4169517,0,0.3499999940395355,0,0,681,900,423158243,26,77,0.0,0.0,15.58240032196045,28.561874389648438,1,0,0.6000000238418579,0,0,0,0,0,8,0,0,0,8,99,1,0.0,0.0,23.38100814819336,28.408123016357422,1.5,0,66,0.0,0.0,0.0,0,1,0
1780578713.4372027,0,0.3499999940395355,0,0,681,900,423158243,26,77,0.0,0.0,15.58240032196045,28.561874389648438,1,0,0.6000000238418579,0,0,0,0,0,8,0,0,0,8,99,1,0.0,0.0,23.38100814819336,28.408123016357422,1.5,0,66,0.0,0.0,0.0,0,0,0
1780578713.4568772,0,0.3499999940395355,0,0,681,900,423158243,26,77,0.0,0.0,15.58240032196045,28.561874389648438,1,0,0.6000000238418579,0,0,0,0,0,8,0,0,0,8,99,1,0.0,0.0,23.38100814819336,28.408123016357422,1.5,0,66,0.0,0.0,0.0,0,0,0
1780578713.4771492,0,0.3499999940395355,0,0,681,900,423158243,26,77,0.0,0.0,15.58240032196045,28.561874389648438,0,0,0.6000000238418579,0,0,0,0,0,8,0,0,0,8,99,1,0.0,0.0,23.38100814819336,28.408123016357422,1.5,0,66,0.0,0.0,0.0,0,0,0
1780578713.4970248,0,0.3499999940395355,0,0,681,900,423158243,26,77,0.0,0.0,15.58240032196045,28.561874389648438,0,0,0.6000000238418579,0,0,0,0,0,8,0,0,0,8,99,1,0.0,0.0,23.38100814819336,28.408123016357422,1.5,0,66,0.0,0.0,0.0,0,0,0
1780578713.5165339,0,0.3499999940395355,0,0,681,900,423158243,26,77,0.0,0.0,15.58240032196045,28.561874389648438,0,0,0.6000000238418579,0,0,0,0,0,8,0,0,0,8,99,1,0.0,0.0,23.38100814819336,28.408123016357422,1.5,0,66,0.0,0.0,0.0,0,0,0
1780578713.5365949,0,0.3499999940395355,0,0,681,900,423158243,26,77,0.0,0.0,15.58240032196045,28.561874389648438,0,0,0.6000000238418579,0,0,0,0,0,8,0,0,0,8,99,1,0.0,0.0,23.38100814819336,28.40812110900879,1.5,0,66,0.0,0.0,0.0,0,0,0
1780578713.5569339,0,0.3499999940395355,0,0,681,900,423158243,26,77,0.0,0.0,15.58240032196045,28.561874389648438,0,0,0.6000000238418579,0,0,0,0,0,8,0,0,0,8,99,1,0.0,0.0,23.38100814819336,28.40812110900879,1.5,0,66,0.0,0.0,0.0,0,0,0
1780578713.5769825,0,0.3499999940395355,0,0,681,900,423158243,26,77,0.0,0.0,15.58240032196045,28.561874389648438,0,0,0.6000000238418579,0,0,0,0,0,8,0,0,0,8,99,1,2.0,0.0,23.38100814819336,28.40812110900879,1.5,0,33,0.0,0.0,0.0,0,0,0
1780578713.5971732,0,0.3499999940395355,0,0,681,900,423158243,26,77,0.0,0.0,15.58240032196045,28.561874389648438,0,0,0.6000000238418579,0,0,0,0,0,8,0,0,0,8,99,1,2.0,0.0,23.405994415283203,28.40812110900879,1.5,0,33,0.0,0.0,0.0,0,0,0
1780578713.6170313,0,0.3499999940395355,0,0,681,900,423158243,26,77,0.0,0.0,15.58240032196045,28.561874389648438,0,0,0.6000000238418579,0,0,0,0,0,8,0,0,0,8,99,1,2.0,0.0,23.44595718383789,28.40812110900879,1.5,0,33,0.0,0.0,0.0,0,0,0
1780578713.636626,0,0.3499999940395355,0,0,651,900,423158243,26,77,0.0,0.0,15.58240032196045,28.561874389648438,0,0,0.6000000238418579,0,0,0,0,0,8,0,0,0,8,99,1,2.0,0.0,23.485916137695312,28.408119201660156,1.5,0,33,0.0,0.0,0.0,0,0,0
1780578713.6562724,0,0.3499999940395355,0,0,651,900,423158243,26,77,0.0,0.0,15.576258659362793,28.561874389648438,0,0,0.6000000238418579,0,0,0,0,0,8,0,0,0,8,99,1,2.0,0.0,23.525911331176758,28.408119201660156,1.5,0,33,0.0,0.0,0.0,0,0,0
1780578713.6771998,0,0.3499999940395355,0,0,651,900,423158243,26,77,0.0,0.0,15.578470230102539,28.561874389648438,0,0,0.6000000238418579,0,0,0,0,0,8,0,0,0,8,99,1,2.0,0.0,23.565872192382812,28.408123016357422,1.5,0,33,0.0,0.0,0.0,0,0,0
1780578713.697027,0,0.3499999940395355,0,0,651,900,423158243,26,77,0.0,0.0,15.579886436462402,28.561874389648438,0,0,0.6000000238418579,0,0,0,0,0,8,0,0,0,8,99,1,2.0,0.0,23.60597038269043,28.40812110900879,1.5,0,33,0.0,0.0,0.0,0,0,0
1780578713.7175589,0,0.3499999940395355,0,0,651,900,423158243,26,77,0.0,0.0,15.580792427062988,28.561874389648438,0,0,0.6000000238418579,0,0,0,0,0,8,0,0,0,8,99,1,2.0,0.0,23.64611053466797,28.408123016357422,1.5,0,33,0.0,0.0,0.0,0,0,0
1780578713.7377841,0,0.3499999940395355,0,0,651,900,423158243,26,77,0.0,0.0,15.581372261047363,28.561874389648438,0,0,0.6000000238418579,0,0,0,0,0,8,0,0,0,8,99,1,2.0,0.0,23.68606948852539,28.408119201660156,1.5,0,33,0.0,0.0,0.0,0,0,0
1780578713.757239,0,0.3499999940395355,0,0,651,900,423158243,26,77,0.0,0.0,15.581743240356445,28.561874389648438,0,0,0.6000000238418579,0,0,0,0,0,8,0,0,0,8,99,1,2.0,0.0,23.726032257080078,28.408123016357422,1.5,0,33,0.0,0.0,0.0,0,0,0
1780578713.7772818,0,0.3499999940395355,0,0,651,900,423158243,26,77,0.0,0.0,15.58198070526123,28.561874389648438,0,0,0.6000000238418579,0,0,0,0,0,8,0,0,0,8,99,1,2.0,0.0,23.765993118286133,28.40812110900879,1.5,0,33,0.0,0.0,0.0,0,0,0
1780578713.7967217,0,0.3499999940395355,0,0,651,900,423158243,26,77,0.0,0.0,15.582132339477539,28.561874389648438,0,0,0.6000000238418579,0,0,0,0,0,8,0,0,0,8,99,1,2.0,0.0,23.806007385253906,28.408119201660156,1.5,0,33,0.0,0.0,0.0,0,0,0
1780578713.8171852,0,0.3499999940395355,0,0,651,900,423158243,26,77,0.0,0.0,15.582229614257812,28.561874389648438,0,0,0.6000000238418579,0,0,0,0,0,8,0,0,0,8,99,1,2.0,0.0,23.845970153808594,28.408123016357422,1.5,0,33,0.0,0.0,0.0,0,0,0
1780578713.8370764,0,0.3499999940395355,0,0,651,900,423158243,26,77,0.0,0.0,15.582291603088379,28.561874389648438,0,0,0.6000000238418579,0,0,0,0,0,8,0,0,0,8,99,1,2.0,0.0,23.88593101501465,28.40812110900879,1.5,0,33,0.0,0.0,0.0,0,0,0
1780578713.856316,0,0.3499999940395355,0,0,651,900,423158243,26,77,0.0,0.0,15.582331657409668,28.561874389648438,0,0,0.6000000238418579,0,0,0,0,0,8,0,0,0,8,99,1,2.0,0.0,23.926044464111328,28.408119201660156,1.5,0,33,0.0,0.0,0.0,0,0,0
1780578713.8763437,0,0.3499999940395355,0,0,651,900,423158243,26,77,0.0,0.0,15.582357406616211,28.561874389648438,1,0,0.6000000238418579,0,0,0,0,0,8,0,0,0,8,99,1,0.0,0.0,23.966005325317383,28.408119201660156,1.5,0,33,0.0,0.0,0.0,0,0,0
1780578713.8968673,0,0.3499999940395355,0,0,651,900,423158243,26,77,0.0,0.0,15.58237361907959,28.561874389648438,1,0,0.6000000238418579,0,0,0,0,0,8,0,0,0,8,99,1,0.0,0.0,23.981021881103516,28.408123016357422,1.5,0,33,0.0,0.0,0.0,0,0,0
1780578713.9168458,0,0.3499999940395355,0,0,651,900,423158243,26,77,0.0,0.0,15.58238410949707,28.561874389648438,1,0,0.6000000238418579,0,0,0,0,0,8,0,0,0,8,99,1,0.0,0.0,23.981021881103516,28.40812110900879,1.5,0,33,0.0,0.0,0.0,0,0,0
1780578713.936385,0,0.3499999940395355,0,0,651,900,423158243,26,77,0.0,0.0,15.582390785217285,28.561874389648438,1,0,0.6000000238418579,0,0,0,0,0,8,0,0,0,8,99,1,0.0,0.0,23.981021881103516,28.40812110900879,1.5,0,33,0.0,0.0,0.0,0,0,0
1780578713.9570863,0,0.3499999940395355,0,0,651,900,423158243,26,77,0.0,0.0,15.58239459991455,28.561874389648438,1,0,0.6000000238418579,0,0,0,0,0,8,0,0,0,8,99,1,0.0,0.0,23.981021881103516,28.40812110900879,1.5,0,33,0.0,0.0,0.0,0,0,0
1780578713.977243,0,0.3499999940395355,0,0,651,900,423158243,26,77,0.0,0.0,15.5823974609375,28.561874389648438,1,0,0.6000000238418579,0,0,0,0,0,8,0,0,0,8,99,1,0.0,0.0,23.981021881103516,28.40812110900879,1.5,0,33,0.0,0.0,0.0,0,0,0
1780578713.9962823,0,0.3499999940395355,0,0,651,900,423158243,26,77,0.0,0.0,15.582399368286133,28.561874389648438,1,0,0.6000000238418579,0,0,0,0,0,8,0,0,0,8,99,1,0.0,0.0,23.981021881103516,28.408119201660156,1.5,0,33,0.0,0.0,0.0,0,0,0
1780578714.01644,0,0.3499999940395355,0,0,651,900,423158243,26,77,0.0,0.0,15.58240032196045,28.561874389648438,1,0,0.6000000238418579,0,0,0,0,0,8,0,0,0,8,99,1,0.0,0.0,23.981021881103516,28.408123016357422,1.5,0,33,0.0,0.0,0.0,0,0,0
1780578714.037131,0,0.3499999940395355,0,0,651,900,423158243,26,77,0.0,0.0,15.58240032196045,28.561874389648438,1,0,0.6000000238418579,0,0,0,0,0,8,0,0,0,8,99,1,0.0,0.0,23.981021881103516,28.408123016357422,1.5,0,33,0.0,0.0,0.0,0,0,0
1780578714.0570486,0,0.3499999940395355,0,0,651,900,423158243,26,77,0.0,0.0,15.58240032196045,28.561874389648438,1,0,0.6000000238418579,0,0,0,0,0,8,0,0,0,8,99,1,0.0,0.0,23.981021881103516,28.408123016357422,1.5,0,33,0.0,0.0,0.0,0,0,0
1780578714.0763142,0,0.3499999940395355,0,0,651,900,423158243,26,77,0.0,0.0,15.58240032196045,28.561874389648438,1,0,0.6000000238418579,0,0,0,0,0,8,0,0,0,8,99,1,0.0,0.0,23.981021881103516,28.40812110900879,1.5,0,33,0.0,0.0,0.0,0,0,0
1780578714.0968773,0,0.3499999940395355,0,0,651,900,423158243,26,77,0.0,0.0,15.58240032196045,28.561874389648438,1,0,0.6000000238418579,0,0,0,0,0,8,0,0,0,8,99,1,0.0,0.0,23.981021881103516,28.40812110900879,1.5,0,33,0.0,0.0,0.0,0,0,0
1780578714.116749,0,0.3499999940395355,0,0,651,900,423158243,27,77,0.0,0.0,15.58240032196045,28.561874389648438,1,0,0.6000000238418579,0,0,0,0,0,8,0,0,0,8,99,1,0.0,0.0,23.981021881103516,28.40812110900879,1.5,0,33,0.0,0.0,0.0,0,0,0
1780578714.13697,0,0.3499999940395355,0,0,651,900,423158243,27,77,0.0,0.0,15.58240032196045,28.561874389648438,1,0,0.6000000238418579,0,0,0,0,0,8,0,0,0,8,99,1,0.0,0.0,23.981021881103516,28.408123016357422,1.5,0,33,0.0,0.0,0.0,0,1,0
1780578714.1568692,0,0.3499999940395355,0,0,651,900,423158243,27,77,0.0,0.0,15.58240032196045,28.561874389648438,1,0,0.6000000238418579,0,0,0,0,0,8,0,0,0,8,99,1,0.0,0.0,23.981021881103516,28.408123016357422,1.5,0,33,0.0,0.0,0.0,0,1,0
1780578714.1771398,0,0.3499999940395355,0,0,651,900,423158243,27,77,0.0,0.0,15.58240032196045,28.561874389648438,1,0,0.6000000238418579,0,0,0,0,0,8,0,0,0,8,99,1,0.0,0.0,23.981021881103516,28.40812110900879,1.5,0,33,0.0,0.0,0.0,0,1,0
1780578714.1968727,0,0.3499999940395355,0,0,651,900,423158243,27,77,0.0,0.0,15.58240032196045,28.561874389648438,1,0,0.6000000238418579,0,0,0,0,0,8,0,0,0,8,99,1,0.0,0.0,23.981021881103516,28.408119201660156,1.5,0,33,0.0,0.0,0.0,0,1,0
1780578714.2171063,0,0.3499999940395355,0,0,651,900,423158243,27,77,0.0,0.0,15.58240032196045,28.561874389648438,1,0,0.6000000238418579,0,0,0,0,0,8,0,0,0,8,99,1,0.0,0.0,23.981021881103516,28.408119201660156,1.5,0,33,0.0,0.0,0.0,0,1,0
1780578714.2368655,0,0.3499999940395355,0,0,651,900,423158243,27,77,0.0,0.0,15.58240032196045,28.561874389648438,1,0,0.6000000238418579,0,0,0,0,0,8,0,0,0,8,99,1,0.0,0.0,23.981021881103516,28.408123016357422,1.5,0,33,0.0,0.0,0.0,0,0,0
1780578714.2570744,0,0.3499999940395355,0,0,651,900,423158243,27,77,0.0,0.0,15.58240032196045,28.561874389648438,0,0,0.6000000238418579,0,0,0,0,0,8,0,0,0,8,99,1,0.0,0.0,23.981021881103516,28.40812110900879,1.5,0,33,0.0,0.0,0.0,0,0,0
1780578714.2769792,0,0.3499999940395355,0,0,651,900,423158243,1,77,0.0,0.0,15.58240032196045,28.561874389648438,0,0,0.6000000238418579,0,0,0,0,0,8,0,0,0,8,99,1,0.0,0.0,23.981021881103516,28.408123016357422,1.5,0,33,0.0,0.0,0.0,0,0,0
1780578714.2966948,0,0.3499999940395355,0,0,651,900,423158243,1,77,0.0,0.0,15.58240032196045,28.561874389648438,0,0,0.6000000238418579,0,0,0,0,0,8,0,0,0,8,99,1,0.0,0.0,23.981021881103516,28.408123016357422,1.5,0,33,0.0,0.0,0.0,0,0,0
1780578714.3170712,0,0.3499999940395355,0,0,651,900,423158243,1,77,0.0,0.0,15.58240032196045,28.561874389648438,0,0,0.6000000238418579,0,0,0,0,0,8,0,0,0,8,99,1,0.0,0.0,23.981021881103516,28.40812110900879,1.5,0,33,0.0,0.0,0.0,0,0,0
1780578714.3370345,0,0.3499999940395355,0,0,651,900,423158243,1,77,0.0,0.0,15.58240032196045,28.561874389648438,0,0,0.6000000238418579,0,0,0,0,0,8,0,0,0,8,99,1,0.0,0.0,23.981021881103516,28.40812110900879,1.5,0,33,0.0,0.0,0.0,0,0,0
1780578714.356366,0,0.3499999940395355,0,0,651,900,423158243,1,77,0.0,0.0,15.58240032196045,28.561874389648438,0,0,0.6000000238418579,0,0,0,0,0,8,0,0,0,8,99,1,0.0,0.0,23.981021881103516,28.408123016357422,1.5,0,0,0.0,0.0,0.0,0,0,0
1780578714.3762777,0,0.3499999940395355,0,0,651,900,423158243,1,77,0.0,0.0,15.58240032196045,28.561874389648438,0,0,0.6000000238418579,0,0,0,0,0,8,0,0,0,8,99,1,2.0,0.0,24.005908966064453,28.408123016357422,1.5,0,0,0.0,0.0,0.0,0,0,0
1780578714.396876,0,0.3499999940395355,0,0,651,900,423158243,1,77,0.0,0.0,15.58240032196045,28.561874389648438,0,0,0.6000000238418579,0,0,0,0,0,8,0,0,0,8,99,1,2.0,0.0,24.045869827270508,28.40812110900879,1.5,0,0,0.0,0.0,0.0,0,0,0
1780578714.4165432,0,0.3499999940395355,0,0,651,900,423158243,1,77,0.0,0.0,15.58240032196045,28.561874389648438,0,0,0.6000000238418579,0,0,0,0,0,8,0,0,0,8,99,1,2.0,0.0,24.086023330688477,28.408123016357422,1.5,0,0,0.0,0.0,0.0,0,0,0
1780578714.7462475,0,0.3499999940395355,0,0,621,900,423158243,60,77,0.0,0.0,15.58240032196045,28.561874389648438,0,0,0.6000000238418579,0,0,0,0,0,8,0,0,0,8,99,1,2.0,0.0,24.137958526611328,28.40812110900879,1.5,0,0,0.0,0.0,0.0,0,0,0
1780578714.7765846,0,0.3499999940395355,0,0,621,900,423158243,60,77,0.0,0.0,15.576258659362793,28.561874389648438,0,0,0.6000000238418579,0,0,0,0,0,8,0,0,0,8,99,1,2.0,0.0,24.168014526367188,28.408119201660156,1.5,0,0,0.0,0.0,0.0,0,0,0
1780578714.8066537,0,0.3499999940395355,0,0,621,900,423158243,60,77,0.0,0.0,15.578470230102539,28.561874389648438,0,0,0.6000000238418579,0,0,0,0,0,8,0,0,0,8,99,1,2.0,0.0,24.216087341308594,28.40812110900879,1.5,0,0,0.0,0.0,0.0,0,0,0
1780578714.8265128,0,0.3499999940395355,0,0,621,900,423158243,60,77,0.0,0.0,15.579886436462402,28.561874389648438,0,0,0.6000000238418579,0,0,0,0,0,8,0,0,0,8,99,1,2.0,0.0,24.25609588623047,28.40812110900879,1.5,0,0,0.0,0.0,0.0,0,0,0
1780578714.847615,0,0.3499999940395355,0,0,621,900,423158243,60,77,0.0,0.0,15.580792427062988,28.561874389648438,0,0,0.6000000238418579,0,0,0,0,0,8,0,0,0,8,99,1,2.0,0.0,24.296058654785156,28.40812110900879,1.5,0,0,0.0,0.0,0.0,0,0,0
1780578714.8672354,0,0.3499999940395355,0,0,621,900,423158243,60,77,0.0,0.0,15.581372261047363,28.561874389648438,0,0,0.6000000238418579,0,0,0,0,0,8,0,0,0,8,99,1,2.0,0.0,24.33633804321289,28.40812110900879,1.5,0,0,0.0,0.0,0.0,0,0,0
1780578714.8869312,0,0.3499999940395355,0,0,621,900,423158243,60,77,0.0,0.0,15.581743240356445,28.561874389648438,0,0,0.6000000238418579,0,0,0,0,0,8,0,0,0,8,99,1,2.0,0.0,24.37645721435547,28.40812110900879,1.5,0,0,0.0,0.0,0.0,0,0,0
1780578714.9068747,0,0.3499999940395355,0,0,621,900,423158243,60,77,0.0,0.0,15.58198070526123,28.561874389648438,0,0,0.6000000238418579,0,0,0,0,0,8,0,0,0,8,99,1,2.0,0.0,24.41641616821289,28.40812110900879,1.5,0,0,0.0,0.0,0.0,0,0,0
1780578714.9271247,0,0.3499999940395355,0,0,621,900,423158243,60,77,0.0,0.0,15.582132339477539,28.561874389648438,0,0,0.6000000238418579,0,0,0,0,0,8,0,0,0,8,99,1,2.0,0.0,24.456378936767578,28.40812110900879,1.5,0,0,0.0,0.0,0.0,0,0,0
1780578714.9473364,0,0.3499999940395355,0,0,621,900,423158243,60,77,0.0,0.0,15.582229614257812,28.561874389648438,0,0,0.6000000238418579,0,0,0,0,0,8,0,0,0,8,99,1,2.0,0.0,24.496339797973633,28.40812110900879,1.5,0,0,0.0,0.0,0.0,0,0,0
1780578714.9669251,0,0.3499999940395355,0,0,621,900,423158243,60,77,0.0,0.0,15.582291603088379,28.561874389648438,0,0,0.6000000238418579,0,0,0,0,0,8,0,0,0,8,99,1,2.0,0.0,24.536481857299805,28.40812110900879,1.5,0,0,0.0,0.0,0.0,0,0,0
1780578714.9871767,0,0.3499999940395355,0,0,621,900,423158243,60,77,0.0,0.0,15.582331657409668,28.561874389648438,1,0,0.6000000238418579,0,0,0,0,0,8,0,0,0,8,99,1,2.0,0.0,24.576444625854492,28.40812110900879,1.5,0,0,0.0,0.0,0.0,0,0,0
1780578715.0069635,0,0.3499999940395355,0,0,621,900,423158243,60,77,0.0,0.0,15.582357406616211,28.561874389648438,1,0,0.6000000238418579,0,0,0,0,0,8,0,0,0,8,99,1,0.0,0.0,24.581035614013672,28.408123016357422,1.5,0,0,0.0,0.0,0.0,0,0,0
1780578715.026308,0,0.3499999940395355,0,0,621,900,423158243,60,77,0.0,0.0,15.58237361907959,28.561874389648438,1,0,0.6000000238418579,0,0,0,0,0,8,0,0,0,8,99,1,0.0,0.0,24.581035614013672,28.40812110900879,1.5,0,0,0.0,0.0,0.0,0,0,0
1780578715.046549,0,0.3499999940395355,0,0,621,900,423158243,60,77,0.0,0.0,15.58238410949707,28.561874389648438,1,0,0.6000000238418579,0,0,0,0,0,8,0,0,0,8,99,1,0.0,0.0,24.581035614013672,28.40812110900879,1.5,0,0,0.0,0.0,0.0,0,0,0
1780578715.0668406,0,0.3499999940395355,0,0,621,900,423158243,60,77,0.0,0.0,15.582390785217285,28.561874389648438,1,0,0.6000000238418579,0,0,0,0,0,8,0,0,0,8,99,1,0.0,0.0,24.581035614013672,28.40812110900879,1.5,0,0,0.0,0.0,0.0,0,0,0
1780578715.087113,0,0.3499999940395355,0,0,621,900,423158243,60,77,0.0,0.0,15.58239459991455,28.561874389648438,1,0,0.6000000238418579,0,0,0,0,0,8,0,0,0,8,99,1,0.0,0.0,24.581035614013672,28.40812110900879,1.5,0,0,0.0,0.0,0.0,0,0,0
1780578715.106411,0,0.3499999940395355,0,0,621,900,423158243,60,77,0.0,0.0,15.5823974609375,28.561874389648438,1,0,0.6000000238418579,0,0,0,0,0,8,0,0,0,8,99,1,0.0,0.0,24.581035614013672,28.40812110900879,1.5,0,0,0.0,0.0,0.0,0,0,0
1780578715.1269047,0,0.3499999940395355,0,0,621,900,423158243,60,77,0.0,0.0,15.582399368286133,28.561874389648438,1,0,0.6000000238418579,0,0,0,0,0,8,0,0,0,8,99,1,0.0,0.0,24.581035614013672,28.40812110900879,1.5,0,0,0.0,0.0,0.0,0,0,0
1780578715.147344,0,0.3499999940395355,0,0,621,900,423158243,60,77,0.0,0.0,15.58240032196045,28.561874389648438,1,0,0.6000000238418579,0,0,0,0,0,8,0,0,0,8,99,1,0.0,0.0,24.581035614013672,28.40812110900879,1.5,0,0,-1.0,0.0,0.0,0,0,0
1780578715.1665547,0,0.3499999940395355,0,0,621,900,423158243,60,77,0.0,0.0,15.58240032196045,28.561874389648438,1,0,0.6000000238418579,0,0,0,0,0,8,0,0,0,8,99,1,0.0,0.0,24.581035614013672,28.40812110900879,1.5,0,0,-1.0,0.0,0.0,0,0,0
1780578715.1868792,0,0.3499999940395355,0,0,621,900,423158243,60,77,0.0,0.0,15.58240032196045,28.561874389648438,1,0,0.6000000238418579,0,0,0,0,0,8,0,0,0,8,99,1,0.0,0.0,24.581035614013672,28.40812110900879,1.5,0,0,-1.0,0.0,0.0,0,0,0
1780578715.206901,0,0.3499999940395355,0,0,621,900,423158243,60,77,0.0,0.0,15.58240032196045,28.561874389648438,1,0,0.6000000238418579,0,0,0,0,0,8,0,0,0,8,99,1,-8.300000190734863,0.0,24.435077667236328,28.40812110900879,1.5,0,0,-1.0,0.0,0.0,0,0,0
1780578715.2271912,0,0.3499999940395355,0,0,621,900,423158243,60,77,0.0,0.0,15.58240032196045,28.561874389648438,1,0,0.6000000238418579,0,0,0,0,0,8,0,0,0,8,99,1,-8.300000190734863,0.0,24.269243240356445,28.40812110900879,1.5,0,0,-1.0,0.0,0.0,0,0,0
1780578715.2471418,0,0.3499999940395355,0,0,621,900,423158243,60,77,0.0,0.0,15.58240032196045,28.561874389648438,1,0,0.6000000238418579,0,0,0,0,0,8,0,0,0,8,99,1,-8.300000190734863,0.0,24.102575302124023,28.40812110900879,1.5,0,0,-1.0,0.0,0.0,0,0,0
1780578715.2670271,0,0.3499999940395355,0,0,621,900,423158243,60,77,0.0,0.0,15.58240032196045,28.561874389648438,1,0,0.6000000238418579,0,0,0,0,0,8,0,0,0,8,99,1,-8.300000190734863,0.0,23.93674087524414,28.40812110900879,1.5,0,0,-1.0,0.0,0.0,0,0,0
1780578715.2871513,0,0.3499999940395355,0,0,621,900,423158243,60,77,0.0,0.0,15.58240032196045,28.561874389648438,1,0,0.6000000238418579,0,0,0,0,0,8,0,0,0,8,99,1,-8.300000190734863,0.0,23.770906448364258,28.40812110900879,1.5,0,0,-1.0,0.0,0.0,0,0,0
1780578715.3065681,0,0.3499999940395355,0,0,621,900,423158243,60,77,0.0,0.0,15.58240032196045,28.561874389648438,1,0,0.6000000238418579,0,0,0,0,0,8,0,0,0,8,99,1,-8.300000190734863,0.0,23.604768753051758,28.40812110900879,1.5,0,0,-1.0,0.0,0.0,0,0,0
1780578715.3265893,0,0.3499999940395355,0,0,621,900,423158243,60,77,0.0,0.0,15.58240032196045,28.561874389648438,1,0,0.6000000238418579,0,0,0,0,0,8,0,0,0,8,99,1,-8.300000190734863,0.0,23.438934326171875,28.40812110900879,1.5,0,0,-1.0,0.0,0.0,0,0,0
1780578715.3480124,0,0.3499999940395355,0,0,621,900,423158243,60,77,0.0,0.0,15.58240032196045,28.561874389648438,1,0,0.6000000238418579,0,0,0,0,0,8,0,0,0,8,99,1,-8.300000190734863,0.0,23.273099899291992,28.40812110900879,1.5,0,0,-1.0,0.0,0.0,0,0,0
1780578715.368879,0,0.3499999940395355,0,0,621,900,423158243,60,77,0.0,0.0,15.58240032196045,28.561874389648438,1,0,0.6000000238418579,0,0,0,0,0,8,0,0,0,8,99,1,-8.300000190734863,0.0,23.10594367980957,28.40812110900879,1.5,0,0,-1.0,0.0,0.0,0,0,0
1780578715.3885648,0,0.3499999940395355,0,0,621,900,423158243,60,77,0.0,0.0,15.58240032196045,28.561874389648438,1,0,0.6000000238418579,0,0,0,0,0,8,0,0,0,8,99,1,-8.300000190734863,0.0,22.940109252929688,28.408119201660156,1.5,0,0,-1.0,0.0,0.0,0,0,0
1780578715.4077487,0,0.3499999940395355,0,0,621,900,423158243,60,77,0.0,0.0,15.58240032196045,28.561874389648438,1,0,0.6000000238418579,0,0,0,0,0,8,0,0,0,8,99,1,-8.300000190734863,0.0,22.774154663085938,28.40812110900879,1.5,0,0,-1.0,0.0,0.0,0,0,0
1780578715.4272978,0,0.3499999940395355,0,0,621,900,423158243,60,77,0.0,0.0,15.58240032196045,28.561874389648438,1,0,0.6000000238418579,0,0,0,0,0,8,0,0,0,8,99,1,-8.300000190734863,0.0,22.608320236206055,28.40812110900879,1.5,0,0,-1.0,0.0,0.0,0,0,0
1780578715.447261,0,0.3499999940395355,0,0,621,900,423158243,60,77,0.0,0.0,15.58240032196045,28.561874389648438,1,0,0.6000000238418579,0,0,0,0,0,8,0,0,0,8,99,1,-8.300000190734863,0.0,22.442485809326172,28.40812110900879,1.5,0,0,-1.0,0.0,0.0,0,0,0
1780578715.4671073,0,0.3499999940395355,0,0,621,900,423158243,60,77,0.0,0.0,15.58240032196045,28.561874389648438,1,0,0.6000000238418579,0,0,0,0,0,8,0,0,0,8,99,1,-8.300000190734863,0.0,22.27665138244629,28.40812110900879,1.5,0,0,-1.0,0.0,0.0,0,0,0
1780578715.4873128,0,0.3499999940395355,0,0,621,900,423158243,60,77,0.0,0.0,15.58240032196045,28.561874389648438,1,0,0.6000000238418579,0,0,0,0,0,8,0,0,0,8,99,1,-8.300000190734863,0.0,22.110816955566406,28.40812110900879,1.5,0,0,-1.0,0.0,0.0,0,0,0
1780578715.5070374,0,0.3499999940395355,0,0,621,900,423158243,60,77,0.0,0.0,15.58240032196045,28.561874389648438,1,0,0.6000000238418579,0,0,0,0,0,8,0,0,0,8,99,1,-8.300000190734863,0.0,21.944982528686523,28.408123016357422,1.5,0,0,-1.0,0.0,0.0,0,0,0
1780578715.5263102,0,0.3499999940395355,0,0,621,900,423158243,60,77,0.0,0.0,15.58240032196045,28.561874389648438,1,0,0.6000000238418579,0,0,0,0,0,8,0,0,0,8,99,1,-8.300000190734863,0.0,21.77914810180664,28.40812110900879,1.5,0,0,-1.0,0.0,0.0,0,0,0
1780578715.5470474,0,0.3499999940395355,0,0,621,900,423158243,60,77,0.0,0.0,15.58240032196045,28.561874389648438,1,0,0.6000000238418579,0,0,0,0,0,8,0,0,0,8,99,1,-8.300000190734863,0.0,21.613313674926758,28.40812110900879,1.5,0,0,-1.0,0.0,0.0,0,0,0
1780578715.5667355,0,0.3499999940395355,0,0,621,900,423158243,60,77,0.0,0.0,15.58240032196045,28.561874389648438,1,0,0.6000000238418579,0,0,0,0,0,8,0,0,0,8,99,1,-8.300000190734863,0.0,21.446741104125977,28.408123016357422,1.5,0,0,-1.0,0.0,0.0,0,0,0
1780578715.5866888,0,0.3499999940395355,0,0,621,900,423158243,60,77,0.0,0.0,15.58240032196045,28.561874389648438,1,0,0.6000000238418579,0,0,0,0,0,8,0,0,0,8,99,1,-8.300000190734863,0.0,21.28090476989746,28.408119201660156,1.5,0,0,-1.0,0.0,0.0,0,0,0
1780578715.606413,0,0.3499999940395355,0,0,621,900,423158243,60,77,0.0,0.0,15.58240032196045,28.561874389648438,1,0,0.6000000238418579,0,0,0,0,0,8,0,0,0,8,99,1,-8.300000190734863,0.0,21.11507225036621,28.40812110900879,1.5,0,0,-1.0,0.0,0.0,0,0,0
1780578715.6269636,0,0.3499999940395355,0,0,621,900,423158243,60,77,0.0,0.0,15.58240032196045,28.561874389648438,1,0,0.6000000238418579,0,0,0,0,0,8,0,0,0,8,99,1,-8.300000190734863,0.0,20.949237823486328,28.40812110900879,1.5,0,0,-1.0,0.0,0.0,0,0,0
1780578715.6469696,0,0.3499999940395355,0,0,621,900,423158243,60,77,0.0,0.0,15.58240032196045,28.561874389648438,1,0,0.6000000238418579,0,0,0,0,0,8,0,0,0,8,99,1,-8.300000190734863,0.0,20.783401489257812,28.40812110900879,1.5,0,0,-1.0,0.0,0.0,0,0,0
1780578715.6662786,0,0.3499999940395355,0,0,621,900,423158243,60,77,0.0,0.0,15.58240032196045,28.561874389648438,1,0,0.6000000238418579,0,0,0,0,0,8,0,0,0,8,99,1,-8.300000190734863,0.0,20.61700439453125,28.40812110900879,1.5,0,0,-1.0,0.0,0.0,0,0,0
1780578715.6865587,0,0.3499999940395355,0,0,621,900,423158243,60,77,0.0,0.0,15.58240032196045,28.561874389648438,1,0,0.6000000238418579,0,0,0,0,0,8,0,0,0,8,99,1,-8.300000190734863,0.0,20.451169967651367,28.40812110900879,1.5,0,0,-1.0,0.0,0.0,0,0,0
1780578715.7069998,0,0.3499999940395355,0,0,621,900,423158243,60,77,0.0,0.0,15.58240032196045,28.561874389648438,1,0,0.6000000238418579,0,0,0,0,0,8,0,0,0,8,99,1,-8.300000190734863,0.0,20.285335540771484,28.40812110900879,1.5,0,0,-1.0,0.0,0.0,0,0,0
1780578715.727083,0,0.3499999940395355,0,0,621,900,423158243,60,77,0.0,0.0,15.58240032196045,28.561874389648438,1,0,0.6000000238418579,0,0,0,0,0,8,0,0,0,8,99,1,-8.300000190734863,0.0,20.118572235107422,28.40812110900879,1.5,0,0,-1.0,0.0,0.0,0,0,1
1780578715.746595,0,0.3499999940395355,0,0,621,900,423158243,60,77,0.0,0.0,15.58240032196045,28.561874389648438,1,0,0.6000000238418579,0,0,0,0,0,8,0,0,0,8,99,1,-8.300000190734863,0.0,19.952735900878906,28.40812110900879,1.5,0,0,-1.0,0.0,0.0,0,0,1
1780578715.7670474,0,0.3499999940395355,1,0,621,900,423158243,60,77,0.0,0.0,15.58240032196045,28.561874389648438,0,0,0.6000000238418579,0,0,0,0,0,8,0,1,0,8,99,1,-8.300000190734863,0.0,19.786901473999023,28.40812110900879,1.5,0,0,-1.0,0.0,0.0,0,0,1
1780578715.7872121,0,0.3499999940395355,1,0,621,900,423158243,60,77,0.0,0.0,15.58240032196045,28.561874389648438,0,0,0.6000000238418579,0,0,0,0,0,8,0,1,0,8,99,1,-8.300000190734863,0.0,19.62106704711914,28.40812110900879,1.5,0,0,-1.0,0.0,0.0,0,0,1
1780578715.8065212,0,0.3499999940395355,1,0,621,900,423158243,60,77,0.0,0.0,15.58240032196045,28.561874389648438,0,0,0.6000000238418579,0,0,0,0,0,8,0,1,0,8,99,1,-8.300000190734863,0.0,19.455232620239258,28.40812110900879,1.5,0,0,0.0,0.0,0.0,0,0,1
1780578715.8270922,0,0.3499999940395355,1,0,621,900,423158243,60,77,0.0,0.0,15.58240032196045,28.561874389648438,0,0,0.6000000238418579,0,0,0,0,0,8,0,1,0,8,99,1,-8.300000190734863,0.0,19.289199829101562,28.40812110900879,1.5,0,0,0.0,0.0,0.0,0,0,1
1780578715.8467739,0,0.3499999940395355,1,0,621,900,423158243,60,77,0.0,0.0,15.58240032196045,28.561874389648438,0,0,0.6000000238418579,0,0,0,0,0,8,0,1,0,8,99,1,0.0,0.0,19.269023895263672,28.40812110900879,1.5,0,0,0.0,0.0,0.0,0,0,0
1780578715.8673291,0,0.3499999940395355,1,0,621,900,423158243,60,77,0.0,0.0,15.58240032196045,28.561874389648438,1,0,0.6000000238418579,0,0,0,0,0,8,0,1,0,8,99,1,0.0,0.0,19.269023895263672,28.40812110900879,1.5,0,0,0.0,0.0,0.0,0,0,0
1780578715.8869061,0,0.3499999940395355,1,0,621,900,423158243,60,77,0.0,0.0,15.58240032196045,28.561874389648438,1,0,0.6000000238418579,0,0,0,0,0,8,0,1,0,8,99,1,0.0,0.0,19.269023895263672,28.40812110900879,1.5,0,0,0.0,0.0,0.0,0,0,0
1780578715.907258,0,0.3499999940395355,1,0,621,900,423158243,60,77,0.0,0.0,15.58240032196045,28.561874389648438,1,0,0.6000000238418579,0,0,0,0,0,8,0,1,0,8,99,1,0.0,0.0,19.269023895263672,28.40812110900879,1.5,0,0,0.0,0.0,0.0,0,0,0
1780578715.9270172,0,0.3499999940395355,1,0,621,900,423158243,60,77,0.0,0.0,15.58240032196045,28.561874389648438,1,0,0.6000000238418579,0,0,0,0,0,8,0,1,0,8,99,1,0.0,0.0,19.269023895263672,28.40812110900879,1.5,0,0,0.0,0.0,0.0,0,0,0
1780578715.9464927,0,0.3499999940395355,1,0,621,900,423158243,60,77,0.0,0.0,15.58240032196045,28.561874389648438,1,0,0.6000000238418579,0,0,0,0,0,8,0,1,0,8,99,1,0.0,0.0,19.269023895263672,28.40812110900879,1.5,0,0,0.0,0.0,0.0,0,0,0
1780578715.9668462,0,0.3499999940395355,1,0,621,900,423158243,60,77,0.0,0.0,15.58240032196045,28.561874389648438,1,0,0.6000000238418579,0,0,0,0,0,8,0,1,0,8,99,1,0.0,0.0,19.269023895263672,28.40812110900879,1.5,0,0,0.0,0.0,0.0,0,0,0
1780578715.9870813,0,0.3499999940395355,1,0,621,900,423158243,60,77,0.0,0.0,15.58240032196045,28.561874389648438,1,0,0.6000000238418579,0,0,0,0,0,8,0,1,0,8,99,1,0.0,0.0,19.269023895263672,28.40812110900879,1.5,0,0,0.0,0.0,0.0,0,0,0
1780578716.0068498,0,0.3499999940395355,1,0,621,900,423158243,60,77,0.0,0.0,15.58240032196045,28.561874389648438,1,0,0.6000000238418579,0,0,0,0,0,8,0,1,0,8,99,1,0.0,0.0,19.269023895263672,28.40812110900879,1.5,0,0,0.0,0.0,0.0,0,0,0
1780578716.026612,0,0.3499999940395355,1,0,621,900,423158243,60,77,0.0,0.0,15.58240032196045,28.561874389648438,1,0,0.6000000238418579,0,0,0,0,0,8,0,1,0,8,99,1,0.0,0.0,19.269023895263672,28.40812110900879,1.5,0,0,0.0,0.0,0.0,0,0,0
1780578716.0469723,0,0.3499999940395355,1,0,621,900,423158243,60,77,0.0,0.0,15.58240032196045,28.561874389648438,1,0,0.6000000238418579,0,0,0,0,0,8,0,1,0,8,99,1,0.0,0.0,19.269023895263672,28.40812110900879,1.5,0,0,0.0,0.0,0.0,0,0,0
1780578716.06698,0,0.3499999940395355,1,0,621,900,423158243,60,77,0.0,0.0,15.58240032196045,28.561874389648438,1,0,0.6000000238418579,0,0,0,0,0,8,0,1,0,8,99,1,0.0,0.0,19.269023895263672,28.40812110900879,1.5,0,0,0.0,0.0,0.0,0,0,0
1780578716.0865223,0,0.3499999940395355,1,0,621,900,423158243,60,77,0.0,0.0,15.58240032196045,28.561874389648438,1,0,0.6000000238418579,0,0,0,0,0,8,0,1,0,8,99,1,0.0,0.0,19.269023895263672,28.40812110900879,1.5,0,0,0.0,0.0,0.0,0,0,0
1780578716.1076515,0,0.3499999940395355,0,0,621,900,423158243,60,77,0.0,0.0,15.58240032196045,28.561874389648438,1,0,0.6000000238418579,0,0,0,0,0,8,0,0,0,8,99,1,0.0,0.0,19.269023895263672,28.40812110900879,1.5,0,0,0.0,0.0,0.0,0,0,0
1780578716.126974,0,0.3499999940395355,0,0,621,900,423158243,60,77,0.0,0.0,15.58240032196045,28.561874389648438,1,0,0.6000000238418579,0,0,0,0,0,8,0,0,0,8,99,1,0.0,0.0,19.269023895263672,28.40812110900879,1.5,0,0,0.0,0.0,0.0,0,0,0
1780578716.147117,0,0.3499999940395355,0,0,621,900,423158243,60,77,0.0,0.0,15.58240032196045,28.561874389648438,1,0,0.6000000238418579,0,0,0,0,0,8,0,0,0,8,99,1,0.0,0.0,19.269023895263672,28.40812110900879,1.5,0,0,0.0,0.0,0.0,0,0,0
1780578716.166755,0,0.3499999940395355,0,0,621,900,423158243,60,77,0.0,0.0,15.58240032196045,28.561874389648438,1,0,0.6000000238418579,0,0,0,0,0,8,0,0,0,8,99,1,0.0,0.0,19.269023895263672,28.40812110900879,1.5,0,0,0.0,0.0,0.0,0,0,0
1780578716.1869915,0,0.3499999940395355,0,0,621,900,423158243,60,77,0.0,0.0,15.58240032196045,28.561874389648438,1,0,0.6000000238418579,0,0,0,0,0,8,0,0,0,8,99,1,0.0,0.0,19.269023895263672,28.40812110900879,1.5,0,0,-1.0,0.0,0.0,0,0,0
1780578716.2071652,0,0.3499999940395355,0,0,621,900,423158243,60,77,0.0,0.0,15.58240032196045,28.561874389648438,1,0,0.6000000238418579,0,0,0,0,0,8,0,0,0,8,99,1,0.0,0.0,19.269023895263672,28.40812110900879,1.5,0,0,-1.0,0.0,0.0,0,0,0
1780578716.2264936,0,0.3499999940395355,0,0,621,900,423158243,60,77,0.0,0.0,15.58240032196045,28.561874389648438,1,0,0.6000000238418579,0,0,0,0,0,8,0,0,0,8,99,1,-8.300000190734863,0.0,19.1227970123291,28.40812110900879,1.5,0,0,-1.0,0.0,0.0,0,0,0
1780578716.2470777,0,0.3499999940395355,0,0,621,900,423158243,60,77,0.0,0.0,15.58240032196045,28.561874389648438,1,0,0.6000000238418579,0,0,0,0,0,8,0,0,0,8,99,1,-8.300000190734863,0.0,18.95696258544922,28.40812110900879,1.5,0,0,-1.0,0.0,0.0,0,0,0
1780578716.2670927,0,0.3499999940395355,1,0,621,900,423158243,60,77,0.0,0.0,15.58240032196045,28.561874389648438,0,0,0.6000000238418579,0,0,0,0,0,8,0,1,0,8,99,1,-8.300000190734863,0.0,18.791128158569336,28.40812110900879,1.5,0,0,-1.0,0.0,0.0,0,0,1
1780578716.287248,0,0.3499999940395355,1,0,621,900,423158243,60,77,0.0,0.0,15.58240032196045,28.561874389648438,0,0,0.6000000238418579,0,0,0,0,0,8,0,1,0,8,99,1,-8.300000190734863,0.0,18.625293731689453,28.40812110900879,1.5,0,0,1.0,0.0,0.0,0,0,1
1780578716.306419,0,0.3499999940395355,1,0,600,900,423158243,7,77,0.0,0.0,15.58240032196045,28.561874389648438,0,0,0.6000000238418579,0,0,0,0,0,8,0,1,0,8,99,1,3.75,0.0,18.459070205688477,28.40812110900879,1.5,0,11,0.0,0.0,0.0,0,0,1
1780578716.3266468,0,0.3499999940395355,1,0,600,900,423158243,7,77,0.0,0.0,15.576258659362793,28.561874389648438,0,0,0.6000000238418579,0,0,0,0,0,8,0,1,0,8,99,1,3.75,0.0,18.50489044189453,28.40812110900879,1.5,0,11,0.0,0.0,0.0,0,0,1
1780578716.3471203,0,0.3499999940395355,1,0,600,900,423158243,7,77,0.0,0.0,15.578470230102539,28.561874389648438,0,0,0.6000000238418579,0,0,0,0,0,8,0,1,0,8,99,1,3.75,0.0,18.579814910888672,28.408123016357422,1.5,0,11,0.0,0.0,0.0,0,0,1
1780578716.3671582,0,0.3499999940395355,1,0,600,900,423158243,7,77,0.0,0.0,15.579886436462402,28.561874389648438,0,0,0.6000000238418579,0,0,0,0,0,8,0,1,0,8,99,1,3.75,0.0,18.654882431030273,28.40812110900879,1.5,0,11,0.0,0.0,0.0,0,0,1
1780578716.387017,0,0.3499999940395355,1,0,600,900,423158243,7,77,0.0,0.0,15.580792427062988,28.561874389648438,1,0,0.6000000238418579,0,0,0,0,0,8,0,1,0,8,99,1,3.75,0.0,18.7302303314209,28.40812110900879,1.5,0,11,0.0,0.0,0.0,0,0,0
1780578716.4072196,0,0.3499999940395355,1,0,600,900,423158243,7,77,0.0,0.0,15.581372261047363,28.561874389648438,1,0,0.6000000238418579,0,0,0,0,0,8,0,1,0,8,99,1,3.75,0.0,18.805156707763672,28.40812110900879,1.5,0,11,0.0,0.0,0.0,0,0,0
1780578716.427055,0,0.3499999940395355,1,0,600,900,423158243,7,77,0.0,0.0,15.581743240356445,28.561874389648438,1,0,0.6000000238418579,0,0,0,0,0,8,0,1,0,8,99,1,3.75,0.0,18.880083084106445,28.40812110900879,1.5,0,11,0.0,0.0,0.0,0,0,0
1780578716.446887,0,0.3499999940395355,1,0,600,900,423158243,7,77,0.0,0.0,15.58198070526123,28.561874389648438,1,0,0.6000000238418579,0,0,0,0,0,8,0,1,0,8,99,1,3.75,0.0,18.95500946044922,28.40812110900879,1.5,0,11,0.0,0.0,0.0,0,0,0
1780578716.4670708,0,0.3499999940395355,1,0,600,900,423158243,7,77,0.0,0.0,15.582132339477539,28.561874389648438,1,0,0.6000000238418579,0,0,0,0,0,8,0,1,0,8,99,1,3.75,0.0,19.029935836791992,28.40812110900879,1.5,0,11,0.0,0.0,0.0,0,0,0
1780578716.487412,0,0.3499999940395355,1,0,600,900,423158243,7,77,0.0,0.0,15.582229614257812,28.561874389648438,1,0,0.6000000238418579,0,0,0,0,0,8,0,1,0,8,99,1,3.75,0.0,19.104995727539062,28.40812110900879,1.5,0,11,0.0,0.0,0.0,0,0,0
1780578716.5064204,0,0.3499999940395355,1,0,600,900,423158243,7,77,0.0,0.0,15.582291603088379,28.561874389648438,1,0,0.6000000238418579,0,0,0,0,0,8,0,1,0,8,99,1,0.0,0.0,19.114028930664062,28.40812110900879,1.5,0,11,0.0,0.0,0.0,0,0,0
1780578716.5270917,0,0.3499999940395355,1,0,600,900,423158243,7,77,0.0,0.0,15.582331657409668,28.561874389648438,1,0,0.6000000238418579,0,0,0,0,0,8,0,1,0,8,99,1,0.0,0.0,19.114028930664062,28.40812110900879,1.5,0,11,0.0,0.0,0.0,0,0,0
1780578716.5469654,0,0.3499999940395355,1,0,600,900,423158243,7,77,0.0,0.0,15.582357406616211,28.561874389648438,1,0,0.6000000238418579,0,0,0,0,0,8,0,1,0,8,99,1,0.0,0.0,19.114028930664062,28.40812110900879,1.5,0,11,0.0,0.0,0.0,0,0,0
1780578716.5668502,0,0.3499999940395355,1,0,600,900,423158243,7,77,0.0,0.0,15.58237361907959,28.561874389648438,1,0,0.6000000238418579,0,0,0,0,0,8,0,1,0,8,99,1,0.0,0.0,19.114028930664062,28.40812110900879,1.5,0,11,0.0,0.0,0.0,0,0,0
1780578716.5867758,0,0.3499999940395355,1,0,600,900,423158243,7,77,0.0,0.0,15.58238410949707,28.561874389648438,1,0,0.6000000238418579,0,0,0,0,0,8,0,1,0,8,99,1,0.0,0.0,19.114028930664062,28.40812110900879,1.5,0,11,0.0,0.0,0.0,0,0,0
1780578716.6070547,0,0.3499999940395355,1,0,600,900,423158243,7,77,0.0,0.0,15.582390785217285,28.561874389648438,1,0,0.6000000238418579,0,0,0,0,0,8,0,1,0,8,99,1,0.0,0.0,19.114028930664062,28.40812110900879,1.5,0,11,0.0,0.0,0.0,0,0,0
1780578716.6265838,0,0.3499999940395355,0,0,600,900,423158243,9,77,3.109438896179199,41.0,15.58239459991455,28.561874389648438,1,0,0.6000000238418579,0,0,0,0,0,8,0,0,0,8,99,1,0.0,0.0,19.114028930664062,28.40812110900879,1.5,0,11,0.0,0.0,0.0,0,0,0
1780578716.646992,0,0.3499999940395355,0,0,600,900,423158243,10,77,3.109438896179199,39.20000076293945,15.644583702087402,29.345874786376953,1,0,0.6000000238418579,0,0,0,0,0,8,0,0,0,8,99,1,0.0,0.0,19.114028930664062,28.40812110900879,1.5,0,11,0.0,0.0,0.0,0,0,0
1780578716.6668758,0,0.3499999940395355,0,0,600,900,423158243,10,77,3.109438896179199,37.400001525878906,15.706772804260254,30.093873977661133,1,0,0.6000000238418579,0,0,0,0,0,8,0,0,0,8,99,1,0.0,0.0,19.114028930664062,28.40812110900879,1.5,0,11,0.0,0.0,0.0,0,0,0
1780578716.6871657,0,0.3499999940395355,0,0,600,900,423158243,10,77,3.109438896179199,35.60000228881836,15.768961906433105,30.80587387084961,1,0,0.6000000238418579,0,0,0,0,0,8,0,0,0,8,99,1,0.0,0.0,19.114028930664062,28.408119201660156,1.5,0,11,0.0,0.0,0.0,0,0,0
1780578716.7071059,0,0.3499999940395355,0,0,600,900,423158243,10,77,3.109438896179199,33.80000305175781,15.831151008605957,31.481874465942383,1,0,0.6000000238418579,0,0,0,0,0,8,0,0,0,8,99,1,0.0,0.0,19.114028930664062,28.40812110900879,1.5,0,11,0.0,0.0,0.0,0,0,0
1780578716.7272165,0,0.3499999940395355,0,0,600,900,423158243,10,77,3.109438896179199,32.000003814697266,15.893340110778809,32.12187194824219,1,0,0.6000000238418579,0,0,0,0,0,8,0,0,0,8,99,1,0.0,0.0,19.114028930664062,28.40812110900879,1.5,0,11,1.0,0.0,0.0,0,0,0
1780578716.7471023,0,0.3499999940395355,0,0,600,900,423158243,10,77,3.109438896179199,30.20000457763672,15.95552921295166,32.72587203979492,1,0,0.6000000238418579,0,0,0,0,0,8,0,0,0,8,99,1,0.0,0.0,19.114028930664062,28.40812110900879,1.5,0,11,1.0,0.0,0.0,0,0,0
1780578716.767383,0,0.3499999940395355,0,0,600,900,423158243,10,77,3.109438896179199,28.400005340576172,16.017717361450195,33.29387283325195,1,0,0.6000000238418579,0,0,0,0,0,8,0,0,0,8,99,1,0.0,0.0,19.114028930664062,28.40812110900879,1.5,0,11,1.0,0.0,0.0,0,0,0
1780578716.7871373,0,0.3499999940395355,0,0,600,900,423158243,10,77,3.109438896179199,26.600006103515625,16.079906463623047,33.82587432861328,1,0,0.6000000238418579,0,0,1,0,0,8,0,0,0,8,99,1,8.300000190734863,0.0,19.260868072509766,28.40812110900879,1.5,0,11,1.0,0.0,0.0,0,0,0
1780578716.8071957,0,0.3499999940395355,0,0,600,900,423158243,10,77,3.109438896179199,24.800006866455078,16.1420955657959,34.32187271118164,1,0,0.6000000238418579,0,0,1,0,0,8,0,0,0,8,99,1,8.300000190734863,0.0,19.42670249938965,28.408123016357422,1.5,0,11,1.0,0.0,0.0,0,0,0
1780578716.827742,0,0.3499999940395355,0,0,600,900,423158243,10,77,3.109438896179199,23.00000762939453,16.20428466796875,34.7818717956543,1,0,0.6000000238418579,0,0,1,0,0,8,0,0,0,8,99,1,8.300000190734863,0.0,19.59253692626953,28.40812110900879,1.5,0,11,1.0,0.0,0.0,0,0,0
1780578716.8468401,0,0.3499999940395355,0,0,600,900,423158243,10,77,3.109438896179199,21.200008392333984,16.2664737701416,35.20587158203125,1,0,0.6000000238418579,0,0,1,0,0,8,0,0,0,8,99,1,8.300000190734863,0.0,19.75836944580078,28.40812110900879,1.5,0,11,1.0,0.0,0.0,0,0,0
1780578716.8666701,0,0.3499999940395355,0,0,600,900,423158243,10,77,3.109438896179199,19.400009155273438,16.328662872314453,35.5938720703125,1,0,0.6000000238418579,0,0,1,0,0,8,0,0,0,8,99,1,8.300000190734863,0.0,19.924205780029297,28.40812110900879,1.5,0,11,1.0,0.0,0.0,0,0,0
1780578716.8871164,0,0.3499999940395355,0,0,600,900,423158243,10,77,3.109438896179199,17.60000991821289,16.390851974487305,35.94587326049805,1,0,0.6000000238418579,0,0,1,0,0,8,0,0,0,8,99,1,8.300000190734863,0.0,20.090038299560547,28.40812110900879,1.5,0,11,1.0,0.0,0.0,0,0,0
1780578716.906991,0,0.3499999940395355,0,0,600,900,423158243,10,77,3.109438896179199,15.800010681152344,16.453041076660156,36.26187515258789,1,0,0.6000000238418579,0,0,1,0,0,8,0,0,0,8,99,1,8.300000190734863,0.0,20.255874633789062,28.40812110900879,1.5,0,11,1.0,0.0,0.0,0,0,0
1780578716.926438,0,0.3499999940395355,0,0,600,900,423158243,10,77,3.109438896179199,14.000011444091797,16.515230178833008,36.541873931884766,1,0,0.6000000238418579,0,0,1,0,0,8,0,0,0,8,99,1,8.300000190734863,0.0,20.422574996948242,28.40812110900879,1.5,0,11,1.0,0.0,0.0,0,0,0
1780578716.9471142,0,0.3499999940395355,0,0,600,900,423158243,10,77,3.109438896179199,12.20001220703125,16.57741928100586,36.78587341308594,1,0,0.6000000238418579,0,0,1,0,0,8,0,0,0,8,99,1,8.300000190734863,0.0,20.588409423828125,28.40812110900879,1.5,0,11,1.0,0.0,0.0,0,0,0
1780578716.9668326,0,0.3499999940395355,0,0,600,900,423158243,10,77,3.109438896179199,10.400012969970703,16.63960838317871,36.993873596191406,1,0,0.6000000238418579,0,0,1,0,0,8,0,0,0,8,99,1,8.300000190734863,0.0,20.754243850708008,28.40812110900879,1.5,0,11,1.0,0.0,0.0,0,0,0
1780578716.9869478,0,0.3499999940395355,0,0,600,900,423158243,10,77,3.109438896179199,8.600013732910156,16.701797485351562,37.16587448120117,1,0,0.6000000238418579,0,0,1,0,0,8,0,0,0,8,99,1,8.300000190734863,0.0,20.92007827758789,28.40812110900879,1.5,0,11,1.0,0.0,0.0,0,0,0
1780578717.0062327,0,0.3499999940395355,0,0,600,900,423158243,10,77,3.109438896179199,6.800014495849609,16.763986587524414,37.301876068115234,1,0,0.6000000238418579,0,0,1,0,0,8,0,0,0,8,99,1,8.300000190734863,0.0,21.085912704467773,28.40812110900879,1.5,0,11,1.0,0.0,0.0,0,0,0
1780578717.026326,0,0.3499999940395355,0,0,600,900,423158243,10,77,3.109438896179199,5.0000152587890625,16.826175689697266,37.40187454223633,1,0,0.6000000238418579,0,0,1,0,0,8,0,0,0,8,99,1,8.300000190734863,0.0,21.251747131347656,28.40812110900879,1.5,0,11,1.0,0.0,0.0,0,0,0
1780578717.047132,0,0.3499999940395355,0,0,600,900,423158243,10,77,3.109438896179199,3.2000160217285156,16.888364791870117,37.46587371826172,1,0,0.6000000238418579,0,0,1,0,0,8,0,0,0,8,99,1,8.300000190734863,0.0,21.417579650878906,28.40812110900879,1.5,0,11,1.0,0.0,0.0,0,0,0
1780578717.0668821,0,0.3499999940395355,0,0,600,900,423158243,10,77,3.109438896179199,1.4000167846679688,16.95055389404297,37.493873596191406,1,0,0.6000000238418579,0,0,1,0,0,8,0,0,0,8,99,1,8.300000190734863,0.0,21.583894729614258,28.408123016357422,1.5,0,11,1.0,0.0,0.0,0,0,0
1780578717.0863452,0,0.3499999940395355,0,0,600,900,423158243,10,77,3.109438896179199,-0.3999824523925781,17.01274299621582,37.48587417602539,1,0,0.6000000238418579,0,0,1,0,0,8,0,0,0,8,99,1,8.300000190734863,0.0,21.74972915649414,28.408119201660156,1.5,0,11,1.0,0.0,0.0,0,0,0
1780578717.1069727,0,0.3499999940395355,0,0,600,900,423158243,10,77,3.109438896179199,-2.199981689453125,17.074932098388672,37.44187545776367,1,0,0.6000000238418579,0,0,1,0,0,8,0,0,0,8,99,1,8.300000190734863,0.0,21.915565490722656,28.40812110900879,1.5,0,11,1.0,0.0,0.0,0,0,0
1780578717.1268919,0,0.3499999940395355,0,0,600,900,423158243,10,77,3.109438896179199,-3.999980926513672,17.137121200561523,37.36187744140625,1,0,0.6000000238418579,0,0,1,0,0,8,0,0,0,8,99,1,8.300000190734863,0.0,22.08139991760254,28.40812110900879,1.5,0,11,1.0,0.0,0.0,0,0,0
1780578717.146353,0,0.3499999940395355,0,0,600,900,423158243,10,77,3.109438896179199,-5.799980163574219,17.199310302734375,37.24587631225586,1,0,0.6000000238418579,0,0,1,0,0,8,0,0,0,8,99,1,8.300000190734863,0.0,22.247819900512695,28.40812110900879,1.5,0,11,1.0,0.0,0.0,0,0,0
1780578717.1663923,0,0.3499999940395355,0,0,600,900,423158243,10,77,3.109438896179199,-7.599979400634766,17.261499404907227,37.093875885009766,1,0,0.6000000238418579,0,0,1,0,0,8,0,0,0,8,99,1,8.300000190734863,0.0,22.413654327392578,28.40812110900879,1.5,0,11,1.0,0.0,0.0,0,0,0
1780578717.186759,0,0.3499999940395355,0,0,600,900,423158243,10,77,3.109438896179199,-9.399978637695312,17.323688507080078,36.90587615966797,1,0,0.6000000238418579,0,0,1,0,0,8,0,0,0,8,99,1,8.300000190734863,0.0,22.57948875427246,28.40812110900879,1.5,0,11,1.0,0.0,0.0,0,0,0
1780578717.2069006,0,0.3499999940395355,0,0,600,900,423158243,10,77,3.109438896179199,-11.19997787475586,17.38587760925293,36.68187713623047,1,0,0.6000000238418579,0,0,1,0,0,8,0,0,0,8,99,1,8.300000190734863,0.0,22.74567222595215,28.40812110900879,1.5,0,11,1.0,0.0,0.0,0,0,0
1780578717.226668,0,0.3499999940395355,0,0,600,900,423158243,10,77,3.109438896179199,-12.999977111816406,17.44806671142578,36.421878814697266,1,0,0.6000000238418579,0,0,1,0,0,8,0,0,0,8,99,1,8.300000190734863,0.0,22.911855697631836,28.40812110900879,1.5,0,11,1.0,0.0,0.0,0,0,0
1780578717.2465384,0,0.3499999940395355,0,0,600,900,423158243,10,77,3.109438896179199,-14.799976348876953,17.510255813598633,36.12588119506836,1,0,0.6000000238418579,0,0,1,0,0,8,0,0,0,8,99,1,8.300000190734863,0.0,23.07769012451172,28.40812110900879,1.5,0,11,1.0,0.0,0.0,0,0,0
1780578717.266935,0,0.3499999940395355,0,0,600,900,423158243,10,77,3.109438896179199,-16.5999755859375,17.572444915771484,35.793880462646484,1,0,0.6000000238418579,0,0,1,0,0,8,0,0,0,8,99,1,8.300000190734863,0.0,23.24352264404297,28.40812110900879,1.5,0,11,1.0,0.0,0.0,0,0,0
1780578717.286345,0,0.3499999940395355,0,0,600,900,423158243,10,77,3.109438896179199,-18.399974822998047,17.634634017944336,35.425880432128906,1,0,0.6000000238418579,0,0,1,0,0,8,0,0,0,8,99,1,8.300000190734863,0.0,23.40994644165039,28.408119201660156,1.5,0,11,1.0,0.0,0.0,0,0,0
1780578717.3071425,0,0.3499999940395355,0,0,600,900,423158243,10,77,3.109438896179199,-20.199974060058594,17.696823120117188,35.021881103515625,1,0,0.6000000238418579,0,0,1,0,0,8,0,0,0,8,99,1,8.300000190734863,0.0,23.575780868530273,28.40812110900879,1.5,0,11,1.0,0.0,0.0,0,0,0
1780578717.326853,0,0.3499999940395355,0,0,600,900,423158243,10,77,3.109438896179199,-21.99997329711914,17.75901222229004,34.58188247680664,1,0,0.6000000238418579,0,0,1,0,0,8,0,0,0,8,99,1,8.300000190734863,0.0,23.741613388061523,28.40812110900879,1.5,0,11,1.0,0.0,0.0,0,0,0
1780578717.3467612,0,0.3499999940395355,0,0,600,900,423158243,10,77,3.109438896179199,-23.799972534179688,17.82120132446289,34.10588455200195,1,0,0.6000000238418579,0,0,1,0,0,8,0,0,0,8,99,1,8.300000190734863,0.0,23.907983779907227,28.40812110900879,1.5,0,11,1.0,0.0,0.0,0,0,0
1780578717.3669589,0,0.3499999940395355,0,0,600,900,423158243,10,77,3.109438896179199,-25.599971771240234,17.883390426635742,33.5938835144043,1,0,0.6000000238418579,0,0,1,0,0,8,0,0,0,8,99,1,8.300000190734863,0.0,24.074108123779297,28.40812110900879,1.5,0,11,1.0,0.0,0.0,0,0,0
1780578717.3870893,0,0.3499999940395355,0,0,600,900,423158243,10,77,3.109438896179199,-27.39997100830078,17.945579528808594,33.04588317871094,1,0,0.6000000238418579,0,0,1,0,0,8,0,0,0,8,99,1,8.300000190734863,0.0,24.23994255065918,28.40812110900879,1.5,0,11,0.0,0.0,0.0,0,0,0
1780578717.4070873,0,0.3499999940395355,0,0,600,900,423158243,10,77,3.109438896179199,-29.199970245361328,18.007768630981445,32.461883544921875,1,0,0.6000000238418579,0,0,1,0,0,8,0,0,0,8,99,1,8.300000190734863,0.0,24.405776977539062,28.40812110900879,1.5,0,11,-1.0,0.0,0.0,0,0,0
1780578717.426832,0,0.3499999940395355,0,0,600,900,423158243,10,77,3.109438896179199,-30.999969482421875,18.069957733154297,31.84188461303711,1,0,0.6000000238418579,0,0,1,0,0,8,0,0,0,8,99,1,0.0,0.0,24.426040649414062,28.40812110900879,1.5,0,11,-1.0,0.0,0.0,0,0,0
1780578717.4470403,0,0.3499999940395355,0,0,600,900,423158243,10,77,3.109438896179199,-32.79996871948242,18.13214683532715,31.18588638305664,1,0,0.6000000238418579,0,0,0,0,0,8,0,0,0,8,99,1,-8.300000190734863,0.0,24.280344009399414,28.40812110900879,1.5,0,11,-1.0,0.0,0.0,0,0,0
1780578717.466917,0,0.3499999940395355,0,0,600,900,423158243,10,77,3.109438896179199,-34.59996795654297,18.1943359375,30.493886947631836,1,0,0.6000000238418579,0,0,0,0,0,8,0,0,0,8,99,1,-8.300000190734863,0.0,24.114351272583008,28.408123016357422,1.5,0,11,-1.0,0.0,0.0,0,0,0
1780578717.4865987,0,0.3499999940395355,0,0,600,900,423158243,10,77,3.109438896179199,-36.399967193603516,18.25652503967285,29.765888214111328,1,0,0.6000000238418579,0,0,0,0,0,8,0,0,0,8,99,1,-8.300000190734863,0.0,23.94767951965332,28.40812110900879,1.5,0,11,-1.0,0.0,0.0,0,0,0
1780578717.5072474,0,0.3499999940395355,0,0,600,900,423158243,10,77,3.109438896179199,-38.19996643066406,18.318714141845703,29.001888275146484,1,0,0.6000000238418579,0,0,0,0,0,8,0,0,0,8,99,1,-8.300000190734863,0.0,23.781845092773438,28.40812110900879,1.5,0,11,-1.0,0.0,0.0,0,0,0
1780578717.5270352,0,0.3499999940395355,0,0,600,900,423158243,11,77,0.0,0.0,18.380903244018555,28.56183624267578,1,0,0.6000000238418579,0,0,0,0,0,8,0,0,0,8,99,1,-8.300000190734863,0.0,23.616012573242188,28.40812110900879,1.5,0,11,-1.0,0.0,0.0,0,0,0
1780578717.5465524,0,0.3499999940395355,0,0,600,900,423158243,11,77,0.0,0.0,18.380903244018555,28.56184959411621,1,0,0.6000000238418579,0,0,0,0,0,8,0,0,0,8,99,1,-8.300000190734863,0.0,23.450176239013672,28.40812110900879,1.5,0,11,-1.0,0.0,0.0,0,0,0
1780578717.566593,0,0.3499999940395355,0,0,600,900,423158243,11,77,0.0,0.0,18.380903244018555,28.561859130859375,1,0,0.6000000238418579,0,0,0,0,0,8,0,0,0,8,99,1,-8.300000190734863,0.0,23.28434181213379,28.408123016357422,1.5,0,11,-1.0,0.0,0.0,0,0,0
1780578717.5869381,0,0.3499999940395355,0,0,600,900,423158243,11,77,0.0,0.0,18.380903244018555,28.561864852905273,1,0,0.6000000238418579,0,0,0,0,0,8,0,0,0,8,99,1,-8.300000190734863,0.0,23.118507385253906,28.40812110900879,1.5,0,11,-1.0,0.0,0.0,0,0,0
1780578717.6070344,0,0.3499999940395355,0,0,600,900,423158243,11,77,0.0,0.0,18.380903244018555,28.56186866760254,1,0,0.6000000238418579,0,0,0,0,0,8,0,0,0,8,99,1,-8.300000190734863,0.0,22.95257568359375,28.40812110900879,1.5,0,11,-1.0,0.0,0.0,0,0,0
1780578717.62649,0,0.3499999940395355,0,0,600,900,423158243,11,77,0.0,0.0,18.380903244018555,28.561870574951172,1,0,0.6000000238418579,0,0,0,0,0,8,0,0,0,8,99,1,-8.300000190734863,0.0,22.7867431640625,28.40812110900879,1.5,0,11,-1.0,0.0,0.0,0,0,0
1780578717.6468253,0,0.3499999940395355,0,0,600,900,423158243,11,77,0.0,0.0,18.380903244018555,28.561870574951172,1,0,0.6000000238418579,0,0,0,0,0,8,0,0,0,8,99,1,-8.300000190734863,0.0,22.620906829833984,28.40812110900879,1.5,0,11,-1.0,0.0,0.0,0,0,0
1780578717.6664562,0,0.3499999940395355,0,0,600,900,423158243,11,77,0.0,0.0,18.380903244018555,28.561870574951172,1,0,0.6000000238418579,0,0,0,0,0,8,0,0,0,8,99,1,-8.300000190734863,0.0,22.45470428466797,28.40812110900879,1.5,0,11,-1.0,0.0,0.0,0,0,0
1780578717.6869361,0,0.3499999940395355,0,0,600,900,423158243,11,77,0.0,0.0,18.380903244018555,28.561870574951172,1,0,0.6000000238418579,0,0,0,0,0,8,0,0,0,8,99,1,-8.300000190734863,0.0,22.288869857788086,28.40812110900879,1.5,0,11,-1.0,0.0,0.0,0,0,0
1780578717.706712,0,0.3499999940395355,0,0,600,900,423158243,11,77,0.0,0.0,18.380903244018555,28.561870574951172,1,0,0.6000000238418579,0,0,0,0,0,8,0,0,0,8,99,1,-8.300000190734863,0.0,22.122608184814453,28.40812110900879,1.5,0,11,-1.0,0.0,0.0,0,0,1
1780578717.727159,0,0.3499999940395355,1,0,600,900,423158243,11,77,0.0,0.0,18.380903244018555,28.561870574951172,0,0,0.6000000238418579,0,0,0,0,0,8,0,1,0,8,99,1,-8.300000190734863,0.0,21.95677375793457,28.40812110900879,1.5,0,11,-1.0,0.0,0.0,0,0,1
1780578717.7470424,0,0.3499999940395355,1,0,600,900,423158243,11,77,0.0,0.0,18.380903244018555,28.561870574951172,0,0,0.6000000238418579,0,0,0,0,0,8,0,1,0,8,99,1,-8.300000190734863,0.0,21.790939331054688,28.408123016357422,1.5,0,11,-1.0,0.0,0.0,0,0,1
1780578717.766413,0,0.3499999940395355,1,0,579,900,423158243,51,77,0.0,0.0,18.380903244018555,28.561870574951172,0,0,0.6000000238418579,0,0,0,0,0,8,0,1,0,8,99,1,3.75,0.0,21.62444496154785,28.40812110900879,1.5,0,22,-1.0,0.0,0.0,0,0,1
1780578717.78726,0,0.3499999940395355,1,0,579,900,423158243,51,77,0.0,0.0,18.080904006958008,28.561870574951172,0,0,0.6000000238418579,0,0,0,0,0,8,0,1,0,8,99,1,3.75,0.0,21.66973876953125,28.40812110900879,1.5,0,22,-1.0,0.0,0.0,0,0,1
1780578717.8069334,0,0.3499999940395355,1,0,579,900,423158243,51,77,0.0,0.0,17.78090476989746,28.561870574951172,0,0,0.6000000238418579,0,0,0,0,0,8,0,1,0,8,99,1,3.75,0.0,21.74466323852539,28.40812110900879,1.5,0,22,-1.0,0.0,0.0,0,0,1
1780578717.827164,0,0.3499999940395355,1,0,579,900,423158243,51,77,0.0,0.0,17.480905532836914,28.561870574951172,1,0,0.6000000238418579,0,0,0,0,0,8,0,1,0,8,99,1,3.75,0.0,21.820161819458008,28.40812110900879,1.5,0,22,-1.0,0.0,0.0,0,0,0
1780578717.8471942,0,0.3499999940395355,1,0,579,900,423158243,51,77,0.0,0.0,17.180906295776367,28.561870574951172,1,0,0.6000000238418579,0,0,0,0,0,8,0,1,0,8,99,1,3.75,0.0,21.89508819580078,28.40812110900879,1.5,0,22,-1.0,0.0,0.0,0,0,0
1780578717.8668828,0,0.3499999940395355,1,0,579,900,423158243,51,77,0.0,0.0,16.88090705871582,28.561870574951172,1,0,0.6000000238418579,0,0,0,0,0,8,0,1,0,8,99,1,3.75,0.0,21.970073699951172,28.40812110900879,1.5,0,22,-1.0,0.0,0.0,0,0,0
1780578717.8868027,0,0.3499999940395355,1,0,579,900,423158243,51,77,0.0,0.0,16.580907821655273,28.561870574951172,1,0,0.6000000238418579,0,0,0,0,0,8,0,1,0,8,99,1,3.75,0.0,22.045000076293945,28.40812110900879,1.5,0,22,-1.0,0.0,0.0,0,0,0
1780578717.9066823,0,0.3499999940395355,1,0,579,900,423158243,51,77,0.0,0.0,16.280908584594727,28.561870574951172,1,0,0.6000000238418579,0,0,0,0,0,8,0,1,0,8,99,1,3.75,0.0,22.11992645263672,28.40812110900879,1.5,0,22,-1.0,0.0,0.0,0,0,0
1780578717.9268966,0,0.3499999940395355,1,0,579,900,423158243,51,77,0.0,0.0,15.980908393859863,28.561870574951172,1,0,0.6000000238418579,0,0,0,0,0,8,0,1,0,8,99,1,3.75,0.0,22.19485092163086,28.40812110900879,1.5,0,22,-1.0,0.0,0.0,0,0,0
1780578717.9466238,0,0.3499999940395355,1,0,579,900,423158243,51,77,0.0,0.0,15.980908393859863,28.561870574951172,1,0,0.6000000238418579,0,0,0,0,0,8,0,1,0,8,99,1,3.75,0.0,22.269777297973633,28.40812110900879,1.5,0,22,-1.0,0.0,0.0,0,0,0
1780578717.9666357,0,0.3499999940395355,1,0,579,900,423158243,51,77,0.0,0.0,15.980908393859863,28.561870574951172,1,0,0.6000000238418579,0,0,0,0,0,8,0,1,0,8,99,1,-8.300000190734863,0.0,22.133710861206055,28.40812110900879,1.5,0,22,-1.0,0.0,0.0,0,0,0
1780578717.987194,0,0.3499999940395355,1,0,579,900,423158243,51,77,0.0,0.0,15.980908393859863,28.561870574951172,1,0,0.6000000238418579,0,0,0,0,0,8,0,1,0,8,99,1,-8.300000190734863,0.0,21.967876434326172,28.408123016357422,1.5,0,22,-1.0,0.0,0.0,0,0,0
1780578718.006878,0,0.3499999940395355,1,0,579,900,423158243,51,77,0.0,0.0,15.980908393859863,28.561870574951172,1,0,0.6000000238418579,0,0,0,0,0,8,0,1,0,8,99,1,-8.300000190734863,0.0,21.801040649414062,28.40812110900879,1.5,0,22,-1.0,0.0,0.0,0,0,0
1780578718.026961,0,0.3499999940395355,1,0,579,900,423158243,52,77,-22.0,0.0,15.980908393859863,28.561870574951172,1,0,0.6000000238418579,0,0,0,0,0,8,0,1,0,8,99,1,-8.300000190734863,0.0,21.635204315185547,28.40812110900879,1.5,0,22,-1.0,0.0,0.0,0,0,0
1780578718.0468342,0,0.3499999940395355,1,0,579,900,423158243,56,77,0.0,0.0,15.58236312866211,28.561874389648438,1,0,0.6000000238418579,0,0,0,0,0,8,0,1,0,8,99,1,-8.300000190734863,0.0,21.469371795654297,28.40812110900879,1.5,0,22,-1.0,0.0,0.0,0,0,0
1780578718.0670872,0,0.3499999940395355,0,0,579,900,423158243,56,77,0.0,0.0,15.582377433776855,28.561874389648438,1,0,0.6000000238418579,0,0,0,0,0,8,0,0,0,8,99,1,-8.300000190734863,0.0,21.30353546142578,28.40812110900879,1.5,0,22,-1.0,0.0,0.0,0,0,0
1780578718.0870364,0,0.3499999940395355,0,0,579,900,423158243,56,77,0.0,0.0,15.582386016845703,28.561874389648438,1,0,0.6000000238418579,0,0,0,0,0,8,0,0,0,8,99,1,-8.300000190734863,0.0,21.137609481811523,28.40812110900879,1.5,0,22,-1.0,0.0,0.0,0,0,0
1780578718.1068203,0,0.3499999940395355,0,0,579,900,423158243,56,77,0.0,0.0,15.582391738891602,28.561874389648438,1,0,0.6000000238418579,0,0,0,0,0,8,0,0,0,8,99,1,-8.300000190734863,0.0,20.97091293334961,28.40812110900879,1.5,0,22,-1.0,0.0,0.0,0,0,0
1780578718.1277273,0,0.3499999940395355,0,0,579,900,423158243,56,77,0.0,0.0,15.582395553588867,28.561874389648438,1,0,0.6000000238418579,0,0,0,0,0,8,0,0,0,8,99,1,-8.300000190734863,0.0,20.805076599121094,28.40812110900879,1.5,0,22,-1.0,0.0,0.0,0,0,0
1780578718.1466837,0,0.3499999940395355,0,0,579,900,423158243,56,77,0.0,0.0,15.5823974609375,28.561874389648438,1,0,0.6000000238418579,0,0,0,0,0,8,0,0,0,8,99,1,-8.300000190734863,0.0,20.638526916503906,28.40812110900879,1.5,0,22,-1.0,0.0,0.0,0,0,0
1780578718.1663187,0,0.3499999940395355,0,0,579,900,423158243,56,77,0.0,0.0,15.582399368286133,28.561874389648438,1,0,0.6000000238418579,0,0,0,0,0,8,0,0,0,8,99,1,-8.300000190734863,0.0,20.472692489624023,28.40812110900879,1.5,0,22,-1.0,0.0,0.0,0,0,0
1780578718.1867235,0,0.3499999940395355,0,0,579,900,423158243,56,77,0.0,0.0,15.58240032196045,28.561874389648438,1,0,0.6000000238418579,0,0,0,0,0,8,0,0,0,8,99,1,-8.300000190734863,0.0,20.30685806274414,28.40812110900879,1.5,0,22,-1.0,0.0,0.0,0,0,0
1780578718.2069552,0,0.3499999940395355,0,0,579,900,423158243,56,77,0.0,0.0,15.58240032196045,28.561874389648438,1,0,0.6000000238418579,0,0,0,0,0,8,0,0,0,8,99,1,-8.300000190734863,0.0,20.14102554321289,28.40812110900879,1.5,0,22,-1.0,0.0,0.0,0,0,0
1780578718.2270143,0,0.3499999940395355,0,0,579,900,423158243,56,77,0.0,0.0,15.58240032196045,28.561874389648438,1,0,0.6000000238418579,0,0,0,0,0,8,0,0,0,8,99,1,-8.300000190734863,0.0,19.974754333496094,28.40812110900879,1.5,0,22,-1.0,0.0,0.0,0,0,0
1780578718.2465034,0,0.3499999940395355,0,0,579,900,423158243,56,77,0.0,0.0,15.58240032196045,28.561874389648438,1,0,0.6000000238418579,0,0,0,0,0,8,0,0,0,8,99,1,-8.300000190734863,0.0,19.808917999267578,28.40812110900879,1.5,0,22,-1.0,0.0,0.0,0,0,0
1780578718.2672672,0,0.3499999940395355,0,0,579,900,423158243,56,77,0.0,0.0,15.58240032196045,28.561874389648438,1,0,0.6000000238418579,0,0,0,0,0,8,0,0,0,8,99,1,-8.300000190734863,0.0,19.643085479736328,28.40812110900879,1.5,0,22,-1.0,0.0,0.0,0,0,1
1780578718.2871988,0,0.3499999940395355,1,0,579,900,423158243,69,77,0.0,0.0,15.58240032196045,28.561874389648438,0,0,0.6000000238418579,0,0,0,0,0,8,0,1,0,8,99,1,-8.300000190734863,0.0,19.477251052856445,28.40812110900879,1.5,0,22,-1.0,0.0,0.0,0,0,1
1780578718.3066978,0,0.3499999940395355,1,0,579,900,423158243,69,77,0.0,0.0,15.58240032196045,28.561874389648438,0,0,0.6000000238418579,0,0,0,0,0,8,0,1,0,8,99,1,-8.300000190734863,0.0,19.31074333190918,28.408123016357422,1.5,0,22,-1.0,0.0,0.0,0,0,1
1780578718.3266356,0,0.3499999940395355,1,0,558,900,423158243,69,77,0.0,0.0,15.58240032196045,28.561874389648438,0,0,0.6000000238418579,0,0,0,0,0,8,0,1,0,8,99,1,3.75,0.0,19.144908905029297,28.40812110900879,1.5,0,33,-1.0,0.0,0.0,0,0,1
1780578718.347239,0,0.3499999940395355,1,0,558,900,423158243,69,77,0.0,0.0,15.336153984069824,28.561874389648438,0,0,0.6000000238418579,0,0,0,0,0,8,0,1,0,8,99,1,3.75,0.0,19.190980911254883,28.40812110900879,1.5,0,33,-1.0,0.0,0.0,0,0,1
1780578718.3673074,0,0.3499999940395355,1,0,558,900,423158243,69,77,0.0,0.0,15.33836555480957,28.561874389648438,0,0,0.6000000238418579,0,0,0,0,0,8,0,1,0,8,99,1,3.75,0.0,19.2661075592041,28.40812110900879,1.5,0,33,-1.0,0.0,0.0,0,0,1
1780578718.386859,0,0.3499999940395355,1,0,558,900,423158243,69,77,0.0,0.0,15.339781761169434,28.561874389648438,1,0,0.6000000238418579,0,0,0,0,0,8,0,1,0,8,99,1,3.75,0.0,19.341033935546875,28.40812110900879,1.5,0,33,-1.0,0.0,0.0,0,0,1
1780578718.4068694,0,0.3499999940395355,1,0,558,900,423158243,69,77,0.0,0.0,15.34068775177002,28.561874389648438,1,0,0.6000000238418579,0,0,0,0,0,8,0,1,0,8,99,1,3.75,0.0,19.415958404541016,28.40812110900879,1.5,0,33,-1.0,0.0,0.0,0,0,0
1780578718.4269667,0,0.3499999940395355,1,0,558,900,423158243,69,77,0.0,0.0,15.341267585754395,28.561874389648438,1,0,0.6000000238418579,0,0,0,0,0,8,0,1,0,8,99,1,3.75,0.0,19.490936279296875,28.40812110900879,1.5,0,33,-1.0,0.0,0.0,0,0,0
1780578718.4465551,0,0.3499999940395355,1,0,558,900,423158243,69,77,0.0,0.0,15.341638565063477,28.561874389648438,1,0,0.6000000238418579,0,0,0,0,0,8,0,1,0,8,99,1,3.75,0.0,19.565860748291016,28.408123016357422,1.5,0,33,0.0,0.0,0.0,0,0,0
1780578718.4667501,0,0.3499999940395355,1,0,558,900,423158243,69,77,0.0,0.0,15.341876029968262,28.561874389648438,1,0,0.6000000238418579,0,0,0,0,0,8,0,1,0,8,99,1,3.75,0.0,19.64078712463379,28.408119201660156,1.5,0,33,0.0,0.0,0.0,0,0,0
1780578718.4870317,0,0.3499999940395355,1,0,558,900,423158243,69,77,0.0,0.0,15.34202766418457,28.561874389648438,1,0,0.6000000238418579,0,0,0,0,0,8,0,1,0,8,99,1,3.75,0.0,19.715829849243164,28.40812110900879,1.5,0,33,0.0,0.0,0.0,0,0,0
1780578718.5070496,0,0.3499999940395355,1,0,558,900,423158243,69,77,0.0,0.0,15.342124938964844,28.561874389648438,1,0,0.6000000238418579,0,0,0,0,0,8,0,1,0,8,99,1,3.75,0.0,19.790868759155273,28.408119201660156,1.5,0,33,0.0,0.0,0.0,0,0,0
1780578718.5277426,0,0.3499999940395355,1,0,558,900,423158243,69,77,0.0,0.0,15.34218692779541,28.561874389648438,1,0,0.6000000238418579,0,0,0,0,0,8,0,1,0,8,99,1,0.0,0.0,19.80004119873047,28.40812110900879,1.5,0,33,0.0,0.0,0.0,0,0,0
1780578718.5472336,0,0.3499999940395355,1,0,558,900,423158243,45,77,-8.0,0.0,15.3422269821167,28.561874389648438,1,0,0.6000000238418579,0,0,0,0,0,8,0,1,0,8,99,1,0.0,0.0,19.80004119873047,28.40812110900879,1.5,0,33,0.0,0.0,0.0,0,0,0
1780578718.567052,0,0.3499999940395355,1,0,558,900,423158243,35,77,0.0,0.0,15.342252731323242,28.561874389648438,1,0,0.6000000238418579,0,0,0,0,0,8,0,1,0,8,99,1,0.0,0.0,19.80004119873047,28.40812110900879,1.5,0,33,0.0,0.0,0.0,0,0,0
1780578718.5870934,0,0.3499999940395355,1,0,558,900,423158243,35,77,0.0,0.0,16.18795394897461,28.561874389648438,1,0,0.6000000238418579,0,0,0,0,0,8,0,1,0,8,99,1,0.0,0.0,19.80004119873047,28.40812110900879,1.5,0,33,0.0,0.0,0.0,0,0,0
1780578718.606732,0,0.3499999940395355,1,0,558,900,423158243,35,77,0.0,0.0,16.420162200927734,28.561874389648438,1,0,0.6000000238418579,0,0,0,0,0,8,0,1,0,8,99,1,0.0,0.0,19.80004119873047,28.40812110900879,1.5,0,33,0.0,0.0,0.0,0,0,0
1780578718.6268132,0,0.3499999940395355,0,0,558,900,423158243,35,77,0.0,0.0,16.481033325195312,28.561874389648438,1,0,0.6000000238418579,0,0,0,0,0,8,0,0,0,8,99,1,0.0,0.0,19.80004119873047,28.408119201660156,1.5,0,33,0.0,0.0,0.0,0,0,0
1780578718.6469266,0,0.3499999940395355,0,0,558,900,423158243,35,77,0.0,0.0,16.496992111206055,28.561874389648438,1,0,0.6000000238418579,0,0,0,0,0,8,0,0,0,8,99,1,0.0,0.0,19.80004119873047,28.40812110900879,1.5,0,33,0.0,0.0,0.0,0,0,0
1780578718.666436,0,0.3499999940395355,0,0,558,900,423158243,35,77,0.0,0.0,16.499032974243164,28.561874389648438,1,0,0.6000000238418579,0,0,0,0,0,8,0,0,0,8,99,1,0.0,0.0,19.80004119873047,28.40812110900879,1.5,0,33,0.0,0.0,0.0,0,0,0
1780578718.6877341,0,0.3499999940395355,0,0,558,900,423158243,35,77,0.0,0.0,16.50033950805664,28.561874389648438,1,0,0.6000000238418579,0,0,0,0,0,8,0,0,0,8,99,1,0.0,0.0,19.80004119873047,28.40812110900879,1.5,0,33,0.0,0.0,0.0,0,0,0
1780578718.7092128,0,0.3499999940395355,0,0,558,900,423158243,35,77,0.0,0.0,16.501174926757812,28.561874389648438,1,0,0.6000000238418579,0,0,0,0,0,8,0,0,0,8,99,1,0.0,0.0,19.80004119873047,28.40812110900879,1.5,0,33,0.0,0.0,0.0,0,0,0
1780578718.729502,0,0.3499999940395355,0,0,558,900,423158243,35,77,0.0,0.0,16.501708984375,28.561874389648438,1,0,0.6000000238418579,0,0,0,0,0,8,0,0,0,8,99,1,0.0,0.0,19.80004119873047,28.40812110900879,1.5,0,33,0.0,0.0,0.0,0,0,0
1780578718.748425,0,0.3499999940395355,0,0,558,900,423158243,35,77,0.0,0.0,16.502052307128906,28.561874389648438,1,0,0.6000000238418579,0,0,0,0,0,8,0,0,0,8,99,1,0.0,0.0,19.80004119873047,28.40812110900879,1.5,0,33,0.0,0.0,0.0,0,0,0
1780578718.7672226,0,0.3499999940395355,0,0,558,900,423158243,35,77,0.0,0.0,16.502273559570312,28.561874389648438,1,0,0.6000000238418579,0,0,0,0,0,8,0,0,0,8,99,1,0.0,0.0,19.80004119873047,28.40812110900879,1.5,0,33,0.0,0.0,0.0,0,0,0
1780578718.7873757,0,0.3499999940395355,0,0,558,900,423158243,35,77,0.0,0.0,16.502410888671875,28.561874389648438,1,0,0.6000000238418579,0,0,0,0,0,8,0,0,0,8,99,1,0.0,0.0,19.80004119873047,28.40812110900879,1.5,0,33,0.0,0.0,0.0,0,0,0
1780578718.8067265,0,0.3499999940395355,0,0,558,900,423158243,35,77,0.0,0.0,16.50250244140625,28.561874389648438,1,0,0.6000000238418579,0,0,0,0,0,8,0,0,0,8,99,1,0.0,0.0,19.80004119873047,28.40812110900879,1.5,0,33,0.0,0.0,0.0,0,0,0
1780578718.8269708,0,0.3499999940395355,0,0,558,900,423158243,35,77,0.0,0.0,16.502559661865234,28.561874389648438,1,0,0.6000000238418579,0,0,0,0,0,8,0,0,0,8,99,1,0.0,0.0,19.80004119873047,28.40812110900879,1.5,0,33,0.0,0.0,0.0,0,0,0
1780578718.8472486,0,0.3499999940395355,0,0,558,900,423158243,35,77,0.0,0.0,16.502593994140625,28.561874389648438,1,0,0.6000000238418579,0,0,0,0,0,8,0,0,0,8,99,1,0.0,0.0,19.80004119873047,28.40812110900879,1.5,0,33,0.0,0.0,0.0,1,0,0
1780578718.8667002,0,0.3499999940395355,0,0,558,900,423158243,35,77,0.0,0.0,16.50261878967285,28.561874389648438,1,0,0.6000000238418579,0,0,0,0,0,8,0,0,1,8,99,1,0.0,0.0,19.80004119873047,28.40812110900879,1.5,0,33,0.0,0.0,0.0,1,0,0
1780578718.887129,0,0.3499999940395355,0,0,558,900,423158243,35,77,0.0,0.0,16.502634048461914,28.561874389648438,1,0,0.6000000238418579,0,0,0,0,0,8,0,0,1,8,99,0,0.0,15.70199966430664,19.80004119873047,28.686946868896484,1.5,0,33,0.0,0.0,0.0,1,0,0
1780578718.9072728,0,0.3499999940395355,0,0,558,900,423158243,35,77,0.0,0.0,16.502643585205078,28.561874389648438,1,0,0.6000000238418579,0,0,0,0,0,8,0,0,1,8,99,0,0.0,15.70199966430664,19.80004119873047,29.00067138671875,1.5,0,33,1.0,0.0,0.0,1,0,0
1780578718.9264598,0,0.3499999940395355,0,0,558,900,423158243,35,77,0.0,0.0,16.50265121459961,28.561874389648438,1,0,0.6000000238418579,0,0,0,0,0,8,0,0,1,8,99,0,0.0,15.70199966430664,19.80004119873047,29.314395904541016,1.5,0,33,1.0,0.0,0.0,1,0,0
1780578718.9471674,0,0.3499999940395355,0,0,558,900,423158243,35,77,0.0,0.0,16.502655029296875,28.561874389648438,1,0,0.6000000238418579,0,0,0,0,0,8,0,0,1,8,99,0,0.0,15.70199966430664,19.80004119873047,29.62812042236328,1.5,0,33,1.0,0.0,0.0,1,0,0
1780578718.9671686,0,0.3499999940395355,0,0,558,900,423158243,35,77,0.0,0.0,16.502655029296875,28.561874389648438,1,0,0.6000000238418579,0,0,1,0,0,8,0,0,1,8,99,0,8.300000190734863,15.70199966430664,19.94676399230957,29.94184684753418,1.5,0,33,1.0,0.0,0.0,1,0,0
1780578718.9871738,0,0.3499999940395355,0,0,558,900,423158243,35,77,0.0,0.0,16.50265884399414,28.561874389648438,1,0,0.6000000238418579,0,0,1,0,0,8,0,0,1,8,99,0,8.300000190734863,15.70199966430664,20.112598419189453,30.255571365356445,1.5,0,33,1.0,0.0,0.0,1,0,0
1780578719.0068967,0,0.3499999940395355,0,0,558,900,423158243,35,77,0.0,0.0,16.50265884399414,28.561874389648438,1,0,0.6000000238418579,0,0,1,0,0,8,0,0,1,8,99,0,8.300000190734863,15.70199966430664,20.278432846069336,30.569297790527344,1.5,0,33,0.0,0.0,0.0,1,0,0
1780578719.0269883,0,0.3499999940395355,0,0,558,900,423158243,35,77,0.0,0.0,16.50265884399414,28.561874389648438,1,0,0.6000000238418579,0,0,1,0,0,8,0,0,1,8,99,0,8.300000190734863,15.70199966430664,20.44426727294922,30.88302230834961,1.5,0,33,-1.0,0.0,0.0,1,0,0
1780578719.047184,0,0.3499999940395355,0,0,558,900,423158243,35,77,0.0,0.0,16.50265884399414,28.561874389648438,1,0,0.6000000238418579,0,0,1,0,0,8,0,0,1,8,99,0,0.0,15.70199966430664,20.46404266357422,31.19720458984375,1.5,0,33,-1.0,1.0,0.0,1,0,0
1780578719.0669003,0,0.3499999940395355,0,0,558,900,423158243,35,77,0.0,0.0,16.50265884399414,28.561874389648438,1,0,0.6000000238418579,0,0,0,0,0,8,0,0,1,8,99,0,-8.300000190734863,15.70199966430664,20.317909240722656,31.510929107666016,1.5,0,33,-1.0,0.0,0.0,1,0,0
1780578719.08716,0,0.3499999940395355,0,0,558,900,423158243,35,77,0.0,0.0,16.50265884399414,28.561874389648438,1,0,0.6000000238418579,0,0,0,0,0,8,0,0,0,8,99,0,-8.300000190734863,14.753999710083008,20.152074813842773,31.807985305786133,1.5,0,33,-1.0,0.0,0.0,1,0,0
1780578719.1069207,0,0.3499999940395355,0,0,558,900,423158243,35,77,0.0,0.0,16.50265884399414,28.561874389648438,1,0,0.6000000238418579,0,0,0,0,0,8,0,0,0,8,99,0,-8.300000190734863,13.805999755859375,19.98604965209961,32.08643341064453,1.5,0,33,-1.0,0.0,0.0,1,0,0
1780578719.1268554,0,0.3499999940395355,0,0,558,900,423158243,35,77,0.0,0.0,16.50265884399414,28.561874389648438,1,0,0.6000000238418579,0,0,0,0,0,8,0,0,0,8,99,0,-8.300000190734863,12.857999801635742,19.82004165649414,32.345890045166016,1.5,0,33,-1.0,0.0,0.0,1,0,0
1780578719.14709,0,0.3499999940395355,0,0,558,900,423158243,35,77,0.0,0.0,16.50265884399414,28.561874389648438,1,0,0.6000000238418579,0,0,0,0,0,8,0,0,0,8,99,0,-8.300000190734863,11.90999984741211,19.654205322265625,32.58613967895508,1.5,0,33,-1.0,0.0,0.0,1,0,0
1780578719.1669424,0,0.3499999940395355,0,0,558,900,423158243,35,77,0.0,0.0,16.50265884399414,28.561874389648438,1,0,0.6000000238418579,0,0,0,0,0,8,0,0,0,8,99,0,-8.300000190734863,10.961999893188477,19.488372802734375,32.80746078491211,1.5,0,33,-1.0,0.0,0.0,1,0,0
1780578719.18694,0,0.3499999940395355,0,0,558,900,423158243,35,77,0.0,0.0,16.50265884399414,28.561874389648438,1,0,0.6000000238418579,0,0,0,0,0,8,0,0,0,8,99,0,-8.300000190734863,10.013999938964844,19.32201385498047,33.010494232177734,1.5,0,33,-1.0,0.0,0.0,1,0,0
1780578719.2067275,0,0.3499999940395355,0,0,558,900,423158243,35,77,0.0,0.0,16.50265884399414,28.561874389648438,1,0,0.6000000238418579,0,0,0,0,0,8,0,0,0,8,99,0,-8.300000190734863,9.065999984741211,19.156177520751953,33.19391632080078,1.5,0,33,-1.0,0.0,0.0,1,0,0
1780578719.227054,0,0.3499999940395355,0,0,558,900,423158243,35,77,0.0,0.0,16.50265884399414,28.561874389648438,1,0,0.6000000238418579,0,0,0,0,0,8,0,0,0,8,99,0,-8.300000190734863,8.118000030517578,18.99034309387207,33.35841369628906,1.5,0,33,-1.0,-1.0,0.0,0,0,0
1780578719.2471347,0,0.3499999940395355,0,0,558,900,423158243,35,77,0.0,0.0,16.50265884399414,28.561874389648438,1,0,0.6000000238418579,0,0,0,0,0,8,0,0,0,8,99,0,-8.300000190734863,7.1700005531311035,18.824508666992188,33.503990173339844,1.5,0,33,-1.0,-1.0,0.0,0,0,0
1780578719.266626,0,0.3499999940395355,0,0,558,900,423158243,35,77,0.0,0.0,16.50265884399414,28.561874389648438,1,0,0.6000000238418579,0,0,0,0,0,8,0,0,0,8,99,0,-8.300000190734863,0.0,18.657617568969727,33.631431579589844,1.5,0,33,-1.0,-1.0,0.0,0,0,0
1780578719.2866197,0,0.3499999940395355,0,0,558,900,423158243,35,77,0.0,0.0,16.50265884399414,28.561874389648438,1,0,0.6000000238418579,0,0,0,1,0,8,0,0,0,8,99,0,-8.300000190734863,-0.9479996562004089,18.491785049438477,33.6294059753418,1.5,0,33,-1.0,-1.0,0.0,0,0,0
1780578719.306787,0,0.3499999940395355,0,0,558,900,423158243,35,77,0.0,0.0,16.50265884399414,28.561874389648438,1,0,0.6000000238418579,0,0,0,1,0,8,0,0,0,8,99,0,-8.300000190734863,-1.8959993124008179,18.32594871520996,33.593780517578125,1.5,0,33,-1.0,-1.0,0.0,0,0,0
1780578719.3270068,0,0.3499999940395355,0,0,558,900,423158243,36,77,0.0,0.0,16.50265884399414,28.561874389648438,1,0,0.6000000238418579,0,0,0,1,0,8,0,0,0,8,99,0,-8.300000190734863,-2.843998908996582,18.160114288330078,33.53923034667969,1.5,0,33,-1.0,-1.0,0.0,0,0,0
1780578719.346535,0,0.3499999940395355,0,0,558,900,423158243,37,77,0.0,0.0,16.50265884399414,28.561874389648438,1,0,0.6000000238418579,0,0,0,1,0,8,0,0,0,8,99,0,-8.300000190734863,-3.7919986248016357,17.994279861450195,33.46575927734375,1.5,0,33,-1.0,-1.0,0.0,0,0,0
1780578719.36684,0,0.3499999940395355,0,0,558,900,423158243,37,77,0.0,0.0,16.50265884399414,28.561874389648438,1,0,0.6000000238418579,0,0,0,1,0,8,0,0,0,8,99,0,-8.300000190734863,-4.7399983406066895,17.828445434570312,33.37336730957031,1.5,0,33,-1.0,-1.0,0.0,0,0,0
1780578719.387396,0,0.3499999940395355,0,0,558,900,423158243,37,77,0.0,0.0,16.50265884399414,28.561874389648438,1,0,0.6000000238418579,0,0,0,1,0,8,0,0,0,8,99,0,-8.300000190734863,-5.687997817993164,17.66261100769043,33.262054443359375,1.5,0,33,-1.0,-1.0,0.0,0,0,0
1780578719.406648,0,0.3499999940395355,0,0,558,900,423158243,37,77,0.0,0.0,16.50265884399414,28.561874389648438,1,0,0.6000000238418579,0,0,0,1,0,8,0,0,0,8,99,0,-8.300000190734863,-6.635997295379639,17.49601173400879,33.13120651245117,1.5,0,33,-1.0,-1.0,0.0,0,0,0
1780578719.4264598,0,0.3499999940395355,0,0,558,900,423158243,37,77,0.0,0.0,16.50265884399414,28.561874389648438,1,0,0.6000000238418579,0,0,0,1,0,8,0,0,0,8,99,0,-8.300000190734863,-7.583996772766113,17.330177307128906,32.981956481933594,1.5,0,33,-1.0,-1.0,0.0,0,0,0
1780578719.4466913,0,0.3499999940395355,0,0,558,900,423158243,37,77,0.0,0.0,16.50265884399414,28.561874389648438,1,0,0.6000000238418579,0,0,0,1,0,8,0,0,0,8,99,0,-8.300000190734863,-8.531996726989746,17.164342880249023,32.81378936767578,1.5,0,33,-1.0,-1.0,0.0,0,0,0
1780578719.4676774,0,0.3499999940395355,0,0,558,900,423158243,37,77,0.0,0.0,16.50265884399414,28.561874389648438,1,0,0.6000000238418579,0,0,0,1,0,8,0,0,0,8,99,0,-8.300000190734863,-9.479996681213379,16.99850845336914,32.62670135498047,1.5,0,33,-1.0,-1.0,0.0,0,0,0
1780578719.4867916,0,0.3499999940395355,0,0,558,900,423158243,37,77,0.0,0.0,16.50265884399414,28.561874389648438,1,0,0.6000000238418579,0,0,0,1,0,8,0,0,0,8,99,0,-8.300000190734863,-10.427996635437012,16.831892013549805,32.41970443725586,1.5,0,33,-1.0,-1.0,0.0,0,0,0
1780578719.5068655,0,0.3499999940395355,0,0,558,900,423158243,37,77,0.0,0.0,16.50265884399414,28.561874389648438,1,0,0.6000000238418579,0,0,0,1,0,8,0,0,0,8,99,0,-8.300000190734863,-11.375996589660645,16.666057586669922,32.194679260253906,1.5,0,33,-1.0,-1.0,0.0,0,0,1
1780578719.52671,1,0.3499999940395355,0,0,558,900,423158243,37,77,0.0,0.0,16.50265884399414,28.561874389648438,0,0,0.6000000238418579,0,0,0,1,0,8,0,1,0,8,99,0,-8.300000190734863,-12.323996543884277,16.50022315979004,31.950735092163086,1.5,0,33,-1.0,-1.0,0.0,0,0,1
1780578719.5471287,1,0.3499999940395355,0,0,558,900,423158243,37,77,0.0,0.0,16.50265884399414,28.561874389648438,0,0,0.6000000238418579,0,0,0,1,0,8,0,1,0,8,99,0,-8.300000190734863,-13.27199649810791,16.33365821838379,31.686697006225586,1.5,0,33,-1.0,-1.0,0.0,0,0,1
1780578719.5666323,1,0.3499999940395355,0,0,537,900,423158243,37,77,0.0,0.0,16.50265884399414,28.561874389648438,0,0,0.6000000238418579,0,0,0,1,0,8,0,1,0,8,99,0,-8.300000190734863,-14.219996452331543,16.167823791503906,31.40482521057129,1.5,0,44,-1.0,-1.0,0.0,0,0,1
1780578719.5870168,1,0.3499999940395355,0,0,537,900,423158243,37,77,0.0,0.0,16.50265884399414,28.561874389648438,0,0,0.6000000238418579,0,0,0,0,0,8,0,1,0,8,99,0,-8.300000190734863,0.0,16.001989364624023,31.565383911132812,1.5,0,44,-1.0,-1.0,0.0,0,0,1
1780578719.6070354,1,0.3499999940395355,0,0,537,900,423158243,37,77,0.0,0.0,16.50265884399414,28.561874389648438,0,0,0.6000000238418579,0,0,0,0,0,8,0,1,0,8,99,0,-8.300000190734863,0.0,15.83615493774414,31.786205291748047,1.5,0,44,-1.0,-1.0,0.0,0,0,1
1780578719.6265032,1,0.3499999940395355,0,0,537,900,423158243,37,77,0.0,0.0,16.50265884399414,28.561874389648438,0,0,0.6000000238418579,0,0,0,0,0,8,0,1,0,8,99,0,-8.300000190734863,0.0,15.670320510864258,32.00702667236328,1.5,0,44,-1.0,-1.0,0.0,0,0,0
1780578719.6469836,1,0.3499999940395355,0,0,537,900,423158243,37,77,0.0,0.0,16.50265884399414,28.561874389648438,1,0,0.6000000238418579,0,0,0,0,0,8,0,1,0,8,99,0,-8.300000190734863,0.0,15.504486083984375,32.22784423828125,1.5,0,44,-1.0,-1.0,0.0,0,0,0
1780578719.6669953,1,0.3499999940395355,0,0,537,900,423158243,37,77,0.0,0.0,16.50265884399414,28.561874389648438,1,0,0.6000000238418579,0,0,0,0,0,8,0,1,0,8,99,0,-8.300000190734863,0.0,15.33818244934082,32.44929122924805,1.5,0,44,-1.0,-1.0,0.0,0,0,0
1780578719.6871216,1,0.3499999940395355,0,0,537,900,423158243,37,77,0.0,0.0,16.50265884399414,28.561874389648438,1,0,0.6000000238418579,0,0,0,0,0,8,0,1,0,8,99,0,-1.1368683772161603e-13,0.0,15.273612976074219,32.67027282714844,1.5,0,44,-1.0,-1.0,0.0,0,0,0
1780578719.7067475,1,0.3499999940395355,0,0,537,900,423158243,37,77,0.0,0.0,16.50265884399414,28.561874389648438,1,0,0.6000000238418579,0,0,0,0,0,8,0,1,0,8,99,0,0.0,0.0,15.267473220825195,32.891090393066406,1.5,0,44,-1.0,-1.0,0.0,0,0,0
1780578719.7268353,1,0.3499999940395355,0,0,537,900,423158243,37,77,0.0,0.0,16.50265884399414,28.561874389648438,1,0,0.6000000238418579,0,0,0,0,0,8,0,1,0,8,99,0,0.0,0.0,15.26748275756836,33.111907958984375,1.5,0,44,-1.0,-1.0,0.0,0,0,0
1780578719.7469966,1,0.3499999940395355,0,0,537,900,423158243,37,77,0.0,0.0,16.50265884399414,28.561874389648438,1,0,0.6000000238418579,0,0,0,0,0,8,0,1,0,8,99,0,0.0,0.0,15.267488479614258,33.332725524902344,1.5,0,44,-1.0,-1.0,0.0,0,0,0
1780578719.7668378,1,0.3499999940395355,0,0,537,900,423158243,37,77,0.0,0.0,16.50265884399414,28.561874389648438,1,0,0.6000000238418579,0,0,0,0,0,8,0,1,0,8,99,0,0.0,0.0,15.26749324798584,33.55378723144531,1.5,0,44,-1.0,-1.0,0.0,0,0,0
1780578719.786932,1,0.3499999940395355,0,0,537,900,423158243,37,77,0.0,0.0,16.50265884399414,28.561874389648438,1,0,0.6000000238418579,0,0,0,0,0,8,0,1,0,8,99,0,0.0,0.0,15.267495155334473,33.774600982666016,1.5,0,44,-1.0,-1.0,0.0,0,0,0
1780578719.806881,1,0.3499999940395355,0,0,537,900,423158243,37,77,0.0,0.0,16.50265884399414,28.561874389648438,1,0,0.6000000238418579,0,0,0,0,0,8,0,1,0,8,99,0,0.0,0.0,15.267496109008789,33.996421813964844,1.5,0,44,-1.0,-1.0,0.0,0,0,0
1780578719.8270907,1,0.3499999940395355,0,0,537,900,423158243,37,77,0.0,0.0,16.50265884399414,28.561874389648438,1,0,0.6000000238418579,0,0,0,0,0,8,0,1,0,8,99,0,0.0,0.0,15.267498016357422,34.217506408691406,1.5,0,44,-1.0,-1.0,0.0,0,0,0
1780578719.8466673,1,0.3499999940395355,0,0,537,900,423158243,37,77,0.0,0.0,16.50265884399414,28.561874389648438,1,0,0.6000000238418579,0,0,0,1,0,8,0,1,0,8,99,0,0.0,-0.9479996562004089,15.267498016357422,34.22780227661133,1.5,0,44,-1.0,-1.0,0.0,0,0,0
1780578719.867116,1,0.3499999940395355,0,0,537,900,423158243,37,77,0.0,0.0,16.50265884399414,28.561874389648438,1,0,0.6000000238418579,0,0,0,1,0,8,0,1,0,8,99,0,0.0,-1.8959993124008179,15.267498016357422,34.19225311279297,1.5,0,44,-1.0,-1.0,0.0,0,0,0
1780578719.8869698,0,0.3499999940395355,0,0,537,900,423158243,37,77,0.0,0.0,16.50265884399414,28.561874389648438,1,0,0.6000000238418579,0,0,0,1,0,8,0,0,0,8,99,0,0.0,-2.843998908996582,15.267498016357422,34.13764190673828,1.5,0,44,-1.0,-1.0,0.0,0,0,0
1780578719.906535,0,0.3499999940395355,0,0,537,900,423158243,37,77,0.0,0.0,16.50265884399414,28.561874389648438,1,0,0.6000000238418579,0,0,0,1,0,8,0,0,0,8,99,0,0.0,-3.7919986248016357,15.267498016357422,34.06420135498047,1.5,0,44,-1.0,-1.0,0.0,0,0,0
1780578719.9269493,0,0.3499999940395355,0,0,537,900,423158243,37,77,0.0,0.0,16.50265884399414,28.561874389648438,1,0,0.6000000238418579,0,0,0,1,0,8,0,0,0,8,99,0,0.0,-4.7399983406066895,15.267498016357422,33.971839904785156,1.5,0,44,-1.0,-1.0,0.0,0,0,0
1780578719.9470313,0,0.3499999940395355,0,0,537,900,423158243,37,77,0.0,0.0,16.50265884399414,28.561874389648438,1,0,0.6000000238418579,0,0,0,1,0,8,0,0,0,8,99,0,0.0,-5.687997817993164,15.267498016357422,33.86045837402344,1.5,0,44,-1.0,-1.0,0.0,0,0,0
1780578719.9669344,0,0.3499999940395355,0,0,537,900,423158243,37,77,0.0,0.0,16.50265884399414,28.561874389648438,1,0,0.6000000238418579,0,0,0,1,0,8,0,0,0,8,99,0,0.0,-6.635997295379639,15.267498016357422,33.72944641113281,1.5,0,44,-1.0,-1.0,0.0,0,0,0
1780578719.9867637,0,0.3499999940395355,0,0,537,900,423158243,37,77,0.0,0.0,16.50265884399414,28.561874389648438,1,0,0.6000000238418579,0,0,0,1,0,8,0,0,0,8,99,0,0.0,-7.583996772766113,15.267498016357422,33.5801887512207,1.5,0,44,0.0,-1.0,0.0,0,0,0
1780578720.0080469,0,0.3499999940395355,0,0,537,900,423158243,37,77,0.0,0.0,16.50265884399414,28.561874389648438,1,0,0.6000000238418579,0,0,0,1,0,8,0,0,0,8,99,0,0.0,-8.531996726989746,15.267498016357422,33.412010192871094,1.5,0,44,0.0,-1.0,0.0,0,0,0
1780578720.0278842,0,0.3499999940395355,0,0,537,900,423158243,37,77,0.0,0.0,16.50265884399414,28.561874389648438,1,0,0.6000000238418579,0,0,0,1,0,8,0,0,0,8,99,0,0.0,-9.479996681213379,15.267498016357422,33.22441482543945,1.5,0,44,0.0,-1.0,0.0,0,0,0
1780578720.0466652,0,0.3499999940395355,0,0,537,900,423158243,37,77,0.0,0.0,16.50265884399414,28.561874389648438,1,0,0.6000000238418579,0,0,0,1,0,8,0,0,0,8,99,0,0.0,-10.427996635437012,15.267498016357422,33.018341064453125,1.5,0,44,0.0,-1.0,0.0,0,0,0
1780578720.0665693,0,0.3499999940395355,0,0,537,900,423158243,37,77,0.0,0.0,16.50265884399414,28.561874389648438,1,0,0.6000000238418579,0,0,0,1,0,8,0,0,0,8,99,0,0.0,-11.375996589660645,15.267498016357422,32.79334259033203,1.5,0,44,0.0,-1.0,0.0,0,0,0
1780578720.0870225,0,0.3499999940395355,0,0,537,900,423158243,37,77,0.0,0.0,16.50265884399414,28.561874389648438,1,0,0.6000000238418579,0,0,0,1,0,8,0,0,0,8,99,0,0.0,-12.323996543884277,15.267498016357422,32.54942321777344,1.5,0,44,0.0,-1.0,0.0,0,0,0
1780578720.107039,0,0.3499999940395355,0,0,537,900,423158243,37,77,0.0,0.0,16.50265884399414,28.561874389648438,1,0,0.6000000238418579,0,0,0,1,0,8,0,0,0,8,99,0,0.0,-13.27199649810791,15.267498016357422,32.286582946777344,1.5,0,44,0.0,-1.0,0.0,0,0,0
1780578720.1267292,0,0.3499999940395355,0,0,537,900,423158243,37,77,0.0,0.0,16.50265884399414,28.561874389648438,1,0,0.6000000238418579,0,0,0,1,0,8,0,0,0,8,99,0,0.0,-14.219996452331543,15.267498016357422,32.00446319580078,1.5,0,44,0.0,-1.0,0.0,0,0,1
1780578720.1472423,1,0.3499999940395355,0,0,537,900,423158243,37,77,0.0,0.0,16.50265884399414,28.561874389648438,0,0,0.6000000238418579,0,0,0,1,0,8,0,1,0,8,99,0,0.0,-15.167996406555176,15.267498016357422,31.703754425048828,1.5,0,44,0.0,-1.0,0.0,0,0,1
1780578720.1669312,1,0.3499999940395355,0,0,537,900,423158243,37,77,0.0,0.0,16.50265884399414,28.561874389648438,0,0,0.6000000238418579,0,0,0,1,0,8,0,1,0,8,99,0,0.0,-16.115995407104492,15.267498016357422,31.3818416595459,1.5,0,44,0.0,-1.0,0.0,0,0,1
1780578720.186458,1,0.3499999940395355,0,0,516,900,423158243,37,77,0.0,0.0,16.50265884399414,28.561874389648438,0,0,0.6000000238418579,0,0,0,1,0,8,0,1,0,8,99,0,0.0,-17.063995361328125,15.267498016357422,31.043155670166016,1.5,0,55,0.0,-1.0,0.0,0,0,1
1780578720.2071235,1,0.3499999940395355,0,0,516,900,423158243,37,77,0.0,0.0,16.50265884399414,28.561874389648438,0,0,0.6000000238418579,0,0,0,0,0,8,0,1,0,8,99,0,0.0,0.0,15.267498016357422,31.196630477905273,1.5,0,55,0.0,-1.0,0.0,0,0,1
1780578720.2268744,1,0.3499999940395355,0,0,516,900,423158243,37,77,0.0,0.0,16.50265884399414,28.561874389648438,0,0,0.6000000238418579,0,0,0,0,0,8,0,1,0,8,99,0,0.0,0.0,15.267498016357422,31.417449951171875,1.5,0,55,1.0,-1.0,0.0,0,0,1
1780578720.2471604,1,0.3499999940395355,0,0,516,900,423158243,37,77,0.0,0.0,16.50265884399414,28.561874389648438,1,0,0.6000000238418579,0,0,0,0,0,8,0,1,0,8,99,0,0.0,0.0,15.267498016357422,31.638269424438477,1.5,0,55,1.0,-1.0,0.0,0,0,1
1780578720.2667305,1,0.3499999940395355,0,0,516,900,423158243,37,77,0.0,0.0,16.50265884399414,28.561874389648438,1,0,0.6000000238418579,0,0,0,0,0,8,0,1,0,8,99,0,0.0,0.0,15.267498016357422,31.85952377319336,1.5,0,55,1.0,-1.0,0.0,0,0,0
1780578720.2872415,0,0.3499999940395355,0,0,516,900,423158243,37,77,0.0,0.0,16.50265884399414,28.561874389648438,1,0,0.6000000238418579,0,0,1,0,0,8,0,0,0,8,99,0,8.300000190734863,0.0,15.413114547729492,32.080345153808594,1.5,0,55,1.0,-1.0,0.0,0,0,0
1780578720.3071141,0,0.3499999940395355,0,0,516,900,423158243,37,77,0.0,0.0,16.50265884399414,28.561874389648438,1,0,0.6000000238418579,0,0,1,0,0,8,0,0,0,8,99,0,8.300000190734863,0.0,15.579334259033203,32.30167770385742,1.5,0,55,1.0,-1.0,0.0,0,0,0
1780578720.326825,0,0.3499999940395355,0,0,516,900,423158243,37,77,0.0,0.0,16.50265884399414,28.561874389648438,1,0,0.6000000238418579,0,0,1,0,0,8,0,0,0,8,99,0,8.300000190734863,0.0,15.74516773223877,32.52249526977539,1.5,0,55,1.0,-1.0,0.0,0,0,0
1780578720.3470275,0,0.3499999940395355,0,0,516,900,423158243,37,77,0.0,0.0,16.50265884399414,28.561874389648438,1,0,0.6000000238418579,0,0,1,0,0,8,0,0,0,8,99,0,8.300000190734863,0.0,15.911003112792969,32.74331283569336,1.5,0,55,1.0,0.0,0.0,0,0,0
1780578720.3671055,0,0.3499999940395355,0,0,516,900,423158243,37,77,0.0,0.0,16.50265884399414,28.561874389648438,1,0,0.6000000238418579,0,0,1,0,0,8,0,0,0,8,99,0,8.300000190734863,0.0,16.07683753967285,32.964134216308594,1.5,0,55,1.0,0.0,0.0,0,0,0
1780578720.3871558,0,0.3499999940395355,0,0,516,900,423158243,37,77,0.0,0.0,16.50265884399414,28.561874389648438,1,0,0.6000000238418579,0,0,1,0,0,8,0,0,0,8,99,0,8.300000190734863,0.0,16.243087768554688,33.18550491333008,1.5,0,55,1.0,0.0,0.0,0,0,0
1780578720.4068263,0,0.3499999940395355,0,0,516,900,423158243,37,77,0.0,0.0,16.50265884399414,28.561874389648438,1,0,0.6000000238418579,0,0,1,0,0,8,0,0,0,8,99,0,8.300000190734863,0.0,16.40892219543457,33.40632247924805,1.5,0,55,1.0,1.0,0.0,0,0,0
1780578720.4268794,0,0.3499999940395355,0,0,516,900,423158243,37,77,0.0,0.0,16.50265884399414,28.561874389648438,1,0,0.6000000238418579,0,0,1,0,0,8,0,0,0,8,99,0,8.300000190734863,0.0,16.574756622314453,33.627140045166016,1.5,0,55,1.0,1.0,1.0,0,0,0
1780578720.44718,0,0.3499999940395355,0,0,516,900,423158243,37,77,0.0,0.0,16.50265884399414,28.561874389648438,0,0,0.6000000238418579,1,0,1,0,0,8,0,0,0,8,99,0,8.300000190734863,0.0,16.740951538085938,33.84843826293945,1.5,1,55,1.0,1.0,1.0,0,0,0
1780578720.467057,0,0.3499999940395355,0,0,516,900,423158243,37,77,0.0,0.0,16.50265884399414,28.561874389648438,0,0,0.6000000238418579,1,0,1,0,0,8,0,0,0,8,99,0,20.0,0.0,17.11220932006836,33.87580108642578,1.5,1,55,1.0,1.0,1.0,0,0,0
1780578720.4876142,0,0.3499999940395355,0,0,516,900,423158243,37,77,0.0,0.0,16.50265884399414,28.561874389648438,0,0,0.6000000238418579,1,0,1,0,0,8,0,0,0,8,99,0,20.0,0.0,17.511810302734375,33.87580108642578,1.5,1,55,1.0,1.0,1.0,0,0,0
1780578720.5068712,0,0.3499999940395355,0,0,516,900,423158243,37,77,0.0,0.0,16.50265884399414,28.561874389648438,0,0,0.6000000238418579,1,0,1,0,0,8,0,0,0,8,99,0,20.0,0.0,17.911746978759766,33.87580108642578,1.5,1,55,1.0,1.0,1.0,0,0,0
1780578720.5265532,0,0.3499999940395355,0,0,516,900,423158243,38,77,0.0,0.0,16.50265884399414,28.561874389648438,0,0,0.6000000238418579,1,0,1,0,0,8,0,0,0,8,99,0,20.0,0.0,18.31241798400879,33.87580108642578,1.5,1,55,1.0,1.0,1.0,0,0,0
1780578720.5469584,0,0.3499999940395355,0,0,516,900,423158243,38,77,0.0,0.0,16.50265884399414,28.561874389648438,0,0,0.6000000238418579,1,0,1,0,0,8,0,0,0,8,99,0,20.0,0.0,18.712017059326172,33.87580108642578,1.5,1,55,1.0,1.0,1.0,0,0,0
1780578720.5671017,0,0.3499999940395355,0,0,516,900,423158243,38,77,0.0,0.0,16.50265884399414,28.561874389648438,0,0,0.6000000238418579,1,0,1,0,0,8,0,0,0,8,99,0,20.0,0.0,19.111616134643555,33.87580108642578,1.5,1,55,1.0,1.0,1.0,0,0,0
1780578720.5870929,0,0.3499999940395355,0,0,516,900,423158243,38,77,0.0,0.0,16.50265884399414,28.561874389648438,0,0,0.6000000238418579,1,0,1,0,0,8,0,0,0,8,99,0,20.0,0.0,19.5118465423584,33.87580108642578,1.5,1,55,1.0,1.0,1.0,0,0,0
1780578720.6066632,0,0.3499999940395355,0,0,516,900,423158243,38,77,0.0,0.0,16.50265884399414,28.561874389648438,0,0,0.6000000238418579,1,0,1,0,0,8,0,0,0,8,99,0,20.0,0.0,19.912473678588867,33.87580108642578,1.5,1,55,1.0,1.0,1.0,0,0,0
1780578720.6268423,0,0.3499999940395355,0,0,516,900,423158243,38,77,0.0,0.0,16.50265884399414,28.561874389648438,0,0,0.6000000238418579,1,0,1,0,0,8,0,0,0,8,99,0,20.0,0.0,20.312679290771484,33.87580108642578,1.5,1,55,1.0,1.0,1.0,0,0,0
1780578720.6472216,0,0.3499999940395355,0,0,516,900,423158243,38,77,0.0,0.0,16.50265884399414,28.561874389648438,0,0,0.6000000238418579,1,0,1,0,0,8,0,0,0,8,99,0,20.0,0.0,20.712278366088867,33.87580108642578,1.5,1,55,1.0,1.0,0.0,0,0,0
1780578720.6666324,0,0.3499999940395355,0,0,516,900,423158243,38,77,0.0,0.0,16.50265884399414,28.561874389648438,0,0,0.6000000238418579,1,0,1,0,0,8,0,0,0,8,99,0,20.0,0.0,21.113834381103516,33.87580108642578,1.5,1,55,1.0,1.0,0.0,0,0,0
1780578720.686743,0,0.3499999940395355,0,0,516,900,423158243,38,77,0.0,0.0,16.50265884399414,28.561874389648438,0,0,0.6000000238418579,1,0,1,0,0,8,0,0,0,8,99,0,20.0,0.0,21.51343536376953,33.87580108642578,1.5,1,55,1.0,1.0,0.0,0,0,0
1780578720.7073474,0,0.3499999940395355,0,0,516,900,423158243,38,77,0.0,0.0,16.50265884399414,28.561874389648438,0,0,0.6000000238418579,1,0,1,0,0,8,0,0,0,8,99,0,20.0,0.0,21.91303253173828,33.87580108642578,1.5,1,55,1.0,1.0,0.0,0,0,0
1780578720.7273471,0,0.3499999940395355,0,0,516,900,423158243,38,77,0.0,0.0,16.50265884399414,28.561874389648438,1,0,0.6000000238418579,0,0,1,1,0,8,0,0,0,8,99,0,20.0,-0.9479996562004089,22.31352424621582,33.85911560058594,1.5,0,55,1.0,1.0,0.0,0,0,0
1780578720.7468426,0,0.3499999940395355,0,0,516,900,423158243,38,77,0.0,0.0,16.50265884399414,28.561874389648438,1,0,0.6000000238418579,0,0,1,1,0,8,0,0,0,8,99,0,8.300000190734863,-1.8959993124008179,22.507421493530273,33.823509216308594,1.5,0,55,1.0,1.0,0.0,0,0,0
1780578720.7671046,0,0.3499999940395355,0,0,516,900,423158243,38,77,0.0,0.0,16.50265884399414,28.561874389648438,1,0,0.6000000238418579,0,0,1,1,0,8,0,0,0,8,99,0,8.300000190734863,-2.843998908996582,22.673255920410156,33.768978118896484,1.5,0,55,1.0,1.0,0.0,0,0,0
1780578720.7871053,0,0.3499999940395355,0,0,516,900,423158243,38,77,0.0,0.0,16.50265884399414,28.561874389648438,1,0,0.6000000238418579,0,0,1,1,0,8,0,0,0,8,99,0,8.300000190734863,-3.7919986248016357,22.83909034729004,33.695526123046875,1.5,0,55,1.0,1.0,0.0,0,0,0
1780578720.8069239,0,0.3499999940395355,0,0,516,900,423158243,38,77,0.0,0.0,16.50265884399414,28.561874389648438,1,0,0.6000000238418579,0,0,1,1,0,8,0,0,0,8,99,0,8.300000190734863,-4.7399983406066895,23.005380630493164,33.6028938293457,1.5,0,55,1.0,1.0,0.0,0,0,0
1780578720.8271425,0,0.3499999940395355,0,0,516,900,423158243,38,77,0.0,0.0,16.50265884399414,28.561874389648438,1,0,0.6000000238418579,0,0,1,1,0,8,0,0,0,8,99,0,8.300000190734863,-5.687997817993164,23.171213150024414,33.491546630859375,1.5,0,55,1.0,1.0,0.0,0,0,0
1780578720.8472767,0,0.3499999940395355,0,0,516,900,423158243,69,77,0.0,0.0,16.50265884399414,28.561874389648438,1,0,0.6000000238418579,0,0,1,1,0,8,0,0,0,8,99,0,8.300000190734863,-6.635997295379639,23.337047576904297,33.36127471923828,1.5,0,55,1.0,1.0,0.0,0,0,0
1780578720.86695,0,0.3499999940395355,0,0,516,900,423158243,69,77,0.0,0.0,16.50265884399414,28.561874389648438,1,0,0.6000000238418579,0,0,1,1,0,8,0,0,0,8,99,0,8.300000190734863,-7.583996772766113,23.50356674194336,33.211456298828125,1.5,0,55,1.0,0.0,0.0,0,0,0
1780578720.8870015,0,0.3499999940395355,0,0,516,900,423158243,69,77,0.0,0.0,16.50265884399414,28.561874389648438,1,0,0.6000000238418579,0,0,1,1,0,8,0,0,0,8,99,0,8.300000190734863,-8.531996726989746,23.669401168823242,33.04326629638672,1.5,0,55,0.0,0.0,0.0,0,0,0
1780578720.907161,0,0.3499999940395355,0,0,516,900,423158243,69,77,0.0,0.0,16.50265884399414,28.561874389648438,1,0,0.6000000238418579,0,0,1,1,0,8,0,0,0,8,99,0,8.300000190734863,-9.479996681213379,23.835235595703125,32.85615158081055,1.5,0,55,-1.0,1.0,0.0,0,0,0
1780578720.9273086,0,0.3499999940395355,0,0,516,900,423158243,69,77,0.0,0.0,16.50265884399414,28.561874389648438,1,0,0.6000000238418579,0,0,1,1,0,8,0,0,0,8,99,0,0.0,-10.427996635437012,23.855499267578125,32.64983367919922,1.5,0,55,-1.0,1.0,0.0,0,0,0
1780578720.946873,0,0.3499999940395355,0,0,516,900,423158243,69,77,0.0,0.0,16.50265884399414,28.561874389648438,1,0,0.6000000238418579,0,0,0,1,0,8,0,0,0,8,99,0,-8.300000190734863,-11.375996589660645,23.70929718017578,32.424068450927734,1.5,0,55,-1.0,1.0,0.0,0,0,0
1780578720.966905,0,0.3499999940395355,0,0,516,900,423158243,69,77,0.0,0.0,16.50265884399414,28.561874389648438,1,0,0.6000000238418579,0,0,0,1,0,8,0,0,0,8,99,0,-8.300000190734863,-12.323996543884277,23.54346466064453,32.18009567260742,1.5,0,55,-1.0,1.0,0.0,0,0,0
1780578720.9876342,0,0.3499999940395355,0,0,516,900,423158243,69,77,0.0,0.0,16.50265884399414,28.561874389648438,1,0,0.6000000238418579,0,0,0,1,0,8,0,0,0,8,99,0,-8.300000190734863,-13.27199649810791,23.377628326416016,31.91720199584961,1.5,0,55,-1.0,0.0,0.0,0,0,0
1780578721.007301,0,0.3499999940395355,0,0,516,900,423158243,69,77,0.0,0.0,16.50265884399414,28.561874389648438,1,0,0.6000000238418579,0,0,0,1,0,8,0,0,0,8,99,0,-8.300000190734863,-14.219996452331543,23.21160125732422,31.635053634643555,1.5,0,55,-1.0,0.0,0.0,0,0,0
1780578721.0267332,0,0.3499999940395355,0,0,516,900,423158243,69,77,0.0,0.0,16.50265884399414,28.561874389648438,1,0,0.6000000238418579,0,0,0,1,0,8,0,0,0,8,99,0,-8.300000190734863,-15.167996406555176,23.045589447021484,31.333969116210938,1.5,0,55,-1.0,0.0,0.0,0,0,0
1780578721.0468924,0,0.3499999940395355,0,0,516,900,423158243,69,77,0.0,0.0,16.50265884399414,28.561874389648438,1,0,0.6000000238418579,0,0,0,1,0,8,0,0,0,8,99,0,-8.300000190734863,-16.115995407104492,22.87975311279297,31.014266967773438,1.5,0,55,-1.0,0.0,0.0,0,0,0
1780578721.067139,0,0.3499999940395355,0,0,516,900,423158243,69,77,0.0,0.0,16.50265884399414,28.561874389648438,1,0,0.6000000238418579,0,0,0,1,0,8,0,0,0,8,99,0,-8.300000190734863,-17.063995361328125,22.71392059326172,30.675642013549805,1.5,0,55,-1.0,0.0,0.0,0,0,0
1780578721.0869322,0,0.3499999940395355,0,0,516,900,423158243,69,77,0.0,0.0,16.50265884399414,28.561874389648438,1,0,0.6000000238418579,0,0,0,1,0,8,0,0,0,8,99,0,-8.300000190734863,-18.011995315551758,22.546825408935547,30.31536102294922,1.5,0,55,-1.0,0.0,0.0,0,0,0
1780578721.1068158,0,0.3499999940395355,0,0,516,900,423158243,45,77,8.0,0.0,16.50265884399414,28.561874389648438,1,0,0.6000000238418579,0,0,0,1,0,8,0,0,0,8,99,0,-8.300000190734863,-18.95999526977539,22.380992889404297,29.938749313354492,1.5,0,55,-1.0,0.0,0.0,0,0,0
1780578721.1276488,0,0.3499999940395355,0,0,516,900,423158243,45,77,8.0,0.0,16.66265869140625,28.561874389648438,1,0,0.6000000238418579,0,0,0,1,0,8,0,0,0,8,99,0,-8.300000190734863,-19.907995223999023,22.215158462524414,29.543216705322266,1.5,0,55,-1.0,0.0,0.0,0,0,0
1780578721.149386,0,0.3499999940395355,0,0,516,900,423158243,45,77,8.0,0.0,16.82265853881836,28.561874389648438,1,0,0.6000000238418579,0,0,0,1,0,8,0,0,0,8,99,0,-8.300000190734863,-20.855995178222656,22.04902458190918,29.128007888793945,1.5,0,55,-1.0,0.0,0.0,0,0,0
1780578721.1695948,0,0.3499999940395355,0,0,516,900,423158243,45,77,8.0,0.0,16.98265838623047,28.561874389648438,1,0,0.6000000238418579,0,0,0,1,0,8,0,0,0,8,99,0,-8.300000190734863,-20.947999954223633,21.882217407226562,28.707231521606445,1.5,0,55,-1.0,0.0,0.0,0,0,0
1780578721.1908345,0,0.3499999940395355,0,0,516,900,423158243,45,77,8.0,0.0,17.142658233642578,28.561874389648438,1,0,0.6000000238418579,0,0,0,0,0,8,0,0,0,8,99,1,-8.300000190734863,0.0,21.716384887695312,28.436750411987305,1.5,0,55,-1.0,0.0,0.0,0,0,0
1780578721.2110035,0,0.3499999940395355,0,0,516,900,423158243,45,77,8.0,0.0,17.302658081054688,28.561874389648438,1,0,0.6000000238418579,0,0,0,0,0,8,0,0,0,8,99,1,-8.300000190734863,0.0,21.55055046081543,28.408098220825195,1.5,0,55,-1.0,0.0,0.0,0,0,0
1780578721.231835,0,0.3499999940395355,0,0,516,900,423158243,45,77,8.0,0.0,17.462657928466797,28.561874389648438,1,0,0.6000000238418579,0,0,0,0,0,8,0,0,0,8,99,1,-8.300000190734863,0.0,21.382949829101562,28.408109664916992,1.5,0,55,-1.0,0.0,0.0,0,0,0
1780578721.2514906,0,0.3499999940395355,0,0,516,900,423158243,45,77,8.0,0.0,17.622657775878906,28.561874389648438,1,0,0.6000000238418579,0,0,0,0,0,8,0,0,0,8,99,1,-8.300000190734863,0.0,21.217113494873047,28.40811538696289,1.5,0,55,-1.0,0.0,0.0,0,0,0
1780578721.270369,0,0.3499999940395355,0,0,516,900,423158243,45,77,8.0,0.0,17.782657623291016,28.561874389648438,1,0,0.6000000238418579,0,0,0,0,0,8,0,0,0,8,99,1,-8.300000190734863,0.0,21.051279067993164,28.408119201660156,1.5,0,55,-1.0,0.0,0.0,0,0,0
1780578721.2892232,0,0.3499999940395355,0,0,516,900,423158243,45,77,8.0,0.0,17.942657470703125,28.561874389648438,1,0,0.6000000238418579,0,0,0,0,0,8,0,0,0,8,99,1,-8.300000190734863,0.0,20.88544464111328,28.408119201660156,1.5,0,55,-1.0,0.0,0.0,0,0,0
1780578721.3083758,0,0.3499999940395355,0,0,516,900,423158243,45,77,8.0,0.0,18.102657318115234,28.561874389648438,1,0,0.6000000238418579,0,0,0,0,0,8,0,0,0,8,99,1,-8.300000190734863,0.0,20.7196102142334,28.40812110900879,1.5,0,55,-1.0,0.0,0.0,0,0,1
1780578721.3277812,0,0.3499999940395355,1,0,516,900,423158243,45,77,8.0,0.0,18.262657165527344,28.561874389648438,0,0,0.6000000238418579,0,0,0,0,0,8,0,1,0,8,99,1,-8.300000190734863,0.0,20.553775787353516,28.40812110900879,1.5,0,55,-1.0,0.0,0.0,0,0,1
1780578721.3473413,0,0.3499999940395355,1,0,516,900,423158243,45,77,8.0,0.0,18.422657012939453,28.561874389648438,0,0,0.6000000238418579,0,0,0,0,0,8,0,1,0,8,99,1,-8.300000190734863,0.0,20.387941360473633,28.40812110900879,1.5,0,55,-1.0,0.0,0.0,0,0,1
1780578721.3670537,0,0.3499999940395355,1,0,495,900,423158243,7,77,0.0,0.0,18.582656860351562,28.561874389648438,0,0,0.6000000238418579,0,0,0,0,0,8,0,1,0,8,99,1,3.75,0.0,20.22210693359375,28.40812110900879,1.5,0,66,-1.0,0.0,0.0,0,0,1
1780578721.386834,0,0.3499999940395355,1,0,495,900,423158243,7,77,0.0,0.0,18.282657623291016,28.561874389648438,0,0,0.6000000238418579,0,0,0,0,0,8,0,1,0,8,99,1,3.75,0.0,20.27000617980957,28.40812110900879,1.5,0,66,-1.0,0.0,0.0,0,0,1
1780578721.407058,0,0.3499999940395355,1,0,495,900,423158243,7,77,0.0,0.0,17.98265838623047,28.561874389648438,0,0,0.6000000238418579,0,0,0,0,0,8,0,1,0,8,99,1,3.75,0.0,20.34493064880371,28.40812110900879,1.5,0,66,1.0,0.0,0.0,0,0,1
1780578721.4270387,0,0.3499999940395355,1,0,495,900,423158243,7,77,0.0,0.0,17.682659149169922,28.561874389648438,0,0,0.6000000238418579,0,0,0,0,0,8,0,1,0,8,99,1,3.75,0.0,20.419857025146484,28.40812110900879,1.5,0,66,0.0,0.0,0.0,0,0,1
1780578721.4470527,0,0.3499999940395355,1,0,495,900,423158243,7,77,0.0,0.0,17.382659912109375,28.561874389648438,1,0,0.6000000238418579,0,0,0,0,0,8,0,1,0,8,99,1,3.75,0.0,20.494783401489258,28.40812110900879,1.5,0,66,0.0,0.0,0.0,0,0,0
1780578721.466882,0,0.3499999940395355,1,0,495,900,423158243,7,77,0.0,0.0,17.082660675048828,28.561874389648438,1,0,0.6000000238418579,0,0,0,0,0,8,0,1,0,8,99,1,3.75,0.0,20.56970977783203,28.40812110900879,1.5,0,66,0.0,0.0,0.0,0,0,0
1780578721.4869995,0,0.3499999940395355,1,0,495,900,423158243,7,77,0.0,0.0,16.78266143798828,28.561874389648438,1,0,0.6000000238418579,0,0,0,0,0,8,0,1,0,8,99,1,3.75,0.0,20.644634246826172,28.40812110900879,1.5,0,66,0.0,0.0,0.0,0,0,0
1780578721.5072243,0,0.3499999940395355,1,0,495,900,423158243,7,77,0.0,0.0,16.482662200927734,28.561874389648438,1,0,0.6000000238418579,0,0,0,0,0,8,0,1,0,8,99,1,3.75,0.0,20.719560623168945,28.40812110900879,1.5,0,66,0.0,0.0,0.0,0,0,0
1780578721.5269713,0,0.3499999940395355,1,0,495,900,423158243,7,77,0.0,0.0,16.182662963867188,28.561874389648438,1,0,0.6000000238418579,0,0,0,0,0,8,0,1,0,8,99,1,3.75,0.0,20.79448699951172,28.40812110900879,1.5,0,66,0.0,0.0,0.0,0,0,0
1780578721.546896,0,0.3499999940395355,1,0,495,900,423158243,7,77,0.0,0.0,16.182662963867188,28.561874389648438,1,0,0.6000000238418579,0,0,0,0,0,8,0,1,0,8,99,1,3.75,0.0,20.86941146850586,28.40812110900879,1.5,0,66,0.0,0.0,0.0,0,0,0
1780578721.566675,0,0.3499999940395355,1,0,495,900,423158243,7,77,0.0,0.0,16.182662963867188,28.561874389648438,1,0,0.6000000238418579,0,0,0,0,0,8,0,1,0,8,99,1,0.0,0.0,20.878498077392578,28.40812110900879,1.5,0,66,0.0,0.0,0.0,0,0,0
1780578721.5867136,0,0.3499999940395355,1,0,495,900,423158243,7,77,0.0,0.0,16.182662963867188,28.561874389648438,1,0,0.6000000238418579,0,0,0,0,0,8,0,1,0,8,99,1,0.0,0.0,20.878498077392578,28.40812110900879,1.5,0,66,0.0,0.0,0.0,0,0,0
1780578721.607026,0,0.3499999940395355,1,0,495,900,423158243,7,77,0.0,0.0,16.182662963867188,28.561874389648438,1,0,0.6000000238418579,0,0,0,0,0,8,0,1,0,8,99,1,0.0,0.0,20.878498077392578,28.40812110900879,1.5,0,66,0.0,0.0,0.0,0,0,0
1780578721.6267765,0,0.3499999940395355,1,0,495,900,423158243,7,77,0.0,0.0,16.182662963867188,28.561874389648438,1,0,0.6000000238418579,0,0,0,0,0,8,0,1,0,8,99,1,0.0,0.0,20.878498077392578,28.40812110900879,1.5,0,66,0.0,0.0,0.0,0,0,0
1780578721.6465547,0,0.3499999940395355,1,0,495,900,423158243,7,77,0.0,0.0,16.182662963867188,28.561874389648438,1,0,0.6000000238418579,0,0,0,0,0,8,0,1,0,8,99,1,0.0,0.0,20.878498077392578,28.40812110900879,1.5,0,66,0.0,0.0,0.0,0,0,0
1780578721.6663618,0,0.3499999940395355,1,0,495,900,423158243,7,77,0.0,0.0,16.182662963867188,28.561874389648438,1,0,0.6000000238418579,0,0,0,0,0,8,0,1,0,8,99,1,0.0,0.0,20.878498077392578,28.40812110900879,1.5,0,66,0.0,0.0,0.0,0,0,0
1780578721.686957,0,0.3499999940395355,0,0,495,900,423158243,9,77,17.354843139648438,41.0,16.182662963867188,28.561874389648438,1,0,0.6000000238418579,0,0,0,0,0,8,0,0,0,8,99,1,0.0,0.0,20.878498077392578,28.40812110900879,1.5,0,66,0.0,0.0,0.0,0,0,0
1780578721.706909,0,0.3499999940395355,0,0,495,900,423158243,10,77,17.354843139648438,39.20000076293945,16.529760360717773,29.345874786376953,1,0,0.6000000238418579,0,0,0,0,0,8,0,0,0,8,99,1,0.0,0.0,20.878498077392578,28.40812110900879,1.5,0,66,0.0,0.0,0.0,0,0,0
1780578721.7262933,0,0.3499999940395355,0,0,495,900,423158243,10,77,17.354843139648438,37.400001525878906,16.87685775756836,30.093873977661133,1,0,0.6000000238418579,0,0,0,0,0,8,0,0,0,8,99,1,0.0,0.0,20.878498077392578,28.408119201660156,1.5,0,66,0.0,0.0,0.0,0,0,0
1780578721.7467153,0,0.3499999940395355,0,0,495,900,423158243,10,77,17.354843139648438,35.60000228881836,17.223955154418945,30.80587387084961,1,0,0.6000000238418579,0,0,0,0,0,8,0,0,0,8,99,1,0.0,0.0,20.878498077392578,28.40812110900879,1.5,0,66,0.0,0.0,0.0,0,0,0
1780578721.7669487,0,0.3499999940395355,0,0,495,900,423158243,10,77,17.354843139648438,33.80000305175781,17.57105255126953,31.481874465942383,1,0,0.6000000238418579,0,0,0,0,0,8,0,0,0,8,99,1,0.0,0.0,20.878498077392578,28.40812110900879,1.5,0,66,0.0,0.0,0.0,0,0,1
1780578721.7870367,0,0.3499999940395355,1,0,495,900,423158243,10,77,17.354843139648438,32.000003814697266,17.918149948120117,32.12187194824219,0,0,0.6000000238418579,0,0,0,0,0,8,0,1,0,8,99,1,0.0,0.0,20.878498077392578,28.40812110900879,1.5,0,66,0.0,0.0,0.0,0,0,1
1780578721.8064764,0,0.3499999940395355,1,0,495,900,423158243,10,77,17.354843139648438,30.20000457763672,18.265247344970703,32.72587203979492,0,0,0.6000000238418579,0,0,0,0,0,8,0,1,0,8,99,1,0.0,0.0,20.878498077392578,28.40812110900879,1.5,0,66,0.0,0.0,0.0,0,0,1
1780578721.8270817,0,0.3499999940395355,1,0,495,900,423158243,10,77,17.354843139648438,28.400005340576172,18.61234474182129,33.29387283325195,0,0,0.6000000238418579,0,0,0,0,0,8,0,1,0,8,99,1,0.0,0.0,20.878498077392578,28.40812110900879,1.5,0,66,0.0,0.0,0.0,0,0,1
1780578721.8470995,0,0.3499999940395355,1,0,495,900,423158243,10,77,17.354843139648438,26.600006103515625,18.959442138671875,33.82587432861328,0,0,0.6000000238418579,0,0,0,0,0,8,0,1,0,8,99,1,0.0,0.0,20.878498077392578,28.40812110900879,1.5,0,66,0.0,0.0,0.0,0,0,1
1780578721.8664093,0,0.3499999940395355,1,0,495,900,423158243,10,77,17.354843139648438,24.800006866455078,19.30653953552246,34.32187271118164,0,0,0.6000000238418579,0,0,0,0,0,8,0,1,0,8,99,1,0.0,0.0,20.878498077392578,28.408119201660156,1.5,0,66,0.0,0.0,0.0,0,0,1
1780578721.886298,0,0.3499999940395355,1,0,495,900,423158243,10,77,17.354843139648438,23.00000762939453,19.653636932373047,34.7818717956543,0,0,0.6000000238418579,0,0,0,0,0,8,0,1,0,8,99,1,0.0,0.0,20.878498077392578,28.40812110900879,1.5,0,66,0.0,0.0,0.0,0,0,1
1780578721.9068332,0,0.3499999940395355,1,0,495,900,423158243,10,77,17.354843139648438,21.200008392333984,20.000734329223633,35.20587158203125,1,0,0.6000000238418579,0,0,0,0,0,8,0,1,0,8,99,1,0.0,0.0,20.878498077392578,28.40812110900879,1.5,0,66,0.0,0.0,0.0,0,0,1
1780578721.9266636,0,0.3499999940395355,1,0,495,900,423158243,10,77,17.354843139648438,19.400009155273438,20.34783172607422,35.5938720703125,1,0,0.6000000238418579,0,0,0,0,0,8,0,1,0,8,99,1,0.0,0.0,20.878498077392578,28.40812110900879,1.5,0,66,0.0,0.0,0.0,0,0,1
1780578721.9475951,0,0.3499999940395355,1,0,495,900,423158243,10,77,17.354843139648438,17.60000991821289,20.694929122924805,35.94587326049805,1,0,0.6000000238418579,0,0,0,0,0,8,0,1,0,8,99,1,0.0,0.0,20.878498077392578,28.408123016357422,1.5,0,66,0.0,0.0,0.0,0,0,0
1780578721.9683228,0,0.3499999940395355,1,0,495,900,423158243,10,77,17.354843139648438,15.800010681152344,21.04202651977539,36.26187515258789,1,0,0.6000000238418579,0,0,0,0,0,8,0,1,0,8,99,1,0.0,0.0,20.878498077392578,28.40812110900879,1.5,0,66,0.0,0.0,0.0,0,0,0
1780578721.9885685,0,0.3499999940395355,1,0,495,900,423158243,10,77,17.354843139648438,14.000011444091797,21.389123916625977,36.541873931884766,1,0,0.6000000238418579,0,0,0,0,0,8,0,1,0,8,99,1,0.0,0.0,20.878498077392578,28.40812110900879,1.5,0,66,0.0,0.0,0.0,0,0,0
1780578722.0081542,0,0.3499999940395355,1,0,495,900,423158243,10,77,17.354843139648438,12.20001220703125,21.736221313476562,36.78587341308594,1,0,0.6000000238418579,0,0,0,0,0,8,0,1,0,8,99,1,0.0,0.0,20.878498077392578,28.40812110900879,1.5,0,66,0.0,0.0,0.0,0,0,0
1780578722.0275688,0,0.3499999940395355,1,0,495,900,423158243,10,77,17.354843139648438,10.400012969970703,22.08331871032715,36.993873596191406,1,0,0.6000000238418579,0,0,0,0,0,8,0,1,0,8,99,1,0.0,0.0,20.878498077392578,28.40812110900879,1.5,0,66,0.0,0.0,0.0,0,0,0
1780578722.0470517,0,0.3499999940395355,1,0,495,900,423158243,10,77,17.354843139648438,8.600013732910156,22.430416107177734,37.16587448120117,1,0,0.6000000238418579,0,0,0,0,0,8,0,1,0,8,99,1,0.0,0.0,20.878498077392578,28.408119201660156,1.5,0,66,0.0,0.0,0.0,0,0,0
1780578722.0665953,0,0.3499999940395355,1,0,495,900,423158243,10,77,17.354843139648438,6.800014495849609,22.77751350402832,37.301876068115234,1,0,0.6000000238418579,0,0,0,0,0,8,0,1,0,8,99,1,0.0,0.0,20.878498077392578,28.40812110900879,1.5,0,66,0.0,0.0,0.0,0,0,0
1780578722.087306,0,0.3499999940395355,1,0,495,900,423158243,10,77,17.354843139648438,5.0000152587890625,23.124610900878906,37.40187454223633,1,0,0.6000000238418579,0,0,0,0,0,8,0,1,0,8,99,1,0.0,0.0,20.878498077392578,28.40812110900879,1.5,0,66,-1.0,0.0,0.0,0,0,0
1780578722.106968,0,0.3499999940395355,1,0,495,900,423158243,10,77,17.354843139648438,3.2000160217285156,23.471708297729492,37.46587371826172,1,0,0.6000000238418579,0,0,0,0,0,8,0,1,0,8,99,1,0.0,0.0,20.878498077392578,28.40812110900879,1.5,0,66,-1.0,0.0,0.0,0,0,0
1780578722.1269865,0,0.3499999940395355,1,0,495,900,423158243,10,77,17.354843139648438,1.4000167846679688,23.818805694580078,37.493873596191406,1,0,0.6000000238418579,0,0,0,0,0,8,0,1,0,8,99,1,0.0,0.0,20.878498077392578,28.40812110900879,1.5,0,66,-1.0,0.0,0.0,0,0,0
1780578722.146837,0,0.3499999940395355,0,0,495,900,423158243,10,77,17.354843139648438,-0.3999824523925781,24.165903091430664,37.48587417602539,1,0,0.6000000238418579,0,0,0,0,0,8,0,0,0,8,99,1,-8.300000190734863,0.0,20.73255729675293,28.40812110900879,1.5,0,66,-1.0,0.0,0.0,0,0,0
1780578722.1670597,0,0.3499999940395355,0,0,495,900,423158243,10,77,17.354843139648438,-2.199981689453125,24.51300048828125,37.44187545776367,1,0,0.6000000238418579,0,0,0,0,0,8,0,0,0,8,99,1,-8.300000190734863,0.0,20.566722869873047,28.408119201660156,1.5,0,66,-1.0,0.0,0.0,0,0,0
1780578722.1877623,0,0.3499999940395355,0,0,495,900,423158243,10,77,17.354843139648438,-3.999980926513672,24.860097885131836,37.36187744140625,1,0,0.6000000238418579,0,0,0,0,0,8,0,0,0,8,99,1,-8.300000190734863,0.0,20.400774002075195,28.40812110900879,1.5,0,66,-1.0,0.0,0.0,0,0,0
1780578722.2074034,0,0.3499999940395355,0,0,495,900,423158243,10,77,17.354843139648438,-5.799980163574219,25.207195281982422,37.24587631225586,1,0,0.6000000238418579,0,0,0,0,0,8,0,0,0,8,99,1,-8.300000190734863,0.0,20.23478889465332,28.40812110900879,1.5,0,66,-1.0,0.0,0.0,0,0,0
1780578722.2269337,0,0.3499999940395355,0,0,495,900,423158243,10,77,17.354843139648438,-7.599979400634766,25.554292678833008,37.093875885009766,1,0,0.6000000238418579,0,0,0,0,0,8,0,0,0,8,99,1,-8.300000190734863,0.0,20.068952560424805,28.40812110900879,1.5,0,66,-1.0,0.0,0.0,0,0,0
1780578722.2470732,0,0.3499999940395355,0,0,495,900,423158243,10,77,17.354843139648438,-9.399978637695312,25.901390075683594,36.90587615966797,1,0,0.6000000238418579,0,0,0,0,0,8,0,0,0,8,99,1,-8.300000190734863,0.0,19.902782440185547,28.40812110900879,1.5,0,66,-1.0,0.0,0.0,0,0,0
1780578722.2669182,0,0.3499999940395355,0,0,495,900,423158243,10,77,17.354843139648438,-11.19997787475586,26.24848747253418,36.68187713623047,1,0,0.6000000238418579,0,0,0,0,0,8,0,0,0,8,99,1,-8.300000190734863,0.0,19.73666000366211,28.408119201660156,1.5,0,66,-1.0,0.0,0.0,0,0,0
1780578722.2870436,0,0.3499999940395355,0,0,495,900,423158243,10,77,17.354843139648438,-12.999977111816406,26.595584869384766,36.421878814697266,1,0,0.6000000238418579,0,0,0,0,0,8,0,0,0,8,99,1,-8.300000190734863,0.0,19.570823669433594,28.40812110900879,1.5,0,66,-1.0,0.0,0.0,0,0,0
1780578722.3069835,0,0.3499999940395355,0,0,495,900,423158243,10,77,17.354843139648438,-14.799976348876953,26.94268226623535,36.12588119506836,1,0,0.6000000238418579,0,0,0,0,0,8,0,0,0,8,99,1,-8.300000190734863,0.0,19.40498924255371,28.40812110900879,1.5,0,66,-1.0,0.0,0.0,0,0,0
1780578722.326798,0,0.3499999940395355,0,0,495,900,423158243,10,77,17.354843139648438,-16.5999755859375,27.289779663085938,35.793880462646484,1,0,0.6000000238418579,0,0,0,0,0,8,0,0,0,8,99,1,-8.300000190734863,0.0,19.23915672302246,28.40812110900879,1.5,0,66,0.0,0.0,0.0,0,0,0
1780578722.3465662,0,0.3499999940395355,0,0,495,900,423158243,10,77,17.354843139648438,-18.399974822998047,27.636877059936523,35.425880432128906,1,0,0.6000000238418579,0,0,0,0,0,8,0,0,0,8,99,1,-8.300000190734863,0.0,19.07309913635254,28.40812110900879,1.5,0,66,0.0,0.0,0.0,0,0,0
1780578722.367059,0,0.3499999940395355,0,0,495,900,423158243,10,77,17.354843139648438,-20.199974060058594,27.98397445678711,35.021881103515625,1,0,0.6000000238418579,0,0,0,0,0,8,0,0,0,8,99,1,0.0,0.0,19.052494049072266,28.40812110900879,1.5,0,66,0.0,0.0,0.0,0,0,0
1780578722.3870733,0,0.3499999940395355,0,0,495,900,423158243,10,77,17.354843139648438,-21.99997329711914,28.331071853637695,34.58188247680664,1,0,0.6000000238418579,0,0,0,0,0,8,0,0,0,8,99,1,0.0,0.0,19.052494049072266,28.40812110900879,1.5,0,66,0.0,0.0,0.0,0,0,0
1780578722.4070244,0,0.3499999940395355,0,0,495,900,423158243,10,77,17.354843139648438,-23.799972534179688,28.67816925048828,34.10588455200195,1,0,0.6000000238418579,0,0,0,0,0,8,0,0,0,8,99,1,0.0,0.0,19.052494049072266,28.40812110900879,1.5,0,66,0.0,0.0,0.0,0,0,0
1780578722.4266307,0,0.3499999940395355,0,0,495,900,423158243,10,77,17.354843139648438,-25.599971771240234,29.025266647338867,33.5938835144043,1,0,0.6000000238418579,0,0,0,0,0,8,0,0,0,8,99,1,0.0,0.0,19.052494049072266,28.40812110900879,1.5,0,66,0.0,0.0,0.0,0,0,0
1780578722.4469664,0,0.3499999940395355,0,0,495,900,423158243,10,77,17.354843139648438,-27.39997100830078,29.372364044189453,33.04588317871094,1,0,0.6000000238418579,0,0,0,0,0,8,0,0,0,8,99,1,0.0,0.0,19.052494049072266,28.408123016357422,1.5,0,66,0.0,0.0,0.0,0,0,0
1780578722.4674683,0,0.3499999940395355,0,0,495,900,423158243,10,77,17.354843139648438,-29.199970245361328,29.71946144104004,32.461883544921875,1,0,0.6000000238418579,0,0,0,0,0,8,0,0,0,8,99,1,0.0,0.0,19.052494049072266,28.40812110900879,1.5,0,66,0.0,0.0,0.0,0,0,0
1780578722.4866507,0,0.3499999940395355,0,0,495,900,423158243,10,77,17.354843139648438,-30.999969482421875,30.066558837890625,31.84188461303711,1,0,0.6000000238418579,0,0,0,0,0,8,0,0,0,8,99,1,0.0,0.0,19.052494049072266,28.408119201660156,1.5,0,66,1.0,0.0,0.0,0,0,0
1780578722.5072417,0,0.3499999940395355,0,0,495,900,423158243,10,77,17.354843139648438,-32.79996871948242,30.41365623474121,31.18588638305664,1,0,0.6000000238418579,0,0,0,0,0,8,0,0,0,8,99,1,0.0,0.0,19.052494049072266,28.40812110900879,1.5,0,66,1.0,-1.0,0.0,0,0,0
1780578722.5271409,0,0.3499999940395355,0,0,495,900,423158243,10,77,17.354843139648438,-34.59996795654297,30.760753631591797,30.493886947631836,1,0,0.6000000238418579,0,0,0,0,0,8,0,0,0,8,99,1,0.0,0.0,19.052494049072266,28.40812110900879,1.5,0,66,1.0,-1.0,0.0,0,0,0
1780578722.5470853,0,0.3499999940395355,0,0,495,900,423158243,10,77,17.354843139648438,-36.399967193603516,31.107851028442383,29.765888214111328,1,0,0.6000000238418579,0,0,1,0,0,8,0,0,0,8,99,1,8.300000190734863,0.0,19.198055267333984,28.40812110900879,1.5,0,66,1.0,-1.0,0.0,0,0,0
1780578722.5668457,0,0.3499999940395355,0,0,495,900,423158243,10,77,17.354843139648438,-38.19996643066406,31.45494842529297,29.001888275146484,1,0,0.6000000238418579,0,0,1,0,0,8,0,0,0,8,99,1,8.300000190734863,0.0,19.364011764526367,28.408119201660156,1.5,0,66,1.0,-1.0,0.0,0,0,0
1780578722.5873055,0,0.3499999940395355,0,0,495,900,423158243,11,77,0.0,0.0,31.802045822143555,28.56183624267578,1,0,0.6000000238418579,0,0,1,0,0,8,0,0,0,8,99,1,8.300000190734863,0.0,19.52984619140625,28.40812110900879,1.5,0,66,1.0,0.0,0.0,0,0,0
1780578722.6070971,0,0.3499999940395355,0,0,495,900,423158243,11,77,0.0,0.0,31.802045822143555,28.56184959411621,1,0,0.6000000238418579,0,0,1,0,0,8,0,0,0,8,99,1,8.300000190734863,0.0,19.6962833404541,28.40812110900879,1.5,0,66,1.0,0.0,0.0,0,0,0
1780578722.6269636,0,0.3499999940395355,0,0,495,900,423158243,11,77,0.0,0.0,31.802045822143555,28.561859130859375,1,0,0.6000000238418579,0,0,1,0,0,8,0,0,0,8,99,1,8.300000190734863,0.0,19.86211585998535,28.40812110900879,1.5,0,66,1.0,0.0,0.0,0,0,0
1780578722.646842,0,0.3499999940395355,0,0,495,900,423158243,11,77,0.0,0.0,31.802045822143555,28.561864852905273,1,0,0.6000000238418579,0,0,1,0,0,8,0,0,0,8,99,1,8.300000190734863,0.0,20.027950286865234,28.40812110900879,1.5,0,66,1.0,0.0,0.0,0,0,0
1780578722.6668475,0,0.3499999940395355,0,0,495,900,423158243,11,77,0.0,0.0,31.802045822143555,28.56186866760254,1,0,0.6000000238418579,0,0,1,0,0,8,0,0,0,8,99,1,8.300000190734863,0.0,20.19378662109375,28.40812110900879,1.5,0,66,1.0,0.0,0.0,0,0,0
1780578722.6870878,0,0.3499999940395355,0,0,495,900,423158243,11,77,0.0,0.0,31.802045822143555,28.561870574951172,1,0,0.6000000238418579,0,0,1,0,0,8,0,0,0,8,99,1,8.300000190734863,0.0,20.359619140625,28.40812110900879,1.5,0,66,1.0,0.0,0.0,0,0,0
1780578722.70649,0,0.3499999940395355,0,0,495,900,423158243,11,77,0.0,0.0,31.802045822143555,28.561870574951172,1,0,0.6000000238418579,0,0,1,0,0,8,0,0,0,8,99,1,8.300000190734863,0.0,20.526350021362305,28.40812110900879,1.5,0,66,1.0,0.0,0.0,0,0,0
1780578722.7270489,0,0.3499999940395355,0,0,495,900,423158243,11,77,0.0,0.0,31.802045822143555,28.561870574951172,1,0,0.6000000238418579,0,0,1,0,0,8,0,0,0,8,99,1,8.300000190734863,0.0,20.692184448242188,28.40812110900879,1.5,0,66,1.0,0.0,0.0,0,0,0
1780578722.7472186,0,0.3499999940395355,0,0,495,900,423158243,11,77,0.0,0.0,31.802045822143555,28.561870574951172,1,0,0.6000000238418579,0,0,1,0,0,8,0,0,0,8,99,1,8.300000190734863,0.0,20.858020782470703,28.408119201660156,1.5,0,66,1.0,0.0,0.0,0,0,0
1780578722.7669232,0,0.3499999940395355,0,0,495,900,423158243,11,77,0.0,0.0,31.802045822143555,28.561870574951172,1,0,0.6000000238418579,0,0,1,0,0,8,0,0,0,8,99,1,8.300000190734863,0.0,21.02423095703125,28.40812110900879,1.5,0,66,1.0,0.0,0.0,0,0,0
1780578722.786638,0,0.3499999940395355,0,0,495,900,423158243,11,77,0.0,0.0,31.802045822143555,28.561870574951172,1,0,0.6000000238418579,0,0,1,0,0,8,0,0,0,8,99,1,8.300000190734863,0.0,21.190067291259766,28.40812110900879,1.5,0,66,1.0,0.0,0.0,0,0,0
1780578722.8068938,0,0.3499999940395355,0,0,495,900,423158243,11,77,0.0,0.0,31.802045822143555,28.561870574951172,1,0,0.6000000238418579,0,0,1,0,0,8,0,0,0,8,99,1,8.300000190734863,0.0,21.355899810791016,28.40812110900879,1.5,0,66,1.0,0.0,0.0,0,0,0
1780578722.8269455,0,0.3499999940395355,0,0,495,900,423158243,1,77,0.0,0.0,31.802045822143555,28.561870574951172,1,0,0.6000000238418579,0,0,1,0,0,8,0,0,0,8,99,1,8.300000190734863,0.0,21.5217342376709,28.408123016357422,1.5,0,66,1.0,0.0,0.0,0,0,0
1780578722.8464143,0,0.3499999940395355,0,0,495,900,423158243,1,77,0.0,0.0,31.802045822143555,28.561870574951172,1,0,0.6000000238418579,0,0,1,0,0,8,0,0,0,8,99,1,8.300000190734863,0.0,21.687698364257812,28.40812110900879,1.5,0,66,1.0,0.0,0.0,0,1,0
1780578722.8670518,0,0.3499999940395355,0,0,495,900,423158243,1,77,0.0,0.0,31.802045822143555,28.561870574951172,1,0,0.6000000238418579,0,0,1,0,0,8,0,0,0,8,99,1,8.300000190734863,0.0,21.853532791137695,28.40812110900879,1.5,0,66,1.0,0.0,0.0,0,1,0
1780578722.8870459,0,0.3499999940395355,0,0,495,900,423158243,1,77,0.0,0.0,31.802045822143555,28.561870574951172,1,0,0.6000000238418579,0,0,1,0,0,8,0,0,0,8,99,1,8.300000190734863,0.0,22.02046012878418,28.40812110900879,1.5,0,66,1.0,0.0,0.0,0,1,0
1780578722.9068937,0,0.3499999940395355,0,0,495,900,423158243,1,77,0.0,0.0,31.802045822143555,28.561870574951172,1,0,0.6000000238418579,0,0,1,0,0,8,0,0,0,8,99,1,8.300000190734863,0.0,22.186294555664062,28.408123016357422,1.5,0,66,0.0,0.0,0.0,0,1,0
1780578722.9267914,0,0.3499999940395355,0,0,495,900,423158243,1,77,0.0,0.0,31.802045822143555,28.561870574951172,1,0,0.6000000238418579,0,0,1,0,0,8,0,0,0,8,99,1,8.300000190734863,0.0,22.35235023498535,28.40812110900879,1.5,0,66,0.0,0.0,0.0,0,1,0
1780578722.9469864,0,0.3499999940395355,0,0,495,900,423158243,1,77,0.0,0.0,31.802045822143555,28.561870574951172,1,0,0.6000000238418579,0,0,1,0,0,8,0,0,0,8,99,1,0.0,0.0,22.372501373291016,28.40812110900879,1.5,0,66,0.0,0.0,0.0,0,0,0
1780578722.9670684,0,0.3499999940395355,0,0,495,900,423158243,1,77,0.0,0.0,31.802045822143555,28.561870574951172,0,0,0.6000000238418579,0,0,1,0,0,8,0,0,0,8,99,1,0.0,0.0,22.372501373291016,28.408123016357422,1.5,0,66,0.0,0.0,0.0,0,0,0
1780578722.9864185,0,0.3499999940395355,0,0,495,900,423158243,1,77,0.0,0.0,31.802045822143555,28.561870574951172,0,0,0.6000000238418579,0,0,1,0,0,8,0,0,0,8,99,1,0.0,0.0,22.372501373291016,28.40812110900879,1.5,0,66,0.0,0.0,0.0,0,0,0
1780578723.006452,0,0.3499999940395355,0,0,495,900,423158243,1,77,0.0,0.0,31.802045822143555,28.561870574951172,0,0,0.6000000238418579,0,0,1,0,0,8,0,0,0,8,99,1,0.0,0.0,22.372501373291016,28.40812110900879,1.5,0,66,0.0,0.0,0.0,0,0,0
1780578723.026994,0,0.3499999940395355,0,0,495,900,423158243,1,77,0.0,0.0,31.802045822143555,28.561870574951172,0,0,0.6000000238418579,0,0,1,0,0,8,0,0,0,8,99,1,0.0,0.0,22.372501373291016,28.40812110900879,1.5,0,66,0.0,0.0,0.0,0,0,0
1780578723.0468347,0,0.3499999940395355,0,0,495,900,423158243,1,77,0.0,0.0,31.802045822143555,28.561870574951172,0,0,0.6000000238418579,0,0,1,0,0,8,0,0,0,8,99,1,0.0,0.0,22.372501373291016,28.40812110900879,1.5,0,66,0.0,0.0,0.0,0,0,0
1780578723.0665374,0,0.3499999940395355,0,0,495,900,423158243,1,77,0.0,0.0,31.802045822143555,28.561870574951172,0,0,0.6000000238418579,0,0,1,0,0,8,0,0,0,8,99,1,-2.0,0.0,22.372501373291016,28.40812110900879,1.5,0,33,0.0,0.0,0.0,0,0,0
1780578723.087033,0,0.3499999940395355,0,0,495,900,423158243,1,77,0.0,0.0,31.802045822143555,28.561870574951172,0,0,0.6000000238418579,0,0,1,0,0,8,0,0,0,8,99,1,-2.0,0.0,22.337451934814453,28.40812110900879,1.5,0,33,0.0,0.0,0.0,0,0,0
1780578723.1065574,0,0.3499999940395355,0,0,495,900,423158243,1,77,0.0,0.0,31.802045822143555,28.561870574951172,0,0,0.6000000238418579,0,0,1,0,0,8,0,0,0,8,99,1,-2.0,0.0,22.29749298095703,28.40812110900879,1.5,0,33,0.0,0.0,0.0,0,0,0
1780578723.126341,0,0.3499999940395355,0,0,495,900,423158243,1,77,0.0,0.0,31.802045822143555,28.561870574951172,0,0,0.6000000238418579,0,0,1,0,0,8,0,0,0,8,99,1,-2.0,0.0,22.257381439208984,28.40812110900879,1.5,0,33,0.0,0.0,0.0,0,0,0
1780578723.1465466,0,0.3499999940395355,0,0,495,900,423158243,1,77,0.0,0.0,31.802045822143555,28.561870574951172,0,0,0.6000000238418579,0,0,1,0,0,8,0,0,0,8,99,1,-2.0,0.0,22.21742057800293,28.40812110900879,1.5,0,33,0.0,0.0,0.0,0,0,0
1780578723.1668224,0,0.3499999940395355,0,0,465,900,423158243,7,77,0.0,0.0,31.802045822143555,28.561870574951172,0,0,0.6000000238418579,0,0,1,0,0,8,0,0,0,8,99,1,-2.0,0.0,22.17743492126465,28.40812110900879,1.5,0,33,0.0,0.0,0.0,0,0,0
1780578723.186915,0,0.3499999940395355,0,0,465,900,423158243,7,77,0.0,0.0,32.252044677734375,28.561870574951172,0,0,0.6000000238418579,0,0,1,0,0,8,0,0,0,8,99,1,-2.0,0.0,22.13737678527832,28.40812110900879,1.5,0,33,0.0,0.0,0.0,0,0,0
1780578723.2066348,0,0.3499999940395355,0,0,465,900,423158243,7,77,0.0,0.0,32.70204544067383,28.561870574951172,0,0,0.6000000238418579,0,0,1,0,0,8,0,0,0,8,99,1,-2.0,0.0,22.097415924072266,28.40812110900879,1.5,0,33,0.0,0.0,0.0,0,0,0
1780578723.226487,0,0.3499999940395355,0,0,465,900,423158243,7,77,0.0,0.0,33.15204620361328,28.561870574951172,0,0,0.6000000238418579,0,0,1,0,0,8,0,0,0,8,99,1,-2.0,0.0,22.05745506286621,28.40812110900879,1.5,0,33,0.0,0.0,0.0,0,0,0
1780578723.2470021,0,0.3499999940395355,0,0,465,900,423158243,7,77,0.0,0.0,33.602046966552734,28.561870574951172,0,0,0.6000000238418579,0,0,1,0,0,8,0,0,0,8,99,1,-2.0,0.0,22.017398834228516,28.40812110900879,1.5,0,33,0.0,0.0,0.0,0,0,0
1780578723.2669833,0,0.3499999940395355,0,0,465,900,423158243,7,77,0.0,0.0,34.05204772949219,28.561870574951172,0,0,0.6000000238418579,0,0,1,0,0,8,0,0,0,8,99,1,-2.0,0.0,21.977401733398438,28.40812110900879,1.5,0,33,0.0,0.0,0.0,0,0,0
1780578723.286443,0,0.3499999940395355,0,0,465,900,423158243,7,77,0.0,0.0,34.50204849243164,28.561870574951172,0,0,0.6000000238418579,0,0,1,0,0,8,0,0,0,8,99,1,-2.0,0.0,21.937393188476562,28.40812110900879,1.5,0,33,0.0,0.0,0.0,0,0,0
1780578723.3069391,0,0.3499999940395355,0,0,465,900,423158243,7,77,0.0,0.0,34.952049255371094,28.561870574951172,0,0,0.6000000238418579,0,0,1,0,0,8,0,0,0,8,99,1,-2.0,0.0,21.897411346435547,28.40812110900879,1.5,0,33,0.0,0.0,0.0,0,0,0
1780578723.3268025,0,0.3499999940395355,0,0,465,900,423158243,7,77,0.0,0.0,35.40205001831055,28.561870574951172,0,0,0.6000000238418579,0,0,1,0,0,8,0,0,0,8,99,1,-2.0,0.0,21.85736846923828,28.40812110900879,1.5,0,33,0.0,0.0,0.0,0,0,0
1780578723.3470626,0,0.3499999940395355,0,0,465,900,423158243,7,77,0.0,0.0,35.40205001831055,28.561870574951172,0,0,0.6000000238418579,0,0,1,0,0,8,0,0,0,8,99,1,-2.0,0.0,21.81740951538086,28.40812110900879,1.5,0,33,0.0,0.0,0.0,0,0,0
1780578723.3666584,0,0.3499999940395355,0,0,465,900,423158243,7,77,0.0,0.0,35.40205001831055,28.561870574951172,1,0,0.6000000238418579,0,0,1,0,0,8,0,0,0,8,99,1,-2.0,0.0,21.77735710144043,28.40812110900879,1.5,0,33,0.0,0.0,0.0,0,0,0
1780578723.386978,0,0.3499999940395355,0,0,465,900,423158243,7,77,0.0,0.0,35.40205001831055,28.561870574951172,1,0,0.6000000238418579,0,0,1,0,0,8,0,0,0,8,99,1,0.0,0.0,21.77248764038086,28.40812110900879,1.5,0,33,0.0,0.0,0.0,0,0,0
1780578723.406993,0,0.3499999940395355,0,0,465,900,423158243,7,77,0.0,0.0,35.40205001831055,28.561870574951172,1,0,0.6000000238418579,0,0,1,0,0,8,0,0,0,8,99,1,0.0,0.0,21.77248764038086,28.40812110900879,1.5,0,33,0.0,0.0,0.0,0,0,0
1780578723.42715,0,0.3499999940395355,0,0,465,900,423158243,7,77,0.0,0.0,35.40205001831055,28.561870574951172,1,0,0.6000000238418579,0,0,1,0,0,8,0,0,0,8,99,1,0.0,0.0,21.77248764038086,28.40812110900879,1.5,0,33,0.0,0.0,0.0,0,0,0
1780578723.4465675,0,0.3499999940395355,0,0,465,900,423158243,7,77,0.0,0.0,35.40205001831055,28.561870574951172,1,0,0.6000000238418579,0,0,1,0,0,8,0,0,0,8,99,1,0.0,0.0,21.77248764038086,28.40812110900879,1.5,0,33,0.0,0.0,0.0,0,0,0
1780578723.4671729,0,0.3499999940395355,0,0,465,900,423158243,7,77,0.0,0.0,35.40205001831055,28.561870574951172,1,0,0.6000000238418579,0,0,1,0,0,8,0,0,0,8,99,1,0.0,0.0,21.77248764038086,28.40812110900879,1.5,0,33,0.0,0.0,0.0,0,0,0
1780578723.4866076,0,0.3499999940395355,0,0,465,900,423158243,9,77,-7.390279769897461,41.0,35.40205001831055,28.561870574951172,1,0,0.6000000238418579,0,0,1,0,0,8,0,0,0,8,99,1,0.0,0.0,21.77248764038086,28.40812110900879,1.5,0,33,0.0,0.0,0.0,0,0,0
1780578723.5069723,0,0.3499999940395355,0,0,465,900,423158243,10,77,-7.390279769897461,39.20000076293945,35.25424575805664,29.345870971679688,1,0,0.6000000238418579,0,0,1,0,0,8,0,0,0,8,99,1,0.0,0.0,21.77248764038086,28.408119201660156,1.5,0,33,0.0,0.0,0.0,0,0,0
1780578723.5269675,0,0.3499999940395355,0,0,465,900,423158243,10,77,-7.390279769897461,37.400001525878906,35.106441497802734,30.093870162963867,1,0,0.6000000238418579,0,0,1,0,0,8,0,0,0,8,99,1,0.0,0.0,21.77248764038086,28.40812110900879,1.5,0,33,0.0,0.0,0.0,0,0,0
1780578723.5467088,0,0.3499999940395355,0,0,465,900,423158243,10,77,-7.390279769897461,35.60000228881836,34.95863723754883,30.805870056152344,1,0,0.6000000238418579,0,0,1,0,0,8,0,0,0,8,99,1,0.0,0.0,21.77248764038086,28.40812110900879,1.5,0,33,0.0,0.0,0.0,0,0,0
1780578723.5664575,0,0.3499999940395355,0,0,465,900,423158243,10,77,-7.390279769897461,33.80000305175781,34.81083297729492,31.481870651245117,1,0,0.6000000238418579,0,0,1,0,0,8,0,0,0,8,99,1,0.0,0.0,21.77248764038086,28.40812110900879,1.5,0,33,0.0,0.0,0.0,0,0,0
1780578723.587235,0,0.3499999940395355,0,0,465,900,423158243,10,77,-7.390279769897461,32.000003814697266,34.663028717041016,32.12186813354492,1,0,0.6000000238418579,0,0,1,0,0,8,0,0,0,8,99,1,0.0,0.0,21.77248764038086,28.408123016357422,1.5,0,33,0.0,0.0,0.0,0,0,0
1780578723.606923,0,0.3499999940395355,0,0,465,900,423158243,10,77,-7.390279769897461,30.20000457763672,34.51522445678711,32.725868225097656,1,0,0.6000000238418579,0,0,1,0,0,8,0,0,0,8,99,1,0.0,0.0,21.77248764038086,28.40812110900879,1.5,0,33,0.0,0.0,0.0,0,0,0
1780578723.626911,0,0.3499999940395355,0,0,465,900,423158243,10,77,-7.390279769897461,28.400005340576172,34.3674201965332,33.29386901855469,1,0,0.6000000238418579,0,0,1,0,0,8,0,0,0,8,99,1,0.0,0.0,21.77248764038086,28.40812110900879,1.5,0,33,0.0,0.0,0.0,0,0,0
1780578723.647039,0,0.3499999940395355,0,0,465,900,423158243,10,77,-7.390279769897461,26.600006103515625,34.2196159362793,33.825870513916016,1,0,0.6000000238418579,0,0,1,0,0,8,0,0,0,8,99,1,0.0,0.0,21.77248764038086,28.40812110900879,1.5,0,33,0.0,0.0,0.0,0,0,0
1780578723.666976,0,0.3499999940395355,0,0,465,900,423158243,10,77,-7.390279769897461,24.800006866455078,34.07181167602539,34.321868896484375,1,0,0.6000000238418579,0,0,1,0,0,8,0,0,0,8,99,1,0.0,0.0,21.77248764038086,28.40812110900879,1.5,0,33,0.0,0.0,0.0,0,0,0
1780578723.6871874,0,0.3499999940395355,0,0,465,900,423158243,10,77,-7.390279769897461,23.00000762939453,33.924007415771484,34.78186798095703,1,0,0.6000000238418579,0,0,1,0,0,8,0,0,0,8,99,1,0.0,0.0,21.77248764038086,28.40812110900879,1.5,0,33,0.0,0.0,0.0,0,0,0
1780578723.7069008,0,0.3499999940395355,0,0,465,900,423158243,10,77,-7.390279769897461,21.200008392333984,33.77620315551758,35.205867767333984,1,0,0.6000000238418579,0,0,1,0,0,8,0,0,0,8,99,1,0.0,0.0,21.77248764038086,28.40812110900879,1.5,0,33,0.0,0.0,0.0,0,0,0
1780578723.7268467,0,0.3499999940395355,0,0,465,900,423158243,10,77,-7.390279769897461,19.400009155273438,33.62839889526367,35.593868255615234,1,0,0.6000000238418579,0,0,1,0,0,8,0,0,0,8,99,1,0.0,0.0,21.77248764038086,28.40812110900879,1.5,0,33,0.0,0.0,0.0,0,0,0
1780578723.7468083,0,0.3499999940395355,0,0,465,900,423158243,10,77,-7.390279769897461,17.60000991821289,33.480594635009766,35.94586944580078,1,0,0.6000000238418579,0,0,1,0,0,8,0,0,0,8,99,1,0.0,0.0,21.77248764038086,28.40812110900879,1.5,0,33,0.0,0.0,0.0,0,0,0
1780578723.7668133,0,0.3499999940395355,0,0,465,900,423158243,10,77,-7.390279769897461,15.800010681152344,33.33279037475586,36.261871337890625,1,0,0.6000000238418579,0,0,1,0,0,8,0,0,0,8,99,1,0.0,0.0,21.77248764038086,28.40812110900879,1.5,0,33,0.0,0.0,0.0,0,0,0
1780578723.7870212,0,0.3499999940395355,0,0,465,900,423158243,10,77,-7.390279769897461,14.000011444091797,33.18498611450195,36.5418701171875,1,0,0.6000000238418579,0,0,1,0,0,8,0,0,0,8,99,1,0.0,0.0,21.77248764038086,28.40812110900879,1.5,0,33,0.0,0.0,0.0,0,0,0
1780578723.8066196,0,0.3499999940395355,0,0,465,900,423158243,10,77,-7.390279769897461,12.20001220703125,33.03718185424805,36.78586959838867,1,0,0.6000000238418579,0,0,1,0,0,8,0,0,0,8,99,1,0.0,0.0,21.77248764038086,28.40812110900879,1.5,0,33,0.0,0.0,0.0,0,0,0
1780578723.8268116,0,0.3499999940395355,0,0,465,900,423158243,10,77,-7.390279769897461,10.400012969970703,32.88937759399414,36.99386978149414,1,0,0.6000000238418579,0,0,1,0,0,8,0,0,0,8,99,1,0.0,0.0,21.77248764038086,28.40812110900879,1.5,0,33,0.0,0.0,0.0,0,0,0
1780578723.8468044,0,0.3499999940395355,0,0,465,900,423158243,10,77,-7.390279769897461,8.600013732910156,32.741573333740234,37.165870666503906,1,0,0.6000000238418579,0,0,1,0,0,8,0,0,0,8,99,1,0.0,0.0,21.77248764038086,28.40812110900879,1.5,0,33,0.0,0.0,0.0,0,0,0
1780578723.8665397,0,0.3499999940395355,0,0,465,900,423158243,10,77,-7.390279769897461,6.800014495849609,32.59376907348633,37.30187225341797,1,0,0.6000000238418579,0,0,1,0,0,8,0,0,0,8,99,1,0.0,0.0,21.77248764038086,28.40812110900879,1.5,0,33,0.0,0.0,0.0,0,0,0
1780578723.8869433,0,0.3499999940395355,0,0,465,900,423158243,10,77,-7.390279769897461,5.0000152587890625,32.44596481323242,37.40187072753906,1,0,0.6000000238418579,0,0,1,0,0,8,0,0,0,8,99,1,0.0,0.0,21.77248764038086,28.40812110900879,1.5,0,33,0.0,0.0,0.0,0,0,0
1780578723.9066384,0,0.3499999940395355,0,0,465,900,423158243,10,77,-7.390279769897461,3.2000160217285156,32.298160552978516,37.46586990356445,1,0,0.6000000238418579,0,0,1,0,0,8,0,0,0,8,99,1,0.0,0.0,21.77248764038086,28.40812110900879,1.5,0,33,0.0,0.0,0.0,0,0,0
1780578723.9266696,0,0.3499999940395355,0,0,465,900,423158243,10,77,-7.390279769897461,1.4000167846679688,32.15035629272461,37.49386978149414,1,0,0.6000000238418579,0,0,1,0,0,8,0,0,0,8,99,1,0.0,0.0,21.77248764038086,28.40812110900879,1.5,0,33,0.0,0.0,0.0,0,0,0
1780578723.9468064,0,0.3499999940395355,0,0,465,900,423158243,10,77,-7.390279769897461,-0.3999824523925781,32.0025520324707,37.485870361328125,1,0,0.6000000238418579,0,0,1,0,0,8,0,0,0,8,99,1,0.0,0.0,21.77248764038086,28.40812110900879,1.5,0,33,0.0,0.0,0.0,0,0,0
1780578723.9669867,0,0.3499999940395355,0,0,465,900,423158243,10,77,-7.390279769897461,-2.199981689453125,31.854745864868164,37.441871643066406,1,0,0.6000000238418579,0,0,1,0,0,8,0,0,0,8,99,1,0.0,0.0,21.77248764038086,28.408123016357422,1.5,0,33,0.0,0.0,0.0,0,0,0
1780578723.9864926,0,0.3499999940395355,0,0,465,900,423158243,10,77,-7.390279769897461,-3.999980926513672,31.706939697265625,37.361873626708984,1,0,0.6000000238418579,0,0,1,0,0,8,0,0,0,8,99,1,0.0,0.0,21.77248764038086,28.408119201660156,1.5,0,33,0.0,0.0,0.0,0,0,0
1780578724.0069902,0,0.3499999940395355,0,0,465,900,423158243,10,77,-7.390279769897461,-5.799980163574219,31.559133529663086,37.245872497558594,1,0,0.6000000238418579,0,0,1,0,0,8,0,0,0,8,99,1,0.0,0.0,21.77248764038086,28.40812110900879,1.5,0,33,0.0,0.0,0.0,0,0,0
1780578724.0265875,0,0.3499999940395355,0,0,465,900,423158243,10,77,-7.390279769897461,-7.599979400634766,31.411327362060547,37.0938720703125,1,0,0.6000000238418579,0,0,1,0,0,8,0,0,0,8,99,1,0.0,0.0,21.77248764038086,28.40812110900879,1.5,0,33,0.0,0.0,0.0,0,0,0
1780578724.046791,0,0.3499999940395355,0,0,465,900,423158243,10,77,-7.390279769897461,-9.399978637695312,31.263521194458008,36.9058723449707,1,0,0.6000000238418579,0,0,1,0,0,8,0,0,0,8,99,1,0.0,0.0,21.77248764038086,28.40812110900879,1.5,0,33,0.0,0.0,0.0,0,0,0
1780578724.06655,0,0.3499999940395355,0,0,465,900,423158243,10,77,-7.390279769897461,-11.19997787475586,31.11571502685547,36.6818733215332,1,0,0.6000000238418579,0,0,1,0,0,8,0,0,0,8,99,1,0.0,0.0,21.77248764038086,28.40812110900879,1.5,0,33,0.0,0.0,0.0,0,0,0
1780578724.0870283,0,0.3499999940395355,0,0,465,900,423158243,10,77,-7.390279769897461,-12.999977111816406,30.96790885925293,36.421875,1,0,0.6000000238418579,0,0,1,0,0,8,0,0,0,8,99,1,0.0,0.0,21.77248764038086,28.40812110900879,1.5,0,33,0.0,0.0,0.0,0,0,0
1780578724.1065664,0,0.3499999940395355,0,0,465,900,423158243,10,77,-7.390279769897461,-14.799976348876953,30.82010269165039,36.125877380371094,1,0,0.6000000238418579,0,0,1,0,0,8,0,0,0,8,99,1,0.0,0.0,21.77248764038086,28.40812110900879,1.5,0,33,0.0,0.0,0.0,0,0,0
1780578724.1264625,0,0.3499999940395355,0,0,465,900,423158243,10,77,-7.390279769897461,-16.5999755859375,30.67229652404785,35.79387664794922,1,0,0.6000000238418579,0,0,1,0,0,8,0,0,0,8,99,1,0.0,0.0,21.77248764038086,28.40812110900879,1.5,0,33,0.0,0.0,0.0,0,0,0
1780578724.1468847,0,0.3499999940395355,0,0,465,900,423158243,10,77,-7.390279769897461,-18.399974822998047,30.524490356445312,35.42587661743164,1,0,0.6000000238418579,0,0,1,0,0,8,0,0,0,8,99,1,0.0,0.0,21.77248764038086,28.40812110900879,1.5,0,33,0.0,0.0,0.0,0,0,0
1780578724.167083,0,0.3499999940395355,0,0,465,900,423158243,10,77,-7.390279769897461,-20.199974060058594,30.376684188842773,35.02187728881836,1,0,0.6000000238418579,0,0,1,0,0,8,0,0,0,8,99,1,0.0,0.0,21.77248764038086,28.408123016357422,1.5,0,33,0.0,0.0,0.0,0,0,0
1780578724.1867025,0,0.3499999940395355,0,0,465,900,423158243,10,77,-7.390279769897461,-21.99997329711914,30.228878021240234,34.581878662109375,1,0,0.6000000238418579,0,0,1,0,0,8,0,0,0,8,99,1,0.0,0.0,21.77248764038086,28.408119201660156,1.5,0,33,0.0,0.0,0.0,0,0,0
1780578724.2070591,0,0.3499999940395355,0,0,465,900,423158243,10,77,-7.390279769897461,-23.799972534179688,30.081071853637695,34.10588073730469,1,0,0.6000000238418579,0,0,1,0,0,8,0,0,0,8,99,1,0.0,0.0,21.77248764038086,28.40812110900879,1.5,0,33,0.0,0.0,0.0,0,0,0
1780578724.2270885,0,0.3499999940395355,0,0,465,900,423158243,10,77,-7.390279769897461,-25.599971771240234,29.933265686035156,33.59387969970703,1,0,0.6000000238418579,0,0,1,0,0,8,0,0,0,8,99,1,0.0,0.0,21.77248764038086,28.40812110900879,1.5,0,33,0.0,0.0,0.0,0,0,0
1780578724.2463775,0,0.3499999940395355,0,0,465,900,423158243,10,77,-7.390279769897461,-27.39997100830078,29.785459518432617,33.04587936401367,1,0,0.6000000238418579,0,0,1,0,0,8,0,0,0,8,99,1,0.0,0.0,21.77248764038086,28.40812110900879,1.5,0,33,0.0,0.0,0.0,0,0,0
1780578724.267056,0,0.3499999940395355,0,0,465,900,423158243,10,77,-7.390279769897461,-29.199970245361328,29.637653350830078,32.46187973022461,1,0,0.6000000238418579,0,0,1,0,0,8,0,0,0,8,99,1,0.0,0.0,21.77248764038086,28.40812110900879,1.5,0,33,0.0,0.0,0.0,0,0,0
1780578724.2873025,0,0.3499999940395355,0,0,465,900,423158243,10,77,-7.390279769897461,-30.999969482421875,29.48984718322754,31.841880798339844,1,0,0.6000000238418579,0,0,1,0,0,8,0,0,0,8,99,1,0.0,0.0,21.77248764038086,28.40812110900879,1.5,0,33,1.0,0.0,0.0,0,0,0
1780578724.306577,0,0.3499999940395355,0,0,465,900,423158243,10,77,-7.390279769897461,-32.79996871948242,29.342041015625,31.185882568359375,1,0,0.6000000238418579,0,0,1,0,0,8,0,0,0,8,99,1,0.0,0.0,21.77248764038086,28.408123016357422,1.5,0,33,1.0,0.0,0.0,0,0,0
1780578724.3270576,0,0.3499999940395355,0,0,465,900,423158243,10,77,-7.390279769897461,-34.59996795654297,29.19423484802246,30.49388313293457,1,0,0.6000000238418579,0,0,1,0,0,8,0,0,0,8,99,1,0.0,0.0,21.77248764038086,28.408119201660156,1.5,0,33,1.0,0.0,0.0,0,0,0
1780578724.3472722,0,0.3499999940395355,0,0,465,900,423158243,10,77,-7.390279769897461,-36.399967193603516,29.046428680419922,29.765884399414062,1,0,0.6000000238418579,0,0,1,0,0,8,0,0,0,8,99,1,8.300000190734863,0.0,21.918012619018555,28.408119201660156,1.5,0,33,1.0,0.0,0.0,0,0,0
1780578724.367143,0,0.3499999940395355,0,0,465,900,423158243,10,77,-7.390279769897461,-38.19996643066406,28.898622512817383,29.00188446044922,1,0,0.6000000238418579,0,0,1,0,0,8,0,0,0,8,99,1,8.300000190734863,0.0,22.08401870727539,28.40812110900879,1.5,0,33,1.0,0.0,0.0,0,0,0
1780578724.3868995,0,0.3499999940395355,0,0,465,900,423158243,11,77,0.0,0.0,28.750816345214844,28.56183624267578,1,0,0.6000000238418579,0,0,1,0,0,8,0,0,0,8,99,1,8.300000190734863,0.0,22.250036239624023,28.408123016357422,1.5,0,33,1.0,0.0,0.0,0,0,0
1780578724.406927,0,0.3499999940395355,0,0,465,900,423158243,11,77,0.0,0.0,28.750816345214844,28.56184959411621,1,0,0.6000000238418579,0,0,1,0,0,8,0,0,0,8,99,1,8.300000190734863,0.0,22.415870666503906,28.40812110900879,1.5,0,33,1.0,0.0,0.0,0,0,0
1780578724.4266868,0,0.3499999940395355,0,0,465,900,423158243,11,77,0.0,0.0,28.750816345214844,28.561859130859375,1,0,0.6000000238418579,0,0,1,0,0,8,0,0,0,8,99,1,8.300000190734863,0.0,22.58185386657715,28.40812110900879,1.5,0,33,1.0,0.0,0.0,0,0,0
1780578724.4467068,0,0.3499999940395355,0,0,465,900,423158243,11,77,0.0,0.0,28.750816345214844,28.561864852905273,1,0,0.6000000238418579,0,0,1,0,0,8,0,0,0,8,99,1,8.300000190734863,0.0,22.74768829345703,28.40812110900879,1.5,0,33,1.0,0.0,0.0,0,0,0
1780578724.4665732,0,0.3499999940395355,0,0,465,900,423158243,11,77,0.0,0.0,28.750816345214844,28.56186866760254,1,0,0.6000000238418579,0,0,1,0,0,8,0,0,0,8,99,1,8.300000190734863,0.0,22.913841247558594,28.40812110900879,1.5,0,33,1.0,0.0,0.0,0,0,0
1780578724.4869876,0,0.3499999940395355,0,0,465,900,423158243,11,77,0.0,0.0,28.750816345214844,28.561870574951172,1,0,0.6000000238418579,0,0,1,0,0,8,0,0,0,8,99,1,8.300000190734863,0.0,23.079675674438477,28.40812110900879,1.5,0,33,1.0,0.0,0.0,0,0,0
1780578724.5070417,0,0.3499999940395355,0,0,465,900,423158243,11,77,0.0,0.0,28.750816345214844,28.561870574951172,1,0,0.6000000238418579,0,0,1,0,0,8,0,0,0,8,99,1,8.300000190734863,0.0,23.247108459472656,28.40812110900879,1.5,0,33,1.0,0.0,0.0,0,0,0
1780578724.5265899,0,0.3499999940395355,0,0,465,900,423158243,11,77,0.0,0.0,28.750816345214844,28.561870574951172,1,0,0.6000000238418579,0,0,1,0,0,8,0,0,0,8,99,1,8.300000190734863,0.0,23.412940979003906,28.40812110900879,1.5,0,33,1.0,0.0,0.0,0,0,0
1780578724.547138,0,0.3499999940395355,0,0,465,900,423158243,11,77,0.0,0.0,28.750816345214844,28.561870574951172,1,0,0.6000000238418579,0,0,1,0,0,8,0,0,0,8,99,1,8.300000190734863,0.0,23.57877540588379,28.40812110900879,1.5,0,33,1.0,0.0,0.0,0,0,0
1780578724.567038,0,0.3499999940395355,0,0,465,900,423158243,11,77,0.0,0.0,28.750816345214844,28.561870574951172,1,0,0.6000000238418579,0,0,1,0,0,8,0,0,0,8,99,1,8.300000190734863,0.0,23.744609832763672,28.40812110900879,1.5,0,33,1.0,0.0,0.0,0,0,0
1780578724.5870485,0,0.3499999940395355,0,0,465,900,423158243,11,77,0.0,0.0,28.750816345214844,28.561870574951172,1,0,0.6000000238418579,0,0,1,0,0,8,0,0,0,8,99,1,8.300000190734863,0.0,23.910444259643555,28.40812110900879,1.5,0,33,1.0,0.0,0.0,0,0,0
1780578724.606634,0,0.3499999940395355,0,0,465,900,423158243,11,77,0.0,0.0,28.750816345214844,28.561870574951172,1,0,0.6000000238418579,0,0,1,0,0,8,0,0,0,8,99,1,8.300000190734863,0.0,24.076278686523438,28.40812110900879,1.5,0,33,1.0,0.0,0.0,0,0,0
1780578724.6267962,0,0.3499999940395355,1,0,465,900,423158243,69,77,0.0,0.0,28.750816345214844,28.561870574951172,0,0,0.6000000238418579,0,0,1,0,0,8,0,1,0,8,99,1,8.300000190734863,0.0,24.242115020751953,28.40812110900879,1.5,0,33,1.0,0.0,0.0,0,0,1
1780578724.6468813,0,0.3499999940395355,1,0,465,900,423158243,69,77,0.0,0.0,28.750816345214844,28.561870574951172,0,0,0.6000000238418579,0,0,1,0,0,8,0,1,0,8,99,1,8.300000190734863,0.0,24.408241271972656,28.40812110900879,1.5,0,33,1.0,0.0,0.0,0,0,1
1780578724.6665316,0,0.3499999940395355,1,0,465,900,423158243,69,77,0.0,0.0,28.750816345214844,28.561870574951172,0,0,0.6000000238418579,0,0,1,0,0,8,0,1,0,8,99,1,8.300000190734863,0.0,24.57407569885254,28.40812110900879,1.5,0,33,1.0,0.0,0.0,0,0,1
1780578724.6869178,0,0.3499999940395355,1,0,465,900,423158243,69,77,0.0,0.0,28.750816345214844,28.561870574951172,0,0,0.6000000238418579,0,0,1,0,0,8,0,1,0,8,99,1,8.300000190734863,0.0,24.739910125732422,28.40812110900879,1.5,0,33,1.0,0.0,0.0,0,0,1
1780578724.7072246,0,0.3499999940395355,1,0,444,900,423158243,69,77,0.0,0.0,28.750816345214844,28.561870574951172,0,0,0.6000000238418579,0,0,1,0,0,8,0,1,0,8,99,1,-3.75,0.0,24.905746459960938,28.40812110900879,1.5,0,44,1.0,0.0,0.0,0,0,1
1780578724.7268577,0,0.3499999940395355,1,0,444,900,423158243,69,77,0.0,0.0,29.05081558227539,28.561870574951172,0,0,0.6000000238418579,0,0,1,0,0,8,0,1,0,8,99,1,-3.75,0.0,24.860734939575195,28.40812110900879,1.5,0,44,1.0,0.0,0.0,0,0,1
1780578724.7468889,0,0.3499999940395355,1,0,444,900,423158243,69,77,0.0,0.0,29.350814819335938,28.561870574951172,1,0,0.6000000238418579,0,0,1,0,0,8,0,1,0,8,99,1,-3.75,0.0,24.785715103149414,28.40812110900879,1.5,0,44,1.0,0.0,0.0,0,0,1
1780578724.7671173,0,0.3499999940395355,1,0,444,900,423158243,69,77,0.0,0.0,29.650814056396484,28.561870574951172,1,0,0.6000000238418579,0,0,1,0,0,8,0,1,0,8,99,1,-3.75,0.0,24.71078872680664,28.40812110900879,1.5,0,44,1.0,0.0,0.0,0,0,0
1780578724.787018,0,0.3499999940395355,1,0,444,900,423158243,69,77,0.0,0.0,29.95081329345703,28.561870574951172,1,0,0.6000000238418579,0,0,1,0,0,8,0,1,0,8,99,1,-3.75,0.0,24.635412216186523,28.408123016357422,1.5,0,44,1.0,0.0,0.0,0,0,0
1780578724.806682,0,0.3499999940395355,1,0,444,900,423158243,69,77,0.0,0.0,30.250812530517578,28.561870574951172,1,0,0.6000000238418579,0,0,1,0,0,8,0,1,0,8,99,1,-3.75,0.0,24.56048583984375,28.408119201660156,1.5,0,44,1.0,0.0,0.0,0,0,0
1780578724.8279123,0,0.3499999940395355,1,0,444,900,423158243,69,77,0.0,0.0,30.550811767578125,28.561870574951172,1,0,0.6000000238418579,0,0,1,0,0,8,0,1,0,8,99,1,-3.75,0.0,24.48556137084961,28.40812110900879,1.5,0,44,1.0,0.0,0.0,0,0,0
1780578724.8477867,0,0.3499999940395355,1,0,444,900,423158243,69,77,0.0,0.0,30.850811004638672,28.561870574951172,1,0,0.6000000238418579,0,0,1,0,0,8,0,1,0,8,99,1,-3.75,0.0,24.410566329956055,28.40812110900879,1.5,0,44,1.0,0.0,0.0,0,0,0
1780578724.867139,0,0.3499999940395355,1,0,444,900,423158243,45,77,8.0,0.0,31.15081024169922,28.561870574951172,1,0,0.6000000238418579,0,0,1,0,0,8,0,1,0,8,99,1,-3.75,0.0,24.335514068603516,28.40812110900879,1.5,0,44,1.0,0.0,0.0,0,0,0
1780578724.8867114,0,0.3499999940395355,1,0,444,900,423158243,45,77,8.0,0.0,31.310810089111328,28.561870574951172,1,0,0.6000000238418579,0,0,1,0,0,8,0,1,0,8,99,1,-3.75,0.0,24.26058578491211,28.40812110900879,1.5,0,44,1.0,0.0,0.0,0,0,0
1780578724.9071295,0,0.3499999940395355,1,0,444,900,423158243,45,77,8.0,0.0,31.470809936523438,28.561870574951172,1,0,0.6000000238418579,0,0,1,0,0,8,0,1,0,8,99,1,8.300000190734863,0.0,24.397184371948242,28.40812110900879,1.5,0,44,1.0,0.0,0.0,0,0,0
1780578724.9270911,0,0.3499999940395355,1,0,444,900,423158243,45,77,8.0,0.0,31.630809783935547,28.561870574951172,1,0,0.6000000238418579,0,0,1,0,0,8,0,1,0,8,99,1,8.300000190734863,0.0,24.563507080078125,28.40812110900879,1.5,0,44,1.0,0.0,0.0,0,0,0
1780578724.9464996,0,0.3499999940395355,1,0,444,900,423158243,45,77,8.0,0.0,31.790809631347656,28.561870574951172,1,0,0.6000000238418579,0,0,1,0,0,8,0,1,0,8,99,1,8.300000190734863,0.0,24.729341506958008,28.40812110900879,1.5,0,44,1.0,0.0,0.0,0,0,0
1780578724.9662924,0,0.3499999940395355,1,0,444,900,423158243,45,77,8.0,0.0,31.950809478759766,28.561870574951172,1,0,0.6000000238418579,0,0,1,0,0,8,0,1,0,8,99,1,8.300000190734863,0.0,24.895177841186523,28.40812110900879,1.5,0,44,1.0,0.0,0.0,0,0,0
1780578724.986833,0,0.3499999940395355,0,0,444,900,423158243,45,77,8.0,0.0,32.110809326171875,28.561870574951172,1,0,0.6000000238418579,0,0,1,0,0,8,0,0,0,8,99,1,8.300000190734863,0.0,25.061010360717773,28.40812110900879,1.5,0,44,1.0,0.0,0.0,0,0,0
1780578725.0067766,0,0.3499999940395355,0,0,444,900,423158243,45,77,8.0,0.0,32.270809173583984,28.561870574951172,1,0,0.6000000238418579,0,0,1,0,0,8,0,0,0,8,99,1,8.300000190734863,0.0,25.226844787597656,28.40812110900879,1.5,0,44,1.0,0.0,0.0,0,0,0
1780578725.026528,0,0.3499999940395355,0,0,444,900,423158243,45,77,8.0,0.0,32.430809020996094,28.561870574951172,1,0,0.6000000238418579,0,0,1,0,0,8,0,0,0,8,99,1,8.300000190734863,0.0,25.39267921447754,28.40812110900879,1.5,0,44,1.0,0.0,0.0,0,0,0
1780578725.0468152,0,0.3499999940395355,0,0,444,900,423158243,45,77,8.0,0.0,32.5908088684082,28.561870574951172,1,0,0.6000000238418579,0,0,1,0,0,8,0,0,0,8,99,1,8.300000190734863,0.0,25.558513641357422,28.40812110900879,1.5,0,44,1.0,0.0,0.0,0,0,0
1780578725.0668342,0,0.3499999940395355,0,0,444,900,423158243,45,77,8.0,0.0,32.75080871582031,28.561870574951172,1,0,0.6000000238418579,0,0,1,0,0,8,0,0,0,8,99,1,8.300000190734863,0.0,25.72481918334961,28.40812110900879,1.5,0,44,1.0,0.0,0.0,0,0,0
1780578725.086525,0,0.3499999940395355,0,0,444,900,423158243,45,77,8.0,0.0,32.91080856323242,28.561870574951172,1,0,0.6000000238418579,0,0,1,0,0,8,0,0,0,8,99,1,8.300000190734863,0.0,25.891263961791992,28.40812110900879,1.5,0,44,1.0,0.0,0.0,0,0,0
1780578725.1064353,0,0.3499999940395355,0,0,444,900,423158243,45,77,8.0,0.0,33.07080841064453,28.561870574951172,1,0,0.6000000238418579,0,0,1,0,0,8,0,0,0,8,99,1,8.300000190734863,0.0,26.057098388671875,28.40812110900879,1.5,0,44,1.0,0.0,0.0,0,0,0
1780578725.1269658,0,0.3499999940395355,0,0,444,900,423158243,45,77,8.0,0.0,33.23080825805664,28.561870574951172,1,0,0.6000000238418579,0,0,1,0,0,8,0,0,0,8,99,1,8.300000190734863,0.0,26.22317123413086,28.40812110900879,1.5,0,44,1.0,0.0,0.0,0,0,0
1780578725.1472397,0,0.3499999940395355,0,0,444,900,423158243,45,77,8.0,0.0,33.39080810546875,28.561870574951172,1,0,0.6000000238418579,0,0,1,0,0,8,0,0,0,8,99,1,8.300000190734863,0.0,26.389005661010742,28.40812110900879,1.5,0,44,1.0,0.0,0.0,0,0,0
1780578725.166922,0,0.3499999940395355,0,0,444,900,423158243,45,77,8.0,0.0,33.55080795288086,28.561870574951172,1,0,0.6000000238418579,0,0,1,0,0,8,0,0,0,8,99,1,8.300000190734863,0.0,26.555171966552734,28.40812110900879,1.5,0,44,1.0,0.0,0.0,0,0,0
1780578725.186974,0,0.3499999940395355,0,0,444,900,423158243,45,77,8.0,0.0,33.71080780029297,28.561870574951172,1,0,0.6000000238418579,0,0,1,0,0,8,0,0,0,8,99,1,8.300000190734863,0.0,26.721006393432617,28.40812110900879,1.5,0,44,1.0,0.0,0.0,0,0,0
1780578725.2070286,0,0.3499999940395355,0,0,444,900,423158243,45,77,8.0,0.0,33.87080764770508,28.561870574951172,1,0,0.6000000238418579,0,0,1,0,0,8,0,0,0,8,99,1,8.300000190734863,0.0,26.8868408203125,28.408123016357422,1.5,0,44,1.0,0.0,0.0,0,0,0
1780578725.2271888,0,0.3499999940395355,0,0,444,900,423158243,45,77,8.0,0.0,34.03080749511719,28.561870574951172,1,0,0.6000000238418579,0,0,1,0,0,8,0,0,0,8,99,1,8.300000190734863,0.0,27.053421020507812,28.40812110900879,1.5,0,44,1.0,0.0,0.0,0,0,0
1780578725.2468922,0,0.3499999940395355,0,0,444,900,423158243,45,77,8.0,0.0,34.1908073425293,28.561870574951172,1,0,0.6000000238418579,0,0,1,0,0,8,0,0,0,8,99,1,8.300000190734863,0.0,27.219255447387695,28.408123016357422,1.5,0,44,1.0,0.0,0.0,0,0,0
1780578725.2667801,0,0.3499999940395355,0,0,444,900,423158243,45,77,8.0,0.0,34.350807189941406,28.561870574951172,1,0,0.6000000238418579,0,0,1,0,0,8,0,0,0,8,99,1,8.300000190734863,0.0,27.385089874267578,28.40812110900879,1.5,0,44,1.0,0.0,0.0,0,0,0
1780578725.286771,0,0.3499999940395355,0,0,444,900,423158243,45,77,8.0,0.0,34.510807037353516,28.561870574951172,1,0,0.6000000238418579,0,0,1,0,0,8,0,0,0,8,99,1,8.300000190734863,0.0,27.55092430114746,28.40812110900879,1.5,0,44,1.0,0.0,0.0,0,0,0
1780578725.3065019,0,0.3499999940395355,0,0,444,900,423158243,45,77,8.0,0.0,34.670806884765625,28.561870574951172,1,0,0.6000000238418579,0,0,1,0,0,8,0,0,0,8,99,1,8.300000190734863,0.0,27.716854095458984,28.40812110900879,1.5,0,44,1.0,0.0,0.0,0,0,0
1780578725.3271086,0,0.3499999940395355,0,0,444,900,423158243,45,77,8.0,0.0,34.830806732177734,28.561870574951172,1,0,0.6000000238418579,0,0,1,0,0,8,0,0,0,8,99,1,8.300000190734863,0.0,27.882688522338867,28.40812110900879,1.5,0,44,1.0,0.0,0.0,0,0,0
1780578725.3471656,0,0.3499999940395355,0,0,444,900,423158243,45,77,8.0,0.0,34.990806579589844,28.561870574951172,1,0,0.6000000238418579,0,0,1,0,0,8,0,0,0,8,99,1,8.300000190734863,0.0,28.049135208129883,28.40812110900879,1.5,0,44,1.0,0.0,0.0,0,0,0
1780578725.367311,0,0.3499999940395355,0,0,444,900,423158243,45,77,8.0,0.0,35.15080642700195,28.561870574951172,1,0,0.6000000238418579,0,0,1,0,0,8,0,0,0,8,99,1,8.300000190734863,0.0,28.21677017211914,28.40812110900879,1.5,0,44,1.0,0.0,0.0,0,0,0
1780578725.3869789,0,0.3499999940395355,0,0,444,900,423158243,45,77,8.0,0.0,35.31080627441406,28.561870574951172,1,0,0.6000000238418579,0,0,1,0,0,8,0,0,0,8,99,1,8.300000190734863,0.0,28.382604598999023,28.40812110900879,1.5,0,44,1.0,0.0,0.0,0,0,0
1780578725.4071643,0,0.3499999940395355,0,0,444,900,423158243,45,77,8.0,0.0,35.47080612182617,28.561870574951172,1,0,0.6000000238418579,0,0,1,0,0,8,0,0,0,8,99,1,8.300000190734863,0.0,28.548439025878906,28.40812110900879,1.5,0,44,1.0,0.0,0.0,0,0,0
1780578725.427025,0,0.3499999940395355,0,0,444,900,423158243,7,77,0.0,0.0,35.63080596923828,28.561870574951172,1,0,0.6000000238418579,0,0,1,0,0,8,0,0,0,8,99,1,8.300000190734863,0.0,28.71427345275879,28.408123016357422,1.5,0,44,1.0,0.0,0.0,0,0,0
1780578725.446524,0,0.3499999940395355,0,0,444,900,423158243,7,77,0.0,0.0,35.63080596923828,28.561870574951172,1,0,0.6000000238418579,0,0,1,0,0,8,0,0,0,8,99,1,8.300000190734863,0.0,28.880107879638672,28.408119201660156,1.5,0,44,1.0,0.0,0.0,0,0,0
1780578725.4666126,0,0.3499999940395355,0,0,444,900,423158243,7,77,0.0,0.0,35.63080596923828,28.561870574951172,1,0,0.6000000238418579,0,0,1,0,0,8,0,0,0,8,99,1,8.300000190734863,0.0,29.045942306518555,28.40812110900879,1.5,0,44,1.0,0.0,0.0,0,0,0
1780578725.4870243,0,0.3499999940395355,0,0,444,900,423158243,7,77,0.0,0.0,35.63080596923828,28.561870574951172,1,0,0.6000000238418579,0,0,1,0,0,8,0,0,0,8,99,1,8.300000190734863,0.0,29.211776733398438,28.40812110900879,1.5,0,44,1.0,0.0,0.0,0,0,0
1780578725.5070975,0,0.3499999940395355,0,0,444,900,423158243,7,77,0.0,0.0,35.63080596923828,28.561870574951172,1,0,0.6000000238418579,0,0,1,0,0,8,0,0,0,8,99,1,8.300000190734863,0.0,29.37761116027832,28.40812110900879,1.5,0,44,1.0,0.0,0.0,0,0,0
1780578725.5265424,0,0.3499999940395355,0,0,444,900,423158243,7,77,0.0,0.0,35.63080596923828,28.561870574951172,1,0,0.6000000238418579,0,0,1,0,0,8,0,0,0,8,99,1,8.300000190734863,0.0,29.543445587158203,28.40812110900879,1.5,0,44,1.0,0.0,0.0,0,0,0
1780578725.5467513,0,0.3499999940395355,0,0,444,900,423158243,7,77,0.0,0.0,35.63080596923828,28.561870574951172,1,0,0.6000000238418579,0,0,1,0,0,8,0,0,0,8,99,1,8.300000190734863,0.0,29.709280014038086,28.40812110900879,1.5,0,44,1.0,0.0,0.0,0,0,0
1780578725.5665467,0,0.3499999940395355,0,0,444,900,423158243,7,77,0.0,0.0,35.63080596923828,28.561870574951172,1,0,0.6000000238418579,0,0,1,0,0,8,0,0,0,8,99,1,8.300000190734863,0.0,29.87511444091797,28.40812110900879,1.5,0,44,1.0,0.0,0.0,0,0,0
1780578725.586283,0,0.3499999940395355,0,0,444,900,423158243,7,77,0.0,0.0,35.63080596923828,28.561870574951172,1,0,0.6000000238418579,0,0,1,0,0,8,0,0,0,8,99,1,8.300000190734863,0.0,30.041221618652344,28.40812110900879,1.5,0,44,1.0,0.0,0.0,0,0,0
1780578725.6062212,0,0.3499999940395355,0,0,444,900,423158243,7,77,0.0,0.0,35.63080596923828,28.561870574951172,1,0,0.6000000238418579,0,0,1,0,0,8,0,0,0,8,99,1,8.300000190734863,0.0,30.207054138183594,28.40812110900879,1.5,0,44,1.0,0.0,0.0,0,0,0
1780578725.626987,0,0.3499999940395355,0,0,444,900,423158243,7,77,0.0,0.0,35.63080596923828,28.561870574951172,1,0,0.6000000238418579,0,0,1,0,0,8,0,0,0,8,99,1,8.300000190734863,0.0,30.37289047241211,28.40812110900879,1.5,0,44,1.0,0.0,0.0,0,0,0
1780578725.6468854,0,0.3499999940395355,0,0,444,900,423158243,7,77,0.0,0.0,35.63080596923828,28.561870574951172,1,0,0.6000000238418579,0,0,1,0,0,8,0,0,0,8,99,1,8.300000190734863,0.0,30.53904914855957,28.40812110900879,1.5,0,44,1.0,0.0,0.0,0,0,0
1780578725.666477,0,0.3499999940395355,0,0,444,900,423158243,7,77,0.0,0.0,35.63080596923828,28.561870574951172,1,0,0.6000000238418579,0,0,1,0,0,8,0,0,0,8,99,1,8.300000190734863,0.0,30.70535659790039,28.40812110900879,1.5,0,44,1.0,0.0,0.0,0,0,0
1780578725.6868782,0,0.3499999940395355,0,0,444,900,423158243,7,77,0.0,0.0,35.63080596923828,28.561870574951172,1,0,0.6000000238418579,0,0,1,0,0,8,0,0,0,8,99,1,8.300000190734863,0.0,30.871192932128906,28.40812110900879,1.5,0,44,1.0,0.0,0.0,0,0,0
1780578725.7071993,0,0.3499999940395355,0,0,444,900,423158243,7,77,0.0,0.0,35.63080596923828,28.561870574951172,1,0,0.6000000238418579,0,0,1,0,0,8,0,0,0,8,99,1,8.300000190734863,0.0,31.03702735900879,28.40812110900879,1.5,0,44,1.0,0.0,0.0,0,0,0
1780578725.7263756,0,0.3499999940395355,0,0,444,900,423158243,7,77,0.0,0.0,35.63080596923828,28.561870574951172,1,0,0.6000000238418579,0,0,1,0,0,8,0,0,0,8,99,1,8.300000190734863,0.0,31.202943801879883,28.40812110900879,1.5,0,44,1.0,0.0,0.0,0,0,0
1780578725.7470477,0,0.3499999940395355,0,0,444,900,423158243,7,77,0.0,0.0,35.63080596923828,28.561870574951172,1,0,0.6000000238418579,0,0,1,0,0,8,0,0,0,8,99,1,8.300000190734863,0.0,31.368778228759766,28.40812110900879,1.5,0,44,1.0,0.0,0.0,0,0,1
1780578725.766984,0,0.3499999940395355,1,0,444,900,423158243,10,77,-13.195018768310547,41.0,35.63080596923828,28.561870574951172,0,0,0.6000000238418579,0,0,1,0,0,8,0,1,0,8,99,1,8.300000190734863,0.0,31.53461456298828,28.40812110900879,1.5,0,44,1.0,0.0,0.0,0,0,1
1780578725.7869787,0,0.3499999940395355,1,0,444,900,423158243,10,77,-13.195018768310547,39.20000076293945,35.366905212402344,29.345870971679688,0,0,0.6000000238418579,0,0,1,0,0,8,0,1,0,8,99,1,8.300000190734863,0.0,31.701507568359375,28.40812110900879,1.5,0,44,1.0,0.0,0.0,0,0,1
1780578725.8066437,0,0.3499999940395355,1,0,423,900,423158243,10,77,-13.195018768310547,37.400001525878906,35.103004455566406,30.093870162963867,0,0,0.6000000238418579,0,0,1,0,0,8,0,1,0,8,99,1,-3.75,0.0,31.86734390258789,28.40812110900879,1.5,0,55,1.0,0.0,0.0,0,0,1
1780578725.8270164,0,0.3499999940395355,1,0,423,900,423158243,10,77,-13.195018768310547,35.60000228881836,35.139102935791016,30.805870056152344,0,0,0.6000000238418579,0,0,1,0,0,8,0,1,0,8,99,1,-3.75,0.0,31.821687698364258,28.40812110900879,1.5,0,55,1.0,0.0,0.0,0,0,1
1780578725.8473723,0,0.3499999940395355,1,0,423,900,423158243,10,77,-13.195018768310547,33.80000305175781,35.175201416015625,31.481870651245117,0,0,0.6000000238418579,0,0,1,0,0,8,0,1,0,8,99,1,-3.75,0.0,31.74665069580078,28.40812110900879,1.5,0,55,1.0,0.0,0.0,0,0,1
1780578725.8665051,0,0.3499999940395355,1,0,423,900,423158243,10,77,-13.195018768310547,32.000003814697266,35.211299896240234,32.12186813354492,1,0,0.6000000238418579,0,0,1,0,0,8,0,1,0,8,99,1,-3.75,0.0,31.671510696411133,28.40812110900879,1.5,0,55,1.0,0.0,0.0,0,0,1
1780578725.8862913,0,0.3499999940395355,1,0,423,900,423158243,10,77,-13.195018768310547,30.20000457763672,35.247398376464844,32.725868225097656,1,0,0.6000000238418579,0,0,1,0,0,8,0,1,0,8,99,1,-3.75,0.0,31.59658432006836,28.408123016357422,1.5,0,55,1.0,0.0,0.0,0,0,1
1780578725.9069412,0,0.3499999940395355,1,0,423,900,423158243,10,77,-13.195018768310547,28.400005340576172,35.28349685668945,33.29386901855469,1,0,0.6000000238418579,0,0,1,0,0,8,0,1,0,8,99,1,-3.75,0.0,31.52165985107422,28.408119201660156,1.5,0,55,1.0,0.0,0.0,0,0,0
1780578725.9269364,0,0.3499999940395355,1,0,423,900,423158243,10,77,-13.195018768310547,26.600006103515625,35.31959533691406,33.825870513916016,1,0,0.6000000238418579,0,0,1,0,0,8,0,1,0,8,99,1,-3.75,0.0,31.445972442626953,28.40812110900879,1.5,0,55,1.0,0.0,0.0,0,0,0
1780578725.947402,0,0.3499999940395355,1,0,423,900,423158243,10,77,-13.195018768310547,24.800006866455078,35.35569381713867,34.321868896484375,1,0,0.6000000238418579,0,0,1,0,0,8,0,1,0,8,99,1,-3.75,0.0,31.371047973632812,28.40812110900879,1.5,0,55,1.0,0.0,0.0,0,0,0
1780578725.9669065,0,0.3499999940395355,1,0,423,900,423158243,10,77,-13.195018768310547,23.00000762939453,35.39179229736328,34.78186798095703,1,0,0.6000000238418579,0,0,1,0,0,8,0,1,0,8,99,1,-3.75,0.0,31.296123504638672,28.40812110900879,1.5,0,55,1.0,0.0,0.0,0,0,0
1780578725.9871035,0,0.3499999940395355,1,0,423,900,423158243,10,77,-13.195018768310547,21.200008392333984,35.127891540527344,35.205867767333984,1,0,0.6000000238418579,0,0,1,0,0,8,0,1,0,8,99,1,-3.75,0.0,31.2211971282959,28.40812110900879,1.5,0,55,1.0,0.0,0.0,0,0,0
1780578726.0064826,0,0.3499999940395355,1,0,423,900,423158243,10,77,-13.195018768310547,19.400009155273438,34.863990783691406,35.593868255615234,1,0,0.6000000238418579,0,0,1,0,0,8,0,1,0,8,99,1,8.300000190734863,0.0,31.35907745361328,28.40812110900879,1.5,0,55,1.0,0.0,0.0,0,0,0
1780578726.0272145,0,0.3499999940395355,1,0,423,900,423158243,10,77,-13.195018768310547,17.60000991821289,34.60009002685547,35.94586944580078,1,0,0.6000000238418579,0,0,1,0,0,8,0,1,0,8,99,1,8.300000190734863,0.0,31.524913787841797,28.40812110900879,1.5,0,55,0.0,0.0,0.0,0,0,0
1780578726.046724,0,0.3499999940395355,1,0,423,900,423158243,10,77,-13.195018768310547,15.800010681152344,34.33618927001953,36.261871337890625,1,0,0.6000000238418579,0,0,1,0,0,8,0,1,0,8,99,1,8.300000190734863,0.0,31.690746307373047,28.40812110900879,1.5,0,55,0.0,0.0,0.0,0,0,0
1780578726.0670016,0,0.3499999940395355,1,0,423,900,423158243,10,77,-13.195018768310547,14.000011444091797,34.072288513183594,36.5418701171875,1,0,0.6000000238418579,0,0,1,0,0,8,0,1,0,8,99,1,0.0,0.0,31.710498809814453,28.408119201660156,1.5,0,55,0.0,0.0,0.0,0,0,0
1780578726.0865116,0,0.3499999940395355,1,0,423,900,423158243,10,77,-13.195018768310547,12.20001220703125,33.808387756347656,36.78586959838867,1,0,0.6000000238418579,0,0,1,0,0,8,0,1,0,8,99,1,0.0,0.0,31.710498809814453,28.40812110900879,1.5,0,55,0.0,0.0,0.0,0,0,0
1780578726.1069877,0,0.3499999940395355,0,0,423,900,423158243,10,77,-13.195018768310547,10.400012969970703,33.54448699951172,36.99386978149414,1,0,0.6000000238418579,0,0,1,0,0,8,0,0,0,8,99,1,0.0,0.0,31.710498809814453,28.40812110900879,1.5,0,55,0.0,0.0,0.0,0,0,0
1780578726.1274185,0,0.3499999940395355,0,0,423,900,423158243,10,77,-13.195018768310547,8.600013732910156,33.28058624267578,37.165870666503906,1,0,0.6000000238418579,0,0,1,0,0,8,0,0,0,8,99,1,0.0,0.0,31.710498809814453,28.40812110900879,1.5,0,55,0.0,0.0,0.0,0,0,0
1780578726.1469092,0,0.3499999940395355,0,0,423,900,423158243,10,77,-13.195018768310547,6.800014495849609,33.016685485839844,37.30187225341797,1,0,0.6000000238418579,0,0,1,0,0,8,0,0,0,8,99,1,0.0,0.0,31.710498809814453,28.40812110900879,1.5,0,55,0.0,0.0,0.0,0,0,0
1780578726.1670485,0,0.3499999940395355,0,0,423,900,423158243,10,77,-13.195018768310547,5.0000152587890625,32.752784729003906,37.40187072753906,1,0,0.6000000238418579,0,0,1,0,0,8,0,0,0,8,99,1,0.0,0.0,31.710498809814453,28.40812110900879,1.5,0,55,0.0,0.0,0.0,0,0,0
1780578726.1869068,0,0.3499999940395355,0,0,423,900,423158243,10,77,-13.195018768310547,3.2000160217285156,32.48888397216797,37.46586990356445,1,0,0.6000000238418579,0,0,1,0,0,8,0,0,0,8,99,1,0.0,0.0,31.710498809814453,28.40812110900879,1.5,0,55,0.0,0.0,0.0,0,0,0
1780578726.2068868,0,0.3499999940395355,0,0,423,900,423158243,10,77,-13.195018768310547,1.4000167846679688,32.22498321533203,37.49386978149414,1,0,0.6000000238418579,0,0,1,0,0,8,0,0,0,8,99,1,0.0,0.0,31.710498809814453,28.40812110900879,1.5,0,55,0.0,0.0,0.0,0,0,0
1780578726.2265942,0,0.3499999940395355,0,0,423,900,423158243,10,77,-13.195018768310547,-0.3999824523925781,31.961082458496094,37.485870361328125,1,0,0.6000000238418579,0,0,1,0,0,8,0,0,0,8,99,1,0.0,0.0,31.710498809814453,28.40812110900879,1.5,0,55,0.0,0.0,0.0,0,0,0
1780578726.2469523,0,0.3499999940395355,0,0,423,900,423158243,10,77,-13.195018768310547,-2.199981689453125,31.697181701660156,37.441871643066406,1,0,0.6000000238418579,0,0,1,0,0,8,0,0,0,8,99,1,0.0,0.0,31.710498809814453,28.40812110900879,1.5,0,55,0.0,0.0,0.0,0,0,0
1780578726.2669194,0,0.3499999940395355,0,0,423,900,423158243,10,77,-13.195018768310547,-3.999980926513672,31.43328094482422,37.361873626708984,1,0,0.6000000238418579,0,0,1,0,0,8,0,0,0,8,99,1,0.0,0.0,31.710498809814453,28.40812110900879,1.5,0,55,0.0,0.0,0.0,0,0,0
1780578726.2863245,0,0.3499999940395355,0,0,423,900,423158243,10,77,-13.195018768310547,-5.799980163574219,31.16938018798828,37.245872497558594,1,0,0.6000000238418579,0,0,1,0,0,8,0,0,0,8,99,1,0.0,0.0,31.710498809814453,28.40812110900879,1.5,0,55,0.0,0.0,0.0,0,0,0
1780578726.3068173,0,0.3499999940395355,0,0,423,900,423158243,10,77,-13.195018768310547,-7.599979400634766,30.905479431152344,37.0938720703125,1,0,0.6000000238418579,0,0,1,0,0,8,0,0,0,8,99,1,0.0,0.0,31.710498809814453,28.40812110900879,1.5,0,55,1.0,0.0,0.0,0,0,0
1780578726.327167,0,0.3499999940395355,0,0,423,900,423158243,10,77,-13.195018768310547,-9.399978637695312,30.641578674316406,36.9058723449707,1,0,0.6000000238418579,0,0,1,0,0,8,0,0,0,8,99,1,0.0,0.0,31.710498809814453,28.40812110900879,1.5,0,55,1.0,0.0,0.0,0,0,0
1780578726.3468451,0,0.3499999940395355,0,0,423,900,423158243,10,77,-13.195018768310547,-11.19997787475586,30.37767791748047,36.6818733215332,1,0,0.6000000238418579,0,0,1,0,0,8,0,0,0,8,99,1,0.0,0.0,31.710498809814453,28.40812110900879,1.5,0,55,1.0,0.0,0.0,0,0,0
1780578726.3671272,0,0.3499999940395355,0,0,423,900,423158243,10,77,-13.195018768310547,-12.999977111816406,30.11377716064453,36.421875,1,0,0.6000000238418579,0,0,1,0,0,8,0,0,0,8,99,1,8.300000190734863,0.0,31.855661392211914,28.40812110900879,1.5,0,55,1.0,0.0,0.0,0,0,0
1780578726.387033,0,0.3499999940395355,0,0,423,900,423158243,10,77,-13.195018768310547,-14.799976348876953,29.849876403808594,36.125877380371094,1,0,0.6000000238418579,0,0,1,0,0,8,0,0,0,8,99,1,8.300000190734863,0.0,32.02179718017578,28.40812110900879,1.5,0,55,1.0,0.0,0.0,0,0,0
1780578726.4070897,0,0.3499999940395355,0,0,423,900,423158243,10,77,-13.195018768310547,-16.5999755859375,29.585975646972656,35.79387664794922,1,0,0.6000000238418579,0,0,1,0,0,8,0,0,0,8,99,1,8.300000190734863,0.0,32.1878776550293,28.40812110900879,1.5,0,55,1.0,0.0,0.0,0,0,0
1780578726.4265118,0,0.3499999940395355,0,0,423,900,423158243,10,77,-13.195018768310547,-18.399974822998047,29.32207489013672,35.42587661743164,1,0,0.6000000238418579,0,0,1,0,0,8,0,0,0,8,99,1,8.300000190734863,0.0,32.353965759277344,28.40812110900879,1.5,0,55,1.0,0.0,0.0,0,0,0
1780578726.4464946,0,0.3499999940395355,0,0,423,900,423158243,10,77,-13.195018768310547,-20.199974060058594,29.05817413330078,35.02187728881836,1,0,0.6000000238418579,0,0,1,0,0,8,0,0,0,8,99,1,8.300000190734863,0.0,32.51980209350586,28.40812110900879,1.5,0,55,1.0,0.0,0.0,0,0,0
1780578726.466845,0,0.3499999940395355,0,0,423,900,423158243,10,77,-13.195018768310547,-21.99997329711914,28.794273376464844,34.581878662109375,1,0,0.6000000238418579,0,0,1,0,0,8,0,0,0,8,99,1,8.300000190734863,0.0,32.68563461303711,28.40812110900879,1.5,0,55,1.0,0.0,0.0,0,0,0
1780578726.486941,0,0.3499999940395355,0,0,423,900,423158243,10,77,-13.195018768310547,-23.799972534179688,28.530372619628906,34.10588073730469,1,0,0.6000000238418579,0,0,1,0,0,8,0,0,0,8,99,1,8.300000190734863,0.0,32.85165786743164,28.40812110900879,1.5,0,55,1.0,0.0,0.0,0,0,0
1780578726.5066988,0,0.3499999940395355,0,0,423,900,423158243,14,77,-0.0,-0.0,28.26647186279297,33.59387969970703,1,0,0.6000000238418579,0,0,1,0,0,8,0,0,0,8,99,1,8.300000190734863,0.0,33.01759338378906,28.40812110900879,1.5,0,55,0.0,0.0,0.0,0,0,0
1780578726.527251,0,0.3499999940395355,0,0,423,900,423158243,14,77,0.0,0.0,28.26647186279297,33.59387969970703,1,0,0.6000000238418579,0,0,1,0,0,8,0,0,0,8,99,1,8.300000190734863,0.0,33.18342971801758,28.40812110900879,1.5,0,55,0.0,0.0,0.0,0,0,0
1780578726.5470495,0,0.3499999940395355,0,0,423,900,423158243,14,77,0.0,0.0,28.26647186279297,33.59387969970703,1,0,0.6000000238418579,0,0,1,0,0,8,0,0,0,8,99,1,0.0,0.0,33.20450210571289,28.40812110900879,1.5,0,55,0.0,0.0,0.0,0,0,0
1780578726.5665438,0,0.3499999940395355,0,0,423,900,423158243,14,77,0.0,0.0,28.26647186279297,33.59387969970703,1,0,0.6000000238418579,0,0,1,0,0,8,0,0,0,8,99,1,0.0,0.0,33.20450210571289,28.40812110900879,1.5,0,55,-1.0,0.0,0.0,0,0,0
1780578726.5865738,0,0.3499999940395355,0,0,423,900,423158243,14,77,0.0,0.0,28.26647186279297,33.59387969970703,1,0,0.6000000238418579,0,0,1,0,0,8,0,0,0,8,99,1,0.0,0.0,33.20450210571289,28.40812110900879,1.5,0,55,-1.0,0.0,0.0,0,0,0
1780578726.6069753,0,0.3499999940395355,0,0,423,900,423158243,14,77,0.0,0.0,28.26647186279297,33.59387969970703,1,0,0.6000000238418579,0,0,1,0,0,8,0,0,0,8,99,1,0.0,0.0,33.20450210571289,28.40812110900879,1.5,0,55,-1.0,0.0,0.0,0,0,0
1780578726.626983,0,0.3499999940395355,0,0,423,900,423158243,14,77,0.0,0.0,28.26647186279297,33.59387969970703,1,0,0.6000000238418579,0,0,1,0,0,8,0,0,0,8,99,1,0.0,0.0,33.20450210571289,28.40812110900879,1.5,0,55,-1.0,0.0,0.0,0,0,0
1780578726.646517,0,0.3499999940395355,0,0,423,900,423158243,14,77,0.0,0.0,28.26647186279297,33.59387969970703,1,0,0.6000000238418579,0,0,1,0,0,8,0,0,0,8,99,1,0.0,0.0,33.20450210571289,28.40812110900879,1.5,0,55,-1.0,0.0,0.0,0,0,0
1780578726.6670253,0,0.3499999940395355,0,0,423,900,423158243,14,77,0.0,0.0,28.26647186279297,33.59387969970703,1,0,0.6000000238418579,0,0,0,0,0,8,0,0,0,8,99,1,-8.300000190734863,0.0,33.05913543701172,28.40812110900879,1.5,0,55,-1.0,0.0,0.0,0,0,0
1780578726.6872814,0,0.3499999940395355,0,0,423,900,423158243,14,77,0.0,0.0,28.26647186279297,33.59387969970703,1,0,0.6000000238418579,0,0,0,0,0,8,0,0,0,8,99,1,-8.300000190734863,0.0,32.89308547973633,28.408119201660156,1.5,0,55,-1.0,0.0,0.0,0,0,0
1780578726.7065647,0,0.3499999940395355,0,0,423,900,423158243,14,77,0.0,0.0,28.26647186279297,33.59387969970703,1,0,0.6000000238418579,0,0,0,0,0,8,0,0,0,8,99,1,-8.300000190734863,0.0,32.72724914550781,28.40812110900879,1.5,0,55,-1.0,0.0,0.0,0,0,0
1780578726.7268965,0,0.3499999940395355,0,0,423,900,423158243,14,77,0.0,0.0,28.26647186279297,33.59387969970703,1,0,0.6000000238418579,0,0,0,0,0,8,0,0,0,8,99,1,-8.300000190734863,0.0,32.56141662597656,28.40812110900879,1.5,0,55,-1.0,0.0,0.0,0,0,0
1780578726.746776,0,0.3499999940395355,0,0,423,900,423158243,14,77,0.0,0.0,28.26647186279297,33.59387969970703,1,0,0.6000000238418579,0,0,0,0,0,8,0,0,0,8,99,1,-8.300000190734863,0.0,32.39558029174805,28.40812110900879,1.5,0,55,-1.0,0.0,0.0,0,0,0
1780578726.7670343,0,0.3499999940395355,0,0,423,900,423158243,14,77,0.0,0.0,28.26647186279297,33.59387969970703,1,0,0.6000000238418579,0,0,0,0,0,8,0,0,0,8,99,1,-8.300000190734863,0.0,32.22936248779297,28.40812110900879,1.5,0,55,-1.0,0.0,0.0,0,0,0
1780578726.7865355,0,0.3499999940395355,0,0,423,900,423158243,14,77,0.0,0.0,28.26647186279297,33.59387969970703,1,0,0.6000000238418579,0,0,0,0,0,8,0,0,0,8,99,1,-8.300000190734863,0.0,32.06291580200195,28.408123016357422,1.5,0,55,0.0,0.0,0.0,0,0,0
1780578726.8070302,0,0.3499999940395355,0,0,423,900,423158243,14,77,0.0,0.0,28.26647186279297,33.59387969970703,1,0,0.6000000238418579,0,0,0,0,0,8,0,0,0,8,99,1,0.0,0.0,32.04249954223633,28.408119201660156,1.5,0,55,1.0,0.0,0.0,0,0,0
1780578726.8270092,0,0.3499999940395355,0,0,423,900,423158243,14,77,0.0,0.0,28.26647186279297,33.59387969970703,1,0,0.6000000238418579,0,0,0,0,0,8,0,0,0,8,99,1,0.0,0.0,32.04249954223633,28.40812110900879,1.5,0,55,1.0,-1.0,0.0,0,0,0
1780578726.8469336,0,0.3499999940395355,0,0,423,900,423158243,14,77,0.0,0.0,28.26647186279297,33.59387969970703,1,0,0.6000000238418579,0,0,1,0,0,8,0,0,0,8,99,1,8.300000190734863,0.0,32.187923431396484,28.40812110900879,1.5,0,55,1.0,0.0,0.0,0,0,0
1780578726.8668575,0,0.3499999940395355,0,0,423,900,423158243,14,77,0.0,0.0,28.26647186279297,33.59387969970703,1,0,0.6000000238418579,0,0,1,0,0,8,0,0,0,8,99,1,8.300000190734863,0.0,32.353759765625,28.40812110900879,1.5,0,55,1.0,0.0,0.0,0,0,0
1780578726.8870757,0,0.3499999940395355,0,0,423,900,423158243,14,77,0.0,0.0,28.26647186279297,33.59387969970703,1,0,0.6000000238418579,0,0,1,0,0,8,0,0,0,8,99,1,8.300000190734863,0.0,32.51978302001953,28.40812110900879,1.5,0,55,1.0,0.0,0.0,0,0,0
1780578726.9069917,0,0.3499999940395355,0,0,423,900,423158243,14,77,0.0,0.0,28.26647186279297,33.59387969970703,1,0,0.6000000238418579,0,0,1,0,0,8,0,0,0,8,99,1,8.300000190734863,0.0,32.68585205078125,28.408119201660156,1.5,0,55,1.0,0.0,0.0,0,0,0
1780578726.9265542,0,0.3499999940395355,0,0,423,900,423158243,14,77,0.0,0.0,28.26647186279297,33.59387969970703,1,0,0.6000000238418579,0,0,1,0,0,8,0,0,0,8,99,1,8.300000190734863,0.0,32.85231018066406,28.40812110900879,1.5,0,55,1.0,0.0,0.0,0,0,0
1780578726.9471278,0,0.3499999940395355,0,0,423,900,423158243,15,77,19.236562728881836,-23.02074432373047,28.26647186279297,33.59387969970703,1,0,0.6000000238418579,0,0,1,0,0,8,0,0,0,8,99,1,8.300000190734863,0.0,33.01814270019531,28.40812110900879,1.5,0,55,1.0,1.0,0.0,0,0,0
1780578726.9669306,0,0.3499999940395355,0,0,423,900,423158243,15,77,19.236562728881836,-23.02074432373047,28.651203155517578,33.13346481323242,1,0,0.6000000238418579,0,0,1,0,0,8,0,0,0,8,99,1,8.300000190734863,0.0,33.18397903442383,28.40812110900879,1.5,0,55,1.0,1.0,0.0,0,0,0
1780578726.9867826,0,0.3499999940395355,0,0,423,900,423158243,15,77,19.236562728881836,-23.02074432373047,29.035934448242188,32.67304992675781,1,0,0.6000000238418579,0,0,1,0,0,8,0,0,0,8,99,1,8.300000190734863,0.0,33.34981155395508,28.40812110900879,1.5,0,55,1.0,1.0,0.0,0,0,0
1780578727.006798,0,0.3499999940395355,0,0,423,900,423158243,15,77,19.236562728881836,-23.02074432373047,29.420665740966797,32.2126350402832,1,0,0.6000000238418579,0,0,1,0,0,8,0,0,0,8,99,1,8.300000190734863,0.0,33.515647888183594,28.40812110900879,1.5,0,55,1.0,1.0,0.0,0,0,0
1780578727.0268507,0,0.3499999940395355,0,0,423,900,423158243,15,77,19.236562728881836,-23.02074432373047,29.805397033691406,31.752220153808594,1,0,0.6000000238418579,0,0,1,0,0,8,0,0,0,8,99,1,8.300000190734863,0.0,33.681480407714844,28.40812110900879,1.5,0,55,1.0,1.0,0.0,0,0,0
1780578727.0469296,0,0.3499999940395355,0,0,423,900,423158243,15,77,19.236562728881836,-23.02074432373047,30.190128326416016,31.291805267333984,1,0,0.6000000238418579,0,0,1,0,0,8,0,0,0,8,99,1,8.300000190734863,0.0,33.847503662109375,28.40812110900879,1.5,0,55,1.0,1.0,0.0,0,0,0
1780578727.0671406,0,0.3499999940395355,0,0,423,900,423158243,15,77,19.236562728881836,-23.02074432373047,30.574859619140625,30.831390380859375,1,0,0.6000000238418579,0,0,1,0,0,8,0,0,0,8,99,1,8.300000190734863,0.0,34.01362228393555,28.40812110900879,1.5,0,55,1.0,1.0,0.0,0,0,0
1780578727.0869927,0,0.3499999940395355,0,0,423,900,423158243,15,77,19.236562728881836,-23.02074432373047,30.959590911865234,30.370975494384766,1,0,0.6000000238418579,0,0,1,0,0,8,0,0,0,8,99,1,8.300000190734863,0.0,34.17985534667969,28.40812110900879,1.5,0,55,1.0,1.0,0.0,0,0,0
1780578727.1068823,0,0.3499999940395355,0,0,423,900,423158243,15,77,19.236562728881836,-23.02074432373047,31.344322204589844,29.910560607910156,1,0,0.6000000238418579,0,0,1,0,0,8,0,0,0,8,99,1,8.300000190734863,0.0,34.34580612182617,28.40812110900879,1.5,0,55,1.0,1.0,0.0,0,0,0
1780578727.1268826,0,0.3499999940395355,0,0,423,900,423158243,15,77,19.236562728881836,-23.02074432373047,31.729053497314453,29.450145721435547,1,0,0.6000000238418579,0,0,1,0,0,8,0,0,0,8,99,1,8.300000190734863,0.0,34.51164245605469,28.408119201660156,1.5,0,55,1.0,1.0,0.0,0,0,0
1780578727.146691,0,0.3499999940395355,0,0,423,900,423158243,15,77,19.236562728881836,-23.02074432373047,32.11378479003906,28.989730834960938,1,0,0.6000000238418579,0,0,1,0,0,8,0,0,0,8,99,1,8.300000190734863,0.0,34.67747497558594,28.40812110900879,1.5,0,55,1.0,1.0,0.0,0,0,0
1780578727.1669106,0,0.3499999940395355,0,0,423,900,423158243,15,77,19.236562728881836,-23.02074432373047,32.49851608276367,28.529315948486328,1,0,0.6000000238418579,0,0,1,0,0,8,0,0,0,8,99,1,8.300000190734863,0.0,34.84330749511719,28.40812110900879,1.5,0,55,1.0,1.0,0.0,0,0,0
1780578727.1869533,0,0.3499999940395355,0,0,423,900,423158243,15,77,19.236562728881836,-23.02074432373047,32.88324737548828,28.06890106201172,1,0,0.6000000238418579,0,0,1,0,0,8,0,0,0,8,99,1,8.300000190734863,0.0,35.01013946533203,28.40812110900879,1.5,0,55,1.0,1.0,0.0,0,0,0
1780578727.2061687,0,0.3499999940395355,0,0,423,900,423158243,15,77,19.236562728881836,-23.02074432373047,33.26797866821289,27.60848617553711,1,0,0.6000000238418579,0,0,1,0,0,8,0,0,0,8,99,1,8.300000190734863,0.0,35.17597198486328,28.40812110900879,1.5,0,55,1.0,1.0,0.0,0,0,0
1780578727.2261987,0,0.3499999940395355,0,0,423,900,423158243,47,77,15.389250755310059,0.0,33.6527099609375,27.549999237060547,1,0,0.6000000238418579,0,0,1,0,0,8,0,0,0,8,99,1,8.300000190734863,0.0,35.3418083190918,28.40812110900879,1.5,0,55,1.0,1.0,0.0,0,0,0
1780578727.2469447,0,0.3499999940395355,0,0,423,900,423158243,47,77,12.311400413513184,0.0,33.8989372253418,28.295839309692383,1,0,0.6000000238418579,0,0,1,0,0,8,0,0,0,8,99,1,8.300000190734863,0.0,35.50764465332031,28.408123016357422,1.5,0,55,1.0,1.0,0.0,0,0,0
1780578727.2666621,0,0.3499999940395355,0,0,423,900,423158243,47,77,9.849120140075684,0.0,34.09592056274414,28.492136001586914,1,0,0.6000000238418579,0,0,1,0,0,8,0,0,0,8,99,1,8.300000190734863,0.0,35.67405319213867,28.40812110900879,1.5,0,55,1.0,1.0,0.0,0,0,0
1780578727.286727,0,0.3499999940395355,0,0,423,900,423158243,47,77,7.87929630279541,0.0,34.25350570678711,28.54359245300293,1,0,0.6000000238418579,0,0,1,0,0,8,0,0,0,8,99,1,8.300000190734863,0.0,35.83988952636719,28.40812110900879,1.5,0,55,1.0,1.0,0.0,0,0,0
1780578727.3068686,0,0.3499999940395355,0,0,423,900,423158243,47,77,6.303437232971191,0.0,34.379573822021484,28.55708122253418,1,0,0.6000000238418579,0,0,1,0,0,8,0,0,0,8,99,1,8.300000190734863,0.0,36.00572204589844,28.40812110900879,1.5,0,55,1.0,1.0,0.0,0,0,0
1780578727.3270118,0,0.3499999940395355,0,0,423,900,423158243,47,77,5.042749881744385,0.0,34.480430603027344,28.558807373046875,1,0,0.6000000238418579,0,0,1,0,0,8,0,0,0,8,99,1,8.300000190734863,0.0,36.171993255615234,28.408119201660156,1.5,0,55,1.0,1.0,0.0,0,0,0
1780578727.346207,0,0.3499999940395355,0,0,423,900,423158243,47,77,4.034200191497803,0.0,34.56111526489258,28.559911727905273,1,0,0.6000000238418579,0,0,1,0,0,8,0,0,0,8,99,1,8.300000190734863,0.0,36.337825775146484,28.40812110900879,1.5,0,55,1.0,1.0,0.0,0,0,0
1780578727.3665528,0,0.3499999940395355,0,0,423,900,423158243,47,77,3.227360248565674,0.0,34.62566375732422,28.560619354248047,1,0,0.6000000238418579,0,0,1,0,0,8,0,0,0,8,99,1,8.300000190734863,0.0,36.503658294677734,28.40812110900879,1.5,0,55,1.0,1.0,0.0,0,0,0
1780578727.386926,0,0.3499999940395355,0,0,423,900,423158243,47,77,2.581888198852539,0.0,34.677303314208984,28.561071395874023,1,0,0.6000000238418579,0,0,1,0,0,8,0,0,0,8,99,1,8.300000190734863,0.0,36.66978454589844,28.40812110900879,1.5,0,55,1.0,1.0,0.0,0,0,0
1780578727.406782,0,0.3499999940395355,0,0,423,900,423158243,47,77,2.0655105113983154,0.0,34.71861267089844,28.561359405517578,1,0,0.6000000238418579,0,0,1,0,0,8,0,0,0,8,99,1,8.300000190734863,0.0,36.83562088012695,28.40812110900879,1.5,0,55,1.0,1.0,0.0,0,0,0
1780578727.4263499,0,0.3499999940395355,0,0,423,900,423158243,47,77,1.652408480644226,0.0,34.75165939331055,28.56154441833496,1,0,0.6000000238418579,0,0,1,0,0,8,0,0,0,8,99,1,8.300000190734863,0.0,37.002220153808594,28.40812110900879,1.5,0,55,1.0,1.0,0.0,0,0,0
1780578727.4470282,0,0.3499999940395355,0,0,423,900,423158243,47,77,1.3219268321990967,0.0,34.778099060058594,28.561664581298828,1,0,0.6000000238418579,0,0,1,0,0,8,0,0,0,8,99,1,8.300000190734863,0.0,37.168052673339844,28.40812110900879,1.5,0,55,1.0,1.0,0.0,0,0,0
1780578727.4675405,0,0.3499999940395355,0,0,423,900,423158243,47,77,1.0575414896011353,0.0,34.799251556396484,28.56174087524414,1,0,0.6000000238418579,0,0,1,0,0,8,0,0,0,8,99,1,8.300000190734863,0.0,37.33388900756836,28.40812110900879,1.5,0,55,1.0,0.0,0.0,0,0,0
1780578727.486805,0,0.3499999940395355,0,0,423,900,423158243,47,77,0.8460332155227661,0.0,34.8161735534668,28.56178855895996,1,0,0.6000000238418579,0,0,1,0,0,8,0,0,0,8,99,1,8.300000190734863,0.0,37.50061798095703,28.408123016357422,1.5,0,55,0.0,0.0,0.0,0,0,0
1780578727.5063474,0,0.3499999940395355,0,0,423,900,423158243,47,77,0.6768265962600708,0.0,34.8297119140625,28.561819076538086,1,0,0.6000000238418579,0,0,1,0,0,8,0,0,0,8,99,1,0.0,0.0,37.520511627197266,28.40812110900879,1.5,0,55,0.0,0.0,0.0,0,0,0
1780578727.526507,0,0.3499999940395355,0,0,423,900,423158243,47,77,0.5414612889289856,0.0,34.84054183959961,28.561840057373047,1,0,0.6000000238418579,0,0,1,0,0,8,0,0,0,8,99,1,0.0,0.0,37.520511627197266,28.40812110900879,1.5,0,55,0.0,0.0,0.0,0,0,0
1780578727.5468955,0,0.3499999940395355,0,0,423,900,423158243,47,77,0.43316903710365295,0.0,34.849205017089844,28.561853408813477,1,0,0.6000000238418579,0,0,1,0,0,8,0,0,0,8,99,1,0.0,0.0,37.520511627197266,28.40812110900879,1.5,0,55,0.0,0.0,0.0,0,0,0
1780578727.5669782,0,0.3499999940395355,0,0,423,900,423158243,47,77,0.34653523564338684,0.0,34.856136322021484,28.561861038208008,1,0,0.6000000238418579,0,0,1,0,0,8,0,0,0,8,99,1,0.0,0.0,37.520511627197266,28.40812110900879,1.5,0,55,0.0,0.0,0.0,0,0,0
1780578727.5868888,0,0.3499999940395355,0,0,423,900,423158243,47,77,0.2772282063961029,0.0,34.86167907714844,28.561864852905273,1,0,0.6000000238418579,0,0,1,0,0,8,0,0,0,8,99,1,0.0,0.0,37.520511627197266,28.40812110900879,1.5,0,55,0.0,0.0,0.0,0,0,0
1780578727.6064653,0,0.3499999940395355,0,0,423,900,423158243,47,77,0.22178256511688232,0.0,34.86611557006836,28.56186866760254,1,0,0.6000000238418579,0,0,1,0,0,8,0,0,0,8,99,1,0.0,0.0,37.520511627197266,28.40812110900879,1.5,0,55,0.0,0.0,0.0,0,0,0
1780578727.6262772,0,0.3499999940395355,0,0,423,900,423158243,47,77,0.1774260550737381,0.0,34.86966323852539,28.561870574951172,1,0,0.6000000238418579,0,0,1,0,0,8,0,0,0,8,99,1,0.0,0.0,37.520511627197266,28.40812110900879,1.5,0,55,0.0,0.0,0.0,0,0,0
1780578727.6469407,0,0.3499999940395355,0,0,423,900,423158243,47,77,0.14194084703922272,0.0,34.872501373291016,28.561870574951172,1,0,0.6000000238418579,0,0,1,0,0,8,0,0,0,8,99,1,0.0,0.0,37.520511627197266,28.40812110900879,1.5,0,55,0.0,0.0,0.0,0,0,0
1780578727.6666486,0,0.3499999940395355,0,0,423,900,423158243,47,77,0.11355268210172653,0.0,34.87477111816406,28.561870574951172,1,0,0.6000000238418579,0,0,1,0,0,8,0,0,0,8,99,1,0.0,0.0,37.520511627197266,28.40812110900879,1.5,0,55,0.0,0.0,0.0,0,0,0
1780578727.6870296,0,0.3499999940395355,0,0,423,900,423158243,47,77,0.09084215015172958,0.0,34.8765869140625,28.561870574951172,1,0,0.6000000238418579,0,0,1,0,0,8,0,0,0,8,99,1,0.0,0.0,37.520511627197266,28.40812110900879,1.5,0,55,-1.0,0.0,0.0,0,0,0
1780578727.7065828,0,0.3499999940395355,0,0,423,900,423158243,47,77,0.0726737231016159,0.0,34.8780403137207,28.561870574951172,1,0,0.6000000238418579,0,0,1,0,0,8,0,0,0,8,99,1,0.0,0.0,37.520511627197266,28.40812110900879,1.5,0,55,-1.0,0.0,0.0,0,0,0
1780578727.72712,0,0.3499999940395355,0,0,423,900,423158243,51,77,0.0,0.0,34.87920379638672,28.561870574951172,1,0,0.6000000238418579,0,0,1,0,0,8,0,0,0,8,99,1,0.0,0.0,37.520511627197266,28.40812110900879,1.5,0,55,1.0,0.0,0.0,0,0,0
1780578727.747068,0,0.3499999940395355,0,0,423,900,423158243,51,77,0.0,0.0,34.87920379638672,28.561870574951172,1,0,0.6000000238418579,0,0,0,0,0,8,0,0,0,8,99,1,-8.300000190734863,0.0,37.37552261352539,28.40812110900879,1.5,0,55,0.0,0.0,0.0,0,0,0
1780578727.7664623,0,0.3499999940395355,0,0,423,900,423158243,51,77,0.0,0.0,34.87920379638672,28.561870574951172,1,0,0.6000000238418579,0,0,0,0,0,8,0,0,0,8,99,1,-8.300000190734863,0.0,37.20913314819336,28.40812110900879,1.5,0,55,0.0,0.0,0.0,0,0,0
1780578727.78649,0,0.3499999940395355,0,0,423,900,423158243,51,77,0.0,0.0,34.87920379638672,28.561870574951172,1,0,0.6000000238418579,0,0,0,0,0,8,0,0,0,8,99,1,0.0,0.0,37.18851089477539,28.40812110900879,1.5,0,55,0.0,0.0,0.0,0,0,0
1780578727.8070154,0,0.3499999940395355,0,0,423,900,423158243,51,77,0.0,0.0,34.87920379638672,28.561870574951172,1,0,0.6000000238418579,0,0,0,0,0,8,0,0,0,8,99,1,0.0,0.0,37.188507080078125,28.40812110900879,1.5,0,55,0.0,0.0,0.0,0,0,0
1780578727.8270762,0,0.3499999940395355,0,0,423,900,423158243,51,77,0.0,0.0,34.87920379638672,28.561870574951172,1,0,0.6000000238418579,0,0,0,0,0,8,0,0,0,8,99,1,0.0,0.0,37.18851089477539,28.408119201660156,1.5,0,55,0.0,0.0,0.0,0,0,0
1780578727.8465302,0,0.3499999940395355,0,0,423,900,423158243,51,77,0.0,0.0,34.87920379638672,28.561870574951172,1,0,0.6000000238418579,0,0,0,0,0,8,0,0,0,8,99,1,0.0,0.0,37.18851089477539,28.40812110900879,1.5,0,55,0.0,0.0,0.0,0,0,0
1780578727.8667402,0,0.3499999940395355,0,0,423,900,423158243,51,77,0.0,0.0,34.87920379638672,28.561870574951172,1,0,0.6000000238418579,0,0,0,0,0,8,0,0,0,8,99,1,0.0,0.0,37.18851089477539,28.40812110900879,1.5,0,55,0.0,0.0,0.0,0,0,0
1780578727.8867733,0,0.3499999940395355,0,0,423,900,423158243,51,77,0.0,0.0,34.87920379638672,28.561870574951172,1,0,0.6000000238418579,0,0,0,0,0,8,0,0,0,8,99,1,0.0,0.0,37.18851089477539,28.40812110900879,1.5,0,55,0.0,0.0,0.0,0,0,0
1780578727.9069295,0,0.3499999940395355,0,0,423,900,423158243,51,77,0.0,0.0,34.87920379638672,28.561870574951172,1,0,0.6000000238418579,0,0,0,0,0,8,0,0,0,8,99,1,0.0,0.0,37.18851089477539,28.40812110900879,1.5,0,55,0.0,0.0,0.0,0,0,0
1780578727.926699,0,0.3499999940395355,0,0,423,900,423158243,51,77,0.0,0.0,34.87920379638672,28.561870574951172,1,0,0.6000000238418579,0,0,0,0,0,8,0,0,0,8,99,1,0.0,0.0,37.18851089477539,28.40812110900879,1.5,0,55,0.0,0.0,0.0,0,0,1
1780578727.9472227,0,0.3499999940395355,1,0,423,900,423158243,51,77,0.0,0.0,34.87920379638672,28.561870574951172,0,0,0.6000000238418579,0,0,0,0,0,8,0,1,0,8,99,1,0.0,0.0,37.18851089477539,28.40812110900879,1.5,0,55,-1.0,0.0,0.0,0,0,1
1780578727.9669166,0,0.3499999940395355,1,0,423,900,423158243,52,77,-22.0,0.0,34.87920379638672,28.561870574951172,0,0,0.6000000238418579,0,0,0,0,0,8,0,1,0,8,99,1,0.0,0.0,37.188514709472656,28.40812110900879,1.5,0,55,-1.0,0.0,0.0,0,0,1
1780578727.9864776,0,0.3499999940395355,1,0,402,900,423158243,52,77,-22.0,0.0,34.439205169677734,28.561870574951172,0,0,0.6000000238418579,0,0,0,0,0,8,0,1,0,8,99,1,3.75,0.0,37.04234313964844,28.40812110900879,1.5,0,66,-1.0,0.0,0.0,0,0,1
1780578728.0070686,0,0.3499999940395355,1,0,402,900,423158243,52,77,-22.0,0.0,33.6992073059082,28.561870574951172,0,0,0.6000000238418579,0,0,0,0,0,8,0,1,0,8,99,1,3.75,0.0,37.088478088378906,28.40812110900879,1.5,0,66,-1.0,0.0,0.0,0,0,1
1780578728.0267825,0,0.3499999940395355,1,0,402,900,423158243,52,77,-22.0,0.0,32.95920944213867,28.561870574951172,0,0,0.6000000238418579,0,0,0,0,0,8,0,1,0,8,99,1,3.75,0.0,37.16340255737305,28.40812110900879,1.5,0,66,-1.0,0.0,0.0,0,0,1
1780578728.0470924,0,0.3499999940395355,1,0,402,900,423158243,52,77,-22.0,0.0,32.21921157836914,28.561870574951172,1,0,0.6000000238418579,0,0,0,0,0,8,0,1,0,8,99,1,3.75,0.0,37.23832702636719,28.40812110900879,1.5,0,66,-1.0,0.0,0.0,0,0,1
1780578728.0666888,0,0.3499999940395355,1,0,402,900,423158243,52,77,-22.0,0.0,31.479211807250977,28.561870574951172,1,0,0.6000000238418579,0,0,0,0,0,8,0,1,0,8,99,1,3.75,0.0,37.313255310058594,28.40812110900879,1.5,0,66,-1.0,0.0,0.0,0,0,1
1780578728.0873373,0,0.3499999940395355,1,0,402,900,423158243,52,77,-22.0,0.0,30.739212036132812,28.561870574951172,1,0,0.6000000238418579,0,0,0,0,0,8,0,1,0,8,99,1,3.75,0.0,37.388179779052734,28.40812110900879,1.5,0,66,-1.0,0.0,0.0,0,0,0
1780578728.106755,0,0.3499999940395355,1,0,402,900,423158243,52,77,-22.0,0.0,29.99921226501465,28.561870574951172,1,0,0.6000000238418579,0,0,0,0,0,8,0,1,0,8,99,1,3.75,0.0,37.46316146850586,28.40812110900879,1.5,0,66,-1.0,0.0,0.0,0,0,0
1780578728.1264172,0,0.3499999940395355,1,0,402,900,423158243,52,77,-22.0,0.0,29.259212493896484,28.561870574951172,1,0,0.6000000238418579,0,0,0,0,0,8,0,1,0,8,99,1,3.75,0.0,37.5380859375,28.408119201660156,1.5,0,66,-1.0,0.0,0.0,0,0,0
1780578728.1464455,0,0.3499999940395355,1,0,402,900,423158243,52,77,-22.0,0.0,28.51921272277832,28.561870574951172,1,0,0.6000000238418579,0,0,0,0,0,8,0,1,0,8,99,1,3.75,0.0,37.613014221191406,28.40812110900879,1.5,0,66,-1.0,0.0,0.0,0,0,0
1780578728.167105,0,0.3499999940395355,1,0,402,900,423158243,52,77,-22.0,0.0,28.079212188720703,28.561870574951172,1,0,0.6000000238418579,0,0,0,0,0,8,0,1,0,8,99,1,3.75,0.0,37.68793869018555,28.40812110900879,1.5,0,66,-1.0,0.0,0.0,0,0,0
1780578728.1869814,0,0.3499999940395355,1,0,402,900,423158243,52,77,-22.0,0.0,27.639211654663086,28.561870574951172,1,0,0.6000000238418579,0,0,0,0,0,8,0,1,0,8,99,1,-8.300000190734863,0.0,37.550811767578125,28.408119201660156,1.5,0,66,-1.0,0.0,0.0,0,0,0
1780578728.2068295,0,0.3499999940395355,1,0,402,900,423158243,52,77,-22.0,0.0,27.19921112060547,28.561870574951172,1,0,0.6000000238418579,0,0,0,0,0,8,0,1,0,8,99,1,-8.300000190734863,0.0,37.38497543334961,28.40812110900879,1.5,0,66,-1.0,0.0,0.0,0,0,0
1780578728.2266376,0,0.3499999940395355,1,0,402,900,423158243,56,77,0.0,0.0,26.75921058654785,28.561870574951172,1,0,0.6000000238418579,0,0,0,0,0,8,0,1,0,8,99,1,-8.300000190734863,0.0,37.219139099121094,28.40812110900879,1.5,0,66,-1.0,0.0,0.0,0,0,0
1780578728.246885,0,0.3499999940395355,1,0,402,900,423158243,56,77,0.0,0.0,26.75921058654785,28.561870574951172,1,0,0.6000000238418579,0,0,0,0,0,8,0,1,0,8,99,1,-8.300000190734863,0.0,37.053306579589844,28.40812110900879,1.5,0,66,-1.0,0.0,0.0,0,0,0
1780578728.2663295,0,0.3499999940395355,1,0,402,900,423158243,56,77,0.0,0.0,26.75921058654785,28.561870574951172,1,0,0.6000000238418579,0,0,0,0,0,8,0,1,0,8,99,1,-8.300000190734863,0.0,36.88747024536133,28.40812110900879,1.5,0,66,-1.0,0.0,0.0,0,0,0
1780578728.286486,0,0.3499999940395355,1,0,402,900,423158243,56,77,0.0,0.0,26.75921058654785,28.561870574951172,1,0,0.6000000238418579,0,0,0,0,0,8,0,1,0,8,99,1,-8.300000190734863,0.0,36.72163772583008,28.40812110900879,1.5,0,66,-1.0,0.0,0.0,0,0,0
1780578728.3065367,0,0.3499999940395355,0,0,402,900,423158243,56,77,0.0,0.0,26.75921058654785,28.561870574951172,1,0,0.6000000238418579,0,0,0,0,0,8,0,0,0,8,99,1,-8.300000190734863,0.0,36.55580139160156,28.40812110900879,1.5,0,66,-1.0,0.0,0.0,0,0,0
1780578728.326931,0,0.3499999940395355,0,0,402,900,423158243,56,77,0.0,0.0,26.75921058654785,28.561870574951172,1,0,0.6000000238418579,0,0,0,0,0,8,0,0,0,8,99,1,-8.300000190734863,0.0,36.389591217041016,28.40812110900879,1.5,0,66,-1.0,0.0,0.0,0,0,0
1780578728.3468258,0,0.3499999940395355,0,0,402,900,423158243,56,77,0.0,0.0,26.75921058654785,28.561870574951172,1,0,0.6000000238418579,0,0,0,0,0,8,0,0,0,8,99,1,-8.300000190734863,0.0,36.223758697509766,28.40812110900879,1.5,0,66,-1.0,0.0,0.0,0,0,0
1780578728.3668683,0,0.3499999940395355,0,0,402,900,423158243,56,77,0.0,0.0,26.75921058654785,28.561870574951172,1,0,0.6000000238418579,0,0,0,0,0,8,0,0,0,8,99,1,-8.300000190734863,0.0,36.05792236328125,28.408119201660156,1.5,0,66,-1.0,0.0,0.0,0,0,0
1780578728.3866813,0,0.3499999940395355,0,0,402,900,423158243,56,77,0.0,0.0,26.75921058654785,28.561870574951172,1,0,0.6000000238418579,0,0,0,0,0,8,0,0,0,8,99,1,-8.300000190734863,0.0,35.89208984375,28.40812110900879,1.5,0,66,-1.0,0.0,0.0,0,0,0
1780578728.4061642,0,0.3499999940395355,0,0,402,900,423158243,56,77,0.0,0.0,26.75921058654785,28.561870574951172,1,0,0.6000000238418579,0,0,0,0,0,8,0,0,0,8,99,1,-8.300000190734863,0.0,35.726253509521484,28.40812110900879,1.5,0,66,-1.0,0.0,0.0,0,0,0
1780578728.4261746,0,0.3499999940395355,0,0,402,900,423158243,56,77,0.0,0.0,26.75921058654785,28.561870574951172,1,0,0.6000000238418579,0,0,0,0,0,8,0,0,0,8,99,1,-8.300000190734863,0.0,35.56041717529297,28.40812110900879,1.5,0,66,-1.0,0.0,0.0,0,0,0
1780578728.4469662,0,0.3499999940395355,0,0,402,900,423158243,56,77,0.0,0.0,26.75921058654785,28.561870574951172,1,0,0.6000000238418579,0,0,0,0,0,8,0,0,0,8,99,1,-8.300000190734863,0.0,35.39458465576172,28.40812110900879,1.5,0,66,-1.0,0.0,0.0,0,0,0
1780578728.4668639,0,0.3499999940395355,0,0,402,900,423158243,69,77,0.0,0.0,26.75921058654785,28.561870574951172,1,0,0.6000000238418579,0,0,0,0,0,8,0,0,0,8,99,1,-8.300000190734863,0.0,35.22854995727539,28.40812110900879,1.5,0,66,-1.0,0.0,0.0,0,0,0
1780578728.4863555,0,0.3499999940395355,0,0,402,900,423158243,69,77,0.0,0.0,26.75921058654785,28.561870574951172,1,0,0.6000000238418579,0,0,0,0,0,8,0,0,0,8,99,1,-8.300000190734863,0.0,35.062320709228516,28.40812110900879,1.5,0,66,-1.0,0.0,0.0,0,0,0
1780578728.5067048,0,0.3499999940395355,0,0,402,900,423158243,69,77,0.0,0.0,26.75921058654785,28.561870574951172,1,0,0.6000000238418579,0,0,0,0,0,8,0,0,0,8,99,1,-8.300000190734863,0.0,34.896488189697266,28.40812110900879,1.5,0,66,-1.0,0.0,0.0,0,0,0
1780578728.5268464,0,0.3499999940395355,0,0,402,900,423158243,69,77,0.0,0.0,26.75921058654785,28.561870574951172,1,0,0.6000000238418579,0,0,0,0,0,8,0,0,0,8,99,1,-8.300000190734863,0.0,34.73055648803711,28.40812110900879,1.5,0,66,-1.0,0.0,0.0,0,0,0
1780578728.546454,0,0.3499999940395355,0,0,402,900,423158243,69,77,0.0,0.0,26.75921058654785,28.561870574951172,1,0,0.6000000238418579,0,0,0,0,0,8,0,0,0,8,99,1,-8.300000190734863,0.0,34.564720153808594,28.40812110900879,1.5,0,66,-1.0,0.0,0.0,0,0,0
1780578728.5665336,0,0.3499999940395355,0,0,402,900,423158243,69,77,0.0,0.0,26.75921058654785,28.561870574951172,1,0,0.6000000238418579,0,0,0,0,0,8,0,0,0,8,99,1,-8.300000190734863,0.0,34.398887634277344,28.40812110900879,1.5,0,66,-1.0,0.0,0.0,0,0,0
1780578728.5867915,0,0.3499999940395355,0,0,402,900,423158243,69,77,0.0,0.0,26.75921058654785,28.561870574951172,1,0,0.6000000238418579,0,0,0,0,0,8,0,0,0,8,99,1,-8.300000190734863,0.0,34.23272705078125,28.40812110900879,1.5,0,66,-1.0,0.0,0.0,0,0,0
1780578728.6069071,0,0.3499999940395355,0,0,402,900,423158243,69,77,0.0,0.0,26.75921058654785,28.561870574951172,1,0,0.6000000238418579,0,0,0,0,0,8,0,0,0,8,99,1,-8.300000190734863,0.0,34.06576919555664,28.40812110900879,1.5,0,66,-1.0,0.0,0.0,0,0,0
1780578728.6268847,0,0.3499999940395355,0,0,402,900,423158243,69,77,0.0,0.0,26.75921058654785,28.561870574951172,1,0,0.6000000238418579,0,0,0,0,0,8,0,0,0,8,99,1,-8.300000190734863,0.0,33.899932861328125,28.40812110900879,1.5,0,66,-1.0,0.0,0.0,0,0,0
1780578728.6470451,0,0.3499999940395355,0,0,402,900,423158243,69,77,0.0,0.0,26.75921058654785,28.561870574951172,1,0,0.6000000238418579,0,0,0,0,0,8,0,0,0,8,99,1,-8.300000190734863,0.0,33.734100341796875,28.40812110900879,1.5,0,66,-1.0,0.0,0.0,0,0,0
1780578728.6669624,0,0.3499999940395355,0,0,402,900,423158243,69,77,0.0,0.0,26.75921058654785,28.561870574951172,1,0,0.6000000238418579,0,0,0,0,0,8,0,0,0,8,99,1,-8.300000190734863,0.0,33.56826400756836,28.40812110900879,1.5,0,66,-1.0,0.0,0.0,0,0,0
1780578728.6862419,0,0.3499999940395355,0,0,402,900,423158243,69,77,0.0,0.0,26.75921058654785,28.561870574951172,1,0,0.6000000238418579,0,0,0,0,0,8,0,0,0,8,99,1,-8.300000190734863,0.0,33.40243148803711,28.40812110900879,1.5,0,66,-1.0,0.0,0.0,0,0,0
1780578728.7062325,0,0.3499999940395355,0,0,402,900,423158243,69,77,0.0,0.0,26.75921058654785,28.561870574951172,1,0,0.6000000238418579,0,0,0,0,0,8,0,0,0,8,99,1,-8.300000190734863,0.0,33.236595153808594,28.40812110900879,1.5,0,66,-1.0,0.0,0.0,0,0,0
1780578728.727303,0,0.3499999940395355,0,0,402,900,423158243,45,77,-8.0,0.0,26.75921058654785,28.561870574951172,1,0,0.6000000238418579,0,0,0,0,0,8,0,0,0,8,99,1,-8.300000190734863,0.0,33.070762634277344,28.40812110900879,1.5,0,66,-1.0,0.0,0.0,0,0,0
1780578728.7483685,0,0.3499999940395355,0,0,402,900,423158243,45,77,-8.0,0.0,26.599210739135742,28.561870574951172,1,0,0.6000000238418579,0,0,0,0,0,8,0,0,0,8,99,1,-8.300000190734863,0.0,32.896297454833984,28.40812110900879,1.5,0,66,-1.0,0.0,0.0,0,0,0
1780578728.7685397,0,0.3499999940395355,0,0,402,900,423158243,45,77,-8.0,0.0,26.439210891723633,28.561870574951172,1,0,0.6000000238418579,0,0,0,0,0,8,0,0,0,8,99,1,-8.300000190734863,0.0,32.730464935302734,28.40812110900879,1.5,0,66,-1.0,0.0,0.0,0,0,0
1780578728.788077,0,0.3499999940395355,0,0,402,900,423158243,45,77,-8.0,0.0,26.279211044311523,28.561870574951172,1,0,0.6000000238418579,0,0,0,0,0,8,0,0,0,8,99,1,-8.300000190734863,0.0,32.56462860107422,28.40812110900879,1.5,0,66,-1.0,0.0,0.0,0,0,0
1780578728.8077235,0,0.3499999940395355,0,0,402,900,423158243,45,77,-8.0,0.0,26.119211196899414,28.561870574951172,1,0,0.6000000238418579,0,0,0,0,0,8,0,0,0,8,99,1,-8.300000190734863,0.0,32.39879608154297,28.40812110900879,1.5,0,66,-1.0,0.0,0.0,0,0,0
1780578728.827237,0,0.3499999940395355,0,0,402,900,423158243,45,77,-8.0,0.0,25.959211349487305,28.561870574951172,1,0,0.6000000238418579,0,0,0,0,0,8,0,0,0,8,99,1,-8.300000190734863,0.0,32.23295974731445,28.40812110900879,1.5,0,66,-1.0,0.0,0.0,0,0,0
1780578728.8466647,0,0.3499999940395355,0,0,402,900,423158243,45,77,-8.0,0.0,25.799211502075195,28.561870574951172,1,0,0.6000000238418579,0,0,0,0,0,8,0,0,0,8,99,1,-8.300000190734863,0.0,32.06712341308594,28.40812110900879,1.5,0,66,-1.0,0.0,0.0,0,0,0
1780578728.8671455,0,0.3499999940395355,0,0,402,900,423158243,45,77,-8.0,0.0,25.639211654663086,28.561870574951172,1,0,0.6000000238418579,0,0,0,0,0,8,0,0,0,8,99,1,-8.300000190734863,0.0,31.901290893554688,28.40812110900879,1.5,0,66,-1.0,0.0,0.0,0,0,0
1780578728.8873148,0,0.3499999940395355,0,0,402,900,423158243,45,77,-8.0,0.0,25.479211807250977,28.561870574951172,1,0,0.6000000238418579,0,0,0,0,0,8,0,0,0,8,99,1,-8.300000190734863,0.0,31.735458374023438,28.40812110900879,1.5,0,66,-1.0,0.0,0.0,0,0,0
1780578728.9065,0,0.3499999940395355,0,0,402,900,423158243,45,77,-8.0,0.0,25.319211959838867,28.561870574951172,1,0,0.6000000238418579,0,0,0,0,0,8,0,0,0,8,99,1,-8.300000190734863,0.0,31.569622039794922,28.40812110900879,1.5,0,66,-1.0,0.0,0.0,0,0,0
1780578728.9268813,0,0.3499999940395355,0,0,402,900,423158243,45,77,-8.0,0.0,25.159212112426758,28.561870574951172,1,0,0.6000000238418579,0,0,0,0,0,8,0,0,0,8,99,1,-8.300000190734863,0.0,31.40378761291504,28.40812110900879,1.5,0,66,-1.0,0.0,0.0,0,0,0
1780578728.947141,0,0.3499999940395355,0,0,402,900,423158243,45,77,-8.0,0.0,24.99921226501465,28.561870574951172,1,0,0.6000000238418579,0,0,0,0,0,8,0,0,0,8,99,1,-8.300000190734863,0.0,31.237953186035156,28.40812110900879,1.5,0,66,-1.0,0.0,0.0,0,0,0
1780578728.967268,0,0.3499999940395355,0,0,402,900,423158243,45,77,-8.0,0.0,24.83921241760254,28.561870574951172,1,0,0.6000000238418579,0,0,0,0,0,8,0,0,0,8,99,1,-8.300000190734863,0.0,31.072118759155273,28.40812110900879,1.5,0,66,-1.0,0.0,0.0,0,0,0
1780578728.986806,0,0.3499999940395355,0,0,402,900,423158243,45,77,-8.0,0.0,24.67921257019043,28.561870574951172,1,0,0.6000000238418579,0,0,0,0,0,8,0,0,0,8,99,1,-8.300000190734863,0.0,30.90628433227539,28.40812110900879,1.5,0,66,-1.0,0.0,0.0,0,0,0
1780578729.0070899,0,0.3499999940395355,0,0,402,900,423158243,45,77,-8.0,0.0,24.51921272277832,28.561870574951172,1,0,0.6000000238418579,0,0,0,0,0,8,0,0,0,8,99,1,-8.300000190734863,0.0,30.74045181274414,28.40812110900879,1.5,0,66,-1.0,0.0,0.0,0,0,0
1780578729.026713,0,0.3499999940395355,0,0,402,900,423158243,45,77,-8.0,0.0,24.35921287536621,28.561870574951172,1,0,0.6000000238418579,0,0,0,0,0,8,0,0,0,8,99,1,-8.300000190734863,0.0,30.574615478515625,28.40812110900879,1.5,0,66,-1.0,0.0,0.0,0,0,0
1780578729.0462537,0,0.3499999940395355,0,0,402,900,423158243,45,77,-8.0,0.0,24.1992130279541,28.561870574951172,1,0,0.6000000238418579,0,0,0,0,0,8,0,0,0,8,99,1,-8.300000190734863,0.0,30.408781051635742,28.40812110900879,1.5,0,66,-1.0,0.0,0.0,0,0,0
1780578729.066706,0,0.3499999940395355,0,0,402,900,423158243,45,77,-8.0,0.0,24.039213180541992,28.561870574951172,1,0,0.6000000238418579,0,0,0,0,0,8,0,0,0,8,99,1,-8.300000190734863,0.0,30.24294662475586,28.40812110900879,1.5,0,66,-1.0,0.0,0.0,0,0,0
1780578729.0869236,0,0.3499999940395355,0,0,402,900,423158243,45,77,-8.0,0.0,23.879213333129883,28.561870574951172,1,0,0.6000000238418579,0,0,0,0,0,8,0,0,0,8,99,1,-8.300000190734863,0.0,30.077112197875977,28.40812110900879,1.5,0,66,-1.0,0.0,0.0,0,0,0
1780578729.1065912,0,0.3499999940395355,0,0,402,900,423158243,45,77,-8.0,0.0,23.719213485717773,28.561870574951172,1,0,0.6000000238418579,0,0,0,0,0,8,0,0,0,8,99,1,-8.300000190734863,0.0,29.911277770996094,28.40812110900879,1.5,0,66,-1.0,0.0,0.0,0,0,0
1780578729.126592,0,0.3499999940395355,0,0,402,900,423158243,45,77,-8.0,0.0,23.559213638305664,28.561870574951172,1,0,0.6000000238418579,0,0,0,0,0,8,0,0,0,8,99,1,-8.300000190734863,0.0,29.74544334411621,28.40812110900879,1.5,0,66,-1.0,0.0,0.0,0,0,0
1780578729.1467428,0,0.3499999940395355,0,0,402,900,423158243,45,77,-8.0,0.0,23.399213790893555,28.561870574951172,1,0,0.6000000238418579,0,0,0,0,0,8,0,0,0,8,99,1,-8.300000190734863,0.0,29.579608917236328,28.40812110900879,1.5,0,66,-1.0,0.0,0.0,0,0,0
1780578729.1665587,0,0.3499999940395355,0,0,402,900,423158243,7,77,0.0,0.0,23.239213943481445,28.561870574951172,1,0,0.6000000238418579,0,0,0,0,0,8,0,0,0,8,99,1,-8.300000190734863,0.0,29.413774490356445,28.40812110900879,1.5,0,66,-1.0,0.0,0.0,0,0,0
1780578729.1862285,0,0.3499999940395355,0,0,402,900,423158243,7,77,0.0,0.0,23.239213943481445,28.561870574951172,1,0,0.6000000238418579,0,0,0,0,0,8,0,0,0,8,99,1,-8.300000190734863,0.0,29.247940063476562,28.40812110900879,1.5,0,66,-1.0,0.0,0.0,0,0,0
1780578729.2066188,0,0.3499999940395355,0,0,402,900,423158243,7,77,0.0,0.0,23.239213943481445,28.561870574951172,1,0,0.6000000238418579,0,0,0,0,0,8,0,0,0,8,99,1,-8.300000190734863,0.0,29.082107543945312,28.40812110900879,1.5,0,66,-1.0,0.0,0.0,0,0,0
1780578729.2269092,0,0.3499999940395355,0,0,402,900,423158243,7,77,0.0,0.0,23.239213943481445,28.561870574951172,1,0,0.6000000238418579,0,0,0,0,0,8,0,0,0,8,99,1,-8.300000190734863,0.0,28.916271209716797,28.408123016357422,1.5,0,66,-1.0,0.0,0.0,0,0,0
1780578729.246446,0,0.3499999940395355,0,0,402,900,423158243,7,77,0.0,0.0,23.239213943481445,28.561870574951172,1,0,0.6000000238418579,0,0,0,0,0,8,0,0,0,8,99,1,-8.300000190734863,0.0,28.750436782836914,28.408119201660156,1.5,0,66,-1.0,0.0,0.0,0,0,0
1780578729.2663496,0,0.3499999940395355,0,0,402,900,423158243,7,77,0.0,0.0,23.239213943481445,28.561870574951172,1,0,0.6000000238418579,0,0,0,0,0,8,0,0,0,8,99,1,-8.300000190734863,0.0,28.58460235595703,28.40812110900879,1.5,0,66,-1.0,0.0,0.0,0,0,0
1780578729.2869854,0,0.3499999940395355,0,0,402,900,423158243,7,77,0.0,0.0,23.239213943481445,28.561870574951172,1,0,0.6000000238418579,0,0,0,0,0,8,0,0,0,8,99,1,-8.300000190734863,0.0,28.41876792907715,28.40812110900879,1.5,0,66,-1.0,0.0,0.0,0,0,0
1780578729.3067212,0,0.3499999940395355,0,0,402,900,423158243,7,77,0.0,0.0,23.239213943481445,28.561870574951172,1,0,0.6000000238418579,0,0,0,0,0,8,0,0,0,8,99,1,-8.300000190734863,0.0,28.252933502197266,28.40812110900879,1.5,0,66,-1.0,0.0,0.0,0,0,0
1780578729.3268456,0,0.3499999940395355,0,0,402,900,423158243,7,77,0.0,0.0,23.239213943481445,28.561870574951172,1,0,0.6000000238418579,0,0,0,0,0,8,0,0,0,8,99,1,-8.300000190734863,0.0,28.087099075317383,28.40812110900879,1.5,0,66,-1.0,0.0,0.0,0,0,0
1780578729.34705,0,0.3499999940395355,0,0,402,900,423158243,7,77,0.0,0.0,23.239213943481445,28.561870574951172,1,0,0.6000000238418579,0,0,0,0,0,8,0,0,0,8,99,1,-8.300000190734863,0.0,27.9212646484375,28.40812110900879,1.5,0,66,-1.0,0.0,0.0,0,0,0
1780578729.3664927,0,0.3499999940395355,0,0,402,900,423158243,7,77,0.0,0.0,23.239213943481445,28.561870574951172,1,0,0.6000000238418579,0,0,0,0,0,8,0,0,0,8,99,1,-8.300000190734863,0.0,27.755430221557617,28.40812110900879,1.5,0,66,-1.0,0.0,0.0,0,0,0
1780578729.3867881,0,0.3499999940395355,0,0,402,900,423158243,7,77,0.0,0.0,23.239213943481445,28.561870574951172,1,0,0.6000000238418579,0,0,0,0,0,8,0,0,0,8,99,1,-8.300000190734863,0.0,27.589595794677734,28.408119201660156,1.5,0,66,-1.0,0.0,0.0,0,0,0
1780578729.4066062,0,0.3499999940395355,0,0,402,900,423158243,7,77,0.0,0.0,23.239213943481445,28.561870574951172,1,0,0.6000000238418579,0,0,0,0,0,8,0,0,0,8,99,1,-8.300000190734863,0.0,27.42376136779785,28.40812110900879,1.5,0,66,-1.0,0.0,0.0,0,0,0
1780578729.4268832,0,0.3499999940395355,0,0,402,900,423158243,7,77,0.0,0.0,23.239213943481445,28.561870574951172,1,0,0.6000000238418579,0,0,0,0,0,8,0,0,0,8,99,1,-8.300000190734863,0.0,27.25792694091797,28.40812110900879,1.5,0,66,-1.0,0.0,0.0,0,0,0
1780578729.4477737,0,0.3499999940395355,0,0,402,900,423158243,7,77,0.0,0.0,23.239213943481445,28.561870574951172,1,0,0.6000000238418579,0,0,0,0,0,8,0,0,0,8,99,1,-8.300000190734863,0.0,27.09209442138672,28.40812110900879,1.5,0,66,-1.0,0.0,0.0,0,0,1
1780578729.4673183,0,0.3499999940395355,1,0,402,900,423158243,7,77,0.0,0.0,23.239213943481445,28.561870574951172,0,0,0.6000000238418579,0,0,0,0,0,8,0,1,0,8,99,1,-8.300000190734863,0.0,26.926258087158203,28.40812110900879,1.5,0,66,-1.0,0.0,0.0,0,0,1
1780578729.4868467,0,0.3499999940395355,1,0,402,900,423158243,9,77,-4.422780990600586,41.0,23.239213943481445,28.561870574951172,0,0,0.6000000238418579,0,0,0,0,0,8,0,1,0,8,99,1,-8.300000190734863,0.0,26.760425567626953,28.40812110900879,1.5,0,66,-1.0,0.0,0.0,0,0,1
1780578729.7968464,0,0.3499999940395355,1,0,381,900,423158243,59,77,-10.0,20.0,23.150758743286133,29.345870971679688,0,0,0.6000000238418579,0,0,0,0,0,8,0,1,0,8,99,1,3.75,0.0,26.586305618286133,28.40812110900879,1.5,0,77,-1.0,0.0,0.0,0,0,0
1780578729.846357,0,0.3499999940395355,1,0,381,900,423158243,59,77,-10.0,18.200000762939453,22.650758743286133,29.709871292114258,0,0,0.6000000238418579,0,0,0,0,0,8,0,1,0,8,99,1,3.75,0.0,26.64561653137207,28.40812110900879,1.5,0,77,-1.0,0.0,0.0,0,0,0
1780578729.8663332,0,0.3499999940395355,1,0,381,900,423158243,59,77,-10.0,16.400001525878906,22.150758743286133,30.037870407104492,0,0,0.6000000238418579,0,0,0,0,0,8,0,1,0,8,99,1,3.75,0.0,26.701805114746094,28.40812110900879,1.5,0,77,-1.0,0.0,0.0,0,0,0
1780578729.8866131,0,0.3499999940395355,1,0,381,900,423158243,59,77,-10.0,14.60000228881836,21.650758743286133,30.329870223999023,0,0,0.6000000238418579,0,0,0,0,0,8,0,1,0,8,99,1,3.75,0.0,26.773059844970703,28.40812110900879,1.5,0,77,-1.0,0.0,0.0,0,0,0
1780578729.9063709,0,0.3499999940395355,1,0,381,900,423158243,59,77,-10.0,12.800003051757812,21.150758743286133,30.58587074279785,1,0,0.6000000238418579,0,0,0,0,0,8,0,1,0,8,99,1,3.75,0.0,26.847986221313477,28.40812110900879,1.5,0,77,-1.0,0.0,0.0,0,0,0
1780578729.926795,0,0.3499999940395355,1,0,381,900,423158243,59,77,-10.0,11.000003814697266,20.650758743286133,30.805870056152344,1,0,0.6000000238418579,0,0,0,0,0,8,0,1,0,8,99,1,3.75,0.0,26.923046112060547,28.40812110900879,1.5,0,77,-1.0,0.0,0.0,0,0,0
1780578729.947039,0,0.3499999940395355,1,0,381,900,423158243,59,77,-10.0,9.200004577636719,20.150758743286133,30.989870071411133,1,0,0.6000000238418579,0,0,0,0,0,8,0,1,0,8,99,1,3.75,0.0,26.9981632232666,28.408119201660156,1.5,0,77,-1.0,0.0,0.0,0,0,0
1780578729.9667532,0,0.3499999940395355,1,0,381,900,423158243,59,77,-10.0,7.400005340576172,19.650758743286133,31.13787078857422,1,0,0.6000000238418579,0,0,0,0,0,8,0,1,0,8,99,1,3.75,0.0,27.073314666748047,28.40812110900879,1.5,0,77,-1.0,0.0,0.0,0,0,0
1780578729.9870603,0,0.3499999940395355,1,0,381,900,423158243,59,77,-10.0,5.600006103515625,19.150758743286133,31.24987030029297,1,0,0.6000000238418579,0,0,0,0,0,8,0,1,0,8,99,1,3.75,0.0,27.148239135742188,28.40812110900879,1.5,0,77,-1.0,0.0,0.0,0,0,0
1780578730.0077147,0,0.3499999940395355,1,0,381,900,423158243,59,77,-10.0,3.800006866455078,18.95075798034668,31.325870513916016,1,0,0.6000000238418579,0,0,0,0,0,8,0,1,0,8,99,1,3.75,0.0,27.223167419433594,28.40812110900879,1.5,0,77,-1.0,0.0,0.0,0,0,0
1780578730.026657,0,0.3499999940395355,1,0,381,900,423158243,59,77,-10.0,2.0000076293945312,18.750757217407227,31.36587142944336,1,0,0.6000000238418579,0,0,0,0,0,8,0,1,0,8,99,1,-8.300000190734863,0.0,27.1442813873291,28.40812110900879,1.5,0,77,-1.0,0.0,0.0,0,0,0
1780578730.0464675,0,0.3499999940395355,1,0,381,900,423158243,59,77,-10.0,0.20000839233398438,18.550756454467773,31.369871139526367,1,0,0.6000000238418579,0,0,0,0,0,8,0,1,0,8,99,1,-8.300000190734863,0.0,26.97844696044922,28.40812110900879,1.5,0,77,-1.0,0.0,0.0,0,0,0
1780578730.0670164,0,0.3499999940395355,1,0,381,900,423158243,59,77,-10.0,-1.5999908447265625,18.35075569152832,31.337871551513672,1,0,0.6000000238418579,0,0,0,0,0,8,0,1,0,8,99,1,-8.300000190734863,0.0,26.812610626220703,28.408119201660156,1.5,0,77,-1.0,0.0,0.0,0,0,0
1780578730.0870452,0,0.3499999940395355,1,0,381,900,423158243,59,77,-10.0,-3.3999900817871094,18.150754928588867,31.269872665405273,1,0,0.6000000238418579,0,0,0,0,0,8,0,1,0,8,99,1,-8.300000190734863,0.0,26.646778106689453,28.40812110900879,1.5,0,77,-1.0,0.0,0.0,0,0,0
1780578730.1066942,0,0.3499999940395355,1,0,381,900,423158243,59,77,-10.0,-5.199989318847656,17.950754165649414,31.16587257385254,1,0,0.6000000238418579,0,0,0,0,0,8,0,1,0,8,99,1,-8.300000190734863,0.0,26.480815887451172,28.408119201660156,1.5,0,77,-1.0,0.0,0.0,0,0,0
1780578730.126604,0,0.3499999940395355,1,0,381,900,423158243,59,77,-10.0,-6.999988555908203,17.75075340270996,31.0258731842041,1,0,0.6000000238418579,0,0,0,0,0,8,0,1,0,8,99,1,-8.300000190734863,0.0,26.314979553222656,28.40812110900879,1.5,0,77,-1.0,0.0,0.0,0,0,0
1780578730.147096,0,0.3499999940395355,0,0,381,900,423158243,59,77,-10.0,-8.79998779296875,17.550752639770508,30.849872589111328,1,0,0.6000000238418579,0,0,0,0,0,8,0,0,0,8,99,1,-8.300000190734863,0.0,26.148576736450195,28.408119201660156,1.5,0,77,-1.0,0.0,0.0,0,0,0
1780578730.1663277,0,0.3499999940395355,0,0,381,900,423158243,59,77,-10.0,-10.599987030029297,17.350751876831055,30.63787269592285,1,0,0.6000000238418579,0,0,0,0,0,8,0,0,0,8,99,1,-8.300000190734863,0.0,25.982742309570312,28.408123016357422,1.5,0,77,-1.0,0.0,0.0,0,0,0
1780578730.1871104,0,0.3499999940395355,0,0,381,900,423158243,59,77,-10.0,-12.399986267089844,17.1507511138916,30.389873504638672,1,0,0.6000000238418579,0,0,0,0,0,8,0,0,0,8,99,1,-8.300000190734863,0.0,25.816909790039062,28.40812110900879,1.5,0,77,-1.0,0.0,0.0,0,0,0
1780578730.2068744,0,0.3499999940395355,0,0,381,900,423158243,59,77,-10.0,-14.19998550415039,16.95075035095215,30.105873107910156,1,0,0.6000000238418579,0,0,0,0,0,8,0,0,0,8,99,1,-8.300000190734863,0.0,25.65083885192871,28.40812110900879,1.5,0,77,-1.0,0.0,0.0,0,0,0
1780578730.2269614,0,0.3499999940395355,0,0,381,900,423158243,59,77,-10.0,-15.999984741210938,16.750749588012695,29.785873413085938,1,0,0.6000000238418579,0,0,0,0,0,8,0,0,0,8,99,1,-8.300000190734863,0.0,25.484718322753906,28.408119201660156,1.5,0,77,-1.0,0.0,0.0,0,0,0
1780578730.2468174,0,0.3499999940395355,0,0,381,900,423158243,59,77,-10.0,-17.799983978271484,16.550748825073242,29.429874420166016,1,0,0.6000000238418579,0,0,0,0,0,8,0,0,0,8,99,1,-8.300000190734863,0.0,25.3187255859375,28.408119201660156,1.5,0,77,-1.0,0.0,0.0,0,0,0
1780578730.2668715,0,0.3499999940395355,0,0,381,900,423158243,59,77,-10.0,-19.59998321533203,16.35074806213379,29.037874221801758,1,0,0.6000000238418579,0,0,0,0,0,8,0,0,0,8,99,1,-8.300000190734863,0.0,25.15289306640625,28.408123016357422,1.5,0,77,-1.0,0.0,0.0,0,0,0
1780578730.2869117,0,0.3499999940395355,0,0,381,900,423158243,59,77,-10.0,-21.399982452392578,16.150747299194336,28.609874725341797,1,0,0.6000000238418579,0,0,0,0,0,8,0,0,0,8,99,1,-8.300000190734863,0.0,24.98676872253418,28.408119201660156,1.5,0,77,-1.0,0.0,0.0,0,0,0
1780578730.3064866,0,0.3499999940395355,0,0,381,900,423158243,60,77,0.0,0.0,15.9507474899292,28.56183624267578,1,0,0.6000000238418579,0,0,0,0,0,8,0,0,0,8,99,1,-8.300000190734863,0.0,24.820186614990234,28.408119201660156,1.5,0,77,-1.0,0.0,0.0,0,0,0
1780578730.3269453,0,0.3499999940395355,0,0,381,900,423158243,60,77,0.0,0.0,15.9507474899292,28.56184959411621,1,0,0.6000000238418579,0,0,0,0,0,8,0,0,0,8,99,1,-8.300000190734863,0.0,24.65435218811035,28.408119201660156,1.5,0,77,-1.0,0.0,0.0,0,0,0
1780578730.347031,0,0.3499999940395355,0,0,381,900,423158243,60,77,0.0,0.0,15.9507474899292,28.561859130859375,1,0,0.6000000238418579,0,0,0,0,0,8,0,0,0,8,99,1,-8.300000190734863,0.0,24.48851776123047,28.408119201660156,1.5,0,77,0.0,0.0,0.0,0,0,0
1780578730.3670378,0,0.3499999940395355,0,0,381,900,423158243,60,77,0.0,0.0,15.9507474899292,28.561864852905273,1,0,0.6000000238418579,0,0,0,0,0,8,0,0,0,8,99,1,-8.300000190734863,0.0,24.322683334350586,28.408119201660156,1.5,0,77,0.0,0.0,0.0,0,0,0
1780578730.3868022,0,0.3499999940395355,0,0,381,900,423158243,60,77,0.0,0.0,15.9507474899292,28.56186866760254,1,0,0.6000000238418579,0,0,0,0,0,8,0,0,0,8,99,1,0.0,0.0,24.262493133544922,28.408123016357422,1.5,0,77,0.0,0.0,0.0,0,0,0
1780578730.4066193,0,0.3499999940395355,0,0,381,900,423158243,60,77,0.0,0.0,15.9507474899292,28.561870574951172,1,0,0.6000000238418579,0,0,0,0,0,8,0,0,0,8,99,1,0.0,0.0,24.262493133544922,28.408119201660156,1.5,0,77,0.0,0.0,0.0,0,0,0
1780578730.4269676,0,0.3499999940395355,0,0,381,900,423158243,60,77,0.0,0.0,15.9507474899292,28.561870574951172,1,0,0.6000000238418579,0,0,0,0,0,8,0,0,0,8,99,1,0.0,0.0,24.262493133544922,28.408119201660156,1.5,0,77,0.0,0.0,0.0,0,0,0
1780578730.4472022,0,0.3499999940395355,0,0,381,900,423158243,60,77,0.0,0.0,15.9507474899292,28.561870574951172,1,0,0.6000000238418579,0,0,0,0,0,8,0,0,0,8,99,1,0.0,0.0,24.262493133544922,28.40812110900879,1.5,0,77,0.0,0.0,0.0,0,0,0
1780578730.4671204,0,0.3499999940395355,0,0,381,900,423158243,60,77,0.0,0.0,15.9507474899292,28.561870574951172,1,0,0.6000000238418579,0,0,0,0,0,8,0,0,0,8,99,1,0.0,0.0,24.262493133544922,28.40812110900879,1.5,0,77,0.0,0.0,0.0,0,0,0
1780578730.4871316,0,0.3499999940395355,0,0,381,900,423158243,60,77,0.0,0.0,15.9507474899292,28.561870574951172,1,0,0.6000000238418579,0,0,0,0,0,8,0,0,0,8,99,1,0.0,0.0,24.262493133544922,28.40812110900879,1.5,0,77,0.0,0.0,0.0,0,0,0
1780578730.5068684,0,0.3499999940395355,0,0,381,900,423158243,60,77,0.0,0.0,15.9507474899292,28.561870574951172,1,0,0.6000000238418579,0,0,0,0,0,8,0,0,0,8,99,1,0.0,0.0,24.262493133544922,28.40812110900879,1.5,0,77,0.0,0.0,0.0,0,0,0
1780578730.5273833,0,0.3499999940395355,0,0,381,900,423158243,60,77,0.0,0.0,15.9507474899292,28.561870574951172,1,0,0.6000000238418579,0,0,0,0,0,8,0,0,0,8,99,1,0.0,0.0,24.262493133544922,28.40812110900879,1.5,0,77,-1.0,0.0,0.0,0,0,0
1780578730.546834,0,0.3499999940395355,0,0,381,900,423158243,60,77,0.0,0.0,15.9507474899292,28.561870574951172,1,0,0.6000000238418579,0,0,0,0,0,8,0,0,0,8,99,1,0.0,0.0,24.262493133544922,28.40812110900879,1.5,0,77,-1.0,0.0,0.0,0,0,0
1780578730.566874,0,0.3499999940395355,0,0,381,900,423158243,60,77,0.0,0.0,15.9507474899292,28.561870574951172,1,0,0.6000000238418579,0,0,0,0,0,8,0,0,0,8,99,1,0.0,0.0,24.262493133544922,28.40812110900879,1.5,0,77,-1.0,0.0,0.0,0,0,0
1780578730.5866756,0,0.3499999940395355,0,0,381,900,423158243,60,77,0.0,0.0,15.9507474899292,28.561870574951172,1,0,0.6000000238418579,0,0,0,0,0,8,0,0,0,8,99,1,-8.300000190734863,0.0,24.156496047973633,28.408119201660156,1.5,0,77,-1.0,0.0,0.0,0,0,0
1780578730.6068852,0,0.3499999940395355,0,0,381,900,423158243,60,77,0.0,0.0,15.9507474899292,28.561870574951172,1,0,0.6000000238418579,0,0,0,0,0,8,0,0,0,8,99,1,-8.300000190734863,0.0,23.99066162109375,28.40812110900879,1.5,0,77,-1.0,0.0,0.0,0,0,0
1780578730.6269479,0,0.3499999940395355,0,0,381,900,423158243,60,77,0.0,0.0,15.9507474899292,28.561870574951172,1,0,0.6000000238418579,0,0,0,0,0,8,0,0,0,8,99,1,-8.300000190734863,0.0,23.8248291015625,28.408119201660156,1.5,0,77,-1.0,0.0,0.0,0,0,0
1780578730.6463742,0,0.3499999940395355,0,0,381,900,423158243,60,77,0.0,0.0,15.9507474899292,28.561870574951172,1,0,0.6000000238418579,0,0,0,0,0,8,0,0,0,8,99,1,-8.300000190734863,0.0,23.65868377685547,28.408119201660156,1.5,0,77,-1.0,0.0,0.0,0,0,0
1780578730.6669078,0,0.3499999940395355,0,0,381,900,423158243,60,77,0.0,0.0,15.9507474899292,28.561870574951172,1,0,0.6000000238418579,0,0,0,0,0,8,0,0,0,8,99,1,-8.300000190734863,0.0,23.492849349975586,28.408123016357422,1.5,0,77,-1.0,0.0,0.0,0,0,0
1780578730.687265,0,0.3499999940395355,0,0,381,900,423158243,60,77,0.0,0.0,15.9507474899292,28.561870574951172,1,0,0.6000000238418579,0,0,0,0,0,8,0,0,0,8,99,1,-8.300000190734863,0.0,23.327014923095703,28.408123016357422,1.5,0,77,-1.0,0.0,0.0,0,0,0
1780578730.7068424,0,0.3499999940395355,0,0,381,900,423158243,60,77,0.0,0.0,15.9507474899292,28.561870574951172,1,0,0.6000000238418579,0,0,0,0,0,8,0,0,0,8,99,1,-8.300000190734863,0.0,23.15917205810547,28.408119201660156,1.5,0,77,-1.0,0.0,0.0,0,0,0
1780578730.7265654,0,0.3499999940395355,0,0,381,900,423158243,60,77,0.0,0.0,15.9507474899292,28.561870574951172,1,0,0.6000000238418579,0,0,0,0,0,8,0,0,0,8,99,1,-8.300000190734863,0.0,22.99333953857422,28.408119201660156,1.5,0,77,-1.0,0.0,0.0,0,0,0
1780578730.7466018,0,0.3499999940395355,0,0,381,900,423158243,60,77,0.0,0.0,15.9507474899292,28.561870574951172,1,0,0.6000000238418579,0,0,0,0,0,8,0,0,0,8,99,1,-8.300000190734863,0.0,22.827503204345703,28.408123016357422,1.5,0,77,-1.0,0.0,0.0,0,0,0
1780578730.7668939,0,0.3499999940395355,0,0,381,900,423158243,60,77,0.0,0.0,15.9507474899292,28.561870574951172,1,0,0.6000000238418579,0,0,0,0,0,8,0,0,0,8,99,1,-8.300000190734863,0.0,22.66166877746582,28.40812110900879,1.5,0,77,-1.0,0.0,0.0,0,0,0
1780578730.7864258,0,0.3499999940395355,0,0,381,900,423158243,60,77,0.0,0.0,15.9507474899292,28.561870574951172,1,0,0.6000000238418579,0,0,0,0,0,8,0,0,0,8,99,1,-8.300000190734863,0.0,22.495834350585938,28.408123016357422,1.5,0,77,-1.0,0.0,0.0,0,0,0
1780578730.8068244,0,0.3499999940395355,0,0,381,900,423158243,60,77,0.0,0.0,15.9507474899292,28.561870574951172,1,0,0.6000000238418579,0,0,0,0,0,8,0,0,0,8,99,1,-8.300000190734863,0.0,22.329999923706055,28.40812110900879,1.5,0,77,-1.0,0.0,0.0,0,0,0
1780578730.8266795,0,0.3499999940395355,0,0,381,900,423158243,60,77,0.0,0.0,15.9507474899292,28.561870574951172,1,0,0.6000000238418579,0,0,0,0,0,8,0,0,0,8,99,1,-8.300000190734863,0.0,22.164165496826172,28.40812110900879,1.5,0,77,-1.0,0.0,0.0,0,0,0
1780578730.8470569,0,0.3499999940395355,0,0,381,900,423158243,60,77,0.0,0.0,15.9507474899292,28.561870574951172,1,0,0.6000000238418579,0,0,0,0,0,8,0,0,0,8,99,1,-8.300000190734863,0.0,21.99833106994629,28.40812110900879,1.5,0,77,-1.0,0.0,0.0,0,0,0
1780578730.8666773,0,0.3499999940395355,0,0,381,900,423158243,60,77,0.0,0.0,15.9507474899292,28.561870574951172,1,0,0.6000000238418579,0,0,0,0,0,8,0,0,0,8,99,1,-8.300000190734863,0.0,21.832496643066406,28.408119201660156,1.5,0,77,-1.0,0.0,0.0,0,0,0
1780578730.886682,0,0.3499999940395355,0,0,381,900,423158243,60,77,0.0,0.0,15.9507474899292,28.561870574951172,1,0,0.6000000238418579,0,0,0,0,0,8,0,0,0,8,99,1,-8.300000190734863,0.0,21.666662216186523,28.40812110900879,1.5,0,77,-1.0,0.0,0.0,0,0,0
1780578730.9069078,0,0.3499999940395355,0,0,381,900,423158243,60,77,0.0,0.0,15.9507474899292,28.561870574951172,1,0,0.6000000238418579,0,0,0,0,0,8,0,0,0,8,99,1,-8.300000190734863,0.0,21.50082778930664,28.408119201660156,1.5,0,77,-1.0,0.0,0.0,0,0,0
1780578730.9260645,0,0.3499999940395355,0,0,381,900,423158243,60,77,0.0,0.0,15.9507474899292,28.561870574951172,1,0,0.6000000238418579,0,0,0,0,0,8,0,0,0,8,99,1,-8.300000190734863,0.0,21.334993362426758,28.408119201660156,1.5,0,77,-1.0,0.0,0.0,0,0,0
1780578730.9465258,0,0.3499999940395355,0,0,381,900,423158243,60,77,0.0,0.0,15.9507474899292,28.561870574951172,1,0,0.6000000238418579,0,0,0,0,0,8,0,0,0,8,99,1,-8.300000190734863,0.0,21.169158935546875,28.408123016357422,1.5,0,77,-1.0,0.0,0.0,0,0,0
1780578730.967056,0,0.3499999940395355,0,0,381,900,423158243,60,77,0.0,0.0,15.9507474899292,28.561870574951172,1,0,0.6000000238418579,0,0,0,0,0,8,0,0,0,8,99,1,-8.300000190734863,0.0,21.003324508666992,28.40812110900879,1.5,0,77,-1.0,0.0,0.0,0,0,0
1780578730.9862628,0,0.3499999940395355,0,0,381,900,423158243,60,77,0.0,0.0,15.9507474899292,28.561870574951172,1,0,0.6000000238418579,0,0,0,0,0,8,0,0,0,8,99,1,-8.300000190734863,0.0,20.836862564086914,28.40812110900879,1.5,0,77,-1.0,0.0,0.0,0,0,0
1780578731.0062935,0,0.3499999940395355,0,0,381,900,423158243,60,77,0.0,0.0,15.9507474899292,28.561870574951172,1,0,0.6000000238418579,0,0,0,0,0,8,0,0,0,8,99,1,-8.300000190734863,0.0,20.67102813720703,28.40812110900879,1.5,0,77,-1.0,0.0,0.0,0,0,0
1780578731.0268776,0,0.3499999940395355,0,0,381,900,423158243,60,77,0.0,0.0,15.9507474899292,28.561870574951172,1,0,0.6000000238418579,0,0,0,0,0,8,0,0,0,8,99,1,-8.300000190734863,0.0,20.50519371032715,28.40812110900879,1.5,0,77,-1.0,0.0,0.0,0,0,0
1780578731.0468216,0,0.3499999940395355,0,0,381,900,423158243,60,77,0.0,0.0,15.9507474899292,28.561870574951172,1,0,0.6000000238418579,0,0,0,0,0,8,0,0,0,8,99,1,-8.300000190734863,0.0,20.339189529418945,28.40812110900879,1.5,0,77,-1.0,0.0,0.0,0,0,0
1780578731.06659,0,0.3499999940395355,0,0,381,900,423158243,60,77,0.0,0.0,15.9507474899292,28.561870574951172,1,0,0.6000000238418579,0,0,0,0,0,8,0,0,0,8,99,1,-8.300000190734863,0.0,20.17189598083496,28.40812110900879,1.5,0,77,-1.0,0.0,0.0,1,0,0
1780578731.0872293,0,0.3499999940395355,0,0,381,900,423158243,60,77,0.0,0.0,15.9507474899292,28.561870574951172,1,0,0.6000000238418579,0,0,0,0,0,8,0,0,1,8,99,1,-8.300000190734863,0.0,20.006061553955078,28.40812110900879,1.5,0,77,-1.0,0.0,0.0,1,0,0
1780578731.1068301,0,0.3499999940395355,0,0,381,900,423158243,60,77,0.0,0.0,15.9507474899292,28.561870574951172,1,0,0.6000000238418579,0,0,0,0,0,8,0,0,1,8,99,0,-8.300000190734863,15.70199966430664,19.840227127075195,28.6091365814209,1.5,0,77,-1.0,-1.0,0.0,1,0,0
1780578731.1264343,0,0.3499999940395355,0,0,381,900,423158243,60,77,0.0,0.0,15.9507474899292,28.561870574951172,1,0,0.6000000238418579,0,0,0,0,0,8,0,0,1,8,99,0,-8.300000190734863,15.70199966430664,19.674392700195312,28.922861099243164,1.5,0,77,-1.0,-1.0,0.0,1,0,0
1780578731.1469276,0,0.3499999940395355,0,0,381,900,423158243,60,77,0.0,0.0,15.9507474899292,28.561870574951172,1,0,0.6000000238418579,0,0,0,0,0,8,0,0,1,8,99,0,-8.300000190734863,15.70199966430664,19.50855827331543,29.236587524414062,1.5,0,77,-1.0,-1.0,0.0,1,0,0
1780578731.167108,0,0.3499999940395355,0,0,381,900,423158243,60,77,0.0,0.0,15.9507474899292,28.561870574951172,1,0,0.6000000238418579,0,0,0,0,0,8,0,0,1,8,99,0,-8.300000190734863,15.70199966430664,19.342723846435547,29.550312042236328,1.5,0,77,-1.0,-1.0,0.0,1,0,0
1780578731.1870003,0,0.3499999940395355,0,0,381,900,423158243,60,77,0.0,0.0,15.9507474899292,28.561870574951172,1,0,0.6000000238418579,0,0,0,0,0,8,0,0,1,8,99,0,-8.300000190734863,15.70199966430664,19.175827026367188,29.866046905517578,1.5,0,77,-1.0,-1.0,0.0,1,0,0
1780578731.2067578,0,0.3499999940395355,0,0,381,900,423158243,60,77,0.0,0.0,15.9507474899292,28.561870574951172,1,0,0.6000000238418579,0,0,0,0,0,8,0,0,1,8,99,0,-8.300000190734863,15.70199966430664,19.009994506835938,30.179771423339844,1.5,0,77,-1.0,-1.0,0.0,1,0,0
1780578731.2268531,0,0.3499999940395355,0,0,381,900,423158243,60,77,0.0,0.0,15.9507474899292,28.561870574951172,1,0,0.6000000238418579,0,0,0,0,0,8,0,0,1,8,99,0,-8.300000190734863,15.70199966430664,18.844158172607422,30.493497848510742,1.5,0,77,0.0,-1.0,0.0,1,0,0
1780578731.2471561,0,0.3499999940395355,0,0,381,900,423158243,60,77,0.0,0.0,15.9507474899292,28.561870574951172,1,0,0.6000000238418579,0,0,0,0,0,8,0,0,1,8,99,0,0.0,15.70199966430664,18.784481048583984,30.807222366333008,1.5,0,77,0.0,-1.0,0.0,1,0,0
1780578731.2665644,0,0.3499999940395355,0,0,381,900,423158243,60,77,0.0,0.0,15.9507474899292,28.561870574951172,1,0,0.6000000238418579,0,0,0,0,0,8,0,0,1,8,99,0,0.0,15.70199966430664,18.784481048583984,31.120946884155273,1.5,0,77,0.0,-1.0,0.0,1,0,0
1780578731.2869692,0,0.3499999940395355,0,0,381,900,423158243,60,77,0.0,0.0,15.9507474899292,28.561870574951172,1,0,0.6000000238418579,0,0,0,0,0,8,0,0,1,8,99,0,0.0,15.70199966430664,18.784481048583984,31.434673309326172,1.5,0,77,0.0,-1.0,0.0,1,0,0
1780578731.3069756,0,0.3499999940395355,0,0,381,900,423158243,60,77,0.0,0.0,15.9507474899292,28.561870574951172,1,0,0.6000000238418579,0,0,0,0,0,8,0,0,0,8,99,0,0.0,14.753999710083008,18.784481048583984,31.736331939697266,1.5,0,77,0.0,-1.0,0.0,0,0,0
1780578731.327,0,0.3499999940395355,0,0,381,900,423158243,60,77,0.0,0.0,15.9507474899292,28.561870574951172,1,0,0.6000000238418579,0,0,0,0,0,8,0,0,0,8,99,0,0.0,0.0,18.784481048583984,32.01940155029297,1.5,0,77,0.0,-1.0,0.0,0,0,0
1780578731.3468008,0,0.3499999940395355,0,0,381,900,423158243,60,77,0.0,0.0,15.9507474899292,28.561870574951172,1,0,0.6000000238418579,0,0,0,1,0,8,0,0,0,8,99,0,0.0,-0.9479996562004089,18.784481048583984,32.10765838623047,1.5,0,77,0.0,-1.0,0.0,0,0,0
1780578731.3668451,0,0.3499999940395355,0,0,381,900,423158243,60,77,0.0,0.0,15.9507474899292,28.561870574951172,1,0,0.6000000238418579,0,0,0,1,0,8,0,0,0,8,99,0,0.0,-1.8959993124008179,18.784481048583984,32.07658767700195,1.5,0,77,0.0,-1.0,0.0,0,1,0
1780578731.3869252,0,0.3499999940395355,0,0,381,900,423158243,60,77,0.0,0.0,15.9507474899292,28.561870574951172,1,0,0.6000000238418579,0,0,0,1,0,8,0,0,0,8,99,0,0.0,-2.843998908996582,18.784481048583984,32.026466369628906,1.5,0,77,0.0,-1.0,0.0,0,1,0
1780578731.4063776,0,0.3499999940395355,0,0,381,900,423158243,60,77,0.0,0.0,15.9507474899292,28.561870574951172,1,0,0.6000000238418579,0,0,0,1,0,8,0,0,0,8,99,0,0.0,-3.7919986248016357,18.784481048583984,31.957536697387695,1.5,0,77,0.0,-1.0,0.0,0,1,0
1780578731.426898,0,0.3499999940395355,0,0,381,900,423158243,60,77,0.0,0.0,15.9507474899292,28.561870574951172,1,0,0.6000000238418579,0,0,0,1,0,8,0,0,0,8,99,0,0.0,-4.7399983406066895,18.784481048583984,31.869688034057617,1.5,0,77,0.0,-1.0,0.0,0,1,0
1780578731.446788,0,0.3499999940395355,0,0,381,900,423158243,60,77,0.0,0.0,15.9507474899292,28.561870574951172,1,0,0.6000000238418579,0,0,0,1,0,8,0,0,0,8,99,0,0.0,-5.687997817993164,18.784481048583984,31.762916564941406,1.5,0,77,0.0,-1.0,0.0,0,1,0
1780578731.4669354,0,0.3499999940395355,0,0,381,900,423158243,60,77,0.0,0.0,15.9507474899292,28.561870574951172,1,0,0.6000000238418579,0,0,0,1,0,8,0,0,0,8,99,0,0.0,-6.635997295379639,18.784481048583984,31.635845184326172,1.5,0,77,0.0,-1.0,0.0,0,0,0
1780578731.4870486,0,0.3499999940395355,0,0,381,900,423158243,60,77,0.0,0.0,15.9507474899292,28.561870574951172,1,0,0.6000000238418579,0,0,0,1,0,8,0,0,0,8,99,0,0.0,-7.583996772766113,18.784481048583984,31.491031646728516,1.5,0,77,0.0,-1.0,0.0,0,0,0
1780578731.5071604,0,0.3499999940395355,0,0,381,900,423158243,60,77,0.0,0.0,15.9507474899292,28.561870574951172,0,0,0.6000000238418579,0,0,0,0,0,8,0,0,0,8,99,0,0.0,0.0,18.784481048583984,31.32729721069336,1.5,0,77,0.0,1.0,0.0,0,0,0
1780578731.5269592,0,0.3499999940395355,0,0,381,900,423158243,60,77,0.0,0.0,15.9507474899292,28.561870574951172,0,0,0.6000000238418579,0,0,0,0,0,8,0,0,0,8,99,0,0.0,0.0,18.784481048583984,31.266517639160156,1.5,0,77,0.0,0.0,0.0,0,0,0
1780578731.5467932,0,0.3499999940395355,0,0,381,900,423158243,60,77,0.0,0.0,15.9507474899292,28.561870574951172,0,0,0.6000000238418579,0,0,0,0,0,8,0,0,0,8,99,0,0.0,0.0,18.784481048583984,31.266517639160156,1.5,0,77,0.0,0.0,0.0,0,0,0
1780578731.566994,0,0.3499999940395355,0,0,381,900,423158243,60,77,0.0,0.0,15.9507474899292,28.561870574951172,0,0,0.6000000238418579,0,0,0,0,0,8,0,0,0,8,99,0,0.0,0.0,18.784481048583984,31.266517639160156,1.5,0,77,0.0,0.0,0.0,0,0,0
1780578731.5870848,0,0.3499999940395355,0,0,381,900,423158243,60,77,0.0,0.0,15.9507474899292,28.561870574951172,0,0,0.6000000238418579,0,0,0,0,0,8,0,0,0,8,99,0,0.0,0.0,18.784481048583984,31.266517639160156,1.5,0,77,0.0,0.0,0.0,0,0,0
1780578731.6064498,0,0.3499999940395355,0,0,381,900,423158243,60,77,0.0,0.0,15.9507474899292,28.561870574951172,0,0,0.6000000238418579,0,0,0,0,0,8,0,0,0,8,99,0,0.0,0.0,18.784481048583984,31.266517639160156,1.5,0,77,0.0,0.0,0.0,0,0,0
1780578731.627263,0,0.3499999940395355,0,0,381,900,423158243,60,77,0.0,0.0,15.9507474899292,28.561870574951172,0,0,0.6000000238418579,0,0,0,0,0,8,0,0,0,8,99,0,0.0,0.0,18.784481048583984,31.266517639160156,1.5,0,77,0.0,0.0,0.0,0,0,0
1780578731.6469991,0,0.3499999940395355,0,0,381,900,423158243,60,77,0.0,0.0,15.9507474899292,28.561870574951172,0,0,0.6000000238418579,0,0,0,0,0,8,0,0,0,8,99,0,0.0,0.0,18.784481048583984,31.266517639160156,1.5,0,77,0.0,0.0,0.0,0,0,0
1780578731.666999,0,0.3499999940395355,0,0,381,900,423158243,60,77,0.0,0.0,15.9507474899292,28.561870574951172,0,0,0.6000000238418579,0,0,0,0,0,8,0,0,0,8,99,0,0.0,0.0,18.784481048583984,31.266517639160156,1.5,0,77,0.0,0.0,0.0,0,0,0
1780578731.686801,0,0.3499999940395355,0,0,381,900,423158243,60,77,0.0,0.0,15.9507474899292,28.561870574951172,0,0,0.6000000238418579,0,0,0,0,0,8,0,0,0,8,99,0,0.0,0.0,18.784481048583984,31.266517639160156,1.5,0,77,0.0,0.0,0.0,0,0,0
1780578731.7068024,0,0.3499999940395355,0,0,381,900,423158243,60,77,0.0,0.0,15.9507474899292,28.561870574951172,0,0,0.6000000238418579,0,0,0,0,0,8,0,0,0,8,99,0,0.0,0.0,18.784481048583984,31.266517639160156,1.5,0,77,0.0,0.0,0.0,0,0,0
1780578731.7266476,0,0.3499999940395355,0,0,381,900,423158243,60,77,0.0,0.0,15.9507474899292,28.561870574951172,0,0,0.6000000238418579,0,0,0,0,0,8,0,0,0,8,99,0,0.0,0.0,18.784481048583984,31.266517639160156,1.5,0,77,0.0,0.0,0.0,0,0,0
1780578731.7466643,0,0.3499999940395355,0,0,381,900,423158243,60,77,0.0,0.0,15.9507474899292,28.561870574951172,0,0,0.6000000238418579,0,0,0,0,0,8,0,0,0,8,99,0,0.0,0.0,18.784481048583984,31.266517639160156,1.5,0,44,0.0,0.0,0.0,0,0,0
1780578731.766973,0,0.3499999940395355,0,0,381,900,423158243,60,77,0.0,0.0,15.9507474899292,28.561870574951172,0,0,0.6000000238418579,0,0,0,1,0,8,0,0,0,8,99,0,0.0,-50.0,18.784481048583984,30.62579345703125,1.5,0,44,0.0,0.0,0.0,0,0,0
1780578731.7869837,0,0.3499999940395355,0,0,381,900,423158243,60,77,0.0,0.0,15.9507474899292,28.561870574951172,0,0,0.6000000238418579,0,0,0,1,0,8,0,0,0,8,99,0,0.0,-50.0,18.784481048583984,29.621414184570312,1.5,0,44,0.0,0.0,0.0,0,0,0
1780578731.8063896,0,0.3499999940395355,0,0,381,900,423158243,60,77,0.0,0.0,15.9507474899292,28.561870574951172,0,0,0.6000000238418579,0,0,0,0,0,8,0,0,0,8,99,1,0.0,0.0,18.784481048583984,28.713600158691406,1.5,0,44,0.0,0.0,0.0,0,0,0
1780578731.8264558,0,0.3499999940395355,0,0,381,900,423158243,60,77,0.0,0.0,15.9507474899292,28.561870574951172,0,0,0.6000000238418579,0,0,0,0,0,8,0,0,0,8,99,1,0.0,0.0,18.784481048583984,28.408096313476562,1.5,0,44,0.0,0.0,0.0,0,0,0
1780578731.8469675,0,0.3499999940395355,0,0,381,900,423158243,60,77,0.0,0.0,15.9507474899292,28.561870574951172,0,0,0.6000000238418579,0,0,0,0,0,8,0,0,0,8,99,1,0.0,0.0,18.784481048583984,28.40810775756836,1.5,0,44,0.0,0.0,0.0,0,0,0
1780578731.8668058,0,0.3499999940395355,0,0,381,900,423158243,60,77,0.0,0.0,15.9507474899292,28.561870574951172,0,0,0.6000000238418579,0,0,0,0,0,8,0,0,0,8,99,1,0.0,0.0,18.784481048583984,28.40811538696289,1.5,0,44,0.0,0.0,0.0,0,0,0
1780578731.8866146,0,0.3499999940395355,0,0,381,900,423158243,60,77,0.0,0.0,15.9507474899292,28.561870574951172,0,0,0.6000000238418579,0,0,0,0,0,8,0,0,0,8,99,1,0.0,0.0,18.784481048583984,28.408117294311523,1.5,0,44,0.0,0.0,0.0,0,0,0
1780578731.9070141,0,0.3499999940395355,0,0,346,900,423158243,7,77,0.0,0.0,15.9507474899292,28.561870574951172,0,0,0.6000000238418579,0,0,0,0,0,8,0,0,0,8,99,1,0.0,0.0,18.784481048583984,28.40812110900879,1.5,0,44,0.0,0.0,0.0,0,0,0
1780578731.9273467,0,0.3499999940395355,0,0,346,900,423158243,7,77,0.0,0.0,15.582343101501465,28.561874389648438,0,0,0.6000000238418579,0,0,0,0,0,8,0,0,0,8,99,1,0.0,0.0,18.784481048583984,28.40812110900879,1.5,0,44,0.0,0.0,0.0,0,0,0
1780578731.9463837,0,0.3499999940395355,0,0,346,900,423158243,7,77,0.0,0.0,15.582364082336426,28.561874389648438,0,0,0.6000000238418579,0,0,0,0,0,8,0,0,0,8,99,1,0.0,0.0,18.784481048583984,28.40812110900879,1.5,0,44,0.0,0.0,0.0,0,0,0
1780578731.9663022,0,0.3499999940395355,0,0,346,900,423158243,7,77,0.0,0.0,15.582377433776855,28.561874389648438,0,0,0.6000000238418579,0,0,0,0,0,8,0,0,0,8,99,1,0.0,0.0,18.784481048583984,28.40812110900879,1.5,0,44,0.0,0.0,0.0,0,0,0
1780578731.9866304,0,0.3499999940395355,0,0,346,900,423158243,7,77,0.0,0.0,15.582386016845703,28.561874389648438,0,0,0.6000000238418579,0,0,0,0,0,8,0,0,0,8,99,1,0.0,0.0,18.784481048583984,28.408119201660156,1.5,0,44,0.0,0.0,0.0,0,0,0
1780578732.0070515,0,0.3499999940395355,0,0,346,900,423158243,7,77,0.0,0.0,15.582391738891602,28.561874389648438,0,0,0.6000000238418579,0,0,0,0,0,8,0,0,0,8,99,1,0.0,0.0,18.784481048583984,28.40812110900879,1.5,0,44,0.0,0.0,0.0,0,0,0
1780578732.0267391,0,0.3499999940395355,0,0,346,900,423158243,7,77,0.0,0.0,15.582395553588867,28.561874389648438,0,0,0.6000000238418579,0,0,0,0,0,8,0,0,0,8,99,1,0.0,0.0,18.784481048583984,28.408119201660156,1.5,0,44,0.0,0.0,0.0,0,0,0
1780578732.047256,0,0.3499999940395355,0,0,346,900,423158243,7,77,0.0,0.0,15.5823974609375,28.561874389648438,0,0,0.6000000238418579,0,0,0,0,0,8,0,0,0,8,99,1,0.0,0.0,18.784481048583984,28.408119201660156,1.5,0,44,0.0,0.0,0.0,0,0,0
1780578732.0670156,0,0.3499999940395355,0,0,346,900,423158243,7,77,0.0,0.0,15.582399368286133,28.561874389648438,0,0,0.6000000238418579,0,0,0,0,0,8,0,0,0,8,99,1,0.0,0.0,18.784481048583984,28.408123016357422,1.5,0,44,0.0,0.0,0.0,0,0,0
1780578732.0865984,0,0.3499999940395355,0,0,346,900,423158243,7,77,0.0,0.0,15.58240032196045,28.561874389648438,0,0,0.6000000238418579,0,0,0,0,0,8,0,0,0,8,99,1,0.0,0.0,18.784481048583984,28.40812110900879,1.5,0,44,0.0,0.0,0.0,0,0,0
1780578732.1067562,0,0.3499999940395355,0,0,346,900,423158243,7,77,0.0,0.0,15.58240032196045,28.561874389648438,0,0,0.6000000238418579,0,0,0,0,0,8,0,0,0,8,99,1,0.0,0.0,18.784481048583984,28.40812110900879,1.5,0,44,0.0,0.0,0.0,0,0,0
1780578732.126634,0,0.3499999940395355,0,0,346,900,423158243,7,77,0.0,0.0,15.58240032196045,28.561874389648438,0,0,0.6000000238418579,0,0,0,0,0,8,0,0,0,8,99,1,0.0,0.0,18.784481048583984,28.40812110900879,1.5,0,44,0.0,0.0,0.0,0,0,0
1780578732.1469986,0,0.3499999940395355,0,0,346,900,423158243,7,77,0.0,0.0,15.58240032196045,28.561874389648438,0,0,0.6000000238418579,0,0,0,0,0,8,0,0,0,8,99,1,0.0,0.0,18.784481048583984,28.40812110900879,1.5,0,44,0.0,0.0,0.0,0,0,0
1780578732.1671932,0,0.3499999940395355,0,0,346,900,423158243,7,77,0.0,0.0,15.58240032196045,28.561874389648438,0,0,0.6000000238418579,0,0,0,0,0,8,0,0,0,8,99,1,0.0,0.0,18.784481048583984,28.40812110900879,1.5,0,44,0.0,0.0,0.0,0,0,0
1780578732.1871204,0,0.3499999940395355,0,0,346,900,423158243,7,77,0.0,0.0,15.58240032196045,28.561874389648438,0,0,0.6000000238418579,0,0,0,0,0,8,0,0,0,8,99,1,0.0,0.0,18.784481048583984,28.408123016357422,1.5,0,44,0.0,0.0,0.0,0,0,0
1780578732.2071323,0,0.3499999940395355,0,0,346,900,423158243,7,77,0.0,0.0,15.58240032196045,28.561874389648438,0,0,0.6000000238418579,0,0,0,0,0,8,0,0,0,8,99,1,0.0,0.0,18.784481048583984,28.40812110900879,1.5,0,44,0.0,0.0,0.0,0,0,0
1780578732.2263956,0,0.3499999940395355,0,0,346,900,423158243,9,77,8.36760425567627,41.0,15.58240032196045,28.561874389648438,0,0,0.6000000238418579,0,0,0,0,0,8,0,0,0,8,99,1,0.0,0.0,18.784481048583984,28.40812110900879,1.5,0,44,0.0,0.0,0.0,0,0,0
1780578732.2467914,0,0.3499999940395355,0,0,346,900,423158243,10,77,8.36760425567627,39.20000076293945,15.749752044677734,29.345874786376953,0,0,0.6000000238418579,0,0,0,0,0,8,0,0,0,8,99,1,0.0,0.0,18.784481048583984,28.40812110900879,1.5,0,44,0.0,0.0,0.0,0,0,0
1780578732.267083,0,0.3499999940395355,0,0,331,900,423158243,10,77,8.36760425567627,37.400001525878906,15.91710376739502,30.093873977661133,0,0,0.6000000238418579,0,0,0,0,0,8,0,0,0,8,99,1,0.0,0.0,18.784481048583984,28.408119201660156,1.5,0,44,0.0,0.0,0.0,0,0,0
1780578732.2865298,0,0.3499999940395355,0,0,331,900,423158243,10,77,8.36760425567627,35.60000228881836,15.734753608703613,30.80587387084961,0,0,0.6000000238418579,0,0,0,0,0,8,0,0,0,8,99,1,0.0,0.0,18.784481048583984,28.40812110900879,1.5,0,44,0.0,0.0,0.0,0,0,0
1780578732.3065577,0,0.3499999940395355,0,0,331,900,423158243,10,77,8.36760425567627,33.80000305175781,15.902105331420898,31.481874465942383,0,0,0.6000000238418579,0,0,0,0,0,8,0,0,0,8,99,1,0.0,0.0,18.784481048583984,28.40812110900879,1.5,0,44,0.0,0.0,0.0,0,0,0
1780578732.3267918,0,0.3499999940395355,0,0,331,900,423158243,10,77,8.36760425567627,32.000003814697266,16.069456100463867,32.12187194824219,0,0,0.6000000238418579,0,0,0,0,0,8,0,0,0,8,99,1,0.0,0.0,18.784481048583984,28.40812110900879,1.5,0,44,0.0,0.0,0.0,0,0,0
1780578732.346674,0,0.3499999940395355,0,0,331,900,423158243,10,77,8.36760425567627,30.20000457763672,16.23680877685547,32.72587203979492,0,0,0.6000000238418579,0,0,0,0,0,8,0,0,0,8,99,1,0.0,0.0,18.784481048583984,28.408119201660156,1.5,0,44,0.0,0.0,0.0,0,0,0
1780578732.3665047,0,0.3499999940395355,0,0,331,900,423158243,10,77,8.36760425567627,28.400005340576172,16.40416145324707,33.29387283325195,0,0,0.6000000238418579,0,0,0,0,0,8,0,0,0,8,99,1,0.0,0.0,18.784481048583984,28.408123016357422,1.5,0,44,0.0,0.0,0.0,0,0,0
1780578732.3863482,0,0.3499999940395355,0,0,331,900,423158243,10,77,8.36760425567627,26.600006103515625,16.571514129638672,33.82587432861328,0,0,0.6000000238418579,0,0,0,0,0,8,0,0,0,8,99,1,0.0,0.0,18.784481048583984,28.408119201660156,1.5,0,44,0.0,0.0,0.0,0,0,0
1780578732.4073973,0,0.3499999940395355,0,0,331,900,423158243,10,77,8.36760425567627,24.800006866455078,16.738866806030273,34.32187271118164,0,0,0.6000000238418579,0,0,0,0,0,8,0,0,0,8,99,1,0.0,0.0,18.784481048583984,28.408123016357422,1.5,0,44,0.0,0.0,0.0,0,0,0
1780578732.4280236,0,0.3499999940395355,0,0,331,900,423158243,10,77,8.36760425567627,23.00000762939453,16.906219482421875,34.7818717956543,0,0,0.6000000238418579,0,0,0,0,0,8,0,0,0,8,99,1,0.0,0.0,18.784481048583984,28.408119201660156,1.5,0,44,0.0,0.0,0.0,0,0,0
1780578732.449073,0,0.3499999940395355,0,0,331,900,423158243,10,77,8.36760425567627,21.200008392333984,17.073572158813477,35.20587158203125,0,0,0.6000000238418579,0,0,0,0,0,8,0,0,0,8,99,1,0.0,0.0,18.784481048583984,28.408123016357422,1.5,0,44,0.0,0.0,0.0,0,0,0
1780578732.4683607,0,0.3499999940395355,0,0,331,900,423158243,10,77,8.36760425567627,19.400009155273438,17.240924835205078,35.5938720703125,0,0,0.6000000238418579,0,0,0,0,0,8,0,0,0,8,99,1,0.0,0.0,18.784481048583984,28.408123016357422,1.5,0,44,0.0,0.0,0.0,0,0,0
1780578732.4873412,0,0.3499999940395355,0,0,331,900,423158243,10,77,8.36760425567627,17.60000991821289,17.40827751159668,35.94587326049805,1,0,0.6000000238418579,0,0,0,0,0,8,0,0,0,8,99,1,0.0,0.0,18.784481048583984,28.408123016357422,1.5,0,44,0.0,0.0,0.0,0,0,0
1780578732.506717,0,0.3499999940395355,0,0,331,900,423158243,10,77,8.36760425567627,15.800010681152344,17.57563018798828,36.26187515258789,1,0,0.6000000238418579,0,0,0,0,0,8,0,0,0,8,99,1,0.0,0.0,18.784481048583984,28.408123016357422,1.5,0,44,0.0,0.0,0.0,0,0,0
1780578732.5266728,0,0.3499999940395355,0,0,331,900,423158243,10,77,8.36760425567627,14.000011444091797,17.742982864379883,36.541873931884766,1,0,0.6000000238418579,0,0,0,0,0,8,0,0,0,8,99,1,0.0,0.0,18.784481048583984,28.40812110900879,1.5,0,44,0.0,0.0,0.0,0,0,0
1780578732.5468729,0,0.3499999940395355,0,0,331,900,423158243,10,77,8.36760425567627,12.20001220703125,17.910335540771484,36.78587341308594,1,0,0.6000000238418579,0,0,0,0,0,8,0,0,0,8,99,1,0.0,0.0,18.784481048583984,28.40812110900879,1.5,0,44,0.0,0.0,0.0,0,0,0
1780578732.5671813,0,0.3499999940395355,0,0,331,900,423158243,10,77,8.36760425567627,10.400012969970703,18.077688217163086,36.993873596191406,1,0,0.6000000238418579,0,0,0,0,0,8,0,0,0,8,99,1,0.0,0.0,18.784481048583984,28.40812110900879,1.5,0,44,0.0,0.0,0.0,0,0,0
1780578732.5864584,0,0.3499999940395355,0,0,331,900,423158243,10,77,8.36760425567627,8.600013732910156,18.245040893554688,37.16587448120117,1,0,0.6000000238418579,0,0,0,0,0,8,0,0,0,8,99,1,0.0,0.0,18.784481048583984,28.408119201660156,1.5,0,44,0.0,0.0,0.0,0,0,0
1780578732.6067567,0,0.3499999940395355,0,0,331,900,423158243,10,77,8.36760425567627,6.800014495849609,18.41239356994629,37.301876068115234,1,0,0.6000000238418579,0,0,0,0,0,8,0,0,0,8,99,1,0.0,0.0,18.784481048583984,28.40812110900879,1.5,0,44,0.0,0.0,0.0,0,0,0
1780578732.626847,0,0.3499999940395355,0,0,331,900,423158243,10,77,8.36760425567627,5.0000152587890625,18.57974624633789,37.40187454223633,1,0,0.6000000238418579,0,0,0,0,0,8,0,0,0,8,99,1,0.0,0.0,18.784481048583984,28.408119201660156,1.5,0,44,0.0,0.0,0.0,0,0,0
1780578732.646835,0,0.3499999940395355,0,0,331,900,423158243,10,77,8.36760425567627,3.2000160217285156,18.747098922729492,37.46587371826172,1,0,0.6000000238418579,0,0,0,0,0,8,0,0,0,8,99,1,0.0,0.0,18.784481048583984,28.408123016357422,1.5,0,44,0.0,0.0,0.0,0,0,0
1780578732.6667058,0,0.3499999940395355,0,0,331,900,423158243,10,77,8.36760425567627,1.4000167846679688,18.914451599121094,37.493873596191406,1,0,0.6000000238418579,0,0,0,0,0,8,0,0,0,8,99,1,0.0,0.0,18.784481048583984,28.408123016357422,1.5,0,44,0.0,0.0,0.0,0,0,0
1780578732.6871467,0,0.3499999940395355,0,0,331,900,423158243,10,77,8.36760425567627,-0.3999824523925781,19.081804275512695,37.48587417602539,1,0,0.6000000238418579,0,0,0,0,0,8,0,0,0,8,99,1,0.0,0.0,18.784481048583984,28.40812110900879,1.5,0,44,0.0,0.0,0.0,0,0,0
1780578732.7068987,0,0.3499999940395355,0,0,331,900,423158243,10,77,8.36760425567627,-2.199981689453125,19.249156951904297,37.44187545776367,1,0,0.6000000238418579,0,0,0,0,0,8,0,0,0,8,99,1,0.0,0.0,18.784481048583984,28.408123016357422,1.5,0,44,0.0,0.0,0.0,0,0,0
1780578732.7267394,0,0.3499999940395355,0,0,331,900,423158243,10,77,8.36760425567627,-3.999980926513672,19.4165096282959,37.36187744140625,1,0,0.6000000238418579,0,0,0,0,0,8,0,0,0,8,99,1,0.0,0.0,18.784481048583984,28.40812110900879,1.5,0,44,0.0,0.0,0.0,0,0,0
1780578732.7470016,0,0.3499999940395355,0,0,331,900,423158243,10,77,8.36760425567627,-5.799980163574219,19.5838623046875,37.24587631225586,1,0,0.6000000238418579,0,0,0,0,0,8,0,0,0,8,99,1,0.0,0.0,18.784481048583984,28.408119201660156,1.5,0,44,0.0,0.0,0.0,0,0,0
1780578732.7672014,0,0.3499999940395355,0,0,331,900,423158243,10,77,8.36760425567627,-7.599979400634766,19.7512149810791,37.093875885009766,1,0,0.6000000238418579,0,0,0,0,0,8,0,0,0,8,99,1,0.0,0.0,18.784481048583984,28.40812110900879,1.5,0,44,0.0,0.0,0.0,0,0,0
1780578732.7863266,0,0.3499999940395355,0,0,331,900,423158243,10,77,8.36760425567627,-9.399978637695312,19.918567657470703,36.90587615966797,1,0,0.6000000238418579,0,0,0,0,0,8,0,0,0,8,99,1,0.0,0.0,18.784481048583984,28.408119201660156,1.5,0,44,0.0,0.0,0.0,0,0,0
1780578732.8064728,0,0.3499999940395355,0,0,331,900,423158243,10,77,8.36760425567627,-11.19997787475586,20.085920333862305,36.68187713623047,1,0,0.6000000238418579,0,0,0,0,0,8,0,0,0,8,99,1,0.0,0.0,18.784481048583984,28.408123016357422,1.5,0,44,0.0,0.0,0.0,0,0,0
1780578732.82667,0,0.3499999940395355,0,0,331,900,423158243,10,77,8.36760425567627,-12.999977111816406,20.253273010253906,36.421878814697266,1,0,0.6000000238418579,0,0,0,0,0,8,0,0,0,8,99,1,0.0,0.0,18.784481048583984,28.40812110900879,1.5,0,44,0.0,0.0,0.0,0,0,0
1780578732.846842,0,0.3499999940395355,0,0,331,900,423158243,10,77,8.36760425567627,-14.799976348876953,20.420625686645508,36.12588119506836,1,0,0.6000000238418579,0,0,0,0,0,8,0,0,0,8,99,1,0.0,0.0,18.784481048583984,28.40812110900879,1.5,0,44,0.0,0.0,0.0,0,0,0
1780578732.866628,0,0.3499999940395355,0,0,331,900,423158243,10,77,8.36760425567627,-16.5999755859375,20.58797836303711,35.793880462646484,1,0,0.6000000238418579,0,0,0,0,0,8,0,0,0,8,99,1,0.0,0.0,18.784481048583984,28.40812110900879,1.5,0,44,0.0,0.0,0.0,0,0,0
1780578732.8868582,0,0.3499999940395355,0,0,331,900,423158243,10,77,8.36760425567627,-18.399974822998047,20.75533103942871,35.425880432128906,1,0,0.6000000238418579,0,0,0,0,0,8,0,0,0,8,99,1,0.0,0.0,18.784481048583984,28.40812110900879,1.5,0,44,0.0,0.0,0.0,0,0,0
1780578732.9067433,0,0.3499999940395355,0,0,331,900,423158243,10,77,8.36760425567627,-20.199974060058594,20.922683715820312,35.021881103515625,1,0,0.6000000238418579,0,0,0,0,0,8,0,0,0,8,99,1,0.0,0.0,18.784481048583984,28.408119201660156,1.5,0,44,0.0,0.0,0.0,0,0,0
1780578732.9269137,0,0.3499999940395355,0,0,331,900,423158243,10,77,8.36760425567627,-21.99997329711914,21.090036392211914,34.58188247680664,1,0,0.6000000238418579,0,0,0,0,0,8,0,0,0,8,99,1,0.0,0.0,18.784481048583984,28.40812110900879,1.5,0,44,0.0,0.0,0.0,0,0,0
1780578732.9466352,0,0.3499999940395355,0,0,331,900,423158243,10,77,8.36760425567627,-23.799972534179688,21.257389068603516,34.10588455200195,1,0,0.6000000238418579,0,0,0,0,0,8,0,0,0,8,99,1,0.0,0.0,18.784481048583984,28.40812110900879,1.5,0,44,0.0,0.0,0.0,0,0,0
1780578732.966807,0,0.3499999940395355,0,0,331,900,423158243,10,77,8.36760425567627,-25.599971771240234,21.424741744995117,33.5938835144043,1,0,0.6000000238418579,0,0,0,0,0,8,0,0,0,8,99,1,0.0,0.0,18.784481048583984,28.408119201660156,1.5,0,44,0.0,0.0,0.0,0,0,0
1780578732.9869483,0,0.3499999940395355,0,0,331,900,423158243,10,77,8.36760425567627,-27.39997100830078,21.59209442138672,33.04588317871094,1,0,0.6000000238418579,0,0,0,0,0,8,0,0,0,8,99,1,0.0,0.0,18.784481048583984,28.408119201660156,1.5,0,44,0.0,0.0,0.0,0,0,0
1780578733.0067937,0,0.3499999940395355,0,0,331,900,423158243,10,77,8.36760425567627,-29.199970245361328,21.75944709777832,32.461883544921875,1,0,0.6000000238418579,0,0,0,0,0,8,0,0,0,8,99,1,0.0,0.0,18.784481048583984,28.408123016357422,1.5,0,44,0.0,0.0,0.0,0,0,0
1780578733.026915,0,0.3499999940395355,0,0,331,900,423158243,10,77,8.36760425567627,-30.999969482421875,21.926799774169922,31.84188461303711,1,0,0.6000000238418579,0,0,0,0,0,8,0,0,0,8,99,1,0.0,0.0,18.784481048583984,28.40812110900879,1.5,0,44,0.0,0.0,0.0,0,0,0
1780578733.0473964,0,0.3499999940395355,0,0,331,900,423158243,10,77,8.36760425567627,-32.79996871948242,22.094152450561523,31.18588638305664,1,0,0.6000000238418579,0,0,0,0,0,8,0,0,0,8,99,1,0.0,0.0,18.784481048583984,28.408123016357422,1.5,0,44,1.0,0.0,0.0,0,0,0
1780578733.0665452,0,0.3499999940395355,0,0,331,900,423158243,10,77,8.36760425567627,-34.59996795654297,22.261505126953125,30.493886947631836,1,0,0.6000000238418579,0,0,0,0,0,8,0,0,0,8,99,1,0.0,0.0,18.784481048583984,28.40812110900879,1.5,0,44,1.0,-1.0,0.0,0,0,0
1780578733.0863895,0,0.3499999940395355,0,0,331,900,423158243,10,77,8.36760425567627,-36.399967193603516,22.428857803344727,29.765888214111328,1,0,0.6000000238418579,0,0,1,0,0,8,0,0,0,8,99,1,8.300000190734863,0.0,18.890714645385742,28.408123016357422,1.5,0,44,1.0,-1.0,0.0,0,0,0
1780578733.1067863,0,0.3499999940395355,0,0,331,900,423158243,10,77,8.36760425567627,-38.19996643066406,22.596210479736328,29.001888275146484,1,0,0.6000000238418579,0,0,1,0,0,8,0,0,0,8,99,1,8.300000190734863,0.0,19.056549072265625,28.408123016357422,1.5,0,44,1.0,-1.0,0.0,0,0,0
1780578733.127039,0,0.3499999940395355,0,0,331,900,423158243,11,77,0.0,0.0,22.76356315612793,28.56183624267578,1,0,0.6000000238418579,0,0,1,0,0,8,0,0,0,8,99,1,8.300000190734863,0.0,19.223169326782227,28.408119201660156,1.5,0,44,1.0,-1.0,0.0,0,0,0
1780578733.1466682,0,0.3499999940395355,0,0,331,900,423158243,11,77,0.0,0.0,22.76356315612793,28.56184959411621,1,0,0.6000000238418579,0,0,1,0,0,8,0,0,0,8,99,1,8.300000190734863,0.0,19.38900375366211,28.408119201660156,1.5,0,44,1.0,0.0,0.0,0,0,0
1780578733.1673267,0,0.3499999940395355,0,0,331,900,423158243,11,77,0.0,0.0,22.76356315612793,28.561859130859375,1,0,0.6000000238418579,0,0,1,0,0,8,0,0,0,8,99,1,8.300000190734863,0.0,19.554838180541992,28.408123016357422,1.5,0,44,1.0,0.0,0.0,0,0,1
1780578733.187311,0,0.3499999940395355,1,0,331,900,423158243,11,77,0.0,0.0,22.76356315612793,28.561864852905273,0,0,0.6000000238418579,0,0,1,0,0,8,0,1,0,8,99,1,8.300000190734863,0.0,19.720779418945312,28.40812110900879,1.5,0,44,1.0,0.0,0.0,0,0,1
1780578733.2064452,0,0.3499999940395355,1,0,331,900,423158243,11,77,0.0,0.0,22.76356315612793,28.56186866760254,0,0,0.6000000238418579,0,0,1,0,0,8,0,1,0,8,99,1,8.300000190734863,0.0,19.886615753173828,28.408119201660156,1.5,0,44,1.0,0.0,0.0,0,0,1
1780578733.2262988,0,0.3499999940395355,1,0,310,900,423158243,11,77,0.0,0.0,22.76356315612793,28.561870574951172,0,0,0.6000000238418579,0,0,1,0,0,8,0,1,0,8,99,1,-3.75,0.0,20.052448272705078,28.40812110900879,1.5,0,55,1.0,0.0,0.0,0,0,1
1780578733.246993,0,0.3499999940395355,1,0,310,900,423158243,11,77,0.0,0.0,23.063562393188477,28.561870574951172,0,0,0.6000000238418579,0,0,1,0,0,8,0,1,0,8,99,1,-3.75,0.0,20.064682006835938,28.408119201660156,1.5,0,55,1.0,0.0,0.0,0,0,1
1780578733.2671902,0,0.3499999940395355,1,0,310,900,423158243,11,77,0.0,0.0,23.363561630249023,28.561870574951172,0,0,0.6000000238418579,0,0,1,0,0,8,0,1,0,8,99,1,-3.75,0.0,19.989757537841797,28.408119201660156,1.5,0,55,1.0,0.0,0.0,0,0,1
1780578733.2864356,0,0.3499999940395355,1,0,310,900,423158243,11,77,0.0,0.0,23.66356086730957,28.561870574951172,1,0,0.6000000238418579,0,0,1,0,0,8,0,1,0,8,99,1,-3.75,0.0,19.91427993774414,28.408123016357422,1.5,0,55,1.0,0.0,0.0,0,0,1
1780578733.3071878,0,0.3499999940395355,1,0,310,900,423158243,11,77,0.0,0.0,23.963560104370117,28.561870574951172,1,0,0.6000000238418579,0,0,1,0,0,8,0,1,0,8,99,1,-3.75,0.0,19.839353561401367,28.408123016357422,1.5,0,55,1.0,0.0,0.0,0,0,0
1780578733.3270772,0,0.3499999940395355,1,0,310,900,423158243,11,77,0.0,0.0,24.263559341430664,28.561870574951172,1,0,0.6000000238418579,0,0,1,0,0,8,0,1,0,8,99,1,-3.75,0.0,19.764427185058594,28.40812110900879,1.5,0,55,1.0,0.0,0.0,0,0,0
1780578733.346389,0,0.3499999940395355,1,0,310,900,423158243,11,77,0.0,0.0,24.56355857849121,28.561870574951172,1,0,0.6000000238418579,0,0,1,0,0,8,0,1,0,8,99,1,-3.75,0.0,19.689502716064453,28.40812110900879,1.5,0,55,1.0,0.0,0.0,0,0,0
1780578733.3665638,0,0.3499999940395355,1,0,310,900,423158243,69,77,0.0,0.0,24.863557815551758,28.561870574951172,1,0,0.6000000238418579,0,0,1,0,0,8,0,1,0,8,99,1,-3.75,0.0,19.61457633972168,28.40812110900879,1.5,0,55,1.0,0.0,0.0,0,0,0
1780578733.3871596,0,0.3499999940395355,1,0,310,900,423158243,69,77,0.0,0.0,25.163557052612305,28.561870574951172,1,0,0.6000000238418579,0,0,1,0,0,8,0,1,0,8,99,1,-3.75,0.0,19.539649963378906,28.40812110900879,1.5,0,55,1.0,0.0,0.0,0,0,0
1780578733.4071896,0,0.3499999940395355,1,0,310,900,423158243,69,77,0.0,0.0,25.163557052612305,28.561870574951172,1,0,0.6000000238418579,0,0,1,0,0,8,0,1,0,8,99,1,-3.75,0.0,19.464561462402344,28.408123016357422,1.5,0,55,1.0,0.0,0.0,0,0,0
1780578733.4268124,0,0.3499999940395355,1,0,310,900,423158243,69,77,0.0,0.0,25.163557052612305,28.561870574951172,1,0,0.6000000238418579,0,0,1,0,0,8,0,1,0,8,99,1,8.300000190734863,0.0,19.54458999633789,28.408123016357422,1.5,0,55,1.0,0.0,0.0,0,0,0
1780578733.4466903,0,0.3499999940395355,1,0,310,900,423158243,69,77,0.0,0.0,25.163557052612305,28.561870574951172,1,0,0.6000000238418579,0,0,1,0,0,8,0,1,0,8,99,1,8.300000190734863,0.0,19.710424423217773,28.40812110900879,1.5,0,55,1.0,0.0,0.0,0,0,0
1780578733.4672053,0,0.3499999940395355,1,0,310,900,423158243,69,77,0.0,0.0,25.163557052612305,28.561870574951172,1,0,0.6000000238418579,0,0,1,0,0,8,0,1,0,8,99,1,8.300000190734863,0.0,19.876258850097656,28.40812110900879,1.5,0,55,1.0,0.0,0.0,0,0,0
1780578733.4863424,0,0.3499999940395355,1,0,310,900,423158243,69,77,0.0,0.0,25.163557052612305,28.561870574951172,1,0,0.6000000238418579,0,0,1,0,0,8,0,1,0,8,99,1,8.300000190734863,0.0,20.04254150390625,28.40812110900879,1.5,0,55,1.0,0.0,0.0,0,0,0
1780578733.5067823,0,0.3499999940395355,1,0,310,900,423158243,69,77,0.0,0.0,25.163557052612305,28.561870574951172,1,0,0.6000000238418579,0,0,1,0,0,8,0,1,0,8,99,1,8.300000190734863,0.0,20.208375930786133,28.40812110900879,1.5,0,55,1.0,0.0,0.0,0,0,0
1780578733.5264773,0,0.3499999940395355,0,0,310,900,423158243,69,77,0.0,0.0,25.163557052612305,28.561870574951172,1,0,0.6000000238418579,0,0,1,0,0,8,0,0,0,8,99,1,8.300000190734863,0.0,20.374210357666016,28.408119201660156,1.5,0,55,1.0,0.0,0.0,0,0,0
1780578733.5466418,0,0.3499999940395355,0,0,310,900,423158243,69,77,0.0,0.0,25.163557052612305,28.561870574951172,1,0,0.6000000238418579,0,0,1,0,0,8,0,0,0,8,99,1,8.300000190734863,0.0,20.541616439819336,28.408123016357422,1.5,0,55,1.0,0.0,0.0,0,0,0
1780578733.5667703,0,0.3499999940395355,0,0,310,900,423158243,69,77,0.0,0.0,25.163557052612305,28.561870574951172,1,0,0.6000000238418579,0,0,1,0,0,8,0,0,0,8,99,1,8.300000190734863,0.0,20.70745086669922,28.40812110900879,1.5,0,55,1.0,0.0,0.0,0,0,0
1780578733.5868504,0,0.3499999940395355,0,0,310,900,423158243,69,77,0.0,0.0,25.163557052612305,28.561870574951172,1,0,0.6000000238418579,0,0,1,0,0,8,0,0,0,8,99,1,8.300000190734863,0.0,20.873287200927734,28.408123016357422,1.5,0,55,1.0,0.0,0.0,0,0,0
1780578733.6065612,0,0.3499999940395355,0,0,310,900,423158243,45,77,8.0,0.0,25.163557052612305,28.561870574951172,1,0,0.6000000238418579,0,0,1,0,0,8,0,0,0,8,99,1,8.300000190734863,0.0,21.039119720458984,28.40812110900879,1.5,0,55,1.0,0.0,0.0,0,0,0
1780578733.626351,0,0.3499999940395355,0,0,310,900,423158243,45,77,8.0,0.0,25.323556900024414,28.561870574951172,1,0,0.6000000238418579,0,0,1,0,0,8,0,0,0,8,99,1,8.300000190734863,0.0,21.204954147338867,28.408119201660156,1.5,0,55,1.0,0.0,0.0,0,0,0
1780578733.6468945,0,0.3499999940395355,0,0,310,900,423158243,45,77,8.0,0.0,25.483556747436523,28.561870574951172,1,0,0.6000000238418579,0,0,1,0,0,8,0,0,0,8,99,1,8.300000190734863,0.0,21.37078857421875,28.40812110900879,1.5,0,55,1.0,0.0,0.0,0,0,0
1780578733.6668835,0,0.3499999940395355,0,0,310,900,423158243,45,77,8.0,0.0,25.643556594848633,28.561870574951172,1,0,0.6000000238418579,0,0,1,0,0,8,0,0,0,8,99,1,8.300000190734863,0.0,21.536624908447266,28.408119201660156,1.5,0,55,1.0,0.0,0.0,0,0,0
1780578733.6867805,0,0.3499999940395355,0,0,310,900,423158243,45,77,8.0,0.0,25.803556442260742,28.561870574951172,1,0,0.6000000238418579,0,0,1,0,0,8,0,0,0,8,99,1,8.300000190734863,0.0,21.702457427978516,28.408119201660156,1.5,0,55,1.0,0.0,0.0,0,0,0
1780578733.7064495,0,0.3499999940395355,0,0,310,900,423158243,45,77,8.0,0.0,25.96355628967285,28.561870574951172,1,0,0.6000000238418579,0,0,1,0,0,8,0,0,0,8,99,1,8.300000190734863,0.0,21.8682918548584,28.408123016357422,1.5,0,55,1.0,0.0,0.0,0,0,0
1780578733.7269704,0,0.3499999940395355,0,0,310,900,423158243,45,77,8.0,0.0,26.12355613708496,28.561870574951172,1,0,0.6000000238418579,0,0,1,0,0,8,0,0,0,8,99,1,8.300000190734863,0.0,22.03412628173828,28.40812110900879,1.5,0,55,1.0,0.0,0.0,0,0,0
1780578733.7472844,0,0.3499999940395355,0,0,310,900,423158243,45,77,8.0,0.0,26.28355598449707,28.561870574951172,1,0,0.6000000238418579,0,0,1,0,0,8,0,0,0,8,99,1,8.300000190734863,0.0,22.199960708618164,28.408123016357422,1.5,0,55,1.0,0.0,0.0,0,0,1
1780578733.7666416,0,0.3499999940395355,1,0,310,900,423158243,45,77,8.0,0.0,26.44355583190918,28.561870574951172,0,0,0.6000000238418579,0,0,1,0,0,8,0,1,0,8,99,1,8.300000190734863,0.0,22.365795135498047,28.40812110900879,1.5,0,55,1.0,0.0,0.0,0,0,1
1780578733.7872012,0,0.3499999940395355,1,0,310,900,423158243,45,77,8.0,0.0,26.60355567932129,28.561870574951172,0,0,0.6000000238418579,0,0,1,0,0,8,0,1,0,8,99,1,8.300000190734863,0.0,22.532264709472656,28.40812110900879,1.5,0,55,1.0,0.0,0.0,0,0,1
1780578733.8068647,0,0.3499999940395355,1,0,310,900,423158243,45,77,8.0,0.0,26.7635555267334,28.561870574951172,0,0,0.6000000238418579,0,0,1,0,0,8,0,1,0,8,99,1,8.300000190734863,0.0,22.698097229003906,28.40812110900879,1.5,0,55,1.0,0.0,0.0,0,0,1
1780578733.826831,0,0.3499999940395355,1,0,310,900,423158243,45,77,8.0,0.0,26.923555374145508,28.561870574951172,0,0,0.6000000238418579,0,0,1,0,0,8,0,1,0,8,99,1,8.300000190734863,0.0,22.863933563232422,28.40812110900879,1.5,0,55,1.0,0.0,0.0,0,0,1
1780578733.8466725,0,0.3499999940395355,1,0,310,900,423158243,45,77,8.0,0.0,27.083555221557617,28.561870574951172,0,0,0.6000000238418579,0,0,1,0,0,8,0,1,0,8,99,1,8.300000190734863,0.0,23.029766082763672,28.408119201660156,1.5,0,55,1.0,0.0,0.0,0,0,1
1780578733.8671098,0,0.3499999940395355,1,0,310,900,423158243,45,77,8.0,0.0,27.243555068969727,28.561870574951172,1,0,0.6000000238418579,0,0,1,0,0,8,0,1,0,8,99,1,8.300000190734863,0.0,23.195602416992188,28.40812110900879,1.5,0,55,1.0,0.0,0.0,0,0,1
1780578733.8868115,0,0.3499999940395355,1,0,310,900,423158243,45,77,8.0,0.0,27.403554916381836,28.561870574951172,1,0,0.6000000238418579,0,0,1,0,0,8,0,1,0,8,99,1,8.300000190734863,0.0,23.36186981201172,28.40812110900879,1.5,0,55,1.0,0.0,0.0,0,0,1
1780578733.9068184,0,0.3499999940395355,1,0,310,900,423158243,45,77,8.0,0.0,27.563554763793945,28.561870574951172,1,0,0.6000000238418579,0,0,1,0,0,8,0,1,0,8,99,1,8.300000190734863,0.0,23.527706146240234,28.40812110900879,1.5,0,55,1.0,0.0,0.0,0,0,1
1780578733.926695,0,0.3499999940395355,1,0,310,900,423158243,45,77,8.0,0.0,27.723554611206055,28.561870574951172,1,0,0.6000000238418579,0,0,1,0,0,8,0,1,0,8,99,1,8.300000190734863,0.0,23.695125579833984,28.408119201660156,1.5,0,55,1.0,0.0,0.0,0,0,0
1780578733.946887,0,0.3499999940395355,1,0,310,900,423158243,45,77,8.0,0.0,27.883554458618164,28.561870574951172,1,0,0.6000000238418579,0,0,1,0,0,8,0,1,0,8,99,1,8.300000190734863,0.0,23.860958099365234,28.40812110900879,1.5,0,55,1.0,0.0,0.0,0,0,0
1780578733.9671185,0,0.3499999940395355,1,0,310,900,423158243,45,77,8.0,0.0,28.043554306030273,28.561870574951172,1,0,0.6000000238418579,0,0,1,0,0,8,0,1,0,8,99,1,8.300000190734863,0.0,24.02679443359375,28.408119201660156,1.5,0,55,1.0,0.0,0.0,0,0,0
1780578733.9864135,0,0.3499999940395355,1,0,310,900,423158243,45,77,8.0,0.0,28.203554153442383,28.561870574951172,1,0,0.6000000238418579,0,0,1,0,0,8,0,1,0,8,99,1,8.300000190734863,0.0,24.192626953125,28.408123016357422,1.5,0,55,1.0,0.0,0.0,0,0,0
1780578734.0068727,0,0.3499999940395355,1,0,310,900,423158243,45,77,8.0,0.0,28.363554000854492,28.561870574951172,1,0,0.6000000238418579,0,0,1,0,0,8,0,1,0,8,99,1,8.300000190734863,0.0,24.358463287353516,28.408123016357422,1.5,0,55,1.0,0.0,0.0,0,0,0
1780578734.0270064,0,0.3499999940395355,1,0,310,900,423158243,45,77,8.0,0.0,28.5235538482666,28.561870574951172,1,0,0.6000000238418579,0,0,1,0,0,8,0,1,0,8,99,1,8.300000190734863,0.0,24.524295806884766,28.40812110900879,1.5,0,55,1.0,0.0,0.0,0,0,0
1780578734.046989,0,0.3499999940395355,1,0,310,900,423158243,45,77,8.0,0.0,28.68355369567871,28.561870574951172,1,0,0.6000000238418579,0,0,1,0,0,8,0,1,0,8,99,1,8.300000190734863,0.0,24.69013214111328,28.40812110900879,1.5,0,55,1.0,0.0,0.0,0,0,0
1780578734.0663514,0,0.3499999940395355,1,0,310,900,423158243,45,77,8.0,0.0,28.84355354309082,28.561870574951172,1,0,0.6000000238418579,0,0,1,0,0,8,0,1,0,8,99,1,8.300000190734863,0.0,24.85596466064453,28.40812110900879,1.5,0,55,1.0,0.0,0.0,0,0,0
1780578734.0866923,0,0.3499999940395355,1,0,310,900,423158243,45,77,8.0,0.0,29.00355339050293,28.561870574951172,1,0,0.6000000238418579,0,0,1,0,0,8,0,1,0,8,99,1,8.300000190734863,0.0,25.021800994873047,28.408119201660156,1.5,0,55,1.0,0.0,0.0,0,0,0
1780578734.106943,0,0.3499999940395355,1,0,310,900,423158243,45,77,8.0,0.0,29.16355323791504,28.561870574951172,1,0,0.6000000238418579,0,0,1,0,0,8,0,1,0,8,99,1,8.300000190734863,0.0,25.187633514404297,28.40812110900879,1.5,0,55,1.0,0.0,0.0,0,0,0
1780578734.1261628,0,0.3499999940395355,0,0,310,900,423158243,7,77,0.0,0.0,29.32355308532715,28.561870574951172,1,0,0.6000000238418579,0,0,1,0,0,8,0,0,0,8,99,1,8.300000190734863,0.0,25.35480499267578,28.40812110900879,1.5,0,55,1.0,0.0,0.0,0,0,0
1780578734.146506,0,0.3499999940395355,0,0,310,900,423158243,7,77,0.0,0.0,29.32355308532715,28.561870574951172,1,0,0.6000000238418579,0,0,1,0,0,8,0,0,0,8,99,1,8.300000190734863,0.0,25.52063751220703,28.40812110900879,1.5,0,55,1.0,0.0,0.0,0,0,0
1780578734.1673357,0,0.3499999940395355,0,0,310,900,423158243,7,77,0.0,0.0,29.32355308532715,28.561870574951172,1,0,0.6000000238418579,0,0,1,0,0,8,0,0,0,8,99,1,8.300000190734863,0.0,25.68647003173828,28.408119201660156,1.5,0,55,1.0,0.0,0.0,0,0,0
1780578734.1868737,0,0.3499999940395355,0,0,310,900,423158243,7,77,0.0,0.0,29.32355308532715,28.561870574951172,1,0,0.6000000238418579,0,0,1,0,0,8,0,0,0,8,99,1,8.300000190734863,0.0,25.852306365966797,28.40812110900879,1.5,0,55,1.0,0.0,0.0,0,0,0
1780578734.2065663,0,0.3499999940395355,0,0,310,900,423158243,7,77,0.0,0.0,29.32355308532715,28.561870574951172,1,0,0.6000000238418579,0,0,1,0,0,8,0,0,0,8,99,1,8.300000190734863,0.0,26.018138885498047,28.408119201660156,1.5,0,55,1.0,0.0,0.0,0,0,0
1780578734.2266066,0,0.3499999940395355,0,0,310,900,423158243,7,77,0.0,0.0,29.32355308532715,28.561870574951172,1,0,0.6000000238418579,0,0,1,0,0,8,0,0,0,8,99,1,8.300000190734863,0.0,26.183975219726562,28.408123016357422,1.5,0,55,1.0,0.0,0.0,0,0,0
1780578734.2470438,0,0.3499999940395355,0,0,310,900,423158243,7,77,0.0,0.0,29.32355308532715,28.561870574951172,1,0,0.6000000238418579,0,0,1,0,0,8,0,0,0,8,99,1,8.300000190734863,0.0,26.349809646606445,28.408123016357422,1.5,0,55,1.0,0.0,0.0,0,0,0
1780578734.2664976,0,0.3499999940395355,0,0,310,900,423158243,7,77,0.0,0.0,29.32355308532715,28.561870574951172,1,0,0.6000000238418579,0,0,1,0,0,8,0,0,0,8,99,1,8.300000190734863,0.0,26.515644073486328,28.40812110900879,1.5,0,55,1.0,0.0,0.0,0,0,0
1780578734.287327,0,0.3499999940395355,0,0,310,900,423158243,7,77,0.0,0.0,29.32355308532715,28.561870574951172,1,0,0.6000000238418579,0,0,1,0,0,8,0,0,0,8,99,1,8.300000190734863,0.0,26.681766510009766,28.40812110900879,1.5,0,55,1.0,0.0,0.0,0,0,0
1780578734.3068104,0,0.3499999940395355,0,0,310,900,423158243,7,77,0.0,0.0,29.32355308532715,28.561870574951172,1,0,0.6000000238418579,0,0,1,0,0,8,0,0,0,8,99,1,8.300000190734863,0.0,26.84760093688965,28.40812110900879,1.5,0,55,1.0,0.0,0.0,0,0,0
1780578734.3270335,0,0.3499999940395355,0,0,310,900,423158243,7,77,0.0,0.0,29.32355308532715,28.561870574951172,1,0,0.6000000238418579,0,0,1,0,0,8,0,0,0,8,99,1,8.300000190734863,0.0,27.014583587646484,28.40812110900879,1.5,0,55,1.0,0.0,0.0,0,0,1
1780578734.3471224,0,0.3499999940395355,1,0,310,900,423158243,7,77,0.0,0.0,29.32355308532715,28.561870574951172,0,0,0.6000000238418579,0,0,1,0,0,8,0,1,0,8,99,1,8.300000190734863,0.0,27.180418014526367,28.40812110900879,1.5,0,55,1.0,0.0,0.0,0,0,1
1780578734.3671474,0,0.3499999940395355,1,0,310,900,423158243,7,77,0.0,0.0,29.32355308532715,28.561870574951172,0,0,0.6000000238418579,0,0,1,0,0,8,0,1,0,8,99,1,8.300000190734863,0.0,27.34625244140625,28.408119201660156,1.5,0,55,1.0,0.0,0.0,0,0,1
1780578734.386711,0,0.3499999940395355,1,0,289,900,423158243,7,77,0.0,0.0,29.32355308532715,28.561870574951172,0,0,0.6000000238418579,0,0,1,0,0,8,0,1,0,8,99,1,-3.75,0.0,27.513031005859375,28.408123016357422,1.5,0,66,1.0,0.0,0.0,0,0,1
1780578734.4067287,0,0.3499999940395355,1,0,289,900,423158243,7,77,0.0,0.0,29.623552322387695,28.561870574951172,0,0,0.6000000238418579,0,0,1,0,0,8,0,1,0,8,99,1,-3.75,0.0,27.52298355102539,28.408123016357422,1.5,0,66,1.0,0.0,0.0,0,0,1
1780578734.4266598,0,0.3499999940395355,1,0,289,900,423158243,7,77,0.0,0.0,29.923551559448242,28.561870574951172,0,0,0.6000000238418579,0,0,1,0,0,8,0,1,0,8,99,1,-3.75,0.0,27.448057174682617,28.40812110900879,1.5,0,66,1.0,0.0,0.0,0,0,1
1780578734.4469569,0,0.3499999940395355,1,0,289,900,423158243,7,77,0.0,0.0,30.22355079650879,28.561870574951172,1,0,0.6000000238418579,0,0,1,0,0,8,0,1,0,8,99,1,-3.75,0.0,27.373130798339844,28.40812110900879,1.5,0,66,1.0,0.0,0.0,0,0,0
1780578734.46735,0,0.3499999940395355,1,0,289,900,423158243,10,77,-7.999677658081055,41.0,30.523550033569336,28.561870574951172,1,0,0.6000000238418579,0,0,1,0,0,8,0,1,0,8,99,1,-3.75,0.0,27.298206329345703,28.40812110900879,1.5,0,66,0.0,0.0,0.0,0,0,0
1780578734.4867744,0,0.3499999940395355,1,0,289,900,423158243,10,77,-7.999677658081055,39.20000076293945,30.663555145263672,29.345870971679688,1,0,0.6000000238418579,0,0,1,0,0,8,0,1,0,8,99,1,-3.75,0.0,27.223003387451172,28.40812110900879,1.5,0,66,0.0,0.0,0.0,0,0,0
1780578734.5070953,0,0.3499999940395355,1,0,289,900,423158243,10,77,-7.999677658081055,37.400001525878906,30.803560256958008,30.093870162963867,1,0,0.6000000238418579,0,0,1,0,0,8,0,1,0,8,99,1,-3.75,0.0,27.148075103759766,28.40812110900879,1.5,0,66,0.0,0.0,0.0,0,0,0
1780578734.5266902,0,0.3499999940395355,1,0,289,900,423158243,10,77,-7.999677658081055,35.60000228881836,30.943565368652344,30.805870056152344,1,0,0.6000000238418579,0,0,1,0,0,8,0,1,0,8,99,1,-3.75,0.0,27.073150634765625,28.40812110900879,1.5,0,66,0.0,0.0,0.0,0,0,0
1780578734.5466828,0,0.3499999940395355,1,0,289,900,423158243,10,77,-7.999677658081055,33.80000305175781,31.08357048034668,31.481870651245117,1,0,0.6000000238418579,0,0,1,0,0,8,0,1,0,8,99,1,-3.75,0.0,26.998226165771484,28.408119201660156,1.5,0,66,0.0,0.0,0.0,0,0,0
1780578734.567074,0,0.3499999940395355,1,0,289,900,423158243,10,77,-7.999677658081055,32.000003814697266,30.92357635498047,32.12186813354492,1,0,0.6000000238418579,0,0,1,0,0,8,0,1,0,8,99,1,-3.75,0.0,26.923297882080078,28.408119201660156,1.5,0,66,0.0,0.0,0.0,0,0,0
1780578734.5867212,0,0.3499999940395355,1,0,289,900,423158243,10,77,-7.999677658081055,30.20000457763672,30.763582229614258,32.725868225097656,1,0,0.6000000238418579,0,0,1,0,0,8,0,1,0,8,99,1,0.0,0.0,26.896488189697266,28.408123016357422,1.5,0,66,0.0,0.0,0.0,0,0,0
1780578734.606799,0,0.3499999940395355,1,0,289,900,423158243,10,77,-7.999677658081055,28.400005340576172,30.603588104248047,33.29386901855469,1,0,0.6000000238418579,0,0,1,0,0,8,0,1,0,8,99,1,0.0,0.0,26.896488189697266,28.408119201660156,1.5,0,66,0.0,0.0,0.0,0,0,0
1780578734.626382,0,0.3499999940395355,1,0,289,900,423158243,10,77,-7.999677658081055,26.600006103515625,30.443593978881836,33.825870513916016,1,0,0.6000000238418579,0,0,1,0,0,8,0,1,0,8,99,1,0.0,0.0,26.896488189697266,28.408119201660156,1.5,0,66,0.0,0.0,0.0,0,0,0
1780578734.6468372,0,0.3499999940395355,1,0,289,900,423158243,10,77,-7.999677658081055,24.800006866455078,30.283599853515625,34.321868896484375,1,0,0.6000000238418579,0,0,1,0,0,8,0,1,0,8,99,1,0.0,0.0,26.896488189697266,28.408123016357422,1.5,0,66,0.0,0.0,0.0,0,0,0
1780578734.6669142,0,0.3499999940395355,1,0,289,900,423158243,10,77,-7.999677658081055,23.00000762939453,30.123605728149414,34.78186798095703,1,0,0.6000000238418579,0,0,1,0,0,8,0,1,0,8,99,1,0.0,0.0,26.896488189697266,28.408123016357422,1.5,0,66,0.0,0.0,0.0,0,0,0
1780578734.6861765,0,0.3499999940395355,1,0,289,900,423158243,10,77,-7.999677658081055,21.200008392333984,29.963611602783203,35.205867767333984,1,0,0.6000000238418579,0,0,1,0,0,8,0,1,0,8,99,1,0.0,0.0,26.896488189697266,28.408123016357422,1.5,0,66,0.0,0.0,0.0,0,0,0
1780578734.706317,0,0.3499999940395355,0,0,289,900,423158243,10,77,-7.999677658081055,19.400009155273438,29.803617477416992,35.593868255615234,1,0,0.6000000238418579,0,0,1,0,0,8,0,0,0,8,99,1,0.0,0.0,26.896488189697266,28.40812110900879,1.5,0,66,1.0,0.0,0.0,0,0,0
1780578734.7269096,0,0.3499999940395355,0,0,289,900,423158243,10,77,-7.999677658081055,17.60000991821289,29.64362335205078,35.94586944580078,1,0,0.6000000238418579,0,0,1,0,0,8,0,0,0,8,99,1,0.0,0.0,26.896488189697266,28.408123016357422,1.5,0,66,1.0,0.0,0.0,0,0,0
1780578734.7472637,0,0.3499999940395355,0,0,289,900,423158243,10,77,-7.999677658081055,15.800010681152344,29.48362922668457,36.261871337890625,1,0,0.6000000238418579,0,0,1,0,0,8,0,0,0,8,99,1,8.300000190734863,0.0,27.003150939941406,28.40812110900879,1.5,0,66,1.0,0.0,0.0,0,0,0
1780578734.7670321,0,0.3499999940395355,0,0,289,900,423158243,10,77,-7.999677658081055,14.000011444091797,29.32363510131836,36.5418701171875,1,0,0.6000000238418579,0,0,1,0,0,8,0,0,0,8,99,1,8.300000190734863,0.0,27.16898536682129,28.40812110900879,1.5,0,66,1.0,0.0,0.0,0,0,0
1780578734.787291,0,0.3499999940395355,0,0,289,900,423158243,10,77,-7.999677658081055,12.20001220703125,29.16364097595215,36.78586959838867,1,0,0.6000000238418579,0,0,1,0,0,8,0,0,0,8,99,1,8.300000190734863,0.0,27.335205078125,28.408119201660156,1.5,0,66,1.0,0.0,0.0,0,0,0
1780578734.807224,0,0.3499999940395355,0,0,289,900,423158243,10,77,-7.999677658081055,10.400012969970703,29.003646850585938,36.99386978149414,1,0,0.6000000238418579,0,0,1,0,0,8,0,0,0,8,99,1,8.300000190734863,0.0,27.501039505004883,28.408119201660156,1.5,0,66,1.0,0.0,0.0,0,0,0
1780578734.8268454,0,0.3499999940395355,0,0,289,900,423158243,10,77,-7.999677658081055,8.600013732910156,28.843652725219727,37.165870666503906,1,0,0.6000000238418579,0,0,1,0,0,8,0,0,0,8,99,1,8.300000190734863,0.0,27.667816162109375,28.40812110900879,1.5,0,66,1.0,0.0,0.0,0,0,0
1780578734.846447,0,0.3499999940395355,0,0,289,900,423158243,10,77,-7.999677658081055,6.800014495849609,28.683658599853516,37.30187225341797,1,0,0.6000000238418579,0,0,1,0,0,8,0,0,0,8,99,1,8.300000190734863,0.0,27.833648681640625,28.40812110900879,1.5,0,66,1.0,0.0,0.0,0,0,0
1780578734.8670454,0,0.3499999940395355,0,0,289,900,423158243,10,77,-7.999677658081055,5.0000152587890625,28.523664474487305,37.40187072753906,1,0,0.6000000238418579,0,0,1,0,0,8,0,0,0,8,99,1,8.300000190734863,0.0,27.99948501586914,28.40812110900879,1.5,0,66,1.0,0.0,0.0,0,0,0
1780578734.8866398,0,0.3499999940395355,0,0,289,900,423158243,10,77,-7.999677658081055,3.2000160217285156,28.363670349121094,37.46586990356445,1,0,0.6000000238418579,0,0,1,0,0,8,0,0,0,8,99,1,8.300000190734863,0.0,28.166240692138672,28.40812110900879,1.5,0,66,1.0,0.0,0.0,0,0,0
1780578734.9074244,0,0.3499999940395355,0,0,289,900,423158243,10,77,-7.999677658081055,1.4000167846679688,28.203676223754883,37.49386978149414,1,0,0.6000000238418579,0,0,1,0,0,8,0,0,0,8,99,1,8.300000190734863,0.0,28.332077026367188,28.40812110900879,1.5,0,66,1.0,0.0,0.0,0,0,0
1780578734.9266932,0,0.3499999940395355,0,0,289,900,423158243,10,77,-7.999677658081055,-0.3999824523925781,28.043682098388672,37.485870361328125,1,0,0.6000000238418579,0,0,1,0,0,8,0,0,0,8,99,1,8.300000190734863,0.0,28.49791145324707,28.408119201660156,1.5,0,66,1.0,0.0,0.0,0,0,0
1780578734.9469903,0,0.3499999940395355,0,0,289,900,423158243,10,77,-7.999677658081055,-2.199981689453125,27.88368797302246,37.441871643066406,1,0,0.6000000238418579,0,0,1,0,0,8,0,0,0,8,99,1,8.300000190734863,0.0,28.66374397277832,28.408119201660156,1.5,0,66,1.0,0.0,0.0,0,0,0
1780578734.9667647,0,0.3499999940395355,0,0,289,900,423158243,10,77,-7.999677658081055,-3.999980926513672,27.72369384765625,37.361873626708984,1,0,0.6000000238418579,0,0,1,0,0,8,0,0,0,8,99,1,8.300000190734863,0.0,28.829578399658203,28.408123016357422,1.5,0,66,1.0,0.0,0.0,0,0,0
1780578734.9867043,0,0.3499999940395355,0,0,289,900,423158243,10,77,-7.999677658081055,-5.799980163574219,27.56369972229004,37.245872497558594,1,0,0.6000000238418579,0,0,1,0,0,8,0,0,0,8,99,1,8.300000190734863,0.0,28.99541473388672,28.408119201660156,1.5,0,66,1.0,0.0,0.0,0,0,0
1780578735.0067477,0,0.3499999940395355,0,0,289,900,423158243,10,77,-7.999677658081055,-7.599979400634766,27.403705596923828,37.0938720703125,1,0,0.6000000238418579,0,0,1,0,0,8,0,0,0,8,99,1,8.300000190734863,0.0,29.1612491607666,28.408123016357422,1.5,0,66,1.0,0.0,0.0,0,0,0
1780578735.0264,0,0.3499999940395355,0,0,289,900,423158243,10,77,-7.999677658081055,-9.399978637695312,27.243711471557617,36.9058723449707,1,0,0.6000000238418579,0,0,1,0,0,8,0,0,0,8,99,1,8.300000190734863,0.0,29.32783317565918,28.40812110900879,1.5,0,66,1.0,0.0,0.0,0,0,0
1780578735.046921,0,0.3499999940395355,0,0,289,900,423158243,10,77,-7.999677658081055,-11.19997787475586,27.083717346191406,36.6818733215332,1,0,0.6000000238418579,0,0,1,0,0,8,0,0,0,8,99,1,8.300000190734863,0.0,29.493667602539062,28.40812110900879,1.5,0,66,1.0,0.0,0.0,0,0,0
1780578735.066803,0,0.3499999940395355,0,0,289,900,423158243,10,77,-7.999677658081055,-12.999977111816406,26.923723220825195,36.421875,1,0,0.6000000238418579,0,0,1,0,0,8,0,0,0,8,99,1,8.300000190734863,0.0,29.659500122070312,28.40812110900879,1.5,0,66,1.0,0.0,0.0,0,0,0
1780578735.0862236,0,0.3499999940395355,0,0,289,900,423158243,10,77,-7.999677658081055,-14.799976348876953,26.763729095458984,36.125877380371094,1,0,0.6000000238418579,0,0,1,0,0,8,0,0,0,8,99,1,8.300000190734863,0.0,29.825336456298828,28.408119201660156,1.5,0,66,1.0,0.0,0.0,0,0,0
1780578735.1064281,0,0.3499999940395355,0,0,289,900,423158243,10,77,-7.999677658081055,-16.5999755859375,26.603734970092773,35.79387664794922,1,0,0.6000000238418579,0,0,1,0,0,8,0,0,0,8,99,1,8.300000190734863,0.0,29.991168975830078,28.40812110900879,1.5,0,66,1.0,0.0,0.0,0,0,0
1780578735.1267352,0,0.3499999940395355,0,0,289,900,423158243,10,77,-7.999677658081055,-18.399974822998047,26.443740844726562,35.42587661743164,1,0,0.6000000238418579,0,0,1,0,0,8,0,0,0,8,99,1,8.300000190734863,0.0,30.157005310058594,28.408119201660156,1.5,0,66,1.0,0.0,0.0,0,0,0
1780578735.1470075,0,0.3499999940395355,0,0,289,900,423158243,10,77,-7.999677658081055,-20.199974060058594,26.28374671936035,35.02187728881836,1,0,0.6000000238418579,0,0,1,0,0,8,0,0,0,8,99,1,8.300000190734863,0.0,30.322839736938477,28.408123016357422,1.5,0,66,1.0,0.0,0.0,0,0,0
1780578735.166547,0,0.3499999940395355,0,0,289,900,423158243,10,77,-7.999677658081055,-21.99997329711914,26.12375259399414,34.581878662109375,1,0,0.6000000238418579,0,0,1,0,0,8,0,0,0,8,99,1,8.300000190734863,0.0,30.48867416381836,28.408123016357422,1.5,0,66,1.0,0.0,0.0,0,0,0
1780578735.187066,0,0.3499999940395355,0,0,289,900,423158243,10,77,-7.999677658081055,-23.799972534179688,25.96375846862793,34.10588073730469,1,0,0.6000000238418579,0,0,1,0,0,8,0,0,0,8,99,1,8.300000190734863,0.0,30.655330657958984,28.408119201660156,1.5,0,66,1.0,0.0,0.0,0,0,0
1780578735.2069893,0,0.3499999940395355,0,0,289,900,423158243,30,77,-6.239748477935791,-19.96797752380371,25.80376434326172,33.59387969970703,1,0,0.6000000238418579,0,0,1,0,0,8,0,0,0,8,99,1,8.300000190734863,0.0,30.8211669921875,28.408123016357422,1.5,0,66,1.0,0.0,0.0,0,0,0
1780578735.2265208,0,0.3499999940395355,0,0,289,900,423158243,30,77,-4.867003440856934,-15.575021743774414,25.706424713134766,33.282379150390625,1,0,0.6000000238418579,0,0,1,0,0,8,0,0,0,8,99,1,8.300000190734863,0.0,30.987842559814453,28.40812110900879,1.5,0,66,1.0,0.0,0.0,0,0,0
1780578735.2469912,0,0.3499999940395355,0,0,289,900,423158243,30,77,-3.796262502670288,-12.148516654968262,25.6304988861084,33.03940963745117,1,0,0.6000000238418579,0,0,1,0,0,8,0,0,0,8,99,1,8.300000190734863,0.0,31.153676986694336,28.408123016357422,1.5,0,66,1.0,0.0,0.0,0,0,0
1780578735.2675598,0,0.3499999940395355,0,0,289,900,423158243,30,77,-2.9610846042633057,-9.475842475891113,25.571277618408203,32.849891662597656,1,0,0.6000000238418579,0,0,1,0,0,8,0,0,0,8,99,1,8.300000190734863,0.0,31.31951141357422,28.40812110900879,1.5,0,66,1.0,0.0,0.0,0,0,0
1780578735.287322,0,0.3499999940395355,0,0,289,900,423158243,30,77,-2.309645891189575,-7.3911566734313965,25.52508544921875,32.70206832885742,1,0,0.6000000238418579,0,0,1,0,0,8,0,0,0,8,99,1,8.300000190734863,0.0,31.486780166625977,28.408123016357422,1.5,0,66,1.0,-1.0,0.0,0,0,0
1780578735.306779,0,0.3499999940395355,0,0,289,900,423158243,30,77,-1.8015236854553223,-5.765101909637451,25.489055633544922,32.58676528930664,1,0,0.6000000238418579,0,0,1,0,0,8,0,0,0,8,99,1,8.300000190734863,0.0,31.65261459350586,28.40812110900879,1.5,0,66,-1.0,0.0,0.0,0,0,0
1780578735.3270478,0,0.3499999940395355,0,0,289,900,423158243,30,77,-1.4051884412765503,-4.496779441833496,25.460952758789062,32.496829986572266,1,0,0.6000000238418579,0,0,1,0,0,8,0,0,0,8,99,1,8.300000190734863,0.0,31.818449020385742,28.408123016357422,1.5,0,66,-1.0,0.0,0.0,0,0,0
1780578735.3471644,0,0.3499999940395355,0,0,289,900,423158243,30,77,-1.0960469245910645,-3.5074877738952637,25.43903160095215,32.42668151855469,1,0,0.6000000238418579,0,0,1,0,0,8,0,0,0,8,99,1,0.0,0.0,31.87649917602539,28.40812110900879,1.5,0,66,-1.0,0.0,0.0,0,0,0
1780578735.3665152,0,0.3499999940395355,0,0,289,900,423158243,30,77,-0.8549165725708008,-2.735840320587158,25.421934127807617,32.37196350097656,1,0,0.6000000238418579,0,0,0,0,0,8,0,0,0,8,99,1,-8.300000190734863,0.0,31.768878936767578,28.40812110900879,1.5,0,66,-1.0,0.0,0.0,0,0,0
1780578735.38624,0,0.3499999940395355,0,0,289,900,423158243,30,77,-0.6668348908424377,-2.133955478668213,25.408597946166992,32.32928466796875,1,0,0.6000000238418579,0,0,0,0,0,8,0,0,0,8,99,1,-8.300000190734863,0.0,31.603046417236328,28.40812110900879,1.5,0,66,-1.0,0.0,0.0,0,0,0
1780578735.406922,0,0.3499999940395355,0,0,289,900,423158243,30,77,-0.5201311707496643,-1.664485216140747,25.398195266723633,32.29599380493164,1,0,0.6000000238418579,0,0,0,0,0,8,0,0,0,8,99,1,-8.300000190734863,0.0,31.437213897705078,28.408119201660156,1.5,0,66,-1.0,0.0,0.0,0,0,0
1780578735.426616,0,0.3499999940395355,0,0,289,900,423158243,30,77,-0.40570229291915894,-1.2982984781265259,25.39008140563965,32.27002716064453,1,0,0.6000000238418579,0,0,0,0,0,8,0,0,0,8,99,1,-8.300000190734863,0.0,31.271377563476562,28.40812110900879,1.5,0,66,-1.0,0.0,0.0,0,0,0
1780578735.4472,0,0.3499999940395355,0,0,289,900,423158243,30,77,-0.31644776463508606,-1.012672781944275,25.383752822875977,32.24977111816406,1,0,0.6000000238418579,0,0,0,0,0,8,0,0,0,8,99,1,-8.300000190734863,0.0,31.10554313659668,28.408119201660156,1.5,0,66,-1.0,0.0,0.0,0,0,0
1780578735.467035,0,0.3499999940395355,0,0,289,900,423158243,30,77,-0.24682924151420593,-0.7898847460746765,25.378816604614258,32.23397445678711,1,0,0.6000000238418579,0,0,0,0,0,8,0,0,0,8,99,1,-8.300000190734863,0.0,30.939708709716797,28.408119201660156,1.5,0,66,-1.0,0.0,0.0,0,0,0
1780578735.4868462,0,0.3499999940395355,0,0,289,900,423158243,30,77,-0.19252680242061615,-0.61611008644104,25.37496566772461,32.22165298461914,1,0,0.6000000238418579,0,0,0,0,0,8,0,0,0,8,99,1,-8.300000190734863,0.0,30.773874282836914,28.408123016357422,1.5,0,66,-1.0,0.0,0.0,0,0,0
1780578735.5067847,0,0.3499999940395355,0,0,289,900,423158243,30,77,-0.15017090737819672,-0.4805658459663391,25.37196159362793,32.212039947509766,1,0,0.6000000238418579,0,0,0,0,0,8,0,0,0,8,99,1,-8.300000190734863,0.0,30.60803985595703,28.40812110900879,1.5,0,66,-1.0,0.0,0.0,0,0,0
1780578735.5268264,0,0.3499999940395355,0,0,289,900,423158243,30,77,-0.11713330447673798,-0.3748413324356079,25.369619369506836,32.20454406738281,1,0,0.6000000238418579,0,0,0,0,0,8,0,0,0,8,99,1,-8.300000190734863,0.0,30.442203521728516,28.40812110900879,1.5,0,66,-1.0,0.0,0.0,0,0,0
1780578735.5470054,0,0.3499999940395355,0,0,289,900,423158243,30,77,-0.09136397391557693,-0.29237622022628784,25.3677921295166,32.19869613647461,1,0,0.6000000238418579,0,0,0,0,0,8,0,0,0,8,99,1,-8.300000190734863,0.0,30.276371002197266,28.40812110900879,1.5,0,66,-1.0,1.0,0.0,0,0,0
1780578735.5668683,0,0.3499999940395355,0,0,289,900,423158243,30,77,-0.07126389443874359,-0.22805345058441162,25.36636734008789,32.19413757324219,1,0,0.6000000238418579,0,0,0,0,0,8,0,0,0,8,99,1,-8.300000190734863,0.0,30.110536575317383,28.40812110900879,1.5,0,66,-1.0,1.0,0.0,0,0,0
1780578735.5869966,0,0.3499999940395355,0,0,289,900,423158243,30,77,-0.0555858351290226,-0.17788168787956238,25.36525535583496,32.19057846069336,1,0,0.6000000238418579,0,0,0,0,0,8,0,0,0,8,99,1,-8.300000190734863,0.0,29.9447021484375,28.40812110900879,1.5,0,66,0.0,0.0,0.0,0,0,0
1780578735.6067579,0,0.3499999940395355,0,0,289,900,423158243,30,77,-0.04335695132613182,-0.1387477070093155,25.36438751220703,32.18780517578125,1,0,0.6000000238418579,0,0,0,0,0,8,0,0,0,8,99,1,0.0,0.0,29.88449478149414,28.408119201660156,1.5,0,66,1.0,0.0,0.0,0,0,0
1780578735.627197,0,0.3499999940395355,0,0,289,900,423158243,30,77,-0.03381842002272606,-0.10822320729494095,25.363710403442383,32.185638427734375,1,0,0.6000000238418579,0,0,0,0,0,8,0,0,0,8,99,1,0.0,0.0,29.88449478149414,28.408119201660156,1.5,0,66,1.0,0.0,0.0,0,0,0
1780578735.6467981,0,0.3499999940395355,0,0,289,900,423158243,30,77,-0.026378367096185684,-0.08441410213708878,25.363182067871094,32.18395233154297,1,0,0.6000000238418579,0,0,1,0,0,8,0,0,0,8,99,1,8.300000190734863,0.0,29.990047454833984,28.408123016357422,1.5,0,66,1.0,0.0,0.0,0,0,0
1780578735.6665142,0,0.3499999940395355,0,0,289,900,423158243,30,77,-0.02057512477040291,-0.06584299355745316,25.362770080566406,32.18263626098633,1,0,0.6000000238418579,0,0,1,0,0,8,0,0,0,8,99,1,8.300000190734863,0.0,30.156009674072266,28.40812110900879,1.5,0,66,1.0,0.0,0.0,0,0,0
1780578735.6865215,0,0.3499999940395355,0,0,289,900,423158243,30,77,-0.016048597171902657,-0.051357533782720566,25.362449645996094,32.18160629272461,1,0,0.6000000238418579,0,0,1,0,0,8,0,0,0,8,99,1,8.300000190734863,0.0,30.322614669799805,28.40812110900879,1.5,0,66,1.0,0.0,0.0,0,0,0
1780578735.7067344,0,0.3499999940395355,0,0,289,900,423158243,30,77,-0.012517905794084072,-0.04005887359380722,25.362199783325195,32.18080520629883,1,0,0.6000000238418579,0,0,1,0,0,8,0,0,0,8,99,1,8.300000190734863,0.0,30.488449096679688,28.40812110900879,1.5,0,66,1.0,0.0,0.0,0,0,0
1780578735.7269301,0,0.3499999940395355,0,0,289,900,423158243,30,77,-0.00976396631449461,-0.031245920807123184,25.36200523376465,32.180179595947266,1,0,0.6000000238418579,0,0,1,0,0,8,0,0,0,8,99,1,8.300000190734863,0.0,30.654935836791992,28.40812110900879,1.5,0,66,1.0,0.0,0.0,0,0,0
1780578735.7468185,0,0.3499999940395355,0,0,289,900,423158243,30,77,-0.007615893613547087,-0.024371817708015442,25.361852645874023,32.179691314697266,1,0,0.6000000238418579,0,0,1,0,0,8,0,0,0,8,99,1,8.300000190734863,0.0,30.820770263671875,28.40812110900879,1.5,0,66,1.0,0.0,0.0,0,0,0
1780578735.7666533,0,0.3499999940395355,0,0,289,900,423158243,30,77,-0.0059403968043625355,-0.019010016694664955,25.36173439025879,32.17931365966797,1,0,0.6000000238418579,0,0,1,0,0,8,0,0,0,8,99,1,8.300000190734863,0.0,30.98660659790039,28.408119201660156,1.5,0,66,1.0,0.0,0.0,0,0,0
1780578735.7876556,0,0.3499999940395355,0,0,289,900,423158243,31,77,-0.003614137414842844,-0.011565692722797394,25.36164093017578,32.17901611328125,1,0,0.6000000238418579,0,0,1,0,0,8,0,0,0,8,99,1,8.300000190734863,0.0,31.15243911743164,28.40812110900879,1.5,0,66,1.0,0.0,0.0,0,0,0
1780578735.8073936,0,0.3499999940395355,0,0,289,900,423158243,31,77,-0.002819027053192258,-0.009021240286529064,25.361583709716797,32.1788330078125,1,0,0.6000000238418579,0,0,1,0,0,8,0,0,0,8,99,1,8.300000190734863,0.0,31.318275451660156,28.408119201660156,1.5,0,66,1.0,0.0,0.0,0,0,0
1780578735.8273966,0,0.3499999940395355,0,0,289,900,423158243,31,77,-0.002198840957134962,-0.007036567199975252,25.361539840698242,32.17869186401367,1,0,0.6000000238418579,0,0,1,0,0,8,0,0,0,8,99,1,8.300000190734863,0.0,31.484107971191406,28.408119201660156,1.5,0,66,1.0,0.0,0.0,0,0,0
1780578735.8478956,0,0.3499999940395355,0,0,289,900,423158243,31,77,-0.0017150958301499486,-0.0054885223507881165,25.36150550842285,32.17858123779297,1,0,0.6000000238418579,0,0,1,0,0,8,0,0,0,8,99,1,8.300000190734863,0.0,31.64994239807129,28.408123016357422,1.5,0,66,1.0,0.0,0.0,0,0,0
1780578735.8689694,0,0.3499999940395355,0,0,289,900,423158243,31,77,-0.0013377746799960732,-0.004281047265976667,25.361478805541992,32.17849349975586,1,0,0.6000000238418579,0,0,1,0,0,8,0,0,0,8,99,1,8.300000190734863,0.0,31.818920135498047,28.40812110900879,1.5,0,66,1.0,0.0,0.0,0,0,0
1780578735.8882334,0,0.3499999940395355,0,0,289,900,423158243,31,77,-0.0010434641735628247,-0.003339216811582446,25.36145782470703,32.17842483520508,1,0,0.6000000238418579,0,0,1,0,0,8,0,0,0,8,99,1,8.300000190734863,0.0,31.984756469726562,28.40812110900879,1.5,0,66,1.0,0.0,0.0,0,0,0
1780578735.9073136,0,0.3499999940395355,0,0,289,900,423158243,31,77,-0.0008139020064845681,-0.0026045890990644693,25.361440658569336,32.17837142944336,1,0,0.6000000238418579,0,0,1,0,0,8,0,0,0,8,99,1,8.300000190734863,0.0,32.15206527709961,28.408119201660156,1.5,0,66,1.0,0.0,0.0,0,0,0
1780578735.9268024,0,0.3499999940395355,0,0,289,900,423158243,31,77,-0.0006348435417748988,-0.0020315793808549643,25.361427307128906,32.17832946777344,1,0,0.6000000238418579,0,0,1,0,0,8,0,0,0,8,99,1,8.300000190734863,0.0,32.317901611328125,28.408123016357422,1.5,0,66,1.0,0.0,0.0,0,0,0
1780578735.9467754,0,0.3499999940395355,0,0,289,900,423158243,31,77,-0.0004951779264956713,-0.0015846318565309048,25.361417770385742,32.17829513549805,1,0,0.6000000238418579,0,0,1,0,0,8,0,0,0,8,99,1,8.300000190734863,0.0,32.483734130859375,28.408123016357422,1.5,0,66,1.0,0.0,0.0,0,0,0
1780578735.9666734,0,0.3499999940395355,0,0,289,900,423158243,31,77,-0.00038623876753263175,-0.0012360127875581384,25.36141014099121,32.17826843261719,1,0,0.6000000238418579,0,0,1,0,0,8,0,0,0,8,99,1,8.300000190734863,0.0,32.64957046508789,28.40812110900879,1.5,0,66,1.0,0.0,0.0,0,0,0
1780578735.9866698,0,0.3499999940395355,0,0,289,900,423158243,31,77,-0.0003012662346009165,-0.0009640899370424449,25.361404418945312,32.17824935913086,1,0,0.6000000238418579,0,0,1,0,0,8,0,0,0,8,99,1,8.300000190734863,0.0,32.81540298461914,28.408123016357422,1.5,0,66,1.0,-1.0,0.0,0,0,0
1780578736.0072331,0,0.3499999940395355,0,0,289,900,423158243,31,77,-0.00023498765949625522,-0.0007519901264458895,25.361400604248047,32.1782341003418,1,0,0.6000000238418579,0,0,1,0,0,8,0,0,0,8,99,1,8.300000190734863,0.0,32.981239318847656,28.40812110900879,1.5,0,66,1.0,-1.0,0.0,0,0,0
1780578736.0268948,0,0.3499999940395355,0,0,289,900,423158243,31,77,-0.00018329036538489163,-0.0005865522543899715,25.36139678955078,32.17822265625,1,0,0.6000000238418579,0,0,1,0,0,8,0,0,0,8,99,1,8.300000190734863,0.0,33.147071838378906,28.40812110900879,1.5,0,66,-1.0,0.0,0.0,0,0,0
1780578736.0470028,0,0.3499999940395355,0,0,289,900,423158243,31,77,-0.00014296648441813886,-0.00045751073048450053,25.36139488220215,32.1782112121582,1,0,0.6000000238418579,0,0,1,0,0,8,0,0,0,8,99,1,8.300000190734863,0.0,33.31290817260742,28.40812110900879,1.5,0,66,-1.0,0.0,0.0,0,0,0
1780578736.0670383,0,0.3499999940395355,0,0,289,900,423158243,31,77,-0.00011151385115226731,-0.0003568583633750677,25.361392974853516,32.17820358276367,1,0,0.6000000238418579,0,0,1,0,0,8,0,0,0,8,99,1,0.0,0.0,33.37050247192383,28.408119201660156,1.5,0,66,-1.0,0.0,0.0,0,0,0
1780578736.087113,0,0.3499999940395355,0,0,289,900,423158243,31,77,-8.698079909663647e-05,-0.00027834950014948845,25.361391067504883,32.17819595336914,1,0,0.6000000238418579,0,0,0,0,0,8,0,0,0,8,99,1,-8.300000190734863,0.0,33.262428283691406,28.40812110900879,1.5,0,66,-1.0,0.0,0.0,0,0,0
1780578736.1065457,0,0.3499999940395355,0,0,289,900,423158243,31,77,-6.784502329537645e-05,-0.00021711259614676237,25.36138916015625,32.178192138671875,1,0,0.6000000238418579,0,0,0,0,0,8,0,0,0,8,99,1,-8.300000190734863,0.0,33.096595764160156,28.408119201660156,1.5,0,66,1.0,0.0,0.0,0,0,0
1780578736.1264908,0,0.3499999940395355,0,0,289,900,423158243,31,77,-5.2919116569682956e-05,-0.00016934781160671264,25.361387252807617,32.17818832397461,1,0,0.6000000238418579,0,0,0,0,0,8,0,0,0,8,99,1,-8.300000190734863,0.0,32.930763244628906,28.408123016357422,1.5,0,66,0.0,0.0,0.0,0,0,0
1780578736.1470854,0,0.3499999940395355,0,0,289,900,423158243,31,77,-4.1276907722931355e-05,-0.00013209128519520164,25.361387252807617,32.17818832397461,1,0,0.6000000238418579,0,0,1,0,0,8,0,0,0,8,99,1,8.300000190734863,0.0,32.98007583618164,28.408123016357422,1.5,0,66,0.0,0.0,0.0,0,0,0
1780578736.1669307,0,0.3499999940395355,0,0,289,900,423158243,31,77,-3.219598511350341e-05,-0.0001030311977956444,25.361387252807617,32.178184509277344,1,0,0.6000000238418579,0,0,1,0,0,8,0,0,0,8,99,1,0.0,0.0,33.03850173950195,28.40812110900879,1.5,0,66,0.0,0.0,0.0,0,0,0
1780578736.1868749,0,0.3499999940395355,0,0,289,900,423158243,31,77,-2.51128676609369e-05,-8.036433428060263e-05,25.361387252807617,32.178184509277344,1,0,0.6000000238418579,0,0,1,0,0,8,0,0,0,8,99,1,0.0,0.0,33.03850173950195,28.408123016357422,1.5,0,66,0.0,0.0,0.0,0,0,0
1780578736.206938,0,0.3499999940395355,0,0,289,900,423158243,31,77,-1.958803659363184e-05,-6.268417928367853e-05,25.361387252807617,32.17818069458008,1,0,0.6000000238418579,0,0,1,0,0,8,0,0,0,8,99,1,0.0,0.0,33.03850173950195,28.40812110900879,1.5,0,66,0.0,0.0,0.0,0,0,0
1780578736.2270207,0,0.3499999940395355,0,0,289,900,423158243,31,77,-1.5278668797691353e-05,-4.8893656639847904e-05,25.361387252807617,32.17818069458008,1,0,0.6000000238418579,0,0,1,0,0,8,0,0,0,8,99,1,0.0,0.0,33.03850173950195,28.40812110900879,1.5,0,66,0.0,0.0,0.0,0,0,0
1780578736.2464387,0,0.3499999940395355,0,0,289,900,423158243,31,77,-1.191736100736307e-05,-3.813705188804306e-05,25.361387252807617,32.17818069458008,1,0,0.6000000238418579,0,0,1,0,0,8,0,0,0,8,99,1,0.0,0.0,33.03850173950195,28.40812110900879,1.5,0,66,0.0,0.0,0.0,0,0,0
1780578736.266755,0,0.3499999940395355,0,0,289,900,423158243,31,77,-9.295541531173512e-06,-2.9746899599558674e-05,25.361387252807617,32.17818069458008,1,0,0.6000000238418579,0,0,1,0,0,8,0,0,0,8,99,1,0.0,0.0,33.03850173950195,28.408119201660156,1.5,0,66,0.0,0.0,0.0,0,0,0
1780578736.2869933,0,0.3499999940395355,0,0,289,900,423158243,31,77,-7.250522230606293e-06,-2.3202581360237673e-05,25.361387252807617,32.17818069458008,1,0,0.6000000238418579,0,0,1,0,0,8,0,0,0,8,99,1,0.0,0.0,33.03850173950195,28.408119201660156,1.5,0,66,0.0,0.0,0.0,0,0,0
1780578736.306154,0,0.3499999940395355,0,0,289,900,423158243,31,77,-5.6554072216385975e-06,-1.8098013242706656e-05,25.361387252807617,32.17818069458008,1,0,0.6000000238418579,0,0,1,0,0,8,0,0,0,8,99,1,0.0,0.0,33.03850173950195,28.408123016357422,1.5,0,66,0.0,0.0,0.0,0,0,0
1780578736.3262608,0,0.3499999940395355,0,0,289,900,423158243,31,77,-4.41121756011853e-06,-1.4116450074652676e-05,25.361387252807617,32.17818069458008,1,0,0.6000000238418579,0,0,1,0,0,8,0,0,0,8,99,1,0.0,0.0,33.03850173950195,28.40812110900879,1.5,0,66,0.0,0.0,0.0,0,0,0
1780578736.3469706,0,0.3499999940395355,0,0,289,900,423158243,31,77,-3.4407496514177183e-06,-1.101083034882322e-05,25.361387252807617,32.17818069458008,1,0,0.6000000238418579,0,0,1,0,0,8,0,0,0,8,99,1,0.0,0.0,33.03850173950195,28.408123016357422,1.5,0,66,0.0,0.0,0.0,0,0,0
1780578736.3668723,0,0.3499999940395355,0,0,289,900,423158243,31,77,-2.6837847144633997e-06,-8.588447599322535e-06,25.361387252807617,32.17818069458008,1,0,0.6000000238418579,0,0,1,0,0,8,0,0,0,8,99,1,0.0,0.0,33.03850173950195,28.40812110900879,1.5,0,66,0.0,0.0,0.0,0,0,0
1780578736.3867226,0,0.3499999940395355,0,0,289,900,423158243,31,77,-2.0933518953825114e-06,-6.698988727293909e-06,25.361387252807617,32.17818069458008,1,0,0.6000000238418579,0,0,1,0,0,8,0,0,0,8,99,1,0.0,0.0,33.03850173950195,28.40812110900879,1.5,0,66,0.0,0.0,0.0,0,0,0
1780578736.4069395,0,0.3499999940395355,0,0,289,900,423158243,31,77,-1.6328144738508854e-06,-5.225211225479143e-06,25.361387252807617,32.17818069458008,1,0,0.6000000238418579,0,0,1,0,0,8,0,0,0,8,99,1,0.0,0.0,33.03850173950195,28.40812110900879,1.5,0,66,0.0,0.0,0.0,0,0,0
1780578736.4266927,0,0.3499999940395355,0,0,289,900,423158243,31,77,-1.2735952168441145e-06,-4.075664492120268e-06,25.361387252807617,32.17818069458008,1,0,0.6000000238418579,0,0,1,0,0,8,0,0,0,8,99,1,0.0,0.0,33.03850173950195,28.40812110900879,1.5,0,66,0.0,0.0,0.0,0,0,0
1780578736.446282,0,0.3499999940395355,0,0,289,900,423158243,31,77,-9.934042282111477e-07,-3.1790182219992857e-06,25.361387252807617,32.17818069458008,1,0,0.6000000238418579,0,0,1,0,0,8,0,0,0,8,99,1,0.0,0.0,33.03850173950195,28.40812110900879,1.5,0,66,0.0,0.0,0.0,0,0,0
1780578736.466306,0,0.3499999940395355,0,0,289,900,423158243,31,77,-7.748552661723807e-07,-2.4796340767352376e-06,25.361387252807617,32.17818069458008,1,0,0.6000000238418579,0,0,1,0,0,8,0,0,0,8,99,1,0.0,0.0,33.03850173950195,28.408119201660156,1.5,0,66,0.0,0.0,0.0,0,0,0
1780578736.4867735,0,0.3499999940395355,0,0,289,900,423158243,31,77,-6.043870826033526e-07,-1.9341146071383264e-06,25.361387252807617,32.17818069458008,1,0,0.6000000238418579,0,0,1,0,0,8,0,0,0,8,99,1,0.0,0.0,33.03850173950195,28.408119201660156,1.5,0,66,0.0,0.0,0.0,0,0,0
1780578736.5067225,0,0.3499999940395355,0,0,289,900,423158243,31,77,-4.7142191306193126e-07,-1.5086093299032655e-06,25.361387252807617,32.17818069458008,1,0,0.6000000238418579,0,0,1,0,0,8,0,0,0,8,99,1,0.0,0.0,33.03850173950195,28.408123016357422,1.5,0,66,0.0,0.0,0.0,0,0,0
1780578736.526136,0,0.3499999940395355,0,0,289,900,423158243,31,77,-3.677090774090175e-07,-1.1767152727770736e-06,25.361387252807617,32.17818069458008,1,0,0.6000000238418579,0,0,1,0,0,8,0,0,0,8,99,1,0.0,0.0,33.03850173950195,28.408119201660156,1.5,0,66,0.0,0.0,0.0,0,0,0
1780578736.546799,0,0.3499999940395355,0,0,289,900,423158243,31,77,-2.868130763999943e-07,-9.178378945762233e-07,25.361387252807617,32.17818069458008,1,0,0.6000000238418579,0,0,1,0,0,8,0,0,0,8,99,1,0.0,0.0,33.03850173950195,28.408123016357422,1.5,0,66,0.0,0.0,0.0,0,0,0
1780578736.5668683,0,0.3499999940395355,0,0,289,900,423158243,31,77,-2.2371419561295625e-07,-7.159135293477448e-07,25.361387252807617,32.17818069458008,1,0,0.6000000238418579,0,0,1,0,0,8,0,0,0,8,99,1,0.0,0.0,33.03850173950195,28.408123016357422,1.5,0,66,0.0,0.0,0.0,0,0,0
1780578736.5868945,0,0.3499999940395355,0,0,289,900,423158243,31,77,-1.7449706035677082e-07,-5.584125233326631e-07,25.361387252807617,32.17818069458008,1,0,0.6000000238418579,0,0,1,0,0,8,0,0,0,8,99,1,0.0,0.0,33.03850173950195,28.408123016357422,1.5,0,66,0.0,0.0,0.0,0,0,0
1780578736.6064467,0,0.3499999940395355,0,0,289,900,423158243,31,77,-1.3610770110972226e-07,-4.355617591045302e-07,25.361387252807617,32.17818069458008,1,0,0.6000000238418579,0,0,1,0,0,8,0,0,0,8,99,1,0.0,0.0,33.03850173950195,28.40812110900879,1.5,0,66,0.0,0.0,0.0,0,0,0
1780578736.6266258,0,0.3499999940395355,0,0,289,900,423158243,31,77,-1.0616400203389276e-07,-3.397381647118891e-07,25.361387252807617,32.17818069458008,1,0,0.6000000238418579,0,0,1,0,0,8,0,0,0,8,99,1,0.0,0.0,33.03850173950195,28.40812110900879,1.5,0,66,0.0,0.0,0.0,0,0,0
1780578736.6471863,0,0.3499999940395355,0,0,289,900,423158243,31,77,-8.280791519155173e-08,-2.649957480116427e-07,25.361387252807617,32.17818069458008,1,0,0.6000000238418579,0,0,1,0,0,8,0,0,0,8,99,1,0.0,0.0,33.03850173950195,28.40812110900879,1.5,0,66,0.0,0.0,0.0,0,0,0
1780578736.6664681,0,0.3499999940395355,0,0,289,900,423158243,31,77,-6.459017498627873e-08,-2.0669668288064713e-07,25.361387252807617,32.17818069458008,1,0,0.6000000238418579,0,0,1,0,0,8,0,0,0,8,99,1,0.0,0.0,33.03850173950195,28.408123016357422,1.5,0,66,0.0,0.0,0.0,0,0,0
1780578736.6868143,0,0.3499999940395355,0,0,289,900,423158243,31,77,-5.038033634718886e-08,-1.6122341151003639e-07,25.361387252807617,32.17818069458008,1,0,0.6000000238418579,0,0,1,0,0,8,0,0,0,8,99,1,0.0,0.0,33.03850173950195,28.408123016357422,1.5,0,66,0.0,0.0,0.0,0,0,0
1780578736.7066631,0,0.3499999940395355,0,0,289,900,423158243,31,77,-3.929666192448167e-08,-1.257542550092694e-07,25.361387252807617,32.17818069458008,1,0,0.6000000238418579,0,0,1,0,0,8,0,0,0,8,99,1,0.0,0.0,33.03850173950195,28.408123016357422,1.5,0,66,0.0,0.0,0.0,0,0,0
1780578736.7271302,0,0.3499999940395355,0,0,289,900,423158243,31,77,-3.065139608793288e-08,-9.808831435975662e-08,25.361387252807617,32.17818069458008,1,0,0.6000000238418579,0,0,1,0,0,8,0,0,0,8,99,1,0.0,0.0,33.03850173950195,28.40812110900879,1.5,0,66,0.0,0.0,0.0,0,0,0
1780578736.747015,0,0.3499999940395355,0,0,289,900,423158243,31,77,-2.3908087953827817e-08,-7.650888278476486e-08,25.361387252807617,32.17818069458008,1,0,0.6000000238418579,0,0,1,0,0,8,0,0,0,8,99,1,0.0,0.0,33.03850173950195,28.40812110900879,1.5,0,66,0.0,0.0,0.0,0,0,0
1780578736.766766,0,0.3499999940395355,0,0,289,900,423158243,31,77,-1.864830778686155e-08,-5.96769282878995e-08,25.361387252807617,32.17818069458008,1,0,0.6000000238418579,0,0,1,0,0,8,0,0,0,8,99,1,0.0,0.0,33.03850173950195,28.40812110900879,1.5,0,66,0.0,0.0,0.0,0,0,0
1780578736.7871773,0,0.3499999940395355,0,0,289,900,423158243,32,77,-1.4545679327682137e-08,-4.6548002785584686e-08,25.361387252807617,32.17818069458008,1,0,0.6000000238418579,0,0,1,0,0,8,0,0,0,8,99,1,0.0,0.0,33.03850173950195,28.40812110900879,1.5,0,66,0.0,0.0,0.0,0,0,0
1780578736.8064172,0,0.3499999940395355,0,0,289,900,423158243,32,77,-1.4545679327682137e-08,-4.6548002785584686e-08,25.361387252807617,32.17818069458008,1,0,0.6000000238418579,0,0,1,0,0,8,0,0,0,8,99,1,0.0,0.0,33.03850173950195,28.40812110900879,1.5,0,66,0.0,0.0,0.0,0,0,0
1780578736.8271203,0,0.3499999940395355,0,0,289,900,423158243,32,77,-1.4545679327682137e-08,-4.6548002785584686e-08,25.361387252807617,32.17818069458008,1,0,0.6000000238418579,0,0,1,0,0,8,0,0,0,8,99,1,0.0,0.0,33.03850173950195,28.408119201660156,1.5,0,66,0.0,0.0,0.0,0,0,0
1780578736.8470793,0,0.3499999940395355,0,0,289,900,423158243,32,77,-1.4545679327682137e-08,-4.6548002785584686e-08,25.361387252807617,32.17818069458008,1,0,0.6000000238418579,0,0,1,0,0,8,0,0,0,8,99,1,0.0,0.0,33.03850173950195,28.408119201660156,1.5,0,66,0.0,0.0,0.0,0,0,0
1780578736.8671987,0,0.3499999940395355,0,0,289,900,423158243,32,77,-1.4545679327682137e-08,-4.6548002785584686e-08,25.361387252807617,32.17818069458008,1,0,0.6000000238418579,0,0,1,0,0,8,0,0,0,8,99,1,0.0,0.0,33.03850173950195,28.40812110900879,1.5,0,66,0.0,0.0,0.0,0,0,0
1780578736.8869185,0,0.3499999940395355,0,0,289,900,423158243,32,77,-1.4545679327682137e-08,-4.6548002785584686e-08,25.361387252807617,32.17818069458008,1,0,0.6000000238418579,0,0,1,0,0,8,0,0,0,8,99,1,0.0,0.0,33.03850173950195,28.40812110900879,1.5,0,66,0.0,0.0,0.0,0,0,0
1780578736.9073014,0,0.3499999940395355,0,0,289,900,423158243,32,77,-1.4545679327682137e-08,-4.6548002785584686e-08,25.361387252807617,32.17818069458008,1,0,0.6000000238418579,0,0,1,0,0,8,0,0,0,8,99,1,0.0,0.0,33.03850173950195,28.408119201660156,1.5,0,66,0.0,0.0,0.0,0,0,0
1780578736.9268851,0,0.3499999940395355,0,0,289,900,423158243,32,77,-1.4545679327682137e-08,-4.6548002785584686e-08,25.361387252807617,32.17818069458008,1,0,0.6000000238418579,0,0,1,0,0,8,0,0,0,8,99,1,0.0,0.0,33.03850173950195,28.40812110900879,1.5,0,66,0.0,0.0,0.0,0,0,0
1780578736.946505,0,0.3499999940395355,0,0,289,900,423158243,32,77,-1.4545679327682137e-08,-4.6548002785584686e-08,25.361387252807617,32.17818069458008,1,0,0.6000000238418579,0,0,1,0,0,8,0,0,0,8,99,1,0.0,0.0,33.03850173950195,28.40812110900879,1.5,0,66,0.0,0.0,0.0,0,0,0
1780578736.9666104,0,0.3499999940395355,0,0,289,900,423158243,32,77,-1.4545679327682137e-08,-4.6548002785584686e-08,25.361387252807617,32.17818069458008,1,0,0.6000000238418579,0,0,1,0,0,8,0,0,0,8,99,1,0.0,0.0,33.03850173950195,28.408119201660156,1.5,0,66,0.0,0.0,0.0,0,0,0
1780578736.9869666,0,0.3499999940395355,0,0,289,900,423158243,32,77,-1.4545679327682137e-08,-4.6548002785584686e-08,25.361387252807617,32.17818069458008,1,0,0.6000000238418579,0,0,1,0,0,8,0,0,0,8,99,1,0.0,0.0,33.03850173950195,28.40812110900879,1.5,0,66,0.0,0.0,0.0,0,0,0
1780578737.007047,0,0.3499999940395355,0,0,289,900,423158243,32,77,-1.4545679327682137e-08,-4.6548002785584686e-08,25.361387252807617,32.17818069458008,1,0,0.6000000238418579,0,0,1,0,0,8,0,0,0,8,99,1,0.0,0.0,33.03850173950195,28.40812110900879,1.5,0,66,0.0,0.0,0.0,0,0,0
1780578737.0268483,0,0.3499999940395355,0,0,289,900,423158243,10,77,-1.4545679327682137e-08,-4.6548002785584686e-08,25.361387252807617,32.17818069458008,1,0,0.6000000238418579,0,0,1,0,0,8,0,0,0,8,99,1,0.0,0.0,33.03850173950195,28.408119201660156,1.5,0,66,0.0,0.0,0.0,0,0,0
1780578737.0470114,0,0.3499999940395355,0,0,289,900,423158243,10,77,-1.4545679327682137e-08,-1.7999992370605469,25.361387252807617,32.142181396484375,1,0,0.6000000238418579,0,0,1,0,0,8,0,0,0,8,99,1,0.0,0.0,33.03850173950195,28.408119201660156,1.5,0,66,0.0,0.0,0.0,0,0,0
1780578737.0668497,0,0.3499999940395355,0,0,289,900,423158243,10,77,-1.4545679327682137e-08,-3.5999984741210938,25.361387252807617,32.0701789855957,1,0,0.6000000238418579,0,0,1,0,0,8,0,0,0,8,99,1,0.0,0.0,33.03850173950195,28.408119201660156,1.5,0,66,0.0,0.0,0.0,0,0,0
1780578737.0861704,0,0.3499999940395355,0,0,289,900,423158243,10,77,-1.4545679327682137e-08,-5.399997711181641,25.361387252807617,31.962181091308594,1,0,0.6000000238418579,0,0,1,0,0,8,0,0,0,8,99,1,0.0,0.0,33.03850173950195,28.408123016357422,1.5,0,66,0.0,0.0,0.0,0,0,0
1780578737.1066263,0,0.3499999940395355,0,0,289,900,423158243,10,77,-1.4545679327682137e-08,-7.1999969482421875,25.361387252807617,31.81818199157715,1,0,0.6000000238418579,0,0,1,0,0,8,0,0,0,8,99,1,0.0,0.0,33.03850173950195,28.40812110900879,1.5,0,66,0.0,0.0,0.0,0,0,0
1780578737.1266484,0,0.3499999940395355,0,0,289,900,423158243,10,77,-1.4545679327682137e-08,-8.999996185302734,25.361387252807617,31.638181686401367,1,0,0.6000000238418579,0,0,1,0,0,8,0,0,0,8,99,1,0.0,0.0,33.03850173950195,28.40812110900879,1.5,0,66,0.0,0.0,0.0,0,0,0
1780578737.1466231,0,0.3499999940395355,0,0,289,900,423158243,10,77,-1.4545679327682137e-08,-10.799995422363281,25.361387252807617,31.422182083129883,1,0,0.6000000238418579,0,0,1,0,0,8,0,0,0,8,99,1,0.0,0.0,33.03850173950195,28.40812110900879,1.5,0,66,0.0,0.0,0.0,0,0,0
1780578737.1667285,0,0.3499999940395355,0,0,289,900,423158243,10,77,-1.4545679327682137e-08,-12.599994659423828,25.361387252807617,31.170183181762695,1,0,0.6000000238418579,0,0,1,0,0,8,0,0,0,8,99,1,0.0,0.0,33.03850173950195,28.40812110900879,1.5,0,66,0.0,0.0,0.0,0,0,0
1780578737.1865835,0,0.3499999940395355,0,0,289,900,423158243,10,77,-1.4545679327682137e-08,-14.399993896484375,25.361387252807617,30.882183074951172,1,0,0.6000000238418579,0,0,1,0,0,8,0,0,0,8,99,1,0.0,0.0,33.03850173950195,28.40812110900879,1.5,0,66,0.0,0.0,0.0,0,0,0
1780578737.2066143,0,0.3499999940395355,0,0,289,900,423158243,10,77,-1.4545679327682137e-08,-16.199993133544922,25.361387252807617,30.558183670043945,1,0,0.6000000238418579,0,0,1,0,0,8,0,0,0,8,99,1,0.0,0.0,33.03850173950195,28.408119201660156,1.5,0,66,0.0,0.0,0.0,0,0,0
1780578737.2262523,0,0.3499999940395355,0,0,289,900,423158243,10,77,-1.4545679327682137e-08,-17.99999237060547,25.361387252807617,30.198183059692383,1,0,0.6000000238418579,0,0,1,0,0,8,0,0,0,8,99,1,0.0,0.0,33.03850173950195,28.408123016357422,1.5,0,66,0.0,0.0,0.0,0,0,0
1780578737.2466843,0,0.3499999940395355,0,0,289,900,423158243,10,77,-1.4545679327682137e-08,-19.799991607666016,25.361387252807617,29.802183151245117,1,0,0.6000000238418579,0,0,1,0,0,8,0,0,0,8,99,1,0.0,0.0,33.03850173950195,28.408123016357422,1.5,0,66,0.0,0.0,0.0,0,0,0
1780578737.2666595,0,0.3499999940395355,0,0,289,900,423158243,10,77,-1.4545679327682137e-08,-21.599990844726562,25.361387252807617,29.37018394470215,1,0,0.6000000238418579,0,0,1,0,0,8,0,0,0,8,99,1,0.0,0.0,33.03850173950195,28.40812110900879,1.5,0,66,0.0,0.0,0.0,0,0,0
1780578737.2870045,0,0.3499999940395355,0,0,289,900,423158243,10,77,-1.4545679327682137e-08,-23.39999008178711,25.361387252807617,28.902183532714844,1,0,0.6000000238418579,0,0,1,0,0,8,0,0,0,8,99,1,0.0,0.0,33.03850173950195,28.408119201660156,1.5,0,66,0.0,0.0,0.0,0,1,0
1780578737.306762,0,0.3499999940395355,0,0,289,900,423158243,11,77,0.0,0.0,25.361387252807617,28.56183624267578,1,0,0.6000000238418579,0,0,1,0,0,8,0,0,0,8,99,1,0.0,0.0,33.03850173950195,28.40812110900879,1.5,0,66,0.0,0.0,0.0,0,1,0
1780578737.3272898,0,0.3499999940395355,0,0,289,900,423158243,11,77,0.0,0.0,25.361387252807617,28.56184959411621,1,0,0.6000000238418579,0,0,1,0,0,8,0,0,0,8,99,1,0.0,0.0,33.03850173950195,28.408119201660156,1.5,0,66,0.0,0.0,0.0,0,1,0
1780578737.3470023,0,0.3499999940395355,0,0,289,900,423158243,11,77,0.0,0.0,25.361387252807617,28.561859130859375,1,0,0.6000000238418579,0,0,1,0,0,8,0,0,0,8,99,1,0.0,0.0,33.03850173950195,28.40812110900879,1.5,0,66,0.0,0.0,0.0,0,1,0
1780578737.3667126,0,0.3499999940395355,0,0,289,900,423158243,11,77,0.0,0.0,25.361387252807617,28.561864852905273,1,0,0.6000000238418579,0,0,1,0,0,8,0,0,0,8,99,1,0.0,0.0,33.03850173950195,28.40812110900879,1.5,0,66,0.0,0.0,0.0,0,1,0
1780578737.3867722,0,0.3499999940395355,0,0,289,900,423158243,11,77,0.0,0.0,25.361387252807617,28.56186866760254,1,0,0.6000000238418579,0,0,1,0,0,8,0,0,0,8,99,1,0.0,0.0,33.03850173950195,28.40812110900879,1.5,0,66,0.0,0.0,0.0,0,1,0
1780578737.4070222,0,0.3499999940395355,0,0,289,900,423158243,11,77,0.0,0.0,25.361387252807617,28.561870574951172,1,0,0.6000000238418579,0,0,1,0,0,8,0,0,0,8,99,1,0.0,0.0,33.03850173950195,28.40812110900879,1.5,0,66,0.0,0.0,0.0,0,1,0
1780578737.4266722,0,0.3499999940395355,0,0,289,900,423158243,11,77,0.0,0.0,25.361387252807617,28.561870574951172,1,0,0.6000000238418579,0,0,1,0,0,8,0,0,0,8,99,1,0.0,0.0,33.03850173950195,28.40812110900879,1.5,0,66,0.0,0.0,0.0,0,0,0
1780578737.4468682,0,0.3499999940395355,0,0,289,900,423158243,11,77,0.0,0.0,25.361387252807617,28.561870574951172,1,0,0.6000000238418579,0,0,1,0,0,8,0,0,0,8,99,1,0.0,0.0,33.03850173950195,28.408119201660156,1.5,0,66,0.0,0.0,0.0,0,0,0
1780578737.4669626,0,0.3499999940395355,0,0,289,900,423158243,11,77,0.0,0.0,25.361387252807617,28.561870574951172,0,0,0.6000000238418579,0,0,1,0,0,8,0,0,0,8,99,1,0.0,0.0,33.03850173950195,28.408123016357422,1.5,0,66,0.0,0.0,0.0,0,0,0
1780578737.4869623,0,0.3499999940395355,0,0,289,900,423158243,11,77,0.0,0.0,25.361387252807617,28.561870574951172,0,0,0.6000000238418579,0,0,1,0,0,8,0,0,0,8,99,1,0.0,0.0,33.03850173950195,28.408119201660156,1.5,0,66,0.0,0.0,0.0,0,0,0
1780578737.5066748,0,0.3499999940395355,0,0,289,900,423158243,11,77,0.0,0.0,25.361387252807617,28.561870574951172,0,0,0.6000000238418579,0,0,1,0,0,8,0,0,0,8,99,1,0.0,0.0,33.03850173950195,28.408119201660156,1.5,0,66,0.0,0.0,0.0,0,0,0
1780578737.5268393,0,0.3499999940395355,0,0,289,900,423158243,11,77,0.0,0.0,25.361387252807617,28.561870574951172,0,0,0.6000000238418579,0,0,1,0,0,8,0,0,0,8,99,1,0.0,0.0,33.03850173950195,28.408123016357422,1.5,0,66,0.0,0.0,0.0,0,0,0
1780578737.5466821,0,0.3499999940395355,0,0,289,900,423158243,1,77,0.0,0.0,25.361387252807617,28.561870574951172,0,0,0.6000000238418579,0,0,1,0,0,8,0,0,0,8,99,1,0.0,0.0,33.03850173950195,28.40812110900879,1.5,0,66,0.0,0.0,0.0,0,0,0
1780578737.5669239,0,0.3499999940395355,0,0,289,900,423158243,1,77,0.0,0.0,25.361387252807617,28.561870574951172,0,0,0.6000000238418579,0,0,1,0,0,8,0,0,0,8,99,1,-2.0,0.0,33.03850173950195,28.408123016357422,1.5,0,33,0.0,0.0,0.0,0,0,0
1780578737.5866823,0,0.3499999940395355,0,0,289,900,423158243,1,77,0.0,0.0,25.361387252807617,28.561870574951172,0,0,0.6000000238418579,0,0,1,0,0,8,0,0,0,8,99,1,-2.0,0.0,33.01308822631836,28.408119201660156,1.5,0,33,0.0,0.0,0.0,0,0,0
1780578737.6067717,0,0.3499999940395355,0,0,289,900,423158243,1,77,0.0,0.0,25.361387252807617,28.561870574951172,0,0,0.6000000238418579,0,0,1,0,0,8,0,0,0,8,99,1,-2.0,0.0,32.97312927246094,28.408123016357422,1.5,0,33,0.0,0.0,0.0,0,0,0
1780578737.6269724,0,0.3499999940395355,0,0,289,900,423158243,1,77,0.0,0.0,25.361387252807617,28.561870574951172,0,0,0.6000000238418579,0,0,1,0,0,8,0,0,0,8,99,1,-2.0,0.0,32.93312072753906,28.40812110900879,1.5,0,33,0.0,0.0,0.0,0,0,0
1780578737.6466742,0,0.3499999940395355,0,0,289,900,423158243,1,77,0.0,0.0,25.361387252807617,28.561870574951172,0,0,0.6000000238418579,0,0,1,0,0,8,0,0,0,8,99,1,-2.0,0.0,32.893157958984375,28.40812110900879,1.5,0,33,0.0,0.0,0.0,0,0,0
1780578737.666705,0,0.3499999940395355,0,0,289,900,423158243,1,77,0.0,0.0,25.361387252807617,28.561870574951172,0,0,0.6000000238418579,0,0,1,0,0,8,0,0,0,8,99,1,-2.0,0.0,32.85319900512695,28.40812110900879,1.5,0,33,0.0,0.0,0.0,0,0,0
1780578737.6866934,0,0.3499999940395355,0,0,289,900,423158243,1,77,0.0,0.0,25.361387252807617,28.561870574951172,0,0,0.6000000238418579,0,0,1,0,0,8,0,0,0,8,99,1,-2.0,0.0,32.81324005126953,28.408119201660156,1.5,0,33,0.0,0.0,0.0,0,0,0
1780578737.7067192,0,0.3499999940395355,0,0,289,900,423158243,1,77,0.0,0.0,25.361387252807617,28.561870574951172,0,0,0.6000000238418579,0,0,1,0,0,8,0,0,0,8,99,1,-2.0,0.0,32.773193359375,28.408119201660156,1.5,0,33,0.0,0.0,0.0,0,0,0
1780578737.7263825,0,0.3499999940395355,0,0,289,900,423158243,1,77,0.0,0.0,25.361387252807617,28.561870574951172,0,0,0.6000000238418579,0,0,1,0,0,8,0,0,0,8,99,1,-2.0,0.0,32.73323440551758,28.408123016357422,1.5,0,33,0.0,0.0,0.0,0,0,0
1780578737.7468045,0,0.3499999940395355,0,0,289,900,423158243,1,77,0.0,0.0,25.361387252807617,28.561870574951172,0,0,0.6000000238418579,0,0,1,0,0,8,0,0,0,8,99,1,-2.0,0.0,32.693275451660156,28.40812110900879,1.5,0,33,0.0,0.0,0.0,0,0,0
1780578737.7663672,0,0.3499999940395355,0,0,289,900,423158243,1,77,0.0,0.0,25.361387252807617,28.561870574951172,0,0,0.6000000238418579,0,0,1,0,0,8,0,0,0,8,99,1,-2.0,0.0,32.653255462646484,28.40812110900879,1.5,0,33,0.0,0.0,0.0,0,0,0
1780578737.7868283,0,0.3499999940395355,0,0,289,900,423158243,1,77,0.0,0.0,25.361387252807617,28.561870574951172,0,0,0.6000000238418579,0,0,1,0,0,8,0,0,0,8,99,1,-2.0,0.0,32.613121032714844,28.408119201660156,1.5,0,33,0.0,0.0,0.0,0,0,0
1780578737.8067877,0,0.3499999940395355,0,0,289,900,423158243,1,77,0.0,0.0,25.361387252807617,28.561870574951172,0,0,0.6000000238418579,0,0,1,0,0,8,0,0,0,8,99,1,-2.0,0.0,32.573158264160156,28.408123016357422,1.5,0,33,0.0,0.0,0.0,0,0,0
1780578737.826549,0,0.3499999940395355,0,0,289,900,423158243,1,77,0.0,0.0,25.361387252807617,28.561870574951172,0,0,0.6000000238418579,0,0,1,0,0,8,0,0,0,8,99,1,-2.0,0.0,32.53319549560547,28.408123016357422,1.5,0,33,0.0,0.0,0.0,0,0,0
1780578737.8466957,0,0.3499999940395355,0,0,289,900,423158243,1,77,0.0,0.0,25.361387252807617,28.561870574951172,0,0,0.6000000238418579,0,0,1,0,0,8,0,0,0,8,99,1,-2.0,0.0,32.493106842041016,28.408123016357422,1.5,0,33,0.0,0.0,0.0,0,0,0
1780578737.866224,0,0.3499999940395355,0,0,289,900,423158243,1,77,0.0,0.0,25.361387252807617,28.561870574951172,1,0,0.6000000238418579,0,0,1,0,0,8,0,0,0,8,99,1,0.0,0.0,32.453147888183594,28.408119201660156,1.5,0,33,0.0,0.0,0.0,0,0,0
1780578737.8863947,0,0.3499999940395355,0,0,289,900,423158243,1,77,0.0,0.0,25.361387252807617,28.561870574951172,1,0,0.6000000238418579,0,0,1,0,0,8,0,0,0,8,99,1,0.0,0.0,32.4384880065918,28.40812110900879,1.5,0,33,0.0,0.0,0.0,0,0,0
1780578737.9072254,0,0.3499999940395355,0,0,289,900,423158243,1,77,0.0,0.0,25.361387252807617,28.561870574951172,1,0,0.6000000238418579,0,0,1,0,0,8,0,0,0,8,99,1,0.0,0.0,32.4384880065918,28.408123016357422,1.5,0,33,-1.0,0.0,0.0,0,0,0
1780578737.9266136,0,0.3499999940395355,0,0,289,900,423158243,1,77,0.0,0.0,25.361387252807617,28.561870574951172,1,0,0.6000000238418579,0,0,1,0,0,8,0,0,0,8,99,1,0.0,0.0,32.4384880065918,28.408123016357422,1.5,0,33,-1.0,0.0,0.0,0,0,0
1780578737.947179,0,0.3499999940395355,0,0,289,900,423158243,2,77,0.0,0.0,25.361387252807617,28.561870574951172,1,0,0.6000000238418579,0,0,0,0,0,8,0,0,0,8,99,1,-8.300000190734863,0.0,32.33246612548828,28.40812110900879,1.5,0,33,-1.0,0.0,0.0,0,0,0
1780578737.9668748,0,0.3499999940395355,0,0,289,900,423158243,2,77,0.0,0.0,25.361387252807617,28.561872482299805,1,0,0.6000000238418579,0,0,0,0,0,8,0,0,0,8,99,1,-8.300000190734863,0.0,32.166629791259766,28.408119201660156,1.5,0,33,-1.0,0.0,0.0,0,0,0
1780578737.9869113,0,0.3499999940395355,0,0,289,900,423158243,2,77,0.0,0.0,25.361387252807617,28.561872482299805,1,0,0.6000000238418579,0,0,0,0,0,8,0,0,0,8,99,1,-8.300000190734863,0.0,32.000797271728516,28.40812110900879,1.5,0,33,-1.0,0.0,0.0,0,0,0
1780578738.0063488,0,0.3499999940395355,0,0,289,900,423158243,2,77,0.0,0.0,25.361387252807617,28.561872482299805,1,0,0.6000000238418579,0,0,0,0,0,8,0,0,0,8,99,1,-8.300000190734863,0.0,31.834625244140625,28.408123016357422,1.5,0,33,-1.0,0.0,0.0,0,0,0
1780578738.027287,0,0.3499999940395355,0,0,289,900,423158243,2,77,0.0,0.0,25.361387252807617,28.561872482299805,1,0,0.6000000238418579,0,0,0,0,0,8,0,0,0,8,99,1,-8.300000190734863,0.0,31.66878890991211,28.408123016357422,1.5,0,33,-1.0,0.0,0.0,0,0,0
1780578738.047417,0,0.3499999940395355,0,0,289,900,423158243,2,77,0.0,0.0,25.361387252807617,28.561872482299805,1,0,0.6000000238418579,0,0,0,0,0,8,0,0,0,8,99,1,-8.300000190734863,0.0,31.502178192138672,28.408119201660156,1.5,0,33,0.0,0.0,0.0,0,0,0
1780578738.066468,0,0.3499999940395355,0,0,289,900,423158243,2,77,0.0,0.0,25.361387252807617,28.561872482299805,1,0,0.6000000238418579,0,0,0,0,0,8,0,0,0,8,99,1,-8.300000190734863,0.0,31.336341857910156,28.40812110900879,1.5,0,33,0.0,0.0,0.0,0,0,0
1780578738.0864418,0,0.3499999940395355,0,0,289,900,423158243,2,77,0.0,0.0,25.361387252807617,28.561872482299805,1,0,0.6000000238418579,0,0,1,0,0,8,0,0,0,8,99,1,8.300000190734863,0.0,31.382461547851562,28.408123016357422,1.5,0,33,0.0,0.0,0.0,0,0,0
1780578738.1068676,0,0.3499999940395355,0,0,289,900,423158243,2,77,0.0,0.0,25.361387252807617,28.561872482299805,1,0,0.6000000238418579,0,0,1,0,0,8,0,0,0,8,99,1,0.0,0.0,31.442485809326172,28.408119201660156,1.5,0,33,0.0,0.0,0.0,0,0,0
1780578738.1265697,0,0.3499999940395355,0,0,289,900,423158243,2,77,0.0,0.0,25.361387252807617,28.561872482299805,1,0,0.6000000238418579,0,0,1,0,0,8,0,0,0,8,99,1,0.0,0.0,31.442485809326172,28.408123016357422,1.5,0,33,0.0,0.0,0.0,0,0,0
1780578738.1465447,0,0.3499999940395355,0,0,289,900,423158243,2,77,0.0,0.0,25.361387252807617,28.561872482299805,1,0,0.6000000238418579,0,0,1,0,0,8,0,0,0,8,99,1,0.0,0.0,31.442485809326172,28.40812110900879,1.5,0,33,0.0,0.0,0.0,0,0,0
1780578738.1669614,0,0.3499999940395355,0,0,289,900,423158243,2,77,0.0,0.0,25.361387252807617,28.561872482299805,1,0,0.6000000238418579,0,0,1,0,0,8,0,0,0,8,99,1,0.0,0.0,31.442485809326172,28.40812110900879,1.5,0,33,0.0,0.0,0.0,0,0,0
1780578738.1868305,0,0.3499999940395355,0,0,289,900,423158243,2,77,0.0,0.0,25.361387252807617,28.561872482299805,1,0,0.6000000238418579,0,0,1,0,0,8,0,0,0,8,99,1,0.0,0.0,31.442485809326172,28.40812110900879,1.5,0,33,0.0,0.0,0.0,0,0,0
1780578738.2062385,0,0.3499999940395355,0,0,289,900,423158243,2,77,0.0,0.0,25.361387252807617,28.561872482299805,1,0,0.6000000238418579,0,0,1,0,0,8,0,0,0,8,99,1,0.0,0.0,31.442485809326172,28.40812110900879,1.5,0,33,0.0,0.0,0.0,0,0,0
1780578738.226085,0,0.3499999940395355,0,0,289,900,423158243,2,77,0.0,0.0,25.361387252807617,28.561872482299805,1,0,0.6000000238418579,0,0,1,0,0,8,0,0,0,8,99,1,0.0,0.0,31.442485809326172,28.408123016357422,1.5,0,33,0.0,0.0,0.0,0,0,0
1780578738.246631,0,0.3499999940395355,0,0,289,900,423158243,2,77,0.0,0.0,25.361387252807617,28.561872482299805,1,0,0.6000000238418579,0,0,1,0,0,8,0,0,0,8,99,1,0.0,0.0,31.442485809326172,28.40812110900879,1.5,0,33,0.0,0.0,0.0,0,0,0
1780578738.2670076,0,0.3499999940395355,0,0,289,900,423158243,2,77,0.0,0.0,25.361387252807617,28.561872482299805,1,0,0.6000000238418579,0,0,1,0,0,8,0,0,0,8,99,1,0.0,0.0,31.442485809326172,28.40812110900879,1.5,0,33,0.0,0.0,0.0,0,0,0
1780578738.2862785,0,0.3499999940395355,0,0,289,900,423158243,2,77,0.0,0.0,25.361387252807617,28.561872482299805,1,0,0.6000000238418579,0,0,1,0,0,8,0,0,0,8,99,1,0.0,0.0,31.442485809326172,28.408123016357422,1.5,0,33,0.0,0.0,0.0,0,0,0
1780578738.3067763,0,0.3499999940395355,0,0,289,900,423158243,2,77,0.0,0.0,25.361387252807617,28.561872482299805,1,0,0.6000000238418579,0,0,1,0,0,8,0,0,0,8,99,1,0.0,0.0,31.442485809326172,28.40812110900879,1.5,0,33,0.0,0.0,0.0,0,0,0
1780578738.3271797,0,0.3499999940395355,0,0,289,900,423158243,2,77,0.0,0.0,25.361387252807617,28.561872482299805,1,0,0.6000000238418579,0,0,1,0,0,8,0,0,0,8,99,1,0.0,0.0,31.442485809326172,28.408123016357422,1.5,0,33,-1.0,0.0,0.0,0,0,0
1780578738.3473253,0,0.3499999940395355,0,0,289,900,423158243,2,77,0.0,0.0,25.361387252807617,28.561872482299805,1,0,0.6000000238418579,0,0,1,0,0,8,0,0,0,8,99,1,0.0,0.0,31.442485809326172,28.40812110900879,1.5,0,33,-1.0,0.0,0.0,0,0,0
1780578738.366656,0,0.3499999940395355,0,0,289,900,423158243,2,77,0.0,0.0,25.361387252807617,28.561872482299805,1,0,0.6000000238418579,0,0,0,0,0,8,0,0,0,8,99,1,-8.300000190734863,0.0,31.336788177490234,28.408119201660156,1.5,0,33,-1.0,0.0,0.0,0,0,0
1780578738.3868308,0,0.3499999940395355,0,0,289,900,423158243,2,77,0.0,0.0,25.361387252807617,28.561872482299805,1,0,0.6000000238418579,0,0,0,0,0,8,0,0,0,8,99,1,-8.300000190734863,0.0,31.17095375061035,28.40812110900879,1.5,0,33,-1.0,0.0,0.0,0,0,0
1780578738.4073646,0,0.3499999940395355,0,0,289,900,423158243,2,77,0.0,0.0,25.361387252807617,28.561872482299805,1,0,0.6000000238418579,0,0,0,0,0,8,0,0,0,8,99,1,-8.300000190734863,0.0,31.00511932373047,28.408123016357422,1.5,0,33,-1.0,0.0,0.0,0,0,0
1780578738.426788,0,0.3499999940395355,0,0,289,900,423158243,2,77,0.0,0.0,25.361387252807617,28.561872482299805,1,0,0.6000000238418579,0,0,0,0,0,8,0,0,0,8,99,1,-8.300000190734863,0.0,30.838886260986328,28.408123016357422,1.5,0,33,0.0,0.0,0.0,0,0,0
1780578738.4474616,0,0.3499999940395355,0,0,289,900,423158243,2,77,0.0,0.0,25.361387252807617,28.561872482299805,1,0,0.6000000238418579,0,0,0,0,0,8,0,0,0,8,99,1,-8.300000190734863,0.0,30.673049926757812,28.408123016357422,1.5,0,33,0.0,0.0,0.0,0,0,0
1780578738.4668424,0,0.3499999940395355,0,0,289,900,423158243,2,77,0.0,0.0,25.361387252807617,28.561872482299805,1,0,0.6000000238418579,0,0,0,0,0,8,0,0,0,8,99,1,0.0,0.0,30.612483978271484,28.40812110900879,1.5,0,33,0.0,0.0,0.0,0,0,0
1780578738.487172,0,0.3499999940395355,0,0,289,900,423158243,2,77,0.0,0.0,25.361387252807617,28.561872482299805,1,0,0.6000000238418579,0,0,0,0,0,8,0,0,0,8,99,1,0.0,0.0,30.612483978271484,28.408123016357422,1.5,0,33,1.0,0.0,0.0,0,0,0
1780578738.5066347,0,0.3499999940395355,0,0,289,900,423158243,3,77,25.0,0.0,25.361387252807617,28.561872482299805,1,0,0.6000000238418579,0,0,0,0,0,8,0,0,0,8,99,1,0.0,0.0,30.612483978271484,28.40812110900879,1.5,0,33,1.0,0.0,0.0,0,0,0
1780578738.5272303,0,0.3499999940395355,0,0,289,900,423158243,3,77,25.0,0.0,25.861387252807617,28.561872482299805,1,0,0.6000000238418579,0,0,1,0,0,8,0,0,0,8,99,1,8.300000190734863,0.0,30.718109130859375,28.40812110900879,1.5,0,33,1.0,0.0,0.0,0,0,0
1780578738.547095,0,0.3499999940395355,0,0,289,900,423158243,3,77,25.0,0.0,26.361387252807617,28.561872482299805,1,0,0.6000000238418579,0,0,1,0,0,8,0,0,0,8,99,1,8.300000190734863,0.0,30.883943557739258,28.40812110900879,1.5,0,33,1.0,0.0,0.0,1,0,0
1780578738.5663006,0,0.3499999940395355,0,0,289,900,423158243,3,77,25.0,0.0,26.861387252807617,28.561872482299805,1,0,0.6000000238418579,0,0,1,0,0,8,0,0,1,8,99,1,8.300000190734863,0.0,31.05001449584961,28.40812110900879,1.5,0,33,1.0,1.0,0.0,1,0,0
1780578738.5870247,0,0.3499999940395355,0,0,289,900,423158243,3,77,25.0,0.0,27.361387252807617,28.561872482299805,1,0,0.6000000238418579,0,0,1,0,0,8,0,0,1,8,99,0,8.300000190734863,15.70199966430664,31.215850830078125,28.60744857788086,1.5,0,33,1.0,1.0,0.0,1,0,0
1780578738.6069796,0,0.3499999940395355,0,0,289,900,423158243,3,77,25.0,0.0,27.861387252807617,28.561872482299805,1,0,0.6000000238418579,0,0,1,0,0,8,0,0,1,8,99,0,8.300000190734863,15.70199966430664,31.381683349609375,28.92117691040039,1.5,0,33,1.0,1.0,0.0,1,0,0
1780578738.6266053,0,0.3499999940395355,0,0,289,900,423158243,3,77,25.0,0.0,28.361387252807617,28.561872482299805,1,0,0.6000000238418579,0,0,1,0,0,8,0,0,1,8,99,0,8.300000190734863,15.70199966430664,31.548667907714844,29.237071990966797,1.5,0,33,1.0,1.0,0.0,1,0,0
1780578738.646953,0,0.3499999940395355,0,0,289,900,423158243,3,77,25.0,0.0,28.861387252807617,28.561872482299805,1,0,0.6000000238418579,0,0,1,0,0,8,0,0,1,8,99,0,8.300000190734863,15.70199966430664,31.714500427246094,29.550796508789062,1.5,0,33,1.0,1.0,0.0,1,0,0
1780578738.6669052,0,0.3499999940395355,0,0,289,900,423158243,3,77,25.0,0.0,29.361387252807617,28.561872482299805,1,0,0.6000000238418579,0,0,1,0,0,8,0,0,1,8,99,0,8.300000190734863,15.70199966430664,31.880334854125977,29.864521026611328,1.5,0,33,1.0,1.0,0.0,1,0,0
1780578738.6870086,0,0.3499999940395355,0,0,289,900,423158243,3,77,25.0,0.0,29.861387252807617,28.561872482299805,1,0,0.6000000238418579,0,0,1,0,0,8,0,0,1,8,99,0,8.300000190734863,15.70199966430664,32.04616928100586,30.17824935913086,1.5,0,33,1.0,1.0,0.0,1,0,0
1780578738.7066822,0,0.3499999940395355,0,0,289,900,423158243,3,77,25.0,0.0,30.361387252807617,28.561872482299805,1,0,0.6000000238418579,0,0,1,0,0,8,0,0,1,8,99,0,8.300000190734863,15.70199966430664,32.21227264404297,30.492481231689453,1.5,0,33,-1.0,1.0,0.0,1,0,0
1780578738.7271094,0,0.3499999940395355,0,0,289,900,423158243,3,77,25.0,0.0,30.861387252807617,28.561872482299805,1,0,0.6000000238418579,0,0,1,0,0,8,0,0,1,8,99,0,8.300000190734863,15.70199966430664,32.378108978271484,30.80620765686035,1.5,0,33,-1.0,1.0,0.0,1,0,0
1780578738.7470877,0,0.3499999940395355,0,0,289,900,423158243,3,77,25.0,0.0,31.361387252807617,28.561872482299805,1,0,0.6000000238418579,0,0,1,0,0,8,0,0,1,8,99,0,0.0,15.70199966430664,32.4384880065918,31.119930267333984,1.5,0,33,-1.0,1.0,0.0,1,0,0
1780578738.7664244,0,0.3499999940395355,0,0,289,900,423158243,3,77,25.0,0.0,31.861387252807617,28.561872482299805,1,0,0.6000000238418579,0,0,0,0,0,8,0,0,1,8,99,0,-8.300000190734863,15.70199966430664,32.33319854736328,31.433658599853516,1.5,0,33,-1.0,1.0,0.0,1,0,0
1780578738.7865963,0,0.3499999940395355,0,0,289,900,423158243,3,77,25.0,0.0,32.36138916015625,28.561872482299805,1,0,0.6000000238418579,0,0,0,0,0,8,0,0,0,8,99,0,-8.300000190734863,14.753999710083008,32.16736602783203,31.735376358032227,1.5,0,33,-1.0,1.0,0.0,1,0,0
1780578738.8066616,0,0.3499999940395355,0,0,289,900,423158243,3,77,25.0,0.0,32.86138916015625,28.561872482299805,1,0,0.6000000238418579,0,0,0,0,0,8,0,0,0,8,99,0,-8.300000190734863,13.805999755859375,32.001529693603516,32.01817321777344,1.5,0,33,-1.0,1.0,0.0,1,0,0
1780578738.8267384,0,0.3499999940395355,0,0,289,900,423158243,3,77,25.0,0.0,33.36138916015625,28.561872482299805,1,0,0.6000000238418579,0,0,0,0,0,8,0,0,0,8,99,0,-8.300000190734863,12.857999801635742,31.83477020263672,32.283485412597656,1.5,0,33,-1.0,1.0,0.0,1,0,0
1780578738.846823,0,0.3499999940395355,0,0,289,900,423158243,3,77,25.0,0.0,33.86138916015625,28.561872482299805,1,0,0.6000000238418579,0,0,0,0,0,8,0,0,0,8,99,0,-8.300000190734863,11.90999984741211,31.66893768310547,32.5283317565918,1.5,0,33,-1.0,0.0,0.0,0,0,0
1780578738.86698,0,0.3499999940395355,0,0,289,900,423158243,4,77,19.25,0.0,34.36138916015625,28.561872482299805,1,0,0.6000000238418579,0,0,0,0,0,8,0,0,0,8,99,0,-8.300000190734863,0.0,31.503101348876953,32.75425720214844,1.5,0,33,0.0,0.0,0.0,0,0,0
1780578738.8872323,0,0.3499999940395355,0,0,289,900,423158243,4,77,14.82249927520752,0.0,34.657840728759766,28.561872482299805,1,0,0.6000000238418579,0,0,0,1,0,8,0,0,0,8,99,0,-8.300000190734863,-0.9479996562004089,31.337146759033203,32.82228088378906,1.5,0,33,0.0,0.0,0.0,0,0,0
1780578738.9063756,0,0.3499999940395355,0,0,289,900,423158243,4,77,11.413324356079102,0.0,34.8861083984375,28.561872482299805,1,0,0.6000000238418579,0,0,0,1,0,8,0,0,0,8,99,0,0.0,-1.8959993124008179,31.276485443115234,32.79120635986328,1.5,0,33,0.0,0.0,0.0,0,0,0
1780578738.926309,0,0.3499999940395355,0,0,289,900,423158243,4,77,8.788259506225586,0.0,35.06187438964844,28.561872482299805,1,0,0.6000000238418579,0,0,0,1,0,8,0,0,0,8,99,0,0.0,-2.843998908996582,31.276485443115234,32.741268157958984,1.5,0,33,0.0,0.0,0.0,0,0,0
1780578738.9469504,0,0.3499999940395355,0,0,289,900,423158243,4,77,6.7669596672058105,0.0,35.19721221923828,28.561872482299805,1,0,0.6000000238418579,0,0,0,1,0,8,0,0,0,8,99,0,0.0,-3.7919986248016357,31.276485443115234,32.67240524291992,1.5,0,33,0.0,0.0,0.0,0,0,0
1780578738.9670146,0,0.3499999940395355,0,0,289,900,423158243,4,77,5.210558891296387,0.0,35.301422119140625,28.561872482299805,1,0,0.6000000238418579,0,0,0,1,0,8,0,0,0,8,99,0,0.0,-4.7399983406066895,31.276485443115234,32.584102630615234,1.5,0,33,1.0,0.0,0.0,0,0,0
1780578738.9868598,0,0.3499999940395355,0,0,289,900,423158243,4,77,4.012130260467529,0.0,35.38166427612305,28.561872482299805,1,0,0.6000000238418579,0,0,0,1,0,8,0,0,0,8,99,0,0.0,-5.687997817993164,31.276485443115234,32.477294921875,1.5,0,33,1.0,-1.0,0.0,0,0,0
1780578739.006981,0,0.3499999940395355,0,0,289,900,423158243,4,77,3.0893402099609375,0.0,35.443450927734375,28.561872482299805,1,0,0.6000000238418579,0,0,1,1,0,8,0,0,0,8,99,0,8.300000190734863,-6.635997295379639,31.382291793823242,32.3515625,1.5,0,33,1.0,-1.0,0.0,0,0,0
1780578739.0273283,0,0.3499999940395355,0,0,289,900,423158243,4,77,2.3787918090820312,0.0,35.49102783203125,28.561872482299805,1,0,0.6000000238418579,0,0,1,1,0,8,0,0,0,8,99,0,8.300000190734863,-7.583996772766113,31.548126220703125,32.2069091796875,1.5,0,33,1.0,-1.0,0.0,0,0,0
1780578739.0462995,0,0.3499999940395355,0,0,289,900,423158243,4,77,1.8316696882247925,0.0,35.52766036987305,28.561872482299805,1,0,0.6000000238418579,0,0,1,1,0,8,0,0,0,8,99,0,8.300000190734863,-8.531996726989746,31.71396255493164,32.0433349609375,1.5,0,33,1.0,-1.0,0.0,0,0,0
1780578739.067218,0,0.3499999940395355,0,0,289,900,423158243,4,77,1.4103856086730957,0.0,35.55586624145508,28.561872482299805,1,0,0.6000000238418579,0,0,1,1,0,8,0,0,0,8,99,0,8.300000190734863,-9.479996681213379,31.87979507446289,31.86083984375,1.5,0,33,1.0,-1.0,0.0,0,0,0
1780578739.0870328,0,0.3499999940395355,0,0,289,900,423158243,5,77,0.8144976496696472,0.0,35.57758712768555,28.561872482299805,1,0,0.6000000238418579,0,0,1,1,0,8,0,0,0,8,99,0,8.300000190734863,-10.427996635437012,32.04609680175781,31.658832550048828,1.5,0,33,1.0,-1.0,0.0,0,0,0
1780578739.1067786,0,0.3499999940395355,0,0,289,900,423158243,5,77,0.6108732223510742,0.0,35.589805603027344,28.561872482299805,1,0,0.6000000238418579,0,0,1,1,0,8,0,0,0,8,99,0,8.300000190734863,-11.375996589660645,32.2120246887207,31.438308715820312,1.5,0,33,1.0,0.0,0.0,0,0,0
1780578739.126605,0,0.3499999940395355,0,0,289,900,423158243,5,77,0.45815491676330566,0.0,35.598968505859375,28.561872482299805,1,0,0.6000000238418579,0,0,1,1,0,8,0,0,0,8,99,0,8.300000190734863,-12.323996543884277,32.37786102294922,31.19898223876953,1.5,0,33,1.0,0.0,0.0,0,0,0
1780578739.1469934,0,0.3499999940395355,0,0,289,900,423158243,5,77,0.34361618757247925,0.0,35.60584259033203,28.561872482299805,1,0,0.6000000238418579,0,0,1,1,0,8,0,0,0,8,99,0,8.300000190734863,-13.27199649810791,32.54369354248047,30.940731048583984,1.5,0,33,1.0,0.0,0.0,0,0,0
1780578739.1677623,0,0.3499999940395355,0,0,289,900,423158243,5,77,0.25771212577819824,0.0,35.61099624633789,28.561872482299805,1,0,0.6000000238418579,0,0,1,1,0,8,0,0,0,8,99,0,8.300000190734863,-14.219996452331543,32.70994186401367,30.662851333618164,1.5,0,33,1.0,0.0,0.0,0,0,0
1780578739.187864,0,0.3499999940395355,0,0,289,900,423158243,5,77,0.19328409433364868,0.0,35.61486053466797,28.561872482299805,1,0,0.6000000238418579,0,0,1,1,0,8,0,0,0,8,99,0,8.300000190734863,-15.167996406555176,32.87726593017578,30.36399269104004,1.5,0,33,1.0,0.0,0.0,0,0,0
1780578739.2090478,0,0.3499999940395355,0,0,289,900,423158243,51,77,0.0,0.0,35.617759704589844,28.561872482299805,1,0,0.6000000238418579,0,0,1,1,0,8,0,0,0,8,99,0,8.300000190734863,-16.115995407104492,33.04309844970703,30.04876136779785,1.5,0,33,1.0,0.0,0.0,0,0,1
1780578739.228687,0,0.3499999940395355,1,0,289,900,423158243,51,77,0.0,0.0,35.617759704589844,28.561872482299805,0,0,0.6000000238418579,0,0,1,1,0,8,0,1,0,8,99,0,8.300000190734863,-17.063995361328125,33.20893096923828,29.7146053314209,1.5,0,33,1.0,0.0,0.0,0,0,1
1780578739.2490373,0,0.3499999940395355,1,0,289,900,423158243,51,77,0.0,0.0,35.617759704589844,28.561872482299805,0,0,0.6000000238418579,0,0,1,1,0,8,0,1,0,8,99,0,8.300000190734863,-18.011995315551758,33.3747673034668,29.361528396606445,1.5,0,33,1.0,0.0,0.0,0,0,1
1780578739.268461,0,0.3499999940395355,1,0,268,900,423158243,51,77,0.0,0.0,35.617759704589844,28.561872482299805,0,0,0.6000000238418579,0,0,1,1,0,8,0,1,0,8,99,0,-3.75,-18.95999526977539,33.54060363769531,28.98952865600586,1.5,0,44,1.0,0.0,0.0,0,0,1
1780578739.287639,0,0.3499999940395355,1,0,268,900,423158243,51,77,0.0,0.0,35.91775894165039,28.561872482299805,0,0,0.6000000238418579,0,0,1,1,0,8,0,1,0,8,99,0,-3.75,-19.907995223999023,33.5526237487793,28.598609924316406,1.5,0,44,1.0,0.0,0.0,0,0,1
1780578739.307105,0,0.3499999940395355,1,0,268,900,423158243,51,77,0.0,0.0,36.21775817871094,28.561872482299805,0,0,0.6000000238418579,0,0,1,0,0,8,0,1,0,8,99,1,-3.75,0.0,33.477699279785156,28.424949645996094,1.5,0,44,1.0,0.0,0.0,0,0,1
1780578739.3262157,0,0.3499999940395355,1,0,268,900,423158243,51,77,0.0,0.0,36.517757415771484,28.561872482299805,0,0,0.6000000238418579,0,0,1,0,0,8,0,1,0,8,99,1,-3.75,0.0,33.402774810791016,28.408096313476562,1.5,0,44,1.0,0.0,0.0,0,0,1
1780578739.3467057,0,0.3499999940395355,1,0,268,900,423158243,51,77,0.0,0.0,36.81775665283203,28.561872482299805,1,0,0.6000000238418579,0,0,1,0,0,8,0,1,0,8,99,1,-3.75,0.0,33.327850341796875,28.408105850219727,1.5,0,44,1.0,0.0,0.0,0,0,1
1780578739.3671494,0,0.3499999940395355,1,0,268,900,423158243,51,77,0.0,0.0,37.11775588989258,28.561872482299805,1,0,0.6000000238418579,0,0,1,0,0,8,0,1,0,8,99,1,-3.75,0.0,33.25292205810547,28.408111572265625,1.5,0,44,1.0,0.0,0.0,0,0,0
1780578739.3871949,0,0.3499999940395355,1,0,268,900,423158243,51,77,0.0,0.0,37.41769790649414,28.561872482299805,1,0,0.6000000238418579,0,0,1,0,0,8,0,1,0,8,99,1,-3.75,0.0,33.17789840698242,28.408117294311523,1.5,0,44,1.0,0.0,0.0,0,0,0
1780578739.4074306,0,0.3499999940395355,1,0,268,900,423158243,51,77,0.0,0.0,37.423744201660156,28.561872482299805,1,0,0.6000000238418579,0,0,1,0,0,8,0,1,0,8,99,1,-3.75,0.0,33.102840423583984,28.408119201660156,1.5,0,44,1.0,0.0,0.0,0,0,0
1780578739.4266322,0,0.3499999940395355,1,0,268,900,423158243,51,77,0.0,0.0,37.421531677246094,28.561872482299805,1,0,0.6000000238418579,0,0,1,0,0,8,0,1,0,8,99,1,-3.75,0.0,33.027915954589844,28.408119201660156,1.5,0,44,1.0,0.0,0.0,0,0,0
1780578739.4468188,0,0.3499999940395355,1,0,268,900,423158243,51,77,0.0,0.0,37.42011642456055,28.561872482299805,1,0,0.6000000238418579,0,0,1,0,0,8,0,1,0,8,99,1,-3.75,0.0,32.95273208618164,28.408119201660156,1.5,0,44,1.0,0.0,0.0,0,0,0
1780578739.466342,0,0.3499999940395355,1,0,268,900,423158243,52,77,22.0,0.0,37.41920852661133,28.561872482299805,1,0,0.6000000238418579,0,0,1,0,0,8,0,1,0,8,99,1,8.300000190734863,0.0,33.03102111816406,28.408119201660156,1.5,0,44,1.0,0.0,0.0,0,0,0
1780578739.487024,0,0.3499999940395355,1,0,268,900,423158243,52,77,0.0,0.0,37.41862869262695,28.561872482299805,1,0,0.6000000238418579,0,0,1,0,0,8,0,1,0,8,99,1,8.300000190734863,0.0,33.19685363769531,28.408123016357422,1.5,0,44,1.0,0.0,0.0,0,0,0
1780578739.5068438,0,0.3499999940395355,1,0,268,900,423158243,52,77,0.0,0.0,37.41825866699219,28.561872482299805,1,0,0.6000000238418579,0,0,1,0,0,8,0,1,0,8,99,1,8.300000190734863,0.0,33.36268997192383,28.40812110900879,1.5,0,44,1.0,0.0,0.0,0,0,0
1780578739.5270326,0,0.3499999940395355,1,0,268,900,423158243,52,77,0.0,0.0,37.41801834106445,28.561872482299805,1,0,0.6000000238418579,0,0,1,0,0,8,0,1,0,8,99,1,8.300000190734863,0.0,33.529090881347656,28.408119201660156,1.5,0,44,1.0,0.0,0.0,0,0,0
1780578739.5467038,0,0.3499999940395355,1,0,268,900,423158243,52,77,0.0,0.0,37.41786575317383,28.561872482299805,1,0,0.6000000238418579,0,0,1,0,0,8,0,1,0,8,99,1,8.300000190734863,0.0,33.694923400878906,28.40812110900879,1.5,0,44,1.0,0.0,0.0,0,0,0
1780578739.5669672,0,0.3499999940395355,1,0,268,900,423158243,52,77,0.0,0.0,37.41777038574219,28.561872482299805,1,0,0.6000000238418579,0,0,1,0,0,8,0,1,0,8,99,1,8.300000190734863,0.0,33.86075973510742,28.408119201660156,1.5,0,44,1.0,0.0,0.0,0,0,0
1780578739.5868027,0,0.3499999940395355,0,0,268,900,423158243,52,77,0.0,0.0,37.41770935058594,28.561872482299805,1,0,0.6000000238418579,0,0,1,0,0,8,0,0,0,8,99,1,8.300000190734863,0.0,34.02659225463867,28.408119201660156,1.5,0,44,1.0,0.0,0.0,0,0,0
1780578739.6063726,0,0.3499999940395355,0,0,268,900,423158243,52,77,0.0,0.0,37.417667388916016,28.561872482299805,1,0,0.6000000238418579,0,0,1,0,0,8,0,0,0,8,99,1,8.300000190734863,0.0,34.19278335571289,28.408119201660156,1.5,0,44,1.0,0.0,0.0,0,0,1
1780578739.6271229,0,0.3499999940395355,0,0,268,900,423158243,52,77,0.0,0.0,37.417640686035156,28.561872482299805,1,0,0.6000000238418579,0,0,1,0,0,8,0,0,0,8,99,1,8.300000190734863,0.0,34.35861587524414,28.408119201660156,1.5,0,44,1.0,0.0,0.0,0,0,1
1780578739.6470459,0,0.3499999940395355,1,0,268,900,423158243,52,77,0.0,0.0,37.417625427246094,28.561872482299805,0,0,0.6000000238418579,0,0,1,0,0,8,0,1,0,8,99,1,8.300000190734863,0.0,34.525169372558594,28.408123016357422,1.5,0,44,1.0,0.0,0.0,0,0,1
1780578739.6670232,0,0.3499999940395355,1,0,268,900,423158243,52,77,0.0,0.0,37.41761779785156,28.561872482299805,0,0,0.6000000238418579,0,0,1,0,0,8,0,1,0,8,99,1,8.300000190734863,0.0,34.691001892089844,28.408123016357422,1.5,0,44,1.0,0.0,0.0,0,0,1
1780578739.687081,0,0.3499999940395355,1,0,247,900,423158243,52,77,0.0,0.0,37.41761016845703,28.561872482299805,0,0,0.6000000238418579,0,0,1,0,0,8,0,1,0,8,99,1,-3.75,0.0,34.85707092285156,28.408119201660156,1.5,0,55,1.0,0.0,0.0,0,0,1
1780578739.7067623,0,0.3499999940395355,1,0,247,900,423158243,52,77,0.0,0.0,37.423744201660156,28.561872482299805,0,0,0.6000000238418579,0,0,1,0,0,8,0,1,0,8,99,1,-3.75,0.0,34.86986541748047,28.40812110900879,1.5,0,55,1.0,0.0,0.0,0,0,1
1780578739.7269802,0,0.3499999940395355,1,0,247,900,423158243,56,77,0.0,0.0,37.421531677246094,28.561872482299805,0,0,0.6000000238418579,0,0,1,0,0,8,0,1,0,8,99,1,-3.75,0.0,34.79493713378906,28.408119201660156,1.5,0,55,1.0,0.0,0.0,0,0,1
1780578739.746384,0,0.3499999940395355,1,0,247,900,423158243,56,77,0.0,0.0,37.42011642456055,28.561872482299805,0,0,0.6000000238418579,0,0,1,0,0,8,0,1,0,8,99,1,-3.75,0.0,34.71991729736328,28.408123016357422,1.5,0,55,0.0,0.0,0.0,0,0,0
1780578739.7672298,0,0.3499999940395355,1,0,247,900,423158243,56,77,0.0,0.0,37.41920852661133,28.561872482299805,1,0,0.6000000238418579,0,0,1,0,0,8,0,1,0,8,99,1,-3.75,0.0,34.64499282836914,28.40812110900879,1.5,0,55,0.0,0.0,0.0,0,0,0
1780578739.7866678,0,0.3499999940395355,1,0,247,900,423158243,56,77,0.0,0.0,37.41862869262695,28.561872482299805,1,0,0.6000000238418579,0,0,1,0,0,8,0,1,0,8,99,1,-3.75,0.0,34.56929016113281,28.40812110900879,1.5,0,55,0.0,0.0,0.0,0,0,0
1780578739.8068798,0,0.3499999940395355,1,0,247,900,423158243,56,77,0.0,0.0,37.41825866699219,28.561872482299805,1,0,0.6000000238418579,0,0,1,0,0,8,0,1,0,8,99,1,-3.75,0.0,34.494361877441406,28.40812110900879,1.5,0,55,0.0,0.0,0.0,0,0,0
1780578739.826702,0,0.3499999940395355,1,0,247,900,423158243,56,77,0.0,0.0,37.41801834106445,28.561872482299805,1,0,0.6000000238418579,0,0,1,0,0,8,0,1,0,8,99,1,-3.75,0.0,34.419437408447266,28.408119201660156,1.5,0,55,0.0,0.0,0.0,0,0,0
1780578739.8465662,0,0.3499999940395355,1,0,247,900,423158243,56,77,0.0,0.0,37.41786575317383,28.561872482299805,1,0,0.6000000238418579,0,0,1,0,0,8,0,1,0,8,99,1,-3.75,0.0,34.34450912475586,28.408123016357422,1.5,0,55,0.0,0.0,0.0,0,0,0
1780578739.8669312,0,0.3499999940395355,1,0,247,900,423158243,56,77,0.0,0.0,37.41777038574219,28.561872482299805,1,0,0.6000000238418579,0,0,1,0,0,8,0,1,0,8,99,1,-3.75,0.0,34.26958465576172,28.408119201660156,1.5,0,55,0.0,0.0,0.0,0,0,0
1780578739.8867056,0,0.3499999940395355,1,0,247,900,423158243,56,77,0.0,0.0,37.41770935058594,28.561872482299805,1,0,0.6000000238418579,0,0,1,0,0,8,0,1,0,8,99,1,0.0,0.0,34.24248504638672,28.408123016357422,1.5,0,55,0.0,0.0,0.0,0,0,0
1780578739.906859,0,0.3499999940395355,1,0,247,900,423158243,56,77,0.0,0.0,37.417667388916016,28.561872482299805,1,0,0.6000000238418579,0,0,1,0,0,8,0,1,0,8,99,1,0.0,0.0,34.24248504638672,28.408123016357422,1.5,0,55,0.0,0.0,0.0,0,0,0
1780578739.926844,0,0.3499999940395355,1,0,247,900,423158243,56,77,0.0,0.0,37.417640686035156,28.561872482299805,1,0,0.6000000238418579,0,0,1,0,0,8,0,1,0,8,99,1,0.0,0.0,34.24248504638672,28.40812110900879,1.5,0,55,0.0,0.0,0.0,0,0,0
1780578739.9461808,0,0.3499999940395355,1,0,247,900,423158243,56,77,0.0,0.0,37.417625427246094,28.561872482299805,1,0,0.6000000238418579,0,0,1,0,0,8,0,1,0,8,99,1,0.0,0.0,34.24248504638672,28.40812110900879,1.5,0,55,0.0,0.0,0.0,0,0,0
1780578739.9663627,0,0.3499999940395355,1,0,247,900,423158243,69,77,0.0,0.0,37.41761779785156,28.561872482299805,1,0,0.6000000238418579,0,0,1,0,0,8,0,1,0,8,99,1,0.0,0.0,34.24248504638672,28.408119201660156,1.5,0,55,0.0,0.0,0.0,0,0,1
1780578739.9870164,0,0.3499999940395355,1,0,247,900,423158243,69,77,0.0,0.0,37.41761779785156,28.561872482299805,1,0,0.6000000238418579,0,0,1,0,0,8,0,1,0,8,99,1,0.0,0.0,34.24248504638672,28.408119201660156,1.5,0,55,0.0,0.0,0.0,0,0,1
1780578740.006928,0,0.3499999940395355,0,0,247,900,423158243,69,77,0.0,0.0,37.41761779785156,28.561872482299805,1,0,0.6000000238418579,0,0,1,0,0,8,0,0,0,8,99,1,0.0,0.0,34.24248504638672,28.408119201660156,1.5,0,55,0.0,0.0,0.0,0,0,1
1780578740.0264878,0,0.3499999940395355,0,0,247,900,423158243,69,77,0.0,0.0,37.41761779785156,28.561872482299805,1,0,0.6000000238418579,0,0,1,0,0,8,0,0,0,8,99,1,0.0,0.0,34.24248504638672,28.408123016357422,1.5,0,55,0.0,0.0,0.0,0,0,1
1780578740.046968,0,0.3499999940395355,0,0,247,900,423158243,69,77,0.0,0.0,37.41761779785156,28.561872482299805,1,0,0.6000000238418579,0,0,1,0,0,8,0,0,0,8,99,1,0.0,0.0,34.24248504638672,28.40812110900879,1.5,0,55,0.0,0.0,0.0,0,0,1
1780578740.0667608,0,0.3499999940395355,1,0,247,900,423158243,69,77,0.0,0.0,37.41761779785156,28.561872482299805,0,0,0.6000000238418579,0,0,1,0,0,8,0,1,0,8,99,1,0.0,0.0,34.24248504638672,28.408123016357422,1.5,0,55,0.0,0.0,0.0,0,0,1
1780578740.0864365,0,0.3499999940395355,1,0,247,900,423158243,69,77,0.0,0.0,37.41761779785156,28.561872482299805,0,0,0.6000000238418579,0,0,1,0,0,8,0,1,0,8,99,1,0.0,0.0,34.24248504638672,28.40812110900879,1.5,0,55,0.0,0.0,0.0,0,0,1
1780578740.1067657,0,0.3499999940395355,1,0,226,900,423158243,69,77,0.0,0.0,37.41761779785156,28.561872482299805,0,0,0.6000000238418579,0,0,1,0,0,8,0,1,0,8,99,1,-3.75,0.0,34.24248504638672,28.408123016357422,1.5,0,66,0.0,0.0,0.0,0,0,0
1780578740.1267402,0,0.3499999940395355,1,0,226,900,423158243,69,77,0.0,0.0,37.663848876953125,28.561872482299805,0,0,0.6000000238418579,0,0,1,0,0,8,0,1,0,8,99,1,-3.75,0.0,34.19501876831055,28.40812110900879,1.5,0,66,0.0,0.0,0.0,0,0,0
1780578740.147104,0,0.3499999940395355,1,0,226,900,423158243,69,77,0.0,0.0,37.66163635253906,28.561872482299805,0,0,0.6000000238418579,0,0,1,0,0,8,0,1,0,8,99,1,-3.75,0.0,34.11980056762695,28.40812110900879,1.5,0,66,0.0,0.0,0.0,0,0,0
1780578740.1666894,0,0.3499999940395355,1,0,226,900,423158243,69,77,0.0,0.0,37.660221099853516,28.561872482299805,1,0,0.6000000238418579,0,0,1,0,0,8,0,1,0,8,99,1,-3.75,0.0,34.044769287109375,28.40812110900879,1.5,0,66,0.0,0.0,0.0,0,0,0
1780578740.1871772,0,0.3499999940395355,1,0,226,900,423158243,69,77,0.0,0.0,37.6593132019043,28.561872482299805,1,0,0.6000000238418579,0,0,1,0,0,8,0,1,0,8,99,1,-3.75,0.0,33.969844818115234,28.40812110900879,1.5,0,66,0.0,0.0,0.0,0,0,0
1780578740.2068653,0,0.3499999940395355,1,0,226,900,423158243,69,77,0.0,0.0,37.65873336791992,28.561872482299805,1,0,0.6000000238418579,0,0,1,0,0,8,0,1,0,8,99,1,-3.75,0.0,33.894920349121094,28.40812110900879,1.5,0,66,0.0,0.0,0.0,0,0,0
1780578740.2261565,0,0.3499999940395355,1,0,226,900,423158243,45,77,8.0,0.0,37.658363342285156,28.561872482299805,1,0,0.6000000238418579,0,0,1,0,0,8,0,1,0,8,99,1,-3.75,0.0,33.81999206542969,28.40812110900879,1.5,0,66,0.0,0.0,0.0,0,0,0
1780578740.2468128,0,0.3499999940395355,1,0,226,900,423158243,2,77,0.0,0.0,37.65812301635742,28.561872482299805,1,0,0.6000000238418579,0,0,1,0,0,8,0,1,0,8,99,1,-3.75,0.0,33.74506759643555,28.408119201660156,1.5,0,66,0.0,0.0,0.0,0,0,0
1780578740.2668707,0,0.3499999940395355,1,0,226,900,423158243,2,77,0.0,0.0,36.686134338378906,28.561872482299805,1,0,0.6000000238418579,0,0,1,0,0,8,0,1,0,8,99,1,-3.75,0.0,33.670143127441406,28.408123016357422,1.5,0,66,0.0,0.0,0.0,0,0,0
1780578740.286651,0,0.3499999940395355,1,0,226,900,423158243,2,77,0.0,0.0,36.39333724975586,28.561872482299805,1,0,0.6000000238418579,0,0,1,0,0,8,0,1,0,8,99,1,-3.75,0.0,33.5948371887207,28.40812110900879,1.5,0,66,0.0,0.0,0.0,0,0,0
1780578740.3065343,0,0.3499999940395355,1,0,226,900,423158243,2,77,0.0,0.0,36.31658172607422,28.561872482299805,1,0,0.6000000238418579,0,0,1,0,0,8,0,1,0,8,99,1,0.0,0.0,33.56747817993164,28.40812110900879,1.5,0,66,0.0,0.0,0.0,0,0,0
1780578740.3265061,0,0.3499999940395355,1,0,226,900,423158243,2,77,0.0,0.0,36.29645919799805,28.561872482299805,1,0,0.6000000238418579,0,0,1,0,0,8,0,1,0,8,99,1,0.0,0.0,33.56747817993164,28.40812110900879,1.5,0,66,0.0,0.0,0.0,0,0,0
1780578740.3463962,0,0.3499999940395355,1,0,226,900,423158243,2,77,0.0,0.0,36.29388427734375,28.561872482299805,1,0,0.6000000238418579,0,0,1,0,0,8,0,1,0,8,99,1,0.0,0.0,33.56747817993164,28.408119201660156,1.5,0,66,0.0,0.0,0.0,0,0,0
1780578740.3663483,0,0.3499999940395355,1,0,226,900,423158243,2,77,0.0,0.0,36.292236328125,28.561872482299805,1,0,0.6000000238418579,0,0,1,0,0,8,0,1,0,8,99,1,0.0,0.0,33.56747817993164,28.408119201660156,1.5,0,66,0.0,0.0,0.0,0,0,0
1780578740.3872247,0,0.3499999940395355,1,0,226,900,423158243,2,77,0.0,0.0,36.29118347167969,28.561872482299805,1,0,0.6000000238418579,0,0,1,0,0,8,0,1,0,8,99,1,0.0,0.0,33.56747817993164,28.408123016357422,1.5,0,66,0.0,0.0,0.0,0,0,0
1780578740.4065614,0,0.3499999940395355,1,0,226,900,423158243,2,77,0.0,0.0,36.29050827026367,28.561872482299805,1,0,0.6000000238418579,0,0,1,0,0,8,0,1,0,8,99,1,0.0,0.0,33.56747817993164,28.40812110900879,1.5,0,66,0.0,0.0,0.0,0,0,0
1780578740.4263635,0,0.3499999940395355,0,0,226,900,423158243,2,77,0.0,0.0,36.290077209472656,28.561872482299805,1,0,0.6000000238418579,0,0,1,0,0,8,0,0,0,8,99,1,0.0,0.0,33.56747817993164,28.408119201660156,1.5,0,66,0.0,0.0,0.0,0,0,1
1780578740.446337,0,0.3499999940395355,0,0,226,900,423158243,2,77,0.0,0.0,36.28980255126953,28.561872482299805,1,0,0.6000000238418579,0,0,1,0,0,8,0,0,0,8,99,1,0.0,0.0,33.56747817993164,28.408119201660156,1.5,0,66,0.0,0.0,0.0,0,0,1
1780578740.4668252,0,0.3499999940395355,0,0,226,900,423158243,2,77,0.0,0.0,36.28962326049805,28.561872482299805,1,0,0.6000000238418579,0,0,1,0,0,8,0,0,0,8,99,1,0.0,0.0,33.56747817993164,28.408123016357422,1.5,0,66,0.0,0.0,0.0,0,0,1
1780578740.4868648,0,0.3499999940395355,1,0,226,900,423158243,2,77,0.0,0.0,36.289512634277344,28.561872482299805,0,0,0.6000000238418579,0,0,1,0,0,8,0,1,0,8,99,1,0.0,0.0,33.56747817993164,28.408119201660156,1.5,0,66,0.0,0.0,0.0,0,0,1
1780578740.5069501,0,0.3499999940395355,1,0,226,900,423158243,2,77,0.0,0.0,36.2894401550293,28.561872482299805,0,0,0.6000000238418579,0,0,1,0,0,8,0,1,0,8,99,1,0.0,0.0,33.56747817993164,28.408119201660156,1.5,0,66,0.0,0.0,0.0,0,0,1
1780578740.5267284,0,0.3499999940395355,1,0,205,900,423158243,2,77,0.0,0.0,36.28939437866211,28.561872482299805,0,0,0.6000000238418579,0,0,1,0,0,8,0,1,0,8,99,1,-3.75,0.0,33.56747817993164,28.408119201660156,1.5,0,77,0.0,0.0,0.0,0,0,0
1780578740.5470111,0,0.3499999940395355,1,0,205,900,423158243,2,77,0.0,0.0,36.28936767578125,28.56187629699707,0,0,0.6000000238418579,0,0,1,0,0,8,0,1,0,8,99,1,-3.75,0.0,33.519813537597656,28.408123016357422,1.5,0,77,0.0,0.0,0.0,0,0,0
1780578740.5663145,0,0.3499999940395355,1,0,205,900,423158243,2,77,0.0,0.0,36.28934860229492,28.56187629699707,0,0,0.6000000238418579,0,0,1,0,0,8,0,1,0,8,99,1,-3.75,0.0,33.44470977783203,28.40812110900879,1.5,0,77,0.0,0.0,0.0,0,0,0
1780578740.5868044,0,0.3499999940395355,1,0,205,900,423158243,2,77,0.0,0.0,36.28933334350586,28.56187629699707,1,0,0.6000000238418579,0,0,1,0,0,8,0,1,0,8,99,1,-3.75,0.0,33.36978530883789,28.40812110900879,1.5,0,77,0.0,0.0,0.0,0,0,0
1780578740.6067705,0,0.3499999940395355,1,0,205,900,423158243,2,77,0.0,0.0,36.28932571411133,28.56187629699707,1,0,0.6000000238418579,0,0,1,0,0,8,0,1,0,8,99,1,-3.75,0.0,33.29486083984375,28.40812110900879,1.5,0,77,0.0,0.0,0.0,0,0,0
1780578740.6267736,0,0.3499999940395355,1,0,205,900,423158243,2,77,0.0,0.0,36.2893180847168,28.56187629699707,1,0,0.6000000238418579,0,0,1,0,0,8,0,1,0,8,99,1,-3.75,0.0,33.219932556152344,28.40812110900879,1.5,0,77,0.0,0.0,0.0,0,0,0
1780578740.6463678,0,0.3499999940395355,1,0,205,900,423158243,2,77,0.0,0.0,36.2893180847168,28.56187629699707,1,0,0.6000000238418579,0,0,1,0,0,8,0,1,0,8,99,1,-3.75,0.0,33.1450080871582,28.40812110900879,1.5,0,77,0.0,0.0,0.0,0,0,0
1780578740.6668382,0,0.3499999940395355,1,0,205,900,423158243,2,77,0.0,0.0,36.2893180847168,28.56187629699707,1,0,0.6000000238418579,0,0,1,0,0,8,0,1,0,8,99,1,-3.75,0.0,33.0700798034668,28.408119201660156,1.5,0,77,0.0,0.0,0.0,0,0,0
1780578740.6865897,0,0.3499999940395355,1,0,205,900,423158243,2,77,0.0,0.0,36.2893180847168,28.56187629699707,1,0,0.6000000238418579,0,0,1,0,0,8,0,1,0,8,99,1,-3.75,0.0,32.99503707885742,28.408123016357422,1.5,0,77,0.0,0.0,0.0,0,0,0
1780578740.7063377,0,0.3499999940395355,1,0,205,900,423158243,2,77,0.0,0.0,36.2893180847168,28.56187629699707,1,0,0.6000000238418579,0,0,1,0,0,8,0,1,0,8,99,1,-3.75,0.0,32.92011260986328,28.40812110900879,1.5,0,77,0.0,0.0,0.0,0,0,0
1780578740.7269816,0,0.3499999940395355,1,0,205,900,423158243,2,77,0.0,0.0,36.2893180847168,28.56187629699707,1,0,0.6000000238418579,0,0,1,0,0,8,0,1,1,8,99,1,0.0,0.0,32.89247131347656,28.408123016357422,1.5,0,77,-1.0,1.0,0.0,1,0,0
1780578740.747278,0,0.3499999940395355,1,0,205,900,423158243,2,77,0.0,0.0,36.2893180847168,28.56187629699707,1,0,0.6000000238418579,0,0,1,0,0,8,0,1,1,8,99,0,0.0,15.70199966430664,32.89247131347656,28.60732650756836,1.5,0,77,-1.0,1.0,0.0,1,0,0
1780578740.7667613,0,0.3499999940395355,0,0,205,900,423158243,2,77,0.0,0.0,36.2893180847168,28.56187629699707,1,0,0.6000000238418579,0,0,0,0,0,8,0,0,1,8,99,0,-8.300000190734863,15.70199966430664,32.7868537902832,28.921966552734375,1.5,0,77,-1.0,1.0,0.0,1,0,0
1780578740.787371,0,0.3499999940395355,0,0,205,900,423158243,3,77,-25.0,0.0,36.2893180847168,28.56187629699707,1,0,0.6000000238418579,0,0,0,0,0,8,0,0,1,8,99,0,-8.300000190734863,15.70199966430664,32.62102127075195,29.23569107055664,1.5,0,77,-1.0,1.0,0.0,1,0,0
1780578740.8076534,0,0.3499999940395355,0,0,205,900,423158243,3,77,-25.0,0.0,35.78932189941406,28.56187629699707,1,0,0.6000000238418579,0,0,0,0,0,8,0,0,1,8,99,0,-8.300000190734863,15.70199966430664,32.45212936401367,29.555198669433594,1.5,0,77,-1.0,1.0,0.0,1,0,0
1780578740.82868,0,0.3499999940395355,0,0,205,900,423158243,3,77,-25.0,0.0,35.28932189941406,28.56187629699707,1,0,0.6000000238418579,0,0,0,0,0,8,0,0,1,8,99,0,-8.300000190734863,15.70199966430664,32.28629684448242,29.86892318725586,1.5,0,77,-1.0,1.0,0.0,1,0,0
1780578740.8487363,0,0.3499999940395355,0,0,205,900,423158243,3,77,-25.0,0.0,34.78932189941406,28.56187629699707,1,0,0.6000000238418579,0,0,0,0,0,8,0,0,1,8,99,0,-8.300000190734863,15.70199966430664,32.120460510253906,30.182649612426758,1.5,0,77,-1.0,1.0,0.0,1,0,0
1780578740.8686101,0,0.3499999940395355,0,0,205,900,423158243,3,77,-25.0,0.0,34.28932189941406,28.56187629699707,1,0,0.6000000238418579,0,0,0,0,0,8,0,0,1,8,99,0,-8.300000190734863,15.70199966430664,31.954627990722656,30.49637222290039,1.5,0,77,-1.0,1.0,0.0,1,0,0
1780578740.8888774,0,0.3499999940395355,0,0,205,900,423158243,3,77,-25.0,0.0,33.78932189941406,28.56187629699707,1,0,0.6000000238418579,0,0,0,0,0,8,0,0,1,8,99,0,-8.300000190734863,15.70199966430664,31.78879165649414,30.810100555419922,1.5,0,77,1.0,1.0,0.0,1,0,0
1780578740.9099994,0,0.3499999940395355,0,0,205,900,423158243,3,77,-25.0,0.0,33.28932189941406,28.56187629699707,1,0,0.6000000238418579,0,0,0,0,0,8,0,0,1,8,99,0,0.0,15.70199966430664,31.73046875,31.123825073242188,1.5,0,77,1.0,1.0,0.0,1,0,0
1780578740.9299588,0,0.3499999940395355,0,0,205,900,423158243,3,77,-25.0,0.0,32.78932189941406,28.56187629699707,1,0,0.6000000238418579,0,0,1,0,0,8,0,0,1,8,99,0,8.300000190734863,15.70199966430664,31.83795928955078,31.437824249267578,1.5,0,77,1.0,1.0,0.0,1,0,0
1780578740.9489832,0,0.3499999940395355,0,0,205,900,423158243,3,77,-25.0,0.0,32.28932189941406,28.56187629699707,1,0,0.6000000238418579,0,0,1,0,0,8,0,0,0,8,99,0,8.300000190734863,14.753999710083008,32.00379180908203,31.73929214477539,1.5,0,77,1.0,1.0,0.0,1,0,0
1780578740.9685233,0,0.3499999940395355,0,0,205,900,423158243,3,77,-25.0,0.0,31.78931999206543,28.56187629699707,1,0,0.6000000238418579,0,0,1,0,0,8,0,0,0,8,99,0,8.300000190734863,13.805999755859375,32.16962814331055,32.02183532714844,1.5,0,77,1.0,1.0,0.0,1,0,0
1780578740.9879441,0,0.3499999940395355,0,0,205,900,423158243,3,77,-25.0,0.0,31.28931999206543,28.56187629699707,1,0,0.6000000238418579,0,0,1,0,0,8,0,0,0,8,99,0,8.300000190734863,12.857999801635742,32.33546447753906,32.28546142578125,1.5,0,77,1.0,1.0,0.0,1,0,0
1780578741.007338,0,0.3499999940395355,0,0,205,900,423158243,3,77,-25.0,0.0,30.78931999206543,28.56187629699707,1,0,0.6000000238418579,0,0,1,0,0,8,0,0,0,8,99,0,8.300000190734863,11.90999984741211,32.50129699707031,32.5301628112793,1.5,0,77,1.0,1.0,0.0,0,0,0
1780578741.0270436,0,0.3499999940395355,0,0,205,900,423158243,3,77,-25.0,0.0,30.28931999206543,28.56187629699707,1,0,0.6000000238418579,0,0,1,1,0,8,0,0,0,8,99,0,8.300000190734863,-0.9479996562004089,32.66712951660156,32.6028938293457,1.5,0,77,1.0,1.0,0.0,0,0,0
1780578741.0467148,0,0.3499999940395355,0,0,205,900,423158243,3,77,-25.0,0.0,29.78931999206543,28.56187629699707,1,0,0.6000000238418579,0,0,1,1,0,8,0,0,0,8,99,0,8.300000190734863,-1.8959993124008179,32.83296585083008,32.57178497314453,1.5,0,77,1.0,0.0,0.0,0,0,0
1780578741.0665588,0,0.3499999940395355,0,0,205,900,423158243,3,77,-25.0,0.0,29.28931999206543,28.56187629699707,1,0,0.6000000238418579,0,0,1,1,0,8,0,0,0,8,99,0,8.300000190734863,-2.843998908996582,32.99879837036133,32.521759033203125,1.5,0,77,1.0,-1.0,0.0,0,0,0
1780578741.0881355,0,0.3499999940395355,0,0,205,900,423158243,3,77,-25.0,0.0,28.78931999206543,28.56187629699707,1,0,0.6000000238418579,0,0,1,1,0,8,0,0,0,8,99,0,8.300000190734863,-3.7919986248016357,33.164634704589844,32.45281219482422,1.5,0,77,-1.0,0.0,0.0,0,0,0
1780578741.1093018,0,0.3499999940395355,0,0,205,900,423158243,3,77,-25.0,0.0,28.28931999206543,28.56187629699707,1,0,0.6000000238418579,0,0,1,1,0,8,0,0,0,8,99,0,8.300000190734863,-4.7399983406066895,33.33177947998047,32.364192962646484,1.5,0,77,-1.0,0.0,0.0,0,0,0
1780578741.1298273,0,0.3499999940395355,0,0,205,900,423158243,3,77,-25.0,0.0,27.78931999206543,28.56187629699707,1,0,0.6000000238418579,0,0,1,1,0,8,0,0,0,8,99,0,0.0,-5.687997817993164,33.390472412109375,32.25724792480469,1.5,0,77,-1.0,0.0,0.0,0,0,0
1780578741.149615,0,0.3499999940395355,0,0,205,900,423158243,4,77,-19.25,0.0,27.28931999206543,28.56187629699707,1,0,0.6000000238418579,0,0,0,1,0,8,0,0,0,8,99,0,-8.300000190734863,-6.635997295379639,33.28349685668945,32.131385803222656,1.5,0,77,-1.0,0.0,0.0,0,0,0
1780578741.169169,0,0.3499999940395355,0,0,205,900,423158243,4,77,-14.82249927520752,0.0,26.992870330810547,28.56187629699707,1,0,0.6000000238418579,0,0,0,1,0,8,0,0,0,8,99,0,-8.300000190734863,-7.583996772766113,33.11766052246094,31.986600875854492,1.5,0,77,-1.0,0.0,0.0,0,0,0
1780578741.1881618,0,0.3499999940395355,0,0,205,900,423158243,4,77,-11.413324356079102,0.0,26.764604568481445,28.56187629699707,1,0,0.6000000238418579,0,0,0,1,0,8,0,0,0,8,99,0,-8.300000190734863,-8.531996726989746,32.95182800292969,31.822891235351562,1.5,0,77,-1.0,0.0,0.0,0,0,0
1780578741.2073815,0,0.3499999940395355,0,0,205,900,423158243,4,77,-8.788259506225586,0.0,26.588838577270508,28.56187629699707,1,0,0.6000000238418579,0,0,0,1,0,8,0,0,0,8,99,0,-8.300000190734863,-9.479996681213379,32.78599166870117,31.640260696411133,1.5,0,77,-1.0,0.0,0.0,0,0,0
1780578741.2273304,0,0.3499999940395355,0,0,205,900,423158243,4,77,-6.7669596672058105,0.0,26.45349884033203,28.56187629699707,1,0,0.6000000238418579,0,0,0,1,0,8,0,0,0,8,99,0,-8.300000190734863,-10.427996635437012,32.62015914916992,31.43870735168457,1.5,0,77,-1.0,0.0,0.0,0,0,0
1780578741.2464414,0,0.3499999940395355,0,0,205,900,423158243,4,77,-5.210558891296387,0.0,26.349287033081055,28.56187629699707,1,0,0.6000000238418579,0,0,0,1,0,8,0,0,0,8,99,0,-8.300000190734863,-11.375996589660645,32.454322814941406,31.218233108520508,1.5,0,77,-1.0,0.0,0.0,0,0,0
1780578741.2664719,0,0.3499999940395355,0,0,205,900,423158243,4,77,-4.012130260467529,0.0,26.269044876098633,28.56187629699707,1,0,0.6000000238418579,0,0,0,1,0,8,0,0,0,8,99,0,-8.300000190734863,-12.323996543884277,32.288490295410156,30.978836059570312,1.5,0,77,-1.0,0.0,0.0,0,0,0
1780578741.2892318,0,0.3499999940395355,0,0,205,900,423158243,4,77,-3.0893402099609375,0.0,26.207258224487305,28.56187629699707,1,0,0.6000000238418579,0,0,0,1,0,8,0,0,0,8,99,0,-8.300000190734863,-13.27199649810791,32.12265396118164,30.720518112182617,1.5,0,77,-1.0,0.0,0.0,0,0,0
1780578741.3085928,0,0.3499999940395355,0,0,205,900,423158243,4,77,-2.3787918090820312,0.0,26.159683227539062,28.56187629699707,1,0,0.6000000238418579,0,0,0,1,0,8,0,0,0,8,99,0,-8.300000190734863,-14.219996452331543,31.955970764160156,30.441818237304688,1.5,0,77,-1.0,0.0,0.0,0,0,0
1780578741.3276434,0,0.3499999940395355,0,0,205,900,423158243,4,77,-1.8316696882247925,0.0,26.123050689697266,28.56187629699707,1,0,0.6000000238418579,0,0,0,1,0,8,0,0,0,8,99,0,-8.300000190734863,-15.167996406555176,31.79013442993164,30.145557403564453,1.5,0,77,-1.0,0.0,0.0,0,0,0
1780578741.3469014,0,0.3499999940395355,0,0,205,900,423158243,4,77,-1.4103856086730957,0.0,26.0948429107666,28.56187629699707,1,0,0.6000000238418579,0,0,0,1,0,8,0,0,0,8,99,0,-8.300000190734863,-16.115995407104492,31.624298095703125,29.83037567138672,1.5,0,77,-1.0,0.0,0.0,0,0,0
1780578741.3668811,0,0.3499999940395355,0,0,205,900,423158243,5,77,-0.8144976496696472,0.0,26.073123931884766,28.56187629699707,1,0,0.6000000238418579,0,0,0,1,0,8,0,0,0,8,99,0,-8.300000190734863,-17.063995361328125,31.457294464111328,29.49386215209961,1.5,0,77,-1.0,0.0,0.0,0,0,0
1780578741.3864138,0,0.3499999940395355,0,0,205,900,423158243,5,77,-0.6108732223510742,0.0,26.0609073638916,28.56187629699707,1,0,0.6000000238418579,0,0,0,1,0,8,0,0,0,8,99,0,-8.300000190734863,-18.011995315551758,31.291460037231445,29.140701293945312,1.5,0,77,-1.0,0.0,0.0,0,0,0
1780578741.407573,0,0.3499999940395355,0,0,205,900,423158243,5,77,-0.45815491676330566,0.0,26.05174446105957,28.56187629699707,1,0,0.6000000238418579,0,0,0,1,0,8,0,0,0,8,99,0,-8.300000190734863,-18.95999526977539,31.125625610351562,28.768619537353516,1.5,0,77,-1.0,0.0,0.0,0,0,0
1780578741.4265692,0,0.3499999940395355,0,0,205,900,423158243,5,77,-0.34361618757247925,0.0,26.044872283935547,28.56187629699707,1,0,0.6000000238418579,0,0,0,0,0,8,0,0,0,8,99,1,-8.300000190734863,0.0,30.959789276123047,28.488637924194336,1.5,0,77,-1.0,0.0,0.0,0,0,0
1780578741.447074,0,0.3499999940395355,0,0,205,900,423158243,5,77,-0.25771212577819824,0.0,26.039718627929688,28.56187629699707,1,0,0.6000000238418579,0,0,0,0,0,8,0,0,0,8,99,1,-8.300000190734863,0.0,30.793956756591797,28.40809440612793,1.5,0,77,-1.0,0.0,0.0,0,0,0
1780578741.4671123,0,0.3499999940395355,0,0,205,900,423158243,5,77,-0.19328409433364868,0.0,26.035852432250977,28.56187629699707,1,0,0.6000000238418579,0,0,0,0,0,8,0,0,0,8,99,1,-8.300000190734863,0.0,30.628122329711914,28.40810775756836,1.5,0,77,-1.0,0.0,0.0,0,0,0
1780578741.4867086,0,0.3499999940395355,0,0,205,900,423158243,1,77,0.0,0.0,26.0329532623291,28.56187629699707,1,0,0.6000000238418579,0,0,0,0,0,8,0,0,0,8,99,1,-8.300000190734863,0.0,30.46228790283203,28.408113479614258,1.5,0,77,-1.0,0.0,0.0,0,0,0
1780578741.506949,0,0.3499999940395355,0,0,205,900,423158243,1,77,0.0,0.0,26.0329532623291,28.56187629699707,1,0,0.6000000238418579,0,0,0,0,0,8,0,0,0,8,99,1,-8.300000190734863,0.0,30.29645347595215,28.408117294311523,1.5,0,77,-1.0,0.0,0.0,0,0,0
1780578741.5265527,0,0.3499999940395355,0,0,205,900,423158243,1,77,0.0,0.0,26.0329532623291,28.56187629699707,1,0,0.6000000238418579,0,0,0,0,0,8,0,0,0,8,99,1,-8.300000190734863,0.0,30.130619049072266,28.408119201660156,1.5,0,77,-1.0,0.0,0.0,0,0,0
1780578741.547312,0,0.3499999940395355,0,0,205,900,423158243,1,77,0.0,0.0,26.0329532623291,28.56187629699707,1,0,0.6000000238418579,0,0,0,0,0,8,0,0,0,8,99,1,-8.300000190734863,0.0,29.964786529541016,28.40812110900879,1.5,0,77,-1.0,0.0,0.0,0,0,1
1780578741.5668123,0,0.3499999940395355,1,0,205,900,423158243,1,77,0.0,0.0,26.0329532623291,28.56187629699707,0,0,0.6000000238418579,0,0,0,0,0,8,0,1,0,8,99,1,-8.300000190734863,0.0,29.798694610595703,28.40812110900879,1.5,0,77,-1.0,0.0,0.0,0,0,1
1780578741.5862963,0,0.3499999940395355,1,0,205,900,423158243,1,77,0.0,0.0,26.0329532623291,28.56187629699707,0,0,0.6000000238418579,0,0,0,0,0,8,0,1,0,8,99,1,-8.300000190734863,0.0,29.63286018371582,28.40812110900879,1.5,0,77,-1.0,0.0,0.0,0,0,1
1780578741.6066391,0,0.3499999940395355,1,0,184,900,423158243,54,77,0.0,0.0,26.0329532623291,28.56187629699707,0,0,0.6000000238418579,0,0,0,0,0,8,0,1,0,8,99,1,3.75,0.0,29.467025756835938,28.40812110900879,1.5,0,88,-1.0,0.0,0.0,0,0,1
1780578741.6267788,0,0.3499999940395355,1,0,184,900,423158243,54,77,0.0,0.0,25.732954025268555,28.56187629699707,0,0,0.6000000238418579,0,0,0,0,0,8,0,1,0,8,99,1,3.75,0.0,29.454025268554688,28.40812110900879,1.5,0,88,-1.0,0.0,0.0,0,0,1
1780578741.6468406,0,0.3499999940395355,1,0,184,900,423158243,54,77,0.0,0.0,25.432954788208008,28.56187629699707,0,0,0.6000000238418579,0,0,0,0,0,8,0,1,0,8,99,1,3.75,0.0,29.529096603393555,28.408119201660156,1.5,0,88,-1.0,0.0,0.0,0,0,1
1780578741.6664574,0,0.3499999940395355,1,0,184,900,423158243,54,77,0.0,0.0,25.13295555114746,28.56187629699707,1,0,0.6000000238418579,0,0,0,0,0,8,0,1,0,8,99,1,3.75,0.0,29.604022979736328,28.408123016357422,1.5,0,88,-1.0,0.0,0.0,0,0,1
1780578741.6865463,0,0.3499999940395355,1,0,184,900,423158243,54,77,0.0,0.0,24.832956314086914,28.56187629699707,1,0,0.6000000238418579,0,0,0,0,0,8,0,1,0,8,99,1,3.75,0.0,29.67894744873047,28.408123016357422,1.5,0,88,-1.0,0.0,0.0,0,0,1
1780578741.7063909,0,0.3499999940395355,1,0,184,900,423158243,54,77,0.0,0.0,24.532957077026367,28.56187629699707,1,0,0.6000000238418579,0,0,0,0,0,8,0,1,0,8,99,1,3.75,0.0,29.753873825073242,28.40812110900879,1.5,0,88,-1.0,0.0,0.0,0,0,1
1780578741.7265432,0,0.3499999940395355,1,0,184,900,423158243,54,77,0.0,0.0,24.23295783996582,28.56187629699707,1,0,0.6000000238418579,0,0,0,0,0,8,0,1,0,8,99,1,3.75,0.0,29.829130172729492,28.408119201660156,1.5,0,88,-1.0,0.0,0.0,0,0,0
1780578741.7470868,0,0.3499999940395355,1,0,184,900,423158243,54,77,0.0,0.0,23.932958602905273,28.56187629699707,1,0,0.6000000238418579,0,0,0,0,0,8,0,1,0,8,99,1,3.75,0.0,29.904417037963867,28.408123016357422,1.5,0,88,-1.0,0.0,0.0,0,0,0
1780578741.7670844,0,0.3499999940395355,1,0,184,900,423158243,54,77,0.0,0.0,23.632959365844727,28.56187629699707,1,0,0.6000000238418579,0,0,0,0,0,8,0,1,0,8,99,1,3.75,0.0,29.979341506958008,28.40812110900879,1.5,0,88,-1.0,0.0,0.0,0,0,0
1780578741.7868023,0,0.3499999940395355,1,0,184,900,423158243,54,77,0.0,0.0,23.632959365844727,28.56187629699707,1,0,0.6000000238418579,0,0,0,0,0,8,0,1,0,8,99,1,3.75,0.0,30.05426788330078,28.40812110900879,1.5,0,88,-1.0,0.0,0.0,0,0,0
1780578741.80655,0,0.3499999940395355,1,0,184,900,423158243,54,77,0.0,0.0,23.632959365844727,28.56187629699707,1,0,0.6000000238418579,0,0,0,0,0,8,0,1,0,8,99,1,-8.300000190734863,0.0,29.97516441345215,28.40812110900879,1.5,0,88,-1.0,0.0,0.0,0,0,0
1780578741.8269386,0,0.3499999940395355,1,0,184,900,423158243,54,77,0.0,0.0,23.632959365844727,28.56187629699707,1,0,0.6000000238418579,0,0,0,0,0,8,0,1,0,8,99,1,-8.300000190734863,0.0,29.809329986572266,28.40812110900879,1.5,0,88,-1.0,0.0,0.0,0,0,0
1780578741.8469434,0,0.3499999940395355,1,0,184,900,423158243,54,77,0.0,0.0,23.632959365844727,28.56187629699707,1,0,0.6000000238418579,0,0,0,0,0,8,0,1,0,8,99,1,-8.300000190734863,0.0,29.643495559692383,28.40812110900879,1.5,0,88,-1.0,0.0,0.0,0,0,0
1780578741.866637,0,0.3499999940395355,1,0,184,900,423158243,54,77,0.0,0.0,23.632959365844727,28.56187629699707,1,0,0.6000000238418579,0,0,0,0,0,8,0,1,0,8,99,1,-8.300000190734863,0.0,29.4776611328125,28.40812110900879,1.5,0,88,-1.0,0.0,0.0,0,0,0
1780578741.8863282,0,0.3499999940395355,1,0,184,900,423158243,54,77,0.0,0.0,23.632959365844727,28.56187629699707,1,0,0.6000000238418579,0,0,0,0,0,8,0,1,0,8,99,1,-8.300000190734863,0.0,29.31182861328125,28.408119201660156,1.5,0,88,-1.0,0.0,0.0,0,0,0
1780578741.9064288,0,0.3499999940395355,1,0,184,900,423158243,7,77,0.0,0.0,23.632959365844727,28.56187629699707,1,0,0.6000000238418579,0,0,0,0,0,8,0,1,0,8,99,1,-8.300000190734863,0.0,29.145992279052734,28.408123016357422,1.5,0,88,-1.0,0.0,0.0,0,0,0
1780578741.9267676,0,0.3499999940395355,0,0,184,900,423158243,7,77,0.0,0.0,23.632959365844727,28.56187629699707,1,0,0.6000000238418579,0,0,0,0,0,8,0,0,0,8,99,1,-8.300000190734863,0.0,28.980159759521484,28.408119201660156,1.5,0,88,-1.0,0.0,0.0,0,0,0
1780578741.9462948,0,0.3499999940395355,0,0,184,900,423158243,7,77,0.0,0.0,23.632959365844727,28.56187629699707,1,0,0.6000000238418579,0,0,0,0,0,8,0,0,0,8,99,1,-8.300000190734863,0.0,28.814136505126953,28.40812110900879,1.5,0,88,-1.0,0.0,0.0,0,0,0
1780578741.9666727,0,0.3499999940395355,0,0,184,900,423158243,7,77,0.0,0.0,23.632959365844727,28.56187629699707,1,0,0.6000000238418579,0,0,0,0,0,8,0,0,0,8,99,1,-8.300000190734863,0.0,28.64830207824707,28.40812110900879,1.5,0,88,-1.0,0.0,0.0,0,0,0
1780578741.9869072,0,0.3499999940395355,0,0,184,900,423158243,7,77,0.0,0.0,23.632959365844727,28.56187629699707,1,0,0.6000000238418579,0,0,0,0,0,8,0,0,0,8,99,1,-8.300000190734863,0.0,28.482467651367188,28.40812110900879,1.5,0,88,-1.0,0.0,0.0,0,0,0
1780578742.0068147,0,0.3499999940395355,0,0,184,900,423158243,7,77,0.0,0.0,23.632959365844727,28.56187629699707,1,0,0.6000000238418579,0,0,0,0,0,8,0,0,0,8,99,1,-8.300000190734863,0.0,28.316633224487305,28.408119201660156,1.5,0,88,-1.0,0.0,0.0,0,0,0
1780578742.026481,0,0.3499999940395355,0,0,184,900,423158243,7,77,0.0,0.0,23.632959365844727,28.56187629699707,1,0,0.6000000238418579,0,0,0,0,0,8,0,0,0,8,99,1,-8.300000190734863,0.0,28.150117874145508,28.40812110900879,1.5,0,88,-1.0,0.0,0.0,0,0,0
1780578742.0464664,0,0.3499999940395355,0,0,184,900,423158243,7,77,0.0,0.0,23.632959365844727,28.56187629699707,1,0,0.6000000238418579,0,0,0,0,0,8,0,0,0,8,99,1,-8.300000190734863,0.0,27.984283447265625,28.408119201660156,1.5,0,88,-1.0,0.0,0.0,0,0,0
1780578742.0667927,0,0.3499999940395355,0,0,184,900,423158243,7,77,0.0,0.0,23.632959365844727,28.56187629699707,1,0,0.6000000238418579,0,0,0,0,0,8,0,0,0,8,99,1,-8.300000190734863,0.0,27.818449020385742,28.408123016357422,1.5,0,88,-1.0,0.0,0.0,0,0,0
1780578742.0862336,0,0.3499999940395355,0,0,184,900,423158243,7,77,0.0,0.0,23.632959365844727,28.56187629699707,1,0,0.6000000238418579,0,0,0,0,0,8,0,0,0,8,99,1,-8.300000190734863,0.0,27.65261459350586,28.408119201660156,1.5,0,88,-1.0,0.0,0.0,0,0,0
1780578742.106605,0,0.3499999940395355,0,0,184,900,423158243,7,77,0.0,0.0,23.632959365844727,28.56187629699707,1,0,0.6000000238418579,0,0,0,0,0,8,0,0,0,8,99,1,-8.300000190734863,0.0,27.48678207397461,28.408123016357422,1.5,0,88,-1.0,0.0,0.0,0,0,0
1780578742.126994,0,0.3499999940395355,0,0,184,900,423158243,7,77,0.0,0.0,23.632959365844727,28.56187629699707,1,0,0.6000000238418579,0,0,0,0,0,8,0,0,0,8,99,1,-8.300000190734863,0.0,27.320289611816406,28.408119201660156,1.5,0,88,-1.0,0.0,0.0,0,0,0
1780578742.1470017,0,0.3499999940395355,0,0,184,900,423158243,7,77,0.0,0.0,23.632959365844727,28.56187629699707,1,0,0.6000000238418579,0,0,0,0,0,8,0,0,0,8,99,1,-8.300000190734863,0.0,27.153972625732422,28.40812110900879,1.5,0,88,-1.0,0.0,0.0,0,0,1
1780578742.1668015,0,0.3499999940395355,1,0,184,900,423158243,7,77,0.0,0.0,23.632959365844727,28.56187629699707,0,0,0.6000000238418579,0,0,0,0,0,8,0,1,0,8,99,1,-8.300000190734863,0.0,26.98813819885254,28.40812110900879,1.5,0,88,-1.0,0.0,0.0,0,0,1
1780578742.1872768,0,0.3499999940395355,1,0,184,900,423158243,7,77,0.0,0.0,23.632959365844727,28.56187629699707,0,0,0.6000000238418579,0,0,0,0,0,8,0,1,0,8,99,1,-8.300000190734863,0.0,26.822303771972656,28.40812110900879,1.5,0,88,-1.0,0.0,0.0,0,0,1
1780578742.5168343,0,0.3499999940395355,1,0,163,900,423158243,59,77,-10.0,20.0,23.632959365844727,28.56187629699707,0,0,0.6000000238418579,0,0,0,0,0,8,0,1,0,8,99,1,3.75,0.0,26.60605239868164,28.40812110900879,1.5,0,99,-1.0,0.0,0.0,0,0,0
1780578742.5465853,0,0.3499999940395355,1,0,163,900,423158243,59,77,-10.0,18.200000762939453,23.132959365844727,28.92587661743164,0,0,0.6000000238418579,0,0,0,0,0,8,0,1,0,8,99,1,3.75,0.0,26.646902084350586,28.408123016357422,1.5,0,99,-1.0,0.0,0.0,0,0,0
1780578742.5766208,0,0.3499999940395355,1,0,163,900,423158243,59,77,-10.0,16.400001525878906,22.632959365844727,29.253875732421875,0,0,0.6000000238418579,0,0,0,0,0,8,0,1,0,8,99,1,3.75,0.0,26.737110137939453,28.40812110900879,1.5,0,99,-1.0,0.0,0.0,0,0,0
1780578742.5969033,0,0.3499999940395355,1,0,163,900,423158243,59,77,-10.0,14.60000228881836,22.132959365844727,29.545875549316406,1,0,0.6000000238418579,0,0,0,0,0,8,0,1,0,8,99,1,3.75,0.0,26.81245994567871,28.40812110900879,1.5,0,99,-1.0,0.0,0.0,0,0,0
1780578742.6167076,0,0.3499999940395355,1,0,163,900,423158243,59,77,-10.0,12.800003051757812,21.632959365844727,29.801876068115234,1,0,0.6000000238418579,0,0,0,0,0,8,0,1,0,8,99,1,3.75,0.0,26.887386322021484,28.40812110900879,1.5,0,99,-1.0,0.0,0.0,0,0,0
1780578742.6366208,0,0.3499999940395355,1,0,163,900,423158243,59,77,-10.0,11.000003814697266,21.132959365844727,30.021875381469727,1,0,0.6000000238418579,0,0,0,0,0,8,0,1,0,8,99,1,3.75,0.0,26.962310791015625,28.40812110900879,1.5,0,99,-1.0,0.0,0.0,0,0,0
1780578742.6565583,0,0.3499999940395355,1,0,163,900,423158243,59,77,-10.0,9.200004577636719,20.632959365844727,30.205875396728516,1,0,0.6000000238418579,0,0,0,0,0,8,0,1,0,8,99,1,3.75,0.0,27.037385940551758,28.40812110900879,1.5,0,99,-1.0,0.0,0.0,0,0,0
1780578742.6763635,0,0.3499999940395355,1,0,163,900,423158243,59,77,-10.0,7.400005340576172,20.132959365844727,30.3538761138916,1,0,0.6000000238418579,0,0,0,0,0,8,0,1,0,8,99,1,3.75,0.0,27.11231231689453,28.40812110900879,1.5,0,99,-1.0,0.0,0.0,0,0,0
1780578742.696965,0,0.3499999940395355,1,0,163,900,423158243,59,77,-10.0,5.600006103515625,19.632959365844727,30.46587562561035,1,0,0.6000000238418579,0,0,0,0,0,8,0,1,0,8,99,1,3.75,0.0,27.187532424926758,28.408119201660156,1.5,0,99,-1.0,0.0,0.0,0,0,0
1780578742.7173297,0,0.3499999940395355,1,0,163,900,423158243,59,77,-10.0,3.800006866455078,19.432958602905273,30.5418758392334,1,0,0.6000000238418579,0,0,0,0,0,8,0,1,0,8,99,1,3.75,0.0,27.2624568939209,28.40812110900879,1.5,0,99,-1.0,0.0,0.0,0,0,0
1780578742.7366304,0,0.3499999940395355,1,0,163,900,423158243,59,77,-10.0,2.0000076293945312,19.23295783996582,30.581876754760742,1,0,0.6000000238418579,0,0,0,0,0,8,0,1,0,8,99,1,-8.300000190734863,0.0,27.121789932250977,28.408119201660156,1.5,0,99,-1.0,0.0,0.0,0,0,0
1780578742.7567623,0,0.3499999940395355,1,0,163,900,423158243,59,77,-10.0,0.20000839233398438,19.032957077026367,30.58587646484375,1,0,0.6000000238418579,0,0,0,0,0,8,0,1,0,8,99,1,-8.300000190734863,0.0,26.955955505371094,28.40812110900879,1.5,0,99,-1.0,0.0,0.0,0,0,0
1780578742.7768164,0,0.3499999940395355,1,0,163,900,423158243,59,77,-10.0,-1.5999908447265625,18.832956314086914,30.553876876831055,1,0,0.6000000238418579,0,0,0,0,0,8,0,1,0,8,99,1,-8.300000190734863,0.0,26.79012107849121,28.40812110900879,1.5,0,99,-1.0,0.0,0.0,0,0,0
1780578742.79698,0,0.3499999940395355,1,0,163,900,423158243,59,77,-10.0,-3.3999900817871094,18.63295555114746,30.485877990722656,1,0,0.6000000238418579,0,0,0,0,0,8,0,1,0,8,99,1,-8.300000190734863,0.0,26.62396240234375,28.40812110900879,1.5,0,99,0.0,0.0,0.0,0,0,0
1780578742.8166695,0,0.3499999940395355,1,0,163,900,423158243,59,77,-10.0,-5.199989318847656,18.432954788208008,30.381877899169922,1,0,0.6000000238418579,0,0,0,0,0,8,0,1,0,8,99,1,-8.300000190734863,0.0,26.458127975463867,28.40812110900879,1.5,0,99,0.0,0.0,0.0,0,0,0
1780578742.8365667,0,0.3499999940395355,0,0,163,900,423158243,59,77,-10.0,-6.999988555908203,18.232954025268555,30.241878509521484,1,0,0.6000000238418579,0,0,0,0,0,8,0,0,0,8,99,1,0.0,0.0,26.440467834472656,28.40812110900879,1.5,0,99,0.0,0.0,0.0,0,0,0
1780578742.856991,0,0.3499999940395355,0,0,163,900,423158243,59,77,-10.0,-8.79998779296875,18.0329532623291,30.06587791442871,1,0,0.6000000238418579,0,0,0,0,0,8,0,0,0,8,99,1,0.0,0.0,26.440467834472656,28.40812110900879,1.5,0,99,0.0,0.0,0.0,0,0,0
1780578742.8770869,0,0.3499999940395355,0,0,163,900,423158243,59,77,-10.0,-10.599987030029297,17.83295249938965,29.853878021240234,1,0,0.6000000238418579,0,0,0,0,0,8,0,0,0,8,99,1,0.0,0.0,26.440467834472656,28.408119201660156,1.5,0,99,0.0,0.0,0.0,0,0,0
1780578742.89652,0,0.3499999940395355,0,0,163,900,423158243,59,77,-10.0,-12.399986267089844,17.632951736450195,29.605878829956055,1,0,0.6000000238418579,0,0,0,0,0,8,0,0,0,8,99,1,0.0,0.0,26.440467834472656,28.40812110900879,1.5,0,99,0.0,0.0,0.0,0,0,0
1780578742.9165716,0,0.3499999940395355,0,0,163,900,423158243,59,77,-10.0,-14.19998550415039,17.432950973510742,29.32187843322754,1,0,0.6000000238418579,0,0,0,0,0,8,0,0,0,8,99,1,0.0,0.0,26.440467834472656,28.40812110900879,1.5,0,99,0.0,0.0,0.0,0,0,0
1780578742.9365973,0,0.3499999940395355,0,0,163,900,423158243,59,77,-10.0,-15.999984741210938,17.23295021057129,29.00187873840332,1,0,0.6000000238418579,0,0,0,0,0,8,0,0,0,8,99,1,0.0,0.0,26.440467834472656,28.40812110900879,1.5,0,99,0.0,0.0,0.0,0,0,0
1780578742.9562516,0,0.3499999940395355,0,0,163,900,423158243,59,77,-10.0,-17.799983978271484,17.032949447631836,28.6458797454834,1,0,0.6000000238418579,0,0,0,0,0,8,0,0,0,8,99,1,0.0,0.0,26.440467834472656,28.40812110900879,1.5,0,99,0.0,0.0,0.0,0,0,0
1780578742.9763854,0,0.3499999940395355,0,0,163,900,423158243,60,77,0.0,0.0,16.832948684692383,28.56183624267578,1,0,0.6000000238418579,0,0,0,0,0,8,0,0,0,8,99,1,0.0,0.0,26.440467834472656,28.40812110900879,1.5,0,99,-1.0,0.0,0.0,0,0,0
1780578742.9971185,0,0.3499999940395355,0,0,163,900,423158243,60,77,0.0,0.0,16.832948684692383,28.56184959411621,1,0,0.6000000238418579,0,0,0,0,0,8,0,0,0,8,99,1,0.0,0.0,26.440467834472656,28.40812110900879,1.5,0,99,-1.0,0.0,0.0,1,0,0
1780578743.0170376,0,0.3499999940395355,0,0,163,900,423158243,60,77,0.0,0.0,16.832948684692383,28.561859130859375,1,0,0.6000000238418579,0,0,0,0,0,8,0,0,1,8,99,1,-8.300000190734863,0.0,26.2919921875,28.40812110900879,1.5,0,99,-1.0,0.0,0.0,1,0,0
1780578743.036946,0,0.3499999940395355,0,0,163,900,423158243,60,77,0.0,0.0,16.832948684692383,28.561864852905273,1,0,0.6000000238418579,0,0,0,0,0,8,0,0,1,8,99,0,-8.300000190734863,15.70199966430664,26.126157760620117,28.688692092895508,1.5,0,99,-1.0,0.0,0.0,1,0,0
1780578743.0570226,0,0.3499999940395355,0,0,163,900,423158243,60,77,0.0,0.0,16.832948684692383,28.56186866760254,1,0,0.6000000238418579,0,0,0,0,0,8,0,0,1,8,99,0,-8.300000190734863,15.70199966430664,25.960323333740234,29.002416610717773,1.5,0,99,-1.0,0.0,0.0,1,0,0
1780578743.076836,0,0.3499999940395355,0,0,163,900,423158243,60,77,0.0,0.0,16.832948684692383,28.561870574951172,1,0,0.6000000238418579,0,0,0,0,0,8,0,0,1,8,99,0,-8.300000190734863,15.70199966430664,25.794490814208984,29.316143035888672,1.5,0,99,-1.0,0.0,0.0,1,0,0
1780578743.0963612,0,0.3499999940395355,0,0,163,900,423158243,60,77,0.0,0.0,16.832948684692383,28.561870574951172,1,0,0.6000000238418579,0,0,0,0,0,8,0,0,1,8,99,0,-8.300000190734863,15.70199966430664,25.62786293029785,29.631366729736328,1.5,0,99,-1.0,0.0,0.0,1,0,0
1780578743.1166344,0,0.3499999940395355,0,0,163,900,423158243,60,77,0.0,0.0,16.832948684692383,28.561870574951172,1,0,0.6000000238418579,0,0,0,0,0,8,0,0,1,8,99,0,-8.300000190734863,15.70199966430664,25.46202850341797,29.945091247558594,1.5,0,99,-1.0,0.0,0.0,1,0,0
1780578743.1370516,0,0.3499999940395355,0,0,163,900,423158243,60,77,0.0,0.0,16.832948684692383,28.561870574951172,1,0,0.6000000238418579,0,0,0,0,0,8,0,0,1,8,99,0,-8.300000190734863,15.70199966430664,25.296194076538086,30.258817672729492,1.5,0,99,-1.0,0.0,0.0,1,0,0
1780578743.1569257,0,0.3499999940395355,0,0,163,900,423158243,60,77,0.0,0.0,16.832948684692383,28.561870574951172,1,0,0.6000000238418579,0,0,0,0,0,8,0,0,1,8,99,0,-8.300000190734863,15.70199966430664,25.130359649658203,30.572542190551758,1.5,0,99,-1.0,0.0,0.0,1,0,0
1780578743.176941,0,0.3499999940395355,0,0,163,900,423158243,60,77,0.0,0.0,16.832948684692383,28.561870574951172,1,0,0.6000000238418579,0,0,0,0,0,8,0,0,1,8,99,0,-8.300000190734863,15.70199966430664,24.964265823364258,30.88675880432129,1.5,0,99,-1.0,0.0,0.0,1,0,0
1780578743.1969512,0,0.3499999940395355,0,0,163,900,423158243,60,77,0.0,0.0,16.832948684692383,28.561870574951172,1,0,0.6000000238418579,0,0,0,0,0,8,0,0,1,8,99,0,-8.300000190734863,15.70199966430664,24.798431396484375,31.200483322143555,1.5,0,99,-1.0,0.0,0.0,1,0,0
1780578743.2168877,0,0.3499999940395355,0,0,163,900,423158243,60,77,0.0,0.0,16.832948684692383,28.561870574951172,1,0,0.6000000238418579,0,0,0,0,0,8,0,0,1,8,99,0,-8.300000190734863,15.70199966430664,24.63249969482422,31.51439666748047,1.5,0,99,-1.0,0.0,0.0,1,0,0
1780578743.2364974,0,0.3499999940395355,0,0,163,900,423158243,60,77,0.0,0.0,16.832948684692383,28.561870574951172,1,0,0.6000000238418579,0,0,0,0,0,8,0,0,0,8,99,0,-8.300000190734863,14.753999710083008,24.46617889404297,31.812103271484375,1.5,0,99,-1.0,0.0,0.0,1,0,0
1780578743.2568662,0,0.3499999940395355,0,0,163,900,423158243,60,77,0.0,0.0,16.832948684692383,28.561870574951172,1,0,0.6000000238418579,0,0,0,0,0,8,0,0,0,8,99,0,-8.300000190734863,13.805999755859375,24.300344467163086,32.089969635009766,1.5,0,99,-1.0,0.0,0.0,1,0,0
1780578743.276751,0,0.3499999940395355,0,0,163,900,423158243,60,77,0.0,0.0,16.832948684692383,28.561870574951172,1,0,0.6000000238418579,0,0,0,0,0,8,0,0,0,8,99,0,-8.300000190734863,12.857999801635742,24.13411521911621,32.349525451660156,1.5,0,99,-1.0,0.0,0.0,1,0,0
1780578743.2970872,0,0.3499999940395355,0,0,163,900,423158243,60,77,0.0,0.0,16.832948684692383,28.561870574951172,1,0,0.6000000238418579,0,0,0,0,0,8,0,0,0,8,99,0,-8.300000190734863,11.90999984741211,23.968185424804688,32.58964157104492,1.5,0,99,-1.0,0.0,0.0,1,0,0
1780578743.3170996,0,0.3499999940395355,0,0,163,900,423158243,60,77,0.0,0.0,16.832948684692383,28.561870574951172,1,0,0.6000000238418579,0,0,0,0,0,8,0,0,0,8,99,0,-8.300000190734863,10.961999893188477,23.802127838134766,32.81098175048828,1.5,0,99,-1.0,0.0,0.0,1,0,0
1780578743.3370535,0,0.3499999940395355,0,0,163,900,423158243,60,77,0.0,0.0,16.832948684692383,28.561870574951172,1,0,0.6000000238418579,0,0,0,0,0,8,0,0,0,8,99,0,-8.300000190734863,10.013999938964844,23.636093139648438,33.01332092285156,1.5,0,99,-1.0,-1.0,0.0,1,0,0
1780578743.3570442,0,0.3499999940395355,0,0,163,900,423158243,60,77,0.0,0.0,16.832948684692383,28.561870574951172,1,0,0.6000000238418579,0,0,0,0,0,8,0,0,0,8,99,0,-8.300000190734863,9.065999984741211,23.46996307373047,33.19679260253906,1.5,0,99,-1.0,-1.0,0.0,1,0,0
1780578743.3767507,0,0.3499999940395355,0,0,163,900,423158243,60,77,0.0,0.0,16.832948684692383,28.561870574951172,1,0,0.6000000238418579,0,0,0,0,0,8,0,0,0,8,99,0,-8.300000190734863,8.118000030517578,23.30413055419922,33.360992431640625,1.5,0,99,-1.0,-1.0,0.0,1,0,0
1780578743.3967109,0,0.3499999940395355,0,0,163,900,423158243,60,77,0.0,0.0,16.832948684692383,28.561870574951172,1,0,0.6000000238418579,0,0,0,0,0,8,0,0,0,8,99,0,-8.300000190734863,7.1700005531311035,23.137815475463867,33.50667953491211,1.5,0,99,-1.0,-1.0,0.0,1,0,0
1780578743.4167,0,0.3499999940395355,0,0,163,900,423158243,60,77,0.0,0.0,16.832948684692383,28.561870574951172,1,0,0.6000000238418579,0,0,0,0,0,8,0,0,0,8,99,0,-8.300000190734863,6.222001075744629,22.971982955932617,33.63297653198242,1.5,0,99,-1.0,-1.0,0.0,1,0,0
1780578743.43689,0,0.3499999940395355,0,0,163,900,423158243,60,77,0.0,0.0,16.832948684692383,28.561870574951172,1,0,0.6000000238418579,0,0,0,0,0,8,0,0,0,8,99,0,-8.300000190734863,5.274001598358154,22.80571746826172,33.740623474121094,1.5,0,99,-1.0,-1.0,0.0,1,0,0
1780578743.4570398,0,0.3499999940395355,0,0,163,900,423158243,60,77,0.0,0.0,16.832948684692383,28.561870574951172,1,0,0.6000000238418579,0,0,0,0,0,8,0,0,0,8,99,0,-8.300000190734863,4.32600212097168,22.63988494873047,33.82902908325195,1.5,0,99,-1.0,-1.0,0.0,1,0,0
1780578743.4768627,0,0.3499999940395355,0,0,163,900,423158243,60,77,0.0,0.0,16.832948684692383,28.561870574951172,1,0,0.6000000238418579,0,0,0,0,0,8,0,0,0,8,99,0,-8.300000190734863,3.378002405166626,22.474050521850586,33.89850997924805,1.5,0,99,-1.0,-1.0,0.0,1,0,0
1780578743.4969857,0,0.3499999940395355,0,0,163,900,423158243,60,77,0.0,0.0,16.832948684692383,28.561870574951172,1,0,0.6000000238418579,0,0,0,0,0,8,0,0,0,8,99,0,-8.300000190734863,2.4300026893615723,22.30770492553711,33.94921875,1.5,0,99,-1.0,-1.0,0.0,1,0,0
1780578743.5165591,0,0.3499999940395355,0,0,163,900,423158243,60,77,0.0,0.0,16.832948684692383,28.561870574951172,1,0,0.6000000238418579,0,0,0,0,0,8,0,0,0,8,99,0,-8.300000190734863,1.4820029735565186,22.14187240600586,33.98080062866211,1.5,0,99,-1.0,-1.0,0.0,1,0,0
1780578743.5370529,0,0.3499999940395355,0,0,163,900,423158243,60,77,0.0,0.0,16.832948684692383,28.561870574951172,1,0,0.6000000238418579,0,0,0,0,0,8,0,0,0,8,99,0,-8.300000190734863,0.5340033173561096,21.976036071777344,33.99346160888672,1.5,0,99,-1.0,-1.0,0.0,1,0,0
1780578743.5571709,0,0.3499999940395355,0,0,163,900,423158243,60,77,0.0,0.0,16.832948684692383,28.561870574951172,1,0,0.6000000238418579,0,0,0,1,0,8,0,0,0,8,99,0,-8.300000190734863,-0.4139963388442993,21.810203552246094,33.9871940612793,1.5,0,99,-1.0,-1.0,0.0,1,0,0
1780578743.5764003,0,0.3499999940395355,0,0,163,900,423158243,60,77,0.0,0.0,16.832948684692383,28.561870574951172,1,0,0.6000000238418579,0,0,0,1,0,8,0,0,0,8,99,0,-8.300000190734863,-1.3619959354400635,21.644119262695312,33.96196746826172,1.5,0,99,-1.0,-1.0,0.0,1,0,0
1780578743.5965464,0,0.3499999940395355,0,0,163,900,423158243,60,77,0.0,0.0,16.832948684692383,28.561870574951172,1,0,0.6000000238418579,0,0,0,1,0,8,0,0,0,8,99,0,-8.300000190734863,-2.309995651245117,21.47828483581543,33.91783142089844,1.5,0,99,-1.0,-1.0,0.0,1,0,0
1780578743.6171544,0,0.3499999940395355,0,0,163,900,423158243,60,77,0.0,0.0,16.832948684692383,28.561870574951172,1,0,0.6000000238418579,0,0,0,1,0,8,0,0,0,8,99,0,-8.300000190734863,-3.257995367050171,21.312450408935547,33.85477066040039,1.5,0,99,-1.0,-1.0,0.0,1,0,0
1780578743.6371608,0,0.3499999940395355,0,0,163,900,423158243,60,77,0.0,0.0,16.832948684692383,28.561870574951172,1,0,0.6000000238418579,0,0,0,1,0,8,0,0,0,8,99,0,-8.300000190734863,-4.205995082855225,21.14626693725586,33.772613525390625,1.5,0,99,-1.0,-1.0,0.0,1,0,0
1780578743.6574876,0,0.3499999940395355,0,0,163,900,423158243,60,77,0.0,0.0,16.832948684692383,28.561870574951172,1,0,0.6000000238418579,0,0,0,1,0,8,0,0,0,8,99,0,-8.300000190734863,-5.153994560241699,20.979976654052734,33.67138671875,1.5,0,99,-1.0,-1.0,0.0,1,0,0
1780578743.6770232,0,0.3499999940395355,0,0,163,900,423158243,60,77,0.0,0.0,16.832948684692383,28.561870574951172,1,0,0.6000000238418579,0,0,0,1,0,8,0,0,0,8,99,0,-8.300000190734863,-6.101994037628174,20.814001083374023,33.551368713378906,1.5,0,99,-1.0,-1.0,0.0,1,0,0
1780578743.6969151,0,0.3499999940395355,0,0,163,900,423158243,60,77,0.0,0.0,16.832948684692383,28.561870574951172,1,0,0.6000000238418579,0,0,0,1,0,8,0,0,0,8,99,0,-8.300000190734863,-7.049993515014648,20.64816665649414,33.412513732910156,1.5,0,99,-1.0,-1.0,0.0,0,0,0
1780578743.7171354,0,0.3499999940395355,0,0,163,900,423158243,60,77,0.0,0.0,16.832948684692383,28.561870574951172,1,0,0.6000000238418579,0,0,0,1,0,8,0,0,0,8,99,0,-8.300000190734863,-7.997992992401123,20.481670379638672,33.25410079956055,1.5,0,99,-1.0,-1.0,0.0,0,0,0
1780578743.7368698,0,0.3499999940395355,0,0,163,900,423158243,60,77,0.0,0.0,16.832948684692383,28.561870574951172,1,0,0.6000000238418579,0,0,0,1,0,8,0,0,0,8,99,0,-8.300000190734863,-8.945992469787598,20.31583595275879,33.07732391357422,1.5,0,99,-1.0,-1.0,0.0,0,0,0
1780578743.757122,0,0.3499999940395355,0,0,163,900,423158243,60,77,0.0,0.0,16.832948684692383,28.561870574951172,1,0,0.6000000238418579,0,0,0,1,0,8,0,0,0,8,99,0,-8.300000190734863,-9.89399242401123,20.150001525878906,32.881629943847656,1.5,0,99,-1.0,-1.0,0.0,0,1,0
1780578743.7768993,0,0.3499999940395355,0,0,163,900,423158243,60,77,0.0,0.0,16.832948684692383,28.561870574951172,1,0,0.6000000238418579,0,0,0,1,0,8,0,0,0,8,99,0,-8.300000190734863,-10.841992378234863,19.984169006347656,32.66701126098633,1.5,0,99,-1.0,-1.0,0.0,0,1,0
1780578743.7967174,0,0.3499999940395355,0,0,163,900,423158243,60,77,0.0,0.0,16.832948684692383,28.561870574951172,1,0,0.6000000238418579,0,0,0,1,0,8,0,0,0,8,99,0,-8.300000190734863,-11.789992332458496,19.81833267211914,32.4334716796875,1.5,0,99,-1.0,-1.0,0.0,0,1,0
1780578743.81632,0,0.3499999940395355,0,0,163,900,423158243,60,77,0.0,0.0,16.832948684692383,28.561870574951172,1,0,0.6000000238418579,0,0,0,1,0,8,0,0,0,8,99,0,-8.300000190734863,-12.737992286682129,19.65250015258789,32.18101119995117,1.5,0,99,-1.0,-1.0,0.0,0,1,0
1780578743.837035,0,0.3499999940395355,0,0,163,900,423158243,60,77,0.0,0.0,16.832948684692383,28.561870574951172,1,0,0.6000000238418579,0,0,0,1,0,8,0,0,0,8,99,0,-8.300000190734863,-13.685992240905762,19.486665725708008,31.909624099731445,1.5,0,99,-1.0,-1.0,0.0,0,1,0
1780578743.8566031,0,0.3499999940395355,0,0,163,900,423158243,60,77,0.0,0.0,16.832948684692383,28.561870574951172,1,0,0.6000000238418579,0,0,0,1,0,8,0,0,0,8,99,0,-8.300000190734863,-14.633992195129395,19.31924057006836,31.616512298583984,1.5,0,99,-1.0,-1.0,0.0,0,0,0
1780578743.8769581,0,0.3499999940395355,0,0,163,900,423158243,60,77,0.0,0.0,16.832948684692383,28.561870574951172,0,0,0.6000000238418579,0,0,0,0,0,8,0,0,0,8,99,0,0.0,0.0,19.153404235839844,31.30710220336914,1.5,0,99,-1.0,-1.0,0.0,0,0,0
1780578743.897273,0,0.3499999940395355,0,0,163,900,423158243,60,77,0.0,0.0,16.832948684692383,28.561870574951172,0,0,0.6000000238418579,0,0,0,0,0,8,0,0,0,8,99,0,0.0,0.0,19.136451721191406,31.2752742767334,1.5,0,99,-1.0,-1.0,0.0,0,0,0
1780578743.917212,0,0.3499999940395355,0,0,163,900,423158243,60,77,0.0,0.0,16.832948684692383,28.561870574951172,0,0,0.6000000238418579,0,0,0,0,0,8,0,0,0,8,99,0,0.0,0.0,19.136451721191406,31.2752742767334,1.5,0,99,-1.0,-1.0,0.0,0,0,0
1780578743.9369636,0,0.3499999940395355,0,0,163,900,423158243,60,77,0.0,0.0,16.832948684692383,28.561870574951172,0,0,0.6000000238418579,0,0,0,0,0,8,0,0,0,8,99,0,0.0,0.0,19.136451721191406,31.2752742767334,1.5,0,99,0.0,-1.0,0.0,0,0,0
1780578743.9568887,0,0.3499999940395355,0,0,163,900,423158243,60,77,0.0,0.0,16.832948684692383,28.561870574951172,0,0,0.6000000238418579,0,0,0,0,0,8,0,0,0,8,99,0,0.0,0.0,19.136451721191406,31.2752742767334,1.5,0,99,0.0,1.0,0.0,0,0,0
1780578743.9769511,0,0.3499999940395355,0,0,163,900,423158243,60,77,0.0,0.0,16.832948684692383,28.561870574951172,0,0,0.6000000238418579,0,0,0,0,0,8,0,0,0,8,99,0,0.0,0.0,19.136451721191406,31.2752742767334,1.5,0,99,0.0,0.0,0.0,0,0,0
1780578743.9978263,0,0.3499999940395355,0,0,163,900,423158243,60,77,0.0,0.0,16.832948684692383,28.561870574951172,0,0,0.6000000238418579,0,0,0,0,0,8,0,0,0,8,99,0,0.0,0.0,19.136451721191406,31.2752742767334,1.5,0,99,0.0,0.0,0.0,0,0,0
1780578744.0170815,0,0.3499999940395355,0,0,163,900,423158243,60,77,0.0,0.0,16.832948684692383,28.561870574951172,0,0,0.6000000238418579,0,0,0,0,0,8,0,0,0,8,99,0,0.0,0.0,19.136451721191406,31.2752742767334,1.5,0,99,0.0,0.0,0.0,0,0,0
1780578744.036548,0,0.3499999940395355,0,0,163,900,423158243,60,77,0.0,0.0,16.832948684692383,28.561870574951172,0,0,0.6000000238418579,0,0,0,0,0,8,0,0,0,8,99,0,0.0,0.0,19.136451721191406,31.2752742767334,1.5,0,99,0.0,0.0,0.0,0,0,0
1780578744.0568445,0,0.3499999940395355,0,0,163,900,423158243,60,77,0.0,0.0,16.832948684692383,28.561870574951172,0,0,0.6000000238418579,0,0,0,0,0,8,0,0,0,8,99,0,0.0,0.0,19.136451721191406,31.2752742767334,1.5,0,99,0.0,0.0,0.0,0,0,0
1780578744.0767899,0,0.3499999940395355,0,0,163,900,423158243,60,77,0.0,0.0,16.832948684692383,28.561870574951172,0,0,0.6000000238418579,0,0,0,0,0,8,0,0,0,8,99,0,0.0,0.0,19.136451721191406,31.2752742767334,1.5,0,99,0.0,0.0,0.0,0,0,0
1780578744.0964458,0,0.3499999940395355,0,0,163,900,423158243,60,77,0.0,0.0,16.832948684692383,28.561870574951172,0,0,0.6000000238418579,0,0,0,0,0,8,0,0,0,8,99,0,0.0,0.0,19.136451721191406,31.2752742767334,1.5,0,99,0.0,0.0,0.0,0,0,0
1780578744.1170654,0,0.3499999940395355,0,0,163,900,423158243,60,77,0.0,0.0,16.832948684692383,28.561870574951172,0,0,0.6000000238418579,0,0,0,0,0,8,0,0,0,8,99,0,0.0,0.0,19.136451721191406,31.27527618408203,1.5,0,66,0.0,0.0,0.0,0,0,0
1780578744.13675,0,0.3499999940395355,0,0,163,900,423158243,60,77,0.0,0.0,16.832948684692383,28.561870574951172,0,0,0.6000000238418579,0,0,0,1,0,8,0,0,0,8,99,0,0.0,-50.0,19.136451721191406,30.377792358398438,1.5,0,66,0.0,0.0,0.0,0,0,0
1780578744.1562033,0,0.3499999940395355,0,0,163,900,423158243,60,77,0.0,0.0,16.832948684692383,28.561870574951172,0,0,0.6000000238418579,0,0,0,1,0,8,0,0,0,8,99,0,0.0,-50.0,19.136451721191406,29.37879180908203,1.5,0,66,0.0,0.0,0.0,0,0,0
1780578744.176776,0,0.3499999940395355,0,0,163,900,423158243,60,77,0.0,0.0,16.832948684692383,28.561870574951172,0,0,0.6000000238418579,0,0,0,0,0,8,0,0,0,8,99,1,0.0,0.0,19.136451721191406,28.49872398376465,1.5,0,66,0.0,0.0,0.0,0,0,0
1780578744.1969736,0,0.3499999940395355,0,0,163,900,423158243,60,77,0.0,0.0,16.832948684692383,28.561870574951172,0,0,0.6000000238418579,0,0,0,0,0,8,0,0,0,8,99,1,0.0,0.0,19.136451721191406,28.408098220825195,1.5,0,66,0.0,0.0,0.0,0,0,0
1780578744.2169752,0,0.3499999940395355,0,0,163,900,423158243,60,77,0.0,0.0,16.832948684692383,28.561870574951172,0,0,0.6000000238418579,0,0,0,0,0,8,0,0,0,8,99,1,0.0,0.0,19.136451721191406,28.40810775756836,1.5,0,66,0.0,0.0,0.0,0,0,0
1780578744.2367666,0,0.3499999940395355,0,0,163,900,423158243,60,77,0.0,0.0,16.832948684692383,28.561870574951172,0,0,0.6000000238418579,0,0,0,0,0,8,0,0,0,8,99,1,0.0,0.0,19.136451721191406,28.408113479614258,1.5,0,66,0.0,0.0,0.0,0,0,0
1780578744.2567143,0,0.3499999940395355,0,0,163,900,423158243,60,77,0.0,0.0,16.832948684692383,28.561870574951172,0,0,0.6000000238418579,0,0,0,0,0,8,0,0,0,8,99,1,0.0,0.0,19.136451721191406,28.408119201660156,1.5,0,66,0.0,0.0,0.0,0,0,0
1780578744.2769933,0,0.3499999940395355,0,0,128,900,423158243,7,77,0.0,0.0,16.832948684692383,28.561870574951172,0,0,0.6000000238418579,0,0,0,0,0,8,0,0,0,8,99,1,0.0,0.0,19.136451721191406,28.40812110900879,1.5,0,66,0.0,0.0,0.0,0,0,0
1780578744.2963223,0,0.3499999940395355,0,0,128,900,423158243,7,77,0.0,0.0,16.232948303222656,28.561870574951172,0,0,0.6000000238418579,0,0,0,0,0,8,0,0,0,8,99,1,0.0,0.0,19.136451721191406,28.40812110900879,1.5,0,66,0.0,0.0,0.0,0,0,0
1780578744.3163295,0,0.3499999940395355,0,0,128,900,423158243,7,77,0.0,0.0,15.632948875427246,28.561870574951172,0,0,0.6000000238418579,0,0,0,0,0,8,0,0,0,8,99,1,0.0,0.0,19.136451721191406,28.40812110900879,1.5,0,66,0.0,0.0,0.0,0,0,0
1780578744.336907,0,0.3499999940395355,0,0,128,900,423158243,7,77,0.0,0.0,15.582343101501465,28.561874389648438,0,0,0.6000000238418579,0,0,0,0,0,8,0,0,0,8,99,1,0.0,0.0,19.136451721191406,28.40812110900879,1.5,0,66,0.0,0.0,0.0,0,0,0
1780578744.356836,0,0.3499999940395355,0,0,128,900,423158243,7,77,0.0,0.0,15.582364082336426,28.561874389648438,0,0,0.6000000238418579,0,0,0,0,0,8,0,0,0,8,99,1,0.0,0.0,19.136451721191406,28.408123016357422,1.5,0,66,0.0,0.0,0.0,0,0,0
1780578744.3766782,0,0.3499999940395355,0,0,128,900,423158243,7,77,0.0,0.0,15.582377433776855,28.561874389648438,0,0,0.6000000238418579,0,0,0,0,0,8,0,0,0,8,99,1,0.0,0.0,19.136451721191406,28.408123016357422,1.5,0,66,0.0,0.0,0.0,0,0,0
1780578744.3972208,0,0.3499999940395355,0,0,128,900,423158243,7,77,0.0,0.0,15.582386016845703,28.561874389648438,0,0,0.6000000238418579,0,0,0,0,0,8,0,0,0,8,99,1,0.0,0.0,19.136451721191406,28.408119201660156,1.5,0,66,0.0,0.0,0.0,0,0,0
1780578744.416933,0,0.3499999940395355,0,0,128,900,423158243,7,77,0.0,0.0,15.582391738891602,28.561874389648438,0,0,0.6000000238418579,0,0,0,0,0,8,0,0,0,8,99,1,0.0,0.0,19.136451721191406,28.408123016357422,1.5,0,66,0.0,0.0,0.0,0,0,0
1780578744.43639,0,0.3499999940395355,0,0,128,900,423158243,7,77,0.0,0.0,15.582395553588867,28.561874389648438,0,0,0.6000000238418579,0,0,0,0,0,8,0,0,0,8,99,1,0.0,0.0,19.136451721191406,28.40812110900879,1.5,0,66,0.0,0.0,0.0,0,0,0
1780578744.4564333,0,0.3499999940395355,0,0,128,900,423158243,7,77,0.0,0.0,15.5823974609375,28.561874389648438,0,0,0.6000000238418579,0,0,0,0,0,8,0,0,0,8,99,1,0.0,0.0,19.136451721191406,28.40812110900879,1.5,0,66,0.0,0.0,0.0,0,0,0
1780578744.4768856,0,0.3499999940395355,0,0,128,900,423158243,7,77,0.0,0.0,15.582399368286133,28.561874389648438,0,0,0.6000000238418579,0,0,0,0,0,8,0,0,0,8,99,1,0.0,0.0,19.136451721191406,28.40812110900879,1.5,0,66,0.0,0.0,0.0,0,0,0
1780578744.4971266,0,0.3499999940395355,0,0,128,900,423158243,7,77,0.0,0.0,15.58240032196045,28.561874389648438,0,0,0.6000000238418579,0,0,0,0,0,8,0,0,0,8,99,1,0.0,0.0,19.136451721191406,28.40812110900879,1.5,0,66,0.0,0.0,0.0,0,0,0
1780578744.516551,0,0.3499999940395355,0,0,128,900,423158243,7,77,0.0,0.0,15.58240032196045,28.561874389648438,0,0,0.6000000238418579,0,0,0,0,0,8,0,0,0,8,99,1,0.0,0.0,19.136451721191406,28.40812110900879,1.5,0,66,0.0,0.0,0.0,0,0,0
1780578744.5369744,0,0.3499999940395355,0,0,128,900,423158243,7,77,0.0,0.0,15.58240032196045,28.561874389648438,0,0,0.6000000238418579,0,0,0,0,0,8,0,0,0,8,99,1,0.0,0.0,19.136451721191406,28.40812110900879,1.5,0,66,0.0,0.0,0.0,0,0,0
1780578744.5570579,0,0.3499999940395355,0,0,128,900,423158243,7,77,0.0,0.0,15.58240032196045,28.561874389648438,0,0,0.6000000238418579,0,0,0,0,0,8,0,0,0,8,99,1,0.0,0.0,19.136451721191406,28.40812110900879,1.5,0,66,0.0,0.0,0.0,0,0,0
1780578744.5761354,0,0.3499999940395355,0,0,128,900,423158243,7,77,0.0,0.0,15.58240032196045,28.561874389648438,0,0,0.6000000238418579,0,0,0,0,0,8,0,0,0,8,99,1,0.0,0.0,19.136451721191406,28.40812110900879,1.5,0,66,0.0,0.0,0.0,0,0,0
1780578744.596269,0,0.3499999940395355,0,0,128,900,423158243,9,77,4.881453514099121,41.0,15.58240032196045,28.561874389648438,0,0,0.6000000238418579,0,0,0,0,0,8,0,0,0,8,99,1,0.0,0.0,19.136451721191406,28.40812110900879,1.5,0,66,0.0,0.0,0.0,0,0,0
1780578744.6171212,0,0.3499999940395355,0,0,128,900,423158243,10,77,4.881453514099121,39.20000076293945,15.680028915405273,29.345874786376953,0,0,0.6000000238418579,0,0,0,0,0,8,0,0,0,8,99,1,0.0,0.0,19.136451721191406,28.40812110900879,1.5,0,66,0.0,0.0,0.0,0,0,0
1780578744.637188,0,0.3499999940395355,0,0,113,900,423158243,10,77,4.881453514099121,37.400001525878906,15.777657508850098,30.093873977661133,0,0,0.6000000238418579,0,0,0,0,0,8,0,0,0,8,99,1,0.0,0.0,19.136451721191406,28.40812110900879,1.5,0,66,0.0,0.0,0.0,0,0,0
1780578744.6562974,0,0.3499999940395355,0,0,113,900,423158243,10,77,4.881453514099121,35.60000228881836,15.665030479431152,30.80587387084961,0,0,0.6000000238418579,0,0,0,0,0,8,0,0,0,8,99,1,0.0,0.0,19.136451721191406,28.408123016357422,1.5,0,66,0.0,0.0,0.0,0,0,0
1780578744.6771245,0,0.3499999940395355,0,0,113,900,423158243,10,77,4.881453514099121,33.80000305175781,15.762659072875977,31.481874465942383,0,0,0.6000000238418579,0,0,0,0,0,8,0,0,0,8,99,1,0.0,0.0,19.136451721191406,28.408119201660156,1.5,0,66,0.0,0.0,0.0,0,0,0
1780578744.6969912,0,0.3499999940395355,0,0,113,900,423158243,10,77,4.881453514099121,32.000003814697266,15.8602876663208,32.12187194824219,0,0,0.6000000238418579,0,0,0,0,0,8,0,0,0,8,99,1,0.0,0.0,19.136451721191406,28.40812110900879,1.5,0,66,0.0,0.0,0.0,0,0,0
1780578744.717103,0,0.3499999940395355,0,0,113,900,423158243,10,77,4.881453514099121,30.20000457763672,15.957916259765625,32.72587203979492,0,0,0.6000000238418579,0,0,0,0,0,8,0,0,0,8,99,1,0.0,0.0,19.136451721191406,28.40812110900879,1.5,0,66,0.0,0.0,0.0,0,0,0
1780578744.7367504,0,0.3499999940395355,0,0,113,900,423158243,10,77,4.881453514099121,28.400005340576172,16.055543899536133,33.29387283325195,0,0,0.6000000238418579,0,0,0,0,0,8,0,0,0,8,99,1,0.0,0.0,19.136451721191406,28.40812110900879,1.5,0,66,0.0,0.0,0.0,0,0,0
1780578744.7576933,0,0.3499999940395355,0,0,113,900,423158243,10,77,4.881453514099121,26.600006103515625,16.153173446655273,33.82587432861328,0,0,0.6000000238418579,0,0,0,0,0,8,0,0,0,8,99,1,0.0,0.0,19.136451721191406,28.40812110900879,1.5,0,66,0.0,0.0,0.0,0,0,0
1780578744.7788382,0,0.3499999940395355,0,0,113,900,423158243,10,77,4.881453514099121,24.800006866455078,16.250802993774414,34.32187271118164,0,0,0.6000000238418579,0,0,0,0,0,8,0,0,0,8,99,1,0.0,0.0,19.136451721191406,28.40812110900879,1.5,0,66,0.0,0.0,0.0,0,0,0
1780578744.799683,0,0.3499999940395355,0,0,113,900,423158243,10,77,4.881453514099121,23.00000762939453,16.348432540893555,34.7818717956543,0,0,0.6000000238418579,0,0,0,0,0,8,0,0,0,8,99,1,0.0,0.0,19.136451721191406,28.40812110900879,1.5,0,66,0.0,0.0,0.0,0,0,0
1780578744.819111,0,0.3499999940395355,0,0,113,900,423158243,10,77,4.881453514099121,21.200008392333984,16.446062088012695,35.20587158203125,0,0,0.6000000238418579,0,0,0,0,0,8,0,0,0,8,99,1,0.0,0.0,19.136451721191406,28.40812110900879,1.5,0,66,0.0,0.0,0.0,0,0,0
1780578744.8389008,0,0.3499999940395355,0,0,113,900,423158243,10,77,4.881453514099121,19.400009155273438,16.543691635131836,35.5938720703125,0,0,0.6000000238418579,0,0,0,0,0,8,0,0,0,8,99,1,0.0,0.0,19.136451721191406,28.40812110900879,1.5,0,66,0.0,0.0,0.0,0,0,0
1780578744.8586676,0,0.3499999940395355,0,0,113,900,423158243,10,77,4.881453514099121,17.60000991821289,16.641321182250977,35.94587326049805,1,0,0.6000000238418579,0,0,0,0,0,8,0,0,0,8,99,1,0.0,0.0,19.136451721191406,28.40812110900879,1.5,0,66,0.0,0.0,0.0,0,0,0
1780578744.878234,0,0.3499999940395355,0,0,113,900,423158243,10,77,4.881453514099121,15.800010681152344,16.738950729370117,36.26187515258789,1,0,0.6000000238418579,0,0,0,0,0,8,0,0,0,8,99,1,0.0,0.0,19.136451721191406,28.40812110900879,1.5,0,66,0.0,0.0,0.0,0,0,0
1780578744.8974183,0,0.3499999940395355,0,0,113,900,423158243,10,77,4.881453514099121,14.000011444091797,16.836580276489258,36.541873931884766,1,0,0.6000000238418579,0,0,0,0,0,8,0,0,0,8,99,1,0.0,0.0,19.136451721191406,28.40812110900879,1.5,0,66,0.0,0.0,0.0,0,0,0
1780578744.9172623,0,0.3499999940395355,0,0,113,900,423158243,10,77,4.881453514099121,12.20001220703125,16.9342098236084,36.78587341308594,1,0,0.6000000238418579,0,0,0,0,0,8,0,0,0,8,99,1,0.0,0.0,19.136451721191406,28.40812110900879,1.5,0,66,0.0,0.0,0.0,0,0,0
1780578744.9369137,0,0.3499999940395355,0,0,113,900,423158243,10,77,4.881453514099121,10.400012969970703,17.03183937072754,36.993873596191406,1,0,0.6000000238418579,0,0,0,0,0,8,0,0,0,8,99,1,0.0,0.0,19.136451721191406,28.408119201660156,1.5,0,66,0.0,0.0,0.0,0,0,0
1780578744.9572122,0,0.3499999940395355,0,0,113,900,423158243,10,77,4.881453514099121,8.600013732910156,17.12946891784668,37.16587448120117,1,0,0.6000000238418579,0,0,0,0,0,8,0,0,0,8,99,1,0.0,0.0,19.136451721191406,28.40812110900879,1.5,0,66,0.0,0.0,0.0,0,0,0
1780578744.977132,0,0.3499999940395355,0,0,113,900,423158243,10,77,4.881453514099121,6.800014495849609,17.22709846496582,37.301876068115234,1,0,0.6000000238418579,0,0,0,0,0,8,0,0,0,8,99,1,0.0,0.0,19.136451721191406,28.40812110900879,1.5,0,66,0.0,0.0,0.0,0,0,0
1780578744.9972086,0,0.3499999940395355,0,0,113,900,423158243,10,77,4.881453514099121,5.0000152587890625,17.32472801208496,37.40187454223633,1,0,0.6000000238418579,0,0,0,0,0,8,0,0,0,8,99,1,0.0,0.0,19.136451721191406,28.40812110900879,1.5,0,66,0.0,0.0,0.0,0,0,0
1780578745.016729,0,0.3499999940395355,0,0,113,900,423158243,10,77,4.881453514099121,3.2000160217285156,17.4223575592041,37.46587371826172,1,0,0.6000000238418579,0,0,0,0,0,8,0,0,0,8,99,1,0.0,0.0,19.136451721191406,28.40812110900879,1.5,0,66,0.0,0.0,0.0,0,0,0
1780578745.0370302,0,0.3499999940395355,0,0,113,900,423158243,10,77,4.881453514099121,1.4000167846679688,17.519987106323242,37.493873596191406,1,0,0.6000000238418579,0,0,0,0,0,8,0,0,0,8,99,1,0.0,0.0,19.136451721191406,28.40812110900879,1.5,0,66,0.0,0.0,0.0,0,0,0
1780578745.0567892,0,0.3499999940395355,0,0,113,900,423158243,10,77,4.881453514099121,-0.3999824523925781,17.617616653442383,37.48587417602539,1,0,0.6000000238418579,0,0,0,0,0,8,0,0,0,8,99,1,0.0,0.0,19.136451721191406,28.40812110900879,1.5,0,66,0.0,0.0,0.0,0,0,0
1780578745.076394,0,0.3499999940395355,0,0,113,900,423158243,10,77,4.881453514099121,-2.199981689453125,17.715246200561523,37.44187545776367,1,0,0.6000000238418579,0,0,0,0,0,8,0,0,0,8,99,1,0.0,0.0,19.136451721191406,28.40812110900879,1.5,0,66,0.0,0.0,0.0,0,0,0
1780578745.0966208,0,0.3499999940395355,0,0,113,900,423158243,10,77,4.881453514099121,-3.999980926513672,17.812875747680664,37.36187744140625,1,0,0.6000000238418579,0,0,0,0,0,8,0,0,0,8,99,1,0.0,0.0,19.136451721191406,28.40812110900879,1.5,0,66,0.0,0.0,0.0,0,0,0
1780578745.1169274,0,0.3499999940395355,0,0,113,900,423158243,10,77,4.881453514099121,-5.799980163574219,17.910505294799805,37.24587631225586,1,0,0.6000000238418579,0,0,0,0,0,8,0,0,0,8,99,1,0.0,0.0,19.136451721191406,28.40812110900879,1.5,0,66,0.0,0.0,0.0,0,0,0
1780578745.136166,0,0.3499999940395355,0,0,113,900,423158243,10,77,4.881453514099121,-7.599979400634766,18.008134841918945,37.093875885009766,1,0,0.6000000238418579,0,0,0,0,0,8,0,0,0,8,99,1,0.0,0.0,19.136451721191406,28.40812110900879,1.5,0,66,0.0,0.0,0.0,0,0,0
1780578745.1563885,0,0.3499999940395355,0,0,113,900,423158243,10,77,4.881453514099121,-9.399978637695312,18.105764389038086,36.90587615966797,1,0,0.6000000238418579,0,0,0,0,0,8,0,0,0,8,99,1,0.0,0.0,19.136451721191406,28.40812110900879,1.5,0,66,0.0,0.0,0.0,0,0,0
1780578745.1767197,0,0.3499999940395355,0,0,113,900,423158243,10,77,4.881453514099121,-11.19997787475586,18.203393936157227,36.68187713623047,1,0,0.6000000238418579,0,0,0,0,0,8,0,0,0,8,99,1,0.0,0.0,19.136451721191406,28.40812110900879,1.5,0,66,0.0,0.0,0.0,0,0,0
1780578745.1966147,0,0.3499999940395355,0,0,113,900,423158243,10,77,4.881453514099121,-12.999977111816406,18.301023483276367,36.421878814697266,1,0,0.6000000238418579,0,0,0,0,0,8,0,0,0,8,99,1,0.0,0.0,19.136451721191406,28.408123016357422,1.5,0,66,0.0,0.0,0.0,0,0,0
1780578745.2163355,0,0.3499999940395355,0,0,113,900,423158243,10,77,4.881453514099121,-14.799976348876953,18.398653030395508,36.12588119506836,1,0,0.6000000238418579,0,0,0,0,0,8,0,0,0,8,99,1,0.0,0.0,19.136451721191406,28.40812110900879,1.5,0,66,0.0,0.0,0.0,0,0,0
1780578745.236746,0,0.3499999940395355,0,0,113,900,423158243,10,77,4.881453514099121,-16.5999755859375,18.49628257751465,35.793880462646484,1,0,0.6000000238418579,0,0,0,0,0,8,0,0,0,8,99,1,0.0,0.0,19.136451721191406,28.40812110900879,1.5,0,66,0.0,0.0,0.0,0,0,0
1780578745.2567477,0,0.3499999940395355,0,0,113,900,423158243,10,77,4.881453514099121,-18.399974822998047,18.59391212463379,35.425880432128906,1,0,0.6000000238418579,0,0,0,0,0,8,0,0,0,8,99,1,0.0,0.0,19.136451721191406,28.408123016357422,1.5,0,66,0.0,0.0,0.0,0,0,0
1780578745.2765849,0,0.3499999940395355,0,0,113,900,423158243,10,77,4.881453514099121,-20.199974060058594,18.69154167175293,35.021881103515625,1,0,0.6000000238418579,0,0,0,0,0,8,0,0,0,8,99,1,0.0,0.0,19.136451721191406,28.40812110900879,1.5,0,66,0.0,0.0,0.0,0,0,0
1780578745.2963529,0,0.3499999940395355,0,0,113,900,423158243,10,77,4.881453514099121,-21.99997329711914,18.78917121887207,34.58188247680664,1,0,0.6000000238418579,0,0,0,0,0,8,0,0,0,8,99,1,0.0,0.0,19.136451721191406,28.40812110900879,1.5,0,66,0.0,0.0,0.0,0,0,0
1780578745.317002,0,0.3499999940395355,0,0,113,900,423158243,10,77,4.881453514099121,-23.799972534179688,18.88680076599121,34.10588455200195,1,0,0.6000000238418579,0,0,0,0,0,8,0,0,0,8,99,1,0.0,0.0,19.136451721191406,28.40812110900879,1.5,0,66,0.0,0.0,0.0,0,0,0
1780578745.3366005,0,0.3499999940395355,0,0,113,900,423158243,10,77,4.881453514099121,-25.599971771240234,18.98443031311035,33.5938835144043,1,0,0.6000000238418579,0,0,0,0,0,8,0,0,0,8,99,1,0.0,0.0,19.136451721191406,28.40812110900879,1.5,0,66,0.0,0.0,0.0,0,0,0
1780578745.356493,0,0.3499999940395355,0,0,113,900,423158243,10,77,4.881453514099121,-27.39997100830078,19.082059860229492,33.04588317871094,1,0,0.6000000238418579,0,0,0,0,0,8,0,0,0,8,99,1,0.0,0.0,19.136451721191406,28.40812110900879,1.5,0,66,0.0,0.0,0.0,0,0,0
1780578745.3767338,0,0.3499999940395355,0,0,113,900,423158243,10,77,4.881453514099121,-29.199970245361328,19.179689407348633,32.461883544921875,1,0,0.6000000238418579,0,0,0,0,0,8,0,0,0,8,99,1,0.0,0.0,19.136451721191406,28.40812110900879,1.5,0,66,0.0,0.0,0.0,0,0,0
1780578745.3967004,0,0.3499999940395355,0,0,113,900,423158243,10,77,4.881453514099121,-30.999969482421875,19.277318954467773,31.84188461303711,1,0,0.6000000238418579,0,0,0,0,0,8,0,0,0,8,99,1,0.0,0.0,19.136451721191406,28.40812110900879,1.5,0,66,0.0,0.0,0.0,0,0,0
1780578745.417029,0,0.3499999940395355,0,0,113,900,423158243,10,77,4.881453514099121,-32.79996871948242,19.374948501586914,31.18588638305664,1,0,0.6000000238418579,0,0,0,0,0,8,0,0,0,8,99,1,0.0,0.0,19.136451721191406,28.40812110900879,1.5,0,66,-1.0,0.0,0.0,0,0,0
1780578745.4365504,0,0.3499999940395355,0,0,113,900,423158243,10,77,4.881453514099121,-34.59996795654297,19.472578048706055,30.493886947631836,1,0,0.6000000238418579,0,0,0,0,0,8,0,0,0,8,99,1,0.0,0.0,19.136451721191406,28.40812110900879,1.5,0,66,-1.0,0.0,0.0,0,0,0
1780578745.7375715,0,0.3499999940395355,0,0,113,900,423158243,10,77,4.881453514099121,-36.399967193603516,19.570207595825195,29.765888214111328,0,0,0.6000000238418579,0,0,1,0,0,7,1,0,0,8,99,1,0.0,0.0,19.136451721191406,28.40812110900879,1.5,0,66,0.0,0.0,0.0,0,0,0
1780578745.7665865,0,0.3499999940395355,0,0,113,900,423158243,10,77,4.881453514099121,-38.19996643066406,19.667837142944336,29.001888275146484,0,0,0.6000000238418579,0,0,1,0,0,7,1,0,0,8,99,1,0.0,0.0,19.136451721191406,28.40812110900879,1.5,0,66,0.0,0.0,0.0,0,0,0
1780578745.7867584,0,0.3499999940395355,0,0,113,900,423158243,11,77,0.0,0.0,19.765466690063477,28.56183624267578,0,0,0.6000000238418579,0,0,1,0,0,7,1,0,0,8,99,1,-15.0,7.5,18.868444442749023,28.542123794555664,1.5,0,66,0.0,0.0,0.0,0,0,0
1780578745.8065753,0,0.3499999940395355,0,0,113,900,423158243,11,77,0.0,0.0,19.765466690063477,28.56184959411621,0,0,0.6000000238418579,0,0,1,0,0,7,1,0,0,8,99,1,-15.0,7.5,18.567861557006836,28.69241714477539,1.5,0,66,0.0,0.0,0.0,0,0,0
1780578745.8261192,0,0.3499999940395355,0,0,113,900,423158243,11,77,0.0,0.0,19.765466690063477,28.561859130859375,0,0,0.6000000238418579,0,0,1,0,0,7,1,0,0,8,99,1,-15.0,7.5,18.267789840698242,28.842453002929688,1.5,0,66,0.0,0.0,0.0,0,0,0
1780578745.8468132,0,0.3499999940395355,0,0,113,900,423158243,11,77,0.0,0.0,19.765466690063477,28.561864852905273,0,0,0.6000000238418579,0,0,1,0,0,7,1,0,0,8,99,1,-15.0,7.5,17.968090057373047,28.99230194091797,1.5,0,66,1.0,0.0,0.0,0,0,0
1780578745.8669975,0,0.3499999940395355,0,0,113,900,423158243,11,77,0.0,0.0,19.765466690063477,28.56186866760254,0,0,0.6000000238418579,0,0,1,0,0,7,1,0,0,8,99,1,-15.0,7.5,17.666446685791016,29.143123626708984,1.5,0,66,1.0,0.0,0.0,0,0,0
1780578745.8870177,0,0.3499999940395355,0,0,113,900,423158243,11,77,0.0,0.0,19.765466690063477,28.561870574951172,0,0,0.6000000238418579,0,0,1,0,0,7,1,0,0,8,99,1,-15.0,7.5,17.366357803344727,29.293167114257812,1.5,0,66,1.0,0.0,0.0,0,0,0
1780578745.9064083,0,0.3499999940395355,0,0,113,900,423158243,11,77,0.0,0.0,19.765466690063477,28.561870574951172,0,0,0.6000000238418579,0,0,1,0,0,7,1,0,0,8,99,1,-15.0,7.5,17.066659927368164,29.443016052246094,1.5,0,66,1.0,0.0,0.0,0,0,0
1780578745.926982,0,0.3499999940395355,0,0,113,900,423158243,11,77,0.0,0.0,19.765466690063477,28.561870574951172,0,0,0.6000000238418579,0,0,1,0,0,7,1,0,0,8,99,1,-15.0,7.5,16.76696014404297,29.592866897583008,1.5,0,66,1.0,0.0,0.0,0,0,0
1780578745.9470983,0,0.3499999940395355,0,0,113,900,423158243,11,77,0.0,0.0,19.765466690063477,28.561870574951172,0,0,0.6000000238418579,0,0,1,0,0,7,1,0,0,8,99,1,-15.0,7.5,16.467260360717773,29.742717742919922,1.5,0,66,1.0,0.0,0.0,0,0,0
1780578745.9662623,0,0.3499999940395355,0,0,113,900,423158243,11,77,0.0,0.0,19.765466690063477,28.561870574951172,0,0,0.6000000238418579,0,0,1,0,0,7,1,0,0,8,99,1,-15.0,7.5,16.167560577392578,29.892566680908203,1.5,0,66,1.0,0.0,0.0,0,0,0
1780578745.9866645,0,0.3499999940395355,0,0,113,900,423158243,11,77,0.0,0.0,19.765466690063477,28.561870574951172,1,0,0.6000000238418579,0,0,1,0,0,7,1,0,0,8,99,0,0.0,0.0,15.867860794067383,30.042415618896484,1.5,0,66,1.0,0.0,0.0,0,0,1
1780578746.0069957,0,0.3499999940395355,1,0,113,900,423158243,11,77,0.0,0.0,19.765466690063477,28.561870574951172,0,0,0.6000000238418579,0,0,1,1,0,7,1,1,0,8,99,0,8.300000190734863,-0.9479996562004089,15.984917640686035,30.041160583496094,1.5,0,66,1.0,0.0,0.0,0,0,1
1780578746.0270395,0,0.3499999940395355,1,0,113,900,423158243,1,77,0.0,0.0,19.765466690063477,28.561870574951172,0,0,0.6000000238418579,0,0,1,1,0,7,1,1,0,8,99,0,8.300000190734863,-1.8959993124008179,16.1507511138916,30.005281448364258,1.5,0,66,1.0,0.0,0.0,0,0,1
1780578746.046454,0,0.3499999940395355,1,0,92,900,423158243,51,77,0.0,0.0,19.765466690063477,28.561870574951172,0,0,0.6000000238418579,0,0,1,1,0,7,1,1,0,8,99,0,-3.75,-2.843998908996582,16.316844940185547,29.950393676757812,1.5,0,77,1.0,0.0,0.0,0,0,1
1780578746.066172,0,0.3499999940395355,1,0,92,900,423158243,51,77,0.0,0.0,20.065465927124023,28.561870574951172,0,0,0.6000000238418579,0,0,1,1,0,7,1,1,0,8,99,0,-3.75,-3.7919986248016357,16.26749038696289,29.87664031982422,1.5,0,77,1.0,0.0,0.0,0,0,1
1780578746.0870626,0,0.3499999940395355,1,0,92,900,423158243,51,77,0.0,0.0,20.36546516418457,28.561870574951172,0,0,0.6000000238418579,0,0,1,1,0,7,1,1,0,8,99,0,-3.75,-4.7399983406066895,16.192508697509766,29.78389549255371,1.5,0,77,1.0,0.0,0.0,0,0,1
1780578746.1069937,0,0.3499999940395355,1,0,92,900,423158243,51,77,0.0,0.0,20.665464401245117,28.561870574951172,1,0,0.6000000238418579,0,0,1,1,0,7,1,1,0,8,99,0,-3.75,-5.687997817993164,16.1173038482666,29.671859741210938,1.5,0,77,1.0,0.0,0.0,0,0,1
1780578746.12689,0,0.3499999940395355,1,0,92,900,423158243,51,77,0.0,0.0,20.965463638305664,28.561870574951172,1,0,0.6000000238418579,0,0,1,1,0,7,1,1,0,8,99,0,-3.75,-6.635997295379639,16.04195213317871,29.540502548217773,1.5,0,77,1.0,0.0,0.0,0,0,1
1780578746.1469054,0,0.3499999940395355,1,0,92,900,423158243,51,77,0.0,0.0,21.26546287536621,28.561870574951172,1,0,0.6000000238418579,0,0,1,1,0,7,1,1,0,8,99,0,-3.75,-7.583996772766113,15.967026710510254,29.390869140625,1.5,0,77,1.0,0.0,0.0,0,0,1
1780578746.1665936,0,0.3499999940395355,1,0,92,900,423158243,51,77,0.0,0.0,21.565462112426758,28.561870574951172,1,0,0.6000000238418579,0,0,1,1,0,7,1,1,0,8,99,0,-3.75,-8.531996726989746,15.892101287841797,29.222314834594727,1.5,0,77,1.0,0.0,0.0,0,0,1
1780578746.1869442,0,0.3499999940395355,1,0,92,900,423158243,51,77,0.0,0.0,21.865461349487305,28.561870574951172,1,0,0.6000000238418579,0,0,1,1,0,7,1,1,0,8,99,0,-3.75,-9.479996681213379,15.817176818847656,29.034835815429688,1.5,0,77,1.0,0.0,0.0,0,0,1
1780578746.207028,0,0.3499999940395355,1,0,92,900,423158243,51,77,0.0,0.0,22.16546058654785,28.561870574951172,1,0,0.6000000238418579,0,0,1,1,0,7,1,1,0,8,99,0,-3.75,-10.427996635437012,15.7422513961792,28.82843780517578,1.5,0,77,1.0,0.0,0.0,0,0,0
1780578746.2271006,0,0.3499999940395355,1,0,92,900,423158243,51,77,0.0,0.0,22.16546058654785,28.561870574951172,1,0,0.6000000238418579,0,0,1,1,0,7,1,1,0,8,99,0,-3.75,-11.375996589660645,15.666929244995117,28.601909637451172,1.5,0,77,1.0,0.0,0.0,0,0,0
1780578746.2464225,0,0.3499999940395355,1,0,92,900,423158243,51,77,0.0,0.0,22.16546058654785,28.561870574951172,1,0,0.6000000238418579,0,0,1,0,0,7,1,1,0,8,99,1,8.300000190734863,0.0,15.80875301361084,28.425310134887695,1.5,0,77,1.0,0.0,0.0,0,0,0
1780578746.2666516,0,0.3499999940395355,1,0,92,900,423158243,51,77,0.0,0.0,22.16546058654785,28.561870574951172,1,0,0.6000000238418579,0,0,1,0,0,7,1,1,0,8,99,1,8.300000190734863,0.0,15.974587440490723,28.408098220825195,1.5,0,77,1.0,0.0,0.0,0,0,0
1780578746.2869933,0,0.3499999940395355,1,0,92,900,423158243,52,77,22.0,0.0,22.16546058654785,28.561870574951172,1,0,0.6000000238418579,0,0,1,0,0,7,1,1,0,8,99,1,8.300000190734863,0.0,16.14042091369629,28.408109664916992,1.5,0,77,1.0,0.0,0.0,0,0,0
1780578746.3068,0,0.3499999940395355,1,0,92,900,423158243,52,77,22.0,0.0,22.60546112060547,28.561870574951172,1,0,0.6000000238418579,0,0,1,0,0,7,1,1,0,8,99,1,8.300000190734863,0.0,16.306255340576172,28.40811538696289,1.5,0,77,1.0,0.0,0.0,0,0,0
1780578746.3265872,0,0.3499999940395355,1,0,92,900,423158243,52,77,22.0,0.0,23.045461654663086,28.561870574951172,1,0,0.6000000238418579,0,0,1,0,0,7,1,1,0,8,99,1,8.300000190734863,0.0,16.472454071044922,28.408119201660156,1.5,0,77,1.0,0.0,0.0,0,0,0
1780578746.3469741,0,0.3499999940395355,1,0,92,900,423158243,52,77,22.0,0.0,23.485462188720703,28.561870574951172,1,0,0.6000000238418579,0,0,1,0,0,7,1,1,0,8,99,1,8.300000190734863,0.0,16.638288497924805,28.40812110900879,1.5,0,77,1.0,0.0,0.0,0,0,0
1780578746.3674426,0,0.3499999940395355,0,0,92,900,423158243,52,77,22.0,0.0,23.92546272277832,28.561870574951172,1,0,0.6000000238418579,0,0,1,0,0,7,1,0,0,8,99,1,8.300000190734863,0.0,16.804122924804688,28.40812110900879,1.5,0,77,1.0,0.0,0.0,0,0,0
1780578746.3865445,0,0.3499999940395355,0,0,92,900,423158243,52,77,22.0,0.0,24.365463256835938,28.561870574951172,1,0,0.6000000238418579,0,0,1,0,0,7,1,0,0,8,99,1,8.300000190734863,0.0,16.97053337097168,28.40812110900879,1.5,0,77,1.0,0.0,0.0,0,0,0
1780578746.4067779,0,0.3499999940395355,0,0,92,900,423158243,52,77,22.0,0.0,24.805463790893555,28.561870574951172,1,0,0.6000000238418579,0,0,1,0,0,7,1,0,0,8,99,1,8.300000190734863,0.0,17.136367797851562,28.40812110900879,1.5,0,77,1.0,0.0,0.0,0,0,0
1780578746.4269743,0,0.3499999940395355,0,0,92,900,423158243,52,77,22.0,0.0,25.245464324951172,28.561870574951172,1,0,0.6000000238418579,0,0,1,0,0,7,1,0,0,8,99,1,8.300000190734863,0.0,17.302371978759766,28.40812110900879,1.5,0,77,1.0,0.0,0.0,0,0,0
1780578746.447108,0,0.3499999940395355,0,0,92,900,423158243,52,77,22.0,0.0,25.68546485900879,28.561870574951172,1,0,0.6000000238418579,0,0,1,0,0,7,1,0,0,8,99,1,8.300000190734863,0.0,17.468204498291016,28.40812110900879,1.5,0,77,1.0,0.0,0.0,0,0,0
1780578746.4666336,0,0.3499999940395355,0,0,92,900,423158243,52,77,22.0,0.0,26.125465393066406,28.561870574951172,1,0,0.6000000238418579,0,0,1,0,0,7,1,0,0,8,99,1,8.300000190734863,0.0,17.634973526000977,28.40812110900879,1.5,0,77,1.0,0.0,0.0,0,0,0
1780578746.4869828,0,0.3499999940395355,0,0,92,900,423158243,52,77,22.0,0.0,26.565465927124023,28.561870574951172,1,0,0.6000000238418579,0,0,1,0,0,7,1,0,0,8,99,1,8.300000190734863,0.0,17.80080795288086,28.40812110900879,1.5,0,77,1.0,0.0,0.0,0,0,0
1780578746.506826,0,0.3499999940395355,0,0,92,900,423158243,52,77,22.0,0.0,27.00546646118164,28.561870574951172,1,0,0.6000000238418579,0,0,1,0,0,7,1,0,0,8,99,1,8.300000190734863,0.0,17.966642379760742,28.40812110900879,1.5,0,77,1.0,0.0,0.0,0,0,0
1780578746.5261023,0,0.3499999940395355,0,0,92,900,423158243,52,77,22.0,0.0,27.445466995239258,28.561870574951172,1,0,0.6000000238418579,0,0,1,0,0,7,1,0,0,8,99,1,8.300000190734863,0.0,18.132476806640625,28.408123016357422,1.5,0,77,1.0,0.0,0.0,0,0,0
1780578746.547096,0,0.3499999940395355,0,0,92,900,423158243,56,77,0.0,0.0,27.885467529296875,28.561870574951172,1,0,0.6000000238418579,0,0,1,0,0,7,1,0,0,8,99,1,8.300000190734863,0.0,18.298311233520508,28.40812110900879,1.5,0,77,1.0,0.0,0.0,0,0,0
1780578746.5665004,0,0.3499999940395355,0,0,92,900,423158243,56,77,0.0,0.0,27.885467529296875,28.561870574951172,1,0,0.6000000238418579,0,0,1,0,0,7,1,0,0,8,99,1,8.300000190734863,0.0,18.46414566040039,28.40812110900879,1.5,0,77,1.0,0.0,0.0,0,0,0
1780578746.5861986,0,0.3499999940395355,0,0,92,900,423158243,56,77,0.0,0.0,27.885467529296875,28.561870574951172,1,0,0.6000000238418579,0,0,1,0,0,7,1,0,0,8,99,1,8.300000190734863,0.0,18.629980087280273,28.40812110900879,1.5,0,77,1.0,0.0,0.0,0,0,0
1780578746.606272,0,0.3499999940395355,0,0,92,900,423158243,56,77,0.0,0.0,27.885467529296875,28.561870574951172,1,0,0.6000000238418579,0,0,1,0,0,7,1,0,0,8,99,1,8.300000190734863,0.0,18.795902252197266,28.40812110900879,1.5,0,77,1.0,0.0,0.0,0,0,0
1780578746.6265981,0,0.3499999940395355,0,0,92,900,423158243,56,77,0.0,0.0,27.885467529296875,28.561870574951172,1,0,0.6000000238418579,0,0,1,0,0,7,1,0,0,8,99,1,8.300000190734863,0.0,18.96196746826172,28.40812110900879,1.5,0,77,1.0,0.0,0.0,0,0,0
1780578746.646762,0,0.3499999940395355,0,0,92,900,423158243,56,77,0.0,0.0,27.885467529296875,28.561870574951172,1,0,0.6000000238418579,0,0,1,0,0,7,1,0,0,8,99,1,8.300000190734863,0.0,19.1278018951416,28.40812110900879,1.5,0,77,1.0,0.0,0.0,0,0,0
1780578746.6662052,0,0.3499999940395355,0,0,92,900,423158243,56,77,0.0,0.0,27.885467529296875,28.561870574951172,1,0,0.6000000238418579,0,0,1,0,0,7,1,0,0,8,99,1,8.300000190734863,0.0,19.294424057006836,28.40812110900879,1.5,0,77,1.0,0.0,0.0,0,0,0
1780578746.6869438,0,0.3499999940395355,0,0,92,900,423158243,56,77,0.0,0.0,27.885467529296875,28.561870574951172,1,0,0.6000000238418579,0,0,1,0,0,7,1,0,0,8,99,1,8.300000190734863,0.0,19.46025848388672,28.40812110900879,1.5,0,77,1.0,0.0,0.0,0,0,0
1780578746.7066753,0,0.3499999940395355,0,0,92,900,423158243,56,77,0.0,0.0,27.885467529296875,28.561870574951172,1,0,0.6000000238418579,0,0,1,0,0,7,1,0,0,8,99,1,8.300000190734863,0.0,19.6260929107666,28.40812110900879,1.5,0,77,1.0,0.0,0.0,0,0,0
1780578746.7262027,0,0.3499999940395355,0,0,92,900,423158243,56,77,0.0,0.0,27.885467529296875,28.561870574951172,1,0,0.6000000238418579,0,0,1,0,0,7,1,0,0,8,99,1,8.300000190734863,0.0,19.792314529418945,28.40812110900879,1.5,0,77,1.0,0.0,0.0,0,0,0
1780578746.7468927,0,0.3499999940395355,0,0,92,900,423158243,56,77,0.0,0.0,27.885467529296875,28.561870574951172,1,0,0.6000000238418579,0,0,1,0,0,7,1,0,0,8,99,1,8.300000190734863,0.0,19.958148956298828,28.40812110900879,1.5,0,77,1.0,0.0,0.0,0,0,0
1780578746.7666414,0,0.3499999940395355,0,0,92,900,423158243,56,77,0.0,0.0,27.885467529296875,28.561870574951172,1,0,0.6000000238418579,0,0,1,0,0,7,1,0,0,8,99,1,8.300000190734863,0.0,20.12398338317871,28.40812110900879,1.5,0,77,1.0,0.0,0.0,0,0,0
1780578746.7866123,0,0.3499999940395355,0,0,92,900,423158243,2,77,0.0,0.0,27.885467529296875,28.561870574951172,1,0,0.6000000238418579,0,0,1,0,0,7,1,0,0,8,99,1,8.300000190734863,0.0,20.290992736816406,28.40812110900879,1.5,0,77,1.0,0.0,0.0,0,0,0
1780578746.8064256,0,0.3499999940395355,0,0,92,900,423158243,2,77,0.0,0.0,27.885467529296875,28.561872482299805,1,0,0.6000000238418579,0,0,1,0,0,7,1,0,0,8,99,1,8.300000190734863,0.0,20.45682716369629,28.40812110900879,1.5,0,77,1.0,0.0,0.0,0,0,0
1780578746.826763,0,0.3499999940395355,0,0,92,900,423158243,2,77,0.0,0.0,27.885467529296875,28.561872482299805,1,0,0.6000000238418579,0,0,1,0,0,7,1,0,0,8,99,1,8.300000190734863,0.0,20.622661590576172,28.40812110900879,1.5,0,77,1.0,0.0,0.0,0,0,0
1780578746.8465362,0,0.3499999940395355,0,0,92,900,423158243,2,77,0.0,0.0,27.885467529296875,28.561872482299805,1,0,0.6000000238418579,0,0,1,0,0,7,1,0,0,8,99,1,8.300000190734863,0.0,20.788496017456055,28.408119201660156,1.5,0,77,1.0,0.0,0.0,0,0,0
1780578746.8667693,0,0.3499999940395355,0,0,92,900,423158243,2,77,0.0,0.0,27.885467529296875,28.561872482299805,1,0,0.6000000238418579,0,0,1,0,0,7,1,0,0,8,99,1,8.300000190734863,0.0,20.954330444335938,28.40812110900879,1.5,0,77,1.0,0.0,0.0,0,0,0
1780578746.8863592,0,0.3499999940395355,0,0,92,900,423158243,2,77,0.0,0.0,27.885467529296875,28.561872482299805,1,0,0.6000000238418579,0,0,1,0,0,7,1,0,0,8,99,1,8.300000190734863,0.0,21.12016487121582,28.40812110900879,1.5,0,77,1.0,0.0,0.0,0,0,0
1780578746.9071221,0,0.3499999940395355,0,0,92,900,423158243,2,77,0.0,0.0,27.885467529296875,28.561872482299805,1,0,0.6000000238418579,0,0,1,0,0,7,1,0,0,8,99,1,8.300000190734863,0.0,21.285999298095703,28.408119201660156,1.5,0,77,1.0,0.0,0.0,0,0,0
1780578746.926499,0,0.3499999940395355,0,0,92,900,423158243,2,77,0.0,0.0,27.885467529296875,28.561872482299805,1,0,0.6000000238418579,0,0,1,0,0,7,1,0,0,8,99,1,8.300000190734863,0.0,21.452190399169922,28.40812110900879,1.5,0,77,1.0,0.0,0.0,0,0,0
1780578746.9461417,0,0.3499999940395355,0,0,92,900,423158243,2,77,0.0,0.0,27.885467529296875,28.561872482299805,1,0,0.6000000238418579,0,0,1,0,0,7,1,0,0,8,99,1,8.300000190734863,0.0,21.618024826049805,28.408123016357422,1.5,0,77,1.0,0.0,0.0,0,0,0
1780578746.9666739,0,0.3499999940395355,0,0,92,900,423158243,2,77,0.0,0.0,27.885467529296875,28.561872482299805,1,0,0.6000000238418579,0,0,1,0,0,7,1,0,0,8,99,1,8.300000190734863,0.0,21.783859252929688,28.408119201660156,1.5,0,77,1.0,0.0,0.0,0,0,0
1780578746.9869044,0,0.3499999940395355,0,0,92,900,423158243,2,77,0.0,0.0,27.885467529296875,28.561872482299805,1,0,0.6000000238418579,0,0,1,0,0,7,1,0,0,8,99,1,8.300000190734863,0.0,21.949878692626953,28.40812110900879,1.5,0,77,1.0,0.0,0.0,0,0,0
1780578747.0071163,0,0.3499999940395355,0,0,92,900,423158243,2,77,0.0,0.0,27.885467529296875,28.561872482299805,1,0,0.6000000238418579,0,0,1,0,0,7,1,0,0,8,99,1,8.300000190734863,0.0,22.11624526977539,28.40812110900879,1.5,0,77,1.0,0.0,0.0,0,0,0
1780578747.026645,0,0.3499999940395355,0,0,92,900,423158243,2,77,0.0,0.0,27.885467529296875,28.561872482299805,1,0,0.6000000238418579,0,0,1,0,0,7,1,0,0,8,99,1,8.300000190734863,0.0,22.282684326171875,28.40812110900879,1.5,0,77,1.0,0.0,0.0,0,0,0
1780578747.0470028,0,0.3499999940395355,0,0,92,900,423158243,2,77,0.0,0.0,27.885467529296875,28.561872482299805,1,0,0.6000000238418579,0,0,1,0,0,7,0,0,0,8,99,1,8.300000190734863,0.0,22.448518753051758,28.40812110900879,1.5,0,77,1.0,0.0,0.0,0,0,0
1780578747.0669293,0,0.3499999940395355,0,0,92,900,423158243,2,77,0.0,0.0,27.885467529296875,28.561872482299805,1,0,0.6000000238418579,0,0,1,0,0,7,0,0,0,8,99,1,8.300000190734863,0.0,22.61435317993164,28.40812110900879,1.5,0,77,1.0,0.0,0.0,0,0,0
1780578747.0866473,0,0.3499999940395355,0,0,92,900,423158243,2,77,0.0,0.0,27.885467529296875,28.561872482299805,1,0,0.6000000238418579,0,0,1,0,0,7,0,0,0,8,99,1,8.300000190734863,0.0,22.780406951904297,28.40812110900879,1.5,0,77,1.0,0.0,0.0,0,0,0
1780578747.107109,0,0.3499999940395355,0,0,92,900,423158243,2,77,0.0,0.0,27.885467529296875,28.561872482299805,1,0,0.6000000238418579,0,0,1,0,0,7,0,0,0,8,99,1,8.300000190734863,0.0,22.946243286132812,28.40812110900879,1.5,0,77,1.0,0.0,0.0,0,0,0
1780578747.1267734,0,0.3499999940395355,0,0,92,900,423158243,2,77,0.0,0.0,27.885467529296875,28.561872482299805,1,0,0.6000000238418579,0,0,1,0,0,7,0,0,0,8,99,1,8.300000190734863,0.0,23.112077713012695,28.40812110900879,1.5,0,77,1.0,0.0,0.0,0,0,0
1780578747.1465077,0,0.3499999940395355,0,0,92,900,423158243,2,77,0.0,0.0,27.885467529296875,28.561872482299805,1,0,0.6000000238418579,0,0,1,0,0,7,0,0,0,8,99,1,8.300000190734863,0.0,23.277910232543945,28.40812110900879,1.5,0,77,1.0,0.0,0.0,0,0,0
1780578747.1663518,0,0.3499999940395355,0,0,92,900,423158243,2,77,0.0,0.0,27.885467529296875,28.561872482299805,1,0,0.6000000238418579,0,0,1,0,0,7,0,0,0,8,99,1,8.300000190734863,0.0,23.44374656677246,28.40812110900879,1.5,0,77,1.0,0.0,0.0,0,0,0
1780578747.1868002,0,0.3499999940395355,0,0,92,900,423158243,2,77,0.0,0.0,27.885467529296875,28.561872482299805,1,0,0.6000000238418579,0,0,1,0,0,7,0,0,0,8,99,1,8.300000190734863,0.0,23.61001205444336,28.408119201660156,1.5,0,77,1.0,0.0,0.0,0,0,0
1780578747.206536,0,0.3499999940395355,0,0,92,900,423158243,2,77,0.0,0.0,27.885467529296875,28.561872482299805,1,0,0.6000000238418579,0,0,1,0,0,7,0,0,0,8,99,1,8.300000190734863,0.0,23.77584457397461,28.40812110900879,1.5,0,77,1.0,0.0,0.0,0,0,1
1780578747.2262433,0,0.3499999940395355,1,0,92,900,423158243,2,77,0.0,0.0,27.885467529296875,28.561872482299805,0,0,0.6000000238418579,0,0,1,0,0,7,0,1,0,8,99,1,8.300000190734863,0.0,23.942171096801758,28.40812110900879,1.5,0,77,1.0,0.0,0.0,0,0,1
1780578747.246373,0,0.3499999940395355,1,0,92,900,423158243,2,77,0.0,0.0,27.885467529296875,28.561872482299805,0,0,0.6000000238418579,0,0,1,0,0,7,0,1,0,8,99,1,8.300000190734863,0.0,24.10800552368164,28.408123016357422,1.5,0,77,1.0,0.0,0.0,0,0,1
1780578747.2665856,0,0.3499999940395355,1,0,92,900,423158243,2,77,0.0,0.0,27.885467529296875,28.561872482299805,0,0,0.6000000238418579,0,0,1,0,0,7,0,1,0,8,99,1,8.300000190734863,0.0,24.27423667907715,28.40812110900879,1.5,0,77,1.0,0.0,0.0,0,0,1
1780578747.2870343,0,0.3499999940395355,1,0,92,900,423158243,2,77,0.0,0.0,27.885467529296875,28.561872482299805,0,0,0.6000000238418579,0,0,1,0,0,7,0,1,0,8,99,1,8.300000190734863,0.0,24.4400691986084,28.40812110900879,1.5,0,77,1.0,0.0,0.0,0,0,1
1780578747.3065395,0,0.3499999940395355,1,0,92,900,423158243,2,77,0.0,0.0,27.885467529296875,28.561872482299805,0,0,0.6000000238418579,0,0,1,0,0,7,0,1,0,8,99,1,8.300000190734863,0.0,24.607175827026367,28.40812110900879,1.5,0,77,1.0,1.0,0.0,0,0,0
1780578747.3270352,0,0.3499999940395355,1,0,92,900,423158243,2,77,0.0,0.0,27.885467529296875,28.561872482299805,1,0,0.6000000238418579,0,0,1,0,0,7,0,1,0,8,99,1,8.300000190734863,0.0,24.77301025390625,28.40812110900879,1.5,0,77,1.0,1.0,0.0,0,0,0
1780578747.34681,0,0.3499999940395355,1,0,92,900,423158243,3,77,-25.0,0.0,27.885467529296875,28.561872482299805,1,0,0.6000000238418579,0,0,1,0,0,7,0,1,0,8,99,1,8.300000190734863,0.0,24.938844680786133,28.408123016357422,1.5,0,77,1.0,1.0,0.0,0,0,0
1780578747.6479385,0,0.3499999940395355,0,0,92,900,423158243,3,77,-25.0,0.0,27.385467529296875,28.561872482299805,0,0,0.6000000238418579,0,0,1,0,0,6,1,0,0,8,99,1,0.0,0.0,25.121246337890625,28.40812110900879,1.5,0,77,-1.0,1.0,0.0,1,0,0
1780578747.6767254,0,0.3499999940395355,0,0,92,900,423158243,3,77,-25.0,0.0,26.885467529296875,28.561872482299805,0,0,0.6000000238418579,0,0,1,0,0,6,1,0,0,8,99,1,0.0,0.0,25.121477127075195,28.40812110900879,1.5,0,77,-1.0,0.0,0.0,0,0,0
1780578747.6966312,0,0.3499999940395355,0,0,92,900,423158243,3,77,-25.0,0.0,26.385467529296875,28.561872482299805,0,0,0.6000000238418579,0,0,1,0,0,6,1,0,0,8,99,1,-15.0,7.5,24.85155487060547,28.543081283569336,1.5,0,77,-1.0,0.0,0.0,0,0,0
1780578747.7169049,0,0.3499999940395355,0,0,92,900,423158243,3,77,-25.0,0.0,25.885467529296875,28.561872482299805,0,0,0.6000000238418579,0,0,1,0,0,6,1,0,0,8,99,1,-15.0,7.5,24.551666259765625,28.69302749633789,1.5,0,77,-1.0,0.0,0.0,0,0,0
1780578747.736731,0,0.3499999940395355,0,0,92,900,423158243,3,77,-25.0,0.0,25.385467529296875,28.561872482299805,0,0,0.6000000238418579,0,0,1,0,0,6,1,0,0,8,99,1,-15.0,7.5,24.250185012817383,28.843767166137695,1.5,0,77,-1.0,0.0,0.0,0,0,0
1780578747.7570443,0,0.3499999940395355,0,0,92,900,423158243,3,77,-25.0,0.0,24.885467529296875,28.561872482299805,0,0,0.6000000238418579,0,0,1,0,0,6,1,0,0,8,99,1,-15.0,7.5,23.950485229492188,28.99361801147461,1.5,0,77,-1.0,0.0,0.0,0,0,0
1780578747.7768984,0,0.3499999940395355,0,0,92,900,423158243,3,77,-25.0,0.0,24.385467529296875,28.561872482299805,0,0,0.6000000238418579,0,0,1,0,0,6,1,0,0,8,99,1,-15.0,7.5,23.65033721923828,29.143692016601562,1.5,0,77,-1.0,1.0,0.0,0,0,0
1780578747.796808,0,0.3499999940395355,0,0,92,900,423158243,3,77,-25.0,0.0,23.885467529296875,28.561872482299805,0,0,0.6000000238418579,0,0,1,0,0,6,1,0,0,8,99,1,-15.0,7.5,23.350637435913086,29.293540954589844,1.5,0,77,-1.0,1.0,0.0,0,0,0
1780578747.8170056,0,0.3499999940395355,0,0,92,900,423158243,3,77,-25.0,0.0,23.385467529296875,28.561872482299805,0,0,0.6000000238418579,0,0,1,0,0,6,1,0,0,8,99,1,-15.0,7.5,23.05093765258789,29.443391799926758,1.5,0,77,-1.0,1.0,0.0,0,0,0
1780578747.8368819,0,0.3499999940395355,0,0,92,900,423158243,3,77,-25.0,0.0,22.885467529296875,28.561872482299805,0,0,0.6000000238418579,0,0,1,0,0,6,1,0,0,8,99,1,-15.0,7.5,22.75052261352539,29.593597412109375,1.5,0,77,-1.0,1.0,0.0,0,0,0
1780578747.8563848,0,0.3499999940395355,0,0,92,900,423158243,3,77,-25.0,0.0,22.385467529296875,28.561872482299805,0,0,0.6000000238418579,0,0,1,0,0,6,1,0,0,8,99,1,-15.0,7.5,22.450824737548828,29.743446350097656,1.5,0,77,-1.0,1.0,0.0,0,0,0
1780578747.8768167,0,0.3499999940395355,0,0,92,900,423158243,3,77,-25.0,0.0,21.885467529296875,28.561872482299805,0,0,0.6000000238418579,0,0,1,0,0,6,1,0,0,8,99,1,-15.0,7.5,22.151124954223633,29.89329719543457,1.5,0,77,-1.0,1.0,0.0,0,0,0
1780578747.8968308,0,0.3499999940395355,0,0,92,900,423158243,3,77,-25.0,0.0,21.385467529296875,28.561872482299805,1,0,0.6000000238418579,0,0,1,0,0,6,1,0,0,8,99,0,0.0,0.0,21.851425170898438,30.04314613342285,1.5,0,77,-1.0,1.0,0.0,0,0,0
1780578747.9169846,0,0.3499999940395355,0,0,92,900,423158243,3,77,-25.0,0.0,20.885467529296875,28.561872482299805,1,0,0.6000000238418579,0,0,0,1,0,6,1,0,0,8,99,0,-8.300000190734863,-0.9479996562004089,21.671791076660156,30.041019439697266,1.5,0,77,-1.0,1.0,0.0,0,0,0
1780578747.936741,0,0.3499999940395355,0,0,92,900,423158243,3,77,-25.0,0.0,20.385467529296875,28.561872482299805,1,0,0.6000000238418579,0,0,0,1,0,6,1,0,0,8,99,0,-8.300000190734863,-1.8959993124008179,21.50565528869629,30.004932403564453,1.5,0,77,-1.0,1.0,0.0,0,0,0
1780578747.9568295,0,0.3499999940395355,0,0,92,900,423158243,3,77,-25.0,0.0,19.885467529296875,28.561872482299805,1,0,0.6000000238418579,0,0,0,1,0,6,1,0,0,8,99,0,-8.300000190734863,-2.843998908996582,21.339599609375,29.949880599975586,1.5,0,77,-1.0,1.0,0.0,0,0,0
1780578747.9769886,0,0.3499999940395355,0,0,92,900,423158243,3,77,-25.0,0.0,19.385467529296875,28.561872482299805,1,0,0.6000000238418579,0,0,0,1,0,6,1,0,0,8,99,0,-8.300000190734863,-3.7919986248016357,21.17310905456543,29.87565803527832,1.5,0,77,-1.0,1.0,0.0,0,0,0
1780578747.9964309,0,0.3499999940395355,0,0,92,900,423158243,4,77,-19.25,0.0,18.885467529296875,28.561872482299805,1,0,0.6000000238418579,0,0,0,1,0,6,1,0,0,8,99,0,-8.300000190734863,-4.7399983406066895,21.007274627685547,29.782737731933594,1.5,0,77,-1.0,1.0,0.0,0,0,0
1780578748.0164135,0,0.3499999940395355,0,0,92,900,423158243,4,77,-14.82249927520752,0.0,18.589017868041992,28.561872482299805,1,0,0.6000000238418579,0,0,0,1,0,6,1,0,0,8,99,0,-8.300000190734863,-5.687997817993164,20.841440200805664,29.670894622802734,1.5,0,77,-1.0,0.0,0.0,0,0,0
1780578748.0368285,0,0.3499999940395355,0,0,92,900,423158243,4,77,-11.413324356079102,0.0,18.36075210571289,28.561872482299805,1,0,0.6000000238418579,0,0,0,1,0,6,1,0,0,8,99,0,-8.300000190734863,-6.635997295379639,20.67560577392578,29.540130615234375,1.5,0,77,-1.0,0.0,0.0,0,0,0
1780578748.0569034,0,0.3499999940395355,0,0,92,900,423158243,4,77,-8.788259506225586,0.0,18.184986114501953,28.561872482299805,1,0,0.6000000238418579,0,0,0,1,0,6,1,0,0,8,99,0,-8.300000190734863,-7.583996772766113,20.5097713470459,29.390443801879883,1.5,0,77,-1.0,0.0,0.0,0,0,0
1780578748.0762117,0,0.3499999940395355,0,0,92,900,423158243,4,77,-6.7669596672058105,0.0,18.049646377563477,28.561872482299805,1,0,0.6000000238418579,0,0,0,1,0,6,1,0,0,8,99,0,-8.300000190734863,-8.531996726989746,20.343385696411133,29.221267700195312,1.5,0,77,-1.0,0.0,0.0,0,0,0
1780578748.0968683,0,0.3499999940395355,0,0,92,900,423158243,4,77,-5.210558891296387,0.0,17.9454345703125,28.561872482299805,1,0,0.6000000238418579,0,0,0,1,0,6,1,0,0,8,99,0,-8.300000190734863,-9.479996681213379,20.17755126953125,29.033674240112305,1.5,0,77,-1.0,0.0,0.0,0,0,0
1780578748.1169388,0,0.3499999940395355,0,0,92,900,423158243,4,77,-4.012130260467529,0.0,17.865192413330078,28.561872482299805,1,0,0.6000000238418579,0,0,0,1,0,6,1,0,0,8,99,0,-8.300000190734863,-10.427996635437012,20.01150131225586,28.82689094543457,1.5,0,77,-1.0,0.0,0.0,0,0,1
1780578748.1363463,0,0.3499999940395355,1,0,92,900,423158243,4,77,-3.0893402099609375,0.0,17.80340576171875,28.561872482299805,0,0,0.6000000238418579,0,0,0,1,0,6,1,1,0,8,99,0,-8.300000190734863,-11.375996589660645,19.84515953063965,28.600732803344727,1.5,0,77,-1.0,0.0,0.0,0,0,1
1780578748.156786,0,0.3499999940395355,1,0,92,900,423158243,4,77,-2.3787918090820312,0.0,17.755830764770508,28.561872482299805,0,0,0.6000000238418579,0,0,0,0,0,6,1,1,0,8,99,1,-8.300000190734863,0.0,19.679325103759766,28.424423217773438,1.5,0,77,-1.0,0.0,0.0,0,0,1
1780578748.1765225,0,0.3499999940395355,1,0,71,900,423158243,4,77,-1.8316696882247925,0.0,17.71919822692871,28.561872482299805,0,0,0.6000000238418579,0,0,0,0,0,6,1,1,0,8,99,1,3.75,0.0,19.513492584228516,28.408098220825195,1.5,0,88,-1.0,0.0,0.0,0,0,1
1780578748.1965015,0,0.3499999940395355,1,0,71,900,423158243,4,77,-1.4103856086730957,0.0,17.3909912109375,28.561872482299805,0,0,0.6000000238418579,0,0,0,0,0,6,1,1,0,8,99,1,3.75,0.0,19.56517219543457,28.408109664916992,1.5,0,88,-1.0,0.0,0.0,0,0,1
1780578748.2179015,0,0.3499999940395355,1,0,71,900,423158243,5,77,-0.8144976496696472,0.0,17.069272994995117,28.561872482299805,0,0,0.6000000238418579,0,0,0,0,0,6,1,1,0,8,99,1,3.75,0.0,19.64019203186035,28.40811538696289,1.5,0,88,-1.0,0.0,0.0,0,0,1
1780578748.2370448,0,0.3499999940395355,1,0,71,900,423158243,5,77,-0.6108732223510742,0.0,16.757057189941406,28.561872482299805,0,0,0.6000000238418579,0,0,0,0,0,6,1,1,0,8,99,1,3.75,0.0,19.715118408203125,28.408119201660156,1.5,0,88,-1.0,0.0,0.0,0,0,1
1780578748.2576246,0,0.3499999940395355,1,0,71,900,423158243,5,77,-0.45815491676330566,0.0,16.447895050048828,28.561872482299805,1,0,0.6000000238418579,0,0,0,0,0,6,1,1,0,8,99,1,3.75,0.0,19.79015350341797,28.40812110900879,1.5,0,88,-1.0,0.0,0.0,0,0,1
1780578748.277454,0,0.3499999940395355,1,0,71,900,423158243,5,77,-0.34361618757247925,0.0,16.141023635864258,28.561872482299805,1,0,0.6000000238418579,0,0,0,0,0,6,1,1,0,8,99,1,3.75,0.0,19.8660888671875,28.40812110900879,1.5,0,88,-1.0,0.0,0.0,0,0,1
1780578748.2977462,0,0.3499999940395355,1,0,71,900,423158243,5,77,-0.25771212577819824,0.0,15.835868835449219,28.561872482299805,1,0,0.6000000238418579,0,0,0,0,0,6,1,1,0,8,99,1,3.75,0.0,19.94101333618164,28.408123016357422,1.5,0,88,-1.0,0.0,0.0,0,0,0
1780578748.318062,0,0.3499999940395355,1,0,71,900,423158243,5,77,-0.19328409433364868,0.0,15.532003402709961,28.561872482299805,1,0,0.6000000238418579,0,0,0,0,0,6,1,1,0,8,99,1,3.75,0.0,20.015939712524414,28.40812110900879,1.5,0,88,-1.0,0.0,0.0,0,0,0
1780578748.3383193,0,0.3499999940395355,1,0,71,900,423158243,69,77,0.0,0.0,15.313384056091309,28.561872482299805,1,0,0.6000000238418579,0,0,0,0,0,6,1,1,0,8,99,1,3.75,0.0,20.090866088867188,28.40812110900879,1.5,0,88,-1.0,0.0,0.0,0,0,0
1780578748.358304,0,0.3499999940395355,1,0,71,900,423158243,69,77,0.0,0.0,15.334718704223633,28.561872482299805,1,0,0.6000000238418579,0,0,0,0,0,6,1,1,0,8,99,1,3.75,0.0,20.165790557861328,28.40812110900879,1.5,0,88,-1.0,0.0,0.0,0,0,0
1780578748.3778155,0,0.3499999940395355,1,0,71,900,423158243,69,77,0.0,0.0,15.337447166442871,28.561872482299805,1,0,0.6000000238418579,0,0,0,0,0,6,1,1,0,8,99,1,-8.300000190734863,0.0,20.021472930908203,28.40812110900879,1.5,0,88,-1.0,0.0,0.0,0,0,0
1780578748.39762,0,0.3499999940395355,1,0,71,900,423158243,69,77,0.0,0.0,15.339193344116211,28.561872482299805,1,0,0.6000000238418579,0,0,0,0,0,6,1,1,0,8,99,1,-8.300000190734863,0.0,19.855636596679688,28.40812110900879,1.5,0,88,-1.0,0.0,0.0,0,0,0
1780578748.4171774,0,0.3499999940395355,1,0,71,900,423158243,69,77,0.0,0.0,15.340311050415039,28.561872482299805,1,0,0.6000000238418579,0,0,0,0,0,6,1,1,0,8,99,1,-8.300000190734863,0.0,19.689802169799805,28.40812110900879,1.5,0,88,-1.0,0.0,0.0,0,0,0
1780578748.437193,0,0.3499999940395355,1,0,71,900,423158243,69,77,0.0,0.0,15.341026306152344,28.561872482299805,1,0,0.6000000238418579,0,0,0,0,0,6,1,1,0,8,99,1,-8.300000190734863,0.0,19.523643493652344,28.40812110900879,1.5,0,88,-1.0,0.0,0.0,0,0,0
1780578748.4564323,0,0.3499999940395355,1,0,71,900,423158243,69,77,0.0,0.0,15.341484069824219,28.561872482299805,1,0,0.6000000238418579,0,0,0,0,0,6,1,1,0,8,99,1,-8.300000190734863,0.0,19.35780906677246,28.40812110900879,1.5,0,88,-1.0,0.0,0.0,0,0,0
1780578748.4767802,0,0.3499999940395355,1,0,71,900,423158243,69,77,0.0,0.0,15.341776847839355,28.561872482299805,1,0,0.6000000238418579,0,0,0,0,0,6,1,1,0,8,99,1,-8.300000190734863,0.0,19.191972732543945,28.40812110900879,1.5,0,88,-1.0,0.0,0.0,0,0,0
1780578748.4965756,0,0.3499999940395355,0,0,71,900,423158243,69,77,0.0,0.0,15.341963768005371,28.561872482299805,1,0,0.6000000238418579,0,0,0,0,0,6,1,0,0,8,99,1,-8.300000190734863,0.0,19.026140213012695,28.40812110900879,1.5,0,88,-1.0,0.0,0.0,0,0,0
1780578748.5169826,0,0.3499999940395355,0,0,71,900,423158243,69,77,0.0,0.0,15.342083930969238,28.561872482299805,1,0,0.6000000238418579,0,0,0,0,0,6,1,0,0,8,99,1,-8.300000190734863,0.0,18.86030387878418,28.408123016357422,1.5,0,88,-1.0,0.0,0.0,0,0,0
1780578748.536892,0,0.3499999940395355,0,0,71,900,423158243,69,77,0.0,0.0,15.342161178588867,28.561872482299805,1,0,0.6000000238418579,0,0,0,0,0,6,1,0,0,8,99,1,-8.300000190734863,0.0,18.694055557250977,28.40812110900879,1.5,0,88,-1.0,0.0,0.0,0,0,0
1780578748.5562327,0,0.3499999940395355,0,0,71,900,423158243,69,77,0.0,0.0,15.34221076965332,28.561872482299805,1,0,0.6000000238418579,0,0,0,0,0,6,1,0,0,8,99,1,-8.300000190734863,0.0,18.528221130371094,28.40812110900879,1.5,0,88,-1.0,0.0,0.0,0,0,0
1780578748.5761254,0,0.3499999940395355,0,0,71,900,423158243,69,77,0.0,0.0,15.342242240905762,28.561872482299805,1,0,0.6000000238418579,0,0,0,0,0,6,1,0,0,8,99,1,-8.300000190734863,0.0,18.36238670349121,28.40812110900879,1.5,0,88,-1.0,0.0,0.0,0,0,0
1780578748.598062,0,0.3499999940395355,0,0,71,900,423158243,7,77,0.0,0.0,15.342262268066406,28.561872482299805,1,0,0.6000000238418579,0,0,0,0,0,6,1,0,0,8,99,1,-8.300000190734863,0.0,18.196552276611328,28.40812110900879,1.5,0,88,-1.0,0.0,0.0,0,0,1
1780578748.6190646,0,0.3499999940395355,1,0,71,900,423158243,7,77,0.0,0.0,15.519451141357422,28.561872482299805,0,0,0.6000000238418579,0,0,0,0,0,6,1,1,0,8,99,1,-8.300000190734863,0.0,18.02812957763672,28.40812110900879,1.5,0,88,-1.0,0.0,0.0,0,0,1
1780578748.638917,0,0.3499999940395355,1,0,71,900,423158243,7,77,0.0,0.0,15.565899848937988,28.561872482299805,0,0,0.6000000238418579,0,0,0,0,0,6,1,1,0,8,99,1,-8.300000190734863,0.0,17.859601974487305,28.40812110900879,1.5,0,88,-1.0,0.0,0.0,0,0,1
1780578748.6600251,0,0.3499999940395355,1,0,50,900,423158243,7,77,0.0,0.0,15.578076362609863,28.561872482299805,0,0,0.6000000238418579,0,0,0,0,0,6,1,1,0,8,99,1,3.75,0.0,17.69376564025879,28.40812110900879,1.5,0,99,-1.0,0.0,0.0,0,0,1
1780578748.6793487,0,0.3499999940395355,1,0,50,900,423158243,7,77,0.0,0.0,15.576258659362793,28.561872482299805,0,0,0.6000000238418579,0,0,0,0,0,6,1,1,0,8,99,1,3.75,0.0,17.752309799194336,28.40812110900879,1.5,0,99,-1.0,0.0,0.0,0,0,1
1780578748.698257,0,0.3499999940395355,1,0,50,900,423158243,7,77,0.0,0.0,15.578470230102539,28.561872482299805,0,0,0.6000000238418579,0,0,0,0,0,6,1,1,0,8,99,1,3.75,0.0,17.827234268188477,28.408119201660156,1.5,0,99,-1.0,0.0,0.0,0,0,1
1780578748.7175174,0,0.3499999940395355,1,0,50,900,423158243,7,77,0.0,0.0,15.579886436462402,28.561872482299805,1,0,0.6000000238418579,0,0,0,0,0,6,1,1,0,8,99,1,3.75,0.0,17.90216064453125,28.40812110900879,1.5,0,99,-1.0,0.0,0.0,0,0,1
1780578748.7365956,0,0.3499999940395355,1,0,50,900,423158243,7,77,0.0,0.0,15.580792427062988,28.561872482299805,1,0,0.6000000238418579,0,0,0,0,0,6,1,1,0,8,99,1,3.75,0.0,17.97708511352539,28.40812110900879,1.5,0,99,-1.0,0.0,0.0,0,0,1
1780578748.7569647,0,0.3499999940395355,1,0,50,900,423158243,7,77,0.0,0.0,15.581372261047363,28.561872482299805,1,0,0.6000000238418579,0,0,0,0,0,6,1,1,0,8,99,1,3.75,0.0,18.052011489868164,28.40812110900879,1.5,0,99,-1.0,0.0,0.0,0,0,0
1780578748.7764547,0,0.3499999940395355,1,0,50,900,423158243,7,77,0.0,0.0,15.581743240356445,28.561872482299805,1,0,0.6000000238418579,0,0,0,0,0,6,1,1,0,8,99,1,3.75,0.0,18.126937866210938,28.40812110900879,1.5,0,99,-1.0,0.0,0.0,0,0,0
1780578748.797337,0,0.3499999940395355,1,0,50,900,423158243,7,77,0.0,0.0,15.58198070526123,28.561872482299805,1,0,0.6000000238418579,0,0,0,0,0,6,1,1,0,8,99,1,3.75,0.0,18.201862335205078,28.40812110900879,1.5,0,99,-1.0,0.0,0.0,0,0,0
1780578748.8174963,0,0.3499999940395355,1,0,50,900,423158243,7,77,0.0,0.0,15.582132339477539,28.561872482299805,1,0,0.6000000238418579,0,0,0,0,0,6,1,1,0,8,99,1,3.75,0.0,18.27678871154785,28.40812110900879,1.5,0,99,-1.0,0.0,0.0,0,0,0
1780578748.8375058,0,0.3499999940395355,1,0,50,900,423158243,7,77,0.0,0.0,15.582229614257812,28.561872482299805,1,0,0.6000000238418579,0,0,0,0,0,6,1,1,0,8,99,1,3.75,0.0,18.351715087890625,28.40812110900879,1.5,0,99,-1.0,0.0,0.0,0,0,0
1780578748.8571966,0,0.3499999940395355,1,0,50,900,423158243,7,77,0.0,0.0,15.582291603088379,28.561872482299805,1,0,0.6000000238418579,0,0,0,0,0,6,1,1,0,8,99,1,-8.300000190734863,0.0,18.20443344116211,28.408119201660156,1.5,0,99,-1.0,0.0,0.0,0,0,0
1780578748.877865,0,0.3499999940395355,1,0,50,900,423158243,7,77,0.0,0.0,15.582331657409668,28.561872482299805,1,0,0.6000000238418579,0,0,0,0,0,6,1,1,0,8,99,1,-8.300000190734863,0.0,18.038599014282227,28.40812110900879,1.5,0,99,-1.0,0.0,0.0,0,0,0
1780578748.8974106,0,0.3499999940395355,1,0,50,900,423158243,7,77,0.0,0.0,15.582357406616211,28.561872482299805,1,0,0.6000000238418579,0,0,0,0,0,6,1,1,0,8,99,1,-8.300000190734863,0.0,17.872764587402344,28.40812110900879,1.5,0,99,-1.0,0.0,0.0,0,0,0
1780578748.9169142,0,0.3499999940395355,1,0,50,900,423158243,7,77,0.0,0.0,15.58237361907959,28.561872482299805,1,0,0.6000000238418579,0,0,0,0,0,6,1,1,0,8,99,1,-8.300000190734863,0.0,17.70693016052246,28.40812110900879,1.5,0,99,-1.0,0.0,0.0,0,0,0
1780578748.936548,0,0.3499999940395355,1,0,50,900,423158243,10,77,20.32805824279785,41.0,15.58238410949707,28.561872482299805,1,0,0.6000000238418579,0,0,0,0,0,6,1,1,0,8,99,1,-8.300000190734863,0.0,17.541095733642578,28.40812110900879,1.5,0,99,-1.0,0.0,0.0,0,0,0
1780578748.9570866,0,0.3499999940395355,1,0,50,900,423158243,10,77,20.32805824279785,39.20000076293945,15.988945007324219,29.34587287902832,1,0,0.6000000238418579,0,0,0,0,0,6,0,1,0,8,99,1,-8.300000190734863,0.0,17.375259399414062,28.40812110900879,1.5,0,99,-1.0,0.0,0.0,0,0,1
1780578748.977048,0,0.3499999940395355,0,0,50,900,423158243,10,77,20.32805824279785,37.400001525878906,16.395505905151367,30.0938720703125,1,0,0.6000000238418579,0,0,0,0,0,6,0,0,0,8,99,1,-8.300000190734863,0.0,17.209426879882812,28.40812110900879,1.5,0,99,-1.0,0.0,0.0,0,0,1
1780578748.997044,0,0.3499999940395355,0,0,50,900,423158243,10,77,20.32805824279785,35.60000228881836,16.802066802978516,30.805871963500977,1,0,0.6000000238418579,0,0,0,0,0,6,0,0,0,8,99,1,-8.300000190734863,0.0,17.043590545654297,28.40812110900879,1.5,0,99,-1.0,0.0,0.0,0,0,1
1780578749.0170557,0,0.3499999940395355,0,0,50,900,423158243,10,77,20.32805824279785,33.80000305175781,17.208627700805664,31.48187255859375,1,0,0.6000000238418579,0,0,0,0,0,6,0,0,0,8,99,1,-8.300000190734863,0.0,16.877758026123047,28.40812110900879,1.5,0,99,-1.0,1.0,0.0,0,0,1
1780578749.0368237,0,0.3499999940395355,1,0,50,900,423158243,10,77,20.32805824279785,32.000003814697266,17.615188598632812,32.12187194824219,0,0,0.6000000238418579,0,0,0,0,0,6,0,1,0,8,99,1,-8.300000190734863,0.0,16.711923599243164,28.40812110900879,1.5,0,99,-1.0,1.0,0.0,0,0,1
1780578749.0568268,0,0.3499999940395355,1,0,50,900,423158243,10,77,20.32805824279785,30.20000457763672,18.02174949645996,32.72587203979492,0,0,0.6000000238418579,0,0,0,0,0,6,0,1,0,8,99,1,3.75,0.0,16.765888214111328,28.40812110900879,1.5,0,99,-1.0,1.0,0.0,0,0,1
1780578749.0770833,0,0.3499999940395355,1,0,50,900,423158243,10,77,20.32805824279785,28.400005340576172,18.42831039428711,33.29387283325195,0,0,0.6000000238418579,0,0,0,0,0,6,0,1,0,8,99,1,3.75,0.0,16.84081268310547,28.40812110900879,1.5,0,99,-1.0,0.0,0.0,0,0,1
1780578749.0970514,0,0.3499999940395355,1,0,50,900,423158243,10,77,20.32805824279785,26.600006103515625,18.834871292114258,33.82587432861328,0,0,0.6000000238418579,0,0,0,0,0,6,0,1,0,8,99,1,3.75,0.0,16.915739059448242,28.40812110900879,1.5,0,99,0.0,0.0,0.0,0,0,0
1780578749.1163366,0,0.3499999940395355,1,0,50,900,423158243,10,77,20.32805824279785,24.800006866455078,19.241432189941406,34.32187271118164,0,0,0.6000000238418579,0,0,0,0,0,6,0,1,0,8,99,1,3.75,0.0,16.990665435791016,28.40812110900879,1.5,0,99,0.0,0.0,0.0,0,0,0
1780578749.1368568,0,0.3499999940395355,1,0,50,900,423158243,10,77,20.32805824279785,23.00000762939453,19.647993087768555,34.7818717956543,0,0,0.6000000238418579,0,0,0,0,0,6,0,1,0,8,99,1,3.75,0.0,17.065589904785156,28.40812110900879,1.5,0,99,0.0,0.0,0.0,0,0,0
1780578749.1568391,0,0.3499999940395355,1,0,50,900,423158243,14,77,0.0,0.0,20.054553985595703,35.20587158203125,1,0,0.6000000238418579,0,0,0,0,0,6,0,1,0,8,99,1,3.75,0.0,17.14051628112793,28.40812110900879,1.5,0,99,0.0,0.0,0.0,0,0,0
1780578749.176825,0,0.3499999940395355,1,0,50,900,423158243,14,77,0.0,0.0,20.054553985595703,35.20587158203125,1,0,0.6000000238418579,0,0,0,0,0,6,0,1,0,8,99,1,3.75,0.0,17.215442657470703,28.40812110900879,1.5,0,99,0.0,0.0,0.0,0,0,0
1780578749.1964343,0,0.3499999940395355,1,0,50,900,423158243,14,77,0.0,0.0,20.054553985595703,35.20587158203125,1,0,0.6000000238418579,0,0,0,0,0,6,0,1,0,8,99,1,3.75,0.0,17.290369033813477,28.40812110900879,1.5,0,99,0.0,0.0,0.0,0,0,0
1780578749.216978,0,0.3499999940395355,1,0,50,900,423158243,14,77,0.0,0.0,20.054553985595703,35.20587158203125,1,0,0.6000000238418579,0,0,0,0,0,6,0,1,0,8,99,1,3.75,0.0,17.365293502807617,28.408123016357422,1.5,0,99,0.0,0.0,0.0,0,0,0
1780578749.2365901,0,0.3499999940395355,1,0,50,900,423158243,14,77,0.0,0.0,20.054553985595703,35.20587158203125,1,0,0.6000000238418579,0,0,0,0,0,6,0,1,0,8,99,1,0.0,0.0,17.37249183654785,28.408119201660156,1.5,0,99,0.0,0.0,0.0,0,0,0
1780578749.2565713,0,0.3499999940395355,1,0,50,900,423158243,14,77,0.0,0.0,20.054553985595703,35.20587158203125,1,0,0.6000000238418579,0,0,0,0,0,6,0,1,0,8,99,1,0.0,0.0,17.37249183654785,28.40812110900879,1.5,0,99,0.0,0.0,0.0,0,0,0
1780578749.2766542,0,0.3499999940395355,1,0,50,900,423158243,14,77,0.0,0.0,20.054553985595703,35.20587158203125,1,0,0.6000000238418579,0,0,0,0,0,6,0,1,0,8,99,1,0.0,0.0,17.37249183654785,28.40812110900879,1.5,0,99,0.0,0.0,0.0,0,0,0
1780578749.2967474,0,0.3499999940395355,1,0,50,900,423158243,14,77,0.0,0.0,20.054553985595703,35.20587158203125,1,0,0.6000000238418579,0,0,0,0,0,6,0,1,0,8,99,1,0.0,0.0,17.37249183654785,28.408123016357422,1.5,0,99,0.0,0.0,0.0,0,0,0
1780578749.316305,0,0.3499999940395355,1,0,50,900,423158243,14,77,0.0,0.0,20.054553985595703,35.20587158203125,1,0,0.6000000238418579,0,0,0,0,0,6,0,1,0,8,99,1,0.0,0.0,17.37249183654785,28.40812110900879,1.5,0,99,0.0,0.0,0.0,0,0,0
1780578749.3362043,0,0.3499999940395355,1,0,50,900,423158243,14,77,0.0,0.0,20.054553985595703,35.20587158203125,1,0,0.6000000238418579,0,0,0,0,0,6,0,1,0,8,99,1,0.0,0.0,17.37249183654785,28.40812110900879,1.5,0,99,0.0,0.0,0.0,0,0,0
1780578749.356513,0,0.3499999940395355,1,0,50,900,423158243,14,77,0.0,0.0,20.054553985595703,35.20587158203125,1,0,0.6000000238418579,0,0,0,0,0,6,0,1,0,8,99,1,0.0,0.0,17.37249183654785,28.40812110900879,1.5,0,99,0.0,0.0,0.0,0,0,0
1780578749.3770514,0,0.3499999940395355,1,0,50,900,423158243,14,77,0.0,0.0,20.054553985595703,35.20587158203125,1,0,0.6000000238418579,0,0,0,0,0,6,0,1,0,8,99,1,0.0,0.0,17.37249183654785,28.40812110900879,1.5,0,99,0.0,0.0,0.0,0,0,0
1780578749.3962212,0,0.3499999940395355,0,0,50,900,423158243,14,77,0.0,0.0,20.054553985595703,35.20587158203125,1,0,0.6000000238418579,0,0,0,0,0,6,0,0,0,8,99,1,0.0,0.0,17.37249183654785,28.40812110900879,1.5,0,99,0.0,0.0,0.0,0,0,0
1780578749.4169734,0,0.3499999940395355,0,0,50,900,423158243,14,77,0.0,0.0,20.054553985595703,35.20587158203125,1,0,0.6000000238418579,0,0,0,0,0,6,0,0,0,8,99,1,0.0,0.0,17.37249183654785,28.40812110900879,1.5,0,99,0.0,0.0,0.0,0,0,0
1780578749.4369562,0,0.3499999940395355,0,0,50,900,423158243,14,77,0.0,0.0,20.054553985595703,35.20587158203125,1,0,0.6000000238418579,0,0,0,0,0,6,0,0,0,8,99,1,0.0,0.0,17.37249183654785,28.40812110900879,1.5,0,99,0.0,0.0,0.0,0,0,0
1780578749.4564865,0,0.3499999940395355,0,0,50,900,423158243,14,77,0.0,0.0,20.054553985595703,35.20587158203125,1,0,0.6000000238418579,0,0,0,0,0,6,0,0,0,8,99,1,0.0,0.0,17.37249183654785,28.40812110900879,1.5,0,99,1.0,0.0,0.0,0,0,0
1780578749.4767115,0,0.3499999940395355,0,0,50,900,423158243,14,77,0.0,0.0,20.054553985595703,35.20587158203125,1,0,0.6000000238418579,0,0,0,0,0,6,0,0,0,8,99,1,0.0,0.0,17.37249183654785,28.40812110900879,1.5,0,99,1.0,-1.0,0.0,0,0,0
1780578749.497024,0,0.3499999940395355,0,0,50,900,423158243,14,77,0.0,0.0,20.054553985595703,35.20587158203125,1,0,0.6000000238418579,0,0,0,0,0,6,0,0,0,8,99,1,0.0,0.0,17.37249183654785,28.40812110900879,1.5,0,99,1.0,-1.0,0.0,0,0,0
1780578749.516673,0,0.3499999940395355,0,0,50,900,423158243,14,77,0.0,0.0,20.054553985595703,35.20587158203125,1,0,0.6000000238418579,0,0,1,0,0,6,0,0,0,8,99,1,8.300000190734863,0.0,17.52220344543457,28.40812110900879,1.5,0,99,1.0,-1.0,0.0,0,0,0
1780578749.5370493,0,0.3499999940395355,0,0,50,900,423158243,14,77,0.0,0.0,20.054553985595703,35.20587158203125,1,0,0.6000000238418579,0,0,1,0,0,6,0,0,0,8,99,1,8.300000190734863,0.0,17.688194274902344,28.40812110900879,1.5,0,99,1.0,0.0,0.0,0,0,0
1780578749.5564435,0,0.3499999940395355,0,0,50,900,423158243,14,77,0.0,0.0,20.054553985595703,35.20587158203125,1,0,0.6000000238418579,0,0,1,0,0,6,0,0,0,8,99,1,8.300000190734863,0.0,17.854827880859375,28.40812110900879,1.5,0,99,1.0,0.0,0.0,0,0,0
1780578749.576621,0,0.3499999940395355,0,0,50,900,423158243,14,77,0.0,0.0,20.054553985595703,35.20587158203125,1,0,0.6000000238418579,0,0,1,0,0,6,0,0,0,8,99,1,8.300000190734863,0.0,18.020662307739258,28.40812110900879,1.5,0,99,1.0,0.0,0.0,0,0,0
1780578749.5970194,0,0.3499999940395355,0,0,50,900,423158243,14,77,0.0,0.0,20.054553985595703,35.20587158203125,1,0,0.6000000238418579,0,0,1,0,0,6,0,0,0,8,99,1,8.300000190734863,0.0,18.1866455078125,28.40812110900879,1.5,0,99,1.0,0.0,0.0,0,0,0
1780578749.6163988,0,0.3499999940395355,0,0,50,900,423158243,15,77,-11.125052452087402,-27.8609619140625,20.054553985595703,35.20587158203125,1,0,0.6000000238418579,0,0,1,0,0,6,0,0,0,8,99,1,8.300000190734863,0.0,18.35270881652832,28.408119201660156,1.5,0,99,1.0,0.0,0.0,0,0,0
1780578749.6369119,0,0.3499999940395355,0,0,50,900,423158243,15,77,-11.125052452087402,-27.8609619140625,19.83205223083496,34.648651123046875,1,0,0.6000000238418579,0,0,1,0,0,6,0,0,0,8,99,1,8.300000190734863,0.0,18.518543243408203,28.40812110900879,1.5,0,99,1.0,0.0,0.0,0,0,0
1780578749.6565194,0,0.3499999940395355,0,0,50,900,423158243,15,77,-11.125052452087402,-27.8609619140625,19.60955047607422,34.0914306640625,1,0,0.6000000238418579,0,0,1,0,0,6,0,0,0,8,99,1,8.300000190734863,0.0,18.684377670288086,28.40812110900879,1.5,0,99,1.0,0.0,0.0,0,0,0
1780578749.6774588,0,0.3499999940395355,0,0,50,900,423158243,15,77,-11.125052452087402,-27.8609619140625,19.387048721313477,33.534210205078125,1,0,0.6000000238418579,0,0,1,0,0,6,0,0,0,8,99,1,8.300000190734863,0.0,18.8502140045166,28.40812110900879,1.5,0,99,1.0,0.0,0.0,0,0,0
1780578749.69975,0,0.3499999940395355,0,0,50,900,423158243,15,77,-11.125052452087402,-27.8609619140625,19.164546966552734,32.97698974609375,1,0,0.6000000238418579,0,0,1,0,0,6,0,0,0,8,99,1,8.300000190734863,0.0,19.017200469970703,28.408123016357422,1.5,0,99,1.0,0.0,0.0,0,0,0
1780578749.7199633,0,0.3499999940395355,0,0,50,900,423158243,15,77,-11.125052452087402,-27.8609619140625,18.942045211791992,32.419769287109375,1,0,0.6000000238418579,0,0,1,0,0,6,0,0,0,8,99,1,8.300000190734863,0.0,19.18337059020996,28.408123016357422,1.5,0,99,1.0,0.0,0.0,0,0,0
1780578749.7394977,0,0.3499999940395355,0,0,50,900,423158243,15,77,-11.125052452087402,-27.8609619140625,18.71954345703125,31.862550735473633,1,0,0.6000000238418579,0,0,1,0,0,6,0,0,0,8,99,1,8.300000190734863,0.0,19.34920310974121,28.40812110900879,1.5,0,99,1.0,0.0,0.0,0,0,0
1780578749.7583976,0,0.3499999940395355,0,0,50,900,423158243,15,77,-11.125052452087402,-27.8609619140625,18.497041702270508,31.30533218383789,1,0,0.6000000238418579,0,0,1,0,0,6,0,0,0,8,99,1,8.300000190734863,0.0,19.515039443969727,28.40812110900879,1.5,0,99,1.0,0.0,0.0,0,0,0
1780578749.77787,0,0.3499999940395355,0,0,50,900,423158243,15,77,-11.125052452087402,-27.8609619140625,18.274539947509766,30.74811363220215,1,0,0.6000000238418579,0,0,1,0,0,6,0,0,0,8,99,1,8.300000190734863,0.0,19.681201934814453,28.40812110900879,1.5,0,99,1.0,0.0,0.0,0,0,0
1780578749.7969236,0,0.3499999940395355,0,0,50,900,423158243,15,77,-11.125052452087402,-27.8609619140625,18.052038192749023,30.190895080566406,1,0,0.6000000238418579,0,0,1,0,0,6,0,0,0,8,99,1,8.300000190734863,0.0,19.847036361694336,28.40812110900879,1.5,0,99,1.0,0.0,0.0,0,0,0
1780578749.8170474,0,0.3499999940395355,0,0,50,900,423158243,15,77,-11.125052452087402,-27.8609619140625,17.82953643798828,29.633676528930664,1,0,0.6000000238418579,0,0,1,0,0,6,0,0,0,8,99,1,8.300000190734863,0.0,20.01287078857422,28.40812110900879,1.5,0,99,1.0,0.0,0.0,0,0,0
1780578749.8368425,0,0.3499999940395355,0,0,50,900,423158243,15,77,-11.125052452087402,-27.8609619140625,17.60703468322754,29.076457977294922,1,0,0.6000000238418579,0,0,1,0,0,6,0,0,0,8,99,1,8.300000190734863,0.0,20.1787052154541,28.408123016357422,1.5,0,99,1.0,0.0,0.0,0,0,0
1780578749.8567038,0,0.3499999940395355,0,0,50,900,423158243,15,77,-11.125052452087402,-27.8609619140625,17.384532928466797,28.51923942565918,1,0,0.6000000238418579,0,0,1,0,0,6,0,0,0,8,99,1,8.300000190734863,0.0,20.34474754333496,28.40812110900879,1.5,0,99,1.0,0.0,0.0,0,0,0
1780578749.8767867,0,0.3499999940395355,0,0,50,900,423158243,15,77,-11.125052452087402,-27.8609619140625,17.162031173706055,27.962020874023438,1,0,0.6000000238418579,0,0,1,0,0,6,0,0,0,8,99,1,8.300000190734863,0.0,20.510581970214844,28.40812110900879,1.5,0,99,0.0,0.0,0.0,0,0,0
1780578749.8963726,0,0.3499999940395355,0,0,50,900,423158243,47,77,-8.900042533874512,0.0,16.939529418945312,27.549999237060547,1,0,0.6000000238418579,0,0,1,0,0,6,0,0,0,8,99,1,8.300000190734863,0.0,20.676414489746094,28.40812110900879,1.5,0,99,-1.0,0.0,0.0,0,0,0
1780578749.9169338,0,0.3499999940395355,0,0,50,900,423158243,47,77,-7.120034217834473,0.0,16.797128677368164,28.295839309692383,1,0,0.6000000238418579,0,0,1,0,0,6,0,0,0,8,99,1,0.0,0.0,20.6924991607666,28.40812110900879,1.5,0,99,-1.0,0.0,0.0,0,0,0
1780578749.937153,0,0.3499999940395355,0,0,50,900,423158243,47,77,-5.6960272789001465,0.0,16.683208465576172,28.492136001586914,1,0,0.6000000238418579,0,0,0,0,0,6,0,0,0,8,99,1,-8.300000190734863,0.0,20.54291534423828,28.408119201660156,1.5,0,99,-1.0,0.0,0.0,0,0,0
1780578749.956397,0,0.3499999940395355,0,0,50,900,423158243,47,77,-4.556821823120117,0.0,16.592071533203125,28.54359245300293,1,0,0.6000000238418579,0,0,0,0,0,6,0,0,0,8,99,1,-8.300000190734863,0.0,20.376955032348633,28.40812110900879,1.5,0,99,-1.0,0.0,0.0,0,0,0
1780578749.9761498,0,0.3499999940395355,0,0,50,900,423158243,47,77,-3.6454575061798096,0.0,16.519163131713867,28.55708122253418,1,0,0.6000000238418579,0,0,0,0,0,6,0,0,0,8,99,1,-8.300000190734863,0.0,20.210872650146484,28.40812110900879,1.5,0,99,-1.0,0.0,0.0,0,0,0
1780578749.9966807,0,0.3499999940395355,0,0,50,900,423158243,47,77,-2.9163661003112793,0.0,16.46083641052246,28.558807373046875,1,0,0.6000000238418579,0,0,0,0,0,6,0,0,0,8,99,1,-8.300000190734863,0.0,20.0450382232666,28.40812110900879,1.5,0,99,-1.0,0.0,0.0,0,0,0
1780578750.016845,0,0.3499999940395355,0,0,50,900,423158243,47,77,-2.3330929279327393,0.0,16.414175033569336,28.559911727905273,1,0,0.6000000238418579,0,0,0,0,0,6,0,0,0,8,99,1,-8.300000190734863,0.0,19.878345489501953,28.40812110900879,1.5,0,99,-1.0,0.0,0.0,0,0,0
1780578750.0364773,0,0.3499999940395355,0,0,50,900,423158243,47,77,-1.8664743900299072,0.0,16.376846313476562,28.560619354248047,1,0,0.6000000238418579,0,0,0,0,0,6,0,0,0,8,99,1,-8.300000190734863,0.0,19.712512969970703,28.40812110900879,1.5,0,99,-1.0,0.0,0.0,0,0,0
1780578750.0569532,0,0.3499999940395355,0,0,50,900,423158243,47,77,-1.4931795597076416,0.0,16.346982955932617,28.561071395874023,1,0,0.6000000238418579,0,0,0,0,0,6,0,0,0,8,99,1,-8.300000190734863,0.0,19.546676635742188,28.40812110900879,1.5,0,99,-1.0,0.0,0.0,0,0,0
1780578750.0777102,0,0.3499999940395355,1,0,50,900,423158243,47,77,-1.194543719291687,0.0,16.323091506958008,28.561359405517578,0,0,0.6000000238418579,0,0,0,0,0,6,0,1,0,8,99,1,-8.300000190734863,0.0,19.380645751953125,28.40812110900879,1.5,0,99,-1.0,0.0,0.0,0,0,1
1780578750.0964963,0,0.3499999940395355,1,0,50,900,423158243,47,77,-0.9556350111961365,0.0,16.303977966308594,28.56154441833496,0,0,0.6000000238418579,0,0,0,0,0,6,0,1,0,8,99,1,-8.300000190734863,0.0,19.214811325073242,28.40812110900879,1.5,0,99,-1.0,0.0,0.0,0,0,1
1780578750.4073188,0,0.3499999940395355,1,0,29,900,423158243,59,77,-10.0,20.0,16.28868865966797,28.561664581298828,0,0,0.6000000238418579,0,0,0,0,0,6,0,1,0,8,99,1,3.75,0.0,19.040693283081055,28.40812110900879,1.5,0,99,-1.0,0.0,0.0,0,0,0
1780578750.4566886,0,0.3499999940395355,1,0,29,900,423158243,59,77,-10.0,18.200000762939453,15.788688659667969,28.9256649017334,0,0,0.6000000238418579,0,0,0,0,0,6,0,1,0,8,99,1,3.75,0.0,19.103641510009766,28.40812110900879,1.5,0,99,-1.0,0.0,0.0,0,0,0
1780578750.476819,0,0.3499999940395355,1,0,29,900,423158243,59,77,0.0,16.400001525878906,15.557835578918457,29.253664016723633,0,0,0.6000000238418579,0,0,0,0,0,6,0,1,0,8,99,1,3.75,0.0,19.160009384155273,28.40812110900879,1.5,0,99,-1.0,0.0,0.0,0,0,0
1780578750.497049,0,0.3499999940395355,1,0,29,900,423158243,59,77,0.0,14.60000228881836,15.515528678894043,29.545663833618164,0,0,0.6000000238418579,0,0,0,0,0,6,0,1,0,8,99,1,3.75,0.0,19.231369018554688,28.40812110900879,1.5,0,99,-1.0,0.0,0.0,0,0,0
1780578750.51627,0,0.3499999940395355,1,0,29,900,423158243,59,77,0.0,12.800003051757812,15.564871788024902,29.801664352416992,1,0,0.6000000238418579,0,0,0,0,0,6,0,1,0,8,99,1,3.75,0.0,19.306888580322266,28.408119201660156,1.5,0,99,-1.0,0.0,0.0,0,0,0
1780578750.536509,0,0.3499999940395355,1,0,29,900,423158243,59,77,0.0,11.000003814697266,15.57780647277832,30.021663665771484,1,0,0.6000000238418579,0,0,0,0,0,6,0,1,0,8,99,1,3.75,0.0,19.381813049316406,28.408123016357422,1.5,0,99,-1.0,0.0,0.0,0,0,0
1780578750.5569541,0,0.3499999940395355,1,0,29,900,423158243,59,77,0.0,9.200004577636719,15.579461097717285,30.205663681030273,1,0,0.6000000238418579,0,0,0,0,0,6,0,1,0,8,99,1,3.75,0.0,19.457015991210938,28.408119201660156,1.5,0,99,0.0,0.0,0.0,0,0,0
1780578750.5768094,0,0.3499999940395355,0,0,29,900,423158243,59,77,0.0,7.400005340576172,15.580519676208496,30.35366439819336,1,0,0.6000000238418579,0,0,1,0,0,6,0,0,0,8,99,1,12.050000190734863,0.0,19.641368865966797,28.408119201660156,1.5,0,99,0.0,0.0,0.0,0,0,0
1780578750.5965703,0,0.3499999940395355,0,0,29,900,423158243,59,77,0.0,5.600006103515625,15.581197738647461,30.46566390991211,1,0,0.6000000238418579,0,0,1,0,0,6,0,0,0,8,99,1,3.75,0.0,19.772865295410156,28.408123016357422,1.5,0,99,0.0,0.0,0.0,0,0,0
1780578750.6168938,0,0.3499999940395355,0,0,29,900,423158243,59,77,0.0,3.800006866455078,15.581631660461426,30.541664123535156,1,0,0.6000000238418579,0,0,1,0,0,6,0,0,0,8,99,1,3.75,0.0,19.847789764404297,28.40812110900879,1.5,0,99,0.0,0.0,0.0,0,0,0
1780578750.6368375,0,0.3499999940395355,0,0,29,900,423158243,59,77,0.0,2.0000076293945312,15.5819091796875,30.5816650390625,1,0,0.6000000238418579,0,0,1,0,0,6,0,0,0,8,99,1,0.0,0.0,19.87350082397461,28.40812110900879,1.5,0,99,0.0,0.0,0.0,0,0,0
1780578750.656677,0,0.3499999940395355,0,0,29,900,423158243,59,77,0.0,0.20000839233398438,15.582086563110352,30.585664749145508,1,0,0.6000000238418579,0,0,1,0,0,6,0,0,0,8,99,1,0.0,0.0,19.87350082397461,28.40812110900879,1.5,0,99,0.0,0.0,0.0,0,0,0
1780578750.6765816,0,0.3499999940395355,0,0,29,900,423158243,59,77,0.0,-1.5999908447265625,15.582200050354004,30.553665161132812,1,0,0.6000000238418579,0,0,1,0,0,6,0,0,0,8,99,1,0.0,0.0,19.87350082397461,28.40812110900879,1.5,0,99,0.0,0.0,0.0,0,0,0
1780578750.6966553,0,0.3499999940395355,0,0,29,900,423158243,59,77,0.0,-3.3999900817871094,15.58227252960205,30.485666275024414,1,0,0.6000000238418579,0,0,1,0,0,6,0,0,0,8,99,1,0.0,0.0,19.87350082397461,28.40812110900879,1.5,0,99,0.0,0.0,0.0,0,0,0
1780578750.7164981,0,0.3499999940395355,0,0,29,900,423158243,59,77,0.0,-5.199989318847656,15.582319259643555,30.38166618347168,1,0,0.6000000238418579,0,0,1,0,0,6,0,0,0,8,99,1,0.0,0.0,19.87350082397461,28.408123016357422,1.5,0,99,0.0,0.0,0.0,0,0,0
1780578750.7362583,0,0.3499999940395355,0,0,29,900,423158243,59,77,0.0,-6.999988555908203,15.582348823547363,30.241666793823242,1,0,0.6000000238418579,0,0,1,0,0,6,0,0,0,8,99,1,0.0,0.0,19.87350082397461,28.408123016357422,1.5,0,99,0.0,0.0,0.0,0,0,0
1780578750.756278,0,0.3499999940395355,0,0,29,900,423158243,59,77,0.0,-8.79998779296875,15.582367897033691,30.06566619873047,1,0,0.6000000238418579,0,0,1,0,0,6,0,0,0,8,99,1,0.0,0.0,19.87350082397461,28.40812110900879,1.5,0,99,0.0,0.0,0.0,0,0,0
1780578750.7767806,0,0.3499999940395355,0,0,29,900,423158243,59,77,0.0,-10.599987030029297,15.582380294799805,29.853666305541992,1,0,0.6000000238418579,0,0,1,0,0,6,0,0,0,8,99,1,0.0,0.0,19.87350082397461,28.408119201660156,1.5,0,99,0.0,0.0,0.0,0,0,0
1780578750.796023,0,0.3499999940395355,0,0,29,900,423158243,59,77,0.0,-12.399986267089844,15.582388877868652,29.605667114257812,1,0,0.6000000238418579,0,0,1,0,0,6,0,0,0,8,99,1,0.0,0.0,19.87350082397461,28.408119201660156,1.5,0,99,0.0,0.0,0.0,0,0,0
1780578750.8167844,0,0.3499999940395355,0,0,29,900,423158243,59,77,0.0,-14.19998550415039,15.582393646240234,29.321666717529297,1,0,0.6000000238418579,0,0,1,0,0,6,0,0,0,8,99,1,0.0,0.0,19.87350082397461,28.408123016357422,1.5,0,99,0.0,0.0,0.0,0,0,0
1780578750.836965,0,0.3499999940395355,0,0,29,900,423158243,59,77,0.0,-15.999984741210938,15.582396507263184,29.001667022705078,1,0,0.6000000238418579,0,0,1,0,0,6,0,0,0,8,99,1,0.0,0.0,19.87350082397461,28.408119201660156,1.5,0,99,0.0,0.0,0.0,0,0,0
1780578750.8569832,0,0.3499999940395355,0,0,29,900,423158243,59,77,0.0,-17.799983978271484,15.582398414611816,28.645668029785156,1,0,0.6000000238418579,0,0,1,0,0,6,0,0,0,8,99,1,0.0,0.0,19.87350082397461,28.408123016357422,1.5,0,99,0.0,0.0,0.0,1,0,0
1780578750.8766184,0,0.3499999940395355,0,0,29,900,423158243,60,77,0.0,0.0,15.582401275634766,28.56183624267578,1,0,0.6000000238418579,0,0,1,0,0,6,0,0,1,8,99,1,0.0,0.0,19.87350082397461,28.408119201660156,1.5,0,99,0.0,0.0,0.0,1,0,0
1780578750.896942,0,0.3499999940395355,0,0,29,900,423158243,60,77,0.0,0.0,15.582401275634766,28.56184959411621,1,0,0.6000000238418579,0,0,1,0,0,6,0,0,1,8,99,0,0.0,15.70199966430664,19.87350082397461,28.61444854736328,1.5,0,99,0.0,-1.0,0.0,1,0,0
1780578750.9169438,0,0.3499999940395355,0,0,29,900,423158243,60,77,0.0,0.0,15.582401275634766,28.561859130859375,1,0,0.6000000238418579,0,0,1,0,0,6,0,0,1,8,99,0,0.0,15.70199966430664,19.87350082397461,28.929128646850586,1.5,0,99,0.0,-1.0,0.0,1,0,0
1780578750.9364154,0,0.3499999940395355,0,0,29,900,423158243,60,77,0.0,0.0,15.582401275634766,28.561864852905273,1,0,0.6000000238418579,0,0,1,0,0,6,0,0,1,8,99,0,0.0,15.70199966430664,19.87350082397461,29.242855072021484,1.5,0,99,0.0,-1.0,0.0,1,0,0
1780578750.9568427,0,0.3499999940395355,0,0,29,900,423158243,60,77,0.0,0.0,15.582401275634766,28.56186866760254,1,0,0.6000000238418579,0,0,1,0,0,6,0,0,1,8,99,0,0.0,15.70199966430664,19.87350082397461,29.55657958984375,1.5,0,99,-1.0,-1.0,0.0,1,0,0
1780578750.9767313,0,0.3499999940395355,0,0,29,900,423158243,60,77,0.0,0.0,15.582401275634766,28.561870574951172,1,0,0.6000000238418579,0,0,1,0,0,6,0,0,1,8,99,0,0.0,15.70199966430664,19.87350082397461,29.870304107666016,1.5,0,99,-1.0,-1.0,0.0,1,0,0
1780578750.9968004,0,0.3499999940395355,0,0,29,900,423158243,60,77,0.0,0.0,15.582401275634766,28.561870574951172,1,0,0.6000000238418579,0,0,1,0,0,6,0,0,1,8,99,0,0.0,15.70199966430664,19.87350082397461,30.184030532836914,1.5,0,99,-1.0,-1.0,0.0,1,0,0
1780578751.0166364,0,0.3499999940395355,0,0,29,900,423158243,60,77,0.0,0.0,15.582401275634766,28.561870574951172,1,0,0.6000000238418579,0,0,1,0,0,6,0,0,1,8,99,0,0.0,15.70199966430664,19.87350082397461,30.49775505065918,1.5,0,99,-1.0,-1.0,0.0,1,0,0
1780578751.0365431,0,0.3499999940395355,0,0,29,900,423158243,60,77,0.0,0.0,15.582401275634766,28.561870574951172,1,0,0.6000000238418579,0,0,1,0,0,6,0,0,1,8,99,0,0.0,15.70199966430664,19.87350082397461,30.811481475830078,1.5,0,99,-1.0,-1.0,0.0,1,0,0
1780578751.05667,0,0.3499999940395355,0,0,29,900,423158243,60,77,0.0,0.0,15.582401275634766,28.561870574951172,1,0,0.6000000238418579,0,0,0,0,0,6,0,0,1,8,99,0,-8.300000190734863,15.70199966430664,19.765132904052734,31.125446319580078,1.5,0,99,-1.0,-1.0,0.0,1,0,0
1780578751.0764968,0,0.3499999940395355,0,0,29,900,423158243,60,77,0.0,0.0,15.582401275634766,28.561870574951172,1,0,0.6000000238418579,0,0,0,0,0,6,0,0,1,8,99,0,-8.300000190734863,15.70199966430664,19.59929847717285,31.439170837402344,1.5,0,99,-1.0,-1.0,0.0,1,0,0
1780578751.0965993,0,0.3499999940395355,0,0,29,900,423158243,60,77,0.0,0.0,15.582401275634766,28.561870574951172,1,0,0.6000000238418579,0,0,0,0,0,6,0,0,0,8,99,0,-8.300000190734863,14.753999710083008,19.432903289794922,31.741554260253906,1.5,0,99,-1.0,-1.0,0.0,1,0,0
1780578751.1166706,0,0.3499999940395355,0,0,29,900,423158243,60,77,0.0,0.0,15.582401275634766,28.561870574951172,1,0,0.6000000238418579,0,0,0,0,0,6,0,0,0,8,99,0,-8.300000190734863,13.805999755859375,19.267070770263672,32.02395248413086,1.5,0,99,-1.0,-1.0,0.0,1,0,0
1780578751.1368353,0,0.3499999940395355,0,0,29,900,423158243,60,77,0.0,0.0,15.582401275634766,28.561870574951172,1,0,0.6000000238418579,0,0,0,0,0,6,0,0,0,8,99,0,-8.300000190734863,12.857999801635742,19.10110855102539,32.287628173828125,1.5,0,99,-1.0,-1.0,0.0,1,0,0
1780578751.1560972,0,0.3499999940395355,0,0,29,900,423158243,60,77,0.0,0.0,15.582401275634766,28.561870574951172,1,0,0.6000000238418579,0,0,0,0,0,6,0,0,0,8,99,0,-8.300000190734863,11.90999984741211,18.935083389282227,32.532440185546875,1.5,0,99,-1.0,-1.0,0.0,1,0,0
1780578751.1767182,0,0.3499999940395355,0,0,29,900,423158243,60,77,0.0,0.0,15.582401275634766,28.561870574951172,1,0,0.6000000238418579,0,0,0,0,0,6,0,0,0,8,99,0,-8.300000190734863,10.961999893188477,18.769248962402344,32.75804138183594,1.5,0,99,-1.0,-1.0,0.0,1,0,0
1780578751.1966999,0,0.3499999940395355,0,0,29,900,423158243,60,77,0.0,0.0,15.582401275634766,28.561870574951172,1,0,0.6000000238418579,0,0,0,0,0,6,0,0,0,8,99,0,-8.300000190734863,10.013999938964844,18.603252410888672,32.96491241455078,1.5,0,99,-1.0,-1.0,0.0,1,0,0
1780578751.216755,0,0.3499999940395355,0,0,29,900,423158243,60,77,0.0,0.0,15.582401275634766,28.561870574951172,1,0,0.6000000238418579,0,0,0,0,0,6,0,0,0,8,99,0,-8.300000190734863,9.065999984741211,18.437145233154297,33.15294647216797,1.5,0,99,-1.0,-1.0,0.0,1,0,0
1780578751.2363906,0,0.3499999940395355,0,0,29,900,423158243,60,77,0.0,0.0,15.582401275634766,28.561870574951172,1,0,0.6000000238418579,0,0,0,0,0,6,0,0,0,8,99,0,-8.300000190734863,8.118000030517578,18.271114349365234,33.32191848754883,1.5,0,99,-1.0,-1.0,0.0,0,0,0
1780578751.2567642,0,0.3499999940395355,0,0,29,900,423158243,60,77,0.0,0.0,15.582401275634766,28.561870574951172,1,0,0.6000000238418579,0,0,0,0,0,6,0,0,0,8,99,0,-8.300000190734863,7.1700005531311035,18.10527992248535,33.47175598144531,1.5,0,99,-1.0,-1.0,0.0,0,0,0
1780578751.2769015,0,0.3499999940395355,0,0,29,900,423158243,60,77,0.0,0.0,15.582401275634766,28.561870574951172,1,0,0.6000000238418579,0,0,0,1,0,6,0,0,0,8,99,0,-8.300000190734863,-0.9479996562004089,17.939111709594727,33.50929260253906,1.5,0,99,-1.0,-1.0,0.0,0,0,0
1780578751.2963219,0,0.3499999940395355,0,0,29,900,423158243,60,77,0.0,0.0,15.582401275634766,28.561870574951172,1,0,0.6000000238418579,0,0,0,1,0,6,0,0,0,8,99,0,-8.300000190734863,-1.8959993124008179,17.773277282714844,33.47799301147461,1.5,0,99,-1.0,-1.0,0.0,0,0,0
1780578751.316362,0,0.3499999940395355,0,0,29,900,423158243,60,77,0.0,0.0,15.582401275634766,28.561870574951172,1,0,0.6000000238418579,0,0,0,1,0,6,0,0,0,8,99,0,-8.300000190734863,-2.843998908996582,17.60744285583496,33.427772521972656,1.5,0,99,-1.0,-1.0,0.0,0,0,0
1780578751.3369758,0,0.3499999940395355,0,0,29,900,423158243,60,77,0.0,0.0,15.582401275634766,28.561870574951172,1,0,0.6000000238418579,0,0,0,1,0,6,0,0,0,8,99,0,0.0,-3.7919986248016357,17.549495697021484,33.35862350463867,1.5,0,99,-1.0,-1.0,0.0,0,1,0
1780578751.3568492,0,0.3499999940395355,0,0,29,900,423158243,60,77,0.0,0.0,15.582401275634766,28.561870574951172,1,0,0.6000000238418579,0,0,0,1,0,6,0,0,0,8,99,0,0.0,-4.7399983406066895,17.549495697021484,33.27013397216797,1.5,0,99,-1.0,-1.0,0.0,0,1,0
1780578751.3767774,0,0.3499999940395355,0,0,29,900,423158243,60,77,0.0,0.0,15.582401275634766,28.561870574951172,1,0,0.6000000238418579,0,0,0,1,0,6,0,0,0,8,99,0,0.0,-5.687997817993164,17.549495697021484,33.16254806518555,1.5,0,99,0.0,-1.0,0.0,0,1,0
1780578751.3968186,0,0.3499999940395355,0,0,29,900,423158243,60,77,0.0,0.0,15.582401275634766,28.561870574951172,1,0,0.6000000238418579,0,0,0,1,0,6,0,0,0,8,99,0,0.0,-6.635997295379639,17.549495697021484,33.036468505859375,1.5,0,99,0.0,1.0,0.0,0,1,0
1780578751.4168534,0,0.3499999940395355,0,0,29,900,423158243,60,77,0.0,0.0,15.582401275634766,28.561870574951172,1,0,0.6000000238418579,0,0,0,1,0,6,0,0,0,8,99,0,0.0,-7.583996772766113,17.549495697021484,32.89146423339844,1.5,0,99,0.0,0.0,0.0,0,0,0
1780578751.4362996,0,0.3499999940395355,0,0,29,900,423158243,60,77,0.0,0.0,15.582401275634766,28.561870574951172,1,0,0.6000000238418579,0,0,0,1,0,6,0,0,0,8,99,0,0.0,-8.531996726989746,17.549495697021484,32.727535247802734,1.5,0,99,0.0,0.0,0.0,0,0,0
1780578751.4563172,0,0.3499999940395355,0,0,29,900,423158243,60,77,0.0,0.0,15.582401275634766,28.561870574951172,0,0,0.6000000238418579,0,0,0,0,0,6,0,0,0,8,99,0,0.0,0.0,17.549495697021484,32.54468536376953,1.5,0,99,0.0,0.0,0.0,0,0,0
1780578751.4767094,0,0.3499999940395355,0,0,29,900,423158243,60,77,0.0,0.0,15.582401275634766,28.561870574951172,0,0,0.6000000238418579,0,0,0,0,0,6,0,0,0,8,99,0,0.0,0.0,17.549495697021484,32.47887420654297,1.5,0,99,0.0,0.0,0.0,0,0,0
1780578751.4970737,0,0.3499999940395355,0,0,29,900,423158243,60,77,0.0,0.0,15.582401275634766,28.561870574951172,0,0,0.6000000238418579,0,0,0,0,0,6,0,0,0,8,99,0,0.0,0.0,17.549495697021484,32.47887420654297,1.5,0,99,0.0,0.0,0.0,0,0,0
1780578751.5161872,0,0.3499999940395355,0,0,29,900,423158243,60,77,0.0,0.0,15.582401275634766,28.561870574951172,0,0,0.6000000238418579,0,0,0,0,0,6,0,0,0,8,99,0,0.0,0.0,17.549495697021484,32.47887420654297,1.5,0,99,0.0,0.0,0.0,0,0,0
1780578751.5369573,0,0.3499999940395355,0,0,29,900,423158243,60,77,0.0,0.0,15.582401275634766,28.561870574951172,0,0,0.6000000238418579,0,0,0,0,0,6,0,0,0,8,99,0,0.0,0.0,17.549495697021484,32.47887420654297,1.5,0,99,0.0,0.0,0.0,0,0,0
1780578751.5566556,0,0.3499999940395355,0,0,29,900,423158243,60,77,0.0,0.0,15.582401275634766,28.561870574951172,0,0,0.6000000238418579,0,0,0,0,0,6,0,0,0,8,99,0,0.0,0.0,17.549495697021484,32.47887420654297,1.5,0,99,0.0,0.0,0.0,0,0,0
1780578751.576578,0,0.3499999940395355,0,0,29,900,423158243,60,77,0.0,0.0,15.582401275634766,28.561870574951172,0,0,0.6000000238418579,0,0,0,0,0,6,0,0,0,8,99,0,0.0,0.0,17.549495697021484,32.47887420654297,1.5,0,99,0.0,0.0,0.0,0,0,0
1780578751.5971036,0,0.3499999940395355,0,0,29,900,423158243,60,77,0.0,0.0,15.582401275634766,28.561870574951172,0,0,0.6000000238418579,0,0,0,0,0,6,0,0,0,8,99,0,0.0,0.0,17.549495697021484,32.47887420654297,1.5,0,99,0.0,0.0,0.0,0,0,0
1780578751.616721,0,0.3499999940395355,0,0,29,900,423158243,60,77,0.0,0.0,15.582401275634766,28.561870574951172,0,0,0.6000000238418579,0,0,0,0,0,6,0,0,0,8,99,0,0.0,0.0,17.549495697021484,32.47887420654297,1.5,0,99,0.0,0.0,0.0,0,0,0
1780578751.6365077,0,0.3499999940395355,0,0,29,900,423158243,60,77,0.0,0.0,15.582401275634766,28.561870574951172,0,0,0.6000000238418579,0,0,0,0,0,6,0,0,0,8,99,0,0.0,0.0,17.549495697021484,32.47887420654297,1.5,0,99,0.0,0.0,0.0,0,0,0
1780578751.6561503,0,0.3499999940395355,0,0,29,900,423158243,60,77,0.0,0.0,15.582401275634766,28.561870574951172,0,0,0.6000000238418579,0,0,0,0,0,6,0,0,0,8,99,0,0.0,0.0,17.549495697021484,32.47887420654297,1.5,0,99,0.0,0.0,0.0,0,0,0
1780578751.6767354,0,0.3499999940395355,0,0,29,900,423158243,60,77,0.0,0.0,15.582401275634766,28.561870574951172,0,0,0.6000000238418579,0,0,0,0,0,6,0,0,0,8,99,0,0.0,0.0,17.549495697021484,32.47887420654297,1.5,0,99,0.0,0.0,0.0,0,0,0
1780578751.6966846,0,0.3499999940395355,0,0,29,900,423158243,60,77,0.0,0.0,15.582401275634766,28.561870574951172,0,0,0.6000000238418579,0,0,0,1,0,6,0,0,0,8,99,0,0.0,-50.0,17.549495697021484,32.47887420654297,1.5,0,66,0.0,0.0,0.0,0,0,0
1780578751.716233,0,0.3499999940395355,0,0,29,900,423158243,60,77,0.0,0.0,15.582401275634766,28.561870574951172,0,0,0.6000000238418579,0,0,0,1,0,6,0,0,0,8,99,0,0.0,-50.0,17.549495697021484,31.819475173950195,1.5,0,66,0.0,0.0,0.0,0,0,0
1780578751.7362528,0,0.3499999940395355,0,0,29,900,423158243,60,77,0.0,0.0,15.582401275634766,28.561870574951172,0,0,0.6000000238418579,0,0,0,1,0,6,0,0,0,8,99,0,0.0,-50.0,17.549495697021484,30.82047462463379,1.5,0,66,0.0,0.0,0.0,0,0,0
1780578751.756639,0,0.3499999940395355,0,0,29,900,423158243,60,77,0.0,0.0,15.582401275634766,28.561870574951172,0,0,0.6000000238418579,0,0,0,1,0,6,0,0,0,8,99,0,0.0,-50.0,17.549495697021484,29.821474075317383,1.5,0,66,0.0,0.0,0.0,0,0,0
1780578751.7768855,0,0.3499999940395355,0,0,29,900,423158243,60,77,0.0,0.0,15.582401275634766,28.561870574951172,0,0,0.6000000238418579,0,0,0,1,0,6,0,0,0,8,99,0,0.0,-50.0,17.549495697021484,28.817453384399414,1.5,0,66,0.0,0.0,0.0,0,0,0
1780578751.7965853,0,0.3499999940395355,0,0,29,900,423158243,60,77,0.0,0.0,15.582401275634766,28.561870574951172,0,0,0.6000000238418579,0,0,0,0,0,6,0,0,0,8,99,1,0.0,0.0,17.549495697021484,28.432125091552734,1.5,0,66,0.0,0.0,0.0,0,0,0
1780578751.81689,0,0.3499999940395355,0,0,29,900,423158243,60,77,0.0,0.0,15.582401275634766,28.561870574951172,0,0,0.6000000238418579,0,0,0,0,0,6,0,0,0,8,99,1,0.0,0.0,17.549495697021484,28.408096313476562,1.5,0,66,0.0,0.0,0.0,0,0,0
1780578751.8370607,0,0.3499999940395355,0,0,29,900,423158243,60,77,0.0,0.0,15.582401275634766,28.561870574951172,0,0,0.6000000238418579,0,0,0,0,0,6,0,0,0,8,99,1,0.0,0.0,17.549495697021484,28.40810775756836,1.5,0,66,0.0,0.0,0.0,0,0,0
1780578751.8561435,0,0.3499999940395355,0,0,29,900,423158243,60,77,0.0,0.0,15.582401275634766,28.561870574951172,0,0,0.6000000238418579,0,0,0,0,0,6,0,0,0,8,99,1,0.0,0.0,17.549495697021484,28.408113479614258,1.5,0,66,0.0,0.0,0.0,0,0,0
1780578751.8762355,0,0.3499999940395355,0,0,29,900,423158243,60,77,0.0,0.0,15.582401275634766,28.561870574951172,0,0,0.6000000238418579,0,0,0,0,0,6,0,0,0,8,99,1,0.0,0.0,17.549495697021484,28.408119201660156,1.5,0,66,0.0,0.0,0.0,0,0,0
1780578752.3661828,0,0.3499999940395355,0,0,29,900,423158243,60,77,0.0,0.0,15.582401275634766,28.561870574951172,0,0,0.6000000238418579,0,0,0,0,0,6,0,0,0,8,99,1,0.0,0.0,17.549495697021484,28.408119201660156,1.5,0,66,0.0,0.0,0.0,0,0,0
1780578752.386158,0,0.3499999940395355,0,0,29,900,423158243,60,77,0.0,0.0,15.582401275634766,28.561870574951172,0,0,0.6000000238418579,0,0,0,0,0,6,0,0,0,8,99,1,0.0,0.0,17.549495697021484,28.40812110900879,1.5,0,66,0.0,0.0,0.0,0,0,0
1780578752.4069242,0,0.3499999940395355,0,0,29,900,423158243,60,77,0.0,0.0,15.582401275634766,28.561870574951172,0,0,0.6000000238418579,0,0,0,0,0,6,0,0,0,8,99,1,0.0,0.0,17.549495697021484,28.40812110900879,1.5,0,66,0.0,0.0,0.0,0,0,0
1780578752.4268887,0,0.3499999940395355,0,0,29,900,423158243,60,77,0.0,0.0,15.582401275634766,28.561870574951172,0,0,0.6000000238418579,0,0,0,0,0,6,0,0,0,8,99,1,0.0,0.0,17.549495697021484,28.40812110900879,1.5,0,66,0.0,0.0,0.0,0,0,0
1780578752.4466186,0,0.3499999940395355,0,0,29,900,423158243,60,77,0.0,0.0,15.582401275634766,28.561870574951172,0,0,0.6000000238418579,0,0,0,0,0,6,0,0,0,8,99,1,0.0,0.0,17.549495697021484,28.40812110900879,1.5,0,66,0.0,0.0,0.0,0,0,0
1780578752.4665375,0,0.3499999940395355,0,0,29,900,423158243,60,77,0.0,0.0,15.582401275634766,28.561870574951172,0,0,0.6000000238418579,0,0,0,0,0,6,0,0,0,8,99,1,0.0,0.0,17.549495697021484,28.40812110900879,1.5,0,66,0.0,0.0,0.0,0,0,0
1780578752.4869747,0,0.3499999940395355,0,0,29,900,423158243,60,77,0.0,0.0,15.582401275634766,28.561870574951172,0,0,0.6000000238418579,0,0,0,0,0,6,0,0,0,8,99,1,0.0,0.0,17.549495697021484,28.40812110900879,1.5,0,66,0.0,0.0,0.0,0,0,0
1780578752.5068831,0,0.3499999940395355,0,0,29,900,423158243,60,77,0.0,0.0,15.582401275634766,28.561870574951172,0,0,0.6000000238418579,0,0,0,0,0,6,0,0,0,8,99,1,0.0,0.0,17.549495697021484,28.408123016357422,1.5,0,66,0.0,0.0,0.0,0,0,0
1780578752.5262272,0,0.3499999940395355,0,0,29,900,423158243,60,77,0.0,0.0,15.582401275634766,28.561870574951172,0,0,0.6000000238418579,0,0,0,0,0,6,0,0,0,8,99,1,0.0,0.0,17.549495697021484,28.408123016357422,1.5,0,66,0.0,0.0,0.0,0,0,0
1780578752.5468388,0,0.3499999940395355,0,0,29,900,423158243,60,77,0.0,0.0,15.582401275634766,28.561870574951172,0,0,0.6000000238418579,0,0,0,0,0,6,0,0,0,8,99,1,0.0,0.0,17.549495697021484,28.408119201660156,1.5,0,66,0.0,0.0,0.0,0,0,0
1780578752.5667305,0,0.3499999940395355,0,0,29,900,423158243,60,77,0.0,0.0,15.582401275634766,28.561870574951172,0,0,0.6000000238418579,0,0,0,0,0,6,0,0,0,8,99,1,0.0,0.0,17.549495697021484,28.408123016357422,1.5,0,66,0.0,0.0,0.0,0,0,0
1780578752.5867991,0,0.3499999940395355,0,0,29,900,423158243,60,77,0.0,0.0,15.582401275634766,28.561870574951172,0,0,0.6000000238418579,0,0,0,0,0,6,0,0,0,8,99,1,0.0,0.0,17.549495697021484,28.40812110900879,1.5,0,66,0.0,0.0,0.0,0,0,0
1780578752.606519,0,0.3499999940395355,0,0,29,900,423158243,60,77,0.0,0.0,15.582401275634766,28.561870574951172,0,0,0.6000000238418579,0,0,0,0,0,6,0,0,0,8,99,1,0.0,0.0,17.549495697021484,28.40812110900879,1.5,0,66,0.0,0.0,0.0,0,0,0
1780578752.6287732,0,0.3499999940395355,0,0,29,900,423158243,60,77,0.0,0.0,15.582401275634766,28.561870574951172,0,0,0.6000000238418579,0,0,0,0,0,6,0,0,0,8,99,1,0.0,0.0,17.549495697021484,28.40812110900879,1.5,0,66,0.0,0.0,0.0,0,0,0
1780578752.64911,0,0.3499999940395355,0,0,29,900,423158243,60,77,0.0,0.0,15.582401275634766,28.561870574951172,0,0,0.6000000238418579,0,0,0,0,0,6,0,0,0,8,99,1,0.0,0.0,17.549495697021484,28.40812110900879,1.5,0,66,0.0,0.0,0.0,0,0,0
1780578752.6705353,0,0.3499999940395355,0,0,29,900,423158243,60,77,0.0,0.0,15.582401275634766,28.561870574951172,0,0,0.6000000238418579,0,0,0,0,0,6,0,0,0,8,99,1,0.0,0.0,17.549495697021484,28.40812110900879,1.5,0,66,0.0,0.0,0.0,0,0,0
1780578752.6902392,0,0.3499999940395355,0,0,29,900,423158243,60,77,0.0,0.0,15.582401275634766,28.561870574951172,0,0,0.6000000238418579,0,0,0,0,0,6,0,0,0,8,99,1,0.0,0.0,17.549495697021484,28.408119201660156,1.5,0,66,0.0,0.0,0.0,0,0,0
1780578752.7088802,0,0.3499999940395355,0,0,29,900,423158243,60,77,0.0,0.0,15.582401275634766,28.561870574951172,0,0,0.6000000238418579,0,0,0,0,0,6,0,0,0,8,99,1,0.0,0.0,17.549495697021484,28.40812110900879,1.5,0,66,0.0,0.0,0.0,0,0,0
1780578752.7279987,0,0.3499999940395355,0,0,29,900,423158243,60,77,0.0,0.0,15.582401275634766,28.561870574951172,0,0,0.6000000238418579,0,0,0,0,0,6,0,0,0,8,99,1,0.0,0.0,17.549495697021484,28.408119201660156,1.5,0,66,0.0,0.0,0.0,0,0,0
1780578752.7471356,0,0.3499999940395355,0,0,29,900,423158243,60,77,0.0,0.0,15.582401275634766,28.561870574951172,0,0,0.6000000238418579,0,0,0,0,0,6,0,0,0,8,99,1,0.0,0.0,17.549495697021484,28.408123016357422,1.5,0,66,0.0,0.0,0.0,0,0,0
1780578752.7669156,0,0.3499999940395355,0,0,29,900,423158243,60,77,0.0,0.0,15.582401275634766,28.561870574951172,0,0,0.6000000238418579,0,0,0,0,0,6,0,0,0,8,99,1,0.0,0.0,17.549495697021484,28.408123016357422,1.5,0,66,0.0,0.0,0.0,0,0,0
1780578752.7869847,0,0.3499999940395355,0,0,29,900,423158243,60,77,0.0,0.0,15.582401275634766,28.561870574951172,0,0,0.6000000238418579,0,0,0,0,0,6,0,0,0,8,99,1,0.0,0.0,17.549495697021484,28.40812110900879,1.5,0,66,0.0,0.0,0.0,0,0,0
1780578752.806452,0,0.3499999940395355,0,0,29,900,423158243,60,77,0.0,0.0,15.582401275634766,28.561870574951172,0,0,0.6000000238418579,0,0,0,0,0,6,0,0,0,8,99,1,0.0,0.0,17.549495697021484,28.408123016357422,1.5,0,66,0.0,0.0,0.0,0,0,0
1780578752.8270195,0,0.3499999940395355,0,0,29,900,423158243,60,77,0.0,0.0,15.582401275634766,28.561870574951172,0,0,0.6000000238418579,0,0,0,0,0,6,0,0,0,8,99,1,0.0,0.0,17.549495697021484,28.40812110900879,1.5,0,66,0.0,0.0,0.0,0,0,0
1780578752.846949,0,0.3499999940395355,0,0,29,900,423158243,60,77,0.0,0.0,15.582401275634766,28.561870574951172,0,0,0.6000000238418579,0,0,0,0,0,6,0,0,0,8,99,1,0.0,0.0,17.549495697021484,28.40812110900879,1.5,0,66,0.0,0.0,0.0,0,0,0
1780578752.8663387,0,0.3499999940395355,0,0,29,900,423158243,60,77,0.0,0.0,15.582401275634766,28.561870574951172,0,0,0.6000000238418579,0,0,0,0,0,6,0,0,0,8,99,1,0.0,0.0,17.549495697021484,28.40812110900879,1.5,0,66,0.0,0.0,0.0,0,0,0
1780578752.8865356,0,0.3499999940395355,0,0,29,900,423158243,60,77,0.0,0.0,15.582401275634766,28.561870574951172,0,0,0.6000000238418579,0,0,0,0,0,6,0,0,0,8,99,1,0.0,0.0,17.549495697021484,28.408119201660156,1.5,0,66,0.0,0.0,0.0,0,0,0
1780578752.9069955,0,0.3499999940395355,0,0,29,900,423158243,60,77,0.0,0.0,15.582401275634766,28.561870574951172,0,0,0.6000000238418579,0,0,0,0,0,6,0,0,0,8,99,1,0.0,0.0,17.549495697021484,28.408119201660156,1.5,0,66,0.0,0.0,0.0,0,0,0
1780578752.926918,0,0.3499999940395355,0,0,29,900,423158243,60,77,0.0,0.0,15.582401275634766,28.561870574951172,0,0,0.6000000238418579,0,0,0,0,0,6,0,0,0,8,99,1,0.0,0.0,17.549495697021484,28.408123016357422,1.5,0,66,0.0,0.0,0.0,0,0,0
1780578752.9468603,0,0.3499999940395355,0,0,29,900,423158243,60,77,0.0,0.0,15.582401275634766,28.561870574951172,1,0,0.6000000238418579,0,0,0,0,0,6,0,0,0,8,99,1,0.0,0.0,17.549495697021484,28.40812110900879,1.5,0,66,0.0,0.0,0.0,0,0,0
1780578752.9670157,0,0.3499999940395355,0,0,29,900,423158243,60,77,0.0,0.0,15.582401275634766,28.561870574951172,1,0,0.6000000238418579,0,0,0,0,0,6,0,0,0,8,99,1,0.0,0.0,17.549495697021484,28.408123016357422,1.5,0,66,0.0,0.0,0.0,0,0,0
1780578752.9867475,0,0.3499999940395355,0,0,29,900,423158243,60,77,0.0,0.0,15.582401275634766,28.561870574951172,1,0,0.6000000238418579,0,0,0,0,0,6,0,0,0,8,99,1,0.0,0.0,17.549495697021484,28.40812110900879,1.5,0,66,0.0,0.0,0.0,0,0,0
1780578753.006321,0,0.3499999940395355,0,0,29,900,423158243,60,77,0.0,0.0,15.582401275634766,28.561870574951172,1,0,0.6000000238418579,0,0,0,0,0,6,0,0,0,8,99,1,0.0,0.0,17.549495697021484,28.40812110900879,1.5,0,66,0.0,0.0,0.0,0,0,0
1780578753.026638,0,0.3499999940395355,0,0,29,900,423158243,60,77,0.0,0.0,15.582401275634766,28.561870574951172,1,0,0.6000000238418579,0,0,0,0,0,6,0,0,0,8,99,1,0.0,0.0,17.549495697021484,28.40812110900879,1.5,0,66,0.0,0.0,0.0,0,0,0
1780578753.0470355,0,0.3499999940395355,0,0,29,900,423158243,60,77,0.0,0.0,15.582401275634766,28.561870574951172,1,0,0.6000000238418579,0,0,0,0,0,6,0,0,0,8,99,1,0.0,0.0,17.549495697021484,28.408119201660156,1.5,0,66,0.0,0.0,0.0,0,0,0
1780578753.066564,0,0.3499999940395355,0,0,29,900,423158243,60,77,0.0,0.0,15.582401275634766,28.561870574951172,1,0,0.6000000238418579,0,0,0,0,0,6,0,0,0,8,99,1,0.0,0.0,17.549495697021484,28.408119201660156,1.5,0,66,0.0,0.0,0.0,0,0,0
1780578753.0865512,0,0.3499999940395355,0,0,29,900,423158243,60,77,0.0,0.0,15.582401275634766,28.561870574951172,1,0,0.6000000238418579,0,0,0,0,0,6,0,0,0,8,99,1,0.0,0.0,17.549495697021484,28.408123016357422,1.5,0,66,0.0,0.0,0.0,0,0,0
1780578753.1065986,0,0.3499999940395355,0,0,29,900,423158243,60,77,0.0,0.0,15.582401275634766,28.561870574951172,1,0,0.6000000238418579,0,0,0,0,0,6,0,0,0,8,99,1,0.0,0.0,17.549495697021484,28.408119201660156,1.5,0,66,0.0,0.0,0.0,0,0,0
1780578753.1266363,0,0.3499999940395355,0,0,29,900,423158243,60,77,0.0,0.0,15.582401275634766,28.561870574951172,1,0,0.6000000238418579,0,0,0,0,0,6,0,0,0,8,99,1,0.0,0.0,17.549495697021484,28.408123016357422,1.5,0,66,0.0,0.0,0.0,0,0,0
1780578753.1461563,0,0.3499999940395355,0,0,29,900,423158243,60,77,0.0,0.0,15.582401275634766,28.561870574951172,1,0,0.6000000238418579,0,0,0,0,0,6,0,0,0,8,99,1,0.0,0.0,17.549495697021484,28.408119201660156,1.5,0,66,0.0,0.0,0.0,0,0,0
1780578753.16619,0,0.3499999940395355,0,0,29,900,423158243,60,77,0.0,0.0,15.582401275634766,28.561870574951172,1,0,0.6000000238418579,0,0,0,0,0,6,0,0,0,8,99,1,0.0,0.0,17.549495697021484,28.408123016357422,1.5,0,68,0.0,0.0,0.0,0,0,0
1780578753.186797,0,0.3499999940395355,0,0,29,900,423158243,60,77,0.0,0.0,15.582401275634766,28.561870574951172,1,0,0.6000000238418579,0,0,0,0,0,6,0,0,0,8,99,1,0.0,0.0,17.549495697021484,28.408119201660156,1.5,0,70,0.0,0.0,0.0,0,0,0
1780578753.2069025,0,0.3499999940395355,0,0,29,900,423158243,60,77,0.0,0.0,15.582401275634766,28.561870574951172,1,0,0.6000000238418579,0,0,0,0,0,6,0,0,0,8,99,1,0.0,0.0,17.549495697021484,28.40812110900879,1.5,0,72,0.0,0.0,0.0,0,0,0
1780578753.226239,0,0.3499999940395355,0,0,29,900,423158243,60,77,0.0,0.0,15.582401275634766,28.561870574951172,1,0,0.6000000238418579,0,0,0,0,0,6,0,0,0,8,99,1,0.0,0.0,17.549495697021484,28.40812110900879,1.5,0,72,0.0,0.0,0.0,0,0,0
1780578753.2467253,0,0.3499999940395355,0,0,29,900,423158243,60,77,0.0,0.0,15.582401275634766,28.561870574951172,1,0,0.6000000238418579,0,0,0,0,0,6,0,0,0,8,99,1,0.0,0.0,17.549495697021484,28.40812110900879,1.5,0,72,0.0,0.0,0.0,0,0,0
1780578753.266624,0,0.3499999940395355,0,0,29,900,423158243,60,77,0.0,0.0,15.582401275634766,28.561870574951172,1,0,0.6000000238418579,0,0,0,0,0,6,0,0,0,8,99,1,0.0,0.0,17.549495697021484,28.408119201660156,1.5,0,72,0.0,0.0,0.0,0,0,0
1780578753.2862148,0,0.3499999940395355,0,0,29,900,423158243,60,77,0.0,0.0,15.582401275634766,28.561870574951172,1,0,0.6000000238418579,0,0,0,0,0,6,0,0,0,8,99,1,0.0,0.0,17.549495697021484,28.408123016357422,1.5,0,72,0.0,0.0,0.0,0,0,0
1780578753.3065176,0,0.3499999940395355,0,0,29,900,423158243,60,77,0.0,0.0,15.582401275634766,28.561870574951172,1,0,0.6000000238418579,0,0,0,0,0,6,0,0,0,8,99,1,0.0,0.0,17.549495697021484,28.40812110900879,1.5,0,72,0.0,0.0,0.0,0,0,0
1780578753.3267004,0,0.3499999940395355,0,0,29,900,423158243,60,77,0.0,0.0,15.582401275634766,28.561870574951172,1,0,0.6000000238418579,0,0,0,0,0,6,0,0,0,8,99,1,0.0,0.0,17.549495697021484,28.40812110900879,1.5,0,72,0.0,0.0,0.0,0,0,0
1780578753.3461733,0,0.3499999940395355,0,0,29,900,423158243,60,77,0.0,0.0,15.582401275634766,28.561870574951172,1,0,0.6000000238418579,0,0,0,0,0,6,0,0,0,8,99,1,0.0,0.0,17.549495697021484,28.40812110900879,1.5,0,72,0.0,0.0,0.0,0,0,0
1780578753.3661997,0,0.3499999940395355,0,0,29,900,423158243,60,77,0.0,0.0,15.582401275634766,28.561870574951172,1,0,0.6000000238418579,0,0,0,0,0,6,0,0,0,8,99,1,0.0,0.0,17.549495697021484,28.40812110900879,1.5,0,72,0.0,0.0,0.0,0,0,0
1780578753.3867571,0,0.3499999940395355,0,0,29,900,423158243,60,77,0.0,0.0,15.582401275634766,28.561870574951172,1,0,0.6000000238418579,0,0,0,0,0,6,0,0,0,8,99,1,0.0,0.0,17.549495697021484,28.408119201660156,1.5,0,72,0.0,0.0,0.0,0,0,0
1780578753.4066627,0,0.3499999940395355,0,0,29,900,423158243,60,77,0.0,0.0,15.582401275634766,28.561870574951172,1,0,0.6000000238418579,0,0,0,0,0,6,0,0,0,8,99,1,0.0,0.0,17.549495697021484,28.40812110900879,1.5,0,72,0.0,0.0,0.0,0,0,0
1780578753.4263713,0,0.3499999940395355,0,0,29,900,423158243,60,77,0.0,0.0,15.582401275634766,28.561870574951172,1,0,0.6000000238418579,0,0,0,0,0,6,0,0,0,8,99,1,0.0,0.0,17.549495697021484,28.40812110900879,1.5,0,72,0.0,0.0,0.0,0,0,0
1780578753.4465454,0,0.3499999940395355,0,0,29,900,423158243,60,77,0.0,0.0,15.582401275634766,28.561870574951172,1,0,0.6000000238418579,0,0,0,0,0,6,0,0,0,8,99,1,0.0,0.0,17.549495697021484,28.40812110900879,1.5,0,72,0.0,0.0,0.0,0,0,0
1780578753.4666488,0,0.3499999940395355,0,0,29,900,423158243,60,77,0.0,0.0,15.582401275634766,28.561870574951172,1,0,0.6000000238418579,0,0,0,0,0,6,0,0,0,8,99,1,0.0,0.0,17.549495697021484,28.408119201660156,1.5,0,72,0.0,0.0,0.0,0,0,0
1780578753.4861197,0,0.3499999940395355,0,0,29,900,423158243,60,77,0.0,0.0,15.582401275634766,28.561870574951172,1,0,0.6000000238418579,0,0,0,0,0,6,0,0,0,8,99,1,0.0,0.0,17.549495697021484,28.408119201660156,1.5,0,72,0.0,0.0,0.0,0,0,0
1780578753.5066392,0,0.3499999940395355,0,0,29,900,423158243,60,77,0.0,0.0,15.582401275634766,28.561870574951172,1,0,0.6000000238418579,0,0,0,0,0,6,0,0,0,8,99,1,0.0,0.0,17.549495697021484,28.408123016357422,1.5,0,72,0.0,0.0,0.0,0,0,0
1780578753.5264266,0,0.3499999940395355,0,0,29,900,423158243,60,77,0.0,0.0,15.582401275634766,28.561870574951172,1,0,0.6000000238418579,0,0,0,0,0,6,0,0,0,8,99,1,0.0,0.0,17.549495697021484,28.40812110900879,1.5,0,72,0.0,0.0,0.0,0,0,0
1780578753.5467331,0,0.3499999940395355,0,0,29,900,423158243,60,77,0.0,0.0,15.582401275634766,28.561870574951172,1,0,0.6000000238418579,0,0,0,0,0,6,0,0,0,8,99,1,0.0,0.0,17.549495697021484,28.40812110900879,1.5,0,72,0.0,0.0,0.0,0,0,0
1780578753.5664444,0,0.3499999940395355,0,0,29,900,423158243,60,77,0.0,0.0,15.582401275634766,28.561870574951172,1,0,0.6000000238418579,0,0,0,0,0,6,0,0,0,8,99,1,0.0,0.0,17.549495697021484,28.408119201660156,1.5,0,72,0.0,0.0,0.0,0,0,0
1780578753.5863075,0,0.3499999940395355,0,0,29,900,423158243,60,77,0.0,0.0,15.582401275634766,28.561870574951172,1,0,0.6000000238418579,0,0,0,0,0,6,0,0,0,8,99,1,0.0,0.0,17.549495697021484,28.408119201660156,1.5,0,72,0.0,0.0,0.0,0,0,0
1780578753.6067882,0,0.3499999940395355,0,0,29,900,423158243,60,77,0.0,0.0,15.582401275634766,28.561870574951172,1,0,0.6000000238418579,0,0,0,0,0,6,0,0,0,8,99,1,0.0,0.0,17.549495697021484,28.408123016357422,1.5,0,72,0.0,0.0,0.0,0,0,0
1780578753.625984,0,0.3499999940395355,0,0,29,900,423158243,60,77,0.0,0.0,15.582401275634766,28.561870574951172,1,0,0.6000000238418579,0,0,0,0,0,6,0,0,0,8,99,1,0.0,0.0,17.549495697021484,28.40812110900879,1.5,0,72,0.0,0.0,0.0,0,0,0
1780578753.646217,0,0.3499999940395355,0,0,29,900,423158243,60,77,0.0,0.0,15.582401275634766,28.561870574951172,1,0,0.6000000238418579,0,0,0,0,0,6,0,0,0,8,99,1,0.0,0.0,17.549495697021484,28.40812110900879,1.5,0,72,0.0,0.0,0.0,0,0,0
1780578753.6665843,0,0.3499999940395355,0,0,29,900,423158243,60,77,0.0,0.0,15.582401275634766,28.561870574951172,1,0,0.6000000238418579,0,0,0,0,0,6,0,0,0,8,99,1,0.0,0.0,17.549495697021484,28.40812110900879,1.5,0,72,0.0,0.0,0.0,0,0,0
1780578753.6866941,0,0.3499999940395355,0,0,29,900,423158243,60,77,0.0,0.0,15.582401275634766,28.561870574951172,1,0,0.6000000238418579,0,0,0,0,0,6,0,0,0,8,99,1,0.0,0.0,17.549495697021484,28.40812110900879,1.5,0,72,0.0,0.0,0.0,0,0,0
1780578753.7061589,0,0.3499999940395355,0,0,29,900,423158243,60,77,0.0,0.0,15.582401275634766,28.561870574951172,1,0,0.6000000238418579,0,0,0,0,0,6,0,0,0,8,99,1,0.0,0.0,17.549495697021484,28.40812110900879,1.5,0,72,0.0,0.0,0.0,0,0,0
1780578753.7265332,0,0.3499999940395355,0,0,29,900,423158243,60,77,0.0,0.0,15.582401275634766,28.561870574951172,1,0,0.6000000238418579,0,0,0,0,0,6,0,0,0,8,99,1,0.0,0.0,17.549495697021484,28.408119201660156,1.5,0,72,0.0,0.0,0.0,0,0,0
1780578753.746663,0,0.3499999940395355,0,0,29,900,423158243,60,77,0.0,0.0,15.582401275634766,28.561870574951172,1,0,0.6000000238418579,0,0,0,0,0,6,0,0,0,8,99,1,0.0,0.0,17.549495697021484,28.408119201660156,1.5,0,72,0.0,0.0,0.0,0,0,0
1780578753.7666776,0,0.3499999940395355,0,0,29,900,423158243,60,77,0.0,0.0,15.582401275634766,28.561870574951172,1,0,0.6000000238418579,0,0,0,0,0,6,0,0,0,8,99,1,0.0,0.0,17.549495697021484,28.408123016357422,1.5,0,72,0.0,0.0,0.0,0,0,0
1780578753.7862751,0,0.3499999940395355,0,0,29,900,423158243,60,77,0.0,0.0,15.582401275634766,28.561870574951172,1,0,0.6000000238418579,0,0,0,0,0,6,0,0,0,8,99,1,0.0,0.0,17.549495697021484,28.408123016357422,1.5,0,72,0.0,0.0,0.0,0,0,0
1780578753.806716,0,0.3499999940395355,0,0,29,900,423158243,60,77,0.0,0.0,15.582401275634766,28.561870574951172,1,0,0.6000000238418579,0,0,0,0,0,6,0,0,0,8,99,1,0.0,0.0,17.549495697021484,28.40812110900879,1.5,0,72,0.0,0.0,0.0,0,0,0
1780578753.826636,0,0.3499999940395355,0,0,29,900,423158243,60,77,0.0,0.0,15.582401275634766,28.561870574951172,1,0,0.6000000238418579,0,0,0,0,0,6,0,0,0,8,99,1,0.0,0.0,17.549495697021484,28.40812110900879,1.5,0,72,0.0,0.0,0.0,0,0,0
1780578753.8460338,0,0.3499999940395355,0,0,29,900,423158243,60,77,0.0,0.0,15.582401275634766,28.561870574951172,1,0,0.6000000238418579,0,0,0,0,0,6,0,0,0,8,99,1,0.0,0.0,17.549495697021484,28.408123016357422,1.5,0,72,0.0,0.0,0.0,0,0,0
1780578753.8660786,0,0.3499999940395355,0,0,29,900,423158243,60,77,0.0,0.0,15.582401275634766,28.561870574951172,1,0,0.6000000238418579,0,0,0,0,0,6,0,0,0,8,99,1,0.0,0.0,17.549495697021484,28.40812110900879,1.5,0,72,0.0,0.0,0.0,0,0,0
1780578753.886623,0,0.3499999940395355,0,0,29,900,423158243,60,77,0.0,0.0,15.582401275634766,28.561870574951172,1,0,0.6000000238418579,0,0,0,0,0,6,0,0,0,8,99,1,0.0,0.0,17.549495697021484,28.408123016357422,1.5,0,72,0.0,0.0,0.0,0,0,0
1780578753.9065697,0,0.3499999940395355,0,0,29,900,423158243,60,77,0.0,0.0,15.582401275634766,28.561870574951172,1,0,0.6000000238418579,0,0,0,0,0,6,0,0,0,8,99,1,0.0,0.0,17.549495697021484,28.40812110900879,1.5,0,72,0.0,0.0,0.0,0,0,0
1780578753.9264047,0,0.3499999940395355,0,0,29,900,423158243,60,77,0.0,0.0,15.582401275634766,28.561870574951172,1,0,0.6000000238418579,0,0,0,0,0,6,0,0,0,8,99,1,0.0,0.0,17.549495697021484,28.40812110900879,1.5,0,72,0.0,0.0,0.0,0,0,0
1780578753.9467778,0,0.3499999940395355,0,0,29,900,423158243,60,77,0.0,0.0,15.582401275634766,28.561870574951172,1,0,0.6000000238418579,0,0,0,0,0,6,0,0,0,8,99,1,0.0,0.0,17.549495697021484,28.408119201660156,1.5,0,72,0.0,0.0,0.0,0,0,0
1780578753.9666913,0,0.3499999940395355,0,0,29,900,423158243,60,77,0.0,0.0,15.582401275634766,28.561870574951172,1,0,0.6000000238418579,0,0,0,0,0,6,0,0,0,8,99,1,0.0,0.0,17.549495697021484,28.40812110900879,1.5,0,72,0.0,0.0,0.0,0,0,0
1780578753.986852,0,0.3499999940395355,0,0,29,900,423158243,60,77,0.0,0.0,15.582401275634766,28.561870574951172,1,0,0.6000000238418579,0,0,0,0,0,6,0,0,0,8,99,1,0.0,0.0,17.549495697021484,28.408119201660156,1.5,0,72,0.0,0.0,0.0,0,0,0
1780578754.0065541,0,0.3499999940395355,0,0,29,900,423158243,60,77,0.0,0.0,15.582401275634766,28.561870574951172,1,0,0.6000000238418579,0,0,0,0,0,6,0,0,0,8,99,1,0.0,0.0,17.549495697021484,28.408123016357422,1.5,0,72,0.0,0.0,0.0,0,0,0
1780578754.0265589,0,0.3499999940395355,0,0,29,900,423158243,60,77,0.0,0.0,15.582401275634766,28.561870574951172,1,0,0.6000000238418579,0,0,0,0,0,6,0,0,0,8,99,1,0.0,0.0,17.549495697021484,28.408123016357422,1.5,0,72,0.0,0.0,0.0,0,0,0
1780578754.046865,0,0.3499999940395355,0,0,29,900,423158243,60,77,0.0,0.0,15.582401275634766,28.561870574951172,1,0,0.6000000238418579,0,0,0,0,0,6,0,0,0,8,99,1,0.0,0.0,17.549495697021484,28.40812110900879,1.5,0,72,0.0,0.0,0.0,0,0,0
1780578754.0660765,0,0.3499999940395355,0,0,29,900,423158243,60,77,0.0,0.0,15.582401275634766,28.561870574951172,1,0,0.6000000238418579,0,0,0,0,0,6,0,0,0,8,99,1,0.0,0.0,17.549495697021484,28.408123016357422,1.5,0,72,0.0,0.0,0.0,0,0,0
1780578754.0865958,0,0.3499999940395355,0,0,29,900,423158243,60,77,0.0,0.0,15.582401275634766,28.561870574951172,1,0,0.6000000238418579,0,0,0,0,0,6,0,0,0,8,99,1,0.0,0.0,17.549495697021484,28.40812110900879,1.5,0,72,0.0,0.0,0.0,0,0,0
1780578754.1066792,0,0.3499999940395355,0,0,29,900,423158243,60,77,0.0,0.0,15.582401275634766,28.561870574951172,1,0,0.6000000238418579,0,0,0,0,0,6,0,0,0,8,99,1,0.0,0.0,17.549495697021484,28.408119201660156,1.5,0,72,0.0,0.0,0.0,0,0,0
1780578754.1266596,0,0.3499999940395355,0,0,29,900,423158243,60,77,0.0,0.0,15.582401275634766,28.561870574951172,1,0,0.6000000238418579,0,0,0,0,0,6,0,0,0,8,99,1,0.0,0.0,17.549495697021484,28.408123016357422,1.5,0,72,0.0,0.0,0.0,0,0,0
1780578754.1465468,0,0.3499999940395355,0,0,29,900,423158243,60,77,0.0,0.0,15.582401275634766,28.561870574951172,1,0,0.6000000238418579,0,0,0,0,0,6,0,0,0,8,99,1,0.0,0.0,17.549495697021484,28.40812110900879,1.5,0,72,0.0,0.0,0.0,0,0,0
1780578754.166552,0,0.3499999940395355,0,0,29,900,423158243,60,77,0.0,0.0,15.582401275634766,28.561870574951172,1,0,0.6000000238418579,0,0,0,0,0,6,0,0,0,8,99,1,0.0,0.0,17.549495697021484,28.40812110900879,1.5,0,72,0.0,0.0,0.0,0,0,0
1780578754.186466,0,0.3499999940395355,0,0,29,900,423158243,60,77,0.0,0.0,15.582401275634766,28.561870574951172,1,0,0.6000000238418579,0,0,0,0,0,6,0,0,0,8,99,1,0.0,0.0,17.549495697021484,28.408123016357422,1.5,0,72,0.0,0.0,0.0,0,0,0
1780578754.2060719,0,0.3499999940395355,0,0,29,900,423158243,60,77,0.0,0.0,15.582401275634766,28.561870574951172,1,0,0.6000000238418579,0,0,0,0,0,6,0,0,0,8,99,1,0.0,0.0,17.549495697021484,28.40812110900879,1.5,0,72,0.0,0.0,0.0,0,0,0
1780578754.226057,0,0.3499999940395355,0,0,29,900,423158243,60,77,0.0,0.0,15.582401275634766,28.561870574951172,1,0,0.6000000238418579,0,0,0,0,0,6,0,0,0,8,99,1,0.0,0.0,17.549495697021484,28.40812110900879,1.5,0,72,0.0,0.0,0.0,0,0,0
1780578754.2468226,0,0.3499999940395355,0,0,29,900,423158243,60,77,0.0,0.0,15.582401275634766,28.561870574951172,1,0,0.6000000238418579,0,0,0,0,0,6,0,0,0,8,99,1,0.0,0.0,17.549495697021484,28.40812110900879,1.5,0,72,0.0,0.0,0.0,0,0,0
1780578754.266591,0,0.3499999940395355,0,0,29,900,423158243,60,77,0.0,0.0,15.582401275634766,28.561870574951172,1,0,0.6000000238418579,0,0,0,0,0,6,0,0,0,8,99,1,0.0,0.0,17.549495697021484,28.40812110900879,1.5,0,72,0.0,0.0,0.0,0,0,0
1780578754.2863865,0,0.3499999940395355,0,0,29,900,423158243,60,77,0.0,0.0,15.582401275634766,28.561870574951172,1,0,0.6000000238418579,0,0,0,0,0,6,0,0,0,8,99,1,0.0,0.0,17.549495697021484,28.408119201660156,1.5,0,72,0.0,0.0,0.0,0,0,0
1780578754.3065584,0,0.3499999940395355,0,0,29,900,423158243,60,77,0.0,0.0,15.582401275634766,28.561870574951172,1,0,0.6000000238418579,0,0,0,0,0,6,0,0,0,8,99,1,0.0,0.0,17.549495697021484,28.408123016357422,1.5,0,72,0.0,0.0,0.0,0,0,0
1780578754.3267303,0,0.3499999940395355,0,0,29,900,423158243,60,77,0.0,0.0,15.582401275634766,28.561870574951172,1,0,0.6000000238418579,0,0,0,0,0,6,0,0,0,8,99,1,0.0,0.0,17.549495697021484,28.408119201660156,1.5,0,72,0.0,0.0,0.0,0,0,0
1780578754.3462505,0,0.3499999940395355,0,0,29,900,423158243,60,77,0.0,0.0,15.582401275634766,28.561870574951172,1,0,0.6000000238418579,0,0,0,0,0,6,0,0,0,8,99,1,0.0,0.0,17.549495697021484,28.408123016357422,1.5,0,72,0.0,0.0,0.0,0,0,0
1780578754.366468,0,0.3499999940395355,0,0,29,900,423158243,60,77,0.0,0.0,15.582401275634766,28.561870574951172,1,0,0.6000000238418579,0,0,0,0,0,6,0,0,0,8,99,1,0.0,0.0,17.549495697021484,28.408119201660156,1.5,0,72,0.0,0.0,0.0,0,0,0
1780578754.386763,0,0.3499999940395355,0,0,29,900,423158243,60,77,0.0,0.0,15.582401275634766,28.561870574951172,1,0,0.6000000238418579,0,0,0,0,0,6,0,0,0,8,99,1,0.0,0.0,17.549495697021484,28.408123016357422,1.5,0,72,0.0,0.0,0.0,0,0,0
1780578754.4067595,0,0.3499999940395355,0,0,29,900,423158243,60,77,0.0,0.0,15.582401275634766,28.561870574951172,1,0,0.6000000238418579,0,0,0,0,0,6,0,0,0,8,99,1,0.0,0.0,17.549495697021484,28.40812110900879,1.5,0,72,0.0,0.0,0.0,0,0,0
1780578754.4263499,0,0.3499999940395355,0,0,29,900,423158243,60,77,0.0,0.0,15.582401275634766,28.561870574951172,1,0,0.6000000238418579,0,0,0,0,0,6,0,0,0,8,99,1,0.0,0.0,17.549495697021484,28.40812110900879,1.5,0,72,0.0,0.0,0.0,0,0,0
1780578754.447164,0,0.3499999940395355,0,0,29,900,423158243,60,77,0.0,0.0,15.582401275634766,28.561870574951172,1,0,0.6000000238418579,0,0,0,0,0,6,0,0,0,8,99,1,0.0,0.0,17.549495697021484,28.40812110900879,1.5,0,72,0.0,0.0,0.0,0,0,0
1780578754.4669485,0,0.3499999940395355,0,0,29,900,423158243,60,77,0.0,0.0,15.582401275634766,28.561870574951172,1,0,0.6000000238418579,0,0,0,0,0,6,0,0,0,8,99,1,0.0,0.0,17.549495697021484,28.408119201660156,1.5,0,72,0.0,0.0,0.0,0,0,0
1780578754.4864438,0,0.3499999940395355,0,0,29,900,423158243,60,77,0.0,0.0,15.582401275634766,28.561870574951172,1,0,0.6000000238418579,0,0,0,0,0,6,0,0,0,8,99,1,0.0,0.0,17.549495697021484,28.408123016357422,1.5,0,72,0.0,0.0,0.0,0,0,0
1780578754.5068123,0,0.3499999940395355,0,0,29,900,423158243,60,77,0.0,0.0,15.582401275634766,28.561870574951172,1,0,0.6000000238418579,0,0,0,0,0,6,0,0,0,8,99,1,0.0,0.0,17.549495697021484,28.408123016357422,1.5,0,72,0.0,0.0,0.0,0,0,0
1780578754.526841,0,0.3499999940395355,0,0,29,900,423158243,60,77,0.0,0.0,15.582401275634766,28.561870574951172,1,0,0.6000000238418579,0,0,0,0,0,6,0,0,0,8,99,1,0.0,0.0,17.549495697021484,28.408123016357422,1.5,0,72,0.0,0.0,0.0,0,0,0
1780578754.5467606,0,0.3499999940395355,0,0,29,900,423158243,60,77,0.0,0.0,15.582401275634766,28.561870574951172,1,0,0.6000000238418579,0,0,0,0,0,6,0,0,0,8,99,1,0.0,0.0,17.549495697021484,28.40812110900879,1.5,0,72,0.0,0.0,0.0,0,0,0
1780578754.5666473,0,0.3499999940395355,0,0,29,900,423158243,60,77,0.0,0.0,15.582401275634766,28.561870574951172,1,0,0.6000000238418579,0,0,0,0,0,6,0,0,0,8,99,1,0.0,0.0,17.549495697021484,28.408119201660156,1.5,0,72,0.0,0.0,0.0,0,0,0
1780578754.5868638,0,0.3499999940395355,0,0,29,900,423158243,60,77,0.0,0.0,15.582401275634766,28.561870574951172,1,0,0.6000000238418579,0,0,0,0,0,6,0,0,0,8,99,1,0.0,0.0,17.549495697021484,28.408119201660156,1.5,0,72,0.0,0.0,0.0,0,0,0
1780578754.606713,0,0.3499999940395355,0,0,29,900,423158243,60,77,0.0,0.0,15.582401275634766,28.561870574951172,1,0,0.6000000238418579,0,0,0,0,0,6,0,0,0,8,99,1,0.0,0.0,17.549495697021484,28.408119201660156,1.5,0,72,0.0,0.0,0.0,0,0,0
1780578754.626732,0,0.3499999940395355,0,0,29,900,423158243,60,77,0.0,0.0,15.582401275634766,28.561870574951172,1,0,0.6000000238418579,0,0,0,0,0,6,0,0,0,8,99,1,0.0,0.0,17.549495697021484,28.408123016357422,1.5,0,72,0.0,0.0,0.0,0,0,0
1780578754.6468406,0,0.3499999940395355,0,0,29,900,423158243,60,77,0.0,0.0,15.582401275634766,28.561870574951172,1,0,0.6000000238418579,0,0,0,0,0,6,0,0,0,8,99,1,0.0,0.0,17.549495697021484,28.40812110900879,1.5,0,72,0.0,0.0,0.0,0,0,0
1780578754.666643,0,0.3499999940395355,0,0,29,900,423158243,60,77,0.0,0.0,15.582401275634766,28.561870574951172,1,0,0.6000000238418579,0,0,0,0,0,6,0,0,0,8,99,1,0.0,0.0,17.549495697021484,28.40812110900879,1.5,0,72,0.0,0.0,0.0,0,0,0
1780578754.6867115,0,0.3499999940395355,0,0,29,900,423158243,60,77,0.0,0.0,15.582401275634766,28.561870574951172,1,0,0.6000000238418579,0,0,0,0,0,6,0,0,0,8,99,1,0.0,0.0,17.549495697021484,28.40812110900879,1.5,0,72,0.0,0.0,0.0,0,0,0
1780578754.7067764,0,0.3499999940395355,0,0,29,900,423158243,60,77,0.0,0.0,15.582401275634766,28.561870574951172,1,0,0.6000000238418579,0,0,0,0,0,6,0,0,0,8,99,1,0.0,0.0,17.549495697021484,28.40812110900879,1.5,0,72,0.0,0.0,0.0,0,0,0
1780578754.726572,0,0.3499999940395355,0,0,29,900,423158243,60,77,0.0,0.0,15.582401275634766,28.561870574951172,1,0,0.6000000238418579,0,0,0,0,0,6,0,0,0,8,99,1,0.0,0.0,17.549495697021484,28.40812110900879,1.5,0,72,0.0,0.0,0.0,0,0,0
1780578754.746976,0,0.3499999940395355,0,0,29,900,423158243,60,77,0.0,0.0,15.582401275634766,28.561870574951172,1,0,0.6000000238418579,0,0,0,0,0,6,0,0,0,8,99,1,0.0,0.0,17.549495697021484,28.408123016357422,1.5,0,72,0.0,0.0,0.0,0,0,0
1780578754.7662597,0,0.3499999940395355,0,0,29,900,423158243,60,77,0.0,0.0,15.582401275634766,28.561870574951172,1,0,0.6000000238418579,0,0,0,0,0,6,0,0,0,8,99,1,0.0,0.0,17.549495697021484,28.408119201660156,1.5,0,72,0.0,0.0,0.0,0,0,0
1780578754.7861784,0,0.3499999940395355,0,0,29,900,423158243,60,77,0.0,0.0,15.582401275634766,28.561870574951172,1,0,0.6000000238418579,0,0,0,0,0,6,0,0,0,8,99,1,0.0,0.0,17.549495697021484,28.408123016357422,1.5,0,72,0.0,0.0,0.0,0,0,0
1780578754.8067863,0,0.3499999940395355,0,0,29,900,423158243,60,77,0.0,0.0,15.582401275634766,28.561870574951172,1,0,0.6000000238418579,0,0,0,0,0,6,0,0,0,8,99,1,0.0,0.0,17.549495697021484,28.40812110900879,1.5,0,72,0.0,0.0,0.0,0,0,0
1780578754.8266644,0,0.3499999940395355,0,0,29,900,423158243,60,77,0.0,0.0,15.582401275634766,28.561870574951172,1,0,0.6000000238418579,0,0,0,0,0,6,0,0,0,8,99,1,0.0,0.0,17.549495697021484,28.40812110900879,1.5,0,72,0.0,0.0,0.0,0,0,0
1780578754.8469028,0,0.3499999940395355,0,0,29,900,423158243,60,77,0.0,0.0,15.582401275634766,28.561870574951172,1,0,0.6000000238418579,0,0,0,0,0,6,0,0,0,8,99,1,0.0,0.0,17.549495697021484,28.40812110900879,1.5,0,72,0.0,0.0,0.0,0,0,0
1780578754.8666263,0,0.3499999940395355,0,0,29,900,423158243,60,77,0.0,0.0,15.582401275634766,28.561870574951172,1,0,0.6000000238418579,0,0,0,0,0,6,0,0,0,8,99,1,0.0,0.0,17.549495697021484,28.408123016357422,1.5,0,72,0.0,0.0,0.0,0,0,0
1780578754.8868766,0,0.3499999940395355,0,0,29,900,423158243,60,77,0.0,0.0,15.582401275634766,28.561870574951172,1,0,0.6000000238418579,0,0,0,0,0,6,0,0,0,8,99,1,0.0,0.0,17.549495697021484,28.408123016357422,1.5,0,72,0.0,0.0,0.0,0,0,0
1780578754.9063678,0,0.3499999940395355,0,0,29,900,423158243,60,77,0.0,0.0,15.582401275634766,28.561870574951172,1,0,0.6000000238418579,0,0,0,0,0,6,0,0,0,8,99,1,0.0,0.0,17.549495697021484,28.408119201660156,1.5,0,72,0.0,0.0,0.0,0,0,0
1780578754.9267085,0,0.3499999940395355,0,0,29,900,423158243,60,77,0.0,0.0,15.582401275634766,28.561870574951172,1,0,0.6000000238418579,0,0,0,0,0,6,0,0,0,8,99,1,0.0,0.0,17.549495697021484,28.408119201660156,1.5,0,72,0.0,0.0,0.0,0,0,0
1780578754.94673,0,0.3499999940395355,0,0,29,900,423158243,60,77,0.0,0.0,15.582401275634766,28.561870574951172,1,0,0.6000000238418579,0,0,0,0,0,6,0,0,0,8,99,1,0.0,0.0,17.549495697021484,28.408123016357422,1.5,0,72,0.0,0.0,0.0,0,0,0
1780578754.966671,0,0.3499999940395355,0,0,29,900,423158243,60,77,0.0,0.0,15.582401275634766,28.561870574951172,1,0,0.6000000238418579,0,0,0,0,0,6,0,0,0,8,99,1,0.0,0.0,17.549495697021484,28.40812110900879,1.5,0,72,0.0,0.0,0.0,0,0,0
1780578754.986405,0,0.3499999940395355,0,0,29,900,423158243,60,77,0.0,0.0,15.582401275634766,28.561870574951172,1,0,0.6000000238418579,0,0,0,0,0,6,0,0,0,8,99,1,0.0,0.0,17.549495697021484,28.408123016357422,1.5,0,72,0.0,0.0,0.0,0,0,0
1780578755.0069563,0,0.3499999940395355,0,0,29,900,423158243,60,77,0.0,0.0,15.582401275634766,28.561870574951172,1,0,0.6000000238418579,0,0,0,0,0,6,0,0,0,8,99,1,0.0,0.0,17.549495697021484,28.40812110900879,1.5,0,72,0.0,0.0,0.0,0,0,0
1780578755.026813,0,0.3499999940395355,0,0,29,900,423158243,60,77,0.0,0.0,15.582401275634766,28.561870574951172,1,0,0.6000000238418579,0,0,0,0,0,6,0,0,0,8,99,1,0.0,0.0,17.549495697021484,28.408123016357422,1.5,0,72,0.0,0.0,0.0,0,0,0
1780578755.0463479,0,0.3499999940395355,0,0,29,900,423158243,60,77,0.0,0.0,15.582401275634766,28.561870574951172,1,0,0.6000000238418579,0,0,0,0,0,6,0,0,0,8,99,1,0.0,0.0,17.549495697021484,28.40812110900879,1.5,0,72,0.0,0.0,0.0,0,0,0
1780578755.0662515,0,0.3499999940395355,0,0,29,900,423158243,60,77,0.0,0.0,15.582401275634766,28.561870574951172,1,0,0.6000000238418579,0,0,0,0,0,6,0,0,0,8,99,1,0.0,0.0,17.549495697021484,28.408119201660156,1.5,0,72,0.0,0.0,0.0,0,0,0
1780578755.0867682,0,0.3499999940395355,0,0,29,900,423158243,60,77,0.0,0.0,15.582401275634766,28.561870574951172,1,0,0.6000000238418579,0,0,0,0,0,6,0,0,0,8,99,1,0.0,0.0,17.549495697021484,28.408123016357422,1.5,0,72,0.0,0.0,0.0,0,0,0
1780578755.106735,0,0.3499999940395355,0,0,29,900,423158243,60,77,0.0,0.0,15.582401275634766,28.561870574951172,1,0,0.6000000238418579,0,0,0,0,0,6,0,0,0,8,99,1,0.0,0.0,17.549495697021484,28.408123016357422,1.5,0,72,0.0,0.0,0.0,0,0,0
1780578755.1262865,0,0.3499999940395355,0,0,29,900,423158243,60,77,0.0,0.0,15.582401275634766,28.561870574951172,1,0,0.6000000238418579,0,0,0,0,0,6,0,0,0,8,99,1,0.0,0.0,17.549495697021484,28.40812110900879,1.5,0,72,0.0,0.0,0.0,0,0,0
1780578755.1465247,0,0.3499999940395355,0,0,29,900,423158243,60,77,0.0,0.0,15.582401275634766,28.561870574951172,1,0,0.6000000238418579,0,0,0,0,0,6,0,0,0,8,99,1,0.0,0.0,17.549495697021484,28.40812110900879,1.5,0,72,0.0,0.0,0.0,0,0,0
1780578755.1668036,0,0.3499999940395355,0,0,29,900,423158243,60,77,0.0,0.0,15.582401275634766,28.561870574951172,1,0,0.6000000238418579,0,0,0,0,0,6,0,0,0,8,99,1,0.0,0.0,17.549495697021484,28.408123016357422,1.5,0,72,0.0,0.0,0.0,0,0,0
1780578755.1869514,0,0.3499999940395355,0,0,29,900,423158243,60,77,0.0,0.0,15.582401275634766,28.561870574951172,1,0,0.6000000238418579,0,0,0,0,0,6,0,0,0,8,99,1,0.0,0.0,17.549495697021484,28.40812110900879,1.5,0,72,0.0,0.0,0.0,0,0,0
1780578755.2067776,0,0.3499999940395355,0,0,29,900,423158243,60,77,0.0,0.0,15.582401275634766,28.561870574951172,1,0,0.6000000238418579,0,0,0,0,0,6,0,0,0,8,99,1,0.0,0.0,17.549495697021484,28.408123016357422,1.5,0,72,0.0,0.0,0.0,0,0,0
1780578755.2267706,0,0.3499999940395355,0,0,29,900,423158243,60,77,0.0,0.0,15.582401275634766,28.561870574951172,1,0,0.6000000238418579,0,0,0,0,0,6,0,0,0,8,99,1,0.0,0.0,17.549495697021484,28.408119201660156,1.5,0,72,0.0,0.0,0.0,0,0,0
1780578755.2467248,0,0.3499999940395355,0,0,29,900,423158243,60,77,0.0,0.0,15.582401275634766,28.561870574951172,1,0,0.6000000238418579,0,0,0,0,0,6,0,0,0,8,99,1,0.0,0.0,17.549495697021484,28.408123016357422,1.5,0,72,0.0,0.0,0.0,0,0,0
1780578755.2663274,0,0.3499999940395355,0,0,29,900,423158243,60,77,0.0,0.0,15.582401275634766,28.561870574951172,1,0,0.6000000238418579,0,0,0,0,0,6,0,0,0,8,99,1,0.0,0.0,17.549495697021484,28.408123016357422,1.5,0,72,0.0,0.0,0.0,0,0,0
1780578755.2869217,0,0.3499999940395355,0,0,29,900,423158243,60,77,0.0,0.0,15.582401275634766,28.561870574951172,1,0,0.6000000238418579,0,0,0,0,0,6,0,0,0,8,99,1,0.0,0.0,17.549495697021484,28.40812110900879,1.5,0,72,0.0,0.0,0.0,0,0,0
1780578755.3068068,0,0.3499999940395355,0,0,29,900,423158243,60,77,0.0,0.0,15.582401275634766,28.561870574951172,1,0,0.6000000238418579,0,0,0,0,0,6,0,0,0,8,99,1,0.0,0.0,17.549495697021484,28.408123016357422,1.5,0,72,0.0,0.0,0.0,0,0,0
1780578755.326604,0,0.3499999940395355,0,0,29,900,423158243,60,77,0.0,0.0,15.582401275634766,28.561870574951172,1,0,0.6000000238418579,0,0,0,0,0,6,0,0,0,8,99,1,0.0,0.0,17.549495697021484,28.40812110900879,1.5,0,72,0.0,0.0,0.0,0,0,0
1780578755.3472402,0,0.3499999940395355,0,0,29,900,423158243,60,77,0.0,0.0,15.582401275634766,28.561870574951172,1,0,0.6000000238418579,0,0,0,0,0,6,0,0,0,8,99,1,0.0,0.0,17.549495697021484,28.408119201660156,1.5,0,72,0.0,0.0,0.0,0,0,0
1780578755.3668425,0,0.3499999940395355,0,0,29,900,423158243,60,77,0.0,0.0,15.582401275634766,28.561870574951172,1,0,0.6000000238418579,0,0,0,0,0,6,0,0,0,8,99,1,0.0,0.0,17.549495697021484,28.408123016357422,1.5,0,72,0.0,0.0,0.0,0,0,0
1780578755.3866198,0,0.3499999940395355,0,0,29,900,423158243,60,77,0.0,0.0,15.582401275634766,28.561870574951172,1,0,0.6000000238418579,0,0,0,0,0,6,0,0,0,8,99,1,0.0,0.0,17.549495697021484,28.408123016357422,1.5,0,72,0.0,0.0,0.0,0,0,0
1780578755.4063647,0,0.3499999940395355,0,0,29,900,423158243,60,77,0.0,0.0,15.582401275634766,28.561870574951172,1,0,0.6000000238418579,0,0,0,0,0,6,0,0,0,8,99,1,0.0,0.0,17.549495697021484,28.40812110900879,1.5,0,72,0.0,0.0,0.0,0,0,0
1780578755.4262505,0,0.3499999940395355,0,0,29,900,423158243,60,77,0.0,0.0,15.582401275634766,28.561870574951172,1,0,0.6000000238418579,0,0,0,0,0,6,0,0,0,8,99,1,0.0,0.0,17.549495697021484,28.40812110900879,1.5,0,72,0.0,0.0,0.0,0,0,0
1780578755.4470787,0,0.3499999940395355,0,0,29,900,423158243,60,77,0.0,0.0,15.582401275634766,28.561870574951172,1,0,0.6000000238418579,0,0,0,0,0,6,0,0,0,8,99,1,0.0,0.0,17.549495697021484,28.40812110900879,1.5,0,72,0.0,0.0,0.0,0,0,0
1780578755.4668744,0,0.3499999940395355,0,0,29,900,423158243,60,77,0.0,0.0,15.582401275634766,28.561870574951172,1,0,0.6000000238418579,0,0,0,0,0,6,0,0,0,8,99,1,0.0,0.0,17.549495697021484,28.408119201660156,1.5,0,72,0.0,0.0,0.0,0,0,0
1780578755.4867702,0,0.3499999940395355,0,0,29,900,423158243,60,77,0.0,0.0,15.582401275634766,28.561870574951172,1,0,0.6000000238418579,0,0,0,0,0,6,0,0,0,8,99,1,0.0,0.0,17.549495697021484,28.408119201660156,1.5,0,72,0.0,0.0,0.0,0,0,0
1780578755.5068018,0,0.3499999940395355,0,0,29,900,423158243,60,77,0.0,0.0,15.582401275634766,28.561870574951172,1,0,0.6000000238418579,0,0,0,0,0,6,0,0,0,8,99,1,0.0,0.0,17.549495697021484,28.408123016357422,1.5,0,72,0.0,0.0,0.0,0,0,0
1780578755.5267434,0,0.3499999940395355,0,0,29,900,423158243,60,77,0.0,0.0,15.582401275634766,28.561870574951172,1,0,0.6000000238418579,0,0,0,0,0,6,0,0,0,8,99,1,0.0,0.0,17.549495697021484,28.408123016357422,1.5,0,72,0.0,0.0,0.0,0,0,0
1780578755.546322,0,0.3499999940395355,0,0,29,900,423158243,60,77,0.0,0.0,15.582401275634766,28.561870574951172,1,0,0.6000000238418579,0,0,0,0,0,6,0,0,0,8,99,1,0.0,0.0,17.549495697021484,28.40812110900879,1.5,0,72,0.0,0.0,0.0,0,0,0
1780578755.5669062,0,0.3499999940395355,0,0,29,900,423158243,60,77,0.0,0.0,15.582401275634766,28.561870574951172,1,0,0.6000000238418579,0,0,0,0,0,6,0,0,0,8,99,1,0.0,0.0,17.549495697021484,28.408123016357422,1.5,0,72,0.0,0.0,0.0,0,0,0
1780578755.5867746,0,0.3499999940395355,0,0,29,900,423158243,60,77,0.0,0.0,15.582401275634766,28.561870574951172,1,0,0.6000000238418579,0,0,0,0,0,6,0,0,0,8,99,1,0.0,0.0,17.549495697021484,28.40812110900879,1.5,0,72,0.0,0.0,0.0,0,0,0
1780578755.606831,0,0.3499999940395355,0,0,29,900,423158243,60,77,0.0,0.0,15.582401275634766,28.561870574951172,1,0,0.6000000238418579,0,0,0,0,0,6,0,0,0,8,99,1,0.0,0.0,17.549495697021484,28.40812110900879,1.5,0,72,0.0,0.0,0.0,0,0,0
1780578755.6269052,0,0.3499999940395355,0,0,29,900,423158243,60,77,0.0,0.0,15.582401275634766,28.561870574951172,1,0,0.6000000238418579,0,0,0,0,0,6,0,0,0,8,99,1,0.0,0.0,17.549495697021484,28.40812110900879,1.5,0,72,0.0,0.0,0.0,0,0,0
1780578755.6477828,0,0.3499999940395355,0,0,29,900,423158243,60,77,0.0,0.0,15.582401275634766,28.561870574951172,1,0,0.6000000238418579,0,0,0,0,0,6,0,0,0,8,99,1,0.0,0.0,17.549495697021484,28.408119201660156,1.5,0,72,0.0,0.0,0.0,0,0,0
1780578755.6672232,0,0.3499999940395355,0,0,29,900,423158243,60,77,0.0,0.0,15.582401275634766,28.561870574951172,1,0,0.6000000238418579,0,0,0,0,0,6,0,0,0,8,99,1,0.0,0.0,17.549495697021484,28.408123016357422,1.5,0,72,0.0,0.0,0.0,0,0,0
1780578755.686574,0,0.3499999940395355,0,0,29,900,423158243,60,77,0.0,0.0,15.582401275634766,28.561870574951172,1,0,0.6000000238418579,0,0,0,0,0,6,0,0,0,8,99,1,0.0,0.0,17.549495697021484,28.40812110900879,1.5,0,72,0.0,0.0,0.0,0,0,0
1780578755.7068923,0,0.3499999940395355,0,0,29,900,423158243,60,77,0.0,0.0,15.582401275634766,28.561870574951172,1,0,0.6000000238418579,0,0,0,0,0,6,0,0,0,8,99,1,0.0,0.0,17.549495697021484,28.40812110900879,1.5,0,72,0.0,0.0,0.0,0,0,0
1780578755.7268796,0,0.3499999940395355,0,0,29,900,423158243,60,77,0.0,0.0,15.582401275634766,28.561870574951172,1,0,0.6000000238418579,0,0,0,0,0,6,0,0,0,8,99,1,0.0,0.0,17.549495697021484,28.40812110900879,1.5,0,72,0.0,0.0,0.0,0,0,0
1780578755.7466853,0,0.3499999940395355,0,0,29,900,423158243,60,77,0.0,0.0,15.582401275634766,28.561870574951172,1,0,0.6000000238418579,0,0,0,0,0,6,0,0,0,8,99,1,0.0,0.0,17.549495697021484,28.40812110900879,1.5,0,72,0.0,0.0,0.0,0,0,0
1780578755.7667923,0,0.3499999940395355,0,0,29,900,423158243,60,77,0.0,0.0,15.582401275634766,28.561870574951172,1,0,0.6000000238418579,0,0,0,0,0,6,0,0,0,8,99,1,0.0,0.0,17.549495697021484,28.40812110900879,1.5,0,72,0.0,0.0,0.0,0,0,0
1780578755.7867763,0,0.3499999940395355,0,0,29,900,423158243,60,77,0.0,0.0,15.582401275634766,28.561870574951172,1,0,0.6000000238418579,0,0,0,0,0,6,0,0,0,8,99,1,0.0,0.0,17.549495697021484,28.408119201660156,1.5,0,72,0.0,0.0,0.0,0,0,0
1780578755.8066735,0,0.3499999940395355,0,0,29,900,423158243,60,77,0.0,0.0,15.582401275634766,28.561870574951172,1,0,0.6000000238418579,0,0,0,0,0,6,0,0,0,8,99,1,0.0,0.0,17.549495697021484,28.408123016357422,1.5,0,72,0.0,0.0,0.0,0,0,0
1780578755.8267267,0,0.3499999940395355,0,0,29,900,423158243,60,77,0.0,0.0,15.582401275634766,28.561870574951172,1,0,0.6000000238418579,0,0,0,0,0,6,0,0,0,8,99,1,0.0,0.0,17.549495697021484,28.408123016357422,1.5,0,72,0.0,0.0,0.0,0,0,0
1780578755.8466258,0,0.3499999940395355,0,0,29,900,423158243,60,77,0.0,0.0,15.582401275634766,28.561870574951172,1,0,0.6000000238418579,0,0,0,0,0,6,0,0,0,8,99,1,0.0,0.0,17.549495697021484,28.40812110900879,1.5,0,72,0.0,0.0,0.0,0,0,0
1780578755.8671196,0,0.3499999940395355,0,0,29,900,423158243,60,77,0.0,0.0,15.582401275634766,28.561870574951172,1,0,0.6000000238418579,0,0,0,0,0,8,0,0,0,8,99,1,0.0,0.0,17.549495697021484,28.40812110900879,1.5,0,72,0.0,0.0,0.0,0,0,0
1780578755.886833,0,0.3499999940395355,0,0,29,900,423158243,60,77,0.0,0.0,15.582401275634766,28.561870574951172,0,0,0.6000000238418579,0,0,0,0,0,8,0,0,0,8,99,1,0.0,0.0,17.549495697021484,28.40812110900879,1.5,0,72,0.0,0.0,0.0,0,0,0
1780578755.9066672,0,0.3499999940395355,0,0,29,900,423158243,60,77,0.0,0.0,15.582401275634766,28.561870574951172,0,0,0.6000000238418579,0,0,0,0,0,8,0,0,0,8,99,1,0.0,0.0,17.549495697021484,28.408119201660156,1.5,0,72,0.0,0.0,0.0,0,0,0
1780578755.9259653,0,0.3499999940395355,0,0,29,900,423158243,60,77,0.0,0.0,15.582401275634766,28.561870574951172,0,0,0.6000000238418579,0,0,0,0,0,8,0,0,0,8,99,1,0.0,0.0,17.549495697021484,28.40812110900879,1.5,0,72,0.0,0.0,0.0,0,0,0
1780578755.9457285,0,0.3499999940395355,0,0,29,900,423158243,60,77,0.0,0.0,15.582401275634766,28.561870574951172,0,0,0.6000000238418579,0,0,0,0,0,8,0,0,0,8,99,1,0.0,0.0,17.549495697021484,28.408119201660156,1.5,0,72,0.0,0.0,0.0,0,0,0
1780578755.9654062,0,0.3499999940395355,0,0,29,900,423158243,60,77,0.0,0.0,15.582401275634766,28.561870574951172,0,0,0.6000000238418579,0,0,0,0,0,8,0,0,0,8,99,1,0.0,0.0,17.549495697021484,28.408119201660156,1.5,0,72,0.0,0.0,0.0,0,0,0
1780578755.9852548,0,0.3499999940395355,0,0,29,900,423158243,60,77,0.0,0.0,15.582401275634766,28.561870574951172,0,0,0.6000000238418579,0,0,0,0,0,8,0,0,0,8,99,1,0.0,0.0,17.549495697021484,28.408123016357422,1.5,0,72,0.0,0.0,0.0,0,0,0
1780578756.0062606,0,0.3499999940395355,0,0,29,900,423158243,60,77,0.0,0.0,15.582401275634766,28.561870574951172,0,0,0.6000000238418579,0,0,0,0,0,8,0,0,0,8,99,1,0.0,0.0,17.549495697021484,28.40812110900879,1.5,0,72,0.0,0.0,0.0,0,0,0
1780578756.0263228,0,0.3499999940395355,0,0,29,900,423158243,60,77,0.0,0.0,15.582401275634766,28.561870574951172,0,0,0.6000000238418579,0,0,0,0,0,8,0,0,0,8,99,1,0.0,0.0,17.549495697021484,28.408123016357422,1.5,0,72,0.0,0.0,0.0,0,0,0
1780578756.0456035,0,0.3499999940395355,0,0,29,900,423158243,60,77,0.0,0.0,15.582401275634766,28.561870574951172,0,0,0.6000000238418579,0,0,0,0,0,8,0,0,0,8,99,1,0.0,0.0,17.549495697021484,28.40812110900879,1.5,0,72,0.0,0.0,0.0,0,0,0
1780578756.0653236,0,0.3499999940395355,0,0,29,900,423158243,60,77,0.0,0.0,15.582401275634766,28.561870574951172,0,0,0.6000000238418579,0,0,0,0,0,8,0,0,0,8,99,1,0.0,0.0,17.549495697021484,28.40812110900879,1.5,0,72,0.0,0.0,0.0,0,0,0
1780578756.0853498,0,0.3499999940395355,0,0,29,900,423158243,60,77,0.0,0.0,15.582401275634766,28.561870574951172,0,0,0.6000000238418579,0,0,0,0,0,8,0,0,0,8,99,1,0.0,0.0,17.549495697021484,28.40812110900879,1.5,0,72,0.0,0.0,0.0,0,0,0
1780578756.1050353,0,0.3499999940395355,0,0,29,900,423158243,60,77,0.0,0.0,15.582401275634766,28.561870574951172,0,0,0.6000000238418579,0,0,0,0,0,8,0,0,0,8,99,1,0.0,0.0,17.549495697021484,28.408119201660156,1.5,0,72,0.0,0.0,0.0,0,0,0
1780578756.1253731,0,0.3499999940395355,0,0,29,900,423158243,60,77,0.0,0.0,15.582401275634766,28.561870574951172,0,0,0.6000000238418579,0,0,0,0,0,8,0,0,0,8,99,1,0.0,0.0,17.549495697021484,28.408119201660156,1.5,0,72,0.0,0.0,0.0,0,0,0
1780578756.145313,0,0.3499999940395355,0,0,29,900,423158243,60,77,0.0,0.0,15.582401275634766,28.561870574951172,0,0,0.6000000238418579,0,0,0,0,0,8,0,0,0,8,99,1,0.0,0.0,17.549495697021484,28.408123016357422,1.5,0,72,0.0,0.0,0.0,0,0,0
1780578756.1651056,0,0.3499999940395355,0,0,29,900,423158243,60,77,0.0,0.0,15.582401275634766,28.561870574951172,0,0,0.6000000238418579,0,0,0,0,0,8,0,0,0,8,99,1,0.0,0.0,17.549495697021484,28.408119201660156,1.5,0,72,0.0,0.0,0.0,0,0,0
1780578756.184646,0,0.3499999940395355,0,0,29,900,423158243,60,77,0.0,0.0,15.582401275634766,28.561870574951172,0,0,0.6000000238418579,0,0,0,0,0,8,0,0,0,8,99,1,0.0,0.0,17.549495697021484,28.408123016357422,1.5,0,72,0.0,0.0,0.0,0,0,0
1780578756.2053332,0,0.3499999940395355,0,0,29,900,423158243,60,77,0.0,0.0,15.582401275634766,28.561870574951172,0,0,0.6000000238418579,0,0,0,0,0,8,0,0,0,8,99,1,0.0,0.0,17.549495697021484,28.40812110900879,1.5,0,72,0.0,0.0,0.0,0,0,0
1780578756.224999,0,0.3499999940395355,0,0,29,900,423158243,60,77,0.0,0.0,15.582401275634766,28.561870574951172,0,0,0.6000000238418579,0,0,0,0,0,8,0,0,0,8,99,1,0.0,0.0,17.549495697021484,28.40812110900879,1.5,0,72,0.0,0.0,0.0,0,0,0
