timestamp,attackDown,attackDuration,attackForward,attackUp,bossHp,bossMaxHp,bossScene,bossState,bossStateAmount,bvx,bvy,bx,by,canCast,casting,dashCoolDown,dashing,doubleJumping,facingRight,falling,focusing,hp,invulnerable,isAttacking,jumping,maxHp,maxSoul,onGround,pvx,pvy,px,py,shadowDashCoolDown,shadowDashing,soul,gp_axis_left_x,gp_axis_left_y,gp_trigger_right,gp_btn_a,gp_btn_b,gp_btn_x
1780683309.0254219,0,0.3499999940395355,0,0,900,900,423158243,73,77,0.0,0.0,31.1200008392334,44.59476089477539,1,0,0.6000000238418579,0,0,1,0,0,8,0,0,0,8,99,1,0.0,0.0,22.540000915527344,28.40812110900879,1.5,0,0,1.0,0.0,0.0,0,0,0
1780683309.0452206,0,0.3499999940395355,0,0,900,900,423158243,73,77,0.0,0.0,31.1200008392334,44.59476089477539,1,0,0.6000000238418579,0,0,1,0,0,8,0,0,0,8,99,1,0.0,0.0,22.540000915527344,28.40812110900879,1.5,0,0,1.0,-1.0,0.0,0,0,0
1780683309.065183,0,0.3499999940395355,0,0,900,900,423158243,73,77,0.0,0.0,31.1200008392334,44.59476089477539,1,0,0.6000000238418579,0,0,1,0,0,8,0,0,0,8,99,1,8.300000190734863,0.0,22.629283905029297,28.40812110900879,1.5,0,0,1.0,-1.0,0.0,0,0,0
1780683309.0854445,0,0.3499999940395355,0,0,900,900,423158243,73,77,0.0,0.0,31.1200008392334,44.59476089477539,1,0,0.6000000238418579,0,0,1,0,0,8,0,0,0,8,99,1,8.300000190734863,0.0,22.795284271240234,28.40812110900879,1.5,0,0,1.0,-1.0,0.0,0,0,0
1780683309.105616,0,0.3499999940395355,0,0,900,900,423158243,73,77,0.0,0.0,31.1200008392334,44.59476089477539,1,0,0.6000000238418579,0,0,1,0,0,8,0,0,0,8,99,1,8.300000190734863,0.0,22.961284637451172,28.40812110900879,1.5,0,0,1.0,0.0,0.0,0,0,0
1780683309.125332,0,0.3499999940395355,0,0,900,900,423158243,73,77,0.0,0.0,31.1200008392334,44.59476089477539,1,0,0.6000000238418579,0,0,1,0,0,8,0,0,0,8,99,1,8.300000190734863,0.0,23.127368927001953,28.40812110900879,1.5,0,0,1.0,0.0,0.0,0,0,0
1780683309.1449716,0,0.3499999940395355,0,0,900,900,423158243,73,77,0.0,0.0,31.1200008392334,44.59476089477539,1,0,0.6000000238418579,0,0,1,0,0,8,0,0,0,8,99,1,8.300000190734863,0.0,23.29336929321289,28.40812110900879,1.5,0,0,1.0,0.0,0.0,0,0,0
1780683309.1650438,0,0.3499999940395355,0,0,900,900,423158243,73,77,0.0,0.0,31.1200008392334,44.59476089477539,1,0,0.6000000238418579,0,0,1,0,0,8,0,0,0,8,99,1,8.300000190734863,0.0,23.459369659423828,28.40812110900879,1.5,0,0,1.0,0.0,0.0,0,0,0
1780683309.18543,0,0.3499999940395355,0,0,900,900,423158243,73,77,0.0,0.0,31.1200008392334,44.59476089477539,1,0,0.6000000238418579,0,0,1,0,0,8,0,0,0,8,99,1,8.300000190734863,0.0,23.625289916992188,28.40812110900879,1.5,0,0,1.0,0.0,0.0,0,0,0
1780683309.2051048,0,0.3499999940395355,0,0,900,900,423158243,73,77,0.0,0.0,31.1200008392334,44.59476089477539,1,0,0.6000000238418579,0,0,1,0,0,8,0,0,0,8,99,1,8.300000190734863,0.0,23.791284561157227,28.40812110900879,1.5,0,0,1.0,0.0,0.0,0,0,0
1780683309.2249675,0,0.3499999940395355,0,0,900,900,423158243,73,77,0.0,0.0,31.1200008392334,44.59476089477539,1,0,0.6000000238418579,0,0,1,0,0,8,0,0,0,8,99,1,8.300000190734863,0.0,23.957366943359375,28.40812110900879,1.5,0,0,1.0,0.0,0.0,0,0,0
1780683309.2447824,0,0.3499999940395355,0,0,900,900,423158243,73,77,0.0,0.0,31.1200008392334,44.59476089477539,1,0,0.6000000238418579,0,0,1,0,0,8,0,0,0,8,99,1,8.300000190734863,0.0,24.123363494873047,28.40812110900879,1.5,0,0,1.0,0.0,0.0,0,0,0
1780683309.2648015,0,0.3499999940395355,0,0,900,900,423158243,73,77,0.0,0.0,31.1200008392334,44.59476089477539,1,0,0.6000000238418579,0,0,1,0,0,8,0,0,0,8,99,1,8.300000190734863,0.0,24.28936004638672,28.40812110900879,1.5,0,0,1.0,0.0,0.0,0,0,0
1780683309.2848644,0,0.3499999940395355,0,0,900,900,423158243,73,77,0.0,0.0,31.1200008392334,44.59476089477539,1,0,0.6000000238418579,0,0,1,0,0,8,0,0,0,8,99,1,8.300000190734863,0.0,24.455358505249023,28.40812110900879,1.5,0,0,1.0,0.0,0.0,0,0,0
1780683309.3047736,0,0.3499999940395355,0,0,900,900,423158243,73,77,0.0,0.0,31.1200008392334,44.59476089477539,1,0,0.6000000238418579,0,0,1,0,0,8,0,0,0,8,99,1,8.300000190734863,0.0,24.621356964111328,28.40812110900879,1.5,0,0,1.0,0.0,0.0,0,0,0
1780683309.3250058,0,0.3499999940395355,0,0,900,900,423158243,73,77,0.0,0.0,31.1200008392334,44.59476089477539,1,0,0.6000000238418579,0,0,1,0,0,8,0,0,0,8,99,1,8.300000190734863,0.0,24.787357330322266,28.40812110900879,1.5,0,0,1.0,0.0,0.0,0,0,0
1780683309.345141,0,0.3499999940395355,0,0,900,900,423158243,73,77,0.0,0.0,31.1200008392334,44.59476089477539,1,0,0.6000000238418579,0,0,1,0,0,8,0,0,0,8,99,1,8.300000190734863,0.0,24.953357696533203,28.40812110900879,1.5,0,0,1.0,0.0,0.0,0,0,0
1780683309.3649006,0,0.3499999940395355,0,0,900,900,423158243,73,77,0.0,0.0,31.1200008392334,44.59476089477539,1,0,0.6000000238418579,0,0,1,0,0,8,0,0,0,8,99,1,8.300000190734863,0.0,25.119369506835938,28.40812110900879,1.5,0,0,1.0,0.0,0.0,0,0,0
1780683309.3854983,0,0.3499999940395355,0,0,900,900,423158243,73,77,0.0,0.0,31.1200008392334,44.59476089477539,1,0,0.6000000238418579,0,0,1,0,0,8,0,0,0,8,99,1,8.300000190734863,0.0,25.285369873046875,28.40812110900879,1.5,0,0,1.0,0.0,0.0,0,0,0
1780683309.405096,0,0.3499999940395355,0,0,900,900,423158243,73,77,0.0,0.0,31.1200008392334,44.59476089477539,1,0,0.6000000238418579,0,0,1,0,0,8,0,0,0,8,99,1,8.300000190734863,0.0,25.451370239257812,28.40812110900879,1.5,0,0,1.0,0.0,0.0,0,0,0
1780683309.4250011,0,0.3499999940395355,0,0,900,900,423158243,73,77,0.0,0.0,31.1200008392334,44.59476089477539,1,0,0.6000000238418579,0,0,1,0,0,8,0,0,0,8,99,1,8.300000190734863,0.0,25.61737060546875,28.40812110900879,1.5,0,0,1.0,0.0,0.0,0,0,0
1780683309.4451418,0,0.3499999940395355,0,0,900,900,423158243,73,77,0.0,0.0,31.1200008392334,44.59476089477539,1,0,0.6000000238418579,0,0,1,0,0,8,0,0,0,8,99,1,8.300000190734863,0.0,25.783370971679688,28.40812110900879,1.5,0,0,1.0,0.0,0.0,0,0,0
1780683309.464948,0,0.3499999940395355,0,0,900,900,423158243,73,77,0.0,0.0,31.1200008392334,44.59476089477539,1,0,0.6000000238418579,0,0,1,0,0,8,0,0,0,8,99,1,8.300000190734863,0.0,25.949369430541992,28.40812110900879,1.5,0,0,1.0,0.0,0.0,0,0,0
1780683309.4851878,0,0.3499999940395355,0,0,900,900,423158243,73,77,0.0,0.0,31.1200008392334,44.59476089477539,1,0,0.6000000238418579,0,0,1,0,0,8,0,0,0,8,99,1,8.300000190734863,0.0,26.11528778076172,28.40812110900879,1.5,0,0,1.0,0.0,0.0,0,0,0
1780683309.5047946,0,0.3499999940395355,0,0,900,900,423158243,73,77,0.0,0.0,31.1200008392334,44.59476089477539,1,0,0.6000000238418579,0,0,1,0,0,8,0,0,0,8,99,1,8.300000190734863,0.0,26.281288146972656,28.40812110900879,1.5,0,0,1.0,0.0,0.0,0,0,0
1780683309.5249689,0,0.3499999940395355,0,0,900,900,423158243,73,77,0.0,0.0,31.1200008392334,44.59476089477539,1,0,0.6000000238418579,0,0,1,0,0,8,0,0,0,8,99,1,8.300000190734863,0.0,26.447372436523438,28.40812110900879,1.5,0,0,1.0,0.0,0.0,0,0,0
1780683309.544928,0,0.3499999940395355,0,0,900,900,423158243,73,77,0.0,0.0,31.1200008392334,44.59476089477539,1,0,0.6000000238418579,0,0,1,0,0,8,0,0,0,8,99,1,8.300000190734863,0.0,26.613372802734375,28.40812110900879,1.5,0,0,1.0,0.0,0.0,0,0,0
1780683309.5649817,0,0.3499999940395355,0,0,900,900,423158243,73,77,0.0,0.0,31.1200008392334,44.59476089477539,1,0,0.6000000238418579,0,0,1,0,0,8,0,0,0,8,99,1,8.300000190734863,0.0,26.779369354248047,28.40812110900879,1.5,0,0,1.0,0.0,0.0,0,0,0
1780683309.5854194,0,0.3499999940395355,0,0,900,900,423158243,73,77,0.0,0.0,31.1200008392334,44.59476089477539,1,0,0.6000000238418579,0,0,1,0,0,8,0,0,0,8,99,1,8.300000190734863,0.0,26.945289611816406,28.40812110900879,1.5,0,0,1.0,0.0,0.0,0,0,0
1780683309.6048822,0,0.3499999940395355,0,0,900,900,423158243,73,77,0.0,0.0,31.1200008392334,44.59476089477539,1,0,0.6000000238418579,0,0,1,0,0,8,0,0,0,8,99,1,8.300000190734863,0.0,27.11128807067871,28.40812110900879,1.5,0,0,1.0,0.0,0.0,0,0,0
1780683309.6253176,0,0.3499999940395355,0,0,900,900,423158243,74,77,0.0,0.0,31.1200008392334,44.59476089477539,1,0,0.6000000238418579,0,0,1,0,0,8,0,0,0,8,99,1,8.300000190734863,0.0,27.27737045288086,28.40812110900879,1.5,0,0,1.0,0.0,0.0,0,0,0
1780683309.6450927,0,0.3499999940395355,0,0,900,900,423158243,74,77,0.0,-1.7999992370605469,31.1200008392334,44.55876159667969,1,0,0.6000000238418579,0,0,1,0,0,8,0,0,0,8,99,1,8.300000190734863,0.0,27.443370819091797,28.40812110900879,1.5,0,0,1.0,0.0,0.0,0,0,0
1780683309.6650202,0,0.3499999940395355,0,0,900,900,423158243,74,77,0.0,-3.5999984741210938,31.1200008392334,44.48676300048828,1,0,0.6000000238418579,0,0,1,0,0,8,0,0,0,8,99,1,8.300000190734863,0.0,27.609371185302734,28.40812110900879,1.5,0,0,1.0,0.0,0.0,0,0,0
1780683309.6852393,0,0.3499999940395355,0,0,900,900,423158243,74,77,0.0,-5.399997711181641,31.1200008392334,44.378761291503906,1,0,0.6000000238418579,0,0,1,0,0,8,0,0,0,8,99,1,8.300000190734863,0.0,27.775371551513672,28.40812110900879,1.5,0,0,0.0,0.0,0.0,0,0,0
1780683309.7052574,0,0.3499999940395355,0,0,900,900,423158243,74,77,0.0,-7.1999969482421875,31.1200008392334,44.23476028442383,1,0,0.6000000238418579,0,0,1,0,0,8,0,0,0,8,99,1,8.300000190734863,0.0,27.941287994384766,28.40812110900879,1.5,0,0,0.0,0.0,0.0,0,0,0
1780683309.7253919,0,0.3499999940395355,0,0,900,900,423158243,74,77,0.0,-8.999996185302734,31.1200008392334,44.05475997924805,1,0,0.6000000238418579,0,0,1,0,0,8,0,0,0,8,99,1,0.0,0.0,28.01801300048828,28.40812110900879,1.5,0,0,0.0,0.0,0.0,0,0,0
1780683309.745099,0,0.3499999940395355,0,0,900,900,423158243,74,77,0.0,-10.799995422363281,31.1200008392334,43.83876037597656,1,0,0.6000000238418579,0,0,1,0,0,8,0,0,0,8,99,1,0.0,0.0,28.01801300048828,28.40812110900879,1.5,0,0,0.0,0.0,0.0,0,0,0
1780683309.765234,0,0.3499999940395355,0,0,900,900,423158243,74,77,0.0,-12.599994659423828,31.1200008392334,43.586761474609375,1,0,0.6000000238418579,0,0,1,0,0,8,0,0,0,8,99,1,0.0,0.0,28.01801300048828,28.40812110900879,1.5,0,0,0.0,0.0,0.0,0,0,0
1780683309.7853515,0,0.3499999940395355,0,0,900,900,423158243,74,77,0.0,-14.399993896484375,31.1200008392334,43.298763275146484,1,0,0.6000000238418579,0,0,1,0,0,8,0,0,0,8,99,1,0.0,0.0,28.01801300048828,28.40812110900879,1.5,0,0,0.0,0.0,0.0,0,0,0
1780683309.8051293,0,0.3499999940395355,0,0,900,900,423158243,74,77,0.0,-16.199993133544922,31.1200008392334,42.974761962890625,1,0,0.6000000238418579,0,0,1,0,0,8,0,0,0,8,99,1,0.0,0.0,28.01801300048828,28.40812110900879,1.5,0,0,0.0,0.0,0.0,0,0,0
1780683309.825121,0,0.3499999940395355,0,0,900,900,423158243,74,77,0.0,-17.99999237060547,31.1200008392334,42.61476135253906,1,0,0.6000000238418579,0,0,1,0,0,8,0,0,0,8,99,1,0.0,0.0,28.01801300048828,28.40812110900879,1.5,0,0,0.0,0.0,0.0,0,0,0
1780683309.8448575,0,0.3499999940395355,0,0,900,900,423158243,74,77,0.0,-19.799991607666016,31.1200008392334,42.2187614440918,1,0,0.6000000238418579,0,0,1,0,0,8,0,0,0,8,99,1,0.0,0.0,28.01801300048828,28.40812110900879,1.5,0,0,0.0,0.0,0.0,0,0,0
1780683309.8647954,0,0.3499999940395355,0,0,900,900,423158243,74,77,0.0,-21.599990844726562,31.1200008392334,41.78676223754883,1,0,0.6000000238418579,0,0,1,0,0,8,0,0,0,8,99,1,0.0,0.0,28.01801300048828,28.40812110900879,1.5,0,0,0.0,0.0,0.0,0,0,0
1780683309.8853073,0,0.3499999940395355,0,0,900,900,423158243,74,77,0.0,-23.39999008178711,31.1200008392334,41.318763732910156,1,0,0.6000000238418579,0,0,1,0,0,8,0,0,0,8,99,1,0.0,0.0,28.01801300048828,28.40812110900879,1.5,0,0,0.0,0.0,0.0,0,0,0
1780683309.9052706,0,0.3499999940395355,0,0,900,900,423158243,74,77,0.0,-25.199989318847656,31.1200008392334,40.81476593017578,1,0,0.6000000238418579,0,0,1,0,0,8,0,0,0,8,99,1,0.0,0.0,28.01801300048828,28.40812110900879,1.5,0,0,0.0,0.0,0.0,0,0,0
1780683309.9251246,0,0.3499999940395355,0,0,900,900,423158243,74,77,0.0,-26.999988555908203,31.1200008392334,40.27476501464844,1,0,0.6000000238418579,0,0,1,0,0,8,0,0,0,8,99,1,0.0,0.0,28.01801300048828,28.40812110900879,1.5,0,0,0.0,0.0,0.0,0,0,0
1780683309.9450257,0,0.3499999940395355,0,0,900,900,423158243,74,77,0.0,-28.79998779296875,31.1200008392334,39.69876480102539,1,0,0.6000000238418579,0,0,1,0,0,8,0,0,0,8,99,1,0.0,0.0,28.01801300048828,28.40812110900879,1.5,0,0,0.0,0.0,0.0,0,0,0
1780683309.965135,0,0.3499999940395355,0,0,900,900,423158243,74,77,0.0,-30.599987030029297,31.1200008392334,39.08676528930664,1,0,0.6000000238418579,0,0,1,0,0,8,0,0,0,8,99,1,0.0,0.0,28.01801300048828,28.40812110900879,1.5,0,0,0.0,0.0,0.0,0,0,0
1780683309.9854016,0,0.3499999940395355,0,0,900,900,423158243,74,77,0.0,-32.399986267089844,31.1200008392334,38.43876647949219,1,0,0.6000000238418579,0,0,1,0,0,8,0,0,0,8,99,1,0.0,0.0,28.01801300048828,28.40812110900879,1.5,0,0,0.0,0.0,0.0,0,0,0
1780683310.0050237,0,0.3499999940395355,0,0,900,900,423158243,74,77,0.0,-34.19998550415039,31.1200008392334,37.75476837158203,1,0,0.6000000238418579,0,0,1,0,0,8,0,0,0,8,99,1,0.0,0.0,28.01801300048828,28.40812110900879,1.5,0,0,0.0,0.0,0.0,0,0,0
1780683310.025279,0,0.3499999940395355,0,0,900,900,423158243,74,77,0.0,-35.99998474121094,31.1200008392334,37.034767150878906,1,0,0.6000000238418579,0,0,1,0,0,8,0,0,0,8,99,1,0.0,0.0,28.01801300048828,28.40812110900879,1.5,0,0,0.0,0.0,0.0,0,0,0
1780683310.0452557,0,0.3499999940395355,0,0,900,900,423158243,74,77,0.0,-37.799983978271484,31.1200008392334,36.27876663208008,1,0,0.6000000238418579,0,0,1,0,0,8,0,0,0,8,99,1,0.0,0.0,28.01801300048828,28.40812110900879,1.5,0,0,0.0,0.0,0.0,0,0,0
1780683310.0652814,0,0.3499999940395355,0,0,900,900,423158243,74,77,0.0,-39.59998321533203,31.1200008392334,35.48676681518555,1,0,0.6000000238418579,0,0,1,0,0,8,0,0,0,8,99,1,0.0,0.0,28.01801300048828,28.40812110900879,1.5,0,0,0.0,0.0,0.0,0,0,0
1780683310.085395,0,0.3499999940395355,0,0,900,900,423158243,74,77,0.0,-41.39998245239258,31.1200008392334,34.65876770019531,1,0,0.6000000238418579,0,0,1,0,0,8,0,0,0,8,99,1,0.0,0.0,28.01801300048828,28.40812110900879,1.5,0,0,0.0,0.0,0.0,0,0,0
1780683310.1051733,0,0.3499999940395355,0,0,900,900,423158243,74,77,0.0,-43.199981689453125,31.1200008392334,33.794769287109375,1,0,0.6000000238418579,0,0,1,0,0,8,0,0,0,8,99,1,0.0,0.0,28.01801300048828,28.40812110900879,1.5,0,0,0.0,0.0,0.0,0,0,0
1780683310.1251845,0,0.3499999940395355,0,0,900,900,423158243,74,77,0.0,-44.99998092651367,31.1200008392334,32.894771575927734,1,0,0.6000000238418579,0,0,1,0,0,8,0,0,0,8,99,1,0.0,0.0,28.01801300048828,28.40812110900879,1.5,0,0,0.0,0.0,0.0,0,0,0
1780683310.1551692,0,0.3499999940395355,0,0,900,900,423158243,74,77,0.0,-46.79998016357422,31.1200008392334,31.958770751953125,1,0,0.6000000238418579,0,0,1,0,0,8,0,0,0,8,99,1,0.0,0.0,28.018014907836914,28.40812110900879,1.5,0,0,0.0,0.0,0.0,0,0,0
1780683310.1750786,0,0.3499999940395355,0,0,900,900,423158243,74,77,0.0,-48.599979400634766,31.1200008392334,30.986770629882812,1,0,0.6000000238418579,0,0,1,0,0,8,0,0,0,8,99,1,0.0,0.0,28.01801300048828,28.40812110900879,1.5,0,0,0.0,0.0,0.0,0,0,0
1780683310.1940463,0,0.3499999940395355,0,0,900,900,423158243,74,77,0.0,-50.39997863769531,31.1200008392334,29.978771209716797,1,0,0.6000000238418579,0,0,1,0,0,8,0,0,0,8,99,1,0.0,0.0,28.01801300048828,28.40812110900879,1.5,0,0,0.0,0.0,0.0,0,0,0
1780683310.2128415,0,0.3499999940395355,0,0,900,900,423158243,74,77,0.0,-52.19997787475586,31.1200008392334,28.934772491455078,1,0,0.6000000238418579,0,0,1,0,0,8,0,0,0,8,99,1,0.0,0.0,28.01801300048828,28.40812110900879,1.5,0,0,0.0,0.0,0.0,0,0,0
1780683310.2319913,0,0.3499999940395355,0,0,900,900,423158243,75,77,0.0,0.0,31.1200008392334,28.56183433532715,1,0,0.6000000238418579,0,0,1,0,0,8,0,0,0,8,99,1,0.0,0.0,28.01801300048828,28.40812110900879,1.5,0,0,0.0,0.0,0.0,0,0,0
1780683310.2502732,0,0.3499999940395355,0,0,900,900,423158243,75,77,0.0,0.0,31.1200008392334,28.561847686767578,1,0,0.6000000238418579,0,0,1,0,0,8,0,0,0,8,99,1,0.0,0.0,28.01801300048828,28.40812110900879,1.5,0,0,0.0,0.0,0.0,0,0,0
1780683310.2694576,0,0.3499999940395355,0,0,900,900,423158243,75,77,0.0,0.0,31.1200008392334,28.561857223510742,1,0,0.6000000238418579,0,0,1,0,0,8,0,0,0,8,99,1,0.0,0.0,28.01801300048828,28.40812110900879,1.5,0,0,0.0,0.0,0.0,0,0,0
1780683310.288431,0,0.3499999940395355,0,0,900,900,423158243,75,77,0.0,0.0,31.1200008392334,28.56186294555664,1,0,0.6000000238418579,0,0,1,0,0,8,0,0,0,8,99,1,0.0,0.0,28.01801300048828,28.40812110900879,1.5,0,0,1.0,-1.0,0.0,0,0,0
1780683310.3073485,0,0.3499999940395355,0,0,900,900,423158243,75,77,0.0,0.0,31.1200008392334,28.561866760253906,1,0,0.6000000238418579,0,0,1,0,0,8,0,0,0,8,99,1,0.0,0.0,28.01801300048828,28.40812110900879,1.5,0,0,1.0,-1.0,0.0,0,0,0
1780683310.3265817,0,0.3499999940395355,0,0,900,900,423158243,75,77,0.0,0.0,31.1200008392334,28.561870574951172,1,0,0.6000000238418579,0,0,1,0,0,8,0,0,0,8,99,1,0.0,0.0,28.01801300048828,28.40812110900879,1.5,0,0,1.0,-1.0,0.0,0,0,0
1780683310.345658,0,0.3499999940395355,0,0,900,900,423158243,75,77,0.0,0.0,31.1200008392334,28.561870574951172,1,0,0.6000000238418579,0,0,1,0,0,8,0,0,0,8,99,1,8.300000190734863,0.0,28.107391357421875,28.40812110900879,1.5,0,0,1.0,-1.0,0.0,0,0,1
1780683310.3650389,0,0.3499999940395355,1,0,900,900,423158243,75,77,0.0,0.0,31.1200008392334,28.561870574951172,0,0,0.6000000238418579,0,0,1,0,0,8,0,1,0,8,99,1,8.300000190734863,0.0,28.273387908935547,28.40812110900879,1.5,0,0,1.0,-1.0,0.0,0,0,1
1780683310.38505,0,0.3499999940395355,1,0,900,900,423158243,75,77,0.0,0.0,31.1200008392334,28.561870574951172,0,0,0.6000000238418579,0,0,1,0,0,8,0,1,0,8,99,1,8.300000190734863,0.0,28.43938446044922,28.40812110900879,1.5,0,0,1.0,-1.0,0.0,0,0,1
1780683310.4049284,0,0.3499999940395355,1,0,900,900,423158243,75,77,0.0,0.0,31.1200008392334,28.561870574951172,0,0,0.6000000238418579,0,0,1,0,0,8,0,1,0,8,99,1,-3.75,0.0,28.60537338256836,28.40812110900879,1.5,0,0,1.0,-1.0,0.0,0,0,1
1780683310.4247828,0,0.3499999940395355,1,0,900,900,423158243,75,77,0.0,0.0,31.1200008392334,28.561870574951172,0,0,0.6000000238418579,0,0,1,0,0,8,0,1,0,8,99,1,-3.75,0.0,28.641643524169922,28.40812110900879,1.5,0,0,1.0,-1.0,0.0,0,0,1
1780683310.4449844,0,0.3499999940395355,1,0,900,900,423158243,75,77,0.0,0.0,31.1200008392334,28.561870574951172,0,0,0.6000000238418579,0,0,1,0,0,8,0,1,0,8,99,1,-3.75,0.0,28.56664276123047,28.40812110900879,1.5,0,0,1.0,-1.0,0.0,0,0,1
1780683310.4652123,0,0.3499999940395355,1,0,900,900,423158243,68,77,0.0,0.0,31.1200008392334,28.561870574951172,0,0,0.6000000238418579,0,0,1,0,0,8,0,1,0,8,99,1,-3.75,0.0,28.49164390563965,28.40812110900879,1.5,0,0,1.0,-1.0,0.0,0,0,1
1780683310.4849825,0,0.3499999940395355,1,0,900,900,423158243,68,77,0.0,0.0,31.1200008392334,28.561870574951172,1,0,0.6000000238418579,0,0,1,0,0,8,0,1,0,8,99,1,-3.75,0.0,28.416645050048828,28.40812110900879,1.5,0,0,1.0,-1.0,0.0,0,0,0
1780683310.5049756,0,0.3499999940395355,1,0,900,900,423158243,68,77,0.0,0.0,31.1200008392334,28.561870574951172,1,0,0.6000000238418579,0,0,1,0,0,8,0,1,0,8,99,1,-3.75,0.0,28.3416805267334,28.40812110900879,1.5,0,0,1.0,-1.0,0.0,0,0,0
1780683310.5252805,0,0.3499999940395355,1,0,900,900,423158243,68,77,0.0,0.0,31.1200008392334,28.561870574951172,1,0,0.6000000238418579,0,0,1,0,0,8,0,1,0,8,99,1,-3.75,0.0,28.266681671142578,28.40812110900879,1.5,0,0,1.0,-1.0,0.0,0,0,0
1780683310.5450664,0,0.3499999940395355,1,0,900,900,423158243,68,77,0.0,0.0,31.1200008392334,28.561870574951172,1,0,0.6000000238418579,0,0,1,0,0,8,0,1,0,8,99,1,-3.75,0.0,28.19164276123047,28.40812110900879,1.5,0,0,0.0,0.0,0.0,0,0,0
1780683310.5648227,0,0.3499999940395355,1,0,900,900,423158243,68,77,0.0,0.0,31.1200008392334,28.561870574951172,1,0,0.6000000238418579,0,0,1,0,0,8,0,1,0,8,99,1,-3.75,0.0,28.116641998291016,28.40812110900879,1.5,0,0,0.0,0.0,0.0,0,0,0
1780683310.584821,0,0.3499999940395355,1,0,900,900,423158243,68,77,0.0,0.0,31.1200008392334,28.561870574951172,1,0,0.6000000238418579,0,0,1,0,0,8,0,1,0,8,99,1,-3.75,0.0,28.041677474975586,28.40812110900879,1.5,0,0,0.0,0.0,0.0,0,0,0
1780683310.6050904,0,0.3499999940395355,1,0,900,900,423158243,68,77,0.0,0.0,31.1200008392334,28.561870574951172,1,0,0.6000000238418579,0,0,1,0,0,8,0,1,0,8,99,1,0.0,0.0,28.007007598876953,28.40812110900879,1.5,0,0,0.0,0.0,0.0,0,0,0
1780683310.6251485,0,0.3499999940395355,1,0,900,900,423158243,68,77,0.0,0.0,31.1200008392334,28.561870574951172,1,0,0.6000000238418579,0,0,1,0,0,8,0,1,0,8,99,1,0.0,0.0,28.007007598876953,28.40812110900879,1.5,0,0,0.0,0.0,0.0,0,0,0
1780683310.6448128,0,0.3499999940395355,1,0,900,900,423158243,68,77,0.0,0.0,31.1200008392334,28.561870574951172,1,0,0.6000000238418579,0,0,1,0,0,8,0,1,0,8,99,1,0.0,0.0,28.007007598876953,28.40812110900879,1.5,0,0,0.0,0.0,0.0,0,0,0
1780683310.6648993,0,0.3499999940395355,1,0,900,900,423158243,68,77,0.0,0.0,31.1200008392334,28.561870574951172,1,0,0.6000000238418579,0,0,1,0,0,8,0,1,0,8,99,1,0.0,0.0,28.007007598876953,28.40812110900879,1.5,0,0,0.0,0.0,0.0,0,0,0
1780683310.6849651,0,0.3499999940395355,1,0,900,900,423158243,68,77,0.0,0.0,31.1200008392334,28.561870574951172,1,0,0.6000000238418579,0,0,1,0,0,8,0,1,0,8,99,1,0.0,0.0,28.007007598876953,28.40812110900879,1.5,0,0,0.0,0.0,0.0,0,0,0
1780683310.7050045,0,0.3499999940395355,1,0,900,900,423158243,68,77,0.0,0.0,31.1200008392334,28.561870574951172,1,0,0.6000000238418579,0,0,1,0,0,8,0,1,0,8,99,1,0.0,0.0,28.007007598876953,28.40812110900879,1.5,0,0,0.0,0.0,0.0,0,0,0
1780683310.725296,0,0.3499999940395355,0,0,900,900,423158243,68,77,0.0,0.0,31.1200008392334,28.561870574951172,1,0,0.6000000238418579,0,0,1,0,0,8,0,0,0,8,99,1,0.0,0.0,28.007007598876953,28.40812110900879,1.5,0,0,0.0,0.0,0.0,0,0,0
1780683310.7448714,0,0.3499999940395355,0,0,900,900,423158243,68,77,0.0,0.0,31.1200008392334,28.561870574951172,1,0,0.6000000238418579,0,0,1,0,0,8,0,0,0,8,99,1,0.0,0.0,28.007007598876953,28.40812110900879,1.5,0,0,1.0,0.0,0.0,0,0,0
1780683310.7648976,0,0.3499999940395355,0,0,900,900,423158243,68,77,0.0,0.0,31.1200008392334,28.561870574951172,1,0,0.6000000238418579,0,0,1,0,0,8,0,0,0,8,99,1,0.0,0.0,28.007007598876953,28.40812110900879,1.5,0,0,1.0,-1.0,0.0,0,0,0
1780683310.7851167,0,0.3499999940395355,0,0,900,900,423158243,68,77,0.0,0.0,31.1200008392334,28.561870574951172,1,0,0.6000000238418579,0,0,1,0,0,8,0,0,0,8,99,1,0.0,0.0,28.007007598876953,28.40812110900879,1.5,0,0,1.0,-1.0,0.0,0,0,1
1780683310.8053312,0,0.3499999940395355,1,0,900,900,423158243,68,77,0.0,0.0,31.1200008392334,28.561870574951172,0,0,0.6000000238418579,0,0,1,0,0,8,0,1,0,8,99,1,8.300000190734863,0.0,28.096332550048828,28.40812110900879,1.5,0,0,1.0,-1.0,0.0,0,0,1
1780683310.8248398,0,0.3499999940395355,1,0,900,900,423158243,68,77,0.0,0.0,31.1200008392334,28.561870574951172,0,0,0.6000000238418579,0,0,1,0,0,8,0,1,0,8,99,1,8.300000190734863,0.0,28.26233673095703,28.40812110900879,1.5,0,0,1.0,-1.0,0.0,0,0,1
1780683310.8450806,0,0.3499999940395355,1,0,879,900,423158243,68,77,0.0,0.0,31.1200008392334,28.561870574951172,0,0,0.6000000238418579,0,0,1,0,0,8,0,1,0,8,99,1,-3.75,0.0,28.428333282470703,28.40812110900879,1.5,0,11,1.0,-1.0,0.0,0,0,1
1780683310.8649304,0,0.3499999940395355,1,0,879,900,423158243,68,77,0.0,0.0,31.420000076293945,28.561870574951172,0,0,0.6000000238418579,0,0,1,0,0,8,0,1,0,8,99,1,-3.75,0.0,28.464651107788086,28.40812110900879,1.5,0,11,1.0,-1.0,0.0,0,0,1
1780683310.8852515,0,0.3499999940395355,1,0,879,900,423158243,68,77,0.0,0.0,31.719999313354492,28.561870574951172,0,0,0.6000000238418579,0,0,1,0,0,8,0,1,0,8,99,1,-3.75,0.0,28.389652252197266,28.40812110900879,1.5,0,11,1.0,-1.0,0.0,0,0,1
1780683310.9049506,0,0.3499999940395355,1,0,879,900,423158243,68,77,0.0,0.0,32.02000045776367,28.561870574951172,1,0,0.6000000238418579,0,0,1,0,0,8,0,1,0,8,99,1,-3.75,0.0,28.314651489257812,28.40812110900879,1.5,0,11,1.0,-1.0,0.0,0,0,1
1780683310.92521,0,0.3499999940395355,1,0,879,900,423158243,68,77,0.0,0.0,32.31999969482422,28.561870574951172,1,0,0.6000000238418579,0,0,1,0,0,8,0,1,0,8,99,1,-3.75,0.0,28.239652633666992,28.40812110900879,1.5,0,11,1.0,-1.0,0.0,0,0,0
1780683310.9451246,0,0.3499999940395355,1,0,879,900,423158243,68,77,0.0,0.0,32.619998931884766,28.561870574951172,1,0,0.6000000238418579,0,0,1,0,0,8,0,1,0,8,99,1,-3.75,0.0,28.164653778076172,28.40812110900879,1.5,0,11,1.0,-1.0,0.0,0,0,0
1780683310.964946,0,0.3499999940395355,1,0,879,900,423158243,68,77,0.0,0.0,32.91999816894531,28.561870574951172,1,0,0.6000000238418579,0,0,1,0,0,8,0,1,0,8,99,1,-3.75,0.0,28.089656829833984,28.40812110900879,1.5,0,11,1.0,-1.0,0.0,0,0,0
1780683310.9854724,0,0.3499999940395355,1,0,879,900,423158243,68,77,0.0,0.0,33.21999740600586,28.561870574951172,1,0,0.6000000238418579,0,0,1,0,0,8,0,1,0,8,99,1,-3.75,0.0,28.01465606689453,28.40812110900879,1.5,0,11,1.0,-1.0,0.0,0,0,0
1780683311.0052183,0,0.3499999940395355,1,0,879,900,423158243,68,77,0.0,0.0,33.519996643066406,28.561870574951172,1,0,0.6000000238418579,0,0,1,0,0,8,0,1,0,8,99,1,-3.75,0.0,27.93965721130371,28.40812110900879,1.5,0,11,1.0,-1.0,0.0,0,0,0
1780683311.0249577,0,0.3499999940395355,1,0,879,900,423158243,68,77,0.0,0.0,33.519996643066406,28.561870574951172,1,0,0.6000000238418579,0,0,1,0,0,8,0,1,0,8,99,1,-3.75,0.0,27.86469268798828,28.40812110900879,1.5,0,11,1.0,-1.0,0.0,0,0,0
1780683311.0450535,0,0.3499999940395355,1,0,879,900,423158243,68,77,0.0,0.0,33.519996643066406,28.561870574951172,1,0,0.6000000238418579,0,0,1,0,0,8,0,1,0,8,99,1,8.300000190734863,0.0,27.919214248657227,28.40812110900879,1.5,0,11,1.0,-1.0,0.0,0,0,0
1780683311.0646272,0,0.3499999940395355,1,0,879,900,423158243,68,77,0.0,0.0,33.519996643066406,28.561870574951172,1,0,0.6000000238418579,0,0,1,0,0,8,0,1,0,8,99,1,8.300000190734863,0.0,28.08521270751953,28.40812110900879,1.5,0,11,1.0,-1.0,0.0,0,0,0
1780683311.0849936,0,0.3499999940395355,1,0,879,900,423158243,68,77,0.0,0.0,33.519996643066406,28.561870574951172,1,0,0.6000000238418579,0,0,1,0,0,8,0,1,0,8,99,1,8.300000190734863,0.0,28.251209259033203,28.40812110900879,1.5,0,11,1.0,-1.0,0.0,0,0,0
1780683311.1051197,0,0.3499999940395355,1,0,879,900,423158243,68,77,0.0,0.0,33.519996643066406,28.561870574951172,1,0,0.6000000238418579,0,0,1,0,0,8,0,1,0,8,99,1,8.300000190734863,0.0,28.417207717895508,28.40812110900879,1.5,0,11,1.0,-1.0,0.0,0,0,0
1780683311.125391,0,0.3499999940395355,1,0,879,900,423158243,68,77,0.0,0.0,33.519996643066406,28.561870574951172,1,0,0.6000000238418579,0,0,1,0,0,8,0,1,0,8,99,1,8.300000190734863,0.0,28.583202362060547,28.40812110900879,1.5,0,11,1.0,-1.0,0.0,0,0,0
1780683311.1447566,0,0.3499999940395355,1,0,879,900,423158243,68,77,0.0,0.0,33.519996643066406,28.561870574951172,1,0,0.6000000238418579,0,0,1,0,0,8,0,1,0,8,99,1,8.300000190734863,0.0,28.74919891357422,28.40812110900879,1.5,0,11,1.0,-1.0,0.0,0,0,0
1780683311.16464,0,0.3499999940395355,0,0,879,900,423158243,68,77,0.0,0.0,33.519996643066406,28.561870574951172,1,0,0.6000000238418579,0,0,1,0,0,8,0,0,0,8,99,1,8.300000190734863,0.0,28.915191650390625,28.40812110900879,1.5,0,11,1.0,-1.0,0.0,0,0,0
1780683311.1849954,0,0.3499999940395355,0,0,879,900,423158243,68,77,0.0,0.0,33.519996643066406,28.561870574951172,1,0,0.6000000238418579,0,0,1,0,0,8,0,0,0,8,99,1,8.300000190734863,0.0,29.081188201904297,28.40812110900879,1.5,0,11,1.0,-1.0,0.0,0,0,0
1780683311.2050834,0,0.3499999940395355,0,0,879,900,423158243,68,77,0.0,0.0,33.519996643066406,28.561870574951172,1,0,0.6000000238418579,0,0,1,0,0,8,0,0,0,8,99,1,8.300000190734863,0.0,29.24718475341797,28.40812110900879,1.5,0,11,1.0,-1.0,0.0,0,0,0
1780683311.224999,0,0.3499999940395355,0,0,879,900,423158243,68,77,0.0,0.0,33.519996643066406,28.561870574951172,1,0,0.6000000238418579,0,0,1,0,0,8,0,0,0,8,99,1,8.300000190734863,0.0,29.413183212280273,28.40812110900879,1.5,0,11,1.0,-1.0,0.0,0,0,0
1780683311.2448854,0,0.3499999940395355,0,0,879,900,423158243,68,77,0.0,0.0,33.519996643066406,28.561870574951172,1,0,0.6000000238418579,0,0,1,0,0,8,0,0,0,8,99,1,8.300000190734863,0.0,29.579181671142578,28.40812110900879,1.5,0,11,1.0,-1.0,0.0,0,0,0
1780683311.2644894,0,0.3499999940395355,0,0,879,900,423158243,68,77,0.0,0.0,33.519996643066406,28.561870574951172,1,0,0.6000000238418579,0,0,1,0,0,8,0,0,0,8,99,1,8.300000190734863,0.0,29.74517822265625,28.40812110900879,1.5,0,11,1.0,-1.0,0.0,0,0,0
1780683311.2850227,0,0.3499999940395355,0,0,879,900,423158243,68,77,0.0,0.0,33.519996643066406,28.561870574951172,1,0,0.6000000238418579,0,0,1,0,0,8,0,0,0,8,99,1,8.300000190734863,0.0,29.911174774169922,28.40812110900879,1.5,0,11,1.0,-1.0,0.0,0,0,0
1780683311.3049545,0,0.3499999940395355,0,0,879,900,423158243,68,77,0.0,0.0,33.519996643066406,28.561870574951172,1,0,0.6000000238418579,0,0,1,0,0,8,0,0,0,8,99,1,8.300000190734863,0.0,30.07717514038086,28.40812110900879,1.5,0,11,1.0,-1.0,0.0,0,0,0
1780683311.3250697,0,0.3499999940395355,0,0,879,900,423158243,68,77,0.0,0.0,33.519996643066406,28.561870574951172,1,0,0.6000000238418579,0,0,1,0,0,8,0,0,0,8,99,1,8.300000190734863,0.0,30.24317169189453,28.40812110900879,1.5,0,11,1.0,-1.0,0.0,0,0,0
1780683311.3448143,0,0.3499999940395355,0,0,879,900,423158243,68,77,0.0,0.0,33.519996643066406,28.561870574951172,1,0,0.6000000238418579,0,0,1,0,0,8,0,0,0,8,99,1,8.300000190734863,0.0,30.409164428710938,28.40812110900879,1.5,0,11,1.0,-1.0,0.0,0,0,1
1780683311.3651164,0,0.3499999940395355,1,0,879,900,423158243,68,77,0.0,0.0,33.519996643066406,28.561870574951172,0,0,0.6000000238418579,0,0,1,0,0,8,0,1,0,8,99,1,8.300000190734863,0.0,30.575162887573242,28.40812110900879,1.5,0,11,1.0,-1.0,0.0,0,0,1
1780683311.3848317,0,0.3499999940395355,1,0,879,900,423158243,68,77,0.0,0.0,33.519996643066406,28.561870574951172,0,0,0.6000000238418579,0,0,1,0,0,8,0,1,0,8,99,1,8.300000190734863,0.0,30.741161346435547,28.40812110900879,1.5,0,11,1.0,-1.0,0.0,0,0,1
1780683311.4048524,0,0.3499999940395355,1,0,858,900,423158243,68,77,0.0,0.0,33.519996643066406,28.561870574951172,0,0,0.6000000238418579,0,0,1,0,0,8,0,1,0,8,99,1,-3.75,0.0,30.90715789794922,28.40812110900879,1.5,0,22,1.0,-1.0,0.0,0,0,1
1780683311.4252021,0,0.3499999940395355,1,0,858,900,423158243,68,77,0.0,0.0,33.81999588012695,28.561870574951172,0,0,0.6000000238418579,0,0,1,0,0,8,0,1,0,8,99,1,-3.75,0.0,30.9437313079834,28.40812110900879,1.5,0,22,1.0,-1.0,0.0,0,0,1
1780683311.444836,0,0.3499999940395355,1,0,858,900,423158243,68,77,0.0,0.0,34.1199951171875,28.561870574951172,0,0,0.6000000238418579,0,0,1,0,0,8,0,1,0,8,99,1,-3.75,0.0,30.868732452392578,28.40812110900879,1.5,0,22,1.0,-1.0,0.0,0,0,1
1780683311.4647763,0,0.3499999940395355,1,0,858,900,423158243,68,77,0.0,0.0,34.41999435424805,28.561870574951172,0,0,0.6000000238418579,0,0,1,0,0,8,0,1,0,8,99,1,-3.75,0.0,30.793733596801758,28.40812110900879,1.5,0,22,1.0,-1.0,0.0,0,0,0
1780683311.4851668,0,0.3499999940395355,1,0,858,900,423158243,68,77,0.0,0.0,34.719993591308594,28.561870574951172,1,0,0.6000000238418579,0,0,1,0,0,8,0,1,0,8,99,1,-3.75,0.0,30.718734741210938,28.40812110900879,1.5,0,22,1.0,-1.0,0.0,0,0,0
1780683311.505285,0,0.3499999940395355,1,0,858,900,423158243,68,77,0.0,0.0,35.01999282836914,28.561870574951172,1,0,0.6000000238418579,0,0,1,0,0,8,0,1,0,8,99,1,-3.75,0.0,30.643733978271484,28.40812110900879,1.5,0,22,1.0,-1.0,0.0,0,0,0
1780683311.5253136,0,0.3499999940395355,1,0,858,900,423158243,68,77,0.0,0.0,35.31999206542969,28.561870574951172,1,0,0.6000000238418579,0,0,1,0,0,8,0,1,0,8,99,1,-3.75,0.0,30.568737030029297,28.40812110900879,1.5,0,22,1.0,-1.0,0.0,0,0,0
1780683311.54475,0,0.3499999940395355,1,0,858,900,423158243,68,77,0.0,0.0,35.619991302490234,28.561870574951172,1,0,0.6000000238418579,0,0,1,0,0,8,0,1,0,8,99,1,-3.75,0.0,30.493698120117188,28.40812110900879,1.5,0,22,1.0,-1.0,0.0,0,0,0
1780683311.5649893,0,0.3499999940395355,1,0,858,900,423158243,68,77,0.0,0.0,35.91999053955078,28.561870574951172,1,0,0.6000000238418579,0,0,1,0,0,8,0,1,0,8,99,1,-3.75,0.0,30.418701171875,28.40812110900879,1.5,0,22,1.0,-1.0,0.0,0,0,0
1780683311.5849118,0,0.3499999940395355,1,0,858,900,423158243,68,77,0.0,0.0,35.91999053955078,28.561870574951172,1,0,0.6000000238418579,0,0,1,0,0,8,0,1,0,8,99,1,-3.75,0.0,30.343698501586914,28.40812110900879,1.5,0,22,1.0,-1.0,0.0,0,0,0
1780683311.6050267,0,0.3499999940395355,1,0,858,900,423158243,68,77,0.0,0.0,35.91999053955078,28.561870574951172,1,0,0.6000000238418579,0,0,1,0,0,8,0,1,0,8,99,1,8.300000190734863,0.0,30.39820098876953,28.40812110900879,1.5,0,22,1.0,-1.0,0.0,0,0,0
1780683311.6249886,0,0.3499999940395355,1,0,858,900,423158243,68,77,0.0,0.0,35.91999053955078,28.561870574951172,1,0,0.6000000238418579,0,0,1,0,0,8,0,1,0,8,99,1,8.300000190734863,0.0,30.56420135498047,28.40812110900879,1.5,0,22,1.0,-1.0,0.0,0,0,0
1780683311.6449246,0,0.3499999940395355,1,0,858,900,423158243,1,77,0.0,0.0,35.91999053955078,28.561870574951172,1,0,0.6000000238418579,0,0,1,0,0,8,0,1,0,8,99,1,8.300000190734863,0.0,30.73019790649414,28.40812110900879,1.5,0,22,1.0,-1.0,0.0,0,0,0
1780683311.6646626,0,0.3499999940395355,1,0,858,900,423158243,1,77,0.0,0.0,35.91999053955078,28.561870574951172,1,0,0.6000000238418579,0,0,1,0,0,8,0,1,0,8,99,1,8.300000190734863,0.0,30.896198272705078,28.40812110900879,1.5,0,22,1.0,-1.0,0.0,0,0,0
1780683311.6849413,0,0.3499999940395355,1,0,858,900,423158243,1,77,0.0,0.0,35.91999053955078,28.561870574951172,1,0,0.6000000238418579,0,0,1,0,0,8,0,1,0,8,99,1,8.300000190734863,0.0,31.062198638916016,28.40812110900879,1.5,0,22,1.0,-1.0,0.0,0,0,0
1780683311.705199,0,0.3499999940395355,1,0,858,900,423158243,1,77,0.0,0.0,35.91999053955078,28.561870574951172,1,0,0.6000000238418579,0,0,1,0,0,8,0,1,0,8,99,1,8.300000190734863,0.0,31.228195190429688,28.40812110900879,1.5,0,22,1.0,-1.0,0.0,0,0,0
1780683311.7258897,0,0.3499999940395355,0,0,858,900,423158243,1,77,0.0,0.0,35.91999053955078,28.561870574951172,1,0,0.6000000238418579,0,0,1,0,0,8,0,0,0,8,99,1,8.300000190734863,0.0,31.39411163330078,28.40812110900879,1.5,0,22,1.0,-1.0,0.0,0,0,0
1780683311.7467928,0,0.3499999940395355,0,0,858,900,423158243,1,77,0.0,0.0,35.91999053955078,28.561870574951172,1,0,0.6000000238418579,0,0,1,0,0,8,0,0,0,8,99,1,8.300000190734863,0.0,31.560115814208984,28.40812110900879,1.5,0,22,1.0,-1.0,0.0,0,0,0
1780683311.7665613,0,0.3499999940395355,0,0,858,900,423158243,1,77,0.0,0.0,35.91999053955078,28.561870574951172,1,0,0.6000000238418579,0,0,1,0,0,8,0,0,0,8,99,1,8.300000190734863,0.0,31.726200103759766,28.40812110900879,1.5,0,22,1.0,-1.0,0.0,0,0,0
1780683311.7858918,0,0.3499999940395355,0,0,858,900,423158243,1,77,0.0,0.0,35.91999053955078,28.561870574951172,1,0,0.6000000238418579,0,0,1,0,0,8,0,0,0,8,99,1,8.300000190734863,0.0,31.89211654663086,28.40812110900879,1.5,0,22,1.0,-1.0,0.0,0,0,0
1780683311.8049529,0,0.3499999940395355,0,0,858,900,423158243,1,77,0.0,0.0,35.91999053955078,28.561870574951172,1,0,0.6000000238418579,0,0,1,0,0,8,0,0,0,8,99,1,8.300000190734863,0.0,32.05811309814453,28.40812110900879,1.5,0,22,1.0,-1.0,0.0,0,0,0
1780683311.824606,0,0.3499999940395355,0,0,858,900,423158243,1,77,0.0,0.0,35.91999053955078,28.561870574951172,1,0,0.6000000238418579,0,0,1,0,0,8,0,0,0,8,99,1,8.300000190734863,0.0,32.2241096496582,28.40812110900879,1.5,0,22,1.0,-1.0,0.0,0,0,0
1780683311.8445866,0,0.3499999940395355,0,0,858,900,423158243,1,77,0.0,0.0,35.91999053955078,28.561870574951172,1,0,0.6000000238418579,0,0,1,0,0,8,0,0,0,8,99,1,8.300000190734863,0.0,32.390106201171875,28.40812110900879,1.5,0,22,1.0,-1.0,0.0,0,0,0
1780683311.8645406,0,0.3499999940395355,0,0,858,900,423158243,1,77,0.0,0.0,35.91999053955078,28.561870574951172,1,0,0.6000000238418579,0,0,1,0,0,8,0,0,0,8,99,1,8.300000190734863,0.0,32.55610275268555,28.40812110900879,1.5,0,22,1.0,-1.0,0.0,0,0,0
1780683311.8850002,0,0.3499999940395355,0,0,858,900,423158243,1,77,0.0,0.0,35.91999053955078,28.561870574951172,1,0,0.6000000238418579,0,0,1,0,0,8,0,0,0,8,99,1,8.300000190734863,0.0,32.72218704223633,28.40812110900879,1.5,0,22,1.0,-1.0,0.0,0,0,1
1780683311.9053717,0,0.3499999940395355,1,0,858,900,423158243,1,77,0.0,0.0,35.91999053955078,28.561870574951172,0,0,0.6000000238418579,0,0,1,0,0,8,0,1,0,8,99,1,8.300000190734863,0.0,32.88818359375,28.40812110900879,1.5,0,22,1.0,-1.0,0.0,0,0,1
1780683311.9249623,0,0.3499999940395355,1,0,858,900,423158243,1,77,0.0,0.0,35.91999053955078,28.561870574951172,0,0,0.6000000238418579,0,0,1,0,0,8,0,1,0,8,99,1,8.300000190734863,0.0,33.05410385131836,28.40812110900879,1.5,0,22,1.0,-1.0,0.0,0,0,1
1780683311.9448495,0,0.3499999940395355,1,0,837,900,423158243,25,77,0.0,0.0,35.91999053955078,28.561870574951172,0,0,0.6000000238418579,0,0,1,0,0,8,0,1,0,8,99,1,-3.75,0.0,33.22010040283203,28.40812110900879,1.5,0,33,1.0,-1.0,0.0,0,0,1
1780683311.9655614,0,0.3499999940395355,1,0,837,900,423158243,25,77,0.0,0.0,36.21998977661133,28.561870574951172,0,0,0.6000000238418579,0,0,1,0,0,8,0,1,0,8,99,1,-3.75,0.0,33.256717681884766,28.40812110900879,1.5,0,33,1.0,-1.0,0.0,0,0,1
1780683311.9855444,0,0.3499999940395355,1,0,837,900,423158243,25,77,0.0,0.0,36.519989013671875,28.561870574951172,0,0,0.6000000238418579,0,0,1,0,0,8,0,1,0,8,99,1,-3.75,0.0,33.18171691894531,28.40812110900879,1.5,0,33,1.0,-1.0,0.0,0,0,0
1780683312.005159,0,0.3499999940395355,1,0,837,900,423158243,25,77,0.0,0.0,36.81998825073242,28.561870574951172,0,0,0.6000000238418579,0,0,1,0,0,8,0,1,0,8,99,1,-3.75,0.0,33.10671615600586,28.40812110900879,1.5,0,33,1.0,-1.0,0.0,0,0,0
1780683312.0249722,0,0.3499999940395355,1,0,837,900,423158243,25,77,0.0,0.0,37.11998748779297,28.561870574951172,1,0,0.6000000238418579,0,0,1,0,0,8,0,1,0,8,99,1,-3.75,0.0,33.03171920776367,28.40812110900879,1.5,0,33,1.0,-1.0,0.0,0,0,0
1780683312.0449438,0,0.3499999940395355,1,0,837,900,423158243,25,77,0.0,0.0,37.41912841796875,28.561870574951172,1,0,0.6000000238418579,0,0,1,0,0,8,0,1,0,8,99,1,-3.75,0.0,32.956756591796875,28.40812110900879,1.5,0,33,1.0,-1.0,0.0,0,0,0
1780683312.064839,0,0.3499999940395355,1,0,837,900,423158243,25,77,0.0,0.0,37.41765594482422,28.561874389648438,1,0,0.6000000238418579,0,0,1,0,0,8,0,1,0,8,99,1,-3.75,0.0,32.8817138671875,28.40812110900879,1.5,0,33,1.0,-1.0,0.0,0,0,0
1780683312.085119,0,0.3499999940395355,1,0,837,900,423158243,25,77,0.0,0.0,37.41763687133789,28.561874389648438,1,0,0.6000000238418579,0,0,1,0,0,8,0,1,0,8,99,1,-3.75,0.0,32.80671310424805,28.40812110900879,1.5,0,33,1.0,-1.0,0.0,0,0,0
1780683312.1048245,0,0.3499999940395355,1,0,837,900,423158243,25,77,0.0,0.0,37.41762161254883,28.561874389648438,1,0,0.6000000238418579,0,0,1,0,0,8,0,1,0,8,99,1,-3.75,0.0,32.73171615600586,28.40812110900879,1.5,0,33,1.0,-1.0,0.0,0,0,0
1780683312.1251795,0,0.3499999940395355,1,0,837,900,423158243,25,77,0.0,0.0,37.4176139831543,28.561874389648438,1,0,0.6000000238418579,0,0,1,0,0,8,0,1,0,8,99,1,-3.75,0.0,32.6567497253418,28.40812110900879,1.5,0,33,1.0,-1.0,0.0,0,0,0
1780683312.144946,0,0.3499999940395355,1,0,837,900,423158243,25,77,0.0,0.0,37.417606353759766,28.561874389648438,1,0,0.6000000238418579,0,0,1,0,0,8,0,1,0,8,99,1,8.300000190734863,0.0,32.711090087890625,28.40812110900879,1.5,0,33,1.0,-1.0,0.0,0,0,0
1780683312.1650395,0,0.3499999940395355,1,0,837,900,423158243,25,77,0.0,0.0,37.417606353759766,28.561874389648438,1,0,0.6000000238418579,0,0,1,0,0,8,0,1,0,8,99,1,8.300000190734863,0.0,32.877174377441406,28.40812110900879,1.5,0,33,1.0,-1.0,0.0,0,0,0
1780683312.1850755,0,0.3499999940395355,1,0,837,900,423158243,25,77,0.0,0.0,37.417606353759766,28.561874389648438,1,0,0.6000000238418579,0,0,1,0,0,8,0,1,0,8,99,1,8.300000190734863,0.0,33.043174743652344,28.40812110900879,1.5,0,33,1.0,-1.0,0.0,0,0,0
1780683312.2050533,0,0.3499999940395355,1,0,837,900,423158243,25,77,0.0,0.0,37.417606353759766,28.561874389648438,1,0,0.6000000238418579,0,0,1,0,0,8,0,1,0,8,99,1,8.300000190734863,0.0,33.20917510986328,28.40812110900879,1.5,0,33,1.0,-1.0,0.0,0,0,0
1780683312.2251348,0,0.3499999940395355,1,0,837,900,423158243,25,77,0.0,0.0,37.417606353759766,28.561874389648438,1,0,0.6000000238418579,0,0,1,0,0,8,0,1,0,8,99,1,8.300000190734863,0.0,33.375091552734375,28.40812110900879,1.5,0,33,1.0,-1.0,0.0,0,0,0
1780683312.2448506,0,0.3499999940395355,1,0,837,900,423158243,25,77,0.0,0.0,37.417606353759766,28.561874389648438,1,0,0.6000000238418579,0,0,1,0,0,8,0,1,0,8,99,1,8.300000190734863,0.0,33.54109573364258,28.40812110900879,1.5,0,33,1.0,-1.0,0.0,0,0,0
1780683312.264672,0,0.3499999940395355,0,0,837,900,423158243,25,77,0.0,0.0,37.417606353759766,28.561874389648438,1,0,0.6000000238418579,0,0,1,0,0,8,0,0,0,8,99,1,8.300000190734863,0.0,33.707176208496094,28.40812110900879,1.5,0,33,1.0,-1.0,0.0,0,0,0
1780683312.2848163,0,0.3499999940395355,0,0,837,900,423158243,25,77,0.0,0.0,37.417606353759766,28.561874389648438,1,0,0.6000000238418579,0,0,1,0,0,8,0,0,0,8,99,1,8.300000190734863,0.0,33.8731803894043,28.40812110900879,1.5,0,33,1.0,-1.0,0.0,0,0,0
1780683312.3049948,0,0.3499999940395355,0,0,837,900,423158243,25,77,0.0,0.0,37.417606353759766,28.561874389648438,1,0,0.6000000238418579,0,0,1,0,0,8,0,0,0,8,99,1,8.300000190734863,0.0,34.03917694091797,28.40812110900879,1.5,0,33,1.0,-1.0,0.0,0,0,0
1780683312.3250458,0,0.3499999940395355,0,0,837,900,423158243,25,77,0.0,0.0,37.417606353759766,28.561874389648438,1,0,0.6000000238418579,0,0,1,0,0,8,0,0,0,8,99,1,8.300000190734863,0.0,34.20509719848633,28.40812110900879,1.5,0,33,1.0,-1.0,0.0,0,0,0
1780683312.3450074,0,0.3499999940395355,0,0,837,900,423158243,25,77,0.0,0.0,37.417606353759766,28.561874389648438,1,0,0.6000000238418579,0,0,1,0,0,8,0,0,0,8,99,1,8.300000190734863,0.0,34.371097564697266,28.40812110900879,1.5,0,33,0.0,0.0,0.0,0,0,1
1780683312.3647542,0,0.3499999940395355,1,0,837,900,423158243,25,77,0.0,0.0,37.417606353759766,28.561874389648438,0,0,0.6000000238418579,0,0,1,0,0,8,0,1,0,8,99,1,8.300000190734863,0.0,34.53718185424805,28.40812110900879,1.5,0,33,0.0,0.0,0.0,0,0,1
1780683312.384884,0,0.3499999940395355,1,0,837,900,423158243,25,77,0.0,0.0,37.417606353759766,28.561874389648438,0,0,0.6000000238418579,0,0,1,0,0,8,0,1,0,8,99,1,0.0,0.0,34.61400604248047,28.40812110900879,1.5,0,33,0.0,0.0,0.0,0,0,1
1780683312.4049785,0,0.3499999940395355,1,0,816,900,423158243,25,77,0.0,0.0,37.417606353759766,28.561874389648438,0,0,0.6000000238418579,0,0,1,0,0,8,0,1,0,8,99,1,-3.75,0.0,34.61400604248047,28.40812110900879,1.5,0,44,0.0,0.0,0.0,0,0,1
1780683312.4252555,0,0.3499999940395355,1,0,816,900,423158243,25,77,0.0,0.0,37.423744201660156,28.561874389648438,0,0,0.6000000238418579,0,0,1,0,0,8,0,1,0,8,99,1,-3.75,0.0,34.573753356933594,28.40812110900879,1.5,0,44,0.0,0.0,0.0,0,0,1
1780683312.4445555,0,0.3499999940395355,1,0,816,900,423158243,25,77,0.0,0.0,37.421531677246094,28.561874389648438,0,0,0.6000000238418579,0,0,1,0,0,8,0,1,0,8,99,1,-3.75,0.0,34.49875259399414,28.40812110900879,1.5,0,44,0.0,0.0,0.0,0,0,1
1780683312.4647179,0,0.3499999940395355,1,0,816,900,423158243,25,77,0.0,0.0,37.42011642456055,28.561874389648438,1,0,0.6000000238418579,0,0,1,0,0,8,0,1,0,8,99,1,-3.75,0.0,34.42371368408203,28.40812110900879,1.5,0,44,0.0,0.0,0.0,0,0,0
1780683312.4849207,0,0.3499999940395355,1,0,816,900,423158243,25,77,0.0,0.0,37.41920852661133,28.561874389648438,1,0,0.6000000238418579,0,0,1,0,0,8,0,1,0,8,99,1,-3.75,0.0,34.34871292114258,28.40812110900879,1.5,0,44,0.0,0.0,0.0,0,0,0
1780683312.5051692,0,0.3499999940395355,1,0,816,900,423158243,25,77,0.0,0.0,37.41862869262695,28.561874389648438,1,0,0.6000000238418579,0,0,1,0,0,8,0,1,0,8,99,1,-3.75,0.0,34.273712158203125,28.40812110900879,1.5,0,44,0.0,0.0,0.0,0,0,0
1780683312.5252252,0,0.3499999940395355,1,0,816,900,423158243,25,77,0.0,0.0,37.41825866699219,28.561874389648438,1,0,0.6000000238418579,0,0,1,0,0,8,0,1,0,8,99,1,-3.75,0.0,34.19874954223633,28.40812110900879,1.5,0,44,0.0,0.0,0.0,0,0,0
1780683312.5450752,0,0.3499999940395355,1,0,816,900,423158243,25,77,0.0,0.0,37.41801834106445,28.561874389648438,1,0,0.6000000238418579,0,0,1,0,0,8,0,1,0,8,99,1,-3.75,0.0,34.12371063232422,28.40812110900879,1.5,0,44,0.0,0.0,0.0,0,0,0
1780683312.565225,0,0.3499999940395355,1,0,816,900,423158243,25,77,0.0,0.0,37.41786575317383,28.561874389648438,1,0,0.6000000238418579,0,0,1,0,0,8,0,1,0,8,99,1,-3.75,0.0,34.0487060546875,28.40812110900879,1.5,0,44,0.0,0.0,0.0,0,0,0
1780683312.584927,0,0.3499999940395355,1,0,816,900,423158243,25,77,0.0,0.0,37.41777038574219,28.561874389648438,1,0,0.6000000238418579,0,0,1,0,0,8,0,1,0,8,99,1,-3.75,0.0,33.97370910644531,28.40812110900879,1.5,0,44,0.0,0.0,0.0,0,0,0
1780683312.6048238,0,0.3499999940395355,1,0,816,900,423158243,25,77,0.0,0.0,37.41770935058594,28.561874389648438,1,0,0.6000000238418579,0,0,1,0,0,8,0,1,0,8,99,1,0.0,0.0,33.93899917602539,28.40812110900879,1.5,0,44,0.0,0.0,0.0,0,0,0
1780683312.6253223,0,0.3499999940395355,1,0,816,900,423158243,25,77,0.0,0.0,37.417667388916016,28.561874389648438,1,0,0.6000000238418579,0,0,1,0,0,8,0,1,0,8,99,1,0.0,0.0,33.93899917602539,28.40812110900879,1.5,0,44,0.0,0.0,0.0,0,0,0
1780683312.6444535,0,0.3499999940395355,1,0,816,900,423158243,25,77,0.0,0.0,37.417640686035156,28.561874389648438,1,0,0.6000000238418579,0,0,1,0,0,8,0,1,0,8,99,1,0.0,0.0,33.93899917602539,28.40812110900879,1.5,0,44,0.0,0.0,0.0,0,0,0
1780683312.6646154,0,0.3499999940395355,1,0,816,900,423158243,25,77,0.0,0.0,37.417625427246094,28.561874389648438,1,0,0.6000000238418579,0,0,1,0,0,8,0,1,0,8,99,1,0.0,0.0,33.93899917602539,28.40812110900879,1.5,0,44,0.0,0.0,0.0,0,0,0
1780683312.6849825,0,0.3499999940395355,1,0,816,900,423158243,25,77,0.0,0.0,37.41761779785156,28.561874389648438,1,0,0.6000000238418579,0,0,1,0,0,8,0,1,0,8,99,1,0.0,0.0,33.93899917602539,28.40812110900879,1.5,0,44,-1.0,0.0,0.0,0,0,0
1780683312.7052126,0,0.3499999940395355,0,0,816,900,423158243,25,77,0.0,0.0,37.41761016845703,28.561874389648438,1,0,0.6000000238418579,0,0,1,0,0,8,0,0,0,8,99,1,0.0,0.0,33.93899917602539,28.40812110900879,1.5,0,44,-1.0,0.0,0.0,0,0,0
1780683312.7248168,0,0.3499999940395355,0,0,816,900,423158243,25,77,0.0,0.0,37.417606353759766,28.561874389648438,1,0,0.6000000238418579,0,0,0,0,0,8,0,0,0,8,99,1,-8.300000190734863,0.0,33.849891662597656,28.40812110900879,1.5,0,44,-1.0,0.0,0.0,0,0,0
1780683312.7450893,0,0.3499999940395355,0,0,816,900,423158243,25,77,0.0,0.0,37.417606353759766,28.561874389648438,1,0,0.6000000238418579,0,0,0,0,0,8,0,0,0,8,99,1,-8.300000190734863,0.0,33.68388748168945,28.40812110900879,1.5,0,44,-1.0,0.0,0.0,0,0,0
1780683312.7649262,0,0.3499999940395355,0,0,816,900,423158243,26,77,0.0,0.0,37.417606353759766,28.561874389648438,1,0,0.6000000238418579,0,0,0,0,0,8,0,0,0,8,99,1,-8.300000190734863,0.0,33.51780319213867,28.40812110900879,1.5,0,44,-1.0,0.0,0.0,0,0,0
1780683312.7847717,0,0.3499999940395355,0,0,816,900,423158243,26,77,0.0,0.0,37.417606353759766,28.561874389648438,1,0,0.6000000238418579,0,0,0,0,0,8,0,0,0,8,99,1,-8.300000190734863,0.0,33.351802825927734,28.40812110900879,1.5,0,44,-1.0,0.0,0.0,0,0,0
1780683312.8048956,0,0.3499999940395355,0,0,816,900,423158243,26,77,0.0,0.0,37.417606353759766,28.561874389648438,1,0,0.6000000238418579,0,0,0,0,0,8,0,0,0,8,99,1,-8.300000190734863,0.0,33.185882568359375,28.40812110900879,1.5,0,44,-1.0,0.0,0.0,0,0,0
1780683312.8250804,0,0.3499999940395355,0,0,816,900,423158243,26,77,0.0,0.0,37.417606353759766,28.561874389648438,1,0,0.6000000238418579,0,0,0,0,0,8,0,0,0,8,99,1,-8.300000190734863,0.0,33.01988220214844,28.40812110900879,1.5,0,44,-1.0,0.0,0.0,0,0,0
1780683312.844933,0,0.3499999940395355,0,0,816,900,423158243,26,77,0.0,0.0,37.417606353759766,28.561874389648438,1,0,0.6000000238418579,0,0,0,0,0,8,0,0,0,8,99,1,-8.300000190734863,0.0,32.8538818359375,28.40812110900879,1.5,0,44,-1.0,0.0,0.0,0,0,0
1780683312.8649602,0,0.3499999940395355,0,0,816,900,423158243,26,77,0.0,0.0,37.417606353759766,28.561874389648438,1,0,0.6000000238418579,0,0,0,0,0,8,0,0,0,8,99,1,-8.300000190734863,0.0,32.68779754638672,28.40812110900879,1.5,0,44,-1.0,0.0,0.0,0,0,0
1780683312.8850553,0,0.3499999940395355,0,0,816,900,423158243,26,77,0.0,0.0,37.417606353759766,28.561874389648438,1,0,0.6000000238418579,0,0,0,0,0,8,0,0,0,8,99,1,-8.300000190734863,0.0,32.52179718017578,28.40812110900879,1.5,0,44,-1.0,0.0,0.0,0,0,0
1780683312.9048967,0,0.3499999940395355,0,0,816,900,423158243,26,77,0.0,0.0,37.417606353759766,28.561874389648438,1,0,0.6000000238418579,0,0,0,0,0,8,0,0,0,8,99,1,-8.300000190734863,0.0,32.35580062866211,28.40812110900879,1.5,0,44,-1.0,0.0,0.0,0,0,0
1780683312.9246972,0,0.3499999940395355,0,0,816,900,423158243,26,77,0.0,0.0,37.417606353759766,28.561874389648438,1,0,0.6000000238418579,0,0,0,0,0,8,0,0,0,8,99,1,-8.300000190734863,0.0,32.18980026245117,28.40812110900879,1.5,0,44,-1.0,0.0,0.0,0,0,0
1780683312.94455,0,0.3499999940395355,0,0,816,900,423158243,26,77,0.0,0.0,37.417606353759766,28.561874389648438,1,0,0.6000000238418579,0,0,0,0,0,8,0,0,0,8,99,1,-8.300000190734863,0.0,32.0238037109375,28.40812110900879,1.5,0,44,-1.0,0.0,0.0,0,0,0
1780683312.9649358,0,0.3499999940395355,0,0,816,900,423158243,26,77,0.0,0.0,37.417606353759766,28.561874389648438,1,0,0.6000000238418579,0,0,0,0,0,8,0,0,0,8,99,1,-8.300000190734863,0.0,31.857805252075195,28.40812110900879,1.5,0,44,-1.0,0.0,0.0,0,0,0
1780683312.9854453,0,0.3499999940395355,0,0,816,900,423158243,26,77,0.0,0.0,37.417606353759766,28.561874389648438,1,0,0.6000000238418579,0,0,0,0,0,8,0,0,0,8,99,1,-8.300000190734863,0.0,31.691802978515625,28.40812110900879,1.5,0,44,-1.0,0.0,0.0,0,0,0
1780683313.00501,0,0.3499999940395355,0,0,816,900,423158243,26,77,0.0,0.0,37.417606353759766,28.561874389648438,1,0,0.6000000238418579,0,0,0,0,0,8,0,0,0,8,99,1,-8.300000190734863,0.0,31.525806427001953,28.40812110900879,1.5,0,44,-1.0,0.0,0.0,0,0,0
1780683313.0254316,0,0.3499999940395355,0,0,816,900,423158243,26,77,0.0,0.0,37.417606353759766,28.561874389648438,1,0,0.6000000238418579,0,0,0,0,0,8,0,0,0,8,99,1,-8.300000190734863,0.0,31.35988998413086,28.40812110900879,1.5,0,44,0.0,0.0,0.0,0,0,0
1780683313.044944,0,0.3499999940395355,0,0,816,900,423158243,26,77,0.0,0.0,37.417606353759766,28.561874389648438,1,0,0.6000000238418579,0,0,0,0,0,8,0,0,0,8,99,1,-8.300000190734863,0.0,31.19379997253418,28.40812110900879,1.5,0,44,0.0,0.0,0.0,0,0,0
1780683313.0646894,0,0.3499999940395355,0,0,816,900,423158243,26,77,0.0,0.0,37.417606353759766,28.561874389648438,1,0,0.6000000238418579,0,0,0,0,0,8,0,0,0,8,99,1,0.0,0.0,31.116992950439453,28.40812110900879,1.5,0,44,0.0,0.0,0.0,0,0,0
1780683313.0848944,0,0.3499999940395355,0,0,816,900,423158243,26,77,0.0,0.0,37.417606353759766,28.561874389648438,1,0,0.6000000238418579,0,0,0,0,0,8,0,0,0,8,99,1,0.0,0.0,31.116992950439453,28.40812110900879,1.5,0,44,0.0,0.0,0.0,0,0,0
1780683313.104919,0,0.3499999940395355,0,0,816,900,423158243,26,77,0.0,0.0,37.417606353759766,28.561874389648438,1,0,0.6000000238418579,0,0,0,0,0,8,0,0,0,8,99,1,0.0,0.0,31.116992950439453,28.40812110900879,1.5,0,44,1.0,0.0,0.0,0,0,0
1780683313.124865,0,0.3499999940395355,0,0,816,900,423158243,26,77,0.0,0.0,37.417606353759766,28.561874389648438,1,0,0.6000000238418579,0,0,0,0,0,8,0,0,0,8,99,1,0.0,0.0,31.116992950439453,28.40812110900879,1.5,0,44,1.0,0.0,0.0,0,0,0
1780683313.144564,0,0.3499999940395355,0,0,816,900,423158243,26,77,0.0,0.0,37.417606353759766,28.561874389648438,1,0,0.6000000238418579,0,0,1,0,0,8,0,0,0,8,99,1,8.300000190734863,0.0,31.206100463867188,28.40812110900879,1.5,0,44,1.0,0.0,0.0,0,0,0
1780683313.1652353,0,0.3499999940395355,0,0,816,900,423158243,26,77,0.0,0.0,37.417606353759766,28.561874389648438,1,0,0.6000000238418579,0,0,1,0,0,8,0,0,0,8,99,1,8.300000190734863,0.0,31.372180938720703,28.40812110900879,1.5,0,44,1.0,0.0,0.0,0,0,0
1780683313.1851048,0,0.3499999940395355,0,0,816,900,423158243,26,77,0.0,0.0,37.417606353759766,28.561874389648438,1,0,0.6000000238418579,0,0,1,0,0,8,0,0,0,8,99,1,8.300000190734863,0.0,31.538185119628906,28.40812110900879,1.5,0,44,1.0,0.0,0.0,0,0,0
1780683313.2050483,0,0.3499999940395355,0,0,816,900,423158243,26,77,0.0,0.0,37.417606353759766,28.561874389648438,1,0,0.6000000238418579,0,0,1,0,0,8,0,0,0,8,99,1,8.300000190734863,0.0,31.70418357849121,28.40812110900879,1.5,0,44,-1.0,0.0,0.0,0,0,0
1780683313.2252665,0,0.3499999940395355,0,0,816,900,423158243,26,77,0.0,0.0,37.417606353759766,28.561874389648438,1,0,0.6000000238418579,0,0,1,0,0,8,0,0,0,8,99,1,8.300000190734863,0.0,31.870182037353516,28.40812110900879,1.5,0,44,0.0,0.0,0.0,0,0,0
1780683313.2449636,0,0.3499999940395355,0,0,816,900,423158243,26,77,0.0,0.0,37.417606353759766,28.561874389648438,1,0,0.6000000238418579,0,0,1,0,0,8,0,0,0,8,99,1,8.300000190734863,0.0,32.036102294921875,28.40812110900879,1.5,0,44,0.0,0.0,0.0,0,0,0
1780683313.2646446,0,0.3499999940395355,0,0,816,900,423158243,26,77,0.0,0.0,37.417606353759766,28.561874389648438,1,0,0.6000000238418579,0,0,1,0,0,8,0,0,0,8,99,1,0.0,0.0,32.11299514770508,28.40812110900879,1.5,0,44,0.0,0.0,0.0,0,0,0
1780683313.2847147,0,0.3499999940395355,0,0,816,900,423158243,26,77,0.0,0.0,37.417606353759766,28.561874389648438,1,0,0.6000000238418579,0,0,1,0,0,8,0,0,0,8,99,1,0.0,0.0,32.11299514770508,28.40812110900879,1.5,0,44,0.0,0.0,0.0,0,0,0
1780683313.3052576,0,0.3499999940395355,0,0,816,900,423158243,26,77,0.0,0.0,37.417606353759766,28.561874389648438,1,0,0.6000000238418579,0,0,1,0,0,8,0,0,0,8,99,1,0.0,0.0,32.11299514770508,28.40812110900879,1.5,0,44,0.0,0.0,0.0,0,0,0
1780683313.3248546,0,0.3499999940395355,0,0,816,900,423158243,26,77,0.0,0.0,37.417606353759766,28.561874389648438,1,0,0.6000000238418579,0,0,1,0,0,8,0,0,0,8,99,1,0.0,0.0,32.11299514770508,28.40812110900879,1.5,0,44,0.0,0.0,0.0,0,0,0
1780683313.3448734,0,0.3499999940395355,0,0,816,900,423158243,26,77,0.0,0.0,37.417606353759766,28.561874389648438,1,0,0.6000000238418579,0,0,1,0,0,8,0,0,0,8,99,1,0.0,0.0,32.11299514770508,28.40812110900879,1.5,0,44,0.0,0.0,0.0,0,0,0
1780683313.3649151,0,0.3499999940395355,0,0,816,900,423158243,26,77,0.0,0.0,37.417606353759766,28.561874389648438,1,0,0.6000000238418579,0,0,1,0,0,8,0,0,0,8,99,1,0.0,0.0,32.11299514770508,28.40812110900879,1.5,0,44,0.0,0.0,0.0,0,0,0
1780683313.3849735,0,0.3499999940395355,0,0,816,900,423158243,26,77,0.0,0.0,37.417606353759766,28.561874389648438,1,0,0.6000000238418579,0,0,1,0,0,8,0,0,0,8,99,1,0.0,0.0,32.11299514770508,28.40812110900879,1.5,0,44,0.0,0.0,0.0,0,0,0
1780683313.404804,0,0.3499999940395355,0,0,816,900,423158243,26,77,0.0,0.0,37.417606353759766,28.561874389648438,1,0,0.6000000238418579,0,0,1,0,0,8,0,0,0,8,99,1,0.0,0.0,32.11299514770508,28.40812110900879,1.5,0,44,0.0,0.0,0.0,0,0,0
1780683313.4249468,0,0.3499999940395355,0,0,816,900,423158243,26,77,0.0,0.0,37.417606353759766,28.561874389648438,1,0,0.6000000238418579,0,0,1,0,0,8,0,0,0,8,99,1,0.0,0.0,32.11299514770508,28.40812110900879,1.5,0,44,0.0,0.0,0.0,0,1,0
1780683313.4448817,0,0.3499999940395355,0,0,816,900,423158243,26,77,0.0,0.0,37.417606353759766,28.561874389648438,1,0,0.6000000238418579,0,0,1,0,0,8,0,0,0,8,99,1,0.0,0.0,32.11299514770508,28.40812110900879,1.5,0,44,0.0,0.0,0.0,0,1,0
1780683313.4651394,0,0.3499999940395355,0,0,816,900,423158243,26,77,0.0,0.0,37.417606353759766,28.561874389648438,1,0,0.6000000238418579,0,0,1,0,0,8,0,0,0,8,99,1,0.0,0.0,32.11299514770508,28.40812110900879,1.5,0,44,0.0,0.0,0.0,0,1,0
1780683313.4849946,0,0.3499999940395355,0,0,816,900,423158243,26,77,0.0,0.0,37.417606353759766,28.561874389648438,1,0,0.6000000238418579,0,0,1,0,0,8,0,0,0,8,99,1,0.0,0.0,32.11299514770508,28.40812110900879,1.5,0,44,0.0,0.0,0.0,0,1,0
1780683313.5050304,0,0.3499999940395355,0,0,816,900,423158243,26,77,0.0,0.0,37.417606353759766,28.561874389648438,1,0,0.6000000238418579,0,0,1,0,0,8,0,0,0,8,99,1,0.0,0.0,32.11299514770508,28.40812110900879,1.5,0,44,0.0,0.0,0.0,0,1,0
1780683313.5249386,0,0.3499999940395355,0,0,816,900,423158243,26,77,0.0,0.0,37.417606353759766,28.561874389648438,1,0,0.6000000238418579,0,0,1,0,0,8,0,0,0,8,99,1,0.0,0.0,32.11299514770508,28.40812110900879,1.5,0,44,0.0,0.0,0.0,0,1,0
1780683313.5448308,0,0.3499999940395355,0,0,816,900,423158243,26,77,0.0,0.0,37.417606353759766,28.561874389648438,1,0,0.6000000238418579,0,0,1,0,0,8,0,0,0,8,99,1,0.0,0.0,32.11299514770508,28.40812110900879,1.5,0,44,0.0,0.0,0.0,0,1,0
1780683313.564938,0,0.3499999940395355,0,0,816,900,423158243,26,77,0.0,0.0,37.417606353759766,28.561874389648438,1,0,0.6000000238418579,0,0,1,0,0,8,0,0,0,8,99,1,0.0,0.0,32.11299514770508,28.40812110900879,1.5,0,44,0.0,0.0,0.0,0,0,0
1780683313.58494,0,0.3499999940395355,0,0,816,900,423158243,26,77,0.0,0.0,37.417606353759766,28.561874389648438,0,0,0.6000000238418579,0,0,1,0,0,8,0,0,0,8,99,1,0.0,0.0,32.11299514770508,28.40812110900879,1.5,0,44,0.0,0.0,0.0,0,0,0
1780683313.605152,0,0.3499999940395355,0,0,816,900,423158243,26,77,0.0,0.0,37.417606353759766,28.561874389648438,0,0,0.6000000238418579,0,0,1,0,0,8,0,0,0,8,99,1,0.0,0.0,32.11299514770508,28.40812110900879,1.5,0,44,0.0,0.0,0.0,0,0,0
1780683313.6249216,0,0.3499999940395355,0,0,816,900,423158243,26,77,0.0,0.0,37.417606353759766,28.561874389648438,0,0,0.6000000238418579,0,0,1,0,0,8,0,0,0,8,99,1,0.0,0.0,32.11299514770508,28.40812110900879,1.5,0,44,0.0,0.0,0.0,0,0,0
1780683313.6448555,0,0.3499999940395355,0,0,816,900,423158243,26,77,0.0,0.0,37.417606353759766,28.561874389648438,0,0,0.6000000238418579,0,0,1,0,0,8,0,0,0,8,99,1,0.0,0.0,32.11299514770508,28.40812110900879,1.5,0,44,0.0,0.0,0.0,0,0,0
1780683313.664685,0,0.3499999940395355,0,0,816,900,423158243,26,77,0.0,0.0,37.417606353759766,28.561874389648438,0,0,0.6000000238418579,0,0,1,0,0,8,0,0,0,8,99,1,0.0,0.0,32.11299514770508,28.40812110900879,1.5,0,44,0.0,0.0,0.0,0,0,0
1780683313.6848574,0,0.3499999940395355,0,0,816,900,423158243,26,77,0.0,0.0,37.417606353759766,28.561874389648438,0,0,0.6000000238418579,0,0,1,0,0,8,0,0,0,8,99,1,-2.0,0.0,32.11299514770508,28.40812110900879,1.5,0,11,0.0,0.0,0.0,0,0,0
1780683313.7049248,0,0.3499999940395355,0,0,786,900,423158243,26,77,0.0,0.0,37.417606353759766,28.561874389648438,0,0,0.6000000238418579,0,0,1,0,0,8,0,0,0,8,99,1,-2.0,0.0,32.09150695800781,28.40812110900879,1.5,0,11,0.0,0.0,0.0,0,0,0
1780683313.7248878,0,0.3499999940395355,0,0,786,900,423158243,26,77,0.0,0.0,37.423744201660156,28.561874389648438,0,0,0.6000000238418579,0,0,1,0,0,8,0,0,0,8,99,1,-2.0,0.0,32.05150604248047,28.40812110900879,1.5,0,11,0.0,0.0,0.0,0,0,0
1780683313.7448146,0,0.3499999940395355,0,0,786,900,423158243,26,77,0.0,0.0,37.421531677246094,28.561874389648438,0,0,0.6000000238418579,0,0,1,0,0,8,0,0,0,8,99,1,-2.0,0.0,32.01152420043945,28.40812110900879,1.5,0,11,0.0,0.0,0.0,0,0,0
1780683313.7645185,0,0.3499999940395355,0,0,786,900,423158243,26,77,0.0,0.0,37.42011642456055,28.561874389648438,0,0,0.6000000238418579,0,0,1,0,0,8,0,0,0,8,99,1,-2.0,0.0,31.97150421142578,28.40812110900879,1.5,0,11,0.0,0.0,0.0,0,0,0
1780683313.7847233,0,0.3499999940395355,0,0,786,900,423158243,27,77,0.0,0.0,37.41920852661133,28.561874389648438,0,0,0.6000000238418579,0,0,1,0,0,8,0,0,0,8,99,1,-2.0,0.0,31.93150520324707,28.40812110900879,1.5,0,11,0.0,0.0,0.0,0,0,0
1780683313.804668,0,0.3499999940395355,0,0,786,900,423158243,27,77,0.0,0.0,37.41862869262695,28.561874389648438,0,0,0.6000000238418579,0,0,1,0,0,8,0,0,0,8,99,1,-2.0,0.0,31.891502380371094,28.40812110900879,1.5,0,11,0.0,0.0,0.0,0,0,0
1780683313.8252258,0,0.3499999940395355,0,0,786,900,423158243,27,77,0.0,0.0,37.41825866699219,28.561874389648438,0,0,0.6000000238418579,0,0,1,0,0,8,0,0,0,8,99,1,-2.0,0.0,31.851503372192383,28.40812110900879,1.5,0,11,0.0,0.0,0.0,0,0,0
1780683313.8444347,0,0.3499999940395355,0,0,786,900,423158243,27,77,0.0,0.0,37.41801834106445,28.561874389648438,0,0,0.6000000238418579,0,0,1,0,0,8,0,0,0,8,99,1,-2.0,0.0,31.811504364013672,28.40812110900879,1.5,0,11,0.0,0.0,0.0,0,0,0
1780683313.8647935,0,0.3499999940395355,0,0,786,900,423158243,27,77,0.0,0.0,37.41786575317383,28.561874389648438,0,0,0.6000000238418579,0,0,1,0,0,8,0,0,0,8,99,1,-2.0,0.0,31.771503448486328,28.40812110900879,1.5,0,11,0.0,0.0,0.0,0,0,0
1780683313.8847938,0,0.3499999940395355,0,0,786,900,423158243,27,77,0.0,0.0,37.41777038574219,28.561874389648438,0,0,0.6000000238418579,0,0,1,0,0,8,0,0,0,8,99,1,-2.0,0.0,31.731502532958984,28.40812110900879,1.5,0,11,0.0,0.0,0.0,0,0,0
1780683313.9047532,0,0.3499999940395355,0,0,786,900,423158243,27,77,0.0,0.0,37.41770935058594,28.561874389648438,0,0,0.6000000238418579,0,0,1,0,0,8,0,0,0,8,99,1,-2.0,0.0,31.69150161743164,28.40812110900879,1.5,0,11,0.0,0.0,0.0,0,0,0
1780683313.9246476,0,0.3499999940395355,0,0,786,900,423158243,27,77,0.0,0.0,37.417667388916016,28.561874389648438,0,0,0.6000000238418579,0,0,1,0,0,8,0,0,0,8,99,1,-2.0,0.0,31.651500701904297,28.40812110900879,1.5,0,11,0.0,0.0,0.0,0,0,0
1780683313.9448745,0,0.3499999940395355,0,0,786,900,423158243,69,77,0.0,0.0,37.417640686035156,28.561874389648438,0,0,0.6000000238418579,0,0,1,0,0,8,0,0,0,8,99,1,-2.0,0.0,31.611499786376953,28.40812110900879,1.5,0,11,0.0,0.0,0.0,0,0,0
1780683313.9649801,0,0.3499999940395355,0,0,786,900,423158243,69,77,0.0,0.0,37.417625427246094,28.561874389648438,0,0,0.6000000238418579,0,0,1,0,0,8,0,0,0,8,99,1,-2.0,0.0,31.57149887084961,28.40812110900879,1.5,0,11,0.0,0.0,0.0,0,0,0
1780683313.98563,0,0.3499999940395355,0,0,786,900,423158243,69,77,0.0,0.0,37.41761779785156,28.561874389648438,1,0,0.6000000238418579,0,0,1,0,0,8,0,0,0,8,99,1,-2.0,0.0,31.531497955322266,28.40812110900879,1.5,0,11,0.0,0.0,0.0,0,0,0
1780683314.0048547,0,0.3499999940395355,0,0,786,900,423158243,69,77,0.0,0.0,37.41761016845703,28.561874389648438,1,0,0.6000000238418579,0,0,1,0,0,8,0,0,0,8,99,1,0.0,0.0,31.512981414794922,28.40812110900879,1.5,0,11,0.0,0.0,0.0,0,0,0
1780683314.0250912,0,0.3499999940395355,0,0,786,900,423158243,69,77,0.0,0.0,37.417606353759766,28.561874389648438,1,0,0.6000000238418579,0,0,1,0,0,8,0,0,0,8,99,1,0.0,0.0,31.512981414794922,28.40812110900879,1.5,0,11,0.0,0.0,0.0,0,0,0
1780683314.04481,0,0.3499999940395355,0,0,786,900,423158243,69,77,0.0,0.0,37.417606353759766,28.561874389648438,1,0,0.6000000238418579,0,0,1,0,0,8,0,0,0,8,99,1,0.0,0.0,31.512981414794922,28.40812110900879,1.5,0,11,0.0,0.0,0.0,0,0,0
1780683314.0644774,0,0.3499999940395355,0,0,786,900,423158243,69,77,0.0,0.0,37.417606353759766,28.561874389648438,1,0,0.6000000238418579,0,0,1,0,0,8,0,0,0,8,99,1,0.0,0.0,31.512981414794922,28.40812110900879,1.5,0,11,0.0,0.0,0.0,0,0,0
1780683314.0850496,0,0.3499999940395355,0,0,786,900,423158243,69,77,0.0,0.0,37.417606353759766,28.561874389648438,1,0,0.6000000238418579,0,0,1,0,0,8,0,0,0,8,99,1,0.0,0.0,31.512981414794922,28.40812110900879,1.5,0,11,0.0,0.0,0.0,0,0,0
1780683314.1049418,0,0.3499999940395355,0,0,786,900,423158243,69,77,0.0,0.0,37.417606353759766,28.561874389648438,1,0,0.6000000238418579,0,0,1,0,0,8,0,0,0,8,99,1,0.0,0.0,31.512981414794922,28.40812110900879,1.5,0,11,0.0,0.0,0.0,0,0,0
1780683314.1245806,0,0.3499999940395355,0,0,786,900,423158243,69,77,0.0,0.0,37.417606353759766,28.561874389648438,1,0,0.6000000238418579,0,0,1,0,0,8,0,0,0,8,99,1,0.0,0.0,31.512981414794922,28.40812110900879,1.5,0,11,0.0,0.0,0.0,0,0,0
1780683314.144448,0,0.3499999940395355,0,0,786,900,423158243,69,77,0.0,0.0,37.417606353759766,28.561874389648438,1,0,0.6000000238418579,0,0,1,0,0,8,0,0,0,8,99,1,0.0,0.0,31.512981414794922,28.40812110900879,1.5,0,11,0.0,0.0,0.0,0,0,0
1780683314.1646929,0,0.3499999940395355,0,0,786,900,423158243,69,77,0.0,0.0,37.417606353759766,28.561874389648438,1,0,0.6000000238418579,0,0,1,0,0,8,0,0,0,8,99,1,0.0,0.0,31.512981414794922,28.40812110900879,1.5,0,11,0.0,0.0,0.0,0,0,0
1780683314.1848738,0,0.3499999940395355,0,0,786,900,423158243,45,77,-8.0,0.0,37.417606353759766,28.561874389648438,1,0,0.6000000238418579,0,0,1,0,0,8,0,0,0,8,99,1,0.0,0.0,31.512981414794922,28.40812110900879,1.5,0,11,0.0,0.0,0.0,0,0,0
1780683314.2048588,0,0.3499999940395355,0,0,786,900,423158243,45,77,-8.0,0.0,37.257606506347656,28.561874389648438,1,0,0.6000000238418579,0,0,1,0,0,8,0,0,0,8,99,1,0.0,0.0,31.512981414794922,28.40812110900879,1.5,0,11,0.0,0.0,0.0,0,0,0
1780683314.2249563,0,0.3499999940395355,0,0,786,900,423158243,45,77,-8.0,0.0,37.09760665893555,28.561874389648438,1,0,0.6000000238418579,0,0,1,0,0,8,0,0,0,8,99,1,0.0,0.0,31.512981414794922,28.40812110900879,1.5,0,11,0.0,0.0,0.0,0,0,0
1780683314.2447085,0,0.3499999940395355,0,0,786,900,423158243,45,77,-8.0,0.0,36.93760681152344,28.561874389648438,1,0,0.6000000238418579,0,0,1,0,0,8,0,0,0,8,99,1,0.0,0.0,31.512981414794922,28.40812110900879,1.5,0,11,0.0,0.0,0.0,0,0,0
1780683314.2646158,0,0.3499999940395355,0,0,786,900,423158243,45,77,-8.0,0.0,36.77760696411133,28.561874389648438,1,0,0.6000000238418579,0,0,1,0,0,8,0,0,0,8,99,1,0.0,0.0,31.512981414794922,28.40812110900879,1.5,0,11,0.0,0.0,0.0,0,1,0
1780683314.285014,0,0.3499999940395355,0,0,786,900,423158243,45,77,-8.0,0.0,36.61760711669922,28.561874389648438,1,0,0.6000000238418579,0,0,1,0,0,8,0,0,0,8,99,1,0.0,0.0,31.512981414794922,28.40812110900879,1.5,0,11,0.0,0.0,0.0,0,1,0
1780683314.3050666,0,0.3499999940395355,0,0,786,900,423158243,45,77,-8.0,0.0,36.45760726928711,28.561874389648438,1,0,0.6000000238418579,0,0,1,0,0,8,0,0,0,8,99,1,0.0,0.0,31.512981414794922,28.40812110900879,1.5,0,11,0.0,0.0,0.0,0,1,0
1780683314.32483,0,0.3499999940395355,0,0,786,900,423158243,45,77,-8.0,0.0,36.297607421875,28.561874389648438,1,0,0.6000000238418579,0,0,1,0,0,8,0,0,0,8,99,1,0.0,0.0,31.512981414794922,28.40812110900879,1.5,0,11,0.0,0.0,0.0,0,1,0
1780683314.344953,0,0.3499999940395355,0,0,786,900,423158243,45,77,-8.0,0.0,36.13760757446289,28.561874389648438,1,0,0.6000000238418579,0,0,1,0,0,8,0,0,0,8,99,1,0.0,0.0,31.512981414794922,28.40812110900879,1.5,0,11,0.0,0.0,0.0,0,1,0
1780683314.3652055,0,0.3499999940395355,0,0,786,900,423158243,45,77,-8.0,0.0,35.97760772705078,28.561874389648438,1,0,0.6000000238418579,0,0,1,0,0,8,0,0,0,8,99,1,0.0,0.0,31.512981414794922,28.40812110900879,1.5,0,11,0.0,0.0,0.0,0,0,0
1780683314.3850245,0,0.3499999940395355,0,0,786,900,423158243,45,77,-8.0,0.0,35.81760787963867,28.561874389648438,1,0,0.6000000238418579,0,0,1,0,0,8,0,0,0,8,99,1,0.0,0.0,31.512981414794922,28.40812110900879,1.5,0,11,0.0,0.0,0.0,0,0,0
1780683314.4049845,0,0.3499999940395355,0,0,786,900,423158243,45,77,-8.0,0.0,35.65760803222656,28.561874389648438,1,0,0.6000000238418579,0,0,1,0,0,8,0,0,0,8,99,1,0.0,0.0,31.512981414794922,28.40812110900879,1.5,0,11,0.0,0.0,0.0,0,0,0
1780683314.4253922,0,0.3499999940395355,0,0,786,900,423158243,45,77,-8.0,0.0,35.49760818481445,28.561874389648438,1,0,0.6000000238418579,0,0,1,0,0,8,0,0,0,8,99,1,0.0,0.0,31.512981414794922,28.40812110900879,1.5,0,11,0.0,0.0,0.0,0,0,0
1780683314.4450948,0,0.3499999940395355,0,0,786,900,423158243,45,77,-8.0,0.0,35.337608337402344,28.561874389648438,1,0,0.6000000238418579,0,0,1,0,0,8,0,0,0,8,99,1,0.0,0.0,31.512981414794922,28.40812110900879,1.5,0,11,0.0,0.0,0.0,0,0,0
1780683314.4646199,0,0.3499999940395355,0,0,786,900,423158243,45,77,-8.0,0.0,35.177608489990234,28.561874389648438,1,0,0.6000000238418579,0,0,1,0,0,8,0,0,0,8,99,1,0.0,0.0,31.512981414794922,28.40812110900879,1.5,0,11,0.0,0.0,0.0,0,0,0
1780683314.4848974,0,0.3499999940395355,0,0,786,900,423158243,45,77,-8.0,0.0,35.017608642578125,28.561874389648438,1,0,0.6000000238418579,0,0,1,0,0,8,0,0,0,8,99,1,0.0,0.0,31.512981414794922,28.40812110900879,1.5,0,11,0.0,0.0,0.0,0,0,0
1780683314.5050297,0,0.3499999940395355,0,0,786,900,423158243,45,77,-8.0,0.0,34.857608795166016,28.561874389648438,1,0,0.6000000238418579,0,0,1,0,0,8,0,0,0,8,99,1,0.0,0.0,31.512981414794922,28.40812110900879,1.5,0,11,0.0,0.0,0.0,0,0,0
1780683314.5250485,0,0.3499999940395355,0,0,786,900,423158243,45,77,-8.0,0.0,34.697608947753906,28.561874389648438,1,0,0.6000000238418579,0,0,1,0,0,8,0,0,0,8,99,1,0.0,0.0,31.512981414794922,28.40812110900879,1.5,0,11,0.0,0.0,0.0,0,0,0
1780683314.5450583,0,0.3499999940395355,0,0,786,900,423158243,45,77,-8.0,0.0,34.5376091003418,28.561874389648438,1,0,0.6000000238418579,0,0,1,0,0,8,0,0,0,8,99,1,0.0,0.0,31.512981414794922,28.40812110900879,1.5,0,11,0.0,0.0,0.0,0,0,0
1780683314.5649285,0,0.3499999940395355,0,0,786,900,423158243,45,77,-8.0,0.0,34.37760925292969,28.561874389648438,1,0,0.6000000238418579,0,0,1,0,0,8,0,0,0,8,99,1,0.0,0.0,31.512981414794922,28.40812110900879,1.5,0,11,0.0,0.0,0.0,0,0,0
1780683314.5850089,0,0.3499999940395355,0,0,786,900,423158243,45,77,-8.0,0.0,34.21760940551758,28.561874389648438,1,0,0.6000000238418579,0,0,1,0,0,8,0,0,0,8,99,1,0.0,0.0,31.512981414794922,28.40812110900879,1.5,0,11,0.0,0.0,0.0,0,0,0
1780683314.6047163,0,0.3499999940395355,0,0,786,900,423158243,45,77,-8.0,0.0,34.05760955810547,28.561874389648438,1,0,0.6000000238418579,0,0,1,0,0,8,0,0,0,8,99,1,0.0,0.0,31.512981414794922,28.40812110900879,1.5,0,11,0.0,0.0,0.0,0,0,0
1780683314.6249943,0,0.3499999940395355,0,0,786,900,423158243,45,77,-8.0,0.0,33.89760971069336,28.561874389648438,1,0,0.6000000238418579,0,0,1,0,0,8,0,0,0,8,99,1,0.0,0.0,31.512981414794922,28.40812110900879,1.5,0,11,0.0,0.0,0.0,0,0,0
1780683314.6448824,0,0.3499999940395355,0,0,786,900,423158243,45,77,-8.0,0.0,33.73760986328125,28.561874389648438,1,0,0.6000000238418579,0,0,1,0,0,8,0,0,0,8,99,1,0.0,0.0,31.512981414794922,28.40812110900879,1.5,0,11,0.0,0.0,0.0,0,0,0
1780683314.665099,0,0.3499999940395355,0,0,786,900,423158243,45,77,-8.0,0.0,33.57761001586914,28.561874389648438,1,0,0.6000000238418579,0,0,1,0,0,8,0,0,0,8,99,1,0.0,0.0,31.512981414794922,28.40812110900879,1.5,0,11,0.0,0.0,0.0,0,0,0
1780683314.6850631,0,0.3499999940395355,0,0,786,900,423158243,45,77,-8.0,0.0,33.41761016845703,28.561874389648438,1,0,0.6000000238418579,0,0,1,0,0,8,0,0,0,8,99,1,0.0,0.0,31.512981414794922,28.40812110900879,1.5,0,11,0.0,0.0,0.0,0,0,0
1780683314.7052639,0,0.3499999940395355,0,0,786,900,423158243,45,77,-8.0,0.0,33.25761032104492,28.561874389648438,1,0,0.6000000238418579,0,0,1,0,0,8,0,0,0,8,99,1,0.0,0.0,31.512981414794922,28.40812110900879,1.5,0,11,0.0,0.0,0.0,0,0,0
1780683314.7250085,0,0.3499999940395355,0,0,786,900,423158243,45,77,-8.0,0.0,33.09761047363281,28.561874389648438,1,0,0.6000000238418579,0,0,1,0,0,8,0,0,0,8,99,1,0.0,0.0,31.512981414794922,28.40812110900879,1.5,0,11,0.0,0.0,0.0,0,0,0
1780683314.7448251,0,0.3499999940395355,0,0,786,900,423158243,45,77,-8.0,0.0,32.9376106262207,28.561874389648438,1,0,0.6000000238418579,0,0,1,0,0,8,0,0,0,8,99,1,0.0,0.0,31.512981414794922,28.40812110900879,1.5,0,11,0.0,0.0,0.0,0,0,0
1780683314.7649956,0,0.3499999940395355,0,0,786,900,423158243,45,77,-8.0,0.0,32.777610778808594,28.561874389648438,1,0,0.6000000238418579,0,0,1,0,0,8,0,0,0,8,99,1,0.0,0.0,31.512981414794922,28.40812110900879,1.5,0,11,-1.0,0.0,0.0,0,0,0
1780683314.7851326,0,0.3499999940395355,0,0,786,900,423158243,45,77,-8.0,0.0,32.617610931396484,28.561874389648438,1,0,0.6000000238418579,0,0,1,0,0,8,0,0,0,8,99,1,0.0,0.0,31.512981414794922,28.40812110900879,1.5,0,11,-1.0,0.0,0.0,0,0,0
1780683314.8049414,0,0.3499999940395355,0,0,786,900,423158243,45,77,-8.0,0.0,32.457611083984375,28.561874389648438,1,0,0.6000000238418579,0,0,1,0,0,8,0,0,0,8,99,1,0.0,0.0,31.512981414794922,28.40812110900879,1.5,0,11,-1.0,0.0,0.0,0,0,0
1780683314.825395,0,0.3499999940395355,0,0,786,900,423158243,45,77,-8.0,0.0,32.297611236572266,28.561874389648438,1,0,0.6000000238418579,0,0,0,0,0,8,0,0,0,8,99,1,-8.300000190734863,0.0,31.423851013183594,28.40812110900879,1.5,0,11,-1.0,0.0,0.0,0,0,0
1780683314.8452103,0,0.3499999940395355,0,0,786,900,423158243,45,77,-8.0,0.0,32.137611389160156,28.561874389648438,1,0,0.6000000238418579,0,0,0,0,0,8,0,0,0,8,99,1,-8.300000190734863,0.0,31.257930755615234,28.40812110900879,1.5,0,11,-1.0,0.0,0.0,0,0,0
1780683314.8649435,0,0.3499999940395355,0,0,786,900,423158243,45,77,-8.0,0.0,31.977611541748047,28.561874389648438,1,0,0.6000000238418579,0,0,0,0,0,8,0,0,0,8,99,1,-8.300000190734863,0.0,31.09185028076172,28.40812110900879,1.5,0,11,-1.0,0.0,0.0,0,0,0
1780683314.8852262,0,0.3499999940395355,0,0,786,900,423158243,45,77,-8.0,0.0,31.817611694335938,28.561874389648438,1,0,0.6000000238418579,0,0,0,0,0,8,0,0,0,8,99,1,-8.300000190734863,0.0,30.92584991455078,28.40812110900879,1.5,0,11,-1.0,0.0,0.0,0,0,0
1780683314.9051127,0,0.3499999940395355,0,0,786,900,423158243,45,77,-8.0,0.0,31.657611846923828,28.561874389648438,1,0,0.6000000238418579,0,0,0,0,0,8,0,0,0,8,99,1,-8.300000190734863,0.0,30.759849548339844,28.40812110900879,1.5,0,11,-1.0,0.0,0.0,0,0,0
1780683314.9251583,0,0.3499999940395355,0,0,786,900,423158243,7,77,0.0,0.0,31.49761199951172,28.561874389648438,1,0,0.6000000238418579,0,0,0,0,0,8,0,0,0,8,99,1,-8.300000190734863,0.0,30.59393310546875,28.40812110900879,1.5,0,11,-1.0,0.0,0.0,0,0,0
1780683314.9447944,0,0.3499999940395355,0,0,786,900,423158243,7,77,0.0,0.0,31.49761199951172,28.561874389648438,1,0,0.6000000238418579,0,0,0,0,0,8,0,0,0,8,99,1,-8.300000190734863,0.0,30.427932739257812,28.40812110900879,1.5,0,11,-1.0,0.0,0.0,0,0,0
1780683314.9646318,0,0.3499999940395355,0,0,786,900,423158243,7,77,0.0,0.0,31.49761199951172,28.561874389648438,1,0,0.6000000238418579,0,0,0,0,0,8,0,0,0,8,99,1,-8.300000190734863,0.0,30.26184844970703,28.40812110900879,1.5,0,11,-1.0,0.0,0.0,0,0,0
1780683314.985582,0,0.3499999940395355,0,0,786,900,423158243,7,77,0.0,0.0,31.49761199951172,28.561874389648438,1,0,0.6000000238418579,0,0,0,0,0,8,0,0,0,8,99,1,-8.300000190734863,0.0,30.095848083496094,28.40812110900879,1.5,0,11,-1.0,0.0,0.0,0,0,0
1780683315.005281,0,0.3499999940395355,0,0,786,900,423158243,7,77,0.0,0.0,31.49761199951172,28.561874389648438,1,0,0.6000000238418579,0,0,0,0,0,8,0,0,0,8,99,1,-8.300000190734863,0.0,29.92984962463379,28.40812110900879,1.5,0,11,-1.0,0.0,0.0,0,0,0
1780683315.0251951,0,0.3499999940395355,0,0,786,900,423158243,7,77,0.0,0.0,31.49761199951172,28.561874389648438,1,0,0.6000000238418579,0,0,0,0,0,8,0,0,0,8,99,1,-8.300000190734863,0.0,29.76384735107422,28.40812110900879,1.5,0,11,-1.0,0.0,0.0,0,0,0
1780683315.0449939,0,0.3499999940395355,0,0,786,900,423158243,7,77,0.0,0.0,31.49761199951172,28.561874389648438,1,0,0.6000000238418579,0,0,0,0,0,8,0,0,0,8,99,1,-8.300000190734863,0.0,29.597843170166016,28.40812110900879,1.5,0,11,-1.0,0.0,0.0,0,0,0
1780683315.0648463,0,0.3499999940395355,0,0,786,900,423158243,7,77,0.0,0.0,31.49761199951172,28.561874389648438,1,0,0.6000000238418579,0,0,0,0,0,8,0,0,0,8,99,1,-8.300000190734863,0.0,29.431926727294922,28.40812110900879,1.5,0,11,-1.0,0.0,0.0,0,0,0
1780683315.08478,0,0.3499999940395355,0,0,786,900,423158243,7,77,0.0,0.0,31.49761199951172,28.561874389648438,1,0,0.6000000238418579,0,0,0,0,0,8,0,0,0,8,99,1,-8.300000190734863,0.0,29.26592445373535,28.40812110900879,1.5,0,11,-1.0,0.0,0.0,0,0,0
1780683315.1049628,0,0.3499999940395355,0,0,786,900,423158243,7,77,0.0,0.0,31.49761199951172,28.561874389648438,1,0,0.6000000238418579,0,0,0,0,0,8,0,0,0,8,99,1,-8.300000190734863,0.0,29.099924087524414,28.40812110900879,1.5,0,11,-1.0,0.0,0.0,0,0,0
1780683315.125109,0,0.3499999940395355,0,0,786,900,423158243,7,77,0.0,0.0,31.49761199951172,28.561874389648438,1,0,0.6000000238418579,0,0,0,0,0,8,0,0,0,8,99,1,-8.300000190734863,0.0,28.933923721313477,28.40812110900879,1.5,0,11,-1.0,0.0,0.0,0,0,0
1780683315.1448703,0,0.3499999940395355,0,0,786,900,423158243,7,77,0.0,0.0,31.49761199951172,28.561874389648438,1,0,0.6000000238418579,0,0,0,0,0,8,0,0,0,8,99,1,-8.300000190734863,0.0,28.76792335510254,28.40812110900879,1.5,0,11,-1.0,0.0,0.0,0,0,0
1780683315.1650498,0,0.3499999940395355,0,0,786,900,423158243,7,77,0.0,0.0,31.49761199951172,28.561874389648438,1,0,0.6000000238418579,0,0,0,0,0,8,0,0,0,8,99,1,-8.300000190734863,0.0,28.601924896240234,28.40812110900879,1.5,0,11,-1.0,0.0,0.0,0,0,0
1780683315.1847072,0,0.3499999940395355,0,0,786,900,423158243,7,77,0.0,0.0,31.49761199951172,28.561874389648438,1,0,0.6000000238418579,0,0,0,0,0,8,0,0,0,8,99,1,-8.300000190734863,0.0,28.435840606689453,28.40812110900879,1.5,0,11,-1.0,0.0,0.0,0,0,0
1780683315.2047067,0,0.3499999940395355,0,0,786,900,423158243,7,77,0.0,0.0,31.49761199951172,28.561874389648438,1,0,0.6000000238418579,0,0,0,0,0,8,0,0,0,8,99,1,-8.300000190734863,0.0,28.26984405517578,28.40812110900879,1.5,0,11,-1.0,0.0,0.0,0,0,0
1780683315.2251565,0,0.3499999940395355,0,0,786,900,423158243,7,77,0.0,0.0,31.49761199951172,28.561874389648438,1,0,0.6000000238418579,0,0,0,0,0,8,0,0,0,8,99,1,-8.300000190734863,0.0,28.103843688964844,28.40812110900879,1.5,0,11,-1.0,0.0,0.0,0,0,0
1780683315.2447941,0,0.3499999940395355,0,0,786,900,423158243,9,77,-4.916521072387695,41.0,31.49761199951172,28.561874389648438,1,0,0.6000000238418579,0,0,0,0,0,8,0,0,0,8,99,1,-8.300000190734863,0.0,27.937841415405273,28.40812110900879,1.5,0,11,-1.0,0.0,0.0,0,0,0
1780683315.2647772,0,0.3499999940395355,0,0,786,900,423158243,10,77,-4.916521072387695,39.20000076293945,31.399282455444336,29.345874786376953,1,0,0.6000000238418579,0,0,0,0,0,8,0,0,0,8,99,1,-8.300000190734863,0.0,27.771841049194336,28.40812110900879,1.5,0,11,-1.0,0.0,0.0,0,0,0
1780683315.2851734,0,0.3499999940395355,0,0,786,900,423158243,10,77,-4.916521072387695,37.400001525878906,31.300952911376953,30.093873977661133,1,0,0.6000000238418579,0,0,0,0,0,8,0,0,0,8,99,1,-8.300000190734863,0.0,27.60584259033203,28.40812110900879,1.5,0,11,-1.0,0.0,0.0,0,0,0
1780683315.3050067,0,0.3499999940395355,0,0,786,900,423158243,10,77,-4.916521072387695,35.60000228881836,31.20262336730957,30.80587387084961,1,0,0.6000000238418579,0,0,0,0,0,8,0,0,0,8,99,1,-8.300000190734863,0.0,27.439922332763672,28.40812110900879,1.5,0,11,-1.0,0.0,0.0,0,0,0
1780683315.3250153,0,0.3499999940395355,0,0,786,900,423158243,10,77,-4.916521072387695,33.80000305175781,31.104293823242188,31.481874465942383,1,0,0.6000000238418579,0,0,0,0,0,8,0,0,0,8,99,1,-8.300000190734863,0.0,27.273923873901367,28.40812110900879,1.5,0,11,-1.0,0.0,0.0,0,0,0
1780683315.345042,0,0.3499999940395355,0,0,786,900,423158243,10,77,-4.916521072387695,32.000003814697266,31.005964279174805,32.12187194824219,1,0,0.6000000238418579,0,0,0,0,0,8,0,0,0,8,99,1,-8.300000190734863,0.0,27.107925415039062,28.40812110900879,1.5,0,11,-1.0,0.0,0.0,0,0,0
1780683315.3654451,0,0.3499999940395355,0,0,786,900,423158243,10,77,-4.916521072387695,30.20000457763672,30.907634735107422,32.72587203979492,1,0,0.6000000238418579,0,0,0,0,0,8,0,0,0,8,99,1,-8.300000190734863,0.0,26.941923141479492,28.40812110900879,1.5,0,11,-1.0,0.0,0.0,0,0,0
1780683315.3869336,0,0.3499999940395355,0,0,786,900,423158243,10,77,-4.916521072387695,28.400005340576172,30.80930519104004,33.29387283325195,1,0,0.6000000238418579,0,0,0,0,0,8,0,0,0,8,99,1,-8.300000190734863,0.0,26.775836944580078,28.40812110900879,1.5,0,11,-1.0,0.0,0.0,0,0,0
1780683315.4067888,0,0.3499999940395355,0,0,786,900,423158243,10,77,-4.916521072387695,26.600006103515625,30.710975646972656,33.82587432861328,1,0,0.6000000238418579,0,0,0,0,0,8,0,0,0,8,99,1,-8.300000190734863,0.0,26.609840393066406,28.40812110900879,1.5,0,11,-1.0,0.0,0.0,0,0,0
1780683315.4268954,0,0.3499999940395355,0,0,786,900,423158243,10,77,-4.916521072387695,24.800006866455078,30.612646102905273,34.32187271118164,1,0,0.6000000238418579,0,0,0,0,0,8,0,0,0,8,99,1,-8.300000190734863,0.0,26.443836212158203,28.40812110900879,1.5,0,11,0.0,0.0,0.0,0,0,0
1780683315.4457455,0,0.3499999940395355,0,0,786,900,423158243,10,77,-4.916521072387695,23.00000762939453,30.51431655883789,34.7818717956543,1,0,0.6000000238418579,0,0,0,0,0,8,0,0,0,8,99,1,-8.300000190734863,0.0,26.27791976928711,28.40812110900879,1.5,0,11,0.0,0.0,0.0,0,0,0
1780683315.4648936,0,0.3499999940395355,0,0,786,900,423158243,14,77,-0.0,0.0,30.415987014770508,35.20587158203125,1,0,0.6000000238418579,0,0,0,0,0,8,0,0,0,8,99,1,-8.300000190734863,0.0,26.111919403076172,28.40812110900879,1.5,0,11,0.0,0.0,0.0,0,0,0
1780683315.4854913,0,0.3499999940395355,0,0,786,900,423158243,14,77,0.0,0.0,30.415987014770508,35.20587158203125,1,0,0.6000000238418579,0,0,0,0,0,8,0,0,0,8,99,1,0.0,0.0,26.034969329833984,28.40812110900879,1.5,0,11,0.0,0.0,0.0,0,0,0
1780683315.5053716,0,0.3499999940395355,0,0,786,900,423158243,14,77,0.0,0.0,30.415987014770508,35.20587158203125,1,0,0.6000000238418579,0,0,0,0,0,8,0,0,0,8,99,1,0.0,0.0,26.034969329833984,28.40812110900879,1.5,0,11,0.0,0.0,0.0,0,0,0
1780683315.5257797,0,0.3499999940395355,0,0,786,900,423158243,14,77,0.0,0.0,30.415987014770508,35.20587158203125,1,0,0.6000000238418579,0,0,0,0,0,8,0,0,0,8,99,1,0.0,0.0,26.034969329833984,28.40812110900879,1.5,0,11,0.0,0.0,0.0,0,0,0
1780683315.5452101,0,0.3499999940395355,0,0,786,900,423158243,14,77,0.0,0.0,30.415987014770508,35.20587158203125,1,0,0.6000000238418579,0,0,0,0,0,8,0,0,0,8,99,1,0.0,0.0,26.034969329833984,28.40812110900879,1.5,0,11,0.0,0.0,0.0,0,0,0
1780683315.5649357,0,0.3499999940395355,0,0,786,900,423158243,14,77,0.0,0.0,30.415987014770508,35.20587158203125,1,0,0.6000000238418579,0,0,0,0,0,8,0,0,0,8,99,1,0.0,0.0,26.034969329833984,28.40812110900879,1.5,0,11,0.0,0.0,0.0,0,0,0
1780683315.5849547,0,0.3499999940395355,0,0,786,900,423158243,14,77,0.0,0.0,30.415987014770508,35.20587158203125,1,0,0.6000000238418579,0,0,0,0,0,8,0,0,0,8,99,1,0.0,0.0,26.034969329833984,28.40812110900879,1.5,0,11,0.0,0.0,0.0,0,0,0
1780683315.6045573,0,0.3499999940395355,0,0,786,900,423158243,14,77,0.0,0.0,30.415987014770508,35.20587158203125,1,0,0.6000000238418579,0,0,0,0,0,8,0,0,0,8,99,1,0.0,0.0,26.034969329833984,28.40812110900879,1.5,0,11,0.0,0.0,0.0,0,0,0
1780683315.6251905,0,0.3499999940395355,0,0,786,900,423158243,14,77,0.0,0.0,30.415987014770508,35.20587158203125,1,0,0.6000000238418579,0,0,0,0,0,8,0,0,0,8,99,1,0.0,0.0,26.034969329833984,28.40812110900879,1.5,0,11,0.0,0.0,0.0,0,0,0
1780683315.6449718,0,0.3499999940395355,0,0,786,900,423158243,14,77,0.0,0.0,30.415987014770508,35.20587158203125,1,0,0.6000000238418579,0,0,0,0,0,8,0,0,0,8,99,1,0.0,0.0,26.034969329833984,28.40812110900879,1.5,0,11,0.0,0.0,0.0,0,0,0
1780683315.6645606,0,0.3499999940395355,0,0,786,900,423158243,14,77,0.0,0.0,30.415987014770508,35.20587158203125,1,0,0.6000000238418579,0,0,0,0,0,8,0,0,0,8,99,1,0.0,0.0,26.034969329833984,28.40812110900879,1.5,0,11,0.0,0.0,0.0,0,0,0
1780683315.6850164,0,0.3499999940395355,0,0,786,900,423158243,14,77,0.0,0.0,30.415987014770508,35.20587158203125,1,0,0.6000000238418579,0,0,0,0,0,8,0,0,0,8,99,1,0.0,0.0,26.034969329833984,28.40812110900879,1.5,0,11,0.0,0.0,0.0,0,0,0
1780683315.7049742,0,0.3499999940395355,0,0,786,900,423158243,14,77,0.0,0.0,30.415987014770508,35.20587158203125,1,0,0.6000000238418579,0,0,0,0,0,8,0,0,0,8,99,1,0.0,0.0,26.034969329833984,28.40812110900879,1.5,0,11,0.0,0.0,0.0,0,0,0
1780683315.7250214,0,0.3499999940395355,0,0,786,900,423158243,14,77,0.0,0.0,30.415987014770508,35.20587158203125,1,0,0.6000000238418579,0,0,0,0,0,8,0,0,0,8,99,1,0.0,0.0,26.034969329833984,28.40812110900879,1.5,0,11,0.0,0.0,0.0,0,0,0
1780683315.7450304,0,0.3499999940395355,0,0,786,900,423158243,14,77,0.0,0.0,30.415987014770508,35.20587158203125,1,0,0.6000000238418579,0,0,0,0,0,8,0,0,0,8,99,1,0.0,0.0,26.034969329833984,28.40812110900879,1.5,0,11,0.0,0.0,0.0,0,0,0
1780683315.7650018,0,0.3499999940395355,0,0,786,900,423158243,14,77,0.0,0.0,30.415987014770508,35.20587158203125,1,0,0.6000000238418579,0,0,0,0,0,8,0,0,0,8,99,1,0.0,0.0,26.034969329833984,28.40812110900879,1.5,0,11,0.0,0.0,0.0,0,0,0
1780683315.7849123,0,0.3499999940395355,0,0,786,900,423158243,14,77,0.0,0.0,30.415987014770508,35.20587158203125,1,0,0.6000000238418579,0,0,0,0,0,8,0,0,0,8,99,1,0.0,0.0,26.034969329833984,28.40812110900879,1.5,0,11,0.0,0.0,0.0,0,0,0
1780683315.8051097,0,0.3499999940395355,0,0,786,900,423158243,14,77,0.0,0.0,30.415987014770508,35.20587158203125,1,0,0.6000000238418579,0,0,0,0,0,8,0,0,0,8,99,1,0.0,0.0,26.034969329833984,28.40812110900879,1.5,0,11,1.0,0.0,0.0,0,0,0
1780683315.825054,0,0.3499999940395355,0,0,786,900,423158243,14,77,0.0,0.0,30.415987014770508,35.20587158203125,1,0,0.6000000238418579,0,0,0,0,0,8,0,0,0,8,99,1,0.0,0.0,26.034969329833984,28.40812110900879,1.5,0,11,1.0,-1.0,0.0,0,0,0
1780683315.845158,0,0.3499999940395355,0,0,786,900,423158243,14,77,0.0,0.0,30.415987014770508,35.20587158203125,1,0,0.6000000238418579,0,0,0,0,0,8,0,0,0,8,99,1,0.0,0.0,26.034969329833984,28.40812110900879,1.5,0,11,1.0,-1.0,0.0,0,0,0
1780683315.8646748,0,0.3499999940395355,0,0,786,900,423158243,14,77,0.0,0.0,30.415987014770508,35.20587158203125,1,0,0.6000000238418579,0,0,1,0,0,8,0,0,0,8,99,1,8.300000190734863,0.0,26.124095916748047,28.40812110900879,1.5,0,11,1.0,-1.0,0.0,0,0,0
1780683315.8849897,0,0.3499999940395355,0,0,786,900,423158243,14,77,0.0,0.0,30.415987014770508,35.20587158203125,1,0,0.6000000238418579,0,0,1,0,0,8,0,0,0,8,99,1,8.300000190734863,0.0,26.29009437561035,28.40812110900879,1.5,0,11,1.0,-1.0,0.0,0,0,0
1780683315.9050524,0,0.3499999940395355,0,0,786,900,423158243,15,77,-15.020792007446289,-25.968746185302734,30.415987014770508,35.20587158203125,1,0,0.6000000238418579,0,0,1,0,0,8,0,0,0,8,99,1,8.300000190734863,0.0,26.45609474182129,28.40812110900879,1.5,0,11,1.0,0.0,0.0,0,0,0
1780683315.9250803,0,0.3499999940395355,0,0,786,900,423158243,15,77,-15.020792007446289,-25.968746185302734,30.115571975708008,34.68649673461914,1,0,0.6000000238418579,0,0,1,0,0,8,0,0,0,8,99,1,8.300000190734863,0.0,26.62201499938965,28.40812110900879,1.5,0,11,1.0,0.0,0.0,0,0,0
1780683315.945213,0,0.3499999940395355,0,0,786,900,423158243,15,77,-15.020792007446289,-25.968746185302734,29.815156936645508,34.16712188720703,1,0,0.6000000238418579,0,0,1,0,0,8,0,0,0,8,99,1,8.300000190734863,0.0,26.788013458251953,28.40812110900879,1.5,0,11,1.0,0.0,0.0,0,0,0
1780683315.9649253,0,0.3499999940395355,0,0,786,900,423158243,15,77,-15.020792007446289,-25.968746185302734,29.514741897583008,33.64774703979492,1,0,0.6000000238418579,0,0,1,0,0,8,0,0,0,8,99,1,8.300000190734863,0.0,26.954097747802734,28.40812110900879,1.5,0,11,1.0,0.0,0.0,0,0,0
1780683315.985584,0,0.3499999940395355,0,0,786,900,423158243,15,77,-15.020792007446289,-25.968746185302734,29.214326858520508,33.12837219238281,1,0,0.6000000238418579,0,0,1,0,0,8,0,0,0,8,99,1,8.300000190734863,0.0,27.120098114013672,28.40812110900879,1.5,0,11,1.0,0.0,0.0,0,0,0
1780683316.004979,0,0.3499999940395355,0,0,786,900,423158243,15,77,-15.020792007446289,-25.968746185302734,28.913911819458008,32.6089973449707,1,0,0.6000000238418579,0,0,1,0,0,8,0,0,0,8,99,1,8.300000190734863,0.0,27.28609848022461,28.40812110900879,1.5,0,11,1.0,0.0,0.0,0,0,0
1780683316.02523,0,0.3499999940395355,0,0,786,900,423158243,15,77,-15.020792007446289,-25.968746185302734,28.613496780395508,32.089622497558594,1,0,0.6000000238418579,0,0,1,0,0,8,0,0,0,8,99,1,8.300000190734863,0.0,27.452016830444336,28.40812110900879,1.5,0,11,1.0,0.0,0.0,0,0,0
1780683316.0453055,0,0.3499999940395355,0,0,786,900,423158243,15,77,-15.020792007446289,-25.968746185302734,28.313081741333008,31.570247650146484,1,0,0.6000000238418579,0,0,1,0,0,8,0,0,0,8,99,1,8.300000190734863,0.0,27.61810302734375,28.40812110900879,1.5,0,11,1.0,0.0,0.0,0,0,0
1780683316.0648332,0,0.3499999940395355,0,0,786,900,423158243,15,77,-15.020792007446289,-25.968746185302734,28.012666702270508,31.050872802734375,1,0,0.6000000238418579,0,0,1,0,0,8,0,0,0,8,99,1,8.300000190734863,0.0,27.78402328491211,28.40812110900879,1.5,0,11,1.0,0.0,0.0,0,0,0
1780683316.0850844,0,0.3499999940395355,0,0,786,900,423158243,15,77,-15.020792007446289,-25.968746185302734,27.712251663208008,30.531497955322266,1,0,0.6000000238418579,0,0,1,0,0,8,0,0,0,8,99,1,8.300000190734863,0.0,27.950023651123047,28.40812110900879,1.5,0,11,0.0,0.0,0.0,0,0,0
1780683316.1054356,0,0.3499999940395355,0,0,786,900,423158243,15,77,-15.020792007446289,-25.968746185302734,27.411836624145508,30.012123107910156,1,0,0.6000000238418579,0,0,1,0,0,8,0,0,0,8,99,1,8.300000190734863,0.0,28.116024017333984,28.40812110900879,1.5,0,11,0.0,0.0,0.0,0,0,0
1780683316.1254456,0,0.3499999940395355,0,0,786,900,423158243,15,77,-15.020792007446289,-25.968746185302734,27.111421585083008,29.492748260498047,1,0,0.6000000238418579,0,0,1,0,0,8,0,0,0,8,99,1,0.0,0.0,28.192974090576172,28.40812110900879,1.5,0,11,0.0,0.0,0.0,0,0,0
1780683316.1454322,0,0.3499999940395355,0,0,786,900,423158243,15,77,-15.020792007446289,-25.968746185302734,26.811006546020508,28.973373413085938,1,0,0.6000000238418579,0,0,1,0,0,8,0,0,0,8,99,1,0.0,0.0,28.192974090576172,28.40812110900879,1.5,0,11,0.0,0.0,0.0,0,0,0
1780683316.165529,0,0.3499999940395355,0,0,786,900,423158243,15,77,-15.020792007446289,-25.968746185302734,26.510591506958008,28.453998565673828,1,0,0.6000000238418579,0,0,1,0,0,8,0,0,0,8,99,1,0.0,0.0,28.192974090576172,28.40812110900879,1.5,0,11,0.0,0.0,0.0,0,0,0
1780683316.1851015,0,0.3499999940395355,0,0,786,900,423158243,15,77,-15.020792007446289,-25.968746185302734,26.210176467895508,27.93462371826172,1,0,0.6000000238418579,0,0,1,0,0,8,0,0,0,8,99,1,0.0,0.0,28.192974090576172,28.40812110900879,1.5,0,11,-1.0,0.0,0.0,0,0,0
1780683316.205619,0,0.3499999940395355,0,0,786,900,423158243,47,77,-12.016633987426758,0.0,25.909761428833008,27.549999237060547,1,0,0.6000000238418579,0,0,1,0,0,8,0,0,0,8,99,1,0.0,0.0,28.192974090576172,28.40812110900879,1.5,0,11,-1.0,0.0,0.0,0,0,0
1780683316.2250757,0,0.3499999940395355,0,0,786,900,423158243,47,77,-9.613306999206543,0.0,25.71749496459961,28.295839309692383,1,0,0.6000000238418579,0,0,0,0,0,8,0,0,0,8,99,1,-8.300000190734863,0.0,28.103836059570312,28.40812110900879,1.5,0,11,-1.0,0.0,0.0,0,0,0
1780683316.2450144,0,0.3499999940395355,0,0,786,900,423158243,47,77,-7.690645694732666,0.0,25.563682556152344,28.492136001586914,1,0,0.6000000238418579,0,0,0,0,0,8,0,0,0,8,99,1,-8.300000190734863,0.0,27.937915802001953,28.40812110900879,1.5,0,11,-1.0,0.0,0.0,0,0,0
1780683316.2651467,0,0.3499999940395355,0,0,786,900,423158243,47,77,-6.152516841888428,0.0,25.440631866455078,28.54359245300293,1,0,0.6000000238418579,0,0,0,0,0,8,0,0,0,8,99,1,-8.300000190734863,0.0,27.771839141845703,28.40812110900879,1.5,0,11,-1.0,0.0,0.0,0,0,0
1780683316.2853148,0,0.3499999940395355,0,0,786,900,423158243,47,77,-4.922013759613037,0.0,25.342191696166992,28.55708122253418,1,0,0.6000000238418579,0,0,0,0,0,8,0,0,0,8,99,1,-8.300000190734863,0.0,27.6058406829834,28.40812110900879,1.5,0,11,-1.0,0.0,0.0,0,0,0
1780683316.3052385,0,0.3499999940395355,0,0,786,900,423158243,47,77,-3.9376111030578613,0.0,25.263439178466797,28.558807373046875,1,0,0.6000000238418579,0,0,0,0,0,8,0,0,0,8,99,1,-8.300000190734863,0.0,27.439922332763672,28.40812110900879,1.5,0,11,-1.0,0.0,0.0,0,0,0
1780683316.3252873,0,0.3499999940395355,0,0,786,900,423158243,47,77,-3.1500890254974365,0.0,25.200437545776367,28.559911727905273,1,0,0.6000000238418579,0,0,0,0,0,8,0,0,0,8,99,1,-8.300000190734863,0.0,27.27392578125,28.40812110900879,1.5,0,11,-1.0,0.0,0.0,0,0,1
1780683316.3455768,0,0.3499999940395355,1,0,786,900,423158243,47,77,-2.520071268081665,0.0,25.150035858154297,28.560619354248047,0,0,0.6000000238418579,0,0,0,0,0,8,0,1,0,8,99,1,-8.300000190734863,0.0,27.107925415039062,28.40812110900879,1.5,0,11,-1.0,0.0,0.0,0,0,1
1780683316.364992,0,0.3499999940395355,1,0,786,900,423158243,47,77,-2.016057014465332,0.0,25.10971450805664,28.561071395874023,0,0,0.6000000238418579,0,0,0,0,0,8,0,1,0,8,99,1,-8.300000190734863,0.0,26.941926956176758,28.40812110900879,1.5,0,11,-1.0,0.0,0.0,0,0,1
1780683316.385092,0,0.3499999940395355,1,0,765,900,423158243,47,77,-1.6128456592559814,0.0,25.077457427978516,28.561359405517578,0,0,0.6000000238418579,0,0,0,0,0,8,0,1,0,8,99,1,3.75,0.0,26.775928497314453,28.40812110900879,1.5,0,22,-1.0,0.0,0.0,0,0,1
1780683316.4051728,0,0.3499999940395355,1,0,765,900,423158243,47,77,-1.2902765274047852,0.0,24.751651763916016,28.56154441833496,0,0,0.6000000238418579,0,0,0,0,0,8,0,1,0,8,99,1,3.75,0.0,26.739200592041016,28.40812110900879,1.5,0,22,-1.0,0.0,0.0,0,0,1
1780683316.4252155,0,0.3499999940395355,1,0,765,900,423158243,47,77,-1.0322211980819702,0.0,24.431007385253906,28.561664581298828,0,0,0.6000000238418579,0,0,0,0,0,8,0,1,0,8,99,1,3.75,0.0,26.81420135498047,28.40812110900879,1.5,0,22,-1.0,0.0,0.0,0,0,1
1780683316.4450037,0,0.3499999940395355,1,0,765,900,423158243,47,77,-0.825776994228363,0.0,24.114492416381836,28.56174087524414,0,0,0.6000000238418579,0,0,0,0,0,8,0,1,0,8,99,1,3.75,0.0,26.889202117919922,28.40812110900879,1.5,0,22,-1.0,0.0,0.0,0,0,0
1780683316.4651608,0,0.3499999940395355,1,0,765,900,423158243,47,77,-0.6606215834617615,0.0,23.801280975341797,28.56178855895996,1,0,0.6000000238418579,0,0,0,0,0,8,0,1,0,8,99,1,3.75,0.0,26.96419906616211,28.40812110900879,1.5,0,22,-1.0,0.0,0.0,0,0,0
1780683316.4848201,0,0.3499999940395355,1,0,765,900,423158243,47,77,-0.5284972786903381,0.0,23.490711212158203,28.561819076538086,1,0,0.6000000238418579,0,0,0,0,0,8,0,1,0,8,99,1,3.75,0.0,27.039199829101562,28.40812110900879,1.5,0,22,-1.0,0.0,0.0,0,0,0
1780683316.5053115,0,0.3499999940395355,1,0,765,900,423158243,47,77,-0.422797828912735,0.0,23.1822566986084,28.561840057373047,1,0,0.6000000238418579,0,0,0,0,0,8,0,1,0,8,99,1,3.75,0.0,27.114198684692383,28.40812110900879,1.5,0,22,-1.0,0.0,0.0,0,0,0
1780683316.5252135,0,0.3499999940395355,1,0,765,900,423158243,47,77,-0.33823826909065247,0.0,22.875492095947266,28.561853408813477,1,0,0.6000000238418579,0,0,0,0,0,8,0,1,0,8,99,1,3.75,0.0,27.189239501953125,28.40812110900879,1.5,0,22,-1.0,0.0,0.0,0,0,0
1780683316.5450451,0,0.3499999940395355,1,0,765,900,423158243,47,77,-0.2705906331539154,0.0,22.57008171081543,28.561861038208008,1,0,0.6000000238418579,0,0,0,0,0,8,0,1,0,8,99,1,3.75,0.0,27.26424217224121,28.40812110900879,1.5,0,22,-1.0,0.0,0.0,0,0,0
1780683316.5648484,0,0.3499999940395355,1,0,765,900,423158243,47,77,-0.21647250652313232,0.0,22.565752029418945,28.561864852905273,1,0,0.6000000238418579,0,0,0,0,0,8,0,1,0,8,99,1,3.75,0.0,27.339244842529297,28.40812110900879,1.5,0,22,-1.0,0.0,0.0,0,0,0
1780683316.5850842,0,0.3499999940395355,1,0,765,900,423158243,47,77,-0.17317800223827362,0.0,22.562288284301758,28.56186866760254,1,0,0.6000000238418579,0,0,0,0,0,8,0,1,0,8,99,1,-8.300000190734863,0.0,27.284854888916016,28.40812110900879,1.5,0,22,-1.0,0.0,0.0,0,0,0
1780683316.604938,0,0.3499999940395355,1,0,765,900,423158243,47,77,-0.13854239881038666,0.0,22.55951690673828,28.561870574951172,1,0,0.6000000238418579,0,0,0,0,0,8,0,1,0,8,99,1,-8.300000190734863,0.0,27.118938446044922,28.40812110900879,1.5,0,22,-1.0,0.0,0.0,0,0,0
1780683316.6251473,0,0.3499999940395355,1,0,765,900,423158243,47,77,-0.11083392053842545,0.0,22.557300567626953,28.561870574951172,1,0,0.6000000238418579,0,0,0,0,0,8,0,1,0,8,99,1,-8.300000190734863,0.0,26.952938079833984,28.40812110900879,1.5,0,22,-1.0,0.0,0.0,0,0,0
1780683316.644857,0,0.3499999940395355,1,0,765,900,423158243,47,77,-0.0886671394109726,0.0,22.555526733398438,28.561870574951172,1,0,0.6000000238418579,0,0,0,0,0,8,0,1,0,8,99,1,-8.300000190734863,0.0,26.786941528320312,28.40812110900879,1.5,0,22,-1.0,0.0,0.0,0,0,0
1780683316.6647098,0,0.3499999940395355,1,0,765,900,423158243,47,77,-0.07093371450901031,0.0,22.554107666015625,28.561870574951172,1,0,0.6000000238418579,0,0,0,0,0,8,0,1,0,8,99,1,-8.300000190734863,0.0,26.62094497680664,28.40812110900879,1.5,0,22,-1.0,0.0,0.0,0,0,0
1780683316.6851566,0,0.3499999940395355,1,0,765,900,423158243,47,77,-0.05674697086215019,0.0,22.5529727935791,28.561870574951172,1,0,0.6000000238418579,0,0,0,0,0,8,0,1,0,8,99,1,-8.300000190734863,0.0,26.45494270324707,28.40812110900879,1.5,0,22,-1.0,0.0,0.0,0,0,0
1780683316.70497,0,0.3499999940395355,0,0,765,900,423158243,1,77,0.0,0.0,22.552064895629883,28.561870574951172,1,0,0.6000000238418579,0,0,0,0,0,8,0,0,0,8,99,1,-8.300000190734863,0.0,26.288942337036133,28.40812110900879,1.5,0,22,-1.0,0.0,0.0,0,0,0
1780683316.7255144,0,0.3499999940395355,0,0,765,900,423158243,1,77,0.0,0.0,22.552064895629883,28.561870574951172,1,0,0.6000000238418579,0,0,0,0,0,8,0,0,0,8,99,1,-8.300000190734863,0.0,26.122943878173828,28.40812110900879,1.5,0,22,-1.0,0.0,0.0,0,0,0
1780683316.74507,0,0.3499999940395355,0,0,765,900,423158243,1,77,0.0,0.0,22.552064895629883,28.561870574951172,1,0,0.6000000238418579,0,0,0,0,0,8,0,0,0,8,99,1,-8.300000190734863,0.0,25.956945419311523,28.40812110900879,1.5,0,22,-1.0,0.0,0.0,0,0,0
1780683316.764821,0,0.3499999940395355,0,0,765,900,423158243,1,77,0.0,0.0,22.552064895629883,28.561870574951172,1,0,0.6000000238418579,0,0,0,0,0,8,0,0,0,8,99,1,-8.300000190734863,0.0,25.79094696044922,28.40812110900879,1.5,0,22,-1.0,0.0,0.0,0,0,0
1780683316.785021,0,0.3499999940395355,0,0,765,900,423158243,1,77,0.0,0.0,22.552064895629883,28.561870574951172,1,0,0.6000000238418579,0,0,0,0,0,8,0,0,0,8,99,1,-8.300000190734863,0.0,25.62494468688965,28.40812110900879,1.5,0,22,-1.0,0.0,0.0,0,0,0
1780683316.8049507,0,0.3499999940395355,0,0,765,900,423158243,1,77,0.0,0.0,22.552064895629883,28.561870574951172,1,0,0.6000000238418579,0,0,0,0,0,8,0,0,0,8,99,1,-8.300000190734863,0.0,25.458946228027344,28.40812110900879,1.5,0,22,-1.0,0.0,0.0,0,0,0
1780683316.8250537,0,0.3499999940395355,0,0,765,900,423158243,1,77,0.0,0.0,22.552064895629883,28.561870574951172,1,0,0.6000000238418579,0,0,0,0,0,8,0,0,0,8,99,1,-8.300000190734863,0.0,25.292949676513672,28.40812110900879,1.5,0,22,-1.0,0.0,0.0,0,0,0
1780683316.8449354,0,0.3499999940395355,0,0,765,900,423158243,1,77,0.0,0.0,22.552064895629883,28.561870574951172,1,0,0.6000000238418579,0,0,0,0,0,8,0,0,0,8,99,1,-8.300000190734863,0.0,25.126951217651367,28.40812110900879,1.5,0,22,-1.0,0.0,0.0,0,0,1
1780683316.865004,0,0.3499999940395355,1,0,765,900,423158243,1,77,0.0,0.0,22.552064895629883,28.561870574951172,0,0,0.6000000238418579,0,0,0,0,0,8,0,1,0,8,99,1,-8.300000190734863,0.0,24.960952758789062,28.40812110900879,1.5,0,22,-1.0,0.0,0.0,0,0,1
1780683316.884913,0,0.3499999940395355,1,0,765,900,423158243,25,77,0.0,0.0,22.552064895629883,28.561870574951172,0,0,0.6000000238418579,0,0,0,0,0,8,0,1,0,8,99,1,-8.300000190734863,0.0,24.794952392578125,28.40812110900879,1.5,0,22,-1.0,0.0,0.0,0,0,1
1780683316.9049048,0,0.3499999940395355,1,0,744,900,423158243,25,77,0.0,0.0,22.552064895629883,28.561870574951172,0,0,0.6000000238418579,0,0,0,0,0,8,0,1,0,8,99,1,3.75,0.0,24.628955841064453,28.40812110900879,1.5,0,33,-1.0,0.0,0.0,0,0,1
1780683316.9249015,0,0.3499999940395355,1,0,744,900,423158243,25,77,0.0,0.0,22.252065658569336,28.561870574951172,0,0,0.6000000238418579,0,0,0,0,0,8,0,1,0,8,99,1,3.75,0.0,24.59218978881836,28.40812110900879,1.5,0,33,-1.0,0.0,0.0,0,0,1
1780683316.9453435,0,0.3499999940395355,1,0,744,900,423158243,25,77,0.0,0.0,21.95206642150879,28.561870574951172,0,0,0.6000000238418579,0,0,0,0,0,8,0,1,0,8,99,1,3.75,0.0,24.667190551757812,28.40812110900879,1.5,0,33,-1.0,0.0,0.0,0,0,1
1780683316.9649196,0,0.3499999940395355,1,0,744,900,423158243,25,77,0.0,0.0,21.652067184448242,28.561870574951172,1,0,0.6000000238418579,0,0,0,0,0,8,0,1,0,8,99,1,3.75,0.0,24.742191314697266,28.40812110900879,1.5,0,33,-1.0,0.0,0.0,0,0,0
1780683316.9852607,0,0.3499999940395355,1,0,744,900,423158243,25,77,0.0,0.0,21.352067947387695,28.561870574951172,1,0,0.6000000238418579,0,0,0,0,0,8,0,1,0,8,99,1,3.75,0.0,24.817190170288086,28.40812110900879,1.5,0,33,-1.0,0.0,0.0,0,0,0
1780683317.0050752,0,0.3499999940395355,1,0,744,900,423158243,25,77,0.0,0.0,21.05206871032715,28.561870574951172,1,0,0.6000000238418579,0,0,0,0,0,8,0,1,0,8,99,1,3.75,0.0,24.892189025878906,28.40812110900879,1.5,0,33,-1.0,0.0,0.0,0,0,0
1780683317.025104,0,0.3499999940395355,1,0,744,900,423158243,25,77,0.0,0.0,20.7520694732666,28.561870574951172,1,0,0.6000000238418579,0,0,0,0,0,8,0,1,0,8,99,1,3.75,0.0,24.967187881469727,28.40812110900879,1.5,0,33,-1.0,0.0,0.0,0,0,0
1780683317.0450892,0,0.3499999940395355,1,0,744,900,423158243,25,77,0.0,0.0,20.452070236206055,28.561870574951172,1,0,0.6000000238418579,0,0,0,0,0,8,0,1,0,8,99,1,3.75,0.0,25.04218864440918,28.40812110900879,1.5,0,33,-1.0,0.0,0.0,0,0,0
1780683317.064849,0,0.3499999940395355,1,0,744,900,423158243,25,77,0.0,0.0,20.152070999145508,28.561870574951172,1,0,0.6000000238418579,0,0,0,0,0,8,0,1,0,8,99,1,3.75,0.0,25.117189407348633,28.40812110900879,1.5,0,33,-1.0,0.0,0.0,0,0,0
1780683317.0850976,0,0.3499999940395355,1,0,744,900,423158243,25,77,0.0,0.0,20.152070999145508,28.561870574951172,1,0,0.6000000238418579,0,0,0,0,0,8,0,1,0,8,99,1,3.75,0.0,25.192188262939453,28.40812110900879,1.5,0,33,-1.0,0.0,0.0,0,0,0
1780683317.1050372,0,0.3499999940395355,1,0,744,900,423158243,25,77,0.0,0.0,20.152070999145508,28.561870574951172,1,0,0.6000000238418579,0,0,0,0,0,8,0,1,0,8,99,1,-8.300000190734863,0.0,25.137981414794922,28.40812110900879,1.5,0,33,-1.0,0.0,0.0,0,0,0
1780683317.124837,0,0.3499999940395355,1,0,744,900,423158243,25,77,0.0,0.0,20.152070999145508,28.561870574951172,1,0,0.6000000238418579,0,0,0,0,0,8,0,1,0,8,99,1,-8.300000190734863,0.0,24.971982955932617,28.40812110900879,1.5,0,33,-1.0,0.0,0.0,0,0,0
1780683317.1450634,0,0.3499999940395355,1,0,744,900,423158243,25,77,0.0,0.0,20.152070999145508,28.561870574951172,1,0,0.6000000238418579,0,0,0,0,0,8,0,1,0,8,99,1,-8.300000190734863,0.0,24.805984497070312,28.40812110900879,1.5,0,33,-1.0,0.0,0.0,0,0,0
1780683317.1648476,0,0.3499999940395355,1,0,744,900,423158243,25,77,0.0,0.0,20.152070999145508,28.561870574951172,1,0,0.6000000238418579,0,0,0,0,0,8,0,1,0,8,99,1,-8.300000190734863,0.0,24.63998794555664,28.40812110900879,1.5,0,33,-1.0,0.0,0.0,0,0,0
1780683317.1850083,0,0.3499999940395355,1,0,744,900,423158243,25,77,0.0,0.0,20.152070999145508,28.561870574951172,1,0,0.6000000238418579,0,0,0,0,0,8,0,1,0,8,99,1,-8.300000190734863,0.0,24.47399139404297,28.40812110900879,1.5,0,33,-1.0,0.0,0.0,0,0,0
1780683317.204771,0,0.3499999940395355,1,0,744,900,423158243,25,77,0.0,0.0,20.152070999145508,28.561870574951172,1,0,0.6000000238418579,0,0,0,0,0,8,0,1,0,8,99,1,-8.300000190734863,0.0,24.30799102783203,28.40812110900879,1.5,0,33,-1.0,0.0,0.0,0,0,0
1780683317.2248929,0,0.3499999940395355,0,0,744,900,423158243,25,77,0.0,0.0,20.152070999145508,28.561870574951172,1,0,0.6000000238418579,0,0,0,0,0,8,0,0,0,8,99,1,-8.300000190734863,0.0,24.14199447631836,28.40812110900879,1.5,0,33,-1.0,0.0,0.0,0,0,0
1780683317.2446446,0,0.3499999940395355,0,0,744,900,423158243,25,77,0.0,0.0,20.152070999145508,28.561870574951172,1,0,0.6000000238418579,0,0,0,0,0,8,0,0,0,8,99,1,-8.300000190734863,0.0,23.975994110107422,28.40812110900879,1.5,0,33,-1.0,0.0,0.0,0,0,0
1780683317.264554,0,0.3499999940395355,0,0,744,900,423158243,25,77,0.0,0.0,20.152070999145508,28.561870574951172,1,0,0.6000000238418579,0,0,0,0,0,8,0,0,0,8,99,1,-8.300000190734863,0.0,23.80991554260254,28.40812110900879,1.5,0,33,-1.0,0.0,0.0,0,0,0
1780683317.2849076,0,0.3499999940395355,0,0,744,900,423158243,25,77,0.0,0.0,20.152070999145508,28.561870574951172,1,0,0.6000000238418579,0,0,0,0,0,8,0,0,0,8,99,1,-8.300000190734863,0.0,23.643917083740234,28.40812110900879,1.5,0,33,-1.0,0.0,0.0,0,0,0
1780683317.3050737,0,0.3499999940395355,0,0,744,900,423158243,25,77,0.0,0.0,20.152070999145508,28.561870574951172,1,0,0.6000000238418579,0,0,0,0,0,8,0,0,0,8,99,1,-8.300000190734863,0.0,23.477920532226562,28.40812110900879,1.5,0,33,-1.0,0.0,0.0,0,0,0
1780683317.3250618,0,0.3499999940395355,0,0,744,900,423158243,25,77,0.0,0.0,20.152070999145508,28.561870574951172,1,0,0.6000000238418579,0,0,0,0,0,8,0,0,0,8,99,1,-8.300000190734863,0.0,23.311920166015625,28.40812110900879,1.5,0,33,-1.0,0.0,0.0,0,0,0
1780683317.3449457,0,0.3499999940395355,0,0,744,900,423158243,25,77,0.0,0.0,20.152070999145508,28.561870574951172,1,0,0.6000000238418579,0,0,0,0,0,8,0,0,0,8,99,1,-8.300000190734863,0.0,23.145919799804688,28.40812110900879,1.5,0,33,-1.0,0.0,0.0,0,0,0
1780683317.3645463,0,0.3499999940395355,0,0,744,900,423158243,25,77,0.0,0.0,20.152070999145508,28.561870574951172,1,0,0.6000000238418579,0,0,0,0,0,8,0,0,0,8,99,1,-8.300000190734863,0.0,22.979923248291016,28.40812110900879,1.5,0,33,-1.0,0.0,0.0,0,0,1
1780683317.385157,0,0.3499999940395355,1,0,744,900,423158243,25,77,0.0,0.0,20.152070999145508,28.561870574951172,0,0,0.6000000238418579,0,0,0,0,0,8,0,1,0,8,99,1,-8.300000190734863,0.0,22.813920974731445,28.40812110900879,1.5,0,33,-1.0,0.0,0.0,0,0,1
1780683317.4049184,0,0.3499999940395355,1,0,744,900,423158243,25,77,0.0,0.0,20.152070999145508,28.561870574951172,0,0,0.6000000238418579,0,0,0,0,0,8,0,1,0,8,99,1,-8.300000190734863,0.0,22.64792251586914,28.40812110900879,1.5,0,33,-1.0,0.0,0.0,0,0,1
1780683317.4246712,0,0.3499999940395355,1,0,723,900,423158243,25,77,0.0,0.0,20.152070999145508,28.561870574951172,0,0,0.6000000238418579,0,0,0,0,0,8,0,1,0,8,99,1,3.75,0.0,22.481922149658203,28.40812110900879,1.5,0,44,-1.0,0.0,0.0,0,0,1
1780683317.4447281,0,0.3499999940395355,1,0,723,900,423158243,25,77,0.0,0.0,19.85207176208496,28.561870574951172,0,0,0.6000000238418579,0,0,0,0,0,8,0,1,0,8,99,1,3.75,0.0,22.44516944885254,28.40812110900879,1.5,0,44,-1.0,0.0,0.0,0,0,1
1780683317.4647613,0,0.3499999940395355,1,0,723,900,423158243,25,77,0.0,0.0,19.552072525024414,28.561870574951172,0,0,0.6000000238418579,0,0,0,0,0,8,0,1,0,8,99,1,3.75,0.0,22.520206451416016,28.40812110900879,1.5,0,44,-1.0,0.0,0.0,0,0,0
1780683317.4852152,0,0.3499999940395355,1,0,723,900,423158243,25,77,0.0,0.0,19.252073287963867,28.561870574951172,0,0,0.6000000238418579,0,0,0,0,0,8,0,1,0,8,99,1,3.75,0.0,22.59520721435547,28.40812110900879,1.5,0,44,-1.0,1.0,0.0,0,0,0
1780683317.504918,0,0.3499999940395355,1,0,723,900,423158243,25,77,0.0,0.0,18.95207405090332,28.561870574951172,1,0,0.6000000238418579,0,0,0,0,0,8,0,1,0,8,99,1,3.75,0.0,22.670207977294922,28.40812110900879,1.5,0,44,0.0,0.0,0.0,0,0,0
1780683317.5252118,0,0.3499999940395355,1,0,723,900,423158243,25,77,0.0,0.0,18.652074813842773,28.561870574951172,1,0,0.6000000238418579,0,0,0,0,0,8,0,1,0,8,99,1,3.75,0.0,22.74517059326172,28.40812110900879,1.5,0,44,0.0,0.0,0.0,0,0,0
1780683317.5452728,0,0.3499999940395355,1,0,723,900,423158243,25,77,0.0,0.0,18.352075576782227,28.561870574951172,1,0,0.6000000238418579,0,0,0,0,0,8,0,1,0,8,99,1,3.75,0.0,22.820209503173828,28.40812110900879,1.5,0,44,0.0,0.0,0.0,0,0,0
1780683317.5647094,0,0.3499999940395355,1,0,723,900,423158243,25,77,0.0,0.0,18.05207633972168,28.561870574951172,1,0,0.6000000238418579,0,0,0,0,0,8,0,1,0,8,99,1,3.75,0.0,22.895172119140625,28.40812110900879,1.5,0,44,0.0,0.0,0.0,0,0,0
1780683317.5852823,0,0.3499999940395355,1,0,723,900,423158243,25,77,0.0,0.0,17.752077102661133,28.561870574951172,1,0,0.6000000238418579,0,0,0,0,0,8,0,1,0,8,99,1,3.75,0.0,22.970211029052734,28.40812110900879,1.5,0,44,0.0,0.0,0.0,0,0,0
1780683317.6051602,0,0.3499999940395355,1,0,723,900,423158243,25,77,0.0,0.0,17.752077102661133,28.561870574951172,1,0,0.6000000238418579,0,0,0,0,0,8,0,1,0,8,99,1,3.75,0.0,23.045211791992188,28.40812110900879,1.5,0,44,0.0,0.0,0.0,0,0,0
1780683317.625051,0,0.3499999940395355,1,0,723,900,423158243,25,77,0.0,0.0,17.752077102661133,28.561870574951172,1,0,0.6000000238418579,0,0,0,0,0,8,0,1,0,8,99,1,0.0,0.0,23.079978942871094,28.40812110900879,1.5,0,44,0.0,0.0,0.0,0,0,0
1780683317.644837,0,0.3499999940395355,1,0,723,900,423158243,25,77,0.0,0.0,17.752077102661133,28.561870574951172,1,0,0.6000000238418579,0,0,0,0,0,8,0,1,0,8,99,1,0.0,0.0,23.079978942871094,28.40812110900879,1.5,0,44,0.0,0.0,0.0,0,0,0
1780683317.664851,0,0.3499999940395355,1,0,723,900,423158243,25,77,0.0,0.0,17.752077102661133,28.561870574951172,1,0,0.6000000238418579,0,0,0,0,0,8,0,1,0,8,99,1,0.0,0.0,23.079978942871094,28.40812110900879,1.5,0,44,0.0,0.0,0.0,0,0,0
1780683317.6850412,0,0.3499999940395355,1,0,723,900,423158243,25,77,0.0,0.0,17.752077102661133,28.561870574951172,1,0,0.6000000238418579,0,0,0,0,0,8,0,1,0,8,99,1,0.0,0.0,23.079978942871094,28.40812110900879,1.5,0,44,0.0,0.0,0.0,0,0,0
1780683317.7051103,0,0.3499999940395355,1,0,723,900,423158243,25,77,0.0,0.0,17.752077102661133,28.561870574951172,1,0,0.6000000238418579,0,0,0,0,0,8,0,1,0,8,99,1,0.0,0.0,23.079978942871094,28.40812110900879,1.5,0,44,0.0,0.0,0.0,0,0,0
1780683317.7251906,0,0.3499999940395355,1,0,723,900,423158243,26,77,0.0,0.0,17.752077102661133,28.561870574951172,1,0,0.6000000238418579,0,0,0,0,0,8,0,1,0,8,99,1,0.0,0.0,23.079978942871094,28.40812110900879,1.5,0,44,0.0,0.0,0.0,0,0,0
1780683317.7453783,0,0.3499999940395355,0,0,723,900,423158243,26,77,0.0,0.0,17.752077102661133,28.561870574951172,1,0,0.6000000238418579,0,0,0,0,0,8,0,0,0,8,99,1,0.0,0.0,23.079978942871094,28.40812110900879,1.5,0,44,0.0,0.0,0.0,0,0,0
1780683317.7649143,0,0.3499999940395355,0,0,723,900,423158243,26,77,0.0,0.0,17.752077102661133,28.561870574951172,1,0,0.6000000238418579,0,0,0,0,0,8,0,0,0,8,99,1,0.0,0.0,23.079978942871094,28.40812110900879,1.5,0,44,0.0,0.0,0.0,0,0,0
1780683317.784981,0,0.3499999940395355,0,0,723,900,423158243,26,77,0.0,0.0,17.752077102661133,28.561870574951172,1,0,0.6000000238418579,0,0,0,0,0,8,0,0,0,8,99,1,0.0,0.0,23.079978942871094,28.40812110900879,1.5,0,44,0.0,0.0,0.0,0,0,0
1780683317.8050075,0,0.3499999940395355,0,0,723,900,423158243,26,77,0.0,0.0,17.752077102661133,28.561870574951172,1,0,0.6000000238418579,0,0,0,0,0,8,0,0,0,8,99,1,0.0,0.0,23.079978942871094,28.40812110900879,1.5,0,44,0.0,0.0,0.0,0,0,0
1780683317.8251626,0,0.3499999940395355,0,0,723,900,423158243,26,77,0.0,0.0,17.752077102661133,28.561870574951172,1,0,0.6000000238418579,0,0,0,0,0,8,0,0,0,8,99,1,0.0,0.0,23.079978942871094,28.40812110900879,1.5,0,44,0.0,0.0,0.0,0,0,0
1780683317.8447204,0,0.3499999940395355,0,0,723,900,423158243,26,77,0.0,0.0,17.752077102661133,28.561870574951172,1,0,0.6000000238418579,0,0,0,0,0,8,0,0,0,8,99,1,0.0,0.0,23.079978942871094,28.40812110900879,1.5,0,44,0.0,0.0,0.0,0,0,0
1780683317.8645403,0,0.3499999940395355,0,0,723,900,423158243,26,77,0.0,0.0,17.752077102661133,28.561870574951172,1,0,0.6000000238418579,0,0,0,0,0,8,0,0,0,8,99,1,0.0,0.0,23.079978942871094,28.40812110900879,1.5,0,44,0.0,0.0,0.0,0,0,0
1780683317.8848443,0,0.3499999940395355,0,0,723,900,423158243,26,77,0.0,0.0,17.752077102661133,28.561870574951172,1,0,0.6000000238418579,0,0,0,0,0,8,0,0,0,8,99,1,0.0,0.0,23.079978942871094,28.40812110900879,1.5,0,44,0.0,0.0,0.0,0,0,0
1780683317.9050245,0,0.3499999940395355,0,0,723,900,423158243,26,77,0.0,0.0,17.752077102661133,28.561870574951172,1,0,0.6000000238418579,0,0,0,0,0,8,0,0,0,8,99,1,0.0,0.0,23.079978942871094,28.40812110900879,1.5,0,44,0.0,0.0,0.0,0,0,0
1780683317.9250798,0,0.3499999940395355,0,0,723,900,423158243,26,77,0.0,0.0,17.752077102661133,28.561870574951172,1,0,0.6000000238418579,0,0,0,0,0,8,0,0,0,8,99,1,0.0,0.0,23.079978942871094,28.40812110900879,1.5,0,44,0.0,0.0,0.0,0,0,0
1780683317.9450533,0,0.3499999940395355,0,0,723,900,423158243,26,77,0.0,0.0,17.752077102661133,28.561870574951172,1,0,0.6000000238418579,0,0,0,0,0,8,0,0,0,8,99,1,0.0,0.0,23.079978942871094,28.40812110900879,1.5,0,44,0.0,0.0,0.0,0,1,0
1780683317.9649446,0,0.3499999940395355,0,0,723,900,423158243,26,77,0.0,0.0,17.752077102661133,28.561870574951172,1,0,0.6000000238418579,0,0,0,0,0,8,0,0,0,8,99,1,0.0,0.0,23.079978942871094,28.40812110900879,1.5,0,44,0.0,0.0,0.0,0,1,0
1780683317.9857419,0,0.3499999940395355,0,0,723,900,423158243,26,77,0.0,0.0,17.752077102661133,28.561870574951172,1,0,0.6000000238418579,0,0,0,0,0,8,0,0,0,8,99,1,0.0,0.0,23.079978942871094,28.40812110900879,1.5,0,44,0.0,0.0,0.0,0,1,0
1780683318.0053968,0,0.3499999940395355,0,0,723,900,423158243,26,77,0.0,0.0,17.752077102661133,28.561870574951172,1,0,0.6000000238418579,0,0,0,0,0,8,0,0,0,8,99,1,0.0,0.0,23.079978942871094,28.40812110900879,1.5,0,44,0.0,0.0,0.0,0,1,0
1780683318.025182,0,0.3499999940395355,0,0,723,900,423158243,26,77,0.0,0.0,17.752077102661133,28.561870574951172,1,0,0.6000000238418579,0,0,0,0,0,8,0,0,0,8,99,1,0.0,0.0,23.079978942871094,28.40812110900879,1.5,0,44,0.0,0.0,0.0,0,1,0
1780683318.0451055,0,0.3499999940395355,0,0,723,900,423158243,26,77,0.0,0.0,17.752077102661133,28.561870574951172,1,0,0.6000000238418579,0,0,0,0,0,8,0,0,0,8,99,1,0.0,0.0,23.079978942871094,28.40812110900879,1.5,0,44,0.0,0.0,0.0,0,1,0
1780683318.064872,0,0.3499999940395355,0,0,723,900,423158243,26,77,0.0,0.0,17.752077102661133,28.561870574951172,1,0,0.6000000238418579,0,0,0,0,0,8,0,0,0,8,99,1,0.0,0.0,23.079978942871094,28.40812110900879,1.5,0,44,0.0,0.0,0.0,0,0,0
1780683318.0849977,0,0.3499999940395355,0,0,723,900,423158243,26,77,0.0,0.0,17.752077102661133,28.561870574951172,0,0,0.6000000238418579,0,0,0,0,0,8,0,0,0,8,99,1,0.0,0.0,23.079978942871094,28.40812110900879,1.5,0,44,0.0,0.0,0.0,0,0,0
1780683318.105224,0,0.3499999940395355,0,0,723,900,423158243,26,77,0.0,0.0,17.752077102661133,28.561870574951172,0,0,0.6000000238418579,0,0,0,0,0,8,0,0,0,8,99,1,0.0,0.0,23.079978942871094,28.40812110900879,1.5,0,44,0.0,0.0,0.0,0,0,0
1780683318.1251948,0,0.3499999940395355,0,0,723,900,423158243,26,77,0.0,0.0,17.752077102661133,28.561870574951172,0,0,0.6000000238418579,0,0,0,0,0,8,0,0,0,8,99,1,0.0,0.0,23.079978942871094,28.40812110900879,1.5,0,44,0.0,0.0,0.0,0,0,0
1780683318.14538,0,0.3499999940395355,0,0,723,900,423158243,26,77,0.0,0.0,17.752077102661133,28.561870574951172,0,0,0.6000000238418579,0,0,0,0,0,8,0,0,0,8,99,1,0.0,0.0,23.079978942871094,28.40812110900879,1.5,0,44,0.0,0.0,0.0,0,0,0
1780683318.1648238,0,0.3499999940395355,0,0,723,900,423158243,26,77,0.0,0.0,17.752077102661133,28.561870574951172,0,0,0.6000000238418579,0,0,0,0,0,8,0,0,0,8,99,1,0.0,0.0,23.079978942871094,28.40812110900879,1.5,0,44,0.0,0.0,0.0,0,0,0
1780683318.185042,0,0.3499999940395355,0,0,723,900,423158243,26,77,0.0,0.0,17.752077102661133,28.561870574951172,0,0,0.6000000238418579,0,0,0,0,0,8,0,0,0,8,99,1,0.0,0.0,23.079978942871094,28.40812110900879,1.5,0,11,0.0,0.0,0.0,0,0,0
1780683318.2047331,0,0.3499999940395355,0,0,693,900,423158243,26,77,0.0,0.0,17.752077102661133,28.561870574951172,0,0,0.6000000238418579,0,0,0,0,0,8,0,0,0,8,99,1,2.0,0.0,23.101436614990234,28.40812110900879,1.5,0,11,0.0,0.0,0.0,0,0,0
1780683318.225316,0,0.3499999940395355,0,0,693,900,423158243,26,77,0.0,0.0,17.302078247070312,28.561870574951172,0,0,0.6000000238418579,0,0,0,0,0,8,0,0,0,8,99,1,2.0,0.0,23.141437530517578,28.40812110900879,1.5,0,11,0.0,0.0,0.0,0,0,0
1780683318.245079,0,0.3499999940395355,0,0,693,900,423158243,26,77,0.0,0.0,16.85207748413086,28.561870574951172,0,0,0.6000000238418579,0,0,0,0,0,8,0,0,0,8,99,1,2.0,0.0,23.181419372558594,28.40812110900879,1.5,0,11,0.0,0.0,0.0,0,0,0
1780683318.2646732,0,0.3499999940395355,0,0,693,900,423158243,26,77,0.0,0.0,16.402076721191406,28.561870574951172,0,0,0.6000000238418579,0,0,0,0,0,8,0,0,0,8,99,1,2.0,0.0,23.221439361572266,28.40812110900879,1.5,0,11,0.0,0.0,0.0,0,0,0
1780683318.285421,0,0.3499999940395355,0,0,693,900,423158243,26,77,0.0,0.0,15.95207691192627,28.561870574951172,0,0,0.6000000238418579,0,0,0,0,0,8,0,0,0,8,99,1,2.0,0.0,23.26144027709961,28.40812110900879,1.5,0,11,0.0,0.0,0.0,0,0,0
1780683318.304963,0,0.3499999940395355,0,0,693,900,423158243,26,77,0.0,0.0,15.582343101501465,28.561874389648438,0,0,0.6000000238418579,0,0,0,0,0,8,0,0,0,8,99,1,2.0,0.0,23.301441192626953,28.40812110900879,1.5,0,11,0.0,0.0,0.0,0,0,0
1780683318.3251762,0,0.3499999940395355,0,0,693,900,423158243,26,77,0.0,0.0,15.582364082336426,28.561874389648438,0,0,0.6000000238418579,0,0,0,0,0,8,0,0,0,8,99,1,2.0,0.0,23.341421127319336,28.40812110900879,1.5,0,11,0.0,0.0,0.0,0,0,0
1780683318.344935,0,0.3499999940395355,0,0,693,900,423158243,26,77,0.0,0.0,15.582377433776855,28.561874389648438,0,0,0.6000000238418579,0,0,0,0,0,8,0,0,0,8,99,1,2.0,0.0,23.381423950195312,28.40812110900879,1.5,0,11,0.0,0.0,0.0,0,0,0
1780683318.364992,0,0.3499999940395355,0,0,693,900,423158243,26,77,0.0,0.0,15.582386016845703,28.561874389648438,0,0,0.6000000238418579,0,0,0,0,0,8,0,0,0,8,99,1,2.0,0.0,23.42142105102539,28.40812110900879,1.5,0,11,0.0,0.0,0.0,0,0,0
1780683318.385204,0,0.3499999940395355,0,0,693,900,423158243,26,77,0.0,0.0,15.582391738891602,28.561874389648438,0,0,0.6000000238418579,0,0,0,0,0,8,0,0,0,8,99,1,2.0,0.0,23.461423873901367,28.40812110900879,1.5,0,11,0.0,0.0,0.0,0,0,0
1780683318.4051454,0,0.3499999940395355,0,0,693,900,423158243,26,77,0.0,0.0,15.582395553588867,28.561874389648438,0,0,0.6000000238418579,0,0,0,0,0,8,0,0,0,8,99,1,2.0,0.0,23.50142478942871,28.40812110900879,1.5,0,11,0.0,0.0,0.0,0,0,0
1780683318.42457,0,0.3499999940395355,0,0,693,900,423158243,26,77,0.0,0.0,15.5823974609375,28.561874389648438,0,0,0.6000000238418579,0,0,0,0,0,8,0,0,0,8,99,1,2.0,0.0,23.541423797607422,28.40812110900879,1.5,0,11,0.0,0.0,0.0,0,0,0
1780683318.4446986,0,0.3499999940395355,0,0,693,900,423158243,26,77,0.0,0.0,15.582399368286133,28.561874389648438,0,0,0.6000000238418579,0,0,0,0,0,8,0,0,0,8,99,1,2.0,0.0,23.581424713134766,28.40812110900879,1.5,0,11,0.0,0.0,0.0,0,0,0
1780683318.4646182,0,0.3499999940395355,0,0,693,900,423158243,26,77,0.0,0.0,15.58240032196045,28.561874389648438,0,0,0.6000000238418579,0,0,0,0,0,8,0,0,0,8,99,1,2.0,0.0,23.621444702148438,28.40812110900879,1.5,0,11,0.0,0.0,0.0,0,0,0
1780683318.4849713,0,0.3499999940395355,0,0,693,900,423158243,26,77,0.0,0.0,15.58240032196045,28.561874389648438,0,0,0.6000000238418579,0,0,0,0,0,8,0,0,0,8,99,1,2.0,0.0,23.661426544189453,28.40812110900879,1.5,0,11,0.0,0.0,0.0,0,0,0
1780683318.5051346,0,0.3499999940395355,0,0,693,900,423158243,26,77,0.0,0.0,15.58240032196045,28.561874389648438,1,0,0.6000000238418579,0,0,0,0,0,8,0,0,0,8,99,1,0.0,0.0,23.701427459716797,28.40812110900879,1.5,0,11,0.0,0.0,0.0,0,0,0
1780683318.5253675,0,0.3499999940395355,0,0,693,900,423158243,26,77,0.0,0.0,15.58240032196045,28.561874389648438,1,0,0.6000000238418579,0,0,0,0,0,8,0,0,0,8,99,1,0.0,0.0,23.719993591308594,28.40812110900879,1.5,0,11,0.0,0.0,0.0,0,0,0
1780683318.5449796,0,0.3499999940395355,0,0,693,900,423158243,26,77,0.0,0.0,15.58240032196045,28.561874389648438,1,0,0.6000000238418579,0,0,0,0,0,8,0,0,0,8,99,1,0.0,0.0,23.719993591308594,28.40812110900879,1.5,0,11,0.0,0.0,0.0,0,0,0
1780683318.5645945,0,0.3499999940395355,0,0,693,900,423158243,26,77,0.0,0.0,15.58240032196045,28.561874389648438,1,0,0.6000000238418579,0,0,0,0,0,8,0,0,0,8,99,1,0.0,0.0,23.719993591308594,28.40812110900879,1.5,0,11,0.0,0.0,0.0,0,0,0
1780683318.585077,0,0.3499999940395355,0,0,693,900,423158243,26,77,0.0,0.0,15.58240032196045,28.561874389648438,1,0,0.6000000238418579,0,0,0,0,0,8,0,0,0,8,99,1,0.0,0.0,23.719993591308594,28.40812110900879,1.5,0,11,0.0,0.0,0.0,0,0,0
1780683318.605092,0,0.3499999940395355,0,0,693,900,423158243,26,77,0.0,0.0,15.58240032196045,28.561874389648438,1,0,0.6000000238418579,0,0,0,0,0,8,0,0,0,8,99,1,0.0,0.0,23.719993591308594,28.40812110900879,1.5,0,11,0.0,0.0,0.0,0,0,0
1780683318.624882,0,0.3499999940395355,0,0,693,900,423158243,26,77,0.0,0.0,15.58240032196045,28.561874389648438,1,0,0.6000000238418579,0,0,0,0,0,8,0,0,0,8,99,1,0.0,0.0,23.719993591308594,28.40812110900879,1.5,0,11,0.0,0.0,0.0,0,0,0
1780683318.6445138,0,0.3499999940395355,0,0,693,900,423158243,26,77,0.0,0.0,15.58240032196045,28.561874389648438,1,0,0.6000000238418579,0,0,0,0,0,8,0,0,0,8,99,1,0.0,0.0,23.719993591308594,28.40812110900879,1.5,0,11,0.0,0.0,0.0,0,0,0
1780683318.6646383,0,0.3499999940395355,0,0,693,900,423158243,26,77,0.0,0.0,15.58240032196045,28.561874389648438,1,0,0.6000000238418579,0,0,0,0,0,8,0,0,0,8,99,1,0.0,0.0,23.719993591308594,28.40812110900879,1.5,0,11,0.0,0.0,0.0,0,0,0
1780683318.6857836,0,0.3499999940395355,0,0,693,900,423158243,26,77,0.0,0.0,15.58240032196045,28.561874389648438,1,0,0.6000000238418579,0,0,0,0,0,8,0,0,0,8,99,1,0.0,0.0,23.719993591308594,28.40812110900879,1.5,0,11,0.0,0.0,0.0,0,0,0
1780683318.7063363,0,0.3499999940395355,0,0,693,900,423158243,26,77,0.0,0.0,15.58240032196045,28.561874389648438,1,0,0.6000000238418579,0,0,0,0,0,8,0,0,0,8,99,1,0.0,0.0,23.719993591308594,28.40812110900879,1.5,0,11,0.0,0.0,0.0,0,0,0
1780683318.728506,0,0.3499999940395355,0,0,693,900,423158243,27,77,0.0,0.0,15.58240032196045,28.561874389648438,1,0,0.6000000238418579,0,0,0,0,0,8,0,0,0,8,99,1,0.0,0.0,23.719993591308594,28.40812110900879,1.5,0,11,-1.0,0.0,0.0,0,0,0
1780683318.7476053,0,0.3499999940395355,0,0,693,900,423158243,27,77,0.0,0.0,15.58240032196045,28.561874389648438,1,0,0.6000000238418579,0,0,0,0,0,8,0,0,0,8,99,1,0.0,0.0,23.719993591308594,28.40812110900879,1.5,0,11,-1.0,0.0,0.0,0,0,0
1780683318.7662778,0,0.3499999940395355,0,0,693,900,423158243,27,77,0.0,0.0,15.58240032196045,28.561874389648438,1,0,0.6000000238418579,0,0,0,0,0,8,0,0,0,8,99,1,0.0,0.0,23.719993591308594,28.40812110900879,1.5,0,11,-1.0,0.0,0.0,0,0,0
1780683318.7853882,0,0.3499999940395355,0,0,693,900,423158243,27,77,0.0,0.0,15.58240032196045,28.561874389648438,1,0,0.6000000238418579,0,0,0,0,0,8,0,0,0,8,99,1,-8.300000190734863,0.0,23.63094139099121,28.40812110900879,1.5,0,11,-1.0,0.0,0.0,0,0,0
1780683318.8052306,0,0.3499999940395355,0,0,693,900,423158243,27,77,0.0,0.0,15.58240032196045,28.561874389648438,1,0,0.6000000238418579,0,0,0,0,0,8,0,0,0,8,99,1,-8.300000190734863,0.0,23.464942932128906,28.40812110900879,1.5,0,11,-1.0,0.0,0.0,0,0,0
1780683318.8251095,0,0.3499999940395355,0,0,693,900,423158243,27,77,0.0,0.0,15.58240032196045,28.561874389648438,1,0,0.6000000238418579,0,0,0,0,0,8,0,0,0,8,99,1,-8.300000190734863,0.0,23.29902458190918,28.40812110900879,1.5,0,11,-1.0,0.0,0.0,0,0,0
1780683318.8448477,0,0.3499999940395355,0,0,693,900,423158243,27,77,0.0,0.0,15.58240032196045,28.561874389648438,1,0,0.6000000238418579,0,0,0,0,0,8,0,0,0,8,99,1,-8.300000190734863,0.0,23.13302230834961,28.40812110900879,1.5,0,11,-1.0,0.0,0.0,0,0,0
1780683318.864795,0,0.3499999940395355,0,0,693,900,423158243,27,77,0.0,0.0,15.58240032196045,28.561874389648438,1,0,0.6000000238418579,0,0,0,0,0,8,0,0,0,8,99,1,-8.300000190734863,0.0,22.967025756835938,28.40812110900879,1.5,0,11,-1.0,0.0,0.0,0,0,0
1780683318.8851347,0,0.3499999940395355,0,0,693,900,423158243,69,77,0.0,0.0,15.58240032196045,28.561874389648438,1,0,0.6000000238418579,0,0,0,0,0,8,0,0,0,8,99,1,-8.300000190734863,0.0,22.801025390625,28.40812110900879,1.5,0,11,-1.0,0.0,0.0,0,0,0
1780683318.90514,0,0.3499999940395355,0,0,693,900,423158243,69,77,0.0,0.0,15.58240032196045,28.561874389648438,1,0,0.6000000238418579,0,0,0,0,0,8,0,0,0,8,99,1,-8.300000190734863,0.0,22.635025024414062,28.40812110900879,1.5,0,11,-1.0,0.0,0.0,0,0,0
1780683318.9251475,0,0.3499999940395355,0,0,693,900,423158243,69,77,0.0,0.0,15.58240032196045,28.561874389648438,1,0,0.6000000238418579,0,0,0,0,0,8,0,0,0,8,99,1,-8.300000190734863,0.0,22.469024658203125,28.40812110900879,1.5,0,11,-1.0,0.0,0.0,0,0,0
1780683318.9451282,0,0.3499999940395355,0,0,693,900,423158243,69,77,0.0,0.0,15.58240032196045,28.561874389648438,1,0,0.6000000238418579,0,0,0,0,0,8,0,0,0,8,99,1,-8.300000190734863,0.0,22.303024291992188,28.40812110900879,1.5,0,11,-1.0,0.0,0.0,0,0,0
1780683318.9651258,0,0.3499999940395355,0,0,693,900,423158243,69,77,0.0,0.0,15.58240032196045,28.561874389648438,1,0,0.6000000238418579,0,0,0,0,0,8,0,0,0,8,99,1,-8.300000190734863,0.0,22.137027740478516,28.40812110900879,1.5,0,11,-1.0,0.0,0.0,0,0,0
1780683318.9855156,0,0.3499999940395355,0,0,693,900,423158243,69,77,0.0,0.0,15.58240032196045,28.561874389648438,1,0,0.6000000238418579,0,0,0,0,0,8,0,0,0,8,99,1,-8.300000190734863,0.0,21.971027374267578,28.40812110900879,1.5,0,11,-1.0,0.0,0.0,0,0,0
1780683319.0051618,0,0.3499999940395355,0,0,693,900,423158243,69,77,0.0,0.0,15.58240032196045,28.561874389648438,1,0,0.6000000238418579,0,0,0,0,0,8,0,0,0,8,99,1,-8.300000190734863,0.0,21.80502700805664,28.40812110900879,1.5,0,11,-1.0,0.0,0.0,0,0,0
1780683319.025084,0,0.3499999940395355,0,0,693,900,423158243,69,77,0.0,0.0,15.58240032196045,28.561874389648438,1,0,0.6000000238418579,0,0,0,0,0,8,0,0,0,8,99,1,-8.300000190734863,0.0,21.63903045654297,28.40812110900879,1.5,0,11,-1.0,0.0,0.0,0,0,0
1780683319.044951,0,0.3499999940395355,0,0,693,900,423158243,69,77,0.0,0.0,15.58240032196045,28.561874389648438,1,0,0.6000000238418579,0,0,0,0,0,8,0,0,0,8,99,1,-8.300000190734863,0.0,21.472942352294922,28.40812110900879,1.5,0,11,-1.0,0.0,0.0,0,0,0
1780683319.0647936,0,0.3499999940395355,0,0,693,900,423158243,69,77,0.0,0.0,15.58240032196045,28.561874389648438,1,0,0.6000000238418579,0,0,0,0,0,8,0,0,0,8,99,1,-8.300000190734863,0.0,21.306941986083984,28.40812110900879,1.5,0,11,-1.0,0.0,0.0,0,0,0
1780683319.085051,0,0.3499999940395355,0,0,693,900,423158243,69,77,0.0,0.0,15.58240032196045,28.561874389648438,1,0,0.6000000238418579,0,0,0,0,0,8,0,0,0,8,99,1,-8.300000190734863,0.0,21.14093780517578,28.40812110900879,1.5,0,11,-1.0,0.0,0.0,0,0,0
1780683319.1052325,0,0.3499999940395355,0,0,693,900,423158243,69,77,0.0,0.0,15.58240032196045,28.561874389648438,1,0,0.6000000238418579,0,0,0,0,0,8,0,0,0,8,99,1,-8.300000190734863,0.0,20.975019454956055,28.40812110900879,1.5,0,11,-1.0,0.0,0.0,0,0,0
1780683319.1250527,0,0.3499999940395355,0,0,693,900,423158243,69,77,0.0,0.0,15.58240032196045,28.561874389648438,1,0,0.6000000238418579,0,0,0,0,0,8,0,0,0,8,99,1,-8.300000190734863,0.0,20.809019088745117,28.40812110900879,1.5,0,11,-1.0,0.0,0.0,0,0,0
1780683319.1450102,0,0.3499999940395355,0,0,693,900,423158243,45,77,8.0,0.0,15.58240032196045,28.561874389648438,1,0,0.6000000238418579,0,0,0,0,0,8,0,0,0,8,99,1,-8.300000190734863,0.0,20.643020629882812,28.40812110900879,1.5,0,11,-1.0,0.0,0.0,0,0,0
1780683319.1650016,0,0.3499999940395355,0,0,693,900,423158243,45,77,8.0,0.0,15.742400169372559,28.561874389648438,1,0,0.6000000238418579,0,0,0,0,0,8,0,0,0,8,99,1,-8.300000190734863,0.0,20.477020263671875,28.40812110900879,1.5,0,11,-1.0,0.0,0.0,0,0,0
1780683319.1849942,0,0.3499999940395355,0,0,693,900,423158243,45,77,8.0,0.0,15.902400016784668,28.561874389648438,1,0,0.6000000238418579,0,0,0,0,0,8,0,0,0,8,99,1,-8.300000190734863,0.0,20.310935974121094,28.40812110900879,1.5,0,11,-1.0,0.0,0.0,0,0,0
1780683319.2048576,0,0.3499999940395355,0,0,693,900,423158243,45,77,8.0,0.0,16.06239891052246,28.561874389648438,1,0,0.6000000238418579,0,0,0,0,0,8,0,0,0,8,99,1,-8.300000190734863,0.0,20.144939422607422,28.40812110900879,1.5,0,11,-1.0,0.0,0.0,0,0,0
1780683319.2251856,0,0.3499999940395355,0,0,693,900,423158243,45,77,8.0,0.0,16.222400665283203,28.561874389648438,1,0,0.6000000238418579,0,0,0,0,0,8,0,0,0,8,99,1,-8.300000190734863,0.0,19.978939056396484,28.40812110900879,1.5,0,11,-1.0,0.0,0.0,0,0,0
1780683319.244911,0,0.3499999940395355,0,0,693,900,423158243,45,77,8.0,0.0,16.382400512695312,28.561874389648438,1,0,0.6000000238418579,0,0,0,0,0,8,0,0,0,8,99,1,-8.300000190734863,0.0,19.813018798828125,28.40812110900879,1.5,0,11,-1.0,0.0,0.0,0,0,0
1780683319.265041,0,0.3499999940395355,0,0,693,900,423158243,45,77,8.0,0.0,16.542400360107422,28.561874389648438,1,0,0.6000000238418579,0,0,0,0,0,8,0,0,0,8,99,1,-8.300000190734863,0.0,19.647022247314453,28.40812110900879,1.5,0,11,-1.0,0.0,0.0,0,0,0
1780683319.2853978,0,0.3499999940395355,0,0,693,900,423158243,45,77,8.0,0.0,16.70240020751953,28.561874389648438,1,0,0.6000000238418579,0,0,0,0,0,8,0,0,0,8,99,1,-8.300000190734863,0.0,19.48101806640625,28.40812110900879,1.5,0,11,-1.0,0.0,0.0,0,0,0
1780683319.3051713,0,0.3499999940395355,0,0,693,900,423158243,45,77,8.0,0.0,16.86240005493164,28.561874389648438,1,0,0.6000000238418579,0,0,0,0,0,8,0,0,0,8,99,1,-8.300000190734863,0.0,19.314931869506836,28.40812110900879,1.5,0,11,-1.0,0.0,0.0,0,0,1
1780683319.324932,0,0.3499999940395355,0,0,693,900,423158243,45,77,8.0,0.0,17.02239990234375,28.561874389648438,1,0,0.6000000238418579,0,0,0,0,0,8,0,0,0,8,99,1,-8.300000190734863,0.0,19.14901351928711,28.40812110900879,1.5,0,11,-1.0,0.0,0.0,0,0,1
1780683319.345355,0,0.3499999940395355,1,0,693,900,423158243,45,77,8.0,0.0,17.18239974975586,28.561874389648438,0,0,0.6000000238418579,0,0,0,0,0,8,0,1,0,8,99,1,-8.300000190734863,0.0,18.982927322387695,28.40812110900879,1.5,0,11,-1.0,0.0,0.0,0,0,1
1780683319.3648005,0,0.3499999940395355,1,0,693,900,423158243,45,77,8.0,0.0,17.34239959716797,28.561874389648438,0,0,0.6000000238418579,0,0,0,0,0,8,0,1,0,8,99,1,-8.300000190734863,0.0,18.81700897216797,28.40812110900879,1.5,0,11,-1.0,0.0,0.0,0,0,1
1780683319.3849497,0,0.3499999940395355,1,0,672,900,423158243,35,77,0.0,0.0,17.502399444580078,28.561874389648438,0,0,0.6000000238418579,0,0,0,0,0,8,0,1,0,8,99,1,3.75,0.0,18.650924682617188,28.40812110900879,1.5,0,22,-1.0,0.0,0.0,0,0,1
1780683319.4049685,0,0.3499999940395355,1,0,672,900,423158243,35,77,0.0,0.0,17.20240020751953,28.561874389648438,0,0,0.6000000238418579,0,0,0,0,0,8,0,1,0,8,99,1,3.75,0.0,18.61421775817871,28.40812110900879,1.5,0,22,-1.0,0.0,0.0,0,0,0
1780683319.4250958,0,0.3499999940395355,1,0,672,900,423158243,35,77,0.0,0.0,16.902400970458984,28.561874389648438,0,0,0.6000000238418579,0,0,0,0,0,8,0,1,0,8,99,1,3.75,0.0,18.689220428466797,28.40812110900879,1.5,0,22,-1.0,0.0,0.0,0,0,0
1780683319.445131,0,0.3499999940395355,1,0,672,900,423158243,35,77,0.0,0.0,16.602401733398438,28.561874389648438,1,0,0.6000000238418579,0,0,0,0,0,8,0,1,0,8,99,1,3.75,0.0,18.764183044433594,28.40812110900879,1.5,0,22,-1.0,0.0,0.0,0,0,0
1780683319.4644725,0,0.3499999940395355,1,0,672,900,423158243,35,77,0.0,0.0,16.496517181396484,28.561874389648438,1,0,0.6000000238418579,0,0,0,0,0,8,0,1,0,8,99,1,3.75,0.0,18.839221954345703,28.40812110900879,1.5,0,22,0.0,0.0,0.0,0,0,0
1780683319.484852,0,0.3499999940395355,1,0,672,900,423158243,35,77,0.0,0.0,16.498729705810547,28.561874389648438,1,0,0.6000000238418579,0,0,0,0,0,8,0,1,0,8,99,1,3.75,0.0,18.914222717285156,28.40812110900879,1.5,0,22,0.0,0.0,0.0,0,0,0
1780683319.5050333,0,0.3499999940395355,1,0,672,900,423158243,35,77,0.0,0.0,16.500144958496094,28.561874389648438,1,0,0.6000000238418579,0,0,0,0,0,8,0,1,0,8,99,1,3.75,0.0,18.98922348022461,28.40812110900879,1.5,0,22,0.0,0.0,0.0,0,0,0
1780683319.524927,0,0.3499999940395355,1,0,672,900,423158243,35,77,0.0,0.0,16.501049041748047,28.561874389648438,1,0,0.6000000238418579,0,0,0,0,0,8,0,1,0,8,99,1,3.75,0.0,19.06418800354004,28.40812110900879,1.5,0,22,0.0,0.0,0.0,0,0,0
1780683319.544985,0,0.3499999940395355,1,0,672,900,423158243,35,77,0.0,0.0,16.501628875732422,28.561874389648438,1,0,0.6000000238418579,0,0,0,0,0,8,0,1,0,8,99,1,3.75,0.0,19.13922691345215,28.40812110900879,1.5,0,22,0.0,0.0,0.0,0,0,0
1780683319.5651972,0,0.3499999940395355,1,0,672,900,423158243,35,77,0.0,0.0,16.50200080871582,28.561874389648438,1,0,0.6000000238418579,0,0,0,0,0,8,0,1,0,8,99,1,3.75,0.0,19.21422576904297,28.40812110900879,1.5,0,22,0.0,0.0,0.0,0,0,0
1780683319.5850015,0,0.3499999940395355,1,0,672,900,423158243,35,77,0.0,0.0,16.502239227294922,28.561874389648438,1,0,0.6000000238418579,0,0,0,0,0,8,0,1,0,8,99,1,0.0,0.0,19.24898910522461,28.40812110900879,1.5,0,22,0.0,0.0,0.0,0,0,0
1780683319.6046844,0,0.3499999940395355,1,0,672,900,423158243,35,77,0.0,0.0,16.502389907836914,28.561874389648438,1,0,0.6000000238418579,0,0,0,0,0,8,0,1,0,8,99,1,0.0,0.0,19.24898910522461,28.40812110900879,1.5,0,22,0.0,0.0,0.0,0,0,0
1780683319.6250699,0,0.3499999940395355,1,0,672,900,423158243,35,77,0.0,0.0,16.502487182617188,28.561874389648438,1,0,0.6000000238418579,0,0,0,0,0,8,0,1,0,8,99,1,0.0,0.0,19.24898910522461,28.40812110900879,1.5,0,22,0.0,0.0,0.0,0,0,0
1780683319.64464,0,0.3499999940395355,1,0,672,900,423158243,35,77,0.0,0.0,16.502548217773438,28.561874389648438,1,0,0.6000000238418579,0,0,0,0,0,8,0,1,0,8,99,1,0.0,0.0,19.24898910522461,28.40812110900879,1.5,0,22,0.0,0.0,0.0,0,0,0
1780683319.664765,0,0.3499999940395355,1,0,672,900,423158243,35,77,0.0,0.0,16.50259017944336,28.561874389648438,1,0,0.6000000238418579,0,0,0,0,0,8,0,1,0,8,99,1,0.0,0.0,19.24898910522461,28.40812110900879,1.5,0,22,0.0,0.0,0.0,0,0,0
1780683319.6847482,0,0.3499999940395355,1,0,672,900,423158243,35,77,0.0,0.0,16.50261688232422,28.561874389648438,1,0,0.6000000238418579,0,0,0,0,0,8,0,1,0,8,99,1,0.0,0.0,19.24898910522461,28.40812110900879,1.5,0,22,0.0,0.0,0.0,0,0,0
1780683319.705163,0,0.3499999940395355,0,0,672,900,423158243,35,77,0.0,0.0,16.50263214111328,28.561874389648438,1,0,0.6000000238418579,0,0,0,0,0,8,0,0,0,8,99,1,0.0,0.0,19.24898910522461,28.40812110900879,1.5,0,22,0.0,0.0,0.0,0,0,0
1780683319.724991,0,0.3499999940395355,0,0,672,900,423158243,35,77,0.0,0.0,16.502643585205078,28.561874389648438,1,0,0.6000000238418579,0,0,0,0,0,8,0,0,0,8,99,1,0.0,0.0,19.24898910522461,28.40812110900879,1.5,0,22,0.0,0.0,0.0,0,0,1
1780683319.7451928,0,0.3499999940395355,1,0,672,900,423158243,35,77,0.0,0.0,16.502649307250977,28.561874389648438,0,0,0.6000000238418579,0,0,0,0,0,8,0,1,0,8,99,1,0.0,0.0,19.24898910522461,28.40812110900879,1.5,0,22,0.0,0.0,0.0,0,0,1
1780683319.7649071,0,0.3499999940395355,1,0,672,900,423158243,35,77,0.0,0.0,16.502653121948242,28.561874389648438,0,0,0.6000000238418579,0,0,0,0,0,8,0,1,0,8,99,1,0.0,0.0,19.24898910522461,28.40812110900879,1.5,0,22,0.0,0.0,0.0,0,0,1
1780683319.7850964,0,0.3499999940395355,1,0,651,900,423158243,35,77,0.0,0.0,16.502655029296875,28.561874389648438,0,0,0.6000000238418579,0,0,0,0,0,8,0,1,0,8,99,1,3.75,0.0,19.24898910522461,28.40812110900879,1.5,0,33,0.0,0.0,0.0,0,0,1
1780683319.8047926,0,0.3499999940395355,1,0,651,900,423158243,35,77,0.0,0.0,16.496517181396484,28.561874389648438,0,0,0.6000000238418579,0,0,0,0,0,8,0,1,0,8,99,1,3.75,0.0,19.289222717285156,28.40812110900879,1.5,0,33,0.0,0.0,0.0,0,0,1
1780683319.8248873,0,0.3499999940395355,1,0,651,900,423158243,35,77,0.0,0.0,16.498727798461914,28.561874389648438,0,0,0.6000000238418579,0,0,0,0,0,8,0,1,0,8,99,1,3.75,0.0,19.36422348022461,28.40812110900879,1.5,0,33,0.0,0.0,0.0,0,0,1
1780683319.8447003,0,0.3499999940395355,1,0,651,900,423158243,35,77,0.0,0.0,16.500144958496094,28.561874389648438,0,0,0.6000000238418579,0,0,0,0,0,8,0,1,0,8,99,1,3.75,0.0,19.439186096191406,28.40812110900879,1.5,0,33,0.0,0.0,0.0,0,0,1
1780683319.8647468,0,0.3499999940395355,1,0,651,900,423158243,35,77,0.0,0.0,16.501049041748047,28.561874389648438,1,0,0.6000000238418579,0,0,0,0,0,8,0,1,0,8,99,1,3.75,0.0,19.514184951782227,28.40812110900879,1.5,0,33,0.0,0.0,0.0,0,0,0
1780683319.885177,0,0.3499999940395355,1,0,651,900,423158243,35,77,0.0,0.0,16.501628875732422,28.561874389648438,1,0,0.6000000238418579,0,0,0,0,0,8,0,1,0,8,99,1,3.75,0.0,19.589187622070312,28.40812110900879,1.5,0,33,0.0,0.0,0.0,0,0,0
1780683319.9050949,0,0.3499999940395355,1,0,651,900,423158243,35,77,0.0,0.0,16.50200080871582,28.561874389648438,1,0,0.6000000238418579,0,0,0,0,0,8,0,1,0,8,99,1,3.75,0.0,19.664186477661133,28.40812110900879,1.5,0,33,0.0,0.0,0.0,0,0,0
1780683319.9249268,0,0.3499999940395355,1,0,651,900,423158243,35,77,0.0,0.0,16.502239227294922,28.561874389648438,1,0,0.6000000238418579,0,0,0,0,0,8,0,1,0,8,99,1,3.75,0.0,19.739185333251953,28.40812110900879,1.5,0,33,0.0,0.0,0.0,0,0,0
1780683319.9448164,0,0.3499999940395355,1,0,651,900,423158243,35,77,0.0,0.0,16.502389907836914,28.561874389648438,1,0,0.6000000238418579,0,0,0,0,0,8,0,1,0,8,99,1,3.75,0.0,19.81418800354004,28.40812110900879,1.5,0,33,0.0,0.0,0.0,0,0,0
1780683319.9646657,0,0.3499999940395355,1,0,651,900,423158243,35,77,0.0,0.0,16.502487182617188,28.561874389648438,1,0,0.6000000238418579,0,0,0,0,0,8,0,1,0,8,99,1,3.75,0.0,19.88918685913086,28.40812110900879,1.5,0,33,1.0,0.0,0.0,0,0,0
1780683319.9854534,0,0.3499999940395355,1,0,651,900,423158243,35,77,0.0,0.0,16.502548217773438,28.561874389648438,1,0,0.6000000238418579,0,0,0,0,0,8,0,1,0,8,99,1,0.0,0.0,19.923995971679688,28.40812110900879,1.5,0,33,1.0,0.0,0.0,0,0,0
1780683320.004799,0,0.3499999940395355,1,0,651,900,423158243,35,77,0.0,0.0,16.50259017944336,28.561874389648438,1,0,0.6000000238418579,0,0,0,0,0,8,0,1,0,8,99,1,0.0,0.0,19.923995971679688,28.40812110900879,1.5,0,33,1.0,0.0,0.0,1,0,0
1780683320.0251586,0,0.3499999940395355,0,0,651,900,423158243,35,77,0.0,0.0,16.50261688232422,28.561874389648438,1,0,0.6000000238418579,0,0,1,0,0,8,0,0,1,8,99,1,8.300000190734863,0.0,20.012954711914062,28.40812110900879,1.5,0,33,1.0,0.0,0.0,1,0,0
1780683320.0449207,0,0.3499999940395355,0,0,651,900,423158243,35,77,0.0,0.0,16.50263214111328,28.561874389648438,1,0,0.6000000238418579,0,0,1,0,0,8,0,0,1,8,99,0,8.300000190734863,15.70199966430664,20.179035186767578,28.576568603515625,1.5,0,33,1.0,0.0,0.0,1,0,0
1780683320.0647597,0,0.3499999940395355,0,0,651,900,423158243,35,77,0.0,0.0,16.502643585205078,28.561874389648438,1,0,0.6000000238418579,0,0,1,0,0,8,0,0,1,8,99,0,8.300000190734863,15.70199966430664,20.345035552978516,28.890605926513672,1.5,0,33,0.0,0.0,0.0,1,0,0
1780683320.084733,0,0.3499999940395355,0,0,651,900,423158243,35,77,0.0,0.0,16.502649307250977,28.561874389648438,1,0,0.6000000238418579,0,0,1,0,0,8,0,0,1,8,99,0,8.300000190734863,15.70199966430664,20.511037826538086,29.204647064208984,1.5,0,33,0.0,0.0,0.0,1,0,0
1780683320.1051164,0,0.3499999940395355,0,0,651,900,423158243,35,77,0.0,0.0,16.502653121948242,28.561874389648438,1,0,0.6000000238418579,0,0,1,0,0,8,0,0,1,8,99,0,0.0,15.70199966430664,20.587997436523438,29.518529891967773,1.5,0,33,0.0,0.0,0.0,1,0,0
1780683320.12542,0,0.3499999940395355,0,0,651,900,423158243,35,77,0.0,0.0,16.502655029296875,28.561874389648438,1,0,0.6000000238418579,0,0,1,0,0,8,0,0,1,8,99,0,0.0,15.70199966430664,20.587997436523438,29.83256721496582,1.5,0,33,0.0,0.0,0.0,1,0,0
1780683320.1451833,0,0.3499999940395355,0,0,651,900,423158243,36,77,0.0,0.0,16.50265884399414,28.561874389648438,1,0,0.6000000238418579,0,0,1,0,0,8,0,0,1,8,99,0,0.0,15.70199966430664,20.587997436523438,30.146610260009766,1.5,0,33,0.0,0.0,0.0,1,0,0
1780683320.1647544,0,0.3499999940395355,0,0,651,900,423158243,37,77,0.0,0.0,16.50265884399414,28.561874389648438,1,0,0.6000000238418579,0,0,1,0,0,8,0,0,1,8,99,0,0.0,15.70199966430664,20.587997436523438,30.460811614990234,1.5,0,33,-1.0,-1.0,0.0,1,0,0
1780683320.1847708,0,0.3499999940395355,0,0,651,900,423158243,37,77,0.0,0.0,16.50265884399414,28.561874389648438,1,0,0.6000000238418579,0,0,1,0,0,8,0,0,1,8,99,0,0.0,15.70199966430664,20.587997436523438,30.77484893798828,1.5,0,33,-1.0,-1.0,0.0,1,0,0
1780683320.2051306,0,0.3499999940395355,0,0,651,900,423158243,37,77,0.0,0.0,16.50265884399414,28.561874389648438,1,0,0.6000000238418579,0,0,0,0,0,8,0,0,1,8,99,0,-8.300000190734863,15.70199966430664,20.498958587646484,31.088878631591797,1.5,0,33,-1.0,-1.0,0.0,1,0,0
1780683320.2251077,0,0.3499999940395355,0,0,651,900,423158243,37,77,0.0,0.0,16.50265884399414,28.561874389648438,1,0,0.6000000238418579,0,0,0,0,0,8,0,0,1,8,99,0,-8.300000190734863,15.70199966430664,20.33295249938965,31.40292739868164,1.5,0,33,-1.0,-1.0,0.0,1,0,0
1780683320.2456622,0,0.3499999940395355,0,0,651,900,423158243,37,77,0.0,0.0,16.50265884399414,28.561874389648438,1,0,0.6000000238418579,0,0,0,0,0,8,0,0,0,8,99,0,-8.300000190734863,14.753999710083008,20.167034149169922,31.706653594970703,1.5,0,33,-1.0,-1.0,0.0,1,0,0
1780683320.2651863,0,0.3499999940395355,0,0,651,900,423158243,37,77,0.0,0.0,16.50265884399414,28.561874389648438,1,0,0.6000000238418579,0,0,0,0,0,8,0,0,0,8,99,0,-8.300000190734863,13.805999755859375,20.000953674316406,31.99170684814453,1.5,0,33,-1.0,-1.0,0.0,1,0,0
1780683320.285095,0,0.3499999940395355,0,0,651,900,423158243,37,77,0.0,0.0,16.50265884399414,28.561874389648438,1,0,0.6000000238418579,0,0,0,0,0,8,0,0,0,8,99,0,-8.300000190734863,12.857999801635742,19.834951400756836,32.25765609741211,1.5,0,33,-1.0,-1.0,0.0,1,0,0
1780683320.3049355,0,0.3499999940395355,0,0,651,900,423158243,37,77,0.0,0.0,16.50265884399414,28.561874389648438,1,0,0.6000000238418579,0,0,0,0,0,8,0,0,0,8,99,0,-8.300000190734863,11.90999984741211,19.668956756591797,32.504638671875,1.5,0,33,-1.0,-1.0,0.0,1,0,0
1780683320.3251684,0,0.3499999940395355,0,0,651,900,423158243,37,77,0.0,0.0,16.50265884399414,28.561874389648438,1,0,0.6000000238418579,0,0,0,0,0,8,0,0,0,8,99,0,-8.300000190734863,10.961999893188477,19.503036499023438,32.73256301879883,1.5,0,33,-1.0,-1.0,0.0,1,0,0
1780683320.345258,0,0.3499999940395355,0,0,651,900,423158243,37,77,0.0,0.0,16.50265884399414,28.561874389648438,1,0,0.6000000238418579,0,0,0,0,0,8,0,0,0,8,99,0,-8.300000190734863,10.013999938964844,19.3370361328125,32.9416389465332,1.5,0,33,-1.0,-1.0,0.0,1,0,0
1780683320.3647752,0,0.3499999940395355,0,0,651,900,423158243,37,77,0.0,0.0,16.50265884399414,28.561874389648438,1,0,0.6000000238418579,0,0,0,0,0,8,0,0,0,8,99,0,-8.300000190734863,9.065999984741211,19.171039581298828,33.13175582885742,1.5,0,33,-1.0,-1.0,0.0,1,0,0
1780683320.3851027,0,0.3499999940395355,0,0,651,900,423158243,37,77,0.0,0.0,16.50265884399414,28.561874389648438,1,0,0.6000000238418579,0,0,0,0,0,8,0,0,0,8,99,0,-8.300000190734863,8.118000030517578,19.00503921508789,33.30291748046875,1.5,0,33,-1.0,-1.0,0.0,1,0,0
1780683320.4052222,0,0.3499999940395355,0,0,651,900,423158243,37,77,0.0,0.0,16.50265884399414,28.561874389648438,1,0,0.6000000238418579,0,0,0,0,0,8,0,0,0,8,99,0,-8.300000190734863,7.1700005531311035,18.839038848876953,33.455116271972656,1.5,0,33,-1.0,-1.0,0.0,0,0,0
1780683320.4251306,0,0.3499999940395355,0,0,651,900,423158243,37,77,0.0,0.0,16.50265884399414,28.561874389648438,1,0,0.6000000238418579,0,0,0,0,0,8,0,0,0,8,99,0,-8.300000190734863,6.222001075744629,18.67304229736328,33.58835220336914,1.5,0,33,-1.0,-1.0,0.0,0,0,0
1780683320.4447052,0,0.3499999940395355,0,0,651,900,423158243,37,77,0.0,0.0,16.50265884399414,28.561874389648438,1,0,0.6000000238418579,0,0,0,1,0,8,0,0,0,8,99,0,-8.300000190734863,-0.9479996562004089,18.507041931152344,33.635948181152344,1.5,0,33,-1.0,-1.0,0.0,0,0,0
1780683320.465049,0,0.3499999940395355,0,0,651,900,423158243,37,77,0.0,0.0,16.50265884399414,28.561874389648438,1,0,0.6000000238418579,0,0,0,1,0,8,0,0,0,8,99,0,-8.300000190734863,-1.8959993124008179,18.341045379638672,33.606834411621094,1.5,0,33,-1.0,-1.0,0.0,0,0,0
1780683320.4848847,0,0.3499999940395355,0,0,651,900,423158243,37,77,0.0,0.0,16.50265884399414,28.561874389648438,1,0,0.6000000238418579,0,0,0,1,0,8,0,0,0,8,99,0,-8.300000190734863,-2.843998908996582,18.175045013427734,33.558753967285156,1.5,0,33,-1.0,-1.0,0.0,0,0,0
1780683320.5049527,0,0.3499999940395355,0,0,651,900,423158243,37,77,0.0,0.0,16.50265884399414,28.561874389648438,1,0,0.6000000238418579,0,0,0,1,0,8,0,0,0,8,99,0,-8.300000190734863,-3.7919986248016357,18.009044647216797,33.49171447753906,1.5,0,33,-1.0,-1.0,0.0,0,1,0
1780683320.525097,0,0.3499999940395355,0,0,651,900,423158243,37,77,0.0,0.0,16.50265884399414,28.561874389648438,1,0,0.6000000238418579,0,0,0,1,0,8,0,0,0,8,99,0,-8.300000190734863,-4.7399983406066895,17.84304428100586,33.40571594238281,1.5,0,33,-1.0,-1.0,0.0,0,1,0
1780683320.54504,0,0.3499999940395355,0,0,651,900,423158243,37,77,0.0,0.0,16.50265884399414,28.561874389648438,1,0,0.6000000238418579,0,0,0,1,0,8,0,0,0,8,99,0,-8.300000190734863,-5.687997817993164,17.676956176757812,33.30070114135742,1.5,0,33,-1.0,-1.0,0.0,0,1,0
1780683320.5647283,0,0.3499999940395355,0,0,651,900,423158243,37,77,0.0,0.0,16.50265884399414,28.561874389648438,1,0,0.6000000238418579,0,0,0,1,0,8,0,0,0,8,99,0,-8.300000190734863,-6.635997295379639,17.511035919189453,33.17683410644531,1.5,0,33,-1.0,-1.0,0.0,0,1,0
1780683320.584933,0,0.3499999940395355,0,0,651,900,423158243,37,77,0.0,0.0,16.50265884399414,28.561874389648438,1,0,0.6000000238418579,0,0,0,1,0,8,0,0,0,8,99,0,-8.300000190734863,-7.583996772766113,17.344951629638672,33.033878326416016,1.5,0,33,-1.0,-1.0,0.0,0,1,0
1780683320.6049874,0,0.3499999940395355,0,0,651,900,423158243,37,77,0.0,0.0,16.50265884399414,28.561874389648438,0,0,0.6000000238418579,0,0,0,0,0,8,0,0,0,8,99,0,0.0,0.0,17.267990112304688,32.87202835083008,1.5,0,33,0.0,0.0,0.0,0,0,0
1780683320.6251774,0,0.3499999940395355,0,0,651,900,423158243,37,77,0.0,0.0,16.50265884399414,28.561874389648438,0,0,0.6000000238418579,0,0,0,0,0,8,0,0,0,8,99,0,0.0,0.0,17.267990112304688,32.79291534423828,1.5,0,33,0.0,0.0,0.0,0,0,0
1780683320.644797,0,0.3499999940395355,0,0,651,900,423158243,37,77,0.0,0.0,16.50265884399414,28.561874389648438,0,0,0.6000000238418579,0,0,0,0,0,8,0,0,0,8,99,0,0.0,0.0,17.267990112304688,32.79291534423828,1.5,0,33,0.0,0.0,0.0,0,0,0
1780683320.66465,0,0.3499999940395355,0,0,651,900,423158243,37,77,0.0,0.0,16.50265884399414,28.561874389648438,0,0,0.6000000238418579,0,0,0,0,0,8,0,0,0,8,99,0,0.0,0.0,17.267990112304688,32.79291534423828,1.5,0,33,0.0,0.0,0.0,0,0,0
1780683320.684973,0,0.3499999940395355,0,0,651,900,423158243,37,77,0.0,0.0,16.50265884399414,28.561874389648438,0,0,0.6000000238418579,0,0,0,0,0,8,0,0,0,8,99,0,0.0,0.0,17.267990112304688,32.79291534423828,1.5,0,33,0.0,0.0,0.0,0,0,0
1780683320.7050455,0,0.3499999940395355,0,0,651,900,423158243,37,77,0.0,0.0,16.50265884399414,28.561874389648438,0,0,0.6000000238418579,0,0,0,0,0,8,0,0,0,8,99,0,0.0,0.0,17.267990112304688,32.79291534423828,1.5,0,33,0.0,0.0,0.0,0,0,0
1780683320.72478,0,0.3499999940395355,0,0,651,900,423158243,37,77,0.0,0.0,16.50265884399414,28.561874389648438,0,0,0.6000000238418579,0,0,0,0,0,8,0,0,0,8,99,0,0.0,0.0,17.267990112304688,32.79291534423828,1.5,0,33,0.0,0.0,0.0,0,0,0
1780683320.7446835,0,0.3499999940395355,0,0,651,900,423158243,37,77,0.0,0.0,16.50265884399414,28.561874389648438,0,0,0.6000000238418579,0,0,0,0,0,8,0,0,0,8,99,0,0.0,0.0,17.267990112304688,32.79291534423828,1.5,0,33,0.0,0.0,0.0,0,0,0
1780683320.7647529,0,0.3499999940395355,0,0,651,900,423158243,37,77,0.0,0.0,16.50265884399414,28.561874389648438,0,0,0.6000000238418579,0,0,0,0,0,8,0,0,0,8,99,0,0.0,0.0,17.267990112304688,32.79291534423828,1.5,0,33,0.0,0.0,0.0,0,0,0
1780683320.7848582,0,0.3499999940395355,0,0,651,900,423158243,37,77,0.0,0.0,16.50265884399414,28.561874389648438,0,0,0.6000000238418579,0,0,0,0,0,8,0,0,0,8,99,0,0.0,0.0,17.267990112304688,32.79291534423828,1.5,0,33,0.0,0.0,0.0,0,0,0
1780683320.8048267,0,0.3499999940395355,0,0,651,900,423158243,37,77,0.0,0.0,16.50265884399414,28.561874389648438,0,0,0.6000000238418579,0,0,0,0,0,8,0,0,0,8,99,0,0.0,0.0,17.267990112304688,32.79291534423828,1.5,0,33,0.0,0.0,0.0,0,0,0
1780683320.8251135,0,0.3499999940395355,0,0,651,900,423158243,37,77,0.0,0.0,16.50265884399414,28.561874389648438,0,0,0.6000000238418579,0,0,0,0,0,8,0,0,0,8,99,0,0.0,0.0,17.267990112304688,32.79291534423828,1.5,0,33,0.0,0.0,0.0,0,0,0
1780683320.844911,0,0.3499999940395355,0,0,651,900,423158243,37,77,0.0,0.0,16.50265884399414,28.561874389648438,0,0,0.6000000238418579,0,0,0,0,0,8,0,0,0,8,99,0,0.0,0.0,17.267990112304688,32.79291534423828,1.5,0,33,0.0,0.0,0.0,0,0,0
1780683320.864776,0,0.3499999940395355,0,0,651,900,423158243,37,77,0.0,0.0,16.50265884399414,28.561874389648438,0,0,0.6000000238418579,0,0,0,1,0,8,0,0,0,8,99,0,0.0,-50.0,17.267990112304688,32.79291534423828,1.5,0,0,0.0,0.0,0.0,0,0,0
1780683320.8849304,0,0.3499999940395355,0,0,651,900,423158243,37,77,0.0,0.0,16.50265884399414,28.561874389648438,0,0,0.6000000238418579,0,0,0,1,0,8,0,0,0,8,99,0,0.0,-50.0,17.267990112304688,32.257110595703125,1.5,0,0,0.0,0.0,0.0,0,0,0
1780683320.9049275,0,0.3499999940395355,0,0,651,900,423158243,37,77,0.0,0.0,16.50265884399414,28.561874389648438,0,0,0.6000000238418579,0,0,0,1,0,8,0,0,0,8,99,0,0.0,-50.0,17.267990112304688,31.25711441040039,1.5,0,0,0.0,0.0,0.0,0,0,0
1780683320.924836,0,0.3499999940395355,0,0,651,900,423158243,37,77,0.0,0.0,16.50265884399414,28.561874389648438,0,0,0.6000000238418579,0,0,0,1,0,8,0,0,0,8,99,0,0.0,-50.0,17.267990112304688,30.25713348388672,1.5,0,0,0.0,0.0,0.0,0,0,0
1780683320.9447618,0,0.3499999940395355,0,0,636,900,423158243,37,77,0.0,0.0,16.50265884399414,28.561874389648438,0,0,0.6000000238418579,0,0,0,1,0,8,0,0,0,8,99,0,0.0,-50.0,17.267990112304688,29.256624221801758,1.5,0,0,0.0,0.0,0.0,0,0,0
1780683320.9647555,0,0.3499999940395355,0,0,636,900,423158243,37,77,0.0,0.0,16.50265884399414,28.561874389648438,0,0,0.6000000238418579,0,0,0,0,0,8,0,0,0,8,99,1,0.0,0.0,17.267990112304688,28.5865421295166,1.5,0,0,0.0,0.0,0.0,0,0,0
1780683320.9855645,0,0.3499999940395355,0,0,636,900,423158243,37,77,0.0,0.0,16.50265884399414,28.561874389648438,0,0,0.6000000238418579,0,0,0,0,0,8,0,0,0,8,99,1,0.0,0.0,17.267990112304688,28.408092498779297,1.5,0,0,0.0,0.0,0.0,0,0,0
1780683321.0046961,0,0.3499999940395355,0,0,636,900,423158243,37,77,0.0,0.0,16.50265884399414,28.561874389648438,0,0,0.6000000238418579,0,0,0,0,0,8,0,0,0,8,99,1,0.0,0.0,17.267990112304688,28.408105850219727,1.5,0,0,0.0,0.0,0.0,0,0,0
1780683321.0250618,0,0.3499999940395355,0,0,636,900,423158243,37,77,0.0,0.0,16.50265884399414,28.561874389648438,0,0,0.6000000238418579,0,0,0,0,0,8,0,0,0,8,99,1,0.0,0.0,17.267990112304688,28.408111572265625,1.5,0,0,0.0,0.0,0.0,0,0,0
1780683321.0448506,0,0.3499999940395355,0,0,636,900,423158243,37,77,0.0,0.0,16.50265884399414,28.561874389648438,0,0,0.6000000238418579,0,0,0,0,0,8,0,0,0,8,99,1,0.0,0.0,17.267990112304688,28.408119201660156,1.5,0,0,0.0,0.0,0.0,0,0,0
1780683321.0645928,0,0.3499999940395355,0,0,636,900,423158243,37,77,0.0,0.0,16.50265884399414,28.561874389648438,0,0,0.6000000238418579,0,0,0,0,0,8,0,0,0,8,99,1,0.0,0.0,17.267990112304688,28.408119201660156,1.5,0,0,0.0,0.0,0.0,0,0,0
1780683321.0844636,0,0.3499999940395355,0,0,636,900,423158243,37,77,0.0,0.0,16.50265884399414,28.561874389648438,0,0,0.6000000238418579,0,0,0,0,0,8,0,0,0,8,99,1,0.0,0.0,17.267990112304688,28.40812110900879,1.5,0,0,0.0,0.0,0.0,0,0,0
1780683321.1045985,0,0.3499999940395355,0,0,636,900,423158243,37,77,0.0,0.0,16.50265884399414,28.561874389648438,0,0,0.6000000238418579,0,0,0,0,0,8,0,0,0,8,99,1,0.0,0.0,17.267990112304688,28.40812110900879,1.5,0,0,0.0,0.0,0.0,0,0,0
1780683321.1248024,0,0.3499999940395355,0,0,636,900,423158243,37,77,0.0,0.0,16.50265884399414,28.561874389648438,0,0,0.6000000238418579,0,0,0,0,0,8,0,0,0,8,99,1,0.0,0.0,17.267990112304688,28.40812110900879,1.5,0,0,0.0,0.0,0.0,0,0,0
1780683321.1445742,0,0.3499999940395355,0,0,636,900,423158243,37,77,0.0,0.0,16.50265884399414,28.561874389648438,0,0,0.6000000238418579,0,0,0,0,0,8,0,0,0,8,99,1,0.0,0.0,17.267990112304688,28.40812110900879,1.5,0,0,0.0,0.0,0.0,0,0,0
1780683321.1645677,0,0.3499999940395355,0,0,636,900,423158243,37,77,0.0,0.0,16.50265884399414,28.561874389648438,0,0,0.6000000238418579,0,0,0,0,0,8,0,0,0,8,99,1,0.0,0.0,17.267990112304688,28.40812110900879,1.5,0,0,0.0,0.0,0.0,0,0,0
1780683321.1849198,0,0.3499999940395355,0,0,636,900,423158243,37,77,0.0,0.0,16.50265884399414,28.561874389648438,0,0,0.6000000238418579,0,0,0,0,0,8,0,0,0,8,99,1,0.0,0.0,17.267990112304688,28.40812110900879,1.5,0,0,0.0,0.0,0.0,0,0,0
1780683321.2051585,0,0.3499999940395355,0,0,636,900,423158243,37,77,0.0,0.0,16.50265884399414,28.561874389648438,0,0,0.6000000238418579,0,0,0,0,0,8,0,0,0,8,99,1,0.0,0.0,17.267990112304688,28.40812110900879,1.5,0,0,0.0,0.0,0.0,0,0,0
1780683321.2248657,0,0.3499999940395355,0,0,636,900,423158243,37,77,0.0,0.0,16.50265884399414,28.561874389648438,0,0,0.6000000238418579,0,0,0,0,0,8,0,0,0,8,99,1,0.0,0.0,17.267990112304688,28.40812110900879,1.5,0,0,0.0,0.0,0.0,0,0,0
1780683321.2447977,0,0.3499999940395355,0,0,636,900,423158243,37,77,0.0,0.0,16.50265884399414,28.561874389648438,0,0,0.6000000238418579,0,0,0,0,0,8,0,0,0,8,99,1,0.0,0.0,17.267990112304688,28.40812110900879,1.5,0,0,0.0,0.0,0.0,0,0,0
1780683321.2646966,0,0.3499999940395355,0,0,636,900,423158243,37,77,0.0,0.0,16.50265884399414,28.561874389648438,0,0,0.6000000238418579,0,0,0,0,0,8,0,0,0,8,99,1,0.0,0.0,17.267990112304688,28.40812110900879,1.5,0,0,0.0,0.0,0.0,0,0,0
1780683321.2846165,0,0.3499999940395355,0,0,636,900,423158243,37,77,0.0,0.0,16.50265884399414,28.561874389648438,0,0,0.6000000238418579,0,0,0,0,0,8,0,0,0,8,99,1,0.0,0.0,17.267990112304688,28.40812110900879,1.5,0,0,0.0,0.0,0.0,0,0,0
1780683321.304589,0,0.3499999940395355,0,0,636,900,423158243,37,77,0.0,0.0,16.50265884399414,28.561874389648438,0,0,0.6000000238418579,0,0,0,0,0,8,0,0,0,8,99,1,0.0,0.0,17.267990112304688,28.40812110900879,1.5,0,0,0.0,0.0,0.0,0,0,0
1780683321.324864,0,0.3499999940395355,0,0,636,900,423158243,37,77,0.0,0.0,16.50265884399414,28.561874389648438,0,0,0.6000000238418579,0,0,0,0,0,8,0,0,0,8,99,1,0.0,0.0,17.267990112304688,28.40812110900879,1.5,0,0,0.0,0.0,0.0,0,0,0
1780683321.3448427,0,0.3499999940395355,0,0,636,900,423158243,38,77,0.0,0.0,16.50265884399414,28.561874389648438,0,0,0.6000000238418579,0,0,0,0,0,8,0,0,0,8,99,1,0.0,0.0,17.267990112304688,28.40812110900879,1.5,0,0,0.0,0.0,0.0,0,0,0
1780683321.3649273,0,0.3499999940395355,0,0,636,900,423158243,38,77,0.0,0.0,16.50265884399414,28.561874389648438,0,0,0.6000000238418579,0,0,0,0,0,8,0,0,0,8,99,1,0.0,0.0,17.267990112304688,28.40812110900879,1.5,0,0,0.0,0.0,0.0,0,0,0
1780683321.3848593,0,0.3499999940395355,0,0,636,900,423158243,38,77,0.0,0.0,16.50265884399414,28.561874389648438,0,0,0.6000000238418579,0,0,0,0,0,8,0,0,0,8,99,1,0.0,0.0,17.267990112304688,28.40812110900879,1.5,0,0,0.0,0.0,0.0,0,0,0
1780683321.4046812,0,0.3499999940395355,0,0,636,900,423158243,38,77,0.0,0.0,16.50265884399414,28.561874389648438,0,0,0.6000000238418579,0,0,0,0,0,8,0,0,0,8,99,1,0.0,0.0,17.267990112304688,28.40812110900879,1.5,0,0,0.0,0.0,0.0,0,0,0
1780683321.7347422,0,0.3499999940395355,0,0,621,900,423158243,59,77,-10.0,20.0,16.50265884399414,28.561874389648438,0,0,0.6000000238418579,0,0,0,0,0,8,0,0,0,8,99,1,0.0,0.0,17.267990112304688,28.408119201660156,1.5,0,0,0.0,0.0,0.0,0,0,0
1780683321.7748382,0,0.3499999940395355,0,0,621,900,423158243,59,77,-10.0,18.200000762939453,15.702659606933594,28.925874710083008,0,0,0.6000000238418579,0,0,0,0,0,8,0,0,0,8,99,1,0.0,0.0,17.267990112304688,28.40812110900879,1.5,0,0,0.0,0.0,0.0,0,0,0
1780683321.794876,0,0.3499999940395355,0,0,621,900,423158243,59,77,0.0,16.400001525878906,15.45664119720459,29.253873825073242,0,0,0.6000000238418579,0,0,0,0,0,8,0,0,0,8,99,1,0.0,0.0,17.267990112304688,28.40812110900879,1.5,0,0,0.0,0.0,0.0,0,0,0
1780683321.8148284,0,0.3499999940395355,0,0,621,900,423158243,59,77,0.0,14.60000228881836,15.3921480178833,29.545873641967773,0,0,0.6000000238418579,0,0,0,0,0,8,0,0,0,8,99,1,0.0,0.0,17.267990112304688,28.408119201660156,1.5,0,0,0.0,0.0,0.0,0,0,0
1780683321.8354418,0,0.3499999940395355,0,0,621,900,423158243,59,77,0.0,12.800003051757812,15.375242233276367,29.8018741607666,0,0,0.6000000238418579,0,0,0,0,0,8,0,0,0,8,99,1,0.0,0.0,17.267990112304688,28.40812110900879,1.5,0,0,0.0,0.0,0.0,0,0,0
1780683321.8548498,0,0.3499999940395355,0,0,621,900,423158243,59,77,0.0,11.000003814697266,15.370810508728027,30.021873474121094,0,0,0.6000000238418579,0,0,0,0,0,8,0,0,0,8,99,1,0.0,0.0,17.267990112304688,28.40812110900879,1.5,0,0,0.0,0.0,0.0,0,0,0
1780683321.8752599,0,0.3499999940395355,0,0,621,900,423158243,59,77,0.0,9.200004577636719,15.369647979736328,30.205873489379883,0,0,0.6000000238418579,0,0,0,0,0,8,0,0,0,8,99,1,0.0,0.0,17.267990112304688,28.408119201660156,1.5,0,0,0.0,0.0,0.0,0,0,0
1780683321.894838,0,0.3499999940395355,0,0,621,900,423158243,59,77,0.0,7.400005340576172,15.369343757629395,30.35387420654297,0,0,0.6000000238418579,0,0,0,0,0,8,0,0,0,8,99,1,0.0,0.0,17.267990112304688,28.408123016357422,1.5,0,0,0.0,0.0,0.0,0,0,0
1780683321.9146209,0,0.3499999940395355,0,0,621,900,423158243,59,77,0.0,5.600006103515625,15.369263648986816,30.46587371826172,0,0,0.6000000238418579,0,0,0,0,0,8,0,0,0,8,99,1,0.0,0.0,17.267990112304688,28.408119201660156,1.5,0,0,0.0,0.0,0.0,0,0,0
1780683321.935015,0,0.3499999940395355,0,0,621,900,423158243,59,77,0.0,3.800006866455078,15.526529312133789,30.541873931884766,0,0,0.6000000238418579,0,0,0,0,0,8,0,0,0,8,99,1,0.0,0.0,17.267990112304688,28.40812110900879,1.5,0,0,0.0,0.0,0.0,0,0,0
1780683321.9552052,0,0.3499999940395355,0,0,621,900,423158243,59,77,0.0,2.0000076293945312,15.567755699157715,30.58187484741211,0,0,0.6000000238418579,0,0,0,0,0,8,0,0,0,8,99,1,0.0,0.0,17.267990112304688,28.40812110900879,1.5,0,0,0.0,0.0,0.0,0,0,0
1780683321.9752789,0,0.3499999940395355,0,0,621,900,423158243,59,77,0.0,0.20000839233398438,15.582345008850098,30.585874557495117,1,0,0.6000000238418579,0,0,0,0,0,8,0,0,0,8,99,1,0.0,0.0,17.267990112304688,28.408123016357422,1.5,0,0,0.0,0.0,0.0,0,0,0
1780683321.9951315,0,0.3499999940395355,0,0,621,900,423158243,59,77,0.0,-1.5999908447265625,15.582365989685059,30.553874969482422,1,0,0.6000000238418579,0,0,0,0,0,8,0,0,0,8,99,1,0.0,0.0,17.267990112304688,28.408123016357422,1.5,0,0,0.0,0.0,0.0,0,0,0
1780683322.0149968,0,0.3499999940395355,0,0,621,900,423158243,59,77,0.0,-3.3999900817871094,15.582379341125488,30.485876083374023,1,0,0.6000000238418579,0,0,0,0,0,8,0,0,0,8,99,1,0.0,0.0,17.267990112304688,28.40812110900879,1.5,0,0,0.0,0.0,0.0,0,0,0
1780683322.0352583,0,0.3499999940395355,0,0,621,900,423158243,59,77,0.0,-5.199989318847656,15.582387924194336,30.38187599182129,1,0,0.6000000238418579,0,0,0,0,0,8,0,0,0,8,99,1,0.0,0.0,17.267990112304688,28.40812110900879,1.5,0,0,0.0,0.0,0.0,0,0,0
1780683322.0550625,0,0.3499999940395355,0,0,621,900,423158243,59,77,0.0,-6.999988555908203,15.582392692565918,30.24187660217285,1,0,0.6000000238418579,0,0,0,0,0,8,0,0,0,8,99,1,0.0,0.0,17.267990112304688,28.408119201660156,1.5,0,0,0.0,0.0,0.0,0,0,0
1780683322.074869,0,0.3499999940395355,0,0,621,900,423158243,59,77,0.0,-8.79998779296875,15.582396507263184,30.065876007080078,1,0,0.6000000238418579,0,0,0,0,0,8,0,0,0,8,99,1,0.0,0.0,17.267990112304688,28.40812110900879,1.5,0,0,0.0,0.0,0.0,0,0,0
1780683322.0946686,0,0.3499999940395355,0,0,621,900,423158243,59,77,0.0,-10.599987030029297,15.582398414611816,29.8538761138916,1,0,0.6000000238418579,0,0,0,0,0,8,0,0,0,8,99,1,0.0,0.0,17.267990112304688,28.40812110900879,1.5,0,0,0.0,0.0,0.0,0,0,0
1780683322.114988,0,0.3499999940395355,0,0,621,900,423158243,59,77,0.0,-12.399986267089844,15.58240032196045,29.605876922607422,1,0,0.6000000238418579,0,0,0,0,0,8,0,0,0,8,99,1,0.0,0.0,17.267990112304688,28.40812110900879,1.5,0,0,0.0,0.0,0.0,0,0,0
1780683322.1350536,0,0.3499999940395355,0,0,621,900,423158243,59,77,0.0,-14.19998550415039,15.58240032196045,29.321876525878906,1,0,0.6000000238418579,0,0,0,0,0,8,0,0,0,8,99,1,0.0,0.0,17.267990112304688,28.40812110900879,1.5,0,0,0.0,0.0,0.0,0,0,0
1780683322.1549494,0,0.3499999940395355,0,0,621,900,423158243,59,77,0.0,-15.999984741210938,15.58240032196045,29.001876831054688,1,0,0.6000000238418579,0,0,0,0,0,8,0,0,0,8,99,1,0.0,0.0,17.267990112304688,28.40812110900879,1.5,0,0,0.0,0.0,0.0,0,0,0
1780683322.1747904,0,0.3499999940395355,0,0,621,900,423158243,59,77,0.0,-17.799983978271484,15.58240032196045,28.645877838134766,1,0,0.6000000238418579,0,0,0,0,0,8,0,0,0,8,99,1,0.0,0.0,17.267990112304688,28.40812110900879,1.5,0,0,0.0,0.0,0.0,0,0,0
1780683322.195062,0,0.3499999940395355,0,0,621,900,423158243,60,77,0.0,0.0,15.582401275634766,28.56183624267578,1,0,0.6000000238418579,0,0,0,0,0,8,0,0,0,8,99,1,0.0,0.0,17.267990112304688,28.40812110900879,1.5,0,0,0.0,0.0,0.0,0,0,0
1780683322.214966,0,0.3499999940395355,0,0,621,900,423158243,60,77,0.0,0.0,15.582401275634766,28.56184959411621,1,0,0.6000000238418579,0,0,0,0,0,8,0,0,0,8,99,1,0.0,0.0,17.267990112304688,28.408119201660156,1.5,0,0,0.0,0.0,0.0,0,0,0
1780683322.2350078,0,0.3499999940395355,0,0,621,900,423158243,60,77,0.0,0.0,15.582401275634766,28.561859130859375,1,0,0.6000000238418579,0,0,0,0,0,8,0,0,0,8,99,1,0.0,0.0,17.267990112304688,28.40812110900879,1.5,0,0,0.0,0.0,0.0,0,0,0
1780683322.2549336,0,0.3499999940395355,0,0,621,900,423158243,60,77,0.0,0.0,15.582401275634766,28.561864852905273,1,0,0.6000000238418579,0,0,0,0,0,8,0,0,0,8,99,1,0.0,0.0,17.267990112304688,28.40812110900879,1.5,0,0,0.0,0.0,0.0,0,0,0
1780683322.2753,0,0.3499999940395355,0,0,621,900,423158243,60,77,0.0,0.0,15.582401275634766,28.56186866760254,1,0,0.6000000238418579,0,0,0,0,0,8,0,0,0,8,99,1,0.0,0.0,17.267990112304688,28.40812110900879,1.5,0,0,0.0,0.0,0.0,0,0,0
1780683322.2974796,0,0.3499999940395355,0,0,621,900,423158243,60,77,0.0,0.0,15.582401275634766,28.561870574951172,1,0,0.6000000238418579,0,0,0,0,0,8,0,0,0,8,99,1,0.0,0.0,17.267990112304688,28.40812110900879,1.5,0,0,0.0,0.0,0.0,0,0,0
1780683322.3164241,0,0.3499999940395355,0,0,621,900,423158243,60,77,0.0,0.0,15.582401275634766,28.561870574951172,1,0,0.6000000238418579,0,0,0,0,0,8,0,0,0,8,99,1,0.0,0.0,17.267990112304688,28.408119201660156,1.5,0,0,0.0,0.0,0.0,0,0,0
1780683322.3353646,0,0.3499999940395355,0,0,621,900,423158243,60,77,0.0,0.0,15.582401275634766,28.561870574951172,1,0,0.6000000238418579,0,0,0,0,0,8,0,0,0,8,99,1,0.0,0.0,17.267990112304688,28.408119201660156,1.5,0,0,0.0,0.0,0.0,0,0,0
1780683322.3548903,0,0.3499999940395355,0,0,621,900,423158243,60,77,0.0,0.0,15.582401275634766,28.561870574951172,1,0,0.6000000238418579,0,0,0,0,0,8,0,0,0,8,99,1,0.0,0.0,17.267990112304688,28.408123016357422,1.5,0,0,0.0,0.0,0.0,0,0,0
1780683322.3748462,0,0.3499999940395355,0,0,621,900,423158243,60,77,0.0,0.0,15.582401275634766,28.561870574951172,1,0,0.6000000238418579,0,0,0,0,0,8,0,0,0,8,99,1,0.0,0.0,17.267990112304688,28.40812110900879,1.5,0,0,0.0,0.0,0.0,0,0,0
1780683322.3948214,0,0.3499999940395355,0,0,621,900,423158243,60,77,0.0,0.0,15.582401275634766,28.561870574951172,1,0,0.6000000238418579,0,0,0,0,0,8,0,0,0,8,99,1,0.0,0.0,17.267990112304688,28.40812110900879,1.5,0,0,0.0,0.0,0.0,0,0,0
1780683322.4148467,0,0.3499999940395355,0,0,621,900,423158243,60,77,0.0,0.0,15.582401275634766,28.561870574951172,1,0,0.6000000238418579,0,0,0,0,0,8,0,0,0,8,99,1,0.0,0.0,17.267990112304688,28.40812110900879,1.5,0,0,0.0,0.0,0.0,0,0,0
1780683322.434703,0,0.3499999940395355,0,0,621,900,423158243,60,77,0.0,0.0,15.582401275634766,28.561870574951172,1,0,0.6000000238418579,0,0,0,0,0,8,0,0,0,8,99,1,0.0,0.0,17.267990112304688,28.40812110900879,1.5,0,0,0.0,0.0,0.0,0,0,0
1780683322.4551735,0,0.3499999940395355,0,0,621,900,423158243,60,77,0.0,0.0,15.582401275634766,28.561870574951172,1,0,0.6000000238418579,0,0,0,0,0,8,0,0,0,8,99,1,0.0,0.0,17.267990112304688,28.408123016357422,1.5,0,0,0.0,0.0,0.0,0,0,0
1780683322.474897,0,0.3499999940395355,0,0,621,900,423158243,60,77,0.0,0.0,15.582401275634766,28.561870574951172,1,0,0.6000000238418579,0,0,0,0,0,8,0,0,0,8,99,1,0.0,0.0,17.267990112304688,28.40812110900879,1.5,0,0,0.0,0.0,0.0,0,0,0
1780683322.4946291,0,0.3499999940395355,0,0,621,900,423158243,60,77,0.0,0.0,15.582401275634766,28.561870574951172,1,0,0.6000000238418579,0,0,0,0,0,8,0,0,0,8,99,1,0.0,0.0,17.267990112304688,28.40812110900879,1.5,0,0,0.0,0.0,0.0,0,0,0
1780683322.5148087,0,0.3499999940395355,0,0,621,900,423158243,60,77,0.0,0.0,15.582401275634766,28.561870574951172,1,0,0.6000000238418579,0,0,0,0,0,8,0,0,0,8,99,1,0.0,0.0,17.267990112304688,28.40812110900879,1.5,0,0,0.0,0.0,0.0,0,0,0
1780683322.5350616,0,0.3499999940395355,0,0,621,900,423158243,60,77,0.0,0.0,15.582401275634766,28.561870574951172,1,0,0.6000000238418579,0,0,0,0,0,8,0,0,0,8,99,1,0.0,0.0,17.267990112304688,28.408123016357422,1.5,0,0,0.0,0.0,0.0,0,0,0
1780683322.5551956,0,0.3499999940395355,0,0,621,900,423158243,60,77,0.0,0.0,15.582401275634766,28.561870574951172,1,0,0.6000000238418579,0,0,0,0,0,8,0,0,0,8,99,1,0.0,0.0,17.267990112304688,28.40812110900879,1.5,0,0,0.0,0.0,0.0,0,0,0
1780683322.5750527,0,0.3499999940395355,0,0,621,900,423158243,60,77,0.0,0.0,15.582401275634766,28.561870574951172,1,0,0.6000000238418579,0,0,0,0,0,8,0,0,0,8,99,1,0.0,0.0,17.267990112304688,28.408119201660156,1.5,0,0,0.0,0.0,0.0,0,0,0
1780683322.594684,0,0.3499999940395355,0,0,621,900,423158243,60,77,0.0,0.0,15.582401275634766,28.561870574951172,1,0,0.6000000238418579,0,0,0,0,0,8,0,0,0,8,99,1,0.0,0.0,17.267990112304688,28.40812110900879,1.5,0,0,0.0,0.0,0.0,0,0,0
1780683322.6150744,0,0.3499999940395355,0,0,621,900,423158243,60,77,0.0,0.0,15.582401275634766,28.561870574951172,1,0,0.6000000238418579,0,0,0,0,0,8,0,0,0,8,99,1,0.0,0.0,17.267990112304688,28.408123016357422,1.5,0,0,0.0,0.0,0.0,0,0,0
1780683322.6351259,0,0.3499999940395355,0,0,621,900,423158243,60,77,0.0,0.0,15.582401275634766,28.561870574951172,1,0,0.6000000238418579,0,0,0,0,0,8,0,0,0,8,99,1,0.0,0.0,17.267990112304688,28.40812110900879,1.5,0,0,0.0,0.0,0.0,0,0,0
1780683322.6548357,0,0.3499999940395355,0,0,621,900,423158243,60,77,0.0,0.0,15.582401275634766,28.561870574951172,1,0,0.6000000238418579,0,0,0,0,0,8,0,0,0,8,99,1,0.0,0.0,17.267990112304688,28.408123016357422,1.5,0,0,0.0,0.0,0.0,0,0,0
1780683322.6751745,0,0.3499999940395355,0,0,621,900,423158243,60,77,0.0,0.0,15.582401275634766,28.561870574951172,1,0,0.6000000238418579,0,0,0,0,0,8,0,0,0,8,99,1,0.0,0.0,17.267990112304688,28.40812110900879,1.5,0,0,0.0,0.0,0.0,0,0,0
1780683322.6950011,0,0.3499999940395355,1,0,621,900,423158243,60,77,0.0,0.0,15.582401275634766,28.561870574951172,0,0,0.6000000238418579,0,0,0,0,0,8,0,1,0,8,99,1,0.0,0.0,17.267990112304688,28.40812110900879,1.5,0,0,0.0,0.0,0.0,0,0,1
1780683322.7149456,0,0.3499999940395355,1,0,621,900,423158243,60,77,0.0,0.0,15.582401275634766,28.561870574951172,0,0,0.6000000238418579,0,0,0,0,0,8,0,1,0,8,99,1,0.0,0.0,17.267990112304688,28.40812110900879,1.5,0,0,0.0,0.0,0.0,0,0,1
1780683322.734856,0,0.3499999940395355,1,0,600,900,423158243,7,77,0.0,0.0,15.582401275634766,28.561870574951172,0,0,0.6000000238418579,0,0,0,0,0,8,0,1,0,8,99,1,3.75,0.0,17.267990112304688,28.408123016357422,1.5,0,11,0.0,0.0,0.0,0,0,1
1780683322.7550778,0,0.3499999940395355,1,0,600,900,423158243,7,77,0.0,0.0,15.582343101501465,28.561874389648438,0,0,0.6000000238418579,0,0,0,0,0,8,0,1,0,8,99,1,3.75,0.0,17.326929092407227,28.40812110900879,1.5,0,11,0.0,0.0,0.0,0,0,0
1780683322.7751331,0,0.3499999940395355,1,0,600,900,423158243,7,77,0.0,0.0,15.582364082336426,28.561874389648438,0,0,0.6000000238418579,0,0,0,0,0,8,0,1,0,8,99,1,3.75,0.0,17.401931762695312,28.408123016357422,1.5,0,11,0.0,0.0,0.0,0,0,0
1780683322.7948093,0,0.3499999940395355,1,0,600,900,423158243,7,77,0.0,0.0,15.582377433776855,28.561874389648438,1,0,0.6000000238418579,0,0,0,0,0,8,0,1,0,8,99,1,3.75,0.0,17.47689437866211,28.40812110900879,1.5,0,11,0.0,0.0,0.0,0,0,0
1780683322.8148086,0,0.3499999940395355,1,0,600,900,423158243,7,77,0.0,0.0,15.582386016845703,28.561874389648438,1,0,0.6000000238418579,0,0,0,0,0,8,0,1,0,8,99,1,3.75,0.0,17.551895141601562,28.40812110900879,1.5,0,11,0.0,0.0,0.0,0,0,0
1780683322.8353028,0,0.3499999940395355,1,0,600,900,423158243,7,77,0.0,0.0,15.582391738891602,28.561874389648438,1,0,0.6000000238418579,0,0,0,0,0,8,0,1,0,8,99,1,3.75,0.0,17.626934051513672,28.40812110900879,1.5,0,11,0.0,0.0,0.0,0,0,0
1780683322.8550823,0,0.3499999940395355,1,0,600,900,423158243,7,77,0.0,0.0,15.582395553588867,28.561874389648438,1,0,0.6000000238418579,0,0,0,0,0,8,0,1,0,8,99,1,3.75,0.0,17.701936721801758,28.40812110900879,1.5,0,11,0.0,0.0,0.0,0,0,0
1780683322.875218,0,0.3499999940395355,1,0,600,900,423158243,7,77,0.0,0.0,15.5823974609375,28.561874389648438,1,0,0.6000000238418579,0,0,0,0,0,8,0,1,0,8,99,1,3.75,0.0,17.776901245117188,28.40812110900879,1.5,0,11,0.0,0.0,0.0,0,0,0
1780683322.8950531,0,0.3499999940395355,1,0,600,900,423158243,7,77,0.0,0.0,15.582399368286133,28.561874389648438,1,0,0.6000000238418579,0,0,0,0,0,8,0,1,0,8,99,1,3.75,0.0,17.85190200805664,28.408123016357422,1.5,0,11,0.0,0.0,0.0,0,0,0
1780683322.9147894,0,0.3499999940395355,1,0,600,900,423158243,7,77,0.0,0.0,15.58240032196045,28.561874389648438,1,0,0.6000000238418579,0,0,0,0,0,8,0,1,0,8,99,1,3.75,0.0,17.926937103271484,28.408119201660156,1.5,0,11,0.0,0.0,0.0,0,0,0
1780683322.935045,0,0.3499999940395355,1,0,600,900,423158243,7,77,0.0,0.0,15.58240032196045,28.561874389648438,1,0,0.6000000238418579,0,0,0,0,0,8,0,1,0,8,99,1,0.0,0.0,17.942996978759766,28.408119201660156,1.5,0,11,0.0,0.0,0.0,0,0,0
1780683322.9556363,0,0.3499999940395355,1,0,600,900,423158243,7,77,0.0,0.0,15.58240032196045,28.561874389648438,1,0,0.6000000238418579,0,0,0,0,0,8,0,1,0,8,99,1,0.0,0.0,17.942996978759766,28.40812110900879,1.5,0,11,0.0,0.0,0.0,0,0,0
1780683322.9754539,0,0.3499999940395355,1,0,600,900,423158243,7,77,0.0,0.0,15.58240032196045,28.561874389648438,1,0,0.6000000238418579,0,0,0,0,0,8,0,1,0,8,99,1,0.0,0.0,17.942996978759766,28.40812110900879,1.5,0,11,1.0,0.0,0.0,0,0,0
1780683322.9948406,0,0.3499999940395355,1,0,600,900,423158243,7,77,0.0,0.0,15.58240032196045,28.561874389648438,1,0,0.6000000238418579,0,0,0,0,0,8,0,1,0,8,99,1,0.0,0.0,17.942996978759766,28.40812110900879,1.5,0,11,1.0,0.0,0.0,0,0,0
1780683323.0153515,0,0.3499999940395355,0,0,600,900,423158243,7,77,0.0,0.0,15.58240032196045,28.561874389648438,1,0,0.6000000238418579,0,0,1,0,0,8,0,0,0,8,99,1,8.300000190734863,0.0,18.073453903198242,28.40812110900879,1.5,0,11,1.0,-1.0,0.0,0,0,0
1780683323.0353043,0,0.3499999940395355,0,0,600,900,423158243,7,77,0.0,0.0,15.58240032196045,28.561874389648438,1,0,0.6000000238418579,0,0,1,0,0,8,0,0,0,8,99,1,8.300000190734863,0.0,18.23945426940918,28.40812110900879,1.5,0,11,1.0,-1.0,0.0,0,0,0
1780683323.0551,0,0.3499999940395355,0,0,600,900,423158243,9,77,12.678116798400879,41.0,15.58240032196045,28.561874389648438,1,0,0.6000000238418579,0,0,1,0,0,8,0,0,0,8,99,1,8.300000190734863,0.0,18.405458450317383,28.408119201660156,1.5,0,11,1.0,-1.0,0.0,0,0,0
1780683323.0749934,0,0.3499999940395355,0,0,600,900,423158243,10,77,12.678116798400879,39.20000076293945,15.835962295532227,29.345874786376953,1,0,0.6000000238418579,0,0,1,0,0,8,0,0,0,8,99,1,8.300000190734863,0.0,18.57137680053711,28.408123016357422,1.5,0,11,1.0,0.0,0.0,0,0,0
1780683323.0951483,0,0.3499999940395355,0,0,600,900,423158243,10,77,12.678116798400879,37.400001525878906,16.089523315429688,30.093873977661133,1,0,0.6000000238418579,0,0,1,0,0,8,0,0,0,8,99,1,8.300000190734863,0.0,18.73737907409668,28.408123016357422,1.5,0,11,1.0,0.0,0.0,0,0,0
1780683323.1150098,0,0.3499999940395355,0,0,600,900,423158243,10,77,12.678116798400879,35.60000228881836,16.34308624267578,30.80587387084961,1,0,0.6000000238418579,0,0,1,0,0,8,0,0,0,8,99,1,8.300000190734863,0.0,18.903467178344727,28.40812110900879,1.5,0,11,1.0,0.0,0.0,0,0,0
1780683323.1350958,0,0.3499999940395355,0,0,600,900,423158243,10,77,12.678116798400879,33.80000305175781,16.596649169921875,31.481874465942383,1,0,0.6000000238418579,0,0,1,0,0,8,0,0,0,8,99,1,8.300000190734863,0.0,19.06946563720703,28.40812110900879,1.5,0,11,1.0,0.0,0.0,0,0,0
1780683323.1554163,0,0.3499999940395355,0,0,600,900,423158243,10,77,12.678116798400879,32.000003814697266,16.85021209716797,32.12187194824219,1,0,0.6000000238418579,0,0,1,0,0,8,0,0,0,8,99,1,8.300000190734863,0.0,19.235462188720703,28.408119201660156,1.5,0,11,1.0,0.0,0.0,0,0,0
1780683323.175692,0,0.3499999940395355,0,0,600,900,423158243,10,77,12.678116798400879,30.20000457763672,17.103775024414062,32.72587203979492,1,0,0.6000000238418579,0,0,1,0,0,8,0,0,0,8,99,1,8.300000190734863,0.0,19.401382446289062,28.408123016357422,1.5,0,11,1.0,0.0,0.0,0,0,0
1780683323.195242,0,0.3499999940395355,0,0,600,900,423158243,10,77,12.678116798400879,28.400005340576172,17.357337951660156,33.29387283325195,1,0,0.6000000238418579,0,0,1,0,0,8,0,0,0,8,99,1,8.300000190734863,0.0,19.5673828125,28.408119201660156,1.5,0,11,1.0,0.0,0.0,0,0,0
1780683323.21503,0,0.3499999940395355,0,0,600,900,423158243,10,77,12.678116798400879,26.600006103515625,17.61090087890625,33.82587432861328,1,0,0.6000000238418579,0,0,1,0,0,8,0,0,0,8,99,1,8.300000190734863,0.0,19.73346710205078,28.40812110900879,1.5,0,11,1.0,0.0,0.0,0,0,0
1780683323.2351913,0,0.3499999940395355,0,0,600,900,423158243,10,77,12.678116798400879,24.800006866455078,17.864463806152344,34.32187271118164,1,0,0.6000000238418579,0,0,1,0,0,8,0,0,0,8,99,1,8.300000190734863,0.0,19.89946937561035,28.40812110900879,1.5,0,11,1.0,0.0,0.0,0,0,0
1780683323.2551482,0,0.3499999940395355,0,0,600,900,423158243,10,77,12.678116798400879,23.00000762939453,18.118026733398438,34.7818717956543,1,0,0.6000000238418579,0,0,1,0,0,8,0,0,0,8,99,1,8.300000190734863,0.0,20.065467834472656,28.40812110900879,1.5,0,11,1.0,0.0,0.0,0,0,0
1780683323.2752142,0,0.3499999940395355,0,0,600,900,423158243,10,77,12.678116798400879,21.200008392333984,18.37158966064453,35.20587158203125,1,0,0.6000000238418579,0,0,1,0,0,8,0,0,0,8,99,1,8.300000190734863,0.0,20.231388092041016,28.40812110900879,1.5,0,11,1.0,0.0,0.0,0,0,0
1780683323.2950313,0,0.3499999940395355,0,0,600,900,423158243,10,77,12.678116798400879,19.400009155273438,18.625152587890625,35.5938720703125,1,0,0.6000000238418579,0,0,1,0,0,8,0,0,0,8,99,1,8.300000190734863,0.0,20.39738655090332,28.40812110900879,1.5,0,11,1.0,0.0,0.0,0,0,0
1780683323.3150172,0,0.3499999940395355,0,0,600,900,423158243,10,77,12.678116798400879,17.60000991821289,18.87871551513672,35.94587326049805,1,0,0.6000000238418579,0,0,1,0,0,8,0,0,0,8,99,1,8.300000190734863,0.0,20.563467025756836,28.408119201660156,1.5,0,11,1.0,0.0,0.0,0,0,0
1780683323.3350158,0,0.3499999940395355,0,0,600,900,423158243,10,77,12.678116798400879,15.800010681152344,19.132278442382812,36.26187515258789,1,0,0.6000000238418579,0,0,1,0,0,8,0,0,0,8,99,1,8.300000190734863,0.0,20.729469299316406,28.408119201660156,1.5,0,11,1.0,0.0,0.0,0,0,0
1780683323.3552644,0,0.3499999940395355,0,0,600,900,423158243,10,77,12.678116798400879,14.000011444091797,19.385841369628906,36.541873931884766,1,0,0.6000000238418579,0,0,1,0,0,8,0,0,0,8,99,1,8.300000190734863,0.0,20.89546775817871,28.408119201660156,1.5,0,11,1.0,0.0,0.0,0,0,0
1780683323.3752365,0,0.3499999940395355,0,0,600,900,423158243,10,77,12.678116798400879,12.20001220703125,19.639404296875,36.78587341308594,1,0,0.6000000238418579,0,0,1,0,0,8,0,0,0,8,99,1,8.300000190734863,0.0,21.061386108398438,28.40812110900879,1.5,0,11,1.0,0.0,0.0,0,0,0
1780683323.3948922,0,0.3499999940395355,0,0,600,900,423158243,10,77,12.678116798400879,10.400012969970703,19.892967224121094,36.993873596191406,1,0,0.6000000238418579,0,0,1,0,0,8,0,0,0,8,99,1,8.300000190734863,0.0,21.227384567260742,28.40812110900879,1.5,0,11,1.0,0.0,0.0,0,0,0
1780683323.415057,0,0.3499999940395355,0,0,600,900,423158243,10,77,12.678116798400879,8.600013732910156,20.146530151367188,37.16587448120117,1,0,0.6000000238418579,0,0,1,0,0,8,0,0,0,8,99,1,8.300000190734863,0.0,21.39346694946289,28.408119201660156,1.5,0,11,1.0,0.0,0.0,0,0,0
1780683323.4351947,0,0.3499999940395355,0,0,600,900,423158243,10,77,12.678116798400879,6.800014495849609,20.40009307861328,37.301876068115234,1,0,0.6000000238418579,0,0,1,0,0,8,0,0,0,8,99,1,8.300000190734863,0.0,21.559467315673828,28.40812110900879,1.5,0,11,1.0,0.0,0.0,0,0,0
1780683323.455273,0,0.3499999940395355,0,0,600,900,423158243,10,77,12.678116798400879,5.0000152587890625,20.653656005859375,37.40187454223633,1,0,0.6000000238418579,0,0,1,0,0,8,0,0,0,8,99,1,8.300000190734863,0.0,21.7254638671875,28.40812110900879,1.5,0,11,1.0,0.0,0.0,0,0,0
1780683323.4750872,0,0.3499999940395355,0,0,600,900,423158243,10,77,12.678116798400879,3.2000160217285156,20.90721893310547,37.46587371826172,1,0,0.6000000238418579,0,0,1,0,0,8,0,0,0,8,99,1,8.300000190734863,0.0,21.89138412475586,28.40812110900879,1.5,0,11,1.0,0.0,0.0,0,0,0
1780683323.4952772,0,0.3499999940395355,0,0,600,900,423158243,10,77,12.678116798400879,1.4000167846679688,21.160781860351562,37.493873596191406,1,0,0.6000000238418579,0,0,1,0,0,8,0,0,0,8,99,1,8.300000190734863,0.0,22.05738067626953,28.408123016357422,1.5,0,11,1.0,0.0,0.0,0,0,0
1780683323.5149317,0,0.3499999940395355,0,0,600,900,423158243,10,77,12.678116798400879,-0.3999824523925781,21.414344787597656,37.48587417602539,1,0,0.6000000238418579,0,0,1,0,0,8,0,0,0,8,99,1,8.300000190734863,0.0,22.22338104248047,28.408123016357422,1.5,0,11,1.0,0.0,0.0,0,0,0
1780683323.5351415,0,0.3499999940395355,0,0,600,900,423158243,10,77,12.678116798400879,-2.199981689453125,21.66790771484375,37.44187545776367,1,0,0.6000000238418579,0,0,1,0,0,8,0,0,0,8,99,1,8.300000190734863,0.0,22.389467239379883,28.408123016357422,1.5,0,11,1.0,0.0,0.0,0,0,0
1780683323.5550168,0,0.3499999940395355,0,0,600,900,423158243,10,77,12.678116798400879,-3.999980926513672,21.921470642089844,37.36187744140625,1,0,0.6000000238418579,0,0,1,0,0,8,0,0,0,8,99,1,8.300000190734863,0.0,22.55538558959961,28.40812110900879,1.5,0,11,1.0,0.0,0.0,0,0,0
1780683323.5751734,0,0.3499999940395355,0,0,600,900,423158243,10,77,12.678116798400879,-5.799980163574219,22.175033569335938,37.24587631225586,1,0,0.6000000238418579,0,0,1,0,0,8,0,0,0,8,99,1,8.300000190734863,0.0,22.721385955810547,28.408123016357422,1.5,0,11,0.0,0.0,0.0,0,0,0
1780683323.5947945,0,0.3499999940395355,0,0,600,900,423158243,10,77,12.678116798400879,-7.599979400634766,22.42859649658203,37.093875885009766,1,0,0.6000000238418579,0,0,1,0,0,8,0,0,0,8,99,1,8.300000190734863,0.0,22.887386322021484,28.40812110900879,1.5,0,11,0.0,0.0,0.0,0,0,0
1780683323.6147072,0,0.3499999940395355,0,0,600,900,423158243,10,77,12.678116798400879,-9.399978637695312,22.682159423828125,36.90587615966797,1,0,0.6000000238418579,0,0,1,0,0,8,0,0,0,8,99,1,0.0,0.0,22.92300796508789,28.408119201660156,1.5,0,11,0.0,0.0,0.0,0,0,0
1780683323.6349778,0,0.3499999940395355,0,0,600,900,423158243,10,77,12.678116798400879,-11.19997787475586,22.93572235107422,36.68187713623047,1,0,0.6000000238418579,0,0,1,0,0,8,0,0,0,8,99,1,0.0,0.0,22.92300796508789,28.40812110900879,1.5,0,11,0.0,0.0,0.0,0,0,0
1780683323.65502,0,0.3499999940395355,0,0,600,900,423158243,10,77,12.678116798400879,-12.999977111816406,23.189285278320312,36.421878814697266,1,0,0.6000000238418579,0,0,1,0,0,8,0,0,0,8,99,1,0.0,0.0,22.92300796508789,28.408119201660156,1.5,0,11,0.0,0.0,0.0,0,0,0
1780683323.6748831,0,0.3499999940395355,0,0,600,900,423158243,10,77,12.678116798400879,-14.799976348876953,23.442848205566406,36.12588119506836,1,0,0.6000000238418579,0,0,1,0,0,8,0,0,0,8,99,1,0.0,0.0,22.92300796508789,28.40812110900879,1.5,0,11,0.0,0.0,0.0,0,0,0
1780683323.6946745,0,0.3499999940395355,0,0,600,900,423158243,10,77,12.678116798400879,-16.5999755859375,23.6964111328125,35.793880462646484,1,0,0.6000000238418579,0,0,1,0,0,8,0,0,0,8,99,1,0.0,0.0,22.92300796508789,28.40812110900879,1.5,0,11,0.0,0.0,0.0,0,0,0
1780683323.7147894,0,0.3499999940395355,0,0,600,900,423158243,10,77,12.678116798400879,-18.399974822998047,23.949974060058594,35.425880432128906,1,0,0.6000000238418579,0,0,1,0,0,8,0,0,0,8,99,1,0.0,0.0,22.92300796508789,28.40812110900879,1.5,0,11,-1.0,0.0,0.0,0,0,0
1780683323.7349067,0,0.3499999940395355,0,0,600,900,423158243,10,77,12.678116798400879,-20.199974060058594,24.203536987304688,35.021881103515625,1,0,0.6000000238418579,0,0,1,0,0,8,0,0,0,8,99,1,0.0,0.0,22.92300796508789,28.408123016357422,1.5,0,11,-1.0,1.0,0.0,0,0,0
1780683323.7548904,0,0.3499999940395355,0,0,600,900,423158243,10,77,12.678116798400879,-21.99997329711914,24.45709991455078,34.58188247680664,1,0,0.6000000238418579,0,0,0,0,0,8,0,0,0,8,99,1,-8.300000190734863,0.0,22.792560577392578,28.40812110900879,1.5,0,11,-1.0,1.0,0.0,0,0,0
1780683323.775181,0,0.3499999940395355,0,0,600,900,423158243,10,77,12.678116798400879,-23.799972534179688,24.710662841796875,34.10588455200195,1,0,0.6000000238418579,0,0,0,0,0,8,0,0,0,8,99,1,-8.300000190734863,0.0,22.626562118530273,28.40812110900879,1.5,0,11,-1.0,1.0,0.0,0,0,0
1780683323.794678,0,0.3499999940395355,0,0,600,900,423158243,10,77,12.678116798400879,-25.599971771240234,24.96422576904297,33.5938835144043,1,0,0.6000000238418579,0,0,0,0,0,8,0,0,0,8,99,1,-8.300000190734863,0.0,22.4605655670166,28.40812110900879,1.5,0,11,-1.0,1.0,0.0,0,0,0
1780683323.814921,0,0.3499999940395355,0,0,600,900,423158243,10,77,12.678116798400879,-27.39997100830078,25.217788696289062,33.04588317871094,1,0,0.6000000238418579,0,0,0,0,0,8,0,0,0,8,99,1,-8.300000190734863,0.0,22.294567108154297,28.40812110900879,1.5,0,11,-1.0,0.0,0.0,0,0,0
1780683323.8351023,0,0.3499999940395355,0,0,600,900,423158243,10,77,12.678116798400879,-29.199970245361328,25.471351623535156,32.461883544921875,1,0,0.6000000238418579,0,0,0,0,0,8,0,0,0,8,99,1,-8.300000190734863,0.0,22.128564834594727,28.40812110900879,1.5,0,11,-1.0,0.0,0.0,0,0,0
1780683323.8551033,0,0.3499999940395355,0,0,600,900,423158243,10,77,12.678116798400879,-30.999969482421875,25.72491455078125,31.84188461303711,1,0,0.6000000238418579,0,0,0,0,0,8,0,0,0,8,99,1,-8.300000190734863,0.0,21.962566375732422,28.40812110900879,1.5,0,11,-1.0,0.0,0.0,0,0,0
1780683323.875419,0,0.3499999940395355,0,0,600,900,423158243,10,77,12.678116798400879,-32.79996871948242,25.978477478027344,31.18588638305664,1,0,0.6000000238418579,0,0,0,0,0,8,0,0,0,8,99,1,-8.300000190734863,0.0,21.796566009521484,28.40812110900879,1.5,0,11,-1.0,0.0,0.0,0,0,0
1780683323.894922,0,0.3499999940395355,0,0,600,900,423158243,10,77,12.678116798400879,-34.59996795654297,26.232040405273438,30.493886947631836,1,0,0.6000000238418579,0,0,0,0,0,8,0,0,0,8,99,1,-8.300000190734863,0.0,21.630647659301758,28.40812110900879,1.5,0,11,-1.0,0.0,0.0,0,0,0
1780683323.9147582,0,0.3499999940395355,0,0,600,900,423158243,10,77,12.678116798400879,-36.399967193603516,26.48560333251953,29.765888214111328,1,0,0.6000000238418579,0,0,0,0,0,8,0,0,0,8,99,1,-8.300000190734863,0.0,21.464561462402344,28.40812110900879,1.5,0,11,-1.0,0.0,0.0,0,0,0
1780683323.9348772,0,0.3499999940395355,0,0,600,900,423158243,10,77,12.678116798400879,-38.19996643066406,26.739166259765625,29.001888275146484,1,0,0.6000000238418579,0,0,0,0,0,8,0,0,0,8,99,1,-8.300000190734863,0.0,21.29856300354004,28.40812110900879,1.5,0,11,-1.0,1.0,0.0,0,0,0
1780683323.9547555,0,0.3499999940395355,0,0,600,900,423158243,11,77,0.0,0.0,26.99272918701172,28.56183624267578,1,0,0.6000000238418579,0,0,0,0,0,8,0,0,0,8,99,1,-8.300000190734863,0.0,21.132564544677734,28.40812110900879,1.5,0,11,-1.0,1.0,0.0,0,0,0
1780683323.9749243,0,0.3499999940395355,0,0,600,900,423158243,11,77,0.0,0.0,26.99272918701172,28.56184959411621,1,0,0.6000000238418579,0,0,0,0,0,8,0,0,0,8,99,1,-8.300000190734863,0.0,20.966567993164062,28.40812110900879,1.5,0,11,-1.0,0.0,0.0,0,0,0
1780683323.994933,0,0.3499999940395355,0,0,600,900,423158243,11,77,0.0,0.0,26.99272918701172,28.561859130859375,1,0,0.6000000238418579,0,0,0,0,0,8,0,0,0,8,99,1,-8.300000190734863,0.0,20.800649642944336,28.40812110900879,1.5,0,11,-1.0,0.0,0.0,0,0,0
1780683324.0151215,0,0.3499999940395355,0,0,600,900,423158243,11,77,0.0,0.0,26.99272918701172,28.561864852905273,1,0,0.6000000238418579,0,0,0,0,0,8,0,0,0,8,99,1,-8.300000190734863,0.0,20.634567260742188,28.40812110900879,1.5,0,11,-1.0,0.0,0.0,0,0,0
1780683324.0351715,0,0.3499999940395355,0,0,600,900,423158243,11,77,0.0,0.0,26.99272918701172,28.56186866760254,1,0,0.6000000238418579,0,0,0,0,0,8,0,0,0,8,99,1,-8.300000190734863,0.0,20.468563079833984,28.40812110900879,1.5,0,11,-1.0,0.0,0.0,0,0,0
1780683324.0550058,0,0.3499999940395355,0,0,600,900,423158243,11,77,0.0,0.0,26.99272918701172,28.561870574951172,1,0,0.6000000238418579,0,0,0,0,0,8,0,0,0,8,99,1,-8.300000190734863,0.0,20.302560806274414,28.40812110900879,1.5,0,11,-1.0,0.0,0.0,0,0,0
1780683324.075042,0,0.3499999940395355,0,0,600,900,423158243,11,77,0.0,0.0,26.99272918701172,28.561870574951172,1,0,0.6000000238418579,0,0,0,0,0,8,0,0,0,8,99,1,-8.300000190734863,0.0,20.136560440063477,28.40812110900879,1.5,0,11,-1.0,0.0,0.0,0,0,0
1780683324.0946445,0,0.3499999940395355,0,0,600,900,423158243,11,77,0.0,0.0,26.99272918701172,28.561870574951172,1,0,0.6000000238418579,0,0,0,0,0,8,0,0,0,8,99,1,-8.300000190734863,0.0,19.970643997192383,28.408119201660156,1.5,0,11,0.0,0.0,0.0,0,0,0
1780683324.11501,0,0.3499999940395355,0,0,600,900,423158243,11,77,0.0,0.0,26.99272918701172,28.561870574951172,1,0,0.6000000238418579,0,0,0,0,0,8,0,0,0,8,99,1,0.0,0.0,19.935001373291016,28.40812110900879,1.5,0,11,0.0,0.0,0.0,0,0,0
1780683324.1351225,0,0.3499999940395355,0,0,600,900,423158243,11,77,0.0,0.0,26.99272918701172,28.561870574951172,1,0,0.6000000238418579,0,0,0,0,0,8,0,0,0,8,99,1,0.0,0.0,19.935001373291016,28.40812110900879,1.5,0,11,0.0,0.0,0.0,0,0,0
1780683324.1549091,0,0.3499999940395355,0,0,600,900,423158243,11,77,0.0,0.0,26.99272918701172,28.561870574951172,1,0,0.6000000238418579,0,0,0,0,0,8,0,0,0,8,99,1,0.0,0.0,19.935001373291016,28.40812110900879,1.5,0,11,0.0,0.0,0.0,0,0,0
1780683324.1754982,0,0.3499999940395355,0,0,600,900,423158243,11,77,0.0,0.0,26.99272918701172,28.561870574951172,1,0,0.6000000238418579,0,0,0,0,0,8,0,0,0,8,99,1,0.0,0.0,19.935001373291016,28.40812110900879,1.5,0,11,0.0,0.0,0.0,0,0,0
1780683324.1948216,0,0.3499999940395355,0,0,600,900,423158243,1,77,0.0,0.0,26.99272918701172,28.561870574951172,1,0,0.6000000238418579,0,0,0,0,0,8,0,0,0,8,99,1,0.0,0.0,19.935001373291016,28.40812110900879,1.5,0,11,0.0,0.0,0.0,0,0,0
1780683324.214934,0,0.3499999940395355,0,0,600,900,423158243,1,77,0.0,0.0,26.99272918701172,28.561870574951172,1,0,0.6000000238418579,0,0,0,0,0,8,0,0,0,8,99,1,0.0,0.0,19.935001373291016,28.40812110900879,1.5,0,11,0.0,0.0,0.0,0,0,0
1780683324.2348633,0,0.3499999940395355,0,0,600,900,423158243,1,77,0.0,0.0,26.99272918701172,28.561870574951172,1,0,0.6000000238418579,0,0,0,0,0,8,0,0,0,8,99,1,0.0,0.0,19.935001373291016,28.40812110900879,1.5,0,11,1.0,-1.0,0.0,0,0,0
1780683324.2552466,0,0.3499999940395355,0,0,600,900,423158243,1,77,0.0,0.0,26.99272918701172,28.561870574951172,1,0,0.6000000238418579,0,0,0,0,0,8,0,0,0,8,99,1,0.0,0.0,19.935001373291016,28.40812110900879,1.5,0,11,1.0,-1.0,0.0,0,0,0
1780683324.2750885,0,0.3499999940395355,0,0,600,900,423158243,1,77,0.0,0.0,26.99272918701172,28.561870574951172,1,0,0.6000000238418579,0,0,0,0,0,8,0,0,0,8,99,1,0.0,0.0,19.935001373291016,28.408119201660156,1.5,0,11,1.0,-1.0,0.0,0,0,0
1780683324.294501,0,0.3499999940395355,0,0,600,900,423158243,1,77,0.0,0.0,26.99272918701172,28.561870574951172,1,0,0.6000000238418579,0,0,1,0,0,8,0,0,0,8,99,1,8.300000190734863,0.0,20.065349578857422,28.40812110900879,1.5,0,11,1.0,-1.0,0.0,0,0,0
1780683324.3152611,0,0.3499999940395355,0,0,600,900,423158243,1,77,0.0,0.0,26.99272918701172,28.561870574951172,1,0,0.6000000238418579,0,0,1,0,0,8,0,0,0,8,99,1,8.300000190734863,0.0,20.231348037719727,28.40812110900879,1.5,0,11,1.0,-1.0,0.0,0,0,0
1780683324.335029,0,0.3499999940395355,0,0,600,900,423158243,1,77,0.0,0.0,26.99272918701172,28.561870574951172,1,0,0.6000000238418579,0,0,1,0,0,8,0,0,0,8,99,1,8.300000190734863,0.0,20.397430419921875,28.40812110900879,1.5,0,11,1.0,-1.0,0.0,0,0,0
1780683324.355034,0,0.3499999940395355,0,0,600,900,423158243,1,77,0.0,0.0,26.99272918701172,28.561870574951172,1,0,0.6000000238418579,0,0,1,0,0,8,0,0,0,8,99,1,8.300000190734863,0.0,20.563426971435547,28.408119201660156,1.5,0,11,1.0,-1.0,0.0,0,0,0
1780683324.3757622,0,0.3499999940395355,0,0,600,900,423158243,1,77,0.0,0.0,26.99272918701172,28.561870574951172,1,0,0.6000000238418579,0,0,1,0,0,8,0,0,0,8,99,1,8.300000190734863,0.0,20.729347229003906,28.408123016357422,1.5,0,11,1.0,-1.0,0.0,0,0,0
1780683324.3955915,0,0.3499999940395355,0,0,600,900,423158243,1,77,0.0,0.0,26.99272918701172,28.561870574951172,1,0,0.6000000238418579,0,0,1,0,0,8,0,0,0,8,99,1,8.300000190734863,0.0,20.895347595214844,28.408123016357422,1.5,0,11,1.0,-1.0,0.0,0,0,0
1780683324.4149857,0,0.3499999940395355,0,0,600,900,423158243,1,77,0.0,0.0,26.99272918701172,28.561870574951172,1,0,0.6000000238418579,0,0,1,0,0,8,0,0,0,8,99,1,8.300000190734863,0.0,21.061431884765625,28.408119201660156,1.5,0,11,1.0,-1.0,0.0,0,0,0
1780683324.4349482,0,0.3499999940395355,0,0,600,900,423158243,1,77,0.0,0.0,26.99272918701172,28.561870574951172,1,0,0.6000000238418579,0,0,1,0,0,8,0,0,0,8,99,1,8.300000190734863,0.0,21.227432250976562,28.40812110900879,1.5,0,11,1.0,-1.0,0.0,0,0,0
1780683324.4551253,0,0.3499999940395355,0,0,600,900,423158243,1,77,0.0,0.0,26.99272918701172,28.561870574951172,1,0,0.6000000238418579,0,0,1,0,0,8,0,0,0,8,99,1,8.300000190734863,0.0,21.393428802490234,28.40812110900879,1.5,0,11,1.0,-1.0,0.0,0,0,0
1780683324.47498,0,0.3499999940395355,0,0,600,900,423158243,1,77,0.0,0.0,26.99272918701172,28.561870574951172,1,0,0.6000000238418579,0,0,1,0,0,8,0,0,0,8,99,1,8.300000190734863,0.0,21.559349060058594,28.408123016357422,1.5,0,11,1.0,-1.0,0.0,0,0,0
1780683324.4945188,0,0.3499999940395355,0,0,600,900,423158243,1,77,0.0,0.0,26.99272918701172,28.561870574951172,1,0,0.6000000238418579,0,0,1,0,0,8,0,0,0,8,99,1,8.300000190734863,0.0,21.72534942626953,28.40812110900879,1.5,0,11,1.0,-1.0,0.0,0,0,0
1780683324.5146322,0,0.3499999940395355,0,0,600,900,423158243,1,77,0.0,0.0,26.99272918701172,28.561870574951172,1,0,0.6000000238418579,0,0,1,0,0,8,0,0,0,8,99,1,8.300000190734863,0.0,21.891345977783203,28.40812110900879,1.5,0,11,1.0,-1.0,0.0,0,0,0
1780683324.535452,0,0.3499999940395355,0,0,600,900,423158243,1,77,0.0,0.0,26.99272918701172,28.561870574951172,1,0,0.6000000238418579,0,0,1,0,0,8,0,0,0,8,99,1,8.300000190734863,0.0,22.05734634399414,28.408123016357422,1.5,0,11,1.0,-1.0,0.0,0,0,0
1780683324.5549426,0,0.3499999940395355,0,0,600,900,423158243,7,77,0.0,0.0,26.99272918701172,28.561870574951172,1,0,0.6000000238418579,0,0,1,0,0,8,0,0,0,8,99,1,8.300000190734863,0.0,22.223430633544922,28.40812110900879,1.5,0,11,1.0,-1.0,0.0,0,0,0
1780683324.5745614,0,0.3499999940395355,0,0,600,900,423158243,7,77,0.0,0.0,26.99272918701172,28.561870574951172,1,0,0.6000000238418579,0,0,1,0,0,8,0,0,0,8,99,1,8.300000190734863,0.0,22.38943099975586,28.40812110900879,1.5,0,11,1.0,-1.0,0.0,0,0,0
1780683324.595062,0,0.3499999940395355,0,0,600,900,423158243,7,77,0.0,0.0,26.99272918701172,28.561870574951172,1,0,0.6000000238418579,0,0,1,0,0,8,0,0,0,8,99,1,8.300000190734863,0.0,22.55542755126953,28.40812110900879,1.5,0,11,1.0,-1.0,0.0,0,0,0
1780683324.614737,0,0.3499999940395355,0,0,600,900,423158243,7,77,0.0,0.0,26.99272918701172,28.561870574951172,1,0,0.6000000238418579,0,0,1,0,0,8,0,0,0,8,99,1,8.300000190734863,0.0,22.7214298248291,28.40812110900879,1.5,0,11,1.0,-1.0,0.0,0,0,0
1780683324.634906,0,0.3499999940395355,0,0,600,900,423158243,7,77,0.0,0.0,26.99272918701172,28.561870574951172,1,0,0.6000000238418579,0,0,1,0,0,8,0,0,0,8,99,1,8.300000190734863,0.0,22.887432098388672,28.40812110900879,1.5,0,11,1.0,-1.0,0.0,0,0,0
1780683324.654882,0,0.3499999940395355,0,0,600,900,423158243,7,77,0.0,0.0,26.99272918701172,28.561870574951172,1,0,0.6000000238418579,0,0,1,0,0,8,0,0,0,8,99,1,8.300000190734863,0.0,23.053430557250977,28.40812110900879,1.5,0,11,1.0,-1.0,0.0,0,0,0
1780683324.6748981,0,0.3499999940395355,0,0,600,900,423158243,7,77,0.0,0.0,26.99272918701172,28.561870574951172,1,0,0.6000000238418579,0,0,1,0,0,8,0,0,0,8,99,1,8.300000190734863,0.0,23.219348907470703,28.40812110900879,1.5,0,11,1.0,-1.0,0.0,0,0,0
1780683324.6946557,0,0.3499999940395355,0,0,600,900,423158243,7,77,0.0,0.0,26.99272918701172,28.561870574951172,1,0,0.6000000238418579,0,0,1,0,0,8,0,0,0,8,99,1,8.300000190734863,0.0,23.38543128967285,28.408119201660156,1.5,0,11,1.0,-1.0,0.0,0,0,0
1780683324.7147813,0,0.3499999940395355,0,0,600,900,423158243,7,77,0.0,0.0,26.99272918701172,28.561870574951172,1,0,0.6000000238418579,0,0,1,0,0,8,0,0,0,8,99,1,8.300000190734863,0.0,23.551429748535156,28.40812110900879,1.5,0,11,1.0,-1.0,0.0,0,0,0
1780683324.734983,0,0.3499999940395355,0,0,600,900,423158243,7,77,0.0,0.0,26.99272918701172,28.561870574951172,1,0,0.6000000238418579,0,0,1,0,0,8,0,0,0,8,99,1,8.300000190734863,0.0,23.71742820739746,28.40812110900879,1.5,0,11,1.0,-1.0,0.0,0,0,1
1780683324.7551434,0,0.3499999940395355,1,0,600,900,423158243,7,77,0.0,0.0,26.99272918701172,28.561870574951172,0,0,0.6000000238418579,0,0,1,0,0,8,0,1,0,8,99,1,8.300000190734863,0.0,23.883346557617188,28.40812110900879,1.5,0,11,1.0,-1.0,0.0,0,0,1
1780683324.7747042,0,0.3499999940395355,1,0,600,900,423158243,7,77,0.0,0.0,26.99272918701172,28.561870574951172,0,0,0.6000000238418579,0,0,1,0,0,8,0,1,0,8,99,1,8.300000190734863,0.0,24.04934310913086,28.40812110900879,1.5,0,11,1.0,-1.0,0.0,0,0,1
1780683324.79496,0,0.3499999940395355,1,0,579,900,423158243,7,77,0.0,0.0,26.99272918701172,28.561870574951172,0,0,0.6000000238418579,0,0,1,0,0,8,0,1,0,8,99,1,-3.75,0.0,24.215341567993164,28.40812110900879,1.5,0,22,1.0,-1.0,0.0,0,0,1
1780683324.8149152,0,0.3499999940395355,1,0,579,900,423158243,7,77,0.0,0.0,27.292728424072266,28.561870574951172,0,0,0.6000000238418579,0,0,1,0,0,8,0,1,0,8,99,1,-3.75,0.0,24.192127227783203,28.40812110900879,1.5,0,22,1.0,-1.0,0.0,0,0,0
1780683324.8349304,0,0.3499999940395355,1,0,579,900,423158243,7,77,0.0,0.0,27.592727661132812,28.561870574951172,0,0,0.6000000238418579,0,0,1,0,0,8,0,1,0,8,99,1,-3.75,0.0,24.117088317871094,28.40812110900879,1.5,0,22,1.0,-1.0,0.0,0,0,0
1780683324.854807,0,0.3499999940395355,1,0,579,900,423158243,7,77,0.0,0.0,27.89272689819336,28.561870574951172,1,0,0.6000000238418579,0,0,1,0,0,8,0,1,0,8,99,1,-3.75,0.0,24.042089462280273,28.40812110900879,1.5,0,22,1.0,-1.0,0.0,0,0,0
1780683324.875409,0,0.3499999940395355,1,0,579,900,423158243,7,77,0.0,0.0,28.192726135253906,28.561870574951172,1,0,0.6000000238418579,0,0,1,0,0,8,0,1,0,8,99,1,-3.75,0.0,23.967124938964844,28.40812110900879,1.5,0,22,1.0,-1.0,0.0,0,0,0
1780683324.894631,0,0.3499999940395355,1,0,579,900,423158243,10,77,7.52825927734375,41.0,28.492725372314453,28.561870574951172,1,0,0.6000000238418579,0,0,1,0,0,8,0,1,0,8,99,1,-3.75,0.0,23.89212417602539,28.408119201660156,1.5,0,22,1.0,-1.0,0.0,0,0,0
1780683324.9145966,0,0.3499999940395355,1,0,579,900,423158243,10,77,7.52825927734375,39.20000076293945,28.943288803100586,29.345870971679688,1,0,0.6000000238418579,0,0,1,0,0,8,0,1,0,8,99,1,-3.75,0.0,23.817127227783203,28.40812110900879,1.5,0,22,1.0,-1.0,0.0,0,0,0
1780683324.9353297,0,0.3499999940395355,1,0,579,900,423158243,10,77,7.52825927734375,37.400001525878906,29.39385223388672,30.093870162963867,1,0,0.6000000238418579,0,0,1,0,0,8,0,1,0,8,99,1,-3.75,0.0,23.742124557495117,28.408119201660156,1.5,0,22,1.0,-1.0,0.0,0,0,0
1780683324.9549332,0,0.3499999940395355,1,0,579,900,423158243,10,77,7.52825927734375,35.60000228881836,29.84441566467285,30.805870056152344,1,0,0.6000000238418579,0,0,1,0,0,8,0,1,0,8,99,1,-3.75,0.0,23.66708755493164,28.40812110900879,1.5,0,22,1.0,-1.0,0.0,0,0,0
1780683324.9749594,0,0.3499999940395355,1,0,579,900,423158243,10,77,7.52825927734375,33.80000305175781,29.994979858398438,31.481870651245117,1,0,0.6000000238418579,0,0,1,0,0,8,0,1,0,8,99,1,-3.75,0.0,23.592124938964844,28.408123016357422,1.5,0,22,1.0,-1.0,0.0,0,0,0
1780683324.9955328,0,0.3499999940395355,1,0,579,900,423158243,10,77,7.52825927734375,32.000003814697266,30.145544052124023,32.12186813354492,1,0,0.6000000238418579,0,0,1,0,0,8,0,1,0,8,99,1,8.300000190734863,0.0,23.70632553100586,28.40812110900879,1.5,0,22,1.0,-1.0,0.0,0,0,0
1780683325.0150108,0,0.3499999940395355,1,0,579,900,423158243,10,77,7.52825927734375,30.20000457763672,30.29610824584961,32.725868225097656,1,0,0.6000000238418579,0,0,1,0,0,8,0,1,0,8,99,1,8.300000190734863,0.0,23.87240219116211,28.40812110900879,1.5,0,22,1.0,-1.0,0.0,0,0,0
1780683325.0356772,0,0.3499999940395355,1,0,579,900,423158243,10,77,7.52825927734375,28.400005340576172,30.446672439575195,33.29386901855469,1,0,0.6000000238418579,0,0,1,0,0,8,0,1,0,8,99,1,8.300000190734863,0.0,24.03840446472168,28.40812110900879,1.5,0,22,1.0,-1.0,0.0,0,0,0
1780683325.055042,0,0.3499999940395355,1,0,579,900,423158243,10,77,7.52825927734375,26.600006103515625,30.59723663330078,33.825870513916016,1,0,0.6000000238418579,0,0,1,0,0,8,0,1,0,8,99,1,8.300000190734863,0.0,24.204404830932617,28.40812110900879,1.5,0,22,1.0,-1.0,0.0,0,0,0
1780683325.0752614,0,0.3499999940395355,1,0,579,900,423158243,10,77,7.52825927734375,24.800006866455078,30.747800827026367,34.321868896484375,1,0,0.6000000238418579,0,0,1,0,0,8,0,1,0,8,99,1,8.300000190734863,0.0,24.370403289794922,28.40812110900879,1.5,0,22,1.0,-1.0,0.0,0,0,0
1780683325.095258,0,0.3499999940395355,1,0,579,900,423158243,10,77,7.52825927734375,23.00000762939453,30.898365020751953,34.78186798095703,1,0,0.6000000238418579,0,0,1,0,0,8,0,1,0,8,99,1,8.300000190734863,0.0,24.53640365600586,28.40812110900879,1.5,0,22,1.0,-1.0,0.0,0,0,0
1780683325.1148083,0,0.3499999940395355,0,0,579,900,423158243,10,77,7.52825927734375,21.200008392333984,31.04892921447754,35.205867767333984,1,0,0.6000000238418579,0,0,1,0,0,8,0,0,0,8,99,1,8.300000190734863,0.0,24.702320098876953,28.40812110900879,1.5,0,22,1.0,-1.0,0.0,0,0,0
1780683325.1353462,0,0.3499999940395355,0,0,579,900,423158243,10,77,7.52825927734375,19.400009155273438,31.199493408203125,35.593868255615234,1,0,0.6000000238418579,0,0,1,0,0,8,0,0,0,8,99,1,8.300000190734863,0.0,24.868406295776367,28.40812110900879,1.5,0,22,1.0,-1.0,0.0,0,0,0
1780683325.1551902,0,0.3499999940395355,0,0,579,900,423158243,10,77,7.52825927734375,17.60000991821289,31.35005760192871,35.94586944580078,1,0,0.6000000238418579,0,0,1,0,0,8,0,0,0,8,99,1,8.300000190734863,0.0,25.034408569335938,28.40812110900879,1.5,0,22,1.0,-1.0,0.0,0,0,0
1780683325.1746886,0,0.3499999940395355,0,0,579,900,423158243,10,77,7.52825927734375,15.800010681152344,31.500621795654297,36.261871337890625,1,0,0.6000000238418579,0,0,1,0,0,8,0,0,0,8,99,1,8.300000190734863,0.0,25.20032501220703,28.40812110900879,1.5,0,22,1.0,-1.0,0.0,0,0,0
1780683325.1947227,0,0.3499999940395355,0,0,579,900,423158243,10,77,7.52825927734375,14.000011444091797,31.651185989379883,36.5418701171875,1,0,0.6000000238418579,0,0,1,0,0,8,0,0,0,8,99,1,8.300000190734863,0.0,25.36632537841797,28.40812110900879,1.5,0,22,1.0,-1.0,0.0,0,0,0
1780683325.214943,0,0.3499999940395355,0,0,579,900,423158243,10,77,7.52825927734375,12.20001220703125,31.80175018310547,36.78586959838867,1,0,0.6000000238418579,0,0,1,0,0,8,0,0,0,8,99,1,8.300000190734863,0.0,25.532323837280273,28.408123016357422,1.5,0,22,1.0,0.0,0.0,0,0,0
1780683325.235099,0,0.3499999940395355,0,0,579,900,423158243,10,77,7.52825927734375,10.400012969970703,31.952316284179688,36.99386978149414,1,0,0.6000000238418579,0,0,1,0,0,8,0,0,0,8,99,1,8.300000190734863,0.0,25.698408126831055,28.40812110900879,1.5,0,22,0.0,0.0,0.0,0,0,0
1780683325.2551455,0,0.3499999940395355,0,0,579,900,423158243,10,77,7.52825927734375,8.600013732910156,32.102882385253906,37.165870666503906,1,0,0.6000000238418579,0,0,1,0,0,8,0,0,0,8,99,1,8.300000190734863,0.0,25.86440658569336,28.40812110900879,1.5,0,22,0.0,0.0,0.0,0,0,0
1780683325.274913,0,0.3499999940395355,0,0,579,900,423158243,10,77,7.52825927734375,6.800014495849609,32.253448486328125,37.30187225341797,1,0,0.6000000238418579,0,0,1,0,0,8,0,0,0,8,99,1,0.0,0.0,25.900009155273438,28.40812110900879,1.5,0,22,0.0,0.0,0.0,0,0,0
1780683325.2949786,0,0.3499999940395355,0,0,579,900,423158243,10,77,7.52825927734375,5.0000152587890625,32.404014587402344,37.40187072753906,1,0,0.6000000238418579,0,0,1,0,0,8,0,0,0,8,99,1,0.0,0.0,25.900009155273438,28.40812110900879,1.5,0,22,0.0,0.0,0.0,0,0,0
1780683325.314935,0,0.3499999940395355,0,0,579,900,423158243,10,77,7.52825927734375,3.2000160217285156,32.55458068847656,37.46586990356445,1,0,0.6000000238418579,0,0,1,0,0,8,0,0,0,8,99,1,0.0,0.0,25.900009155273438,28.40812110900879,1.5,0,22,0.0,0.0,0.0,0,0,0
1780683325.3351157,0,0.3499999940395355,0,0,579,900,423158243,10,77,7.52825927734375,1.4000167846679688,32.70514678955078,37.49386978149414,1,0,0.6000000238418579,0,0,1,0,0,8,0,0,0,8,99,1,0.0,0.0,25.900009155273438,28.40812110900879,1.5,0,22,0.0,0.0,0.0,0,0,0
1780683325.3549454,0,0.3499999940395355,0,0,579,900,423158243,10,77,7.52825927734375,-0.3999824523925781,32.855712890625,37.485870361328125,1,0,0.6000000238418579,0,0,1,0,0,8,0,0,0,8,99,1,0.0,0.0,25.900009155273438,28.408119201660156,1.5,0,22,0.0,0.0,0.0,0,0,0
1780683325.3751051,0,0.3499999940395355,0,0,579,900,423158243,10,77,7.52825927734375,-2.199981689453125,33.00627899169922,37.441871643066406,1,0,0.6000000238418579,0,0,1,0,0,8,0,0,0,8,99,1,0.0,0.0,25.900009155273438,28.40812110900879,1.5,0,22,0.0,0.0,0.0,0,0,0
1780683325.395053,0,0.3499999940395355,0,0,579,900,423158243,10,77,7.52825927734375,-3.999980926513672,33.15684509277344,37.361873626708984,1,0,0.6000000238418579,0,0,1,0,0,8,0,0,0,8,99,1,0.0,0.0,25.900009155273438,28.408123016357422,1.5,0,22,0.0,0.0,0.0,0,0,0
1780683325.4145694,0,0.3499999940395355,0,0,579,900,423158243,10,77,7.52825927734375,-5.799980163574219,33.307411193847656,37.245872497558594,1,0,0.6000000238418579,0,0,1,0,0,8,0,0,0,8,99,1,0.0,0.0,25.900009155273438,28.40812110900879,1.5,0,22,0.0,0.0,0.0,0,0,0
1780683325.4352477,0,0.3499999940395355,0,0,579,900,423158243,10,77,7.52825927734375,-7.599979400634766,33.457977294921875,37.0938720703125,1,0,0.6000000238418579,0,0,1,0,0,8,0,0,0,8,99,1,0.0,0.0,25.900009155273438,28.40812110900879,1.5,0,22,0.0,0.0,0.0,0,0,0
1780683325.4549935,0,0.3499999940395355,0,0,579,900,423158243,10,77,7.52825927734375,-9.399978637695312,33.608543395996094,36.9058723449707,1,0,0.6000000238418579,0,0,1,0,0,8,0,0,0,8,99,1,0.0,0.0,25.900009155273438,28.40812110900879,1.5,0,22,0.0,0.0,0.0,0,0,0
1780683325.4750617,0,0.3499999940395355,0,0,579,900,423158243,10,77,7.52825927734375,-11.19997787475586,33.75910949707031,36.6818733215332,1,0,0.6000000238418579,0,0,1,0,0,8,0,0,0,8,99,1,0.0,0.0,25.900009155273438,28.408123016357422,1.5,0,22,0.0,0.0,0.0,0,0,0
1780683325.4950979,0,0.3499999940395355,0,0,579,900,423158243,10,77,7.52825927734375,-12.999977111816406,33.90967559814453,36.421875,1,0,0.6000000238418579,0,0,1,0,0,8,0,0,0,8,99,1,0.0,0.0,25.900009155273438,28.40812110900879,1.5,0,22,0.0,0.0,0.0,0,0,0
1780683325.5151196,0,0.3499999940395355,0,0,579,900,423158243,10,77,7.52825927734375,-14.799976348876953,34.06024169921875,36.125877380371094,1,0,0.6000000238418579,0,0,1,0,0,8,0,0,0,8,99,1,0.0,0.0,25.900009155273438,28.40812110900879,1.5,0,22,0.0,0.0,0.0,0,0,0
1780683325.5353613,0,0.3499999940395355,0,0,579,900,423158243,10,77,7.52825927734375,-16.5999755859375,34.21080780029297,35.79387664794922,1,0,0.6000000238418579,0,0,1,0,0,8,0,0,0,8,99,1,0.0,0.0,25.900009155273438,28.40812110900879,1.5,0,22,0.0,0.0,0.0,0,0,0
1780683325.5552042,0,0.3499999940395355,0,0,579,900,423158243,10,77,7.52825927734375,-18.399974822998047,34.36137390136719,35.42587661743164,1,0,0.6000000238418579,0,0,1,0,0,8,0,0,0,8,99,1,0.0,0.0,25.900009155273438,28.408123016357422,1.5,0,22,0.0,0.0,0.0,0,0,0
1780683325.5750525,0,0.3499999940395355,0,0,579,900,423158243,10,77,7.52825927734375,-20.199974060058594,34.511940002441406,35.02187728881836,1,0,0.6000000238418579,0,0,1,0,0,8,0,0,0,8,99,1,0.0,0.0,25.900009155273438,28.408123016357422,1.5,0,22,0.0,0.0,0.0,0,0,0
1780683325.5949576,0,0.3499999940395355,0,0,579,900,423158243,10,77,7.52825927734375,-21.99997329711914,34.662506103515625,34.581878662109375,1,0,0.6000000238418579,0,0,1,0,0,8,0,0,0,8,99,1,0.0,0.0,25.900009155273438,28.40812110900879,1.5,0,22,0.0,0.0,0.0,0,0,0
1780683325.6144772,0,0.3499999940395355,0,0,579,900,423158243,10,77,7.52825927734375,-23.799972534179688,34.813072204589844,34.10588073730469,1,0,0.6000000238418579,0,0,1,0,0,8,0,0,0,8,99,1,0.0,0.0,25.900009155273438,28.40812110900879,1.5,0,22,0.0,0.0,0.0,0,0,0
1780683325.634887,0,0.3499999940395355,0,0,579,900,423158243,10,77,7.52825927734375,-25.599971771240234,34.96363830566406,33.59387969970703,1,0,0.6000000238418579,0,0,1,0,0,8,0,0,0,8,99,1,0.0,0.0,25.900009155273438,28.40812110900879,1.5,0,22,0.0,0.0,0.0,0,0,0
1780683325.6551867,0,0.3499999940395355,0,0,579,900,423158243,10,77,7.52825927734375,-27.39997100830078,35.11420440673828,33.04587936401367,1,0,0.6000000238418579,0,0,1,0,0,8,0,0,0,8,99,1,0.0,0.0,25.900009155273438,28.40812110900879,1.5,0,22,1.0,0.0,0.0,0,0,0
1780683325.675008,0,0.3499999940395355,0,0,579,900,423158243,10,77,7.52825927734375,-29.199970245361328,35.2647705078125,32.46187973022461,1,0,0.6000000238418579,0,0,1,0,0,8,0,0,0,8,99,1,0.0,0.0,25.900009155273438,28.408123016357422,1.5,0,22,1.0,-1.0,0.0,0,0,0
1780683325.6951606,0,0.3499999940395355,0,0,579,900,423158243,10,77,7.52825927734375,-30.999969482421875,35.41533660888672,31.841880798339844,1,0,0.6000000238418579,0,0,1,0,0,8,0,0,0,8,99,1,0.0,0.0,25.900009155273438,28.408123016357422,1.5,0,22,1.0,-1.0,0.0,0,0,0
1780683325.7149785,0,0.3499999940395355,0,0,579,900,423158243,10,77,7.52825927734375,-32.79996871948242,35.56590270996094,31.185882568359375,1,0,0.6000000238418579,0,0,1,0,0,8,0,0,0,8,99,1,8.300000190734863,0.0,26.030315399169922,28.40812110900879,1.5,0,22,1.0,-1.0,0.0,0,0,0
1780683325.7352242,0,0.3499999940395355,0,0,579,900,423158243,10,77,7.52825927734375,-34.59996795654297,35.716468811035156,30.49388313293457,1,0,0.6000000238418579,0,0,1,0,0,8,0,0,0,8,99,1,8.300000190734863,0.0,26.196399688720703,28.40812110900879,1.5,0,22,1.0,-1.0,0.0,0,0,0
1780683325.755378,0,0.3499999940395355,0,0,579,900,423158243,10,77,7.52825927734375,-36.399967193603516,35.867034912109375,29.765884399414062,1,0,0.6000000238418579,0,0,1,0,0,8,0,0,0,8,99,1,8.300000190734863,0.0,26.36240005493164,28.40812110900879,1.5,0,22,1.0,-1.0,0.0,0,0,0
1780683325.7752,0,0.3499999940395355,0,0,579,900,423158243,10,77,7.52825927734375,-38.19996643066406,36.017601013183594,29.00188446044922,1,0,0.6000000238418579,0,0,1,0,0,8,0,0,0,8,99,1,8.300000190734863,0.0,26.5283203125,28.40812110900879,1.5,0,22,1.0,-1.0,0.0,0,0,0
1780683325.795089,0,0.3499999940395355,0,0,579,900,423158243,11,77,0.0,0.0,36.16816711425781,28.56183624267578,1,0,0.6000000238418579,0,0,1,0,0,8,0,0,0,8,99,1,8.300000190734863,0.0,26.694320678710938,28.408123016357422,1.5,0,22,1.0,-1.0,0.0,0,0,0
1780683325.81461,0,0.3499999940395355,0,0,579,900,423158243,11,77,0.0,0.0,36.16816711425781,28.56184959411621,1,0,0.6000000238418579,0,0,1,0,0,8,0,0,0,8,99,1,8.300000190734863,0.0,26.86039924621582,28.408119201660156,1.5,0,22,1.0,-1.0,0.0,0,0,0
1780683325.8349082,0,0.3499999940395355,0,0,579,900,423158243,11,77,0.0,0.0,36.16816711425781,28.561859130859375,1,0,0.6000000238418579,0,0,1,0,0,8,0,0,0,8,99,1,8.300000190734863,0.0,27.02640151977539,28.40812110900879,1.5,0,22,1.0,-1.0,0.0,0,0,0
1780683325.85516,0,0.3499999940395355,0,0,579,900,423158243,11,77,0.0,0.0,36.16816711425781,28.561864852905273,1,0,0.6000000238418579,0,0,1,0,0,8,0,0,0,8,99,1,8.300000190734863,0.0,27.192398071289062,28.408123016357422,1.5,0,22,1.0,-1.0,0.0,0,0,0
1780683325.8752167,0,0.3499999940395355,0,0,579,900,423158243,11,77,0.0,0.0,36.16816711425781,28.56186866760254,1,0,0.6000000238418579,0,0,1,0,0,8,0,0,0,8,99,1,8.300000190734863,0.0,27.358314514160156,28.40812110900879,1.5,0,22,1.0,-1.0,0.0,0,0,0
1780683325.894868,0,0.3499999940395355,0,0,579,900,423158243,11,77,0.0,0.0,36.16816711425781,28.561870574951172,1,0,0.6000000238418579,0,0,1,0,0,8,0,0,0,8,99,1,8.300000190734863,0.0,27.524314880371094,28.40812110900879,1.5,0,22,1.0,-1.0,0.0,0,0,0
1780683325.9148355,0,0.3499999940395355,0,0,579,900,423158243,11,77,0.0,0.0,36.16816711425781,28.561870574951172,1,0,0.6000000238418579,0,0,1,0,0,8,0,0,0,8,99,1,8.300000190734863,0.0,27.69039535522461,28.408123016357422,1.5,0,22,1.0,-1.0,0.0,0,0,0
1780683325.9352906,0,0.3499999940395355,0,0,579,900,423158243,11,77,0.0,0.0,36.16816711425781,28.561870574951172,1,0,0.6000000238418579,0,0,1,0,0,8,0,0,0,8,99,1,8.300000190734863,0.0,27.856395721435547,28.408123016357422,1.5,0,22,1.0,-1.0,0.0,0,0,0
1780683325.9548426,0,0.3499999940395355,0,0,579,900,423158243,11,77,0.0,0.0,36.16816711425781,28.561870574951172,1,0,0.6000000238418579,0,0,1,0,0,8,0,0,0,8,99,1,8.300000190734863,0.0,28.022396087646484,28.408123016357422,1.5,0,22,1.0,-1.0,0.0,0,0,0
1780683325.9750056,0,0.3499999940395355,0,0,579,900,423158243,11,77,0.0,0.0,36.16816711425781,28.561870574951172,1,0,0.6000000238418579,0,0,1,0,0,8,0,0,0,8,99,1,8.300000190734863,0.0,28.188396453857422,28.40812110900879,1.5,0,22,1.0,-1.0,0.0,0,0,0
1780683325.9950771,0,0.3499999940395355,0,0,579,900,423158243,11,77,0.0,0.0,36.16816711425781,28.561870574951172,1,0,0.6000000238418579,0,0,1,0,0,8,0,0,0,8,99,1,8.300000190734863,0.0,28.35431480407715,28.408119201660156,1.5,0,22,1.0,-1.0,0.0,0,0,0
1780683326.0149772,0,0.3499999940395355,0,0,579,900,423158243,11,77,0.0,0.0,36.16816711425781,28.561870574951172,1,0,0.6000000238418579,0,0,1,0,0,8,0,0,0,8,99,1,8.300000190734863,0.0,28.52031135559082,28.40812110900879,1.5,0,22,1.0,-1.0,0.0,0,0,0
1780683326.0359821,0,0.3499999940395355,0,0,579,900,423158243,69,77,0.0,0.0,36.16816711425781,28.561870574951172,1,0,0.6000000238418579,0,0,1,0,0,8,0,0,0,8,99,1,8.300000190734863,0.0,28.686311721801758,28.408119201660156,1.5,0,22,1.0,-1.0,0.0,0,0,0
1780683326.0578895,0,0.3499999940395355,0,0,579,900,423158243,69,77,0.0,0.0,36.16816711425781,28.561870574951172,1,0,0.6000000238418579,0,0,1,0,0,8,0,0,0,8,99,1,8.300000190734863,0.0,28.85231590270996,28.40812110900879,1.5,0,22,1.0,-1.0,0.0,0,0,0
1780683326.0776744,0,0.3499999940395355,0,0,579,900,423158243,69,77,0.0,0.0,36.16816711425781,28.561870574951172,1,0,0.6000000238418579,0,0,1,0,0,8,0,0,0,8,99,1,8.300000190734863,0.0,29.01831817626953,28.40812110900879,1.5,0,22,1.0,-1.0,0.0,0,0,0
1780683326.0969234,0,0.3499999940395355,0,0,579,900,423158243,69,77,0.0,0.0,36.16816711425781,28.561870574951172,1,0,0.6000000238418579,0,0,1,0,0,8,0,0,0,8,99,1,8.300000190734863,0.0,29.184404373168945,28.40812110900879,1.5,0,22,1.0,-1.0,0.0,0,0,0
1780683326.1161623,0,0.3499999940395355,0,0,579,900,423158243,69,77,0.0,0.0,36.16816711425781,28.561870574951172,1,0,0.6000000238418579,0,0,1,0,0,8,0,0,0,8,99,1,8.300000190734863,0.0,29.350406646728516,28.408119201660156,1.5,0,22,1.0,-1.0,0.0,0,0,0
1780683326.1354253,0,0.3499999940395355,0,0,579,900,423158243,69,77,0.0,0.0,36.16816711425781,28.561870574951172,1,0,0.6000000238418579,0,0,1,0,0,8,0,0,0,8,99,1,8.300000190734863,0.0,29.516407012939453,28.40812110900879,1.5,0,22,1.0,-1.0,0.0,0,0,0
1780683326.1546578,0,0.3499999940395355,0,0,579,900,423158243,69,77,0.0,0.0,36.16816711425781,28.561870574951172,1,0,0.6000000238418579,0,0,1,0,0,8,0,0,0,8,99,1,8.300000190734863,0.0,29.68240737915039,28.408119201660156,1.5,0,22,1.0,-1.0,0.0,0,0,0
1780683326.1747444,0,0.3499999940395355,0,0,579,900,423158243,69,77,0.0,0.0,36.16816711425781,28.561870574951172,1,0,0.6000000238418579,0,0,1,0,0,8,0,0,0,8,99,1,8.300000190734863,0.0,29.848407745361328,28.40812110900879,1.5,0,22,1.0,-1.0,0.0,0,0,0
1780683326.195084,0,0.3499999940395355,0,0,579,900,423158243,69,77,0.0,0.0,36.16816711425781,28.561870574951172,1,0,0.6000000238418579,0,0,1,0,0,8,0,0,0,8,99,1,8.300000190734863,0.0,30.014324188232422,28.40812110900879,1.5,0,22,1.0,-1.0,0.0,0,0,0
1780683326.2149239,0,0.3499999940395355,0,0,579,900,423158243,69,77,0.0,0.0,36.16816711425781,28.561870574951172,1,0,0.6000000238418579,0,0,1,0,0,8,0,0,0,8,99,1,8.300000190734863,0.0,30.180322647094727,28.40812110900879,1.5,0,22,1.0,-1.0,0.0,0,0,0
1780683326.2348533,0,0.3499999940395355,0,0,579,900,423158243,69,77,0.0,0.0,36.16816711425781,28.561870574951172,1,0,0.6000000238418579,0,0,1,0,0,8,0,0,0,8,99,1,8.300000190734863,0.0,30.346403121948242,28.408123016357422,1.5,0,22,1.0,-1.0,0.0,0,0,0
1780683326.2546003,0,0.3499999940395355,0,0,579,900,423158243,69,77,0.0,0.0,36.16816711425781,28.561870574951172,1,0,0.6000000238418579,0,0,1,0,0,8,0,0,0,8,99,1,8.300000190734863,0.0,30.512401580810547,28.40812110900879,1.5,0,22,1.0,-1.0,0.0,0,0,0
1780683326.274884,0,0.3499999940395355,0,0,579,900,423158243,69,77,0.0,0.0,36.16816711425781,28.561870574951172,1,0,0.6000000238418579,0,0,1,0,0,8,0,0,0,8,99,1,8.300000190734863,0.0,30.67840003967285,28.40812110900879,1.5,0,22,1.0,-1.0,0.0,0,0,0
1780683326.2948885,0,0.3499999940395355,0,0,579,900,423158243,45,77,8.0,0.0,36.16816711425781,28.561870574951172,1,0,0.6000000238418579,0,0,1,0,0,8,0,0,0,8,99,1,8.300000190734863,0.0,30.84440040588379,28.40812110900879,1.5,0,22,1.0,-1.0,0.0,0,0,0
1780683326.3148046,0,0.3499999940395355,0,0,579,900,423158243,45,77,8.0,0.0,36.32816696166992,28.561870574951172,1,0,0.6000000238418579,0,0,1,0,0,8,0,0,0,8,99,1,8.300000190734863,0.0,31.010398864746094,28.40812110900879,1.5,0,22,1.0,-1.0,0.0,0,0,0
1780683326.335135,0,0.3499999940395355,0,0,579,900,423158243,45,77,8.0,0.0,36.48816680908203,28.561870574951172,1,0,0.6000000238418579,0,0,1,0,0,8,0,0,0,8,99,1,8.300000190734863,0.0,31.176401138305664,28.40812110900879,1.5,0,22,1.0,-1.0,0.0,0,0,0
1780683326.3549197,0,0.3499999940395355,0,0,579,900,423158243,45,77,8.0,0.0,36.64816665649414,28.561870574951172,1,0,0.6000000238418579,0,0,1,0,0,8,0,0,0,8,99,1,8.300000190734863,0.0,31.34231948852539,28.40812110900879,1.5,0,22,1.0,-1.0,0.0,0,0,0
1780683326.374972,0,0.3499999940395355,0,0,579,900,423158243,45,77,8.0,0.0,36.80816650390625,28.561870574951172,1,0,0.6000000238418579,0,0,1,0,0,8,0,0,0,8,99,1,8.300000190734863,0.0,31.508319854736328,28.408119201660156,1.5,0,22,1.0,-1.0,0.0,0,0,0
1780683326.39486,0,0.3499999940395355,0,0,579,900,423158243,45,77,8.0,0.0,36.96816635131836,28.561870574951172,1,0,0.6000000238418579,0,0,1,0,0,8,0,0,0,8,99,1,8.300000190734863,0.0,31.674320220947266,28.40812110900879,1.5,0,22,1.0,-1.0,0.0,0,0,0
1780683326.4149003,0,0.3499999940395355,0,0,579,900,423158243,45,77,8.0,0.0,37.12816619873047,28.561870574951172,1,0,0.6000000238418579,0,0,1,0,0,8,0,0,0,8,99,1,8.300000190734863,0.0,31.84031867980957,28.40812110900879,1.5,0,22,1.0,-1.0,0.0,0,0,0
1780683326.4350579,0,0.3499999940395355,0,0,579,900,423158243,45,77,8.0,0.0,37.28816604614258,28.561870574951172,1,0,0.6000000238418579,0,0,1,0,0,8,0,0,0,8,99,1,8.300000190734863,0.0,32.006404876708984,28.40812110900879,1.5,0,22,1.0,-1.0,0.0,0,0,0
1780683326.454844,0,0.3499999940395355,0,0,579,900,423158243,45,77,8.0,0.0,37.44816589355469,28.561870574951172,1,0,0.6000000238418579,0,0,1,0,0,8,0,0,0,8,99,1,8.300000190734863,0.0,32.172401428222656,28.40812110900879,1.5,0,22,1.0,-1.0,0.0,0,0,0
1780683326.4748309,0,0.3499999940395355,0,0,579,900,423158243,2,77,0.0,0.0,37.6081657409668,28.561870574951172,1,0,0.6000000238418579,0,0,1,0,0,8,0,0,0,8,99,1,8.300000190734863,0.0,32.338401794433594,28.40812110900879,1.5,0,22,1.0,-1.0,0.0,0,0,0
1780683326.4947543,0,0.3499999940395355,0,0,579,900,423158243,2,77,0.0,0.0,36.665672302246094,28.561872482299805,1,0,0.6000000238418579,0,0,1,0,0,8,0,0,0,8,99,1,8.300000190734863,0.0,32.50440216064453,28.408123016357422,1.5,0,22,1.0,-1.0,0.0,0,0,0
1780683326.5147507,0,0.3499999940395355,0,0,579,900,423158243,2,77,0.0,0.0,36.387969970703125,28.561872482299805,1,0,0.6000000238418579,0,0,1,0,0,8,0,0,0,8,99,1,8.300000190734863,0.0,32.67040252685547,28.408123016357422,1.5,0,22,1.0,-1.0,0.0,0,0,0
1780683326.5352952,0,0.3499999940395355,0,0,579,900,423158243,2,77,0.0,0.0,36.3151741027832,28.561872482299805,1,0,0.6000000238418579,0,0,1,0,0,8,0,0,0,8,99,1,8.300000190734863,0.0,32.836402893066406,28.40812110900879,1.5,0,22,1.0,-1.0,0.0,0,0,0
1780683326.5551,0,0.3499999940395355,0,0,579,900,423158243,2,77,0.0,0.0,36.29609298706055,28.561872482299805,1,0,0.6000000238418579,0,0,1,0,0,8,0,0,0,8,99,1,8.300000190734863,0.0,33.002403259277344,28.40812110900879,1.5,0,22,1.0,-1.0,0.0,0,0,0
1780683326.574859,0,0.3499999940395355,0,0,579,900,423158243,2,77,0.0,0.0,36.29365158081055,28.561872482299805,1,0,0.6000000238418579,0,0,1,0,0,8,0,0,0,8,99,1,8.300000190734863,0.0,33.16840362548828,28.40812110900879,1.5,0,22,1.0,-1.0,0.0,0,0,0
1780683326.594886,0,0.3499999940395355,0,0,579,900,423158243,2,77,0.0,0.0,36.29208755493164,28.561872482299805,1,0,0.6000000238418579,0,0,1,0,0,8,0,0,0,8,99,1,8.300000190734863,0.0,33.334320068359375,28.40812110900879,1.5,0,22,1.0,-1.0,0.0,0,0,0
1780683326.6144905,0,0.3499999940395355,0,0,579,900,423158243,2,77,0.0,0.0,36.29108810424805,28.561872482299805,1,0,0.6000000238418579,0,0,1,0,0,8,0,0,0,8,99,1,8.300000190734863,0.0,33.500404357910156,28.40812110900879,1.5,0,22,1.0,-1.0,0.0,0,0,0
1780683326.6348207,0,0.3499999940395355,0,0,579,900,423158243,2,77,0.0,0.0,36.29044723510742,28.561872482299805,1,0,0.6000000238418579,0,0,1,0,0,8,0,0,0,8,99,1,8.300000190734863,0.0,33.666404724121094,28.408123016357422,1.5,0,22,1.0,-1.0,0.0,0,0,0
1780683326.6548696,0,0.3499999940395355,0,0,579,900,423158243,2,77,0.0,0.0,36.290035247802734,28.561872482299805,1,0,0.6000000238418579,0,0,1,0,0,8,0,0,0,8,99,1,8.300000190734863,0.0,33.83240509033203,28.408123016357422,1.5,0,22,1.0,-1.0,0.0,0,0,0
1780683326.6752474,0,0.3499999940395355,0,0,579,900,423158243,2,77,0.0,0.0,36.28977584838867,28.561872482299805,1,0,0.6000000238418579,0,0,1,0,0,8,0,0,0,8,99,1,8.300000190734863,0.0,33.998321533203125,28.40812110900879,1.5,0,22,1.0,-1.0,0.0,0,0,0
1780683326.6950254,0,0.3499999940395355,0,0,579,900,423158243,2,77,0.0,0.0,36.289608001708984,28.561872482299805,1,0,0.6000000238418579,0,0,1,0,0,8,0,0,0,8,99,1,8.300000190734863,0.0,34.16432189941406,28.40812110900879,1.5,0,22,1.0,-1.0,0.0,0,0,1
1780683326.7148173,0,0.3499999940395355,1,0,579,900,423158243,2,77,0.0,0.0,36.28950119018555,28.561872482299805,0,0,0.6000000238418579,0,0,1,0,0,8,0,1,0,8,99,1,8.300000190734863,0.0,34.330318450927734,28.408119201660156,1.5,0,22,1.0,-1.0,0.0,0,0,1
1780683326.7348373,0,0.3499999940395355,1,0,579,900,423158243,2,77,0.0,0.0,36.289432525634766,28.561872482299805,0,0,0.6000000238418579,0,0,1,0,0,8,0,1,0,8,99,1,8.300000190734863,0.0,34.49631881713867,28.40812110900879,1.5,0,22,1.0,-1.0,0.0,0,0,1
1780683326.7549703,0,0.3499999940395355,1,0,558,900,423158243,2,77,0.0,0.0,36.289390563964844,28.561872482299805,0,0,0.6000000238418579,0,0,1,0,0,8,0,1,0,8,99,1,-3.75,0.0,34.66231918334961,28.40812110900879,1.5,0,33,1.0,0.0,0.0,0,0,1
1780683326.774887,0,0.3499999940395355,1,0,558,900,423158243,2,77,0.0,0.0,36.28936767578125,28.56187629699707,0,0,0.6000000238418579,0,0,1,0,0,8,0,1,0,8,99,1,-3.75,0.0,34.63916015625,28.40812110900879,1.5,0,33,0.0,0.0,0.0,0,0,1
1780683326.7950418,0,0.3499999940395355,1,0,558,900,423158243,2,77,0.0,0.0,36.28934860229492,28.56187629699707,0,0,0.6000000238418579,0,0,1,0,0,8,0,1,0,8,99,1,-3.75,0.0,34.56416320800781,28.40812110900879,1.5,0,33,0.0,0.0,0.0,0,0,0
1780683326.8147635,0,0.3499999940395355,1,0,558,900,423158243,2,77,0.0,0.0,36.28933334350586,28.56187629699707,1,0,0.6000000238418579,0,0,1,0,0,8,0,1,0,8,99,1,-3.75,0.0,34.4891242980957,28.40812110900879,1.5,0,33,0.0,0.0,0.0,0,0,0
1780683326.8350072,0,0.3499999940395355,1,0,558,900,423158243,2,77,0.0,0.0,36.28932571411133,28.56187629699707,1,0,0.6000000238418579,0,0,1,0,0,8,0,1,0,8,99,1,-3.75,0.0,34.414161682128906,28.408119201660156,1.5,0,33,0.0,0.0,0.0,0,0,0
1780683326.855234,0,0.3499999940395355,1,0,558,900,423158243,2,77,0.0,0.0,36.2893180847168,28.56187629699707,1,0,0.6000000238418579,0,0,1,0,0,8,0,1,0,8,99,1,-3.75,0.0,34.33916091918945,28.40812110900879,1.5,0,33,0.0,0.0,0.0,0,0,0
1780683326.8750153,0,0.3499999940395355,1,0,558,900,423158243,2,77,0.0,0.0,36.2893180847168,28.56187629699707,1,0,0.6000000238418579,0,0,1,0,0,8,0,1,0,8,99,1,-3.75,0.0,34.26416015625,28.40812110900879,1.5,0,33,0.0,0.0,0.0,0,0,0
1780683326.8947976,0,0.3499999940395355,1,0,558,900,423158243,2,77,0.0,0.0,36.2893180847168,28.56187629699707,1,0,0.6000000238418579,0,0,1,0,0,8,0,1,0,8,99,1,-3.75,0.0,34.18916320800781,28.40812110900879,1.5,0,33,0.0,0.0,0.0,1,0,0
1780683326.9149272,0,0.3499999940395355,1,0,558,900,423158243,2,77,0.0,0.0,36.2893180847168,28.56187629699707,1,0,0.6000000238418579,0,0,1,0,0,8,0,1,1,8,99,1,-3.75,0.0,34.1141242980957,28.40812110900879,1.5,0,33,0.0,0.0,0.0,1,0,0
1780683326.9352434,0,0.3499999940395355,1,0,558,900,423158243,2,77,0.0,0.0,36.2893180847168,28.56187629699707,1,0,0.6000000238418579,0,0,1,0,0,8,0,1,1,8,99,0,-3.75,15.70199966430664,34.03912353515625,28.65474510192871,1.5,0,33,0.0,0.0,0.0,1,0,0
1780683326.955266,0,0.3499999940395355,1,0,558,900,423158243,2,77,0.0,0.0,36.2893180847168,28.56187629699707,1,0,0.6000000238418579,0,0,1,0,0,8,0,1,1,8,99,0,0.0,15.70199966430664,34.02302169799805,28.96878433227539,1.5,0,33,0.0,0.0,0.0,1,0,0
1780683326.9750652,0,0.3499999940395355,1,0,558,900,423158243,2,77,0.0,0.0,36.2893180847168,28.56187629699707,1,0,0.6000000238418579,0,0,1,0,0,8,0,1,1,8,99,0,0.0,15.70199966430664,34.02302169799805,29.282819747924805,1.5,0,33,0.0,0.0,0.0,1,0,0
1780683326.9952672,0,0.3499999940395355,1,0,558,900,423158243,2,77,0.0,0.0,36.2893180847168,28.56187629699707,1,0,0.6000000238418579,0,0,1,0,0,8,0,1,1,8,99,0,0.0,15.70199966430664,34.02302169799805,29.596702575683594,1.5,0,33,0.0,0.0,0.0,1,0,0
1780683327.0147302,0,0.3499999940395355,1,0,558,900,423158243,3,77,-25.0,0.0,36.2893180847168,28.56187629699707,1,0,0.6000000238418579,0,0,1,0,0,8,0,1,1,8,99,0,0.0,15.70199966430664,34.02302169799805,29.910734176635742,1.5,0,33,0.0,0.0,0.0,1,0,0
1780683327.0350494,0,0.3499999940395355,1,0,558,900,423158243,3,77,-25.0,0.0,35.78932189941406,28.56187629699707,1,0,0.6000000238418579,0,0,1,0,0,8,0,1,1,8,99,0,0.0,15.70199966430664,34.02302169799805,30.224773406982422,1.5,0,33,0.0,0.0,0.0,1,0,0
1780683327.0553408,0,0.3499999940395355,1,0,558,900,423158243,3,77,-25.0,0.0,35.28932189941406,28.56187629699707,1,0,0.6000000238418579,0,0,1,0,0,8,0,1,1,8,99,0,0.0,15.70199966430664,34.02302169799805,30.538978576660156,1.5,0,33,0.0,0.0,0.0,1,0,0
1780683327.0754406,0,0.3499999940395355,0,0,558,900,423158243,3,77,-25.0,0.0,34.78932189941406,28.56187629699707,1,0,0.6000000238418579,0,0,1,0,0,8,0,0,1,8,99,0,0.0,15.70199966430664,34.02302169799805,30.853023529052734,1.5,0,33,0.0,0.0,0.0,1,0,0
1780683327.0947342,0,0.3499999940395355,0,0,558,900,423158243,3,77,-25.0,0.0,34.28932189941406,28.56187629699707,1,0,0.6000000238418579,0,0,1,0,0,8,0,0,1,8,99,0,0.0,15.70199966430664,34.02302169799805,31.16706657409668,1.5,0,33,1.0,0.0,0.0,1,0,0
1780683327.1148043,0,0.3499999940395355,0,0,558,900,423158243,3,77,-25.0,0.0,33.78932189941406,28.56187629699707,1,0,0.6000000238418579,0,0,1,0,0,8,0,0,1,8,99,0,0.0,15.70199966430664,34.02302169799805,31.481117248535156,1.5,0,33,1.0,0.0,0.0,1,0,0
1780683327.135383,0,0.3499999940395355,0,0,558,900,423158243,3,77,-25.0,0.0,33.28932189941406,28.56187629699707,1,0,0.6000000238418579,0,0,1,0,0,8,0,0,0,8,99,0,0.0,14.753999710083008,34.02302169799805,31.780261993408203,1.5,0,33,0.0,0.0,0.0,1,0,0
1780683327.1550372,0,0.3499999940395355,0,0,558,900,423158243,3,77,-25.0,0.0,32.78932189941406,28.56187629699707,1,0,0.6000000238418579,0,0,1,0,0,8,0,0,0,8,99,0,0.0,13.805999755859375,34.02302169799805,32.06045913696289,1.5,0,33,0.0,0.0,0.0,1,0,0
1780683327.175184,0,0.3499999940395355,0,0,558,900,423158243,3,77,-25.0,0.0,32.28932189941406,28.56187629699707,1,0,0.6000000238418579,0,0,1,0,0,8,0,0,0,8,99,0,0.0,12.857999801635742,34.02302169799805,32.32168197631836,1.5,0,33,0.0,0.0,0.0,0,0,0
1780683327.1954556,0,0.3499999940395355,0,0,558,900,423158243,3,77,-25.0,0.0,31.78931999206543,28.56187629699707,1,0,0.6000000238418579,0,0,1,0,0,8,0,0,0,8,99,0,0.0,11.90999984741211,34.02302169799805,32.5639533996582,1.5,0,33,0.0,0.0,0.0,0,0,0
1780683327.2150323,0,0.3499999940395355,0,0,558,900,423158243,3,77,-25.0,0.0,31.28931999206543,28.56187629699707,1,0,0.6000000238418579,0,0,1,1,0,8,0,0,0,8,99,0,0.0,-0.9479996562004089,34.02302169799805,32.60018539428711,1.5,0,33,-1.0,0.0,0.0,0,0,0
1780683327.2348027,0,0.3499999940395355,0,0,558,900,423158243,3,77,-25.0,0.0,30.78931999206543,28.56187629699707,1,0,0.6000000238418579,0,0,1,1,0,8,0,0,0,8,99,0,0.0,-1.8959993124008179,34.02302169799805,32.56632995605469,1.5,0,33,-1.0,0.0,0.0,0,0,0
1780683327.255189,0,0.3499999940395355,0,0,558,900,423158243,3,77,-25.0,0.0,30.28931999206543,28.56187629699707,1,0,0.6000000238418579,0,0,0,1,0,8,0,0,0,8,99,0,-8.300000190734863,-2.843998908996582,33.89264678955078,32.513519287109375,1.5,0,33,-1.0,-1.0,0.0,0,0,0
1780683327.275318,0,0.3499999940395355,0,0,558,900,423158243,3,77,-25.0,0.0,29.78931999206543,28.56187629699707,1,0,0.6000000238418579,0,0,0,1,0,8,0,0,0,8,99,0,-8.300000190734863,-3.7919986248016357,33.72673034667969,32.44178771972656,1.5,0,33,-1.0,-1.0,0.0,0,0,0
1780683327.2950408,0,0.3499999940395355,0,0,558,900,423158243,3,77,-25.0,0.0,29.28931999206543,28.56187629699707,1,0,0.6000000238418579,0,0,0,1,0,8,0,0,0,8,99,0,-8.300000190734863,-4.7399983406066895,33.56072998046875,32.35106658935547,1.5,0,33,-1.0,-1.0,0.0,0,0,0
1780683327.3149037,0,0.3499999940395355,0,0,558,900,423158243,3,77,-25.0,0.0,28.78931999206543,28.56187629699707,1,0,0.6000000238418579,0,0,0,1,0,8,0,0,0,8,99,0,-8.300000190734863,-5.687997817993164,33.39464569091797,32.241329193115234,1.5,0,33,-1.0,-1.0,0.0,0,0,0
1780683327.3355641,0,0.3499999940395355,0,0,558,900,423158243,3,77,-25.0,0.0,28.28931999206543,28.56187629699707,1,0,0.6000000238418579,0,0,0,1,0,8,0,0,0,8,99,0,-8.300000190734863,-6.635997295379639,33.2286491394043,32.1126823425293,1.5,0,33,-1.0,-1.0,0.0,0,0,0
1780683327.355119,0,0.3499999940395355,0,0,558,900,423158243,3,77,-25.0,0.0,27.78931999206543,28.56187629699707,1,0,0.6000000238418579,0,0,0,1,0,8,0,0,0,8,99,0,-8.300000190734863,-7.583996772766113,33.06264877319336,31.965072631835938,1.5,0,33,-1.0,-1.0,0.0,0,0,0
1780683327.37479,0,0.3499999940395355,0,0,558,900,423158243,4,77,-19.25,0.0,27.28931999206543,28.56187629699707,1,0,0.6000000238418579,0,0,0,1,0,8,0,0,0,8,99,0,-8.300000190734863,-8.531996726989746,32.89664840698242,31.79850196838379,1.5,0,33,-1.0,-1.0,0.0,0,0,0
1780683327.3951342,0,0.3499999940395355,0,0,558,900,423158243,4,77,-14.82249927520752,0.0,26.992870330810547,28.56187629699707,1,0,0.6000000238418579,0,0,0,1,0,8,0,0,0,8,99,0,-8.300000190734863,-9.479996681213379,32.73072814941406,31.613065719604492,1.5,0,33,-1.0,-1.0,0.0,0,0,0
1780683327.414801,0,0.3499999940395355,0,0,558,900,423158243,4,77,-11.413324356079102,0.0,26.764604568481445,28.56187629699707,1,0,0.6000000238418579,0,0,0,1,0,8,0,0,0,8,99,0,-8.300000190734863,-10.427996635437012,32.564735412597656,31.408592224121094,1.5,0,33,-1.0,-1.0,0.0,0,0,0
1780683327.4351013,0,0.3499999940395355,0,0,558,900,423158243,4,77,-8.788259506225586,0.0,26.588838577270508,28.56187629699707,1,0,0.6000000238418579,0,0,0,1,0,8,0,0,0,8,99,0,-8.300000190734863,-11.375996589660645,32.398651123046875,31.185035705566406,1.5,0,33,-1.0,-1.0,0.0,0,0,0
1780683327.4553442,0,0.3499999940395355,0,0,558,900,423158243,4,77,-6.7669596672058105,0.0,26.45349884033203,28.56187629699707,1,0,0.6000000238418579,0,0,0,1,0,8,0,0,0,8,99,0,-8.300000190734863,-12.323996543884277,32.2326545715332,30.94263458251953,1.5,0,33,-1.0,-1.0,0.0,0,0,0
1780683327.4752135,0,0.3499999940395355,0,0,558,900,423158243,4,77,-5.210558891296387,0.0,26.349287033081055,28.56187629699707,1,0,0.6000000238418579,0,0,0,1,0,8,0,0,0,8,99,0,-8.300000190734863,-13.27199649810791,32.06665802001953,30.68126678466797,1.5,0,33,-1.0,-1.0,0.0,0,0,0
1780683327.495158,0,0.3499999940395355,0,0,558,900,423158243,4,77,-4.012130260467529,0.0,26.269044876098633,28.56187629699707,1,0,0.6000000238418579,0,0,0,1,0,8,0,0,0,8,99,0,-8.300000190734863,-14.219996452331543,31.900653839111328,30.40093421936035,1.5,0,33,-1.0,-1.0,0.0,0,0,0
1780683327.5151823,0,0.3499999940395355,0,0,558,900,423158243,4,77,-3.0893402099609375,0.0,26.207258224487305,28.56187629699707,1,0,0.6000000238418579,0,0,0,1,0,8,0,0,0,8,99,0,-8.300000190734863,-15.167996406555176,31.734651565551758,30.101642608642578,1.5,0,33,-1.0,-1.0,0.0,0,0,0
1780683327.535323,0,0.3499999940395355,0,0,558,900,423158243,4,77,-2.3787918090820312,0.0,26.159683227539062,28.56187629699707,1,0,0.6000000238418579,0,0,0,1,0,8,0,0,0,8,99,0,-8.300000190734863,-16.115995407104492,31.56865119934082,29.783395767211914,1.5,0,33,-1.0,-1.0,0.0,0,0,0
1780683327.5552394,0,0.3499999940395355,0,0,558,900,423158243,4,77,-1.8316696882247925,0.0,26.123050689697266,28.56187629699707,1,0,0.6000000238418579,0,0,0,1,0,8,0,0,0,8,99,0,-8.300000190734863,-17.063995361328125,31.40265464782715,29.446191787719727,1.5,0,33,-1.0,-1.0,0.0,0,0,0
1780683327.5750866,0,0.3499999940395355,0,0,558,900,423158243,4,77,-1.4103856086730957,0.0,26.0948429107666,28.56187629699707,1,0,0.6000000238418579,0,0,0,1,0,8,0,0,0,8,99,0,-8.300000190734863,-18.011995315551758,31.236652374267578,29.09001922607422,1.5,0,33,-1.0,-1.0,0.0,0,0,0
1780683327.5956795,0,0.3499999940395355,0,0,558,900,423158243,5,77,-0.8144976496696472,0.0,26.073123931884766,28.56187629699707,1,0,0.6000000238418579,0,0,0,1,0,8,0,0,0,8,99,0,-8.300000190734863,-18.95999526977539,31.070735931396484,28.715078353881836,1.5,0,33,-1.0,-1.0,0.0,0,0,0
1780683327.6154034,0,0.3499999940395355,0,0,558,900,423158243,5,77,-0.6108732223510742,0.0,26.0609073638916,28.56187629699707,1,0,0.6000000238418579,0,0,0,0,0,8,0,0,0,8,99,1,-8.300000190734863,0.0,30.90464973449707,28.456472396850586,1.5,0,33,-1.0,-1.0,0.0,0,0,0
1780683327.6349022,0,0.3499999940395355,0,0,558,900,423158243,5,77,-0.45815491676330566,0.0,26.05174446105957,28.56187629699707,1,0,0.6000000238418579,0,0,0,0,0,8,0,0,0,8,99,1,-8.300000190734863,0.0,30.738651275634766,28.408098220825195,1.5,0,33,-1.0,-1.0,0.0,0,0,0
1780683327.6555018,0,0.3499999940395355,0,0,558,900,423158243,5,77,-0.34361618757247925,0.0,26.044872283935547,28.56187629699707,1,0,0.6000000238418579,0,0,0,0,0,8,0,0,0,8,99,1,-8.300000190734863,0.0,30.572654724121094,28.40810775756836,1.5,0,33,-1.0,-1.0,0.0,0,0,0
1780683327.6757555,0,0.3499999940395355,0,0,558,900,423158243,5,77,-0.25771212577819824,0.0,26.039718627929688,28.56187629699707,1,0,0.6000000238418579,0,0,0,0,0,8,0,0,0,8,99,1,-8.300000190734863,0.0,30.406736373901367,28.40811538696289,1.5,0,33,-1.0,-1.0,0.0,0,0,0
1780683327.6955688,0,0.3499999940395355,0,0,558,900,423158243,5,77,-0.19328409433364868,0.0,26.035852432250977,28.56187629699707,1,0,0.6000000238418579,0,0,0,0,0,8,0,0,0,8,99,1,-8.300000190734863,0.0,30.24065399169922,28.408119201660156,1.5,0,33,-1.0,-1.0,0.0,0,0,0
1780683327.7149453,0,0.3499999940395355,0,0,558,900,423158243,69,77,0.0,0.0,26.0329532623291,28.56187629699707,1,0,0.6000000238418579,0,0,0,0,0,8,0,0,0,8,99,1,-8.300000190734863,0.0,30.074649810791016,28.40812110900879,1.5,0,33,-1.0,-1.0,0.0,0,0,0
1780683327.7352915,0,0.3499999940395355,0,0,558,900,423158243,69,77,0.0,0.0,26.0329532623291,28.56187629699707,1,0,0.6000000238418579,0,0,0,0,0,8,0,0,0,8,99,1,-8.300000190734863,0.0,29.908649444580078,28.408119201660156,1.5,0,33,-1.0,-1.0,0.0,0,0,0
1780683327.7550118,0,0.3499999940395355,0,0,558,900,423158243,69,77,0.0,0.0,26.0329532623291,28.56187629699707,1,0,0.6000000238418579,0,0,0,0,0,8,0,0,0,8,99,1,-8.300000190734863,0.0,29.742650985717773,28.40812110900879,1.5,0,33,-1.0,-1.0,0.0,0,0,0
1780683327.774815,0,0.3499999940395355,0,0,558,900,423158243,69,77,0.0,0.0,26.0329532623291,28.56187629699707,1,0,0.6000000238418579,0,0,0,0,0,8,0,0,0,8,99,1,-8.300000190734863,0.0,29.57665252685547,28.40812110900879,1.5,0,33,-1.0,0.0,0.0,0,0,0
1780683327.79515,0,0.3499999940395355,0,0,558,900,423158243,69,77,0.0,0.0,26.0329532623291,28.56187629699707,1,0,0.6000000238418579,0,0,0,0,0,8,0,0,0,8,99,1,-8.300000190734863,0.0,29.41065216064453,28.408119201660156,1.5,0,33,-1.0,0.0,0.0,0,0,0
1780683327.8147993,0,0.3499999940395355,0,0,558,900,423158243,69,77,0.0,0.0,26.0329532623291,28.56187629699707,1,0,0.6000000238418579,0,0,0,0,0,8,0,0,0,8,99,1,-8.300000190734863,0.0,29.244651794433594,28.40812110900879,1.5,0,33,-1.0,0.0,0.0,0,0,1
1780683327.8348408,0,0.3499999940395355,0,0,558,900,423158243,69,77,0.0,0.0,26.0329532623291,28.56187629699707,1,0,0.6000000238418579,0,0,0,0,0,8,0,0,0,8,99,1,-8.300000190734863,0.0,29.07865333557129,28.408119201660156,1.5,0,33,-1.0,0.0,0.0,0,0,1
1780683327.8551931,0,0.3499999940395355,1,0,558,900,423158243,69,77,0.0,0.0,26.0329532623291,28.56187629699707,0,0,0.6000000238418579,0,0,0,0,0,8,0,1,0,8,99,1,-8.300000190734863,0.0,28.912654876708984,28.40812110900879,1.5,0,33,-1.0,0.0,0.0,0,0,1
1780683327.875303,0,0.3499999940395355,1,0,558,900,423158243,69,77,0.0,0.0,26.0329532623291,28.56187629699707,0,0,0.6000000238418579,0,0,0,0,0,8,0,1,0,8,99,1,-8.300000190734863,0.0,28.746736526489258,28.408123016357422,1.5,0,33,-1.0,0.0,0.0,0,0,1
1780683327.894822,0,0.3499999940395355,1,0,537,900,423158243,69,77,0.0,0.0,26.0329532623291,28.56187629699707,0,0,0.6000000238418579,0,0,0,0,0,8,0,1,0,8,99,1,3.75,0.0,28.580738067626953,28.40812110900879,1.5,0,44,-1.0,0.0,0.0,0,0,1
1780683327.9148898,0,0.3499999940395355,1,0,537,900,423158243,69,77,0.0,0.0,25.732954025268555,28.56187629699707,0,0,0.6000000238418579,0,0,0,0,0,8,0,1,0,8,99,1,3.75,0.0,28.603904724121094,28.40812110900879,1.5,0,44,-1.0,0.0,0.0,0,0,1
1780683327.9350612,0,0.3499999940395355,1,0,537,900,423158243,69,77,0.0,0.0,25.432954788208008,28.56187629699707,0,0,0.6000000238418579,0,0,0,0,0,8,0,1,0,8,99,1,3.75,0.0,28.678905487060547,28.40812110900879,1.5,0,44,-1.0,0.0,0.0,0,0,1
1780683327.9550772,0,0.3499999940395355,1,0,537,900,423158243,69,77,0.0,0.0,25.13295555114746,28.56187629699707,1,0,0.6000000238418579,0,0,0,0,0,8,0,1,0,8,99,1,3.75,0.0,28.75390625,28.408123016357422,1.5,0,44,-1.0,0.0,0.0,0,0,0
1780683327.9748619,0,0.3499999940395355,1,0,537,900,423158243,45,77,-8.0,0.0,24.832956314086914,28.56187629699707,1,0,0.6000000238418579,0,0,0,0,0,8,0,1,0,8,99,1,3.75,0.0,28.828868865966797,28.408123016357422,1.5,0,44,-1.0,0.0,0.0,0,0,0
1780683327.995393,0,0.3499999940395355,1,0,537,900,423158243,45,77,-8.0,0.0,24.372957229614258,28.56187629699707,1,0,0.6000000238418579,0,0,0,0,0,8,0,1,0,8,99,1,3.75,0.0,28.903871536254883,28.408123016357422,1.5,0,44,-1.0,0.0,0.0,0,0,0
1780683328.0148048,0,0.3499999940395355,1,0,537,900,423158243,45,77,-8.0,0.0,23.9129581451416,28.56187629699707,1,0,0.6000000238418579,0,0,0,0,0,8,0,1,0,8,99,1,3.75,0.0,28.97886848449707,28.40812110900879,1.5,0,44,-1.0,0.0,0.0,0,0,0
1780683328.0352,0,0.3499999940395355,1,0,537,900,423158243,45,77,-8.0,0.0,23.452959060668945,28.56187629699707,1,0,0.6000000238418579,0,0,0,0,0,8,0,1,0,8,99,1,3.75,0.0,29.053869247436523,28.40812110900879,1.5,0,44,-1.0,0.0,0.0,0,0,0
1780683328.0548453,0,0.3499999940395355,1,0,537,900,423158243,45,77,-8.0,0.0,22.99295997619629,28.56187629699707,1,0,0.6000000238418579,0,0,0,0,0,8,0,1,0,8,99,1,3.75,0.0,29.128868103027344,28.40812110900879,1.5,0,44,-1.0,0.0,0.0,0,0,0
1780683328.0747545,0,0.3499999940395355,1,0,537,900,423158243,45,77,-8.0,0.0,22.83296012878418,28.56187629699707,1,0,0.6000000238418579,0,0,0,0,0,8,0,1,0,8,99,1,3.75,0.0,29.20387077331543,28.40812110900879,1.5,0,44,-1.0,0.0,0.0,0,0,0
1780683328.0949435,0,0.3499999940395355,1,0,537,900,423158243,45,77,-8.0,0.0,22.67296028137207,28.56187629699707,1,0,0.6000000238418579,0,0,0,0,0,8,0,1,0,8,99,1,-8.300000190734863,0.0,29.089754104614258,28.408119201660156,1.5,0,44,-1.0,0.0,0.0,0,0,0
1780683328.1148446,0,0.3499999940395355,1,0,537,900,423158243,45,77,-8.0,0.0,22.51296043395996,28.56187629699707,1,0,0.6000000238418579,0,0,0,0,0,8,0,1,0,8,99,1,-8.300000190734863,0.0,28.923667907714844,28.40812110900879,1.5,0,44,-1.0,0.0,0.0,0,0,0
1780683328.1355307,0,0.3499999940395355,1,0,537,900,423158243,45,77,-8.0,0.0,22.35296058654785,28.56187629699707,1,0,0.6000000238418579,0,0,0,0,0,8,0,1,0,8,99,1,-8.300000190734863,0.0,28.757671356201172,28.408123016357422,1.5,0,44,-1.0,0.0,0.0,0,0,0
1780683328.1551793,0,0.3499999940395355,1,0,537,900,423158243,45,77,-8.0,0.0,22.192960739135742,28.56187629699707,1,0,0.6000000238418579,0,0,0,0,0,8,0,1,0,8,99,1,-8.300000190734863,0.0,28.591670989990234,28.40812110900879,1.5,0,44,-1.0,0.0,0.0,0,0,0
1780683328.1751332,0,0.3499999940395355,1,0,537,900,423158243,45,77,-8.0,0.0,22.032960891723633,28.56187629699707,1,0,0.6000000238418579,0,0,0,0,0,8,0,1,0,8,99,1,-8.300000190734863,0.0,28.425670623779297,28.40812110900879,1.5,0,44,-1.0,0.0,0.0,0,0,0
1780683328.1951566,0,0.3499999940395355,1,0,537,900,423158243,45,77,-8.0,0.0,21.872961044311523,28.56187629699707,1,0,0.6000000238418579,0,0,0,0,0,8,0,1,0,8,99,1,-8.300000190734863,0.0,28.25975227355957,28.40812110900879,1.5,0,44,-1.0,0.0,0.0,0,0,0
1780683328.225085,0,0.3499999940395355,0,0,537,900,423158243,45,77,-8.0,0.0,21.712961196899414,28.56187629699707,1,0,0.6000000238418579,0,0,0,0,0,8,0,0,0,8,99,1,-8.300000190734863,0.0,28.09375762939453,28.408119201660156,1.5,0,44,-1.0,0.0,0.0,0,0,0
1780683328.2447922,0,0.3499999940395355,0,0,537,900,423158243,45,77,-8.0,0.0,21.552961349487305,28.56187629699707,1,0,0.6000000238418579,0,0,0,0,0,8,0,0,0,8,99,1,-8.300000190734863,0.0,27.92767333984375,28.40812110900879,1.5,0,44,-1.0,0.0,0.0,0,0,0
1780683328.264876,0,0.3499999940395355,0,0,537,900,423158243,45,77,-8.0,0.0,21.392961502075195,28.56187629699707,1,0,0.6000000238418579,0,0,0,0,0,8,0,0,0,8,99,1,-8.300000190734863,0.0,27.761676788330078,28.40812110900879,1.5,0,44,-1.0,0.0,0.0,0,0,0
1780683328.285114,0,0.3499999940395355,0,0,537,900,423158243,45,77,-8.0,0.0,21.232961654663086,28.56187629699707,1,0,0.6000000238418579,0,0,0,0,0,8,0,0,0,8,99,1,-8.300000190734863,0.0,27.59575843811035,28.408119201660156,1.5,0,44,-1.0,0.0,0.0,0,0,0
1780683328.304139,0,0.3499999940395355,0,0,537,900,423158243,45,77,-8.0,0.0,21.072961807250977,28.56187629699707,1,0,0.6000000238418579,0,0,0,0,0,8,0,0,0,8,99,1,-8.300000190734863,0.0,27.429676055908203,28.40812110900879,1.5,0,44,-1.0,0.0,0.0,0,0,0
1780683328.3231306,0,0.3499999940395355,0,0,537,900,423158243,45,77,-8.0,0.0,20.912961959838867,28.56187629699707,1,0,0.6000000238418579,0,0,0,0,0,8,0,0,0,8,99,1,-8.300000190734863,0.0,27.2636775970459,28.40812110900879,1.5,0,44,-1.0,0.0,0.0,0,0,0
1780683328.342223,0,0.3499999940395355,0,0,537,900,423158243,45,77,-8.0,0.0,20.752962112426758,28.56187629699707,1,0,0.6000000238418579,0,0,0,0,0,8,0,0,0,8,99,1,-8.300000190734863,0.0,27.09767723083496,28.40812110900879,1.5,0,44,-1.0,0.0,0.0,0,0,0
1780683328.3608344,0,0.3499999940395355,0,0,537,900,423158243,45,77,-8.0,0.0,20.59296226501465,28.56187629699707,1,0,0.6000000238418579,0,0,0,0,0,8,0,0,0,8,99,1,-8.300000190734863,0.0,26.931678771972656,28.40812110900879,1.5,0,44,-1.0,0.0,0.0,0,0,0
1780683328.379509,0,0.3499999940395355,0,0,537,900,423158243,45,77,-8.0,0.0,20.43296241760254,28.56187629699707,1,0,0.6000000238418579,0,0,0,0,0,8,0,0,0,8,99,1,-8.300000190734863,0.0,26.76567840576172,28.40812110900879,1.5,0,44,-1.0,0.0,0.0,0,0,0
1780683328.3980958,0,0.3499999940395355,0,0,537,900,423158243,45,77,-8.0,0.0,20.27296257019043,28.56187629699707,1,0,0.6000000238418579,0,0,0,0,0,8,0,0,0,8,99,1,-8.300000190734863,0.0,26.599681854248047,28.40812110900879,1.5,0,44,-1.0,0.0,0.0,0,0,0
1780683328.4168792,0,0.3499999940395355,0,0,537,900,423158243,45,77,-8.0,0.0,20.11296272277832,28.56187629699707,1,0,0.6000000238418579,0,0,0,0,0,8,0,0,0,8,99,1,-8.300000190734863,0.0,26.43368148803711,28.40812110900879,1.5,0,44,-1.0,0.0,0.0,0,0,0
1780683328.4357746,0,0.3499999940395355,0,0,537,900,423158243,45,77,-8.0,0.0,19.95296287536621,28.56187629699707,1,0,0.6000000238418579,0,0,0,0,0,8,0,0,0,8,99,1,-8.300000190734863,0.0,26.267681121826172,28.40812110900879,1.5,0,44,-1.0,0.0,0.0,0,0,0
1780683328.455225,0,0.3499999940395355,0,0,537,900,423158243,45,77,-8.0,0.0,19.7929630279541,28.56187629699707,1,0,0.6000000238418579,0,0,0,0,0,8,0,0,0,8,99,1,-8.300000190734863,0.0,26.1016845703125,28.408119201660156,1.5,0,44,-1.0,0.0,0.0,0,0,0
1780683328.4747174,0,0.3499999940395355,0,0,537,900,423158243,45,77,-8.0,0.0,19.632963180541992,28.56187629699707,1,0,0.6000000238418579,0,0,0,0,0,8,0,0,0,8,99,1,-8.300000190734863,0.0,25.935684204101562,28.40812110900879,1.5,0,44,-1.0,0.0,0.0,0,0,0
1780683328.4946566,0,0.3499999940395355,0,0,537,900,423158243,45,77,-8.0,0.0,19.472963333129883,28.56187629699707,1,0,0.6000000238418579,0,0,0,0,0,8,0,0,0,8,99,1,-8.300000190734863,0.0,25.769685745239258,28.40812110900879,1.5,0,44,-1.0,0.0,0.0,0,0,0
1780683328.5148883,0,0.3499999940395355,0,0,537,900,423158243,45,77,-8.0,0.0,19.312963485717773,28.56187629699707,1,0,0.6000000238418579,0,0,0,0,0,8,0,0,0,8,99,1,-8.300000190734863,0.0,25.603687286376953,28.40812110900879,1.5,0,44,-1.0,0.0,0.0,0,0,0
1780683328.5351658,0,0.3499999940395355,0,0,537,900,423158243,7,77,0.0,0.0,19.152963638305664,28.56187629699707,1,0,0.6000000238418579,0,0,0,0,0,8,0,0,0,8,99,1,-8.300000190734863,0.0,25.437686920166016,28.408119201660156,1.5,0,44,-1.0,0.0,0.0,0,0,0
1780683328.5549402,0,0.3499999940395355,0,0,537,900,423158243,7,77,0.0,0.0,19.152963638305664,28.56187629699707,1,0,0.6000000238418579,0,0,0,0,0,8,0,0,0,8,99,1,-8.300000190734863,0.0,25.271684646606445,28.40812110900879,1.5,0,44,-1.0,0.0,0.0,0,0,0
1780683328.5751388,0,0.3499999940395355,0,0,537,900,423158243,7,77,0.0,0.0,19.152963638305664,28.56187629699707,1,0,0.6000000238418579,0,0,0,0,0,8,0,0,0,8,99,1,-8.300000190734863,0.0,25.105682373046875,28.40812110900879,1.5,0,44,-1.0,0.0,0.0,0,0,0
1780683328.5949194,0,0.3499999940395355,0,0,537,900,423158243,7,77,0.0,0.0,19.152963638305664,28.56187629699707,1,0,0.6000000238418579,0,0,0,0,0,8,0,0,0,8,99,1,-8.300000190734863,0.0,24.939682006835938,28.408119201660156,1.5,0,44,-1.0,0.0,0.0,0,0,0
1780683328.6145828,0,0.3499999940395355,0,0,537,900,423158243,7,77,0.0,0.0,19.152963638305664,28.56187629699707,1,0,0.6000000238418579,0,0,0,0,0,8,0,0,0,8,99,1,-8.300000190734863,0.0,24.77376365661621,28.40812110900879,1.5,0,44,-1.0,0.0,0.0,0,0,0
1780683328.635001,0,0.3499999940395355,0,0,537,900,423158243,7,77,0.0,0.0,19.152963638305664,28.56187629699707,1,0,0.6000000238418579,0,0,0,0,0,8,0,0,0,8,99,1,-8.300000190734863,0.0,24.607765197753906,28.40812110900879,1.5,0,44,-1.0,0.0,0.0,0,0,0
1780683328.655025,0,0.3499999940395355,0,0,537,900,423158243,7,77,0.0,0.0,19.152963638305664,28.56187629699707,1,0,0.6000000238418579,0,0,0,0,0,8,0,0,0,8,99,1,-8.300000190734863,0.0,24.44176483154297,28.40812110900879,1.5,0,44,-1.0,0.0,0.0,0,0,0
1780683328.6749117,0,0.3499999940395355,0,0,537,900,423158243,7,77,0.0,0.0,19.152963638305664,28.56187629699707,1,0,0.6000000238418579,0,0,0,0,0,8,0,0,0,8,99,1,-8.300000190734863,0.0,24.275678634643555,28.40812110900879,1.5,0,44,-1.0,0.0,0.0,0,0,0
1780683328.6944084,0,0.3499999940395355,0,0,537,900,423158243,7,77,0.0,0.0,19.152963638305664,28.56187629699707,1,0,0.6000000238418579,0,0,0,0,0,8,0,0,0,8,99,1,-8.300000190734863,0.0,24.109676361083984,28.408119201660156,1.5,0,44,-1.0,0.0,0.0,0,0,0
1780683328.7147202,0,0.3499999940395355,0,0,537,900,423158243,7,77,0.0,0.0,19.152963638305664,28.56187629699707,1,0,0.6000000238418579,0,0,0,0,0,8,0,0,0,8,99,1,-8.300000190734863,0.0,23.943675994873047,28.408119201660156,1.5,0,44,-1.0,0.0,0.0,0,0,0
1780683328.735095,0,0.3499999940395355,0,0,537,900,423158243,7,77,0.0,0.0,19.152963638305664,28.56187629699707,1,0,0.6000000238418579,0,0,0,0,0,8,0,0,0,8,99,1,-8.300000190734863,0.0,23.77767562866211,28.40812110900879,1.5,0,44,-1.0,0.0,0.0,0,0,0
1780683328.7548223,0,0.3499999940395355,0,0,537,900,423158243,7,77,0.0,0.0,19.152963638305664,28.56187629699707,1,0,0.6000000238418579,0,0,0,0,0,8,0,0,0,8,99,1,-8.300000190734863,0.0,23.611675262451172,28.408119201660156,1.5,0,44,-1.0,0.0,0.0,0,0,0
1780683328.774955,0,0.3499999940395355,0,0,537,900,423158243,7,77,0.0,0.0,19.152963638305664,28.56187629699707,1,0,0.6000000238418579,0,0,0,0,0,8,0,0,0,8,99,1,-8.300000190734863,0.0,23.445676803588867,28.40812110900879,1.5,0,44,-1.0,0.0,0.0,0,0,0
1780683328.7953315,0,0.3499999940395355,0,0,537,900,423158243,7,77,0.0,0.0,19.152963638305664,28.56187629699707,1,0,0.6000000238418579,0,0,0,0,0,8,0,0,0,8,99,1,-8.300000190734863,0.0,23.27975845336914,28.40812110900879,1.5,0,44,-1.0,0.0,0.0,0,0,0
1780683328.814738,0,0.3499999940395355,0,0,537,900,423158243,7,77,0.0,0.0,19.152963638305664,28.56187629699707,1,0,0.6000000238418579,0,0,0,0,0,8,0,0,0,8,99,1,-8.300000190734863,0.0,23.113677978515625,28.40812110900879,1.5,0,44,-1.0,0.0,0.0,0,0,0
1780683328.8347974,0,0.3499999940395355,0,0,537,900,423158243,7,77,0.0,0.0,19.152963638305664,28.56187629699707,1,0,0.6000000238418579,0,0,0,0,0,8,0,0,0,8,99,1,-8.300000190734863,0.0,22.947677612304688,28.408119201660156,1.5,0,44,-1.0,0.0,0.0,0,0,1
1780683328.85503,0,0.3499999940395355,1,0,537,900,423158243,9,77,13.493444442749023,41.0,19.152963638305664,28.56187629699707,0,0,0.6000000238418579,0,0,0,0,0,8,0,1,0,8,99,1,-8.300000190734863,0.0,22.781681060791016,28.40812110900879,1.5,0,44,-1.0,0.0,0.0,0,0,1
1780683328.874929,0,0.3499999940395355,1,0,537,900,423158243,10,77,13.493444442749023,39.20000076293945,19.422832489013672,29.345876693725586,0,0,0.6000000238418579,0,0,0,0,0,8,0,1,0,8,99,1,-8.300000190734863,0.0,22.615760803222656,28.40812110900879,1.5,0,44,-1.0,0.0,0.0,0,0,1
1780683328.8945746,0,0.3499999940395355,1,0,516,900,423158243,10,77,13.493444442749023,37.400001525878906,19.69270133972168,30.093875885009766,0,0,0.6000000238418579,0,0,0,0,0,8,0,1,0,8,99,1,3.75,0.0,22.449678421020508,28.408119201660156,1.5,0,55,-1.0,0.0,0.0,0,0,1
1780683328.9148223,0,0.3499999940395355,1,0,516,900,423158243,10,77,13.493444442749023,35.60000228881836,19.66257095336914,30.805875778198242,0,0,0.6000000238418579,0,0,0,0,0,8,0,1,0,8,99,1,3.75,0.0,22.472885131835938,28.40812110900879,1.5,0,55,-1.0,0.0,0.0,0,0,1
1780683328.9350626,0,0.3499999940395355,1,0,516,900,423158243,10,77,13.493444442749023,33.80000305175781,19.6324405670166,31.481876373291016,0,0,0.6000000238418579,0,0,0,0,0,8,0,1,0,8,99,1,3.75,0.0,22.54788589477539,28.408119201660156,1.5,0,55,-1.0,0.0,0.0,0,0,1
1780683328.954794,0,0.3499999940395355,1,0,516,900,423158243,10,77,13.493444442749023,32.000003814697266,19.602310180664062,32.12187576293945,1,0,0.6000000238418579,0,0,0,0,0,8,0,1,0,8,99,1,3.75,0.0,22.622886657714844,28.40812110900879,1.5,0,55,-1.0,0.0,0.0,0,0,1
1780683328.9747882,0,0.3499999940395355,1,0,516,900,423158243,10,77,13.493444442749023,30.20000457763672,19.572179794311523,32.72587585449219,1,0,0.6000000238418579,0,0,0,0,0,8,0,1,0,8,99,1,3.75,0.0,22.697851181030273,28.40812110900879,1.5,0,55,-1.0,0.0,0.0,0,0,1
1780683328.9952834,0,0.3499999940395355,1,0,516,900,423158243,10,77,13.493444442749023,28.400005340576172,19.542049407958984,33.29387664794922,1,0,0.6000000238418579,0,0,0,0,0,8,0,1,0,8,99,1,3.75,0.0,22.772890090942383,28.40812110900879,1.5,0,55,-1.0,0.0,0.0,0,0,0
1780683329.0148761,0,0.3499999940395355,1,0,516,900,423158243,10,77,13.493444442749023,26.600006103515625,19.511919021606445,33.82587814331055,1,0,0.6000000238418579,0,0,0,0,0,8,0,1,0,8,99,1,3.75,0.0,22.84789276123047,28.40812110900879,1.5,0,55,-1.0,0.0,0.0,0,0,0
1780683329.0353334,0,0.3499999940395355,1,0,516,900,423158243,10,77,13.493444442749023,24.800006866455078,19.481788635253906,34.321876525878906,1,0,0.6000000238418579,0,0,0,0,0,8,0,1,0,8,99,1,3.75,0.0,22.92289161682129,28.40812110900879,1.5,0,55,-1.0,0.0,0.0,0,0,0
1780683329.0551722,0,0.3499999940395355,1,0,516,900,423158243,10,77,13.493444442749023,23.00000762939453,19.451658248901367,34.78187561035156,1,0,0.6000000238418579,0,0,0,0,0,8,0,1,0,8,99,1,3.75,0.0,22.99789047241211,28.40812110900879,1.5,0,55,-1.0,0.0,0.0,0,0,0
1780683329.0754254,0,0.3499999940395355,1,0,516,900,423158243,10,77,13.493444442749023,21.200008392333984,19.721527099609375,35.205875396728516,1,0,0.6000000238418579,0,0,0,0,0,8,0,1,0,8,99,1,3.75,0.0,23.072853088378906,28.408119201660156,1.5,0,55,-1.0,0.0,0.0,0,0,0
1780683329.0949156,0,0.3499999940395355,1,0,516,900,423158243,10,77,13.493444442749023,19.400009155273438,19.991395950317383,35.593875885009766,1,0,0.6000000238418579,0,0,0,0,0,8,0,1,0,8,99,1,-8.300000190734863,0.0,22.95867919921875,28.408119201660156,1.5,0,55,-1.0,0.0,0.0,0,0,0
1780683329.1146839,0,0.3499999940395355,1,0,516,900,423158243,10,77,13.493444442749023,17.60000991821289,20.26126480102539,35.94587707519531,1,0,0.6000000238418579,0,0,0,0,0,8,0,1,0,8,99,1,-8.300000190734863,0.0,22.79275894165039,28.408119201660156,1.5,0,55,-1.0,0.0,0.0,0,0,0
1780683329.1352015,0,0.3499999940395355,1,0,516,900,423158243,10,77,13.493444442749023,15.800010681152344,20.5311336517334,36.261878967285156,1,0,0.6000000238418579,0,0,0,0,0,8,0,1,0,8,99,1,-8.300000190734863,0.0,22.626758575439453,28.40812110900879,1.5,0,55,-1.0,0.0,0.0,0,0,0
1780683329.154894,0,0.3499999940395355,1,0,516,900,423158243,10,77,13.493444442749023,14.000011444091797,20.801002502441406,36.54187774658203,1,0,0.6000000238418579,0,0,0,0,0,8,0,1,0,8,99,1,-8.300000190734863,0.0,22.46067237854004,28.40812110900879,1.5,0,55,-1.0,0.0,0.0,0,0,0
1780683329.1746786,0,0.3499999940395355,1,0,516,900,423158243,10,77,13.493444442749023,12.20001220703125,21.070871353149414,36.7858772277832,1,0,0.6000000238418579,0,0,0,0,0,8,0,1,0,8,99,1,-8.300000190734863,0.0,22.294673919677734,28.40812110900879,1.5,0,55,-1.0,0.0,0.0,0,0,0
1780683329.1949556,0,0.3499999940395355,0,0,516,900,423158243,10,77,13.493444442749023,10.400012969970703,21.340740203857422,36.99387741088867,1,0,0.6000000238418579,0,0,0,0,0,8,0,0,0,8,99,1,-8.300000190734863,0.0,22.128673553466797,28.40812110900879,1.5,0,55,-1.0,0.0,0.0,0,0,0
1780683329.2146811,0,0.3499999940395355,0,0,516,900,423158243,10,77,13.493444442749023,8.600013732910156,21.61060905456543,37.16587829589844,1,0,0.6000000238418579,0,0,0,0,0,8,0,0,0,8,99,1,-8.300000190734863,0.0,21.96267318725586,28.40812110900879,1.5,0,55,-1.0,0.0,0.0,0,0,0
1780683329.2346265,0,0.3499999940395355,0,0,516,900,423158243,10,77,13.493444442749023,6.800014495849609,21.880477905273438,37.3018798828125,1,0,0.6000000238418579,0,0,0,0,0,8,0,0,0,8,99,1,-8.300000190734863,0.0,21.796674728393555,28.40812110900879,1.5,0,55,-1.0,0.0,0.0,0,0,0
1780683329.2551563,0,0.3499999940395355,0,0,516,900,423158243,10,77,13.493444442749023,5.0000152587890625,22.150346755981445,37.401878356933594,1,0,0.6000000238418579,0,0,0,0,0,8,0,0,0,8,99,1,-8.300000190734863,0.0,21.630680084228516,28.40812110900879,1.5,0,55,0.0,0.0,0.0,0,0,0
1780683329.2750392,0,0.3499999940395355,0,0,516,900,423158243,10,77,13.493444442749023,3.2000160217285156,22.420215606689453,37.465877532958984,1,0,0.6000000238418579,0,0,0,0,0,8,0,0,0,8,99,1,-8.300000190734863,0.0,21.46476173400879,28.40812110900879,1.5,0,55,0.0,0.0,0.0,0,0,0
1780683329.2948294,0,0.3499999940395355,0,0,516,900,423158243,10,77,13.493444442749023,1.4000167846679688,22.69008445739746,37.49387741088867,1,0,0.6000000238418579,0,0,0,0,0,8,0,0,0,8,99,1,-8.300000190734863,0.0,21.29876136779785,28.40812110900879,1.5,0,55,0.0,0.0,0.0,0,0,0
1780683329.3152487,0,0.3499999940395355,0,0,516,900,423158243,10,77,13.493444442749023,-0.3999824523925781,22.95995330810547,37.485877990722656,1,0,0.6000000238418579,0,0,0,0,0,8,0,0,0,8,99,1,0.0,0.0,21.263004302978516,28.408119201660156,1.5,0,55,0.0,0.0,0.0,0,0,0
1780683329.334951,0,0.3499999940395355,0,0,516,900,423158243,10,77,13.493444442749023,-2.199981689453125,23.229822158813477,37.44187927246094,1,0,0.6000000238418579,0,0,0,0,0,8,0,0,0,8,99,1,0.0,0.0,21.263004302978516,28.40812110900879,1.5,0,55,0.0,0.0,0.0,0,0,0
1780683329.3551664,0,0.3499999940395355,0,0,516,900,423158243,10,77,13.493444442749023,-3.999980926513672,23.499691009521484,37.361881256103516,1,0,0.6000000238418579,0,0,0,0,0,8,0,0,0,8,99,1,0.0,0.0,21.263004302978516,28.408119201660156,1.5,0,55,0.0,0.0,0.0,0,0,0
1780683329.3746772,0,0.3499999940395355,0,0,516,900,423158243,10,77,13.493444442749023,-5.799980163574219,23.769559860229492,37.245880126953125,1,0,0.6000000238418579,0,0,0,0,0,8,0,0,0,8,99,1,0.0,0.0,21.263004302978516,28.408123016357422,1.5,0,55,0.0,0.0,0.0,0,0,0
1780683329.3958883,0,0.3499999940395355,0,0,516,900,423158243,10,77,13.493444442749023,-7.599979400634766,24.0394287109375,37.09387969970703,1,0,0.6000000238418579,0,0,0,0,0,8,0,0,0,8,99,1,0.0,0.0,21.263004302978516,28.40812110900879,1.5,0,55,0.0,0.0,0.0,0,0,0
1780683329.4155436,0,0.3499999940395355,0,0,516,900,423158243,10,77,13.493444442749023,-9.399978637695312,24.309297561645508,36.905879974365234,1,0,0.6000000238418579,0,0,0,0,0,8,0,0,0,8,99,1,0.0,0.0,21.263004302978516,28.40812110900879,1.5,0,55,0.0,0.0,0.0,0,0,0
1780683329.4348214,0,0.3499999940395355,0,0,516,900,423158243,10,77,13.493444442749023,-11.19997787475586,24.579166412353516,36.681880950927734,1,0,0.6000000238418579,0,0,0,0,0,8,0,0,0,8,99,1,0.0,0.0,21.263004302978516,28.40812110900879,1.5,0,55,0.0,0.0,0.0,0,0,0
1780683329.4552786,0,0.3499999940395355,0,0,516,900,423158243,10,77,13.493444442749023,-12.999977111816406,24.849035263061523,36.42188262939453,1,0,0.6000000238418579,0,0,0,0,0,8,0,0,0,8,99,1,0.0,0.0,21.263004302978516,28.40812110900879,1.5,0,55,0.0,0.0,0.0,0,0,0
1780683329.4750197,0,0.3499999940395355,0,0,516,900,423158243,10,77,13.493444442749023,-14.799976348876953,25.11890411376953,36.125885009765625,1,0,0.6000000238418579,0,0,0,0,0,8,0,0,0,8,99,1,0.0,0.0,21.263004302978516,28.40812110900879,1.5,0,55,0.0,0.0,0.0,0,0,0
1780683329.4946754,0,0.3499999940395355,0,0,516,900,423158243,10,77,13.493444442749023,-16.5999755859375,25.38877296447754,35.79388427734375,1,0,0.6000000238418579,0,0,0,0,0,8,0,0,0,8,99,1,0.0,0.0,21.263004302978516,28.40812110900879,1.5,0,55,0.0,0.0,0.0,0,0,0
1780683329.5148444,0,0.3499999940395355,0,0,516,900,423158243,10,77,13.493444442749023,-18.399974822998047,25.658641815185547,35.42588424682617,1,0,0.6000000238418579,0,0,0,0,0,8,0,0,0,8,99,1,0.0,0.0,21.263004302978516,28.40812110900879,1.5,0,55,0.0,0.0,0.0,0,0,0
1780683329.5352693,0,0.3499999940395355,0,0,516,900,423158243,10,77,13.493444442749023,-20.199974060058594,25.928510665893555,35.02188491821289,1,0,0.6000000238418579,0,0,0,0,0,8,0,0,0,8,99,1,0.0,0.0,21.263004302978516,28.40812110900879,1.5,0,55,0.0,0.0,0.0,0,0,0
1780683329.5552237,0,0.3499999940395355,0,0,516,900,423158243,10,77,13.493444442749023,-21.99997329711914,26.198379516601562,34.581886291503906,1,0,0.6000000238418579,0,0,0,0,0,8,0,0,0,8,99,1,0.0,0.0,21.263004302978516,28.40812110900879,1.5,0,55,0.0,0.0,0.0,0,0,0
1780683329.5747647,0,0.3499999940395355,0,0,516,900,423158243,10,77,13.493444442749023,-23.799972534179688,26.46824836730957,34.10588836669922,1,0,0.6000000238418579,0,0,0,0,0,8,0,0,0,8,99,1,0.0,0.0,21.263004302978516,28.40812110900879,1.5,0,55,0.0,0.0,0.0,0,0,0
1780683329.5944238,0,0.3499999940395355,0,0,516,900,423158243,30,77,10.524886131286621,-19.96797752380371,26.738117218017578,33.59388732910156,1,0,0.6000000238418579,0,0,0,0,0,8,0,0,0,8,99,1,0.0,0.0,21.263004302978516,28.408123016357422,1.5,0,55,0.0,0.0,0.0,0,0,0
1780683329.6147876,0,0.3499999940395355,0,0,516,900,423158243,30,77,8.209410667419434,-15.575021743774414,26.902305603027344,33.282386779785156,1,0,0.6000000238418579,0,0,0,0,0,8,0,0,0,8,99,1,0.0,0.0,21.263004302978516,28.408123016357422,1.5,0,55,0.0,0.0,0.0,0,0,0
1780683329.6347954,0,0.3499999940395355,0,0,516,900,423158243,30,77,6.403339862823486,-12.148516654968262,27.030372619628906,33.0394172668457,1,0,0.6000000238418579,0,0,0,0,0,8,0,0,0,8,99,1,0.0,0.0,21.263004302978516,28.40812110900879,1.5,0,55,0.0,0.0,0.0,0,0,0
1780683329.6553047,0,0.3499999940395355,0,0,516,900,423158243,30,77,4.99460506439209,-9.475842475891113,27.130264282226562,32.84989929199219,1,0,0.6000000238418579,0,0,0,0,0,8,0,0,0,8,99,1,0.0,0.0,21.263004302978516,28.408123016357422,1.5,0,55,0.0,0.0,0.0,0,0,0
1780683329.6749892,0,0.3499999940395355,0,0,516,900,423158243,30,77,3.89579176902771,-7.3911566734313965,27.208179473876953,32.70207595825195,1,0,0.6000000238418579,0,0,0,0,0,8,0,0,0,8,99,1,0.0,0.0,21.263004302978516,28.40812110900879,1.5,0,55,0.0,0.0,0.0,0,0,0
1780683329.694826,0,0.3499999940395355,0,0,516,900,423158243,30,77,3.03871750831604,-5.765101909637451,27.268953323364258,32.58677291870117,1,0,0.6000000238418579,0,0,0,0,0,8,0,0,0,8,99,1,0.0,0.0,21.263004302978516,28.40812110900879,1.5,0,55,0.0,0.0,0.0,0,0,0
1780683329.714401,0,0.3499999940395355,0,0,516,900,423158243,30,77,2.370199680328369,-4.496779441833496,27.316356658935547,32.4968376159668,1,0,0.6000000238418579,0,0,0,0,0,8,0,0,0,8,99,1,0.0,0.0,21.263004302978516,28.40812110900879,1.5,0,55,0.0,0.0,0.0,0,0,0
1780683329.7347853,0,0.3499999940395355,0,0,516,900,423158243,30,77,1.8487557172775269,-3.5074877738952637,27.35333251953125,32.42668914794922,1,0,0.6000000238418579,0,0,0,0,0,8,0,0,0,8,99,1,0.0,0.0,21.263004302978516,28.40812110900879,1.5,0,55,0.0,0.0,0.0,0,0,0
1780683329.754742,0,0.3499999940395355,0,0,516,900,423158243,30,77,1.442029356956482,-2.735840320587158,27.382173538208008,32.371971130371094,1,0,0.6000000238418579,0,0,0,0,0,8,0,0,0,8,99,1,0.0,0.0,21.263004302978516,28.40812110900879,1.5,0,55,0.0,0.0,0.0,0,0,0
1780683329.774844,0,0.3499999940395355,0,0,516,900,423158243,30,77,1.1247828006744385,-2.133955478668213,27.4046688079834,32.32929229736328,1,0,0.6000000238418579,0,0,0,0,0,8,0,0,0,8,99,1,0.0,0.0,21.263004302978516,28.40812110900879,1.5,0,55,0.0,0.0,0.0,0,0,0
1780683329.79493,0,0.3499999940395355,0,0,516,900,423158243,30,77,0.8773305416107178,-1.664485216140747,27.42221450805664,32.29600143432617,1,0,0.6000000238418579,0,0,0,0,0,8,0,0,0,8,99,1,0.0,0.0,21.263004302978516,28.40812110900879,1.5,0,55,0.0,0.0,0.0,0,0,0
1780683329.8146493,0,0.3499999940395355,0,0,516,900,423158243,30,77,0.6843177676200867,-1.2982984781265259,27.435901641845703,32.27003479003906,1,0,0.6000000238418579,0,0,0,0,0,8,0,0,0,8,99,1,0.0,0.0,21.263004302978516,28.40812110900879,1.5,0,55,0.0,0.0,0.0,0,0,0
1780683329.8347778,0,0.3499999940395355,0,0,516,900,423158243,30,77,0.533767819404602,-1.012672781944275,27.446577072143555,32.249778747558594,1,0,0.6000000238418579,0,0,0,0,0,8,0,0,0,8,99,1,0.0,0.0,21.263004302978516,28.40812110900879,1.5,0,55,0.0,0.0,0.0,0,0,0
1780683329.8547614,0,0.3499999940395355,0,0,516,900,423158243,30,77,0.41633889079093933,-0.7898847460746765,27.454904556274414,32.23398208618164,1,0,0.6000000238418579,0,0,0,0,0,8,0,0,0,8,99,1,0.0,0.0,21.263004302978516,28.40812110900879,1.5,0,55,0.0,0.0,0.0,0,0,0
1780683329.8747337,0,0.3499999940395355,0,0,516,900,423158243,30,77,0.324744313955307,-0.61611008644104,27.46139907836914,32.22166061401367,1,0,0.6000000238418579,0,0,0,0,0,8,0,0,0,8,99,1,0.0,0.0,21.263004302978516,28.40812110900879,1.5,0,55,0.0,0.0,0.0,0,0,0
1780683329.894694,0,0.3499999940395355,0,0,516,900,423158243,30,77,0.2533005475997925,-0.4805658459663391,27.46646499633789,32.2120475769043,1,0,0.6000000238418579,0,0,0,0,0,8,0,0,0,8,99,1,0.0,0.0,21.263004302978516,28.40812110900879,1.5,0,55,0.0,0.0,0.0,0,0,0
1780683329.9145927,0,0.3499999940395355,0,0,516,900,423158243,30,77,0.1975744217634201,-0.3748413324356079,27.470417022705078,32.204551696777344,1,0,0.6000000238418579,0,0,0,0,0,8,0,0,0,8,99,1,0.0,0.0,21.263004302978516,28.408123016357422,1.5,0,55,0.0,0.0,0.0,0,0,0
1780683329.934872,0,0.3499999940395355,0,0,516,900,423158243,30,77,0.15410804748535156,-0.29237622022628784,27.473499298095703,32.19870376586914,1,0,0.6000000238418579,0,0,0,0,0,8,0,0,0,8,99,1,0.0,0.0,21.263004302978516,28.40812110900879,1.5,0,55,0.0,0.0,0.0,0,0,0
1780683329.9550495,0,0.3499999940395355,0,0,516,900,423158243,30,77,0.12020426988601685,-0.22805345058441162,27.475902557373047,32.19414520263672,1,0,0.6000000238418579,0,0,0,0,0,8,0,0,0,8,99,1,0.0,0.0,21.263004302978516,28.40812110900879,1.5,0,55,0.0,0.0,0.0,0,0,0
1780683329.974713,0,0.3499999940395355,0,0,516,900,423158243,30,77,0.09375932812690735,-0.17788168787956238,27.4777774810791,32.19058609008789,1,0,0.6000000238418579,0,0,0,0,0,8,0,0,0,8,99,1,0.0,0.0,21.263004302978516,28.408123016357422,1.5,0,55,0.0,0.0,0.0,0,0,0
1780683329.994905,0,0.3499999940395355,0,0,516,900,423158243,30,77,0.07313227653503418,-0.1387477070093155,27.47924041748047,32.18781280517578,1,0,0.6000000238418579,0,0,0,0,0,8,0,0,0,8,99,1,0.0,0.0,21.263004302978516,28.40812110900879,1.5,0,55,-1.0,0.0,0.0,0,0,0
1780683330.0150115,0,0.3499999940395355,0,0,516,900,423158243,30,77,0.0570431724190712,-0.10822320729494095,27.48038101196289,32.185646057128906,1,0,0.6000000238418579,0,0,0,0,0,8,0,0,0,8,99,1,0.0,0.0,21.263004302978516,28.40812110900879,1.5,0,55,-1.0,0.0,0.0,0,0,0
1780683330.035181,0,0.3499999940395355,0,0,516,900,423158243,30,77,0.044493671506643295,-0.08441410213708878,27.481271743774414,32.1839599609375,1,0,0.6000000238418579,0,0,0,0,0,8,0,0,0,8,99,1,-8.300000190734863,0.0,21.132701873779297,28.40812110900879,1.5,0,55,-1.0,0.0,0.0,0,0,0
1780683330.05525,0,0.3499999940395355,0,0,516,900,423158243,30,77,0.034705061465501785,-0.06584299355745316,27.481966018676758,32.18264389038086,1,0,0.6000000238418579,0,0,0,0,0,8,0,0,0,8,99,1,-8.300000190734863,0.0,20.966781616210938,28.40812110900879,1.5,0,55,-1.0,0.0,0.0,0,0,0
1780683330.0747812,0,0.3499999940395355,0,0,516,900,423158243,30,77,0.027069946750998497,-0.051357533782720566,27.482507705688477,32.18161392211914,1,0,0.6000000238418579,0,0,0,0,0,8,0,0,0,8,99,1,-8.300000190734863,0.0,20.800783157348633,28.40812110900879,1.5,0,55,-1.0,0.0,0.0,0,0,0
1780683330.0948727,0,0.3499999940395355,0,0,516,900,423158243,30,77,0.02111455798149109,-0.04005887359380722,27.482929229736328,32.18081283569336,1,0,0.6000000238418579,0,0,0,0,0,8,0,0,0,8,99,1,-8.300000190734863,0.0,20.634784698486328,28.40812110900879,1.5,0,55,-1.0,0.0,0.0,0,0,0
1780683330.1145937,0,0.3499999940395355,0,0,516,900,423158243,30,77,0.016469353809952736,-0.031245920807123184,27.483259201049805,32.1801872253418,1,0,0.6000000238418579,0,0,0,0,0,8,0,0,0,8,99,1,-8.300000190734863,0.0,20.46870231628418,28.40812110900879,1.5,0,55,-1.0,0.0,0.0,0,0,0
1780683330.1347141,0,0.3499999940395355,0,0,516,900,423158243,30,77,0.012846095487475395,-0.024371817708015442,27.483516693115234,32.1796989440918,1,0,0.6000000238418579,0,0,0,0,0,8,0,0,0,8,99,1,-8.300000190734863,0.0,20.30270004272461,28.40812110900879,1.5,0,55,-1.0,0.0,0.0,0,0,0
1780683330.1563153,0,0.3499999940395355,0,0,516,900,423158243,30,77,0.010019954293966293,-0.019010016694664955,27.48371696472168,32.1793212890625,1,0,0.6000000238418579,0,0,0,0,0,8,0,0,0,8,99,1,-8.300000190734863,0.0,20.136701583862305,28.40812110900879,1.5,0,55,-1.0,0.0,0.0,0,0,0
1780683330.1754122,0,0.3499999940395355,0,0,516,900,423158243,31,77,0.006096139550209045,-0.011565692722797394,27.48387336730957,32.17902374267578,1,0,0.6000000238418579,0,0,0,0,0,8,0,0,0,8,99,1,-8.300000190734863,0.0,19.9706974029541,28.40812110900879,1.5,0,55,-1.0,0.0,0.0,0,0,0
1780683330.1951053,0,0.3499999940395355,0,0,516,900,423158243,31,77,0.004754988476634026,-0.009021240286529064,27.48396873474121,32.17884063720703,1,0,0.6000000238418579,0,0,0,0,0,8,0,0,0,8,99,1,-8.300000190734863,0.0,19.804697036743164,28.40812110900879,1.5,0,55,-1.0,0.0,0.0,0,0,0
1780683330.2145422,0,0.3499999940395355,0,0,516,900,423158243,31,77,0.0037088908720761538,-0.007036567199975252,27.48404312133789,32.1786994934082,1,0,0.6000000238418579,0,0,0,0,0,8,0,0,0,8,99,1,-8.300000190734863,0.0,19.63869857788086,28.40812110900879,1.5,0,55,0.0,0.0,0.0,0,0,0
1780683330.2351463,0,0.3499999940395355,0,0,516,900,423158243,31,77,0.0028929347172379494,-0.0054885223507881165,27.484100341796875,32.1785888671875,1,0,0.6000000238418579,0,0,0,0,0,8,0,0,0,8,99,1,-8.300000190734863,0.0,19.472700119018555,28.40812110900879,1.5,0,55,0.0,0.0,0.0,0,0,0
1780683330.2551339,0,0.3499999940395355,0,0,516,900,423158243,31,77,0.0022564888931810856,-0.004281047265976667,27.484146118164062,32.17850112915039,1,0,0.6000000238418579,0,0,0,0,0,8,0,0,0,8,99,1,0.0,0.0,19.437000274658203,28.40812110900879,1.5,0,55,0.0,0.0,0.0,0,0,0
1780683330.2748857,0,0.3499999940395355,0,0,516,900,423158243,31,77,0.0017600612482056022,-0.003339216811582446,27.484180450439453,32.17843246459961,1,0,0.6000000238418579,0,0,0,0,0,8,0,0,0,8,99,1,0.0,0.0,19.437000274658203,28.40812110900879,1.5,0,55,0.0,0.0,0.0,0,0,0
1780683330.2946985,0,0.3499999940395355,0,0,516,900,423158243,31,77,0.001372847706079483,-0.0026045890990644693,27.484207153320312,32.17837905883789,1,0,0.6000000238418579,0,0,0,0,0,8,0,0,0,8,99,1,0.0,0.0,19.437000274658203,28.40812110900879,1.5,0,55,0.0,0.0,0.0,0,0,0
1780683330.3148057,0,0.3499999940395355,0,0,516,900,423158243,31,77,0.0010708211921155453,-0.0020315793808549643,27.484228134155273,32.17833709716797,1,0,0.6000000238418579,0,0,0,0,0,8,0,0,0,8,99,1,0.0,0.0,19.437000274658203,28.40812110900879,1.5,0,55,0.0,0.0,0.0,0,0,0
1780683330.3352902,0,0.3499999940395355,0,0,516,900,423158243,31,77,0.0008352405275218189,-0.0015846318565309048,27.48424530029297,32.17830276489258,1,0,0.6000000238418579,0,0,0,0,0,8,0,0,0,8,99,1,0.0,0.0,19.437000274658203,28.40812110900879,1.5,0,55,1.0,0.0,0.0,0,0,0
1780683330.3548427,0,0.3499999940395355,0,0,516,900,423158243,31,77,0.0006514876149594784,-0.0012360127875581384,27.4842586517334,32.17827606201172,1,0,0.6000000238418579,0,0,0,0,0,8,0,0,0,8,99,1,0.0,0.0,19.437000274658203,28.40812110900879,1.5,0,55,1.0,-1.0,0.0,0,0,0
1780683330.3748748,0,0.3499999940395355,0,0,516,900,423158243,31,77,0.0005081603303551674,-0.0009640899370424449,27.484268188476562,32.17825698852539,1,0,0.6000000238418579,0,0,0,0,0,8,0,0,0,8,99,1,0.0,0.0,19.437000274658203,28.40812110900879,1.5,0,55,1.0,-1.0,0.0,0,0,0
1780683330.394862,0,0.3499999940395355,0,0,516,900,423158243,31,77,0.00039636503788642585,-0.0007519901264458895,27.484275817871094,32.17824172973633,1,0,0.6000000238418579,0,0,1,0,0,8,0,0,0,8,99,1,8.300000190734863,0.0,19.56729507446289,28.408119201660156,1.5,0,55,1.0,-1.0,0.0,0,0,0
1780683330.414868,0,0.3499999940395355,0,0,516,900,423158243,31,77,0.00030916472314856946,-0.0005865522543899715,27.484281539916992,32.17823028564453,1,0,0.6000000238418579,0,0,1,0,0,8,0,0,0,8,99,1,8.300000190734863,0.0,19.733295440673828,28.40812110900879,1.5,0,55,1.0,-1.0,0.0,0,0,0
1780683330.4351122,0,0.3499999940395355,0,0,516,900,423158243,31,77,0.00024114847474265844,-0.00045751073048450053,27.48428726196289,32.178218841552734,1,0,0.6000000238418579,0,0,1,0,0,8,0,0,0,8,99,1,8.300000190734863,0.0,19.899295806884766,28.40812110900879,1.5,0,55,1.0,-1.0,0.0,0,0,0
1780683330.4549692,0,0.3499999940395355,0,0,516,900,423158243,31,77,0.00018809580069500953,-0.0003568583633750677,27.484291076660156,32.1782112121582,1,0,0.6000000238418579,0,0,1,0,0,8,0,0,0,8,99,1,8.300000190734863,0.0,20.065292358398438,28.40812110900879,1.5,0,55,1.0,-1.0,0.0,0,0,0
1780683330.4752133,0,0.3499999940395355,0,0,516,900,423158243,31,77,0.0001467147230869159,-0.00027834950014948845,27.484294891357422,32.17820358276367,1,0,0.6000000238418579,0,0,1,0,0,8,0,0,0,8,99,1,8.300000190734863,0.0,20.231290817260742,28.40812110900879,1.5,0,55,1.0,0.0,0.0,0,0,0
1780683330.4948754,0,0.3499999940395355,0,0,516,900,423158243,31,77,0.00011443747644079849,-0.00021711259614676237,27.484296798706055,32.178199768066406,1,0,0.6000000238418579,0,0,1,0,0,8,0,0,0,8,99,1,8.300000190734863,0.0,20.397289276123047,28.40812110900879,1.5,0,55,0.0,0.0,0.0,0,0,0
1780683330.514823,0,0.3499999940395355,0,0,516,900,423158243,31,77,8.926122973207384e-05,-0.00016934781160671264,27.484298706054688,32.17819595336914,1,0,0.6000000238418579,0,0,1,0,0,8,0,0,0,8,99,1,8.300000190734863,0.0,20.563289642333984,28.40812110900879,1.5,0,55,0.0,0.0,0.0,0,0,0
1780683330.535609,0,0.3499999940395355,0,0,516,900,423158243,31,77,6.962375482544303e-05,-0.00013209128519520164,27.48430061340332,32.17819595336914,1,0,0.6000000238418579,0,0,1,0,0,8,0,0,0,8,99,1,0.0,0.0,20.599002838134766,28.408119201660156,1.5,0,55,0.0,0.0,0.0,0,0,0
1780683330.5550632,0,0.3499999940395355,0,0,516,900,423158243,31,77,5.430652527138591e-05,-0.0001030311977956444,27.484302520751953,32.178192138671875,1,0,0.6000000238418579,0,0,1,0,0,8,0,0,0,8,99,1,0.0,0.0,20.599002838134766,28.408123016357422,1.5,0,55,0.0,0.0,0.0,0,0,0
1780683330.5757601,0,0.3499999940395355,0,0,516,900,423158243,31,77,4.2359086364740506e-05,-8.036433428060263e-05,27.484302520751953,32.178192138671875,1,0,0.6000000238418579,0,0,1,0,0,8,0,0,0,8,99,1,0.0,0.0,20.599002838134766,28.40812110900879,1.5,0,55,0.0,0.0,0.0,0,0,0
1780683330.5951543,0,0.3499999940395355,0,0,516,900,423158243,31,77,3.3040087146218866e-05,-6.268417928367853e-05,27.484302520751953,32.17818832397461,1,0,0.6000000238418579,0,0,1,0,0,8,0,0,0,8,99,1,0.0,0.0,20.599002838134766,28.408123016357422,1.5,0,55,0.0,0.0,0.0,0,0,0
1780683330.614757,0,0.3499999940395355,0,0,516,900,423158243,31,77,2.5771267246454954e-05,-4.8893656639847904e-05,27.484302520751953,32.17818832397461,1,0,0.6000000238418579,0,0,1,0,0,8,0,0,0,8,99,1,0.0,0.0,20.599002838134766,28.40812110900879,1.5,0,55,0.0,0.0,0.0,0,0,0
1780683330.6345873,0,0.3499999940395355,0,0,516,900,423158243,31,77,2.0101588233956136e-05,-3.813705188804306e-05,27.484302520751953,32.17818832397461,1,0,0.6000000238418579,0,0,1,0,0,8,0,0,0,8,99,1,0.0,0.0,20.599002838134766,28.40812110900879,1.5,0,55,0.0,0.0,0.0,0,0,0
1780683330.6549907,0,0.3499999940395355,0,0,516,900,423158243,31,77,1.5679237549193203e-05,-2.9746899599558674e-05,27.484302520751953,32.17818832397461,1,0,0.6000000238418579,0,0,1,0,0,8,0,0,0,8,99,1,0.0,0.0,20.599002838134766,28.408123016357422,1.5,0,55,0.0,0.0,0.0,0,0,0
1780683330.6749434,0,0.3499999940395355,0,0,516,900,423158243,31,77,1.2229805179231334e-05,-2.3202581360237673e-05,27.484302520751953,32.17818832397461,1,0,0.6000000238418579,0,0,1,0,0,8,0,0,0,8,99,1,0.0,0.0,20.599002838134766,28.40812110900879,1.5,0,55,0.0,0.0,0.0,0,0,0
1780683330.6944351,0,0.3499999940395355,0,0,516,900,423158243,31,77,9.539247912471183e-06,-1.8098013242706656e-05,27.484302520751953,32.17818832397461,1,0,0.6000000238418579,0,0,1,0,0,8,0,0,0,8,99,1,0.0,0.0,20.599002838134766,28.408123016357422,1.5,0,55,0.0,0.0,0.0,0,0,0
1780683330.7144039,0,0.3499999940395355,0,0,516,900,423158243,31,77,7.440612989739748e-06,-1.4116450074652676e-05,27.484302520751953,32.17818832397461,1,0,0.6000000238418579,0,0,1,0,0,8,0,0,0,8,99,1,0.0,0.0,20.599002838134766,28.408123016357422,1.5,0,55,0.0,0.0,0.0,0,0,0
1780683330.734884,0,0.3499999940395355,0,0,516,900,423158243,31,77,5.80367805014248e-06,-1.101083034882322e-05,27.484302520751953,32.17818832397461,1,0,0.6000000238418579,0,0,1,0,0,8,0,0,0,8,99,1,0.0,0.0,20.599002838134766,28.40812110900879,1.5,0,55,0.0,0.0,0.0,0,0,0
1780683330.7547433,0,0.3499999940395355,0,0,516,900,423158243,31,77,4.5268689063959755e-06,-8.588447599322535e-06,27.484302520751953,32.17818832397461,1,0,0.6000000238418579,0,0,1,0,0,8,0,0,0,8,99,1,0.0,0.0,20.599002838134766,28.408123016357422,1.5,0,55,0.0,0.0,0.0,0,0,0
1780683330.774894,0,0.3499999940395355,0,0,516,900,423158243,31,77,3.5309576560393907e-06,-6.698988727293909e-06,27.484302520751953,32.17818832397461,1,0,0.6000000238418579,0,0,1,0,0,8,0,0,0,8,99,1,0.0,0.0,20.599002838134766,28.40812110900879,1.5,0,55,0.0,0.0,0.0,0,0,0
1780683330.7946832,0,0.3499999940395355,0,0,516,900,423158243,31,77,2.7541468625713605e-06,-5.225211225479143e-06,27.484302520751953,32.17818832397461,1,0,0.6000000238418579,0,0,1,0,0,8,0,0,0,8,99,1,0.0,0.0,20.599002838134766,28.40812110900879,1.5,0,55,0.0,0.0,0.0,0,0,0
1780683330.814571,0,0.3499999940395355,0,0,516,900,423158243,31,77,2.148234443666297e-06,-4.075664492120268e-06,27.484302520751953,32.17818832397461,1,0,0.6000000238418579,0,0,1,0,0,8,0,0,0,8,99,1,0.0,0.0,20.599002838134766,28.40812110900879,1.5,0,55,0.0,0.0,0.0,0,0,0
1780683330.8348596,0,0.3499999940395355,0,0,516,900,423158243,31,77,1.675622797847609e-06,-3.1790182219992857e-06,27.484302520751953,32.17818832397461,1,0,0.6000000238418579,0,0,1,0,0,8,0,0,0,8,99,1,0.0,0.0,20.599002838134766,28.408123016357422,1.5,0,55,0.0,0.0,0.0,0,0,0
1780683330.8548317,0,0.3499999940395355,0,0,516,900,423158243,31,77,1.3069857232039794e-06,-2.4796340767352376e-06,27.484302520751953,32.17818832397461,1,0,0.6000000238418579,0,0,1,0,0,8,0,0,0,8,99,1,0.0,0.0,20.599002838134766,28.408123016357422,1.5,0,55,0.0,0.0,0.0,0,0,0
1780683330.8748631,0,0.3499999940395355,0,0,516,900,423158243,31,77,1.0194488595516304e-06,-1.9341146071383264e-06,27.484302520751953,32.17818832397461,1,0,0.6000000238418579,0,0,1,0,0,8,0,0,0,8,99,1,0.0,0.0,20.599002838134766,28.40812110900879,1.5,0,55,0.0,0.0,0.0,0,0,0
1780683330.8946733,0,0.3499999940395355,0,0,516,900,423158243,31,77,7.951700808916939e-07,-1.5086093299032655e-06,27.484302520751953,32.17818832397461,1,0,0.6000000238418579,0,0,1,0,0,8,0,0,0,8,99,1,0.0,0.0,20.599002838134766,28.40812110900879,1.5,0,55,0.0,0.0,0.0,0,0,0
1780683330.9143322,0,0.3499999940395355,0,0,516,900,423158243,31,77,6.202326403581537e-07,-1.1767152727770736e-06,27.484302520751953,32.17818832397461,1,0,0.6000000238418579,0,0,1,0,0,8,0,0,0,8,99,1,0.0,0.0,20.599002838134766,28.40812110900879,1.5,0,55,0.0,0.0,0.0,0,0,0
1780683330.9347405,0,0.3499999940395355,0,0,516,900,423158243,31,77,4.837814344682556e-07,-9.178378945762233e-07,27.484302520751953,32.17818832397461,1,0,0.6000000238418579,0,0,1,0,0,8,0,0,0,8,99,1,0.0,0.0,20.599002838134766,28.40812110900879,1.5,0,55,0.0,0.0,0.0,0,0,0
1780683330.954921,0,0.3499999940395355,0,0,516,900,423158243,31,77,3.773494938741351e-07,-7.159135293477448e-07,27.484302520751953,32.17818832397461,1,0,0.6000000238418579,0,0,1,0,0,8,0,0,0,8,99,1,0.0,0.0,20.599002838134766,28.40812110900879,1.5,0,55,0.0,0.0,0.0,0,0,0
1780683330.97492,0,0.3499999940395355,0,0,516,900,423158243,31,77,2.943326080639963e-07,-5.584125233326631e-07,27.484302520751953,32.17818832397461,1,0,0.6000000238418579,0,0,1,0,0,8,0,0,0,8,99,1,0.0,0.0,20.599002838134766,28.40812110900879,1.5,0,55,0.0,0.0,0.0,0,0,0
1780683330.9947398,0,0.3499999940395355,0,0,516,900,423158243,31,77,2.2957942746870685e-07,-4.355617591045302e-07,27.484302520751953,32.17818832397461,1,0,0.6000000238418579,0,0,1,0,0,8,0,0,0,8,99,1,0.0,0.0,20.599002838134766,28.40812110900879,1.5,0,55,0.0,0.0,0.0,0,0,0
1780683331.0147665,0,0.3499999940395355,0,0,516,900,423158243,31,77,1.7907194660438108e-07,-3.397381647118891e-07,27.484302520751953,32.17818832397461,1,0,0.6000000238418579,0,0,1,0,0,8,0,0,0,8,99,1,0.0,0.0,20.599002838134766,28.40812110900879,1.5,0,55,0.0,0.0,0.0,0,0,0
1780683331.0351057,0,0.3499999940395355,0,0,516,900,423158243,31,77,1.3967611778298306e-07,-2.649957480116427e-07,27.484302520751953,32.17818832397461,1,0,0.6000000238418579,0,0,1,0,0,8,0,0,0,8,99,1,0.0,0.0,20.599002838134766,28.40812110900879,1.5,0,55,0.0,0.0,0.0,0,0,0
1780683331.0547135,0,0.3499999940395355,0,0,516,900,423158243,31,77,1.0894736846012165e-07,-2.0669668288064713e-07,27.484302520751953,32.17818832397461,1,0,0.6000000238418579,0,0,1,0,0,8,0,0,0,8,99,1,0.0,0.0,20.599002838134766,28.40812110900879,1.5,0,55,0.0,0.0,0.0,0,0,0
1780683331.0749156,0,0.3499999940395355,0,0,516,900,423158243,31,77,8.497894299352993e-08,-1.6122341151003639e-07,27.484302520751953,32.17818832397461,1,0,0.6000000238418579,0,0,1,0,0,8,0,0,0,8,99,1,0.0,0.0,20.599002838134766,28.40812110900879,1.5,0,55,0.0,0.0,0.0,0,0,0
1780683331.0946746,0,0.3499999940395355,0,0,516,900,423158243,31,77,6.628357596127898e-08,-1.257542550092694e-07,27.484302520751953,32.17818832397461,1,0,0.6000000238418579,0,0,1,0,0,8,0,0,0,8,99,1,0.0,0.0,20.599002838134766,28.40812110900879,1.5,0,55,0.0,0.0,0.0,0,0,0
1780683331.1143901,0,0.3499999940395355,0,0,516,900,423158243,31,77,5.170118910768906e-08,-9.808831435975662e-08,27.484302520751953,32.17818832397461,1,0,0.6000000238418579,0,0,1,0,0,8,0,0,0,8,99,1,0.0,0.0,20.599002838134766,28.40812110900879,1.5,0,55,0.0,0.0,0.0,0,0,0
1780683331.1347673,0,0.3499999940395355,0,0,516,900,423158243,31,77,4.032692757505174e-08,-7.650888278476486e-08,27.484302520751953,32.17818832397461,1,0,0.6000000238418579,0,0,1,0,0,8,0,0,0,8,99,1,0.0,0.0,20.599002838134766,28.40812110900879,1.5,0,55,0.0,0.0,0.0,0,0,0
1780683331.1548376,0,0.3499999940395355,0,0,516,900,423158243,31,77,3.145500215850916e-08,-5.96769282878995e-08,27.484302520751953,32.17818832397461,1,0,0.6000000238418579,0,0,1,0,0,8,0,0,0,8,99,1,0.0,0.0,20.599002838134766,28.408119201660156,1.5,0,55,0.0,0.0,0.0,0,0,0
1780683331.1748462,0,0.3499999940395355,0,0,516,900,423158243,32,77,2.4534900333605947e-08,-4.6548002785584686e-08,27.484302520751953,32.17818832397461,1,0,0.6000000238418579,0,0,1,0,0,8,0,0,0,8,99,1,0.0,0.0,20.599002838134766,28.408123016357422,1.5,0,55,0.0,0.0,0.0,0,0,0
1780683331.1948798,0,0.3499999940395355,0,0,516,900,423158243,32,77,2.4534900333605947e-08,-4.6548002785584686e-08,27.484302520751953,32.17818832397461,1,0,0.6000000238418579,0,0,1,0,0,8,0,0,0,8,99,1,0.0,0.0,20.599002838134766,28.408119201660156,1.5,0,55,0.0,0.0,0.0,0,0,0
1780683331.2165225,0,0.3499999940395355,0,0,516,900,423158243,32,77,2.4534900333605947e-08,-4.6548002785584686e-08,27.484302520751953,32.17818832397461,1,0,0.6000000238418579,0,0,1,0,0,8,0,0,0,8,99,1,0.0,0.0,20.599002838134766,28.40812110900879,1.5,0,55,0.0,0.0,0.0,0,0,0
1780683331.236931,0,0.3499999940395355,0,0,516,900,423158243,32,77,2.4534900333605947e-08,-4.6548002785584686e-08,27.484302520751953,32.17818832397461,1,0,0.6000000238418579,0,0,1,0,0,8,0,0,0,8,99,1,0.0,0.0,20.599002838134766,28.40812110900879,1.5,0,55,0.0,0.0,0.0,0,0,0
1780683331.2576776,0,0.3499999940395355,0,0,516,900,423158243,32,77,2.4534900333605947e-08,-4.6548002785584686e-08,27.484302520751953,32.17818832397461,1,0,0.6000000238418579,0,0,1,0,0,8,0,0,0,8,99,1,0.0,0.0,20.599002838134766,28.40812110900879,1.5,0,55,0.0,0.0,0.0,0,0,0
1780683331.2787855,0,0.3499999940395355,0,0,516,900,423158243,32,77,2.4534900333605947e-08,-4.6548002785584686e-08,27.484302520751953,32.17818832397461,1,0,0.6000000238418579,0,0,1,0,0,8,0,0,0,8,99,1,0.0,0.0,20.599002838134766,28.40812110900879,1.5,0,55,0.0,0.0,0.0,0,0,0
1780683331.2981207,0,0.3499999940395355,0,0,516,900,423158243,32,77,2.4534900333605947e-08,-4.6548002785584686e-08,27.484302520751953,32.17818832397461,1,0,0.6000000238418579,0,0,1,0,0,8,0,0,0,8,99,1,0.0,0.0,20.599002838134766,28.40812110900879,1.5,0,55,0.0,0.0,0.0,0,0,0
1780683331.3186266,0,0.3499999940395355,0,0,516,900,423158243,32,77,2.4534900333605947e-08,-4.6548002785584686e-08,27.484302520751953,32.17818832397461,1,0,0.6000000238418579,0,0,1,0,0,8,0,0,0,8,99,1,0.0,0.0,20.599002838134766,28.40812110900879,1.5,0,55,0.0,0.0,0.0,0,0,0
1780683331.339123,0,0.3499999940395355,0,0,516,900,423158243,32,77,2.4534900333605947e-08,-4.6548002785584686e-08,27.484302520751953,32.17818832397461,1,0,0.6000000238418579,0,0,1,0,0,8,0,0,0,8,99,1,0.0,0.0,20.599002838134766,28.408119201660156,1.5,0,55,0.0,0.0,0.0,0,0,0
1780683331.357994,0,0.3499999940395355,0,0,516,900,423158243,32,77,2.4534900333605947e-08,-4.6548002785584686e-08,27.484302520751953,32.17818832397461,1,0,0.6000000238418579,0,0,1,0,0,8,0,0,0,8,99,1,0.0,0.0,20.599002838134766,28.40812110900879,1.5,0,55,0.0,0.0,0.0,0,0,0
1780683331.3770163,0,0.3499999940395355,0,0,516,900,423158243,32,77,2.4534900333605947e-08,-4.6548002785584686e-08,27.484302520751953,32.17818832397461,1,0,0.6000000238418579,0,0,1,0,0,8,0,0,0,8,99,1,0.0,0.0,20.599002838134766,28.40812110900879,1.5,0,55,0.0,0.0,0.0,0,0,0
1780683331.3957813,0,0.3499999940395355,0,0,516,900,423158243,32,77,2.4534900333605947e-08,-4.6548002785584686e-08,27.484302520751953,32.17818832397461,1,0,0.6000000238418579,0,0,1,0,0,8,0,0,0,8,99,1,0.0,0.0,20.599002838134766,28.40812110900879,1.5,0,55,0.0,0.0,0.0,0,0,0
1780683331.4148226,0,0.3499999940395355,0,0,516,900,423158243,10,77,2.4534900333605947e-08,-4.6548002785584686e-08,27.484302520751953,32.17818832397461,1,0,0.6000000238418579,0,0,1,0,0,8,0,0,0,8,99,1,0.0,0.0,20.599002838134766,28.408119201660156,1.5,0,55,0.0,0.0,0.0,0,0,0
1780683331.4349613,0,0.3499999940395355,0,0,516,900,423158243,10,77,2.4534900333605947e-08,-1.7999992370605469,27.484302520751953,32.142189025878906,1,0,0.6000000238418579,0,0,1,0,0,8,0,0,0,8,99,1,0.0,0.0,20.599002838134766,28.40812110900879,1.5,0,55,0.0,0.0,0.0,0,0,0
1780683331.4548426,0,0.3499999940395355,0,0,516,900,423158243,10,77,2.4534900333605947e-08,-3.5999984741210938,27.484302520751953,32.070186614990234,1,0,0.6000000238418579,0,0,1,0,0,8,0,0,0,8,99,1,0.0,0.0,20.599002838134766,28.408119201660156,1.5,0,55,0.0,0.0,0.0,0,0,0
1780683331.4746985,0,0.3499999940395355,0,0,516,900,423158243,10,77,2.4534900333605947e-08,-5.399997711181641,27.484302520751953,31.962188720703125,1,0,0.6000000238418579,0,0,1,0,0,8,0,0,0,8,99,1,0.0,0.0,20.599002838134766,28.40812110900879,1.5,0,55,0.0,0.0,0.0,0,0,0
1780683331.494563,0,0.3499999940395355,0,0,516,900,423158243,10,77,2.4534900333605947e-08,-7.1999969482421875,27.484302520751953,31.81818962097168,1,0,0.6000000238418579,0,0,1,0,0,8,0,0,0,8,99,1,0.0,0.0,20.599002838134766,28.40812110900879,1.5,0,55,0.0,0.0,0.0,0,1,0
1780683331.5146837,0,0.3499999940395355,0,0,516,900,423158243,10,77,2.4534900333605947e-08,-8.999996185302734,27.484302520751953,31.6381893157959,1,0,0.6000000238418579,0,0,1,0,0,8,0,0,0,8,99,1,0.0,0.0,20.599002838134766,28.40812110900879,1.5,0,55,0.0,0.0,0.0,0,1,0
1780683331.5357077,0,0.3499999940395355,0,0,516,900,423158243,10,77,2.4534900333605947e-08,-10.799995422363281,27.484302520751953,31.422189712524414,1,0,0.6000000238418579,0,0,1,0,0,8,0,0,0,8,99,1,0.0,0.0,20.599002838134766,28.40812110900879,1.5,0,55,0.0,0.0,0.0,0,1,0
1780683331.5550025,0,0.3499999940395355,0,0,516,900,423158243,10,77,2.4534900333605947e-08,-12.599994659423828,27.484302520751953,31.170190811157227,1,0,0.6000000238418579,0,0,1,0,0,8,0,0,0,8,99,1,0.0,0.0,20.599002838134766,28.40812110900879,1.5,0,55,0.0,0.0,0.0,0,1,0
1780683331.5750072,0,0.3499999940395355,0,0,516,900,423158243,10,77,2.4534900333605947e-08,-14.399993896484375,27.484302520751953,30.882190704345703,1,0,0.6000000238418579,0,0,1,0,0,8,0,0,0,8,99,1,0.0,0.0,20.599002838134766,28.40812110900879,1.5,0,55,0.0,0.0,0.0,0,1,0
1780683331.59494,0,0.3499999940395355,0,0,516,900,423158243,10,77,2.4534900333605947e-08,-16.199993133544922,27.484302520751953,30.558191299438477,1,0,0.6000000238418579,0,0,1,0,0,8,0,0,0,8,99,1,0.0,0.0,20.599002838134766,28.40812110900879,1.5,0,55,0.0,0.0,0.0,0,1,0
1780683331.6147687,0,0.3499999940395355,0,0,516,900,423158243,10,77,2.4534900333605947e-08,-17.99999237060547,27.484302520751953,30.198190689086914,1,0,0.6000000238418579,0,0,1,0,0,8,0,0,0,8,99,1,0.0,0.0,20.599002838134766,28.408119201660156,1.5,0,55,0.0,0.0,0.0,0,1,0
1780683331.6345153,0,0.3499999940395355,0,0,516,900,423158243,10,77,2.4534900333605947e-08,-19.799991607666016,27.484302520751953,29.80219078063965,1,0,0.6000000238418579,0,0,1,0,0,8,0,0,0,8,99,1,0.0,0.0,20.599002838134766,28.408119201660156,1.5,0,55,0.0,0.0,0.0,0,1,0
1780683331.6551619,0,0.3499999940395355,0,0,516,900,423158243,10,77,2.4534900333605947e-08,-21.599990844726562,27.484302520751953,29.37019157409668,1,0,0.6000000238418579,0,0,1,0,0,8,0,0,0,8,99,1,0.0,0.0,20.599002838134766,28.40812110900879,1.5,0,55,0.0,0.0,0.0,0,1,0
1780683331.6749976,0,0.3499999940395355,0,0,516,900,423158243,10,77,2.4534900333605947e-08,-23.39999008178711,27.484302520751953,28.902191162109375,1,0,0.6000000238418579,0,0,1,0,0,8,0,0,0,8,99,1,0.0,0.0,20.599002838134766,28.40812110900879,1.5,0,55,0.0,0.0,0.0,0,0,0
1780683331.6946254,0,0.3499999940395355,0,0,516,900,423158243,11,77,0.0,0.0,27.484302520751953,28.56183624267578,0,0,0.6000000238418579,0,0,1,0,0,8,0,0,0,8,99,1,0.0,0.0,20.599002838134766,28.408123016357422,1.5,0,55,0.0,0.0,0.0,0,0,0
1780683331.7147295,0,0.3499999940395355,0,0,516,900,423158243,11,77,0.0,0.0,27.484302520751953,28.56184959411621,0,0,0.6000000238418579,0,0,1,0,0,8,0,0,0,8,99,1,0.0,0.0,20.599002838134766,28.40812110900879,1.5,0,55,0.0,0.0,0.0,0,0,0
1780683331.7348633,0,0.3499999940395355,0,0,516,900,423158243,11,77,0.0,0.0,27.484302520751953,28.561859130859375,0,0,0.6000000238418579,0,0,1,0,0,8,0,0,0,8,99,1,0.0,0.0,20.599002838134766,28.40812110900879,1.5,0,55,0.0,0.0,0.0,0,0,0
1780683331.754949,0,0.3499999940395355,0,0,516,900,423158243,11,77,0.0,0.0,27.484302520751953,28.561864852905273,0,0,0.6000000238418579,0,0,1,0,0,8,0,0,0,8,99,1,0.0,0.0,20.599002838134766,28.40812110900879,1.5,0,55,0.0,0.0,0.0,0,0,0
1780683331.7750902,0,0.3499999940395355,0,0,516,900,423158243,11,77,0.0,0.0,27.484302520751953,28.56186866760254,0,0,0.6000000238418579,0,0,1,0,0,8,0,0,0,8,99,1,0.0,0.0,20.599002838134766,28.40812110900879,1.5,0,55,0.0,0.0,0.0,0,0,0
1780683331.7948225,0,0.3499999940395355,0,0,516,900,423158243,11,77,0.0,0.0,27.484302520751953,28.561870574951172,0,0,0.6000000238418579,0,0,1,0,0,8,0,0,0,8,99,1,0.0,0.0,20.599002838134766,28.40812110900879,1.5,0,22,0.0,0.0,0.0,0,0,0
1780683331.8145938,0,0.3499999940395355,0,0,516,900,423158243,11,77,0.0,0.0,27.484302520751953,28.561870574951172,0,0,0.6000000238418579,0,0,1,0,0,8,0,0,0,8,99,1,-2.0,0.0,20.567611694335938,28.40812110900879,1.5,0,22,0.0,0.0,0.0,0,0,0
1780683331.8347833,0,0.3499999940395355,0,0,486,900,423158243,11,77,0.0,0.0,27.484302520751953,28.561870574951172,0,0,0.6000000238418579,0,0,1,0,0,8,0,0,0,8,99,1,-2.0,0.0,20.52760887145996,28.408123016357422,1.5,0,22,0.0,0.0,0.0,0,0,0
1780683331.854756,0,0.3499999940395355,0,0,486,900,423158243,11,77,0.0,0.0,27.934303283691406,28.561870574951172,0,0,0.6000000238418579,0,0,1,0,0,8,0,0,0,8,99,1,-2.0,0.0,20.48760986328125,28.40812110900879,1.5,0,22,0.0,0.0,0.0,0,0,0
1780683331.8746204,0,0.3499999940395355,0,0,486,900,423158243,11,77,0.0,0.0,28.38430404663086,28.561870574951172,0,0,0.6000000238418579,0,0,1,0,0,8,0,0,0,8,99,1,-2.0,0.0,20.447608947753906,28.40812110900879,1.5,0,22,0.0,0.0,0.0,0,0,0
1780683331.8946793,0,0.3499999940395355,0,0,486,900,423158243,11,77,0.0,0.0,28.834304809570312,28.561870574951172,0,0,0.6000000238418579,0,0,1,0,0,8,0,0,0,8,99,1,-2.0,0.0,20.40762710571289,28.40812110900879,1.5,0,22,0.0,0.0,0.0,0,0,0
1780683331.9144604,0,0.3499999940395355,0,0,486,900,423158243,11,77,0.0,0.0,29.284305572509766,28.561870574951172,0,0,0.6000000238418579,0,0,1,0,0,8,0,0,0,8,99,1,-2.0,0.0,20.36760711669922,28.40812110900879,1.5,0,22,0.0,0.0,0.0,0,0,0
1780683331.9345686,0,0.3499999940395355,0,0,486,900,423158243,69,77,0.0,0.0,29.73430633544922,28.561870574951172,0,0,0.6000000238418579,0,0,1,0,0,8,0,0,0,8,99,1,-2.0,0.0,20.327606201171875,28.40812110900879,1.5,0,22,0.0,0.0,0.0,0,0,0
1780683331.9548416,0,0.3499999940395355,0,0,486,900,423158243,69,77,0.0,0.0,30.184307098388672,28.561870574951172,0,0,0.6000000238418579,0,0,1,0,0,8,0,0,0,8,99,1,-2.0,0.0,20.287607192993164,28.40812110900879,1.5,0,22,0.0,0.0,0.0,0,0,0
1780683331.9748049,0,0.3499999940395355,0,0,486,900,423158243,69,77,0.0,0.0,30.634307861328125,28.561870574951172,0,0,0.6000000238418579,0,0,1,0,0,8,0,0,0,8,99,1,-2.0,0.0,20.247604370117188,28.40812110900879,1.5,0,22,0.0,0.0,0.0,0,0,0
1780683331.994673,0,0.3499999940395355,0,0,486,900,423158243,69,77,0.0,0.0,31.084308624267578,28.561870574951172,0,0,0.6000000238418579,0,0,1,0,0,8,0,0,0,8,99,1,-2.0,0.0,20.207605361938477,28.40812110900879,1.5,0,22,0.0,0.0,0.0,0,0,0
1780683332.0144491,0,0.3499999940395355,0,0,486,900,423158243,69,77,0.0,0.0,31.084308624267578,28.561870574951172,0,0,0.6000000238418579,0,0,1,0,0,8,0,0,0,8,99,1,-2.0,0.0,20.167606353759766,28.40812110900879,1.5,0,22,0.0,0.0,0.0,0,0,0
1780683332.0350654,0,0.3499999940395355,0,0,486,900,423158243,69,77,0.0,0.0,31.084308624267578,28.561870574951172,0,0,0.6000000238418579,0,0,1,0,0,8,0,0,0,8,99,1,-2.0,0.0,20.12762451171875,28.408123016357422,1.5,0,22,0.0,0.0,0.0,0,0,0
1780683332.0549097,0,0.3499999940395355,0,0,486,900,423158243,69,77,0.0,0.0,31.084308624267578,28.561870574951172,0,0,0.6000000238418579,0,0,1,0,0,8,0,0,0,8,99,1,-2.0,0.0,20.087623596191406,28.408119201660156,1.5,0,22,0.0,0.0,0.0,0,0,0
1780683332.0753107,0,0.3499999940395355,0,0,486,900,423158243,69,77,0.0,0.0,31.084308624267578,28.561870574951172,0,0,0.6000000238418579,0,0,1,0,0,8,0,0,0,8,99,1,-2.0,0.0,20.047622680664062,28.408123016357422,1.5,0,22,0.0,0.0,0.0,0,0,0
1780683332.094919,0,0.3499999940395355,0,0,486,900,423158243,69,77,0.0,0.0,31.084308624267578,28.561870574951172,0,0,0.6000000238418579,0,0,1,0,0,8,0,0,0,8,99,1,-2.0,0.0,20.00762176513672,28.40812110900879,1.5,0,22,1.0,0.0,0.0,0,0,0
1780683332.1156723,0,0.3499999940395355,0,0,486,900,423158243,69,77,0.0,0.0,31.084308624267578,28.561870574951172,1,0,0.6000000238418579,0,0,1,0,0,8,0,0,0,8,99,1,0.0,0.0,19.967622756958008,28.40812110900879,1.5,0,22,1.0,-1.0,0.0,0,0,0
1780683332.135131,0,0.3499999940395355,0,0,486,900,423158243,69,77,0.0,0.0,31.084308624267578,28.561870574951172,1,0,0.6000000238418579,0,0,1,0,0,8,0,0,0,8,99,1,8.300000190734863,0.0,20.089155197143555,28.40812110900879,1.5,0,22,1.0,-1.0,0.0,0,0,0
1780683332.1552389,0,0.3499999940395355,0,0,486,900,423158243,69,77,0.0,0.0,31.084308624267578,28.561870574951172,1,0,0.6000000238418579,0,0,1,0,0,8,0,0,0,8,99,1,8.300000190734863,0.0,20.255157470703125,28.408123016357422,1.5,0,22,1.0,-1.0,0.0,0,0,0
1780683332.1750271,0,0.3499999940395355,0,0,486,900,423158243,69,77,0.0,0.0,31.084308624267578,28.561870574951172,1,0,0.6000000238418579,0,0,1,0,0,8,0,0,0,8,99,1,8.300000190734863,0.0,20.421239852905273,28.40812110900879,1.5,0,22,1.0,-1.0,0.0,0,0,0
1780683332.195339,0,0.3499999940395355,0,0,486,900,423158243,45,77,-8.0,0.0,31.084308624267578,28.561870574951172,1,0,0.6000000238418579,0,0,1,0,0,8,0,0,0,8,99,1,8.300000190734863,0.0,20.587158203125,28.40812110900879,1.5,0,22,1.0,-1.0,0.0,0,0,0
1780683332.2151513,0,0.3499999940395355,0,0,486,900,423158243,45,77,-8.0,0.0,30.92430877685547,28.561870574951172,1,0,0.6000000238418579,0,0,1,0,0,8,0,0,0,8,99,1,8.300000190734863,0.0,20.75324058532715,28.40812110900879,1.5,0,22,1.0,-1.0,0.0,0,0,0
1780683332.2351465,0,0.3499999940395355,0,0,486,900,423158243,45,77,-8.0,0.0,30.76430892944336,28.561870574951172,1,0,0.6000000238418579,0,0,1,0,0,8,0,0,0,8,99,1,8.300000190734863,0.0,20.91924285888672,28.40812110900879,1.5,0,22,1.0,-1.0,0.0,0,0,0
1780683332.2550237,0,0.3499999940395355,0,0,486,900,423158243,45,77,-8.0,0.0,30.60430908203125,28.561870574951172,1,0,0.6000000238418579,0,0,1,0,0,8,0,0,0,8,99,1,8.300000190734863,0.0,21.08523941040039,28.40812110900879,1.5,0,22,1.0,-1.0,0.0,0,0,0
1780683332.2752588,0,0.3499999940395355,0,0,486,900,423158243,45,77,-8.0,0.0,30.44430923461914,28.561870574951172,1,0,0.6000000238418579,0,0,1,0,0,8,0,0,0,8,99,1,8.300000190734863,0.0,21.251157760620117,28.40812110900879,1.5,0,22,1.0,-1.0,0.0,0,0,0
1780683332.2953079,0,0.3499999940395355,0,0,486,900,423158243,45,77,-8.0,0.0,30.28430938720703,28.561870574951172,1,0,0.6000000238418579,0,0,1,0,0,8,0,0,0,8,99,1,8.300000190734863,0.0,21.417158126831055,28.40812110900879,1.5,0,22,1.0,-1.0,0.0,0,0,0
1780683332.3150182,0,0.3499999940395355,0,0,486,900,423158243,45,77,-8.0,0.0,30.124309539794922,28.561870574951172,1,0,0.6000000238418579,0,0,1,0,0,8,0,0,0,8,99,1,8.300000190734863,0.0,21.583240509033203,28.408119201660156,1.5,0,22,1.0,-1.0,0.0,0,0,0
1780683332.3350747,0,0.3499999940395355,0,0,486,900,423158243,45,77,-8.0,0.0,29.964309692382812,28.561870574951172,1,0,0.6000000238418579,0,0,1,0,0,8,0,0,0,8,99,1,8.300000190734863,0.0,21.749238967895508,28.40812110900879,1.5,0,22,1.0,-1.0,0.0,0,0,0
1780683332.35495,0,0.3499999940395355,0,0,486,900,423158243,45,77,-8.0,0.0,29.804309844970703,28.561870574951172,1,0,0.6000000238418579,0,0,1,0,0,8,0,0,0,8,99,1,8.300000190734863,0.0,21.915237426757812,28.408123016357422,1.5,0,22,1.0,-1.0,0.0,0,0,0
1780683332.3748143,0,0.3499999940395355,0,0,486,900,423158243,45,77,-8.0,0.0,29.644309997558594,28.561870574951172,1,0,0.6000000238418579,0,0,1,0,0,8,0,0,0,8,99,1,8.300000190734863,0.0,22.08115577697754,28.40812110900879,1.5,0,22,1.0,-1.0,0.0,0,0,0
1780683332.3947363,0,0.3499999940395355,0,0,486,900,423158243,45,77,-8.0,0.0,29.484310150146484,28.561870574951172,1,0,0.6000000238418579,0,0,1,0,0,8,0,0,0,8,99,1,8.300000190734863,0.0,22.247154235839844,28.40812110900879,1.5,0,22,1.0,-1.0,0.0,0,0,0
1780683332.4149892,0,0.3499999940395355,0,0,486,900,423158243,45,77,-8.0,0.0,29.324310302734375,28.561870574951172,1,0,0.6000000238418579,0,0,1,0,0,8,0,0,0,8,99,1,8.300000190734863,0.0,22.413238525390625,28.40812110900879,1.5,0,22,1.0,-1.0,0.0,0,0,0
1780683332.4350612,0,0.3499999940395355,0,0,486,900,423158243,45,77,-8.0,0.0,29.164310455322266,28.561870574951172,1,0,0.6000000238418579,0,0,1,0,0,8,0,0,0,8,99,1,8.300000190734863,0.0,22.579235076904297,28.408123016357422,1.5,0,22,1.0,-1.0,0.0,0,0,0
1780683332.454877,0,0.3499999940395355,0,0,486,900,423158243,45,77,-8.0,0.0,29.004310607910156,28.561870574951172,1,0,0.6000000238418579,0,0,1,0,0,8,0,0,0,8,99,1,8.300000190734863,0.0,22.7452335357666,28.40812110900879,1.5,0,22,1.0,0.0,0.0,0,0,0
1780683332.4748938,0,0.3499999940395355,0,0,486,900,423158243,45,77,-8.0,0.0,28.844310760498047,28.561870574951172,1,0,0.6000000238418579,0,0,1,0,0,8,0,0,0,8,99,1,8.300000190734863,0.0,22.911235809326172,28.408123016357422,1.5,0,22,1.0,0.0,0.0,0,0,0
1780683332.4948387,0,0.3499999940395355,0,0,486,900,423158243,45,77,-8.0,0.0,28.684310913085938,28.561870574951172,1,0,0.6000000238418579,0,0,1,0,0,8,0,0,0,8,99,1,8.300000190734863,0.0,23.0771541595459,28.40812110900879,1.5,0,22,1.0,0.0,0.0,0,0,0
1780683332.5146017,0,0.3499999940395355,0,0,486,900,423158243,45,77,-8.0,0.0,28.524311065673828,28.561870574951172,1,0,0.6000000238418579,0,0,1,0,0,8,0,0,0,8,99,1,8.300000190734863,0.0,23.243236541748047,28.408123016357422,1.5,0,22,1.0,0.0,0.0,0,0,0
1780683332.5351186,0,0.3499999940395355,0,0,486,900,423158243,45,77,-8.0,0.0,28.36431121826172,28.561870574951172,1,0,0.6000000238418579,0,0,1,0,0,8,0,0,0,8,99,1,8.300000190734863,0.0,23.40923309326172,28.40812110900879,1.5,0,22,1.0,0.0,0.0,0,0,0
1780683332.5551698,0,0.3499999940395355,0,0,486,900,423158243,45,77,-8.0,0.0,28.20431137084961,28.561870574951172,1,0,0.6000000238418579,0,0,1,0,0,8,0,0,0,8,99,1,8.300000190734863,0.0,23.575153350830078,28.40812110900879,1.5,0,22,1.0,-1.0,0.0,0,0,0
1780683332.5754547,0,0.3499999940395355,0,0,486,900,423158243,45,77,-8.0,0.0,28.0443115234375,28.561870574951172,1,0,0.6000000238418579,0,0,1,0,0,8,0,0,0,8,99,1,8.300000190734863,0.0,23.741151809692383,28.40812110900879,1.5,0,22,1.0,-1.0,0.0,0,0,0
1780683332.5955172,0,0.3499999940395355,0,0,486,900,423158243,45,77,-8.0,0.0,27.88431167602539,28.561870574951172,1,0,0.6000000238418579,0,0,1,0,0,8,0,0,0,8,99,1,8.300000190734863,0.0,23.907238006591797,28.40812110900879,1.5,0,22,1.0,-1.0,0.0,0,0,0
1780683332.6159618,0,0.3499999940395355,0,0,486,900,423158243,45,77,-8.0,0.0,27.72431182861328,28.561870574951172,1,0,0.6000000238418579,0,0,1,0,0,8,0,0,0,8,99,1,8.300000190734863,0.0,24.073156356811523,28.40812110900879,1.5,0,22,1.0,-1.0,0.0,0,0,0
1780683332.6351867,0,0.3499999940395355,0,0,486,900,423158243,45,77,-8.0,0.0,27.564311981201172,28.561870574951172,1,0,0.6000000238418579,0,0,1,0,0,8,0,0,0,8,99,1,8.300000190734863,0.0,24.239240646362305,28.408123016357422,1.5,0,22,1.0,-1.0,0.0,0,0,0
1780683332.6549525,0,0.3499999940395355,0,0,486,900,423158243,45,77,-8.0,0.0,27.404312133789062,28.561870574951172,1,0,0.6000000238418579,0,0,1,0,0,8,0,0,0,8,99,1,8.300000190734863,0.0,24.405242919921875,28.40812110900879,1.5,0,22,1.0,-1.0,0.0,0,0,0
1780683332.6755087,0,0.3499999940395355,0,0,486,900,423158243,45,77,-8.0,0.0,27.244312286376953,28.561870574951172,1,0,0.6000000238418579,0,0,1,0,0,8,0,0,0,8,99,1,8.300000190734863,0.0,24.5711612701416,28.408123016357422,1.5,0,22,1.0,-1.0,0.0,0,0,1
1780683332.6950412,0,0.3499999940395355,1,0,486,900,423158243,45,77,-8.0,0.0,27.084312438964844,28.561870574951172,0,0,0.6000000238418579,0,0,1,0,0,8,0,1,0,8,99,1,8.300000190734863,0.0,24.65424346923828,28.408119201660156,1.5,0,22,1.0,-1.0,0.0,0,0,1
1780683332.7147388,0,0.3499999940395355,1,0,486,900,423158243,25,77,0.0,0.0,26.924312591552734,28.561870574951172,0,0,0.6000000238418579,0,0,1,0,0,8,0,1,0,8,99,1,8.300000190734863,0.0,24.903255462646484,28.408119201660156,1.5,0,22,1.0,-1.0,0.0,0,0,1
1780683332.7349644,0,0.3499999940395355,1,0,465,900,423158243,25,77,0.0,0.0,26.924312591552734,28.561870574951172,0,0,0.6000000238418579,0,0,1,0,0,8,0,1,0,8,99,1,-3.75,0.0,25.069259643554688,28.40812110900879,1.5,0,33,1.0,0.0,0.0,0,0,1
1780683332.7551894,0,0.3499999940395355,1,0,465,900,423158243,25,77,0.0,0.0,27.22431182861328,28.561870574951172,0,0,0.6000000238418579,0,0,1,0,0,8,0,1,0,8,99,1,-3.75,0.0,25.0461483001709,28.40812110900879,1.5,0,33,0.0,0.0,0.0,0,0,1
1780683332.775179,0,0.3499999940395355,1,0,465,900,423158243,25,77,0.0,0.0,27.524311065673828,28.561870574951172,0,0,0.6000000238418579,0,0,1,0,0,8,0,1,0,8,99,1,-3.75,0.0,24.97118377685547,28.40812110900879,1.5,0,33,0.0,0.0,0.0,0,0,0
1780683332.7947776,0,0.3499999940395355,1,0,465,900,423158243,25,77,0.0,0.0,27.824310302734375,28.561870574951172,1,0,0.6000000238418579,0,0,1,0,0,8,0,1,0,8,99,1,-3.75,0.0,24.89618492126465,28.40812110900879,1.5,0,33,0.0,0.0,0.0,0,0,0
1780683332.814522,0,0.3499999940395355,1,0,465,900,423158243,25,77,0.0,0.0,28.124309539794922,28.561870574951172,1,0,0.6000000238418579,0,0,1,0,0,8,0,1,0,8,99,1,-3.75,0.0,24.821184158325195,28.40812110900879,1.5,0,33,0.0,0.0,0.0,0,0,0
1780683332.8349888,0,0.3499999940395355,1,0,465,900,423158243,25,77,0.0,0.0,28.42430877685547,28.561870574951172,1,0,0.6000000238418579,0,0,1,0,0,8,0,1,0,8,99,1,-3.75,0.0,24.746183395385742,28.40812110900879,1.5,0,33,0.0,0.0,0.0,0,0,0
1780683332.8546681,0,0.3499999940395355,1,0,465,900,423158243,25,77,0.0,0.0,28.724308013916016,28.561870574951172,1,0,0.6000000238418579,0,0,1,0,0,8,0,1,0,8,99,1,-3.75,0.0,24.67118263244629,28.40812110900879,1.5,0,33,0.0,0.0,0.0,0,0,0
1780683332.8747969,0,0.3499999940395355,1,0,465,900,423158243,25,77,0.0,0.0,29.024307250976562,28.561870574951172,1,0,0.6000000238418579,0,0,1,0,0,8,0,1,0,8,99,1,-3.75,0.0,24.59618377685547,28.408123016357422,1.5,0,33,0.0,0.0,0.0,0,0,0
1780683332.8949504,0,0.3499999940395355,1,0,465,900,423158243,25,77,0.0,0.0,29.32430648803711,28.561870574951172,1,0,0.6000000238418579,0,0,1,0,0,8,0,1,0,8,99,1,-3.75,0.0,24.521183013916016,28.40812110900879,1.5,0,33,0.0,0.0,0.0,0,0,0
1780683332.914562,0,0.3499999940395355,1,0,465,900,423158243,25,77,0.0,0.0,29.32430648803711,28.561870574951172,1,0,0.6000000238418579,0,0,1,0,0,8,0,1,0,8,99,1,-3.75,0.0,24.446182250976562,28.40812110900879,1.5,0,33,0.0,0.0,0.0,0,0,0
1780683332.9344335,0,0.3499999940395355,1,0,465,900,423158243,25,77,0.0,0.0,29.32430648803711,28.561870574951172,1,0,0.6000000238418579,0,0,1,0,0,8,0,1,0,8,99,1,0.0,0.0,24.42999267578125,28.40812110900879,1.5,0,33,0.0,0.0,0.0,0,0,0
1780683332.9545805,0,0.3499999940395355,1,0,465,900,423158243,25,77,0.0,0.0,29.32430648803711,28.561870574951172,1,0,0.6000000238418579,0,0,1,0,0,8,0,1,0,8,99,1,0.0,0.0,24.42999267578125,28.40812110900879,1.5,0,33,0.0,0.0,0.0,0,0,0
1780683332.9750404,0,0.3499999940395355,1,0,465,900,423158243,25,77,0.0,0.0,29.32430648803711,28.561870574951172,1,0,0.6000000238418579,0,0,1,0,0,8,0,1,0,8,99,1,0.0,0.0,24.42999267578125,28.40812110900879,1.5,0,33,0.0,0.0,0.0,0,0,0
1780683332.995179,0,0.3499999940395355,1,0,465,900,423158243,25,77,0.0,0.0,29.32430648803711,28.561870574951172,1,0,0.6000000238418579,0,0,1,0,0,8,0,1,0,8,99,1,0.0,0.0,24.42999267578125,28.40812110900879,1.5,0,33,1.0,-1.0,0.0,0,0,0
1780683333.014967,0,0.3499999940395355,1,0,465,900,423158243,25,77,0.0,0.0,29.32430648803711,28.561870574951172,1,0,0.6000000238418579,0,0,1,0,0,8,0,1,0,8,99,1,0.0,0.0,24.42999267578125,28.40812110900879,1.5,0,33,1.0,-1.0,0.0,0,0,0
1780683333.0349312,0,0.3499999940395355,1,0,465,900,423158243,25,77,0.0,0.0,29.32430648803711,28.561870574951172,1,0,0.6000000238418579,0,0,1,0,0,8,0,1,0,8,99,1,8.300000190734863,0.0,24.560230255126953,28.40812110900879,1.5,0,33,1.0,-1.0,0.0,0,0,0
1780683333.0553503,0,0.3499999940395355,0,0,465,900,423158243,25,77,0.0,0.0,29.32430648803711,28.561870574951172,1,0,0.6000000238418579,0,0,1,0,0,8,0,0,0,8,99,1,8.300000190734863,0.0,24.726224899291992,28.40812110900879,1.5,0,33,1.0,-1.0,0.0,0,0,0
1780683333.0749145,0,0.3499999940395355,0,0,465,900,423158243,25,77,0.0,0.0,29.32430648803711,28.561870574951172,1,0,0.6000000238418579,0,0,1,0,0,8,0,0,0,8,99,1,8.300000190734863,0.0,24.892230987548828,28.40812110900879,1.5,0,33,1.0,-1.0,0.0,0,0,0
1780683333.094592,0,0.3499999940395355,0,0,465,900,423158243,25,77,0.0,0.0,29.32430648803711,28.561870574951172,1,0,0.6000000238418579,0,0,1,0,0,8,0,0,0,8,99,1,8.300000190734863,0.0,25.0582275390625,28.40812110900879,1.5,0,33,1.0,-1.0,0.0,0,0,0
1780683333.115028,0,0.3499999940395355,0,0,465,900,423158243,25,77,0.0,0.0,29.32430648803711,28.561870574951172,1,0,0.6000000238418579,0,0,1,0,0,8,0,0,0,8,99,1,8.300000190734863,0.0,25.224227905273438,28.40812110900879,1.5,0,33,1.0,-1.0,0.0,0,0,0
1780683333.1351285,0,0.3499999940395355,0,0,465,900,423158243,25,77,0.0,0.0,29.32430648803711,28.561870574951172,1,0,0.6000000238418579,0,0,1,0,0,8,0,0,0,8,99,1,8.300000190734863,0.0,25.390228271484375,28.40812110900879,1.5,0,33,1.0,-1.0,0.0,0,0,0
1780683333.1555061,0,0.3499999940395355,0,0,465,900,423158243,25,77,0.0,0.0,29.32430648803711,28.561870574951172,1,0,0.6000000238418579,0,0,1,0,0,8,0,0,0,8,99,1,8.300000190734863,0.0,25.556224822998047,28.40812110900879,1.5,0,33,1.0,-1.0,0.0,0,0,1
1780683333.175148,0,0.3499999940395355,1,0,465,900,423158243,25,77,0.0,0.0,29.32430648803711,28.561870574951172,0,0,0.6000000238418579,0,0,1,0,0,8,0,1,0,8,99,1,8.300000190734863,0.0,25.722143173217773,28.40812110900879,1.5,0,33,1.0,-1.0,0.0,0,0,1
1780683333.1945815,0,0.3499999940395355,1,0,465,900,423158243,25,77,0.0,0.0,29.32430648803711,28.561870574951172,0,0,0.6000000238418579,0,0,1,0,0,8,0,1,0,8,99,1,8.300000190734863,0.0,25.888141632080078,28.408119201660156,1.5,0,33,1.0,-1.0,0.0,0,0,1
1780683333.2148678,0,0.3499999940395355,1,0,444,900,423158243,25,77,0.0,0.0,29.32430648803711,28.561870574951172,0,0,0.6000000238418579,0,0,1,0,0,8,0,1,0,8,99,1,-3.75,0.0,26.054222106933594,28.40812110900879,1.5,0,44,1.0,0.0,0.0,0,0,1
1780683333.23545,0,0.3499999940395355,1,0,444,900,423158243,25,77,0.0,0.0,29.624305725097656,28.561870574951172,0,0,0.6000000238418579,0,0,1,0,0,8,0,1,0,8,99,1,-3.75,0.0,26.031158447265625,28.40812110900879,1.5,0,44,0.0,0.0,0.0,0,0,1
1780683333.254996,0,0.3499999940395355,1,0,444,900,423158243,25,77,0.0,0.0,29.924304962158203,28.561870574951172,0,0,0.6000000238418579,0,0,1,0,0,8,0,1,0,8,99,1,-3.75,0.0,25.956161499023438,28.40812110900879,1.5,0,44,0.0,0.0,0.0,0,0,0
1780683333.2751248,0,0.3499999940395355,1,0,444,900,423158243,25,77,0.0,0.0,30.22430419921875,28.561870574951172,1,0,0.6000000238418579,0,0,1,0,0,8,0,1,0,8,99,1,-3.75,0.0,25.881160736083984,28.40812110900879,1.5,0,44,0.0,0.0,0.0,0,0,0
1780683333.2948606,0,0.3499999940395355,1,0,444,900,423158243,25,77,0.0,0.0,30.524303436279297,28.561870574951172,1,0,0.6000000238418579,0,0,1,0,0,8,0,1,0,8,99,1,-3.75,0.0,25.806198120117188,28.408123016357422,1.5,0,44,0.0,0.0,0.0,0,0,0
1780683333.3147817,0,0.3499999940395355,1,0,444,900,423158243,25,77,0.0,0.0,30.824302673339844,28.561870574951172,1,0,0.6000000238418579,0,0,1,0,0,8,0,1,0,8,99,1,-3.75,0.0,25.731199264526367,28.40812110900879,1.5,0,44,0.0,0.0,0.0,0,0,0
1780683333.334774,0,0.3499999940395355,1,0,444,900,423158243,25,77,0.0,0.0,31.12430191040039,28.561870574951172,1,0,0.6000000238418579,0,0,1,0,0,8,0,1,0,8,99,1,-3.75,0.0,25.65616226196289,28.40812110900879,1.5,0,44,0.0,0.0,0.0,0,0,0
1780683333.354979,0,0.3499999940395355,1,0,444,900,423158243,25,77,0.0,0.0,31.424301147460938,28.561870574951172,1,0,0.6000000238418579,0,0,1,0,0,8,0,1,0,8,99,1,-3.75,0.0,25.581161499023438,28.40812110900879,1.5,0,44,0.0,0.0,0.0,0,0,0
1780683333.374961,0,0.3499999940395355,1,0,444,900,423158243,25,77,0.0,0.0,31.724300384521484,28.561870574951172,1,0,0.6000000238418579,0,0,1,0,0,8,0,1,0,8,99,1,-3.75,0.0,25.50619888305664,28.40812110900879,1.5,0,44,0.0,0.0,0.0,0,0,0
1780683333.394684,0,0.3499999940395355,1,0,444,900,423158243,25,77,0.0,0.0,31.724300384521484,28.561870574951172,1,0,0.6000000238418579,0,0,1,0,0,8,0,1,0,8,99,1,-3.75,0.0,25.431198120117188,28.40812110900879,1.5,0,44,0.0,0.0,0.0,0,0,0
1780683333.4145439,0,0.3499999940395355,1,0,444,900,423158243,25,77,0.0,0.0,31.724300384521484,28.561870574951172,1,0,0.6000000238418579,0,0,1,0,0,8,0,1,0,8,99,1,0.0,0.0,25.414989471435547,28.40812110900879,1.5,0,44,0.0,0.0,0.0,0,0,0
1780683333.4345748,0,0.3499999940395355,1,0,444,900,423158243,25,77,0.0,0.0,31.724300384521484,28.561870574951172,1,0,0.6000000238418579,0,0,1,0,0,8,0,1,0,8,99,1,0.0,0.0,25.414989471435547,28.40812110900879,1.5,0,44,0.0,0.0,0.0,0,0,0
1780683333.4549518,0,0.3499999940395355,1,0,444,900,423158243,25,77,0.0,0.0,31.724300384521484,28.561870574951172,1,0,0.6000000238418579,0,0,1,0,0,8,0,1,0,8,99,1,0.0,0.0,25.414989471435547,28.408119201660156,1.5,0,44,0.0,0.0,0.0,0,0,0
1780683333.4747293,0,0.3499999940395355,1,0,444,900,423158243,25,77,0.0,0.0,31.724300384521484,28.561870574951172,1,0,0.6000000238418579,0,0,1,0,0,8,0,1,0,8,99,1,0.0,0.0,25.414989471435547,28.40812110900879,1.5,0,44,0.0,0.0,0.0,0,0,0
1780683333.4945579,0,0.3499999940395355,1,0,444,900,423158243,25,77,0.0,0.0,31.724300384521484,28.561870574951172,1,0,0.6000000238418579,0,0,1,0,0,8,0,1,0,8,99,1,0.0,0.0,25.414989471435547,28.40812110900879,1.5,0,44,0.0,0.0,0.0,0,0,0
1780683333.5143595,0,0.3499999940395355,1,0,444,900,423158243,25,77,0.0,0.0,31.724300384521484,28.561870574951172,1,0,0.6000000238418579,0,0,1,0,0,8,0,1,0,8,99,1,0.0,0.0,25.414989471435547,28.40812110900879,1.5,0,44,0.0,0.0,0.0,0,0,0
1780683333.5349631,0,0.3499999940395355,0,0,444,900,423158243,26,77,0.0,0.0,31.724300384521484,28.561870574951172,1,0,0.6000000238418579,0,0,1,0,0,8,0,0,0,8,99,1,0.0,0.0,25.414989471435547,28.40812110900879,1.5,0,44,0.0,0.0,0.0,0,0,0
1780683333.554881,0,0.3499999940395355,0,0,444,900,423158243,26,77,0.0,0.0,31.724300384521484,28.561870574951172,1,0,0.6000000238418579,0,0,1,0,0,8,0,0,0,8,99,1,0.0,0.0,25.414989471435547,28.40812110900879,1.5,0,44,0.0,0.0,0.0,0,0,0
1780683333.5746667,0,0.3499999940395355,0,0,444,900,423158243,26,77,0.0,0.0,31.724300384521484,28.561870574951172,1,0,0.6000000238418579,0,0,1,0,0,8,0,0,0,8,99,1,0.0,0.0,25.414989471435547,28.40812110900879,1.5,0,44,0.0,0.0,0.0,0,0,0
1780683333.5946794,0,0.3499999940395355,0,0,444,900,423158243,26,77,0.0,0.0,31.724300384521484,28.561870574951172,1,0,0.6000000238418579,0,0,1,0,0,8,0,0,0,8,99,1,0.0,0.0,25.414989471435547,28.408119201660156,1.5,0,44,0.0,0.0,0.0,0,0,0
1780683333.6146111,0,0.3499999940395355,0,0,444,900,423158243,26,77,0.0,0.0,31.724300384521484,28.561870574951172,1,0,0.6000000238418579,0,0,1,0,0,8,0,0,0,8,99,1,0.0,0.0,25.414989471435547,28.40812110900879,1.5,0,44,0.0,0.0,0.0,0,0,0
1780683333.6346543,0,0.3499999940395355,0,0,444,900,423158243,26,77,0.0,0.0,31.724300384521484,28.561870574951172,1,0,0.6000000238418579,0,0,1,0,0,8,0,0,0,8,99,1,0.0,0.0,25.414989471435547,28.40812110900879,1.5,0,44,0.0,0.0,0.0,0,0,0
1780683333.6548586,0,0.3499999940395355,0,0,444,900,423158243,26,77,0.0,0.0,31.724300384521484,28.561870574951172,1,0,0.6000000238418579,0,0,1,0,0,8,0,0,0,8,99,1,0.0,0.0,25.414989471435547,28.408119201660156,1.5,0,44,0.0,0.0,0.0,0,0,0
1780683333.6751232,0,0.3499999940395355,0,0,444,900,423158243,26,77,0.0,0.0,31.724300384521484,28.561870574951172,1,0,0.6000000238418579,0,0,1,0,0,8,0,0,0,8,99,1,0.0,0.0,25.414989471435547,28.40812110900879,1.5,0,44,0.0,0.0,0.0,0,0,0
1780683333.6946857,0,0.3499999940395355,0,0,444,900,423158243,26,77,0.0,0.0,31.724300384521484,28.561870574951172,1,0,0.6000000238418579,0,0,1,0,0,8,0,0,0,8,99,1,0.0,0.0,25.414989471435547,28.40812110900879,1.5,0,44,0.0,0.0,0.0,0,0,0
1780683333.714431,0,0.3499999940395355,0,0,444,900,423158243,26,77,0.0,0.0,31.724300384521484,28.561870574951172,1,0,0.6000000238418579,0,0,1,0,0,8,0,0,0,8,99,1,0.0,0.0,25.414989471435547,28.40812110900879,1.5,0,44,0.0,0.0,0.0,0,0,0
1780683333.7349656,0,0.3499999940395355,0,0,444,900,423158243,26,77,0.0,0.0,31.724300384521484,28.561870574951172,1,0,0.6000000238418579,0,0,1,0,0,8,0,0,0,8,99,1,0.0,0.0,25.414989471435547,28.40812110900879,1.5,0,44,0.0,0.0,0.0,0,0,0
1780683333.7548468,0,0.3499999940395355,0,0,444,900,423158243,26,77,0.0,0.0,31.724300384521484,28.561870574951172,1,0,0.6000000238418579,0,0,1,0,0,8,0,0,0,8,99,1,0.0,0.0,25.414989471435547,28.40812110900879,1.5,0,44,0.0,0.0,0.0,0,0,0
1780683333.7747962,0,0.3499999940395355,0,0,444,900,423158243,26,77,0.0,0.0,31.724300384521484,28.561870574951172,1,0,0.6000000238418579,0,0,1,0,0,8,0,0,0,8,99,1,0.0,0.0,25.414989471435547,28.408123016357422,1.5,0,44,0.0,0.0,0.0,0,0,0
1780683333.7946222,0,0.3499999940395355,0,0,444,900,423158243,26,77,0.0,0.0,31.724300384521484,28.561870574951172,1,0,0.6000000238418579,0,0,1,0,0,8,0,0,0,8,99,1,0.0,0.0,25.414989471435547,28.40812110900879,1.5,0,44,0.0,0.0,0.0,0,0,0
1780683333.8145492,0,0.3499999940395355,0,0,444,900,423158243,26,77,0.0,0.0,31.724300384521484,28.561870574951172,1,0,0.6000000238418579,0,0,1,0,0,8,0,0,0,8,99,1,0.0,0.0,25.414989471435547,28.40812110900879,1.5,0,44,0.0,0.0,0.0,0,0,0
1780683333.8349154,0,0.3499999940395355,0,0,444,900,423158243,26,77,0.0,0.0,31.724300384521484,28.561870574951172,1,0,0.6000000238418579,0,0,1,0,0,8,0,0,0,8,99,1,0.0,0.0,25.414989471435547,28.408119201660156,1.5,0,44,0.0,0.0,0.0,0,0,0
1780683333.8550296,0,0.3499999940395355,0,0,444,900,423158243,26,77,0.0,0.0,31.724300384521484,28.561870574951172,1,0,0.6000000238418579,0,0,1,0,0,8,0,0,0,8,99,1,0.0,0.0,25.414989471435547,28.40812110900879,1.5,0,44,0.0,0.0,0.0,0,1,0
1780683333.8752599,0,0.3499999940395355,0,0,444,900,423158243,26,77,0.0,0.0,31.724300384521484,28.561870574951172,1,0,0.6000000238418579,0,0,1,0,0,8,0,0,0,8,99,1,0.0,0.0,25.414989471435547,28.408123016357422,1.5,0,44,0.0,0.0,0.0,0,1,0
1780683333.895334,0,0.3499999940395355,0,0,444,900,423158243,26,77,0.0,0.0,31.724300384521484,28.561870574951172,1,0,0.6000000238418579,0,0,1,0,0,8,0,0,0,8,99,1,0.0,0.0,25.414989471435547,28.40812110900879,1.5,0,44,0.0,0.0,0.0,0,1,0
1780683333.9149895,0,0.3499999940395355,0,0,444,900,423158243,26,77,0.0,0.0,31.724300384521484,28.561870574951172,1,0,0.6000000238418579,0,0,1,0,0,8,0,0,0,8,99,1,0.0,0.0,25.414989471435547,28.40812110900879,1.5,0,44,0.0,0.0,0.0,0,1,0
1780683333.9347978,0,0.3499999940395355,0,0,444,900,423158243,26,77,0.0,0.0,31.724300384521484,28.561870574951172,1,0,0.6000000238418579,0,0,1,0,0,8,0,0,0,8,99,1,0.0,0.0,25.414989471435547,28.40812110900879,1.5,0,44,0.0,0.0,0.0,0,1,0
1780683333.955166,0,0.3499999940395355,0,0,444,900,423158243,26,77,0.0,0.0,31.724300384521484,28.561870574951172,1,0,0.6000000238418579,0,0,1,0,0,8,0,0,0,8,99,1,0.0,0.0,25.414989471435547,28.40812110900879,1.5,0,44,0.0,0.0,0.0,0,1,0
1780683333.97488,0,0.3499999940395355,0,0,444,900,423158243,26,77,0.0,0.0,31.724300384521484,28.561870574951172,1,0,0.6000000238418579,0,0,1,0,0,8,0,0,0,8,99,1,0.0,0.0,25.414989471435547,28.40812110900879,1.5,0,44,0.0,0.0,0.0,0,1,0
1780683333.9947948,0,0.3499999940395355,0,0,444,900,423158243,26,77,0.0,0.0,31.724300384521484,28.561870574951172,1,0,0.6000000238418579,0,0,1,0,0,8,0,0,0,8,99,1,0.0,0.0,25.414989471435547,28.40812110900879,1.5,0,44,0.0,0.0,0.0,0,0,0
1780683334.0149417,0,0.3499999940395355,0,0,444,900,423158243,26,77,0.0,0.0,31.724300384521484,28.561870574951172,0,0,0.6000000238418579,0,0,1,0,0,8,0,0,0,8,99,1,0.0,0.0,25.414989471435547,28.408119201660156,1.5,0,44,0.0,0.0,0.0,0,0,0
1780683334.035049,0,0.3499999940395355,0,0,444,900,423158243,26,77,0.0,0.0,31.724300384521484,28.561870574951172,0,0,0.6000000238418579,0,0,1,0,0,8,0,0,0,8,99,1,0.0,0.0,25.414989471435547,28.40812110900879,1.5,0,44,0.0,0.0,0.0,0,0,0
1780683334.0550108,0,0.3499999940395355,0,0,444,900,423158243,26,77,0.0,0.0,31.724300384521484,28.561870574951172,0,0,0.6000000238418579,0,0,1,0,0,8,0,0,0,8,99,1,0.0,0.0,25.414989471435547,28.40812110900879,1.5,0,44,0.0,0.0,0.0,0,0,0
1780683334.074691,0,0.3499999940395355,0,0,444,900,423158243,26,77,0.0,0.0,31.724300384521484,28.561870574951172,0,0,0.6000000238418579,0,0,1,0,0,8,0,0,0,8,99,1,0.0,0.0,25.414989471435547,28.40812110900879,1.5,0,44,0.0,0.0,0.0,0,0,0
1780683334.095114,0,0.3499999940395355,0,0,444,900,423158243,26,77,0.0,0.0,31.724300384521484,28.561870574951172,0,0,0.6000000238418579,0,0,1,0,0,8,0,0,0,8,99,1,0.0,0.0,25.414989471435547,28.40812110900879,1.5,0,44,0.0,0.0,0.0,0,0,0
1780683334.1145277,0,0.3499999940395355,0,0,444,900,423158243,26,77,0.0,0.0,31.724300384521484,28.561870574951172,0,0,0.6000000238418579,0,0,1,0,0,8,0,0,0,8,99,1,-2.0,0.0,25.414989471435547,28.40812110900879,1.5,0,11,0.0,0.0,0.0,0,0,0
1780683334.134776,0,0.3499999940395355,0,0,444,900,423158243,26,77,0.0,0.0,31.724300384521484,28.561870574951172,0,0,0.6000000238418579,0,0,1,0,0,8,0,0,0,8,99,1,-2.0,0.0,25.383615493774414,28.408123016357422,1.5,0,11,0.0,0.0,0.0,0,0,0
1780683334.1546433,0,0.3499999940395355,0,0,414,900,423158243,26,77,0.0,0.0,31.724300384521484,28.561870574951172,0,0,0.6000000238418579,0,0,1,0,0,8,0,0,0,8,99,1,-2.0,0.0,25.343616485595703,28.40812110900879,1.5,0,11,0.0,0.0,0.0,0,0,0
1780683334.175117,0,0.3499999940395355,0,0,414,900,423158243,26,77,0.0,0.0,32.17430114746094,28.561870574951172,0,0,0.6000000238418579,0,0,1,0,0,8,0,0,0,8,99,1,-2.0,0.0,25.303634643554688,28.40812110900879,1.5,0,11,0.0,0.0,0.0,0,0,0
1780683334.1945198,0,0.3499999940395355,0,0,414,900,423158243,26,77,0.0,0.0,32.62430191040039,28.561870574951172,0,0,0.6000000238418579,0,0,1,0,0,8,0,0,0,8,99,1,-2.0,0.0,25.263633728027344,28.40812110900879,1.5,0,11,0.0,0.0,0.0,0,0,0
1780683334.2146409,0,0.3499999940395355,0,0,414,900,423158243,26,77,0.0,0.0,33.074302673339844,28.561870574951172,0,0,0.6000000238418579,0,0,1,0,0,8,0,0,0,8,99,1,-2.0,0.0,25.223613739013672,28.408119201660156,1.5,0,11,0.0,0.0,0.0,0,0,0
1780683334.2348855,0,0.3499999940395355,0,0,414,900,423158243,26,77,0.0,0.0,33.5243034362793,28.561870574951172,0,0,0.6000000238418579,0,0,1,0,0,8,0,0,0,8,99,1,-2.0,0.0,25.183612823486328,28.40812110900879,1.5,0,11,0.0,0.0,0.0,0,0,0
1780683334.2547598,0,0.3499999940395355,0,0,414,900,423158243,26,77,0.0,0.0,33.97430419921875,28.561870574951172,0,0,0.6000000238418579,0,0,1,0,0,8,0,0,0,8,99,1,-2.0,0.0,25.143611907958984,28.40812110900879,1.5,0,11,0.0,0.0,0.0,0,0,0
1780683334.2747188,0,0.3499999940395355,0,0,414,900,423158243,26,77,0.0,0.0,34.4243049621582,28.561870574951172,0,0,0.6000000238418579,0,0,1,0,0,8,0,0,0,8,99,1,-2.0,0.0,25.10361099243164,28.40812110900879,1.5,0,11,0.0,0.0,0.0,0,0,0
1780683334.2945733,0,0.3499999940395355,0,0,414,900,423158243,26,77,0.0,0.0,34.874305725097656,28.561870574951172,0,0,0.6000000238418579,0,0,1,0,0,8,0,0,0,8,99,1,-2.0,0.0,25.063629150390625,28.40812110900879,1.5,0,11,0.0,0.0,0.0,0,0,0
1780683334.3145578,0,0.3499999940395355,0,0,414,900,423158243,26,77,0.0,0.0,35.32430648803711,28.561870574951172,0,0,0.6000000238418579,0,0,1,0,0,8,0,0,0,8,99,1,-2.0,0.0,25.023632049560547,28.40812110900879,1.5,0,11,0.0,0.0,0.0,0,0,0
1780683334.3346305,0,0.3499999940395355,0,0,414,900,423158243,26,77,0.0,0.0,35.32430648803711,28.561870574951172,0,0,0.6000000238418579,0,0,1,0,0,8,0,0,0,8,99,1,-2.0,0.0,24.98360824584961,28.40812110900879,1.5,0,11,0.0,0.0,0.0,0,0,0
1780683334.3548317,0,0.3499999940395355,0,0,414,900,423158243,26,77,0.0,0.0,35.32430648803711,28.561870574951172,0,0,0.6000000238418579,0,0,1,0,0,8,0,0,0,8,99,1,-2.0,0.0,24.9436092376709,28.408123016357422,1.5,0,11,0.0,0.0,0.0,0,0,0
1780683334.3751297,0,0.3499999940395355,0,0,414,900,423158243,26,77,0.0,0.0,35.32430648803711,28.561870574951172,0,0,0.6000000238418579,0,0,1,0,0,8,0,0,0,8,99,1,-2.0,0.0,24.903629302978516,28.40812110900879,1.5,0,11,0.0,0.0,0.0,0,0,0
1780683334.394651,0,0.3499999940395355,0,0,414,900,423158243,26,77,0.0,0.0,35.32430648803711,28.561870574951172,0,0,0.6000000238418579,0,0,1,0,0,8,0,0,0,8,99,1,-2.0,0.0,24.86362648010254,28.408123016357422,1.5,0,11,0.0,0.0,0.0,0,0,0
1780683334.414527,0,0.3499999940395355,0,0,414,900,423158243,26,77,0.0,0.0,35.32430648803711,28.561870574951172,1,0,0.6000000238418579,0,0,1,0,0,8,0,0,0,8,99,1,-2.0,0.0,24.823627471923828,28.40812110900879,1.5,0,11,0.0,0.0,0.0,0,0,0
1780683334.4344506,0,0.3499999940395355,0,0,414,900,423158243,26,77,0.0,0.0,35.32430648803711,28.561870574951172,1,0,0.6000000238418579,0,0,1,0,0,8,0,0,0,8,99,1,0.0,0.0,24.81497573852539,28.408123016357422,1.5,0,11,0.0,0.0,0.0,0,0,0
1780683334.4549837,0,0.3499999940395355,0,0,414,900,423158243,26,77,0.0,0.0,35.32430648803711,28.561870574951172,1,0,0.6000000238418579,0,0,1,0,0,8,0,0,0,8,99,1,0.0,0.0,24.81497573852539,28.40812110900879,1.5,0,11,0.0,0.0,0.0,0,0,0
1780683334.4751124,0,0.3499999940395355,0,0,414,900,423158243,26,77,0.0,0.0,35.32430648803711,28.561870574951172,1,0,0.6000000238418579,0,0,1,0,0,8,0,0,0,8,99,1,0.0,0.0,24.81497573852539,28.40812110900879,1.5,0,11,0.0,0.0,0.0,0,0,0
1780683334.494642,0,0.3499999940395355,0,0,414,900,423158243,26,77,0.0,0.0,35.32430648803711,28.561870574951172,1,0,0.6000000238418579,0,0,1,0,0,8,0,0,0,8,99,1,0.0,0.0,24.81497573852539,28.40812110900879,1.5,0,11,1.0,-1.0,0.0,0,0,0
1780683334.5150793,0,0.3499999940395355,0,0,414,900,423158243,26,77,0.0,0.0,35.32430648803711,28.561870574951172,1,0,0.6000000238418579,0,0,1,0,0,8,0,0,0,8,99,1,0.0,0.0,24.81497573852539,28.40812110900879,1.5,0,11,1.0,-1.0,0.0,0,0,0
1780683334.5349324,0,0.3499999940395355,0,0,414,900,423158243,27,77,0.0,0.0,35.32430648803711,28.561870574951172,1,0,0.6000000238418579,0,0,1,0,0,8,0,0,0,8,99,1,8.300000190734863,0.0,24.945148468017578,28.40812110900879,1.5,0,11,1.0,-1.0,0.0,0,0,0
1780683334.5551286,0,0.3499999940395355,0,0,414,900,423158243,27,77,0.0,0.0,35.32430648803711,28.561870574951172,1,0,0.6000000238418579,0,0,1,0,0,8,0,0,0,8,99,1,8.300000190734863,0.0,25.111143112182617,28.408123016357422,1.5,0,11,1.0,-1.0,0.0,0,0,0
1780683334.5747297,0,0.3499999940395355,0,0,414,900,423158243,27,77,0.0,0.0,35.32430648803711,28.561870574951172,1,0,0.6000000238418579,0,0,1,0,0,8,0,0,0,8,99,1,8.300000190734863,0.0,25.27714729309082,28.40812110900879,1.5,0,11,1.0,-1.0,0.0,0,0,0
1780683334.5949292,0,0.3499999940395355,0,0,414,900,423158243,27,77,0.0,0.0,35.32430648803711,28.561870574951172,1,0,0.6000000238418579,0,0,1,0,0,8,0,0,0,8,99,1,8.300000190734863,0.0,25.443143844604492,28.40812110900879,1.5,0,11,1.0,-1.0,0.0,0,0,0
1780683334.6148632,0,0.3499999940395355,0,0,414,900,423158243,27,77,0.0,0.0,35.32430648803711,28.561870574951172,1,0,0.6000000238418579,0,0,1,0,0,8,0,0,0,8,99,1,8.300000190734863,0.0,25.60914421081543,28.40812110900879,1.5,0,11,1.0,-1.0,0.0,0,0,0
1780683334.6351588,0,0.3499999940395355,0,0,414,900,423158243,27,77,0.0,0.0,35.32430648803711,28.561870574951172,1,0,0.6000000238418579,0,0,1,0,0,8,0,0,0,8,99,1,8.300000190734863,0.0,25.775142669677734,28.40812110900879,1.5,0,11,1.0,-1.0,0.0,0,0,0
1780683334.6562314,0,0.3499999940395355,0,0,414,900,423158243,27,77,0.0,0.0,35.32430648803711,28.561870574951172,1,0,0.6000000238418579,0,0,1,0,0,8,0,0,0,8,99,1,8.300000190734863,0.0,25.941139221191406,28.40812110900879,1.5,0,11,1.0,-1.0,0.0,0,0,0
1780683334.6756015,0,0.3499999940395355,0,0,414,900,423158243,27,77,0.0,0.0,35.32430648803711,28.561870574951172,1,0,0.6000000238418579,0,0,1,0,0,8,0,0,0,8,99,1,8.300000190734863,0.0,26.107059478759766,28.40812110900879,1.5,0,11,1.0,-1.0,0.0,0,0,0
1780683334.6946652,0,0.3499999940395355,0,0,414,900,423158243,69,77,0.0,0.0,35.32430648803711,28.561870574951172,1,0,0.6000000238418579,0,0,1,0,0,8,0,0,0,8,99,1,8.300000190734863,0.0,26.273056030273438,28.408119201660156,1.5,0,11,1.0,-1.0,0.0,0,0,0
1780683334.7154794,0,0.3499999940395355,0,0,414,900,423158243,69,77,0.0,0.0,35.32430648803711,28.561870574951172,1,0,0.6000000238418579,0,0,1,0,0,8,0,0,0,8,99,1,8.300000190734863,0.0,26.439056396484375,28.40812110900879,1.5,0,11,1.0,-1.0,0.0,0,0,0
1780683334.7350094,0,0.3499999940395355,0,0,414,900,423158243,69,77,0.0,0.0,35.32430648803711,28.561870574951172,1,0,0.6000000238418579,0,0,1,0,0,8,0,0,0,8,99,1,8.300000190734863,0.0,26.60505485534668,28.408123016357422,1.5,0,11,1.0,-1.0,0.0,0,0,0
1780683334.7550597,0,0.3499999940395355,0,0,414,900,423158243,69,77,0.0,0.0,35.32430648803711,28.561870574951172,1,0,0.6000000238418579,0,0,1,0,0,8,0,0,0,8,99,1,8.300000190734863,0.0,26.771055221557617,28.40812110900879,1.5,0,11,1.0,-1.0,0.0,0,0,0
1780683334.7752717,0,0.3499999940395355,0,0,414,900,423158243,69,77,0.0,0.0,35.32430648803711,28.561870574951172,1,0,0.6000000238418579,0,0,1,0,0,8,0,0,0,8,99,1,8.300000190734863,0.0,26.937137603759766,28.40812110900879,1.5,0,11,1.0,-1.0,0.0,0,0,0
1780683334.7951336,0,0.3499999940395355,0,0,414,900,423158243,69,77,0.0,0.0,35.32430648803711,28.561870574951172,1,0,0.6000000238418579,0,0,1,0,0,8,0,0,0,8,99,1,8.300000190734863,0.0,27.103134155273438,28.40812110900879,1.5,0,11,1.0,-1.0,0.0,0,0,0
1780683334.8152442,0,0.3499999940395355,0,0,414,900,423158243,69,77,0.0,0.0,35.32430648803711,28.561870574951172,1,0,0.6000000238418579,0,0,1,0,0,8,0,0,0,8,99,1,8.300000190734863,0.0,27.269134521484375,28.40812110900879,1.5,0,11,1.0,-1.0,0.0,0,0,0
1780683334.8351831,0,0.3499999940395355,0,0,414,900,423158243,69,77,0.0,0.0,35.32430648803711,28.561870574951172,1,0,0.6000000238418579,0,0,1,0,0,8,0,0,0,8,99,1,8.300000190734863,0.0,27.435134887695312,28.40812110900879,1.5,0,11,1.0,-1.0,0.0,0,0,0
1780683334.8550668,0,0.3499999940395355,0,0,414,900,423158243,69,77,0.0,0.0,35.32430648803711,28.561870574951172,1,0,0.6000000238418579,0,0,1,0,0,8,0,0,0,8,99,1,8.300000190734863,0.0,27.601131439208984,28.40812110900879,1.5,0,11,1.0,-1.0,0.0,0,0,0
1780683334.8752415,0,0.3499999940395355,0,0,414,900,423158243,69,77,0.0,0.0,35.32430648803711,28.561870574951172,1,0,0.6000000238418579,0,0,1,0,0,8,0,0,0,8,99,1,8.300000190734863,0.0,27.76704978942871,28.40812110900879,1.5,0,11,1.0,-1.0,0.0,0,0,0
1780683334.8947363,0,0.3499999940395355,0,0,414,900,423158243,69,77,0.0,0.0,35.32430648803711,28.561870574951172,1,0,0.6000000238418579,0,0,1,0,0,8,0,0,0,8,99,1,8.300000190734863,0.0,27.933048248291016,28.408123016357422,1.5,0,11,1.0,-1.0,0.0,0,0,0
1780683334.9146733,0,0.3499999940395355,0,0,414,900,423158243,69,77,0.0,0.0,35.32430648803711,28.561870574951172,1,0,0.6000000238418579,0,0,1,0,0,8,0,0,0,8,99,1,8.300000190734863,0.0,28.09904670715332,28.40812110900879,1.5,0,11,1.0,-1.0,0.0,0,0,0
1780683334.9350786,0,0.3499999940395355,0,0,414,900,423158243,69,77,0.0,0.0,35.32430648803711,28.561870574951172,1,0,0.6000000238418579,0,0,1,0,0,8,0,0,0,8,99,1,8.300000190734863,0.0,28.2651309967041,28.408119201660156,1.5,0,11,1.0,-1.0,0.0,0,0,0
1780683334.9549782,0,0.3499999940395355,0,0,414,900,423158243,45,77,8.0,0.0,35.32430648803711,28.561870574951172,1,0,0.6000000238418579,0,0,1,0,0,8,0,0,0,8,99,1,8.300000190734863,0.0,28.431049346923828,28.40812110900879,1.5,0,11,1.0,-1.0,0.0,0,0,0
1780683334.974872,0,0.3499999940395355,0,0,414,900,423158243,45,77,8.0,0.0,35.48430633544922,28.561870574951172,1,0,0.6000000238418579,0,0,1,0,0,8,0,0,0,8,99,1,8.300000190734863,0.0,28.597047805786133,28.40812110900879,1.5,0,11,1.0,-1.0,0.0,0,0,0
1780683334.994558,0,0.3499999940395355,0,0,414,900,423158243,45,77,8.0,0.0,35.64430618286133,28.561870574951172,1,0,0.6000000238418579,0,0,1,0,0,8,0,0,0,8,99,1,8.300000190734863,0.0,28.763046264648438,28.40812110900879,1.5,0,11,1.0,-1.0,0.0,0,0,0
1780683335.0148597,0,0.3499999940395355,0,0,414,900,423158243,45,77,8.0,0.0,35.80430603027344,28.561870574951172,1,0,0.6000000238418579,0,0,1,0,0,8,0,0,0,8,99,1,8.300000190734863,0.0,28.92904281616211,28.40812110900879,1.5,0,11,1.0,-1.0,0.0,0,0,0
1780683335.0348926,0,0.3499999940395355,0,0,414,900,423158243,45,77,8.0,0.0,35.96430587768555,28.561870574951172,1,0,0.6000000238418579,0,0,1,0,0,8,0,0,0,8,99,1,8.300000190734863,0.0,29.095125198364258,28.40812110900879,1.5,0,11,1.0,-1.0,0.0,0,0,0
1780683335.0550418,0,0.3499999940395355,0,0,414,900,423158243,45,77,8.0,0.0,36.124305725097656,28.561870574951172,1,0,0.6000000238418579,0,0,1,0,0,8,0,0,0,8,99,1,8.300000190734863,0.0,29.26112174987793,28.40812110900879,1.5,0,11,1.0,-1.0,0.0,0,0,0
1780683335.0752714,0,0.3499999940395355,0,0,414,900,423158243,45,77,8.0,0.0,36.284305572509766,28.561870574951172,1,0,0.6000000238418579,0,0,1,0,0,8,0,0,0,8,99,1,8.300000190734863,0.0,29.4271240234375,28.40812110900879,1.5,0,11,1.0,-1.0,0.0,0,0,0
1780683335.094883,0,0.3499999940395355,0,0,414,900,423158243,45,77,8.0,0.0,36.444305419921875,28.561870574951172,1,0,0.6000000238418579,0,0,1,0,0,8,0,0,0,8,99,1,8.300000190734863,0.0,29.593128204345703,28.408123016357422,1.5,0,11,1.0,-1.0,0.0,0,0,0
1780683335.1147654,0,0.3499999940395355,0,0,414,900,423158243,45,77,8.0,0.0,36.604305267333984,28.561870574951172,1,0,0.6000000238418579,0,0,1,0,0,8,0,0,0,8,99,1,8.300000190734863,0.0,29.75912857055664,28.40812110900879,1.5,0,11,1.0,-1.0,0.0,0,0,0
1780683335.1346152,0,0.3499999940395355,0,0,414,900,423158243,45,77,8.0,0.0,36.764305114746094,28.561870574951172,1,0,0.6000000238418579,0,0,1,0,0,8,0,0,0,8,99,1,8.300000190734863,0.0,29.925127029418945,28.40812110900879,1.5,0,11,1.0,-1.0,0.0,0,0,0
1780683335.1548567,0,0.3499999940395355,0,0,414,900,423158243,45,77,8.0,0.0,36.9243049621582,28.561870574951172,1,0,0.6000000238418579,0,0,1,0,0,8,0,0,0,8,99,1,8.300000190734863,0.0,30.091129302978516,28.40812110900879,1.5,0,11,1.0,-1.0,0.0,0,0,0
1780683335.175069,0,0.3499999940395355,0,0,414,900,423158243,45,77,8.0,0.0,37.08430480957031,28.561870574951172,1,0,0.6000000238418579,0,0,1,0,0,8,0,0,0,8,99,1,8.300000190734863,0.0,30.25704574584961,28.40812110900879,1.5,0,11,1.0,-1.0,0.0,0,0,0
1780683335.1948156,0,0.3499999940395355,0,0,414,900,423158243,45,77,8.0,0.0,37.24430465698242,28.561870574951172,1,0,0.6000000238418579,0,0,1,0,0,8,0,0,0,8,99,1,8.300000190734863,0.0,30.423046112060547,28.40812110900879,1.5,0,11,1.0,-1.0,0.0,0,0,0
1780683335.2147896,0,0.3499999940395355,0,0,414,900,423158243,45,77,8.0,0.0,37.40430450439453,28.561870574951172,1,0,0.6000000238418579,0,0,1,0,0,8,0,0,0,8,99,1,8.300000190734863,0.0,30.589130401611328,28.408119201660156,1.5,0,11,1.0,-1.0,0.0,0,0,0
1780683335.235006,0,0.3499999940395355,0,0,414,900,423158243,45,77,8.0,0.0,37.56430435180664,28.561870574951172,1,0,0.6000000238418579,0,0,1,0,0,8,0,0,0,8,99,1,8.300000190734863,0.0,30.755130767822266,28.40812110900879,1.5,0,11,1.0,-1.0,0.0,0,0,0
1780683335.2551038,0,0.3499999940395355,0,0,414,900,423158243,35,77,0.0,0.0,37.65774154663086,28.561874389648438,1,0,0.6000000238418579,0,0,1,0,0,8,0,0,0,8,99,1,8.300000190734863,0.0,30.921051025390625,28.40812110900879,1.5,0,11,1.0,-1.0,0.0,0,0,0
1780683335.2749426,0,0.3499999940395355,0,0,414,900,423158243,35,77,0.0,0.0,36.812042236328125,28.561874389648438,1,0,0.6000000238418579,0,0,1,0,0,8,0,0,0,8,99,1,8.300000190734863,0.0,31.087142944335938,28.40812110900879,1.5,0,11,1.0,-1.0,0.0,0,0,0
1780683335.2948961,0,0.3499999940395355,0,0,414,900,423158243,35,77,0.0,0.0,36.579833984375,28.561874389648438,1,0,0.6000000238418579,0,0,1,0,0,8,0,0,0,8,99,1,8.300000190734863,0.0,31.253141403198242,28.408119201660156,1.5,0,11,1.0,-1.0,0.0,0,0,0
1780683335.3151245,0,0.3499999940395355,0,0,414,900,423158243,35,77,0.0,0.0,36.51896667480469,28.561874389648438,1,0,0.6000000238418579,0,0,1,0,0,8,0,0,0,8,99,1,8.300000190734863,0.0,31.419143676757812,28.408119201660156,1.5,0,11,1.0,-1.0,0.0,0,0,0
1780683335.3348677,0,0.3499999940395355,0,0,414,900,423158243,35,77,0.0,0.0,36.503013610839844,28.561874389648438,1,0,0.6000000238418579,0,0,1,0,0,8,0,0,0,8,99,1,8.300000190734863,0.0,31.585145950317383,28.40812110900879,1.5,0,11,1.0,-1.0,0.0,0,0,0
1780683335.3550649,0,0.3499999940395355,0,0,414,900,423158243,35,77,0.0,0.0,36.50096893310547,28.561874389648438,1,0,0.6000000238418579,0,0,1,0,0,8,0,0,0,8,99,1,8.300000190734863,0.0,31.751144409179688,28.40812110900879,1.5,0,11,1.0,-1.0,0.0,0,0,0
1780683335.3750536,0,0.3499999940395355,0,0,414,900,423158243,35,77,0.0,0.0,36.499664306640625,28.561874389648438,1,0,0.6000000238418579,0,0,1,0,0,8,0,0,0,8,99,1,8.300000190734863,0.0,31.917062759399414,28.40812110900879,1.5,0,11,1.0,-1.0,0.0,0,0,0
1780683335.3945048,0,0.3499999940395355,0,0,414,900,423158243,35,77,0.0,0.0,36.49883270263672,28.561874389648438,1,0,0.6000000238418579,0,0,1,0,0,8,0,0,0,8,99,1,8.300000190734863,0.0,32.08306121826172,28.408123016357422,1.5,0,11,1.0,-1.0,0.0,0,0,0
1780683335.4148848,0,0.3499999940395355,0,0,414,900,423158243,35,77,0.0,0.0,36.498291015625,28.561874389648438,1,0,0.6000000238418579,0,0,1,0,0,8,0,0,0,8,99,1,8.300000190734863,0.0,32.249061584472656,28.40812110900879,1.5,0,11,1.0,-1.0,0.0,0,0,0
1780683335.4351578,0,0.3499999940395355,0,0,414,900,423158243,35,77,0.0,0.0,36.497947692871094,28.561874389648438,1,0,0.6000000238418579,0,0,1,0,0,8,0,0,0,8,99,1,8.300000190734863,0.0,32.41514587402344,28.40812110900879,1.5,0,11,1.0,-1.0,0.0,0,0,0
1780683335.4548278,0,0.3499999940395355,0,0,414,900,423158243,35,77,0.0,0.0,36.49773406982422,28.561874389648438,1,0,0.6000000238418579,0,0,1,0,0,8,0,0,0,8,99,1,8.300000190734863,0.0,32.58114242553711,28.408119201660156,1.5,0,11,1.0,-1.0,0.0,0,0,0
1780683335.4749622,0,0.3499999940395355,0,0,414,900,423158243,35,77,0.0,0.0,36.497589111328125,28.561874389648438,1,0,0.6000000238418579,0,0,1,0,0,8,0,0,0,8,99,1,8.300000190734863,0.0,32.74713897705078,28.40812110900879,1.5,0,11,1.0,-1.0,0.0,0,0,0
1780683335.4947937,0,0.3499999940395355,0,0,414,900,423158243,35,77,0.0,0.0,36.49749755859375,28.561874389648438,1,0,0.6000000238418579,0,0,1,0,0,8,0,0,0,8,99,1,8.300000190734863,0.0,32.91313934326172,28.40812110900879,1.5,0,11,1.0,-1.0,0.0,0,0,0
1780683335.51512,0,0.3499999940395355,0,0,414,900,423158243,35,77,0.0,0.0,36.49744415283203,28.561874389648438,1,0,0.6000000238418579,0,0,1,0,0,8,0,0,0,8,99,1,8.300000190734863,0.0,33.079139709472656,28.408119201660156,1.5,0,11,1.0,-1.0,0.0,0,0,1
1780683335.5351143,0,0.3499999940395355,1,0,414,900,423158243,35,77,0.0,0.0,36.497406005859375,28.561874389648438,0,0,0.6000000238418579,0,0,1,0,0,8,0,1,0,8,99,1,8.300000190734863,0.0,33.245140075683594,28.408119201660156,1.5,0,11,1.0,-1.0,0.0,0,0,1
1780683335.5550482,0,0.3499999940395355,1,0,414,900,423158243,35,77,0.0,0.0,36.49738311767578,28.561874389648438,0,0,0.6000000238418579,0,0,1,0,0,8,0,1,0,8,99,1,8.300000190734863,0.0,33.41114044189453,28.408123016357422,1.5,0,11,1.0,-1.0,0.0,0,0,1
1780683335.5751345,0,0.3499999940395355,1,0,414,900,423158243,35,77,0.0,0.0,36.49736785888672,28.561874389648438,0,0,0.6000000238418579,0,0,1,0,0,8,0,1,0,8,99,1,8.300000190734863,0.0,33.577144622802734,28.40812110900879,1.5,0,11,1.0,-1.0,0.0,0,0,1
1780683335.595108,0,0.3499999940395355,1,0,393,900,423158243,35,77,0.0,0.0,36.49736022949219,28.561874389648438,0,0,0.6000000238418579,0,0,1,0,0,8,0,1,0,8,99,1,-3.75,0.0,33.74314880371094,28.40812110900879,1.5,0,22,1.0,-1.0,0.0,0,0,1
1780683335.6159565,0,0.3499999940395355,1,0,393,900,423158243,35,77,0.0,0.0,36.497398376464844,28.561874389648438,0,0,0.6000000238418579,0,0,1,0,0,8,0,1,0,8,99,1,-3.75,0.0,33.72018814086914,28.40812110900879,1.5,0,22,1.0,-1.0,0.0,0,0,1
1780683335.6350892,0,0.3499999940395355,1,0,393,900,423158243,35,77,0.0,0.0,36.49737548828125,28.561874389648438,1,0,0.6000000238418579,0,0,1,0,0,8,0,1,0,8,99,1,-3.75,0.0,33.64518737792969,28.40812110900879,1.5,0,22,1.0,-1.0,0.0,0,0,1
1780683335.6551006,0,0.3499999940395355,1,0,393,900,423158243,35,77,0.0,0.0,36.49736785888672,28.561874389648438,1,0,0.6000000238418579,0,0,1,0,0,8,0,1,0,8,99,1,-3.75,0.0,33.5701904296875,28.40812110900879,1.5,0,22,1.0,-1.0,0.0,0,0,0
1780683335.675214,0,0.3499999940395355,1,0,393,900,423158243,35,77,0.0,0.0,36.49736022949219,28.561874389648438,1,0,0.6000000238418579,0,0,1,0,0,8,0,1,0,8,99,1,-3.75,0.0,33.4952278137207,28.40812110900879,1.5,0,22,1.0,-1.0,0.0,0,0,0
1780683335.695026,0,0.3499999940395355,1,0,393,900,423158243,35,77,0.0,0.0,36.497352600097656,28.561874389648438,1,0,0.6000000238418579,0,0,1,0,0,8,0,1,0,8,99,1,-3.75,0.0,33.42022705078125,28.408123016357422,1.5,0,22,1.0,-1.0,0.0,0,0,0
1780683335.715406,0,0.3499999940395355,1,0,393,900,423158243,35,77,0.0,0.0,36.497344970703125,28.561874389648438,1,0,0.6000000238418579,0,0,1,0,0,8,0,1,0,8,99,1,-3.75,0.0,33.34518814086914,28.40812110900879,1.5,0,22,1.0,0.0,0.0,0,0,0
1780683335.7351942,0,0.3499999940395355,1,0,393,900,423158243,35,77,0.0,0.0,36.497344970703125,28.561874389648438,1,0,0.6000000238418579,0,0,1,0,0,8,0,1,0,8,99,1,-3.75,0.0,33.27018737792969,28.408119201660156,1.5,0,22,0.0,0.0,0.0,0,0,0
1780683335.755001,0,0.3499999940395355,1,0,393,900,423158243,35,77,0.0,0.0,36.497344970703125,28.561874389648438,1,0,0.6000000238418579,0,0,1,0,0,8,0,1,0,8,99,1,-3.75,0.0,33.1951904296875,28.40812110900879,1.5,0,22,0.0,0.0,0.0,0,0,0
1780683335.7752237,0,0.3499999940395355,1,0,393,900,423158243,35,77,0.0,0.0,36.497344970703125,28.561874389648438,1,0,0.6000000238418579,0,0,1,0,0,8,0,1,0,8,99,1,-3.75,0.0,33.12018585205078,28.408119201660156,1.5,0,22,0.0,0.0,0.0,0,0,0
1780683335.7953553,0,0.3499999940395355,1,0,393,900,423158243,35,77,0.0,0.0,36.497344970703125,28.561874389648438,1,0,0.6000000238418579,0,0,1,0,0,8,0,1,0,8,99,1,0.0,0.0,33.10398864746094,28.408119201660156,1.5,0,22,0.0,0.0,0.0,1,0,0
1780683335.8148317,0,0.3499999940395355,1,0,393,900,423158243,35,77,0.0,0.0,36.497344970703125,28.561874389648438,1,0,0.6000000238418579,0,0,1,0,0,8,0,1,1,8,99,1,0.0,0.0,33.10398864746094,28.408123016357422,1.5,0,22,0.0,0.0,0.0,1,0,0
1780683335.8350477,0,0.3499999940395355,1,0,393,900,423158243,35,77,0.0,0.0,36.497344970703125,28.561874389648438,1,0,0.6000000238418579,0,0,1,0,0,8,0,1,1,8,99,0,0.0,15.70199966430664,33.10398864746094,28.654186248779297,1.5,0,22,0.0,0.0,0.0,1,0,0
1780683335.8551736,0,0.3499999940395355,1,0,393,900,423158243,35,77,0.0,0.0,36.497344970703125,28.561874389648438,1,0,0.6000000238418579,0,0,1,0,0,8,0,1,1,8,99,0,0.0,15.70199966430664,33.10398864746094,28.968223571777344,1.5,0,22,0.0,0.0,0.0,1,0,0
1780683335.8750992,0,0.3499999940395355,1,0,393,900,423158243,35,77,0.0,0.0,36.497344970703125,28.561874389648438,1,0,0.6000000238418579,0,0,1,0,0,8,0,1,1,8,99,0,0.0,15.70199966430664,33.10398864746094,29.282262802124023,1.5,0,22,0.0,0.0,0.0,1,0,0
1780683335.8949475,0,0.3499999940395355,0,0,393,900,423158243,35,77,0.0,0.0,36.497344970703125,28.561874389648438,1,0,0.6000000238418579,0,0,1,0,0,8,0,0,1,8,99,0,0.0,15.70199966430664,33.10398864746094,29.596302032470703,1.5,0,22,0.0,0.0,0.0,1,0,0
1780683335.9147825,0,0.3499999940395355,0,0,393,900,423158243,35,77,0.0,0.0,36.497344970703125,28.561874389648438,1,0,0.6000000238418579,0,0,1,0,0,8,0,0,1,8,99,0,0.0,15.70199966430664,33.10398864746094,29.910337448120117,1.5,0,22,0.0,0.0,0.0,1,0,0
1780683335.9348671,0,0.3499999940395355,0,0,393,900,423158243,35,77,0.0,0.0,36.497344970703125,28.561874389648438,1,0,0.6000000238418579,0,0,1,0,0,8,0,0,1,8,99,0,0.0,15.70199966430664,33.10398864746094,30.224376678466797,1.5,0,22,0.0,0.0,0.0,1,0,0
1780683335.9548619,0,0.3499999940395355,0,0,393,900,423158243,35,77,0.0,0.0,36.497344970703125,28.561874389648438,1,0,0.6000000238418579,0,0,1,0,0,8,0,0,1,8,99,0,0.0,15.70199966430664,33.10398864746094,30.538414001464844,1.5,0,22,0.0,0.0,0.0,1,0,0
1780683335.9748855,0,0.3499999940395355,0,0,393,900,423158243,35,77,0.0,0.0,36.497344970703125,28.561874389648438,1,0,0.6000000238418579,0,0,1,0,0,8,0,0,1,8,99,0,0.0,15.70199966430664,33.10398864746094,30.852447509765625,1.5,0,22,0.0,0.0,0.0,1,0,0
1780683335.9947252,0,0.3499999940395355,0,0,393,900,423158243,35,77,0.0,0.0,36.497344970703125,28.561874389648438,1,0,0.6000000238418579,0,0,1,0,0,8,0,0,1,8,99,0,0.0,15.70199966430664,33.10398864746094,31.166479110717773,1.5,0,22,0.0,0.0,0.0,1,0,0
1780683336.0152605,0,0.3499999940395355,0,0,393,900,423158243,36,77,0.0,0.0,36.497344970703125,28.561874389648438,1,0,0.6000000238418579,0,0,1,0,0,8,0,0,1,8,99,0,0.0,15.70199966430664,33.10398864746094,31.480674743652344,1.5,0,22,0.0,-1.0,0.0,1,0,0
1780683336.0353317,0,0.3499999940395355,0,0,393,900,423158243,37,77,0.0,0.0,36.497344970703125,28.561874389648438,1,0,0.6000000238418579,0,0,1,0,0,8,0,0,0,8,99,0,0.0,14.753999710083008,33.10398864746094,31.779850006103516,1.5,0,22,1.0,-1.0,0.0,1,0,0
1780683336.0551763,0,0.3499999940395355,0,0,393,900,423158243,37,77,0.0,0.0,36.497344970703125,28.561874389648438,1,0,0.6000000238418579,0,0,1,0,0,8,0,0,0,8,99,0,8.300000190734863,13.805999755859375,33.234127044677734,32.06005859375,1.5,0,22,1.0,-1.0,0.0,1,0,0
1780683336.075161,0,0.3499999940395355,0,0,393,900,423158243,37,77,0.0,0.0,36.497344970703125,28.561874389648438,1,0,0.6000000238418579,0,0,1,0,0,8,0,0,0,8,99,0,8.300000190734863,12.857999801635742,33.40013122558594,32.321319580078125,1.5,0,22,1.0,-1.0,0.0,1,0,0
1780683336.0953302,0,0.3499999940395355,0,0,393,900,423158243,37,77,0.0,0.0,36.497344970703125,28.561874389648438,1,0,0.6000000238418579,0,0,1,0,0,8,0,0,0,8,99,0,8.300000190734863,11.90999984741211,33.56604766845703,32.563499450683594,1.5,0,22,1.0,-1.0,0.0,1,0,0
1780683336.1157434,0,0.3499999940395355,0,0,393,900,423158243,37,77,0.0,0.0,36.497344970703125,28.561874389648438,1,0,0.6000000238418579,0,0,1,0,0,8,0,0,0,8,99,0,8.300000190734863,10.961999893188477,33.73213195800781,32.786956787109375,1.5,0,22,1.0,-1.0,0.0,1,0,0
1780683336.1358247,0,0.3499999940395355,0,0,393,900,423158243,37,77,0.0,0.0,36.497344970703125,28.561874389648438,1,0,0.6000000238418579,0,0,1,0,0,8,0,0,0,8,99,0,8.300000190734863,10.013999938964844,33.89813995361328,32.991336822509766,1.5,0,22,1.0,-1.0,0.0,1,0,0
1780683336.1555474,0,0.3499999940395355,0,0,393,900,423158243,37,77,0.0,0.0,36.497344970703125,28.561874389648438,1,0,0.6000000238418579,0,0,1,0,0,8,0,0,0,8,99,0,8.300000190734863,9.065999984741211,34.064144134521484,33.1767578125,1.5,0,22,1.0,-1.0,0.0,1,0,0
1780683336.1754425,0,0.3499999940395355,0,0,393,900,423158243,37,77,0.0,0.0,36.497344970703125,28.561874389648438,1,0,0.6000000238418579,0,0,1,0,0,8,0,0,0,8,99,0,8.300000190734863,8.118000030517578,34.230064392089844,33.34313201904297,1.5,0,22,1.0,-1.0,0.0,1,0,0
1780683336.1954966,0,0.3499999940395355,0,0,393,900,423158243,37,77,0.0,0.0,36.497344970703125,28.561874389648438,1,0,0.6000000238418579,0,0,1,0,0,8,0,0,0,8,99,0,8.300000190734863,7.1700005531311035,34.39614486694336,33.49070739746094,1.5,0,22,1.0,-1.0,0.0,1,0,0
1780683336.2152708,0,0.3499999940395355,0,0,393,900,423158243,37,77,0.0,0.0,36.497344970703125,28.561874389648438,1,0,0.6000000238418579,0,0,1,0,0,8,0,0,0,8,99,0,8.300000190734863,6.222001075744629,34.56215286254883,33.61924362182617,1.5,0,22,1.0,-1.0,0.0,1,0,0
1780683336.2352982,0,0.3499999940395355,0,0,393,900,423158243,37,77,0.0,0.0,36.497344970703125,28.561874389648438,1,0,0.6000000238418579,0,0,1,0,0,8,0,0,0,8,99,0,8.300000190734863,5.274001598358154,34.7281494140625,33.728816986083984,1.5,0,22,1.0,-1.0,0.0,1,0,0
1780683336.255579,0,0.3499999940395355,0,0,393,900,423158243,37,77,0.0,0.0,36.497344970703125,28.561874389648438,1,0,0.6000000238418579,0,0,1,0,0,8,0,0,0,8,99,0,8.300000190734863,4.32600212097168,34.89414978027344,33.81943130493164,1.5,0,22,1.0,-1.0,0.0,1,0,0
1780683336.2754402,0,0.3499999940395355,0,0,393,900,423158243,37,77,0.0,0.0,36.497344970703125,28.561874389648438,1,0,0.6000000238418579,0,0,1,0,0,8,0,0,0,8,99,0,8.300000190734863,3.378002405166626,35.06015396118164,33.891082763671875,1.5,0,22,1.0,-1.0,0.0,1,0,0
1780683336.2955499,0,0.3499999940395355,0,0,393,900,423158243,37,77,0.0,0.0,36.497344970703125,28.561874389648438,1,0,0.6000000238418579,0,0,1,0,0,8,0,0,0,8,99,0,0.0,2.4300026893615723,35.09599304199219,33.94375228881836,1.5,0,22,1.0,-1.0,0.0,1,0,0
1780683336.315749,0,0.3499999940395355,0,0,393,900,423158243,37,77,0.0,0.0,36.497344970703125,28.561874389648438,1,0,0.6000000238418579,0,0,1,0,0,8,0,0,0,8,99,0,0.0,1.4820029735565186,35.09599304199219,33.97749710083008,1.5,0,22,0.0,-1.0,0.0,1,0,0
1780683336.3353517,0,0.3499999940395355,0,0,393,900,423158243,37,77,0.0,0.0,36.497344970703125,28.561874389648438,1,0,0.6000000238418579,0,0,1,0,0,8,0,0,0,8,99,0,0.0,0.5340033173561096,35.09599304199219,33.992279052734375,1.5,0,22,0.0,-1.0,0.0,1,0,0
1780683336.3554263,0,0.3499999940395355,0,0,393,900,423158243,37,77,0.0,0.0,36.497344970703125,28.561874389648438,1,0,0.6000000238418579,0,0,1,1,0,8,0,0,0,8,99,0,0.0,-0.4139963388442993,35.09599304199219,33.988101959228516,1.5,0,22,0.0,-1.0,0.0,1,0,0
1780683336.3750134,0,0.3499999940395355,0,0,393,900,423158243,37,77,0.0,0.0,36.497344970703125,28.561874389648438,1,0,0.6000000238418579,0,0,1,1,0,8,0,0,0,8,99,0,0.0,-1.3619959354400635,35.09599304199219,33.9649658203125,1.5,0,22,0.0,-1.0,0.0,0,0,0
1780683336.3948455,0,0.3499999940395355,0,0,393,900,423158243,37,77,0.0,0.0,36.497344970703125,28.561874389648438,1,0,0.6000000238418579,0,0,1,1,0,8,0,0,0,8,99,0,0.0,-2.309995651245117,35.09599304199219,33.92286682128906,1.5,0,22,0.0,-1.0,0.0,0,0,0
1780683336.4150097,0,0.3499999940395355,0,0,393,900,423158243,37,77,0.0,0.0,36.497344970703125,28.561874389648438,1,0,0.6000000238418579,0,0,1,1,0,8,0,0,0,8,99,0,0.0,-3.257995367050171,35.09599304199219,33.861778259277344,1.5,0,22,0.0,-1.0,0.0,0,0,0
1780683336.4354203,0,0.3499999940395355,0,0,393,900,423158243,37,77,0.0,0.0,36.497344970703125,28.561874389648438,1,0,0.6000000238418579,0,0,1,1,0,8,0,0,0,8,99,0,0.0,-4.205995082855225,35.09599304199219,33.78175354003906,1.5,0,22,0.0,-1.0,0.0,0,0,0
1780683336.4550931,0,0.3499999940395355,0,0,393,900,423158243,37,77,0.0,0.0,36.497344970703125,28.561874389648438,1,0,0.6000000238418579,0,0,1,1,0,8,0,0,0,8,99,0,0.0,-5.153994560241699,35.09599304199219,33.682769775390625,1.5,0,22,0.0,-1.0,0.0,0,0,0
1780683336.4751287,0,0.3499999940395355,0,0,393,900,423158243,37,77,0.0,0.0,36.497344970703125,28.561874389648438,1,0,0.6000000238418579,0,0,1,1,0,8,0,0,0,8,99,0,0.0,-6.101994037628174,35.09599304199219,33.564823150634766,1.5,0,22,0.0,-1.0,0.0,0,0,0
1780683336.4949384,0,0.3499999940395355,0,0,393,900,423158243,37,77,0.0,0.0,36.497344970703125,28.561874389648438,1,0,0.6000000238418579,0,0,1,1,0,8,0,0,0,8,99,0,0.0,-7.049993515014648,35.09599304199219,33.4279899597168,1.5,0,22,0.0,-1.0,0.0,0,0,0
1780683336.515326,0,0.3499999940395355,0,0,393,900,423158243,37,77,0.0,0.0,36.497344970703125,28.561874389648438,1,0,0.6000000238418579,0,0,1,1,0,8,0,0,0,8,99,0,0.0,-7.997992992401123,35.09599304199219,33.27206039428711,1.5,0,22,0.0,-1.0,0.0,0,0,0
1780683336.5350296,0,0.3499999940395355,0,0,393,900,423158243,37,77,0.0,0.0,36.497344970703125,28.561874389648438,1,0,0.6000000238418579,0,0,1,1,0,8,0,0,0,8,99,0,0.0,-8.945992469787598,35.09599304199219,33.097232818603516,1.5,0,22,0.0,-1.0,0.0,0,0,0
1780683336.555346,0,0.3499999940395355,0,0,393,900,423158243,37,77,0.0,0.0,36.497344970703125,28.561874389648438,1,0,0.6000000238418579,0,0,1,1,0,8,0,0,0,8,99,0,0.0,-9.89399242401123,35.09599304199219,32.903438568115234,1.5,0,22,0.0,-1.0,0.0,0,0,0
1780683336.57522,0,0.3499999940395355,0,0,393,900,423158243,37,77,0.0,0.0,36.497344970703125,28.561874389648438,1,0,0.6000000238418579,0,0,1,1,0,8,0,0,0,8,99,0,0.0,-10.841992378234863,35.09599304199219,32.69069290161133,1.5,0,22,0.0,-1.0,0.0,0,0,0
1780683336.5950396,0,0.3499999940395355,0,0,393,900,423158243,37,77,0.0,0.0,36.497344970703125,28.561874389648438,1,0,0.6000000238418579,0,0,1,1,0,8,0,0,0,8,99,0,0.0,-11.789992332458496,35.09599304199219,32.458980560302734,1.5,0,22,0.0,-1.0,0.0,0,0,0
1780683336.6149964,0,0.3499999940395355,0,0,393,900,423158243,37,77,0.0,0.0,36.497344970703125,28.561874389648438,1,0,0.6000000238418579,0,0,1,1,0,8,0,0,0,8,99,0,0.0,-12.737992286682129,35.09599304199219,32.208438873291016,1.5,0,22,0.0,-1.0,0.0,0,0,0
1780683336.6351562,0,0.3499999940395355,0,0,393,900,423158243,37,77,0.0,0.0,36.497344970703125,28.561874389648438,1,0,0.6000000238418579,0,0,1,1,0,8,0,0,0,8,99,0,0.0,-13.685992240905762,35.09599304199219,31.93868637084961,1.5,0,22,0.0,-1.0,0.0,0,0,0
1780683336.6546404,0,0.3499999940395355,0,0,393,900,423158243,37,77,0.0,0.0,36.497344970703125,28.561874389648438,1,0,0.6000000238418579,0,0,1,1,0,8,0,0,0,8,99,0,0.0,-14.633992195129395,35.09599304199219,31.650110244750977,1.5,0,22,0.0,-1.0,0.0,0,0,0
1780683336.6749103,0,0.3499999940395355,0,0,393,900,423158243,37,77,0.0,0.0,36.497344970703125,28.561874389648438,1,0,0.6000000238418579,0,0,1,1,0,8,0,0,0,8,99,0,0.0,-15.581992149353027,35.09599304199219,31.34271812438965,1.5,0,22,0.0,-1.0,0.0,0,0,0
1780683336.694829,0,0.3499999940395355,0,0,393,900,423158243,37,77,0.0,0.0,36.497344970703125,28.561874389648438,1,0,0.6000000238418579,0,0,1,1,0,8,0,0,0,8,99,0,0.0,-16.529991149902344,35.09599304199219,31.01622772216797,1.5,0,22,0.0,-1.0,0.0,0,0,0
1780683336.714747,0,0.3499999940395355,0,0,393,900,423158243,37,77,0.0,0.0,36.497344970703125,28.561874389648438,1,0,0.6000000238418579,0,0,1,1,0,8,0,0,0,8,99,0,0.0,-17.477991104125977,35.09599304199219,30.670772552490234,1.5,0,22,0.0,-1.0,0.0,0,0,0
1780683336.7349153,0,0.3499999940395355,0,0,393,900,423158243,37,77,0.0,0.0,36.497344970703125,28.561874389648438,1,0,0.6000000238418579,0,0,1,1,0,8,0,0,0,8,99,0,0.0,-18.42599105834961,35.09599304199219,30.30636215209961,1.5,0,22,0.0,-1.0,0.0,0,0,0
1780683336.755174,0,0.3499999940395355,0,0,393,900,423158243,37,77,0.0,0.0,36.497344970703125,28.561874389648438,1,0,0.6000000238418579,0,0,1,1,0,8,0,0,0,8,99,0,0.0,-19.373991012573242,35.09599304199219,29.92298126220703,1.5,0,22,0.0,-1.0,0.0,0,0,1
1780683336.775144,1,0.3499999940395355,0,0,393,900,423158243,37,77,0.0,0.0,36.497344970703125,28.561874389648438,0,0,0.6000000238418579,0,0,1,1,0,8,0,1,0,8,99,0,0.0,-20.321990966796875,35.09599304199219,29.520654678344727,1.5,0,22,0.0,-1.0,0.0,0,0,1
1780683336.794913,1,0.3499999940395355,0,0,393,900,423158243,37,77,0.0,0.0,36.497344970703125,28.561874389648438,0,0,0.6000000238418579,0,0,1,1,0,8,0,1,0,8,99,0,0.0,-20.947999954223633,35.09599304199219,29.104408264160156,1.5,0,22,0.0,-1.0,0.0,0,0,1
1780683336.814846,1,0.3499999940395355,0,0,372,900,423158243,37,77,0.0,0.0,36.497344970703125,28.561874389648438,0,0,0.6000000238418579,0,0,1,1,0,8,0,1,0,8,99,0,0.0,-20.947999954223633,35.09599304199219,28.685455322265625,1.5,0,33,0.0,-1.0,0.0,0,0,1
1780683336.8353689,1,0.3499999940395355,0,0,372,900,423158243,37,77,0.0,0.0,36.497344970703125,28.561874389648438,0,0,0.6000000238418579,0,0,1,0,0,8,0,1,0,8,99,0,0.0,0.0,35.09599304199219,28.76805877685547,1.5,0,33,0.0,-1.0,0.0,0,0,1
1780683336.854994,1,0.3499999940395355,0,0,372,900,423158243,37,77,0.0,0.0,36.497344970703125,28.561874389648438,0,0,0.6000000238418579,0,0,1,0,0,8,0,1,0,8,99,0,0.0,0.0,35.09599304199219,28.989091873168945,1.5,0,33,0.0,-1.0,0.0,0,0,1
1780683336.8751876,1,0.3499999940395355,0,0,372,900,423158243,37,77,0.0,0.0,36.497344970703125,28.561874389648438,0,0,0.6000000238418579,0,0,1,0,0,8,0,1,0,8,99,0,0.0,0.0,35.09599304199219,29.21002197265625,1.5,0,33,0.0,-1.0,0.0,0,0,1
1780683336.8946505,1,0.3499999940395355,0,0,372,900,423158243,37,77,0.0,0.0,36.497344970703125,28.561874389648438,1,0,0.6000000238418579,0,0,1,0,0,8,0,1,0,8,99,0,0.0,0.0,35.09599304199219,29.431060791015625,1.5,0,33,0.0,-1.0,0.0,0,0,1
1780683336.915102,1,0.3499999940395355,0,0,372,900,423158243,37,77,0.0,0.0,36.497344970703125,28.561874389648438,1,0,0.6000000238418579,0,0,1,0,0,8,0,1,0,8,99,0,0.0,0.0,35.09599304199219,29.65220832824707,1.5,0,33,0.0,-1.0,0.0,0,0,0
1780683336.93514,1,0.3499999940395355,0,0,372,900,423158243,37,77,0.0,0.0,36.497344970703125,28.561874389648438,1,0,0.6000000238418579,0,0,1,0,0,8,0,1,0,8,99,0,0.0,0.0,35.09599304199219,29.873252868652344,1.5,0,33,0.0,-1.0,0.0,0,0,0
1780683336.955246,1,0.3499999940395355,0,0,372,900,423158243,37,77,0.0,0.0,36.497344970703125,28.561874389648438,1,0,0.6000000238418579,0,0,1,0,0,8,0,1,0,8,99,0,0.0,0.0,35.09599304199219,30.094284057617188,1.5,0,33,0.0,-1.0,0.0,0,0,0
1780683336.9752302,1,0.3499999940395355,0,0,372,900,423158243,37,77,0.0,0.0,36.497344970703125,28.561874389648438,1,0,0.6000000238418579,0,0,1,0,0,8,0,1,0,8,99,0,0.0,0.0,35.09599304199219,30.315216064453125,1.5,0,33,0.0,-1.0,0.0,0,0,0
1780683336.994923,1,0.3499999940395355,0,0,372,900,423158243,37,77,0.0,0.0,36.497344970703125,28.561874389648438,1,0,0.6000000238418579,0,0,1,0,0,8,0,1,0,8,99,0,0.0,0.0,35.09599304199219,30.536256790161133,1.5,0,33,0.0,-1.0,0.0,0,0,0
1780683337.0147736,1,0.3499999940395355,0,0,372,900,423158243,37,77,0.0,0.0,36.497344970703125,28.561874389648438,1,0,0.6000000238418579,0,0,1,0,0,8,0,1,0,8,99,0,0.0,0.0,35.09599304199219,30.75728988647461,1.5,0,33,0.0,-1.0,0.0,0,0,0
1780683337.0348063,1,0.3499999940395355,0,0,372,900,423158243,37,77,0.0,0.0,36.497344970703125,28.561874389648438,1,0,0.6000000238418579,0,0,1,0,0,8,0,1,0,8,99,0,0.0,0.0,35.09599304199219,30.978328704833984,1.5,0,33,0.0,-1.0,0.0,0,0,0
1780683337.054898,1,0.3499999940395355,0,0,372,900,423158243,37,77,0.0,0.0,36.497344970703125,28.561874389648438,1,0,0.6000000238418579,0,0,1,0,0,8,0,1,0,8,99,0,0.0,0.0,35.09599304199219,31.199365615844727,1.5,0,33,0.0,-1.0,0.0,0,0,0
1780683337.0748563,1,0.3499999940395355,0,0,372,900,423158243,37,77,0.0,0.0,36.497344970703125,28.561874389648438,1,0,0.6000000238418579,0,0,1,1,0,8,0,1,0,8,99,0,0.0,-0.9479996562004089,35.09599304199219,31.232383728027344,1.5,0,33,0.0,-1.0,0.0,0,0,0
1780683337.0948668,1,0.3499999940395355,0,0,372,900,423158243,37,77,0.0,0.0,36.497344970703125,28.561874389648438,1,0,0.6000000238418579,0,0,1,1,0,8,0,1,0,8,99,0,0.0,-1.8959993124008179,35.09599304199219,31.198562622070312,1.5,0,33,0.0,-1.0,0.0,0,0,0
1780683337.1147528,1,0.3499999940395355,0,0,372,900,423158243,37,77,0.0,0.0,36.497344970703125,28.561874389648438,1,0,0.6000000238418579,0,0,1,1,0,8,0,1,0,8,99,0,0.0,-2.843998908996582,35.09599304199219,31.145782470703125,1.5,0,33,0.0,-1.0,0.0,0,0,0
1780683337.134979,0,0.3499999940395355,0,0,372,900,423158243,37,77,0.0,0.0,36.497344970703125,28.561874389648438,1,0,0.6000000238418579,0,0,1,1,0,8,0,0,0,8,99,0,0.0,-3.7919986248016357,35.09599304199219,31.074039459228516,1.5,0,33,0.0,-1.0,0.0,0,0,0
1780683337.1550164,0,0.3499999940395355,0,0,372,900,423158243,37,77,0.0,0.0,36.497344970703125,28.561874389648438,1,0,0.6000000238418579,0,0,1,1,0,8,0,0,0,8,99,0,0.0,-4.7399983406066895,35.09599304199219,30.983341217041016,1.5,0,33,0.0,-1.0,0.0,0,0,0
1780683337.175081,0,0.3499999940395355,0,0,372,900,423158243,37,77,0.0,0.0,36.497344970703125,28.561874389648438,1,0,0.6000000238418579,0,0,1,1,0,8,0,0,0,8,99,0,0.0,-5.687997817993164,35.09599304199219,30.873680114746094,1.5,0,33,0.0,-1.0,0.0,0,0,0
1780683337.1947815,0,0.3499999940395355,0,0,372,900,423158243,37,77,0.0,0.0,36.497344970703125,28.561874389648438,1,0,0.6000000238418579,0,0,1,1,0,8,0,0,0,8,99,0,0.0,-6.635997295379639,35.09599304199219,30.745059967041016,1.5,0,33,0.0,-1.0,0.0,0,0,0
1780683337.21463,0,0.3499999940395355,0,0,372,900,423158243,38,77,0.0,0.0,36.497344970703125,28.561874389648438,1,0,0.6000000238418579,0,0,1,1,0,8,0,0,0,8,99,0,0.0,-7.583996772766113,35.09599304199219,30.59748077392578,1.5,0,33,0.0,-1.0,0.0,0,0,0
1780683337.2349877,0,0.3499999940395355,0,0,372,900,423158243,38,77,0.0,0.0,36.497344970703125,28.561874389648438,1,0,0.6000000238418579,0,0,1,1,0,8,0,0,0,8,99,0,0.0,-8.531996726989746,35.09599304199219,30.430940628051758,1.5,0,33,0.0,-1.0,0.0,0,0,0
1780683337.2552972,1,0.3499999940395355,0,0,372,900,423158243,38,77,0.0,0.0,36.497344970703125,28.561874389648438,0,0,0.6000000238418579,0,0,1,1,0,8,0,1,0,8,99,0,0.0,-9.479996681213379,35.09599304199219,30.245445251464844,1.5,0,33,0.0,-1.0,0.0,0,0,1
1780683337.2753518,1,0.3499999940395355,0,0,372,900,423158243,38,77,0.0,0.0,36.497344970703125,28.561874389648438,0,0,0.6000000238418579,0,0,1,1,0,8,0,1,0,8,99,0,0.0,-10.427996635437012,35.09599304199219,30.04098892211914,1.5,0,33,0.0,-1.0,0.0,0,0,1
1780683337.595986,1,0.3499999940395355,0,0,351,900,423158243,60,77,0.0,0.0,36.497344970703125,28.561874389648438,0,0,0.6000000238418579,0,0,1,1,0,8,0,1,0,8,99,0,0.0,-11.375996589660645,35.09599304199219,29.783554077148438,1.5,0,44,0.0,-1.0,0.0,0,1,0
1780683337.6349123,1,0.3499999940395355,0,0,351,900,423158243,60,77,0.0,0.0,36.497344970703125,28.555728912353516,0,0,0.6000000238418579,0,0,1,0,0,8,0,1,0,8,99,0,0.0,0.0,35.09599304199219,29.952556610107422,1.5,0,44,0.0,-1.0,0.0,0,0,0
1780683337.6560986,1,0.3499999940395355,0,0,351,900,423158243,60,77,0.0,0.0,36.497344970703125,28.557941436767578,0,0,0.6000000238418579,0,0,1,0,0,8,0,1,0,8,99,0,0.0,0.0,35.09599304199219,30.11833381652832,1.5,0,44,0.0,-1.0,0.0,0,0,0
1780683337.6755142,1,0.3499999940395355,0,0,351,900,423158243,60,77,0.0,0.0,36.497344970703125,28.559356689453125,0,0,0.6000000238418579,0,0,1,0,0,8,0,1,0,8,99,0,0.0,11.052000045776367,35.09599304199219,30.217802047729492,1.5,0,44,0.0,-1.0,0.0,0,0,0
1780683337.6950057,1,0.3499999940395355,0,0,351,900,423158243,60,77,0.0,0.0,36.497344970703125,28.56026268005371,1,0,0.6000000238418579,0,0,1,0,0,8,0,1,0,8,99,0,0.0,0.0,35.09599304199219,30.549264907836914,1.5,0,44,0.0,-1.0,0.0,0,0,0
1780683337.7149374,1,0.3499999940395355,0,0,351,900,423158243,60,77,0.0,0.0,36.497344970703125,28.560842514038086,1,0,0.6000000238418579,0,0,1,0,0,8,0,1,0,8,99,0,0.0,0.0,35.09599304199219,30.770408630371094,1.5,0,44,0.0,-1.0,0.0,0,0,0
1780683337.735101,1,0.3499999940395355,0,0,351,900,423158243,60,77,0.0,0.0,36.497344970703125,28.561214447021484,1,0,0.6000000238418579,0,0,1,0,0,8,0,1,0,8,99,0,0.0,0.0,35.09599304199219,30.99144744873047,1.5,0,44,0.0,-1.0,0.0,0,0,0
1780683337.7553375,1,0.3499999940395355,0,0,351,900,423158243,60,77,0.0,0.0,36.497344970703125,28.561450958251953,1,0,0.6000000238418579,0,0,1,0,0,8,0,1,0,8,99,0,0.0,0.0,35.09599304199219,31.212482452392578,1.5,0,44,0.0,-1.0,0.0,0,0,0
1780683337.775222,1,0.3499999940395355,0,0,351,900,423158243,60,77,0.0,0.0,36.497344970703125,28.561603546142578,1,0,0.6000000238418579,0,0,1,0,0,8,0,1,0,8,99,0,0.0,0.0,35.09599304199219,31.433420181274414,1.5,0,44,0.0,-1.0,0.0,0,0,0
1780683337.7953017,1,0.3499999940395355,0,0,351,900,423158243,60,77,0.0,0.0,36.497344970703125,28.56170082092285,1,0,0.6000000238418579,0,0,1,0,0,8,0,1,0,8,99,0,0.0,0.0,35.09599304199219,31.65445899963379,1.5,0,44,0.0,-1.0,0.0,0,0,0
1780683337.815,1,0.3499999940395355,0,0,351,900,423158243,60,77,0.0,0.0,36.497344970703125,28.561763763427734,1,0,0.6000000238418579,0,0,1,0,0,8,0,1,0,8,99,0,0.0,0.0,35.09599304199219,31.8756103515625,1.5,0,44,0.0,-1.0,0.0,0,0,0
1780683337.8351514,1,0.3499999940395355,0,0,351,900,423158243,60,77,0.0,0.0,36.497344970703125,28.561803817749023,1,0,0.6000000238418579,0,0,1,0,0,8,0,1,0,8,99,0,0.0,0.0,35.09599304199219,32.096656799316406,1.5,0,44,0.0,-1.0,0.0,0,0,0
1780683337.8549473,1,0.3499999940395355,0,0,351,900,423158243,60,77,0.0,0.0,36.497344970703125,28.56182861328125,1,0,0.6000000238418579,0,0,1,0,0,8,0,1,0,8,99,0,0.0,0.0,35.09599304199219,32.31768798828125,1.5,0,44,0.0,-1.0,0.0,0,0,0
1780683337.8750803,1,0.3499999940395355,0,0,351,900,423158243,60,77,0.0,0.0,36.497344970703125,28.561845779418945,1,0,0.6000000238418579,0,0,1,0,0,8,0,1,0,8,99,0,0.0,0.0,35.09599304199219,32.53861618041992,1.5,0,44,0.0,-1.0,0.0,0,0,0
1780683337.895165,1,0.3499999940395355,0,0,351,900,423158243,60,77,0.0,0.0,36.497344970703125,28.56185531616211,1,0,0.6000000238418579,0,0,1,1,0,8,0,1,0,8,99,0,0.0,-0.9479996562004089,35.09599304199219,32.631797790527344,1.5,0,44,0.0,-1.0,0.0,0,0,0
1780683337.9149141,1,0.3499999940395355,0,0,351,900,423158243,60,77,0.0,0.0,36.497344970703125,28.56186294555664,1,0,0.6000000238418579,0,0,1,1,0,8,0,1,0,8,99,0,0.0,-1.8959993124008179,35.09599304199219,32.60272216796875,1.5,0,44,0.0,-1.0,0.0,0,0,0
1780683337.935181,0,0.3499999940395355,0,0,351,900,423158243,60,77,0.0,0.0,36.497344970703125,28.561866760253906,1,0,0.6000000238418579,0,0,1,1,0,8,0,0,0,8,99,0,0.0,-2.843998908996582,35.09599304199219,32.554691314697266,1.5,0,44,0.0,-1.0,0.0,0,0,0
1780683337.9549057,0,0.3499999940395355,0,0,351,900,423158243,60,77,0.0,0.0,36.497344970703125,28.561870574951172,1,0,0.6000000238418579,0,0,1,1,0,8,0,0,0,8,99,0,0.0,-3.7919986248016357,35.09599304199219,32.48769760131836,1.5,0,44,0.0,-1.0,0.0,0,0,0
1780683337.9749491,0,0.3499999940395355,0,0,351,900,423158243,60,77,0.0,0.0,36.497344970703125,28.561870574951172,1,0,0.6000000238418579,0,0,1,1,0,8,0,0,0,8,99,0,0.0,-4.7399983406066895,35.09599304199219,32.40179443359375,1.5,0,44,0.0,-1.0,0.0,0,0,0
1780683337.994728,0,0.3499999940395355,0,0,351,900,423158243,60,77,0.0,0.0,36.497344970703125,28.561870574951172,1,0,0.6000000238418579,0,0,1,1,0,8,0,0,0,8,99,0,0.0,-5.687997817993164,35.09599304199219,32.296897888183594,1.5,0,44,0.0,-1.0,0.0,0,0,0
1780683338.0148354,0,0.3499999940395355,0,0,351,900,423158243,60,77,0.0,0.0,36.497344970703125,28.561870574951172,1,0,0.6000000238418579,0,0,1,1,0,8,0,0,0,8,99,0,0.0,-6.635997295379639,35.09599304199219,32.17303466796875,1.5,0,44,0.0,-1.0,0.0,0,0,0
1780683338.03468,0,0.3499999940395355,0,0,351,900,423158243,60,77,0.0,0.0,36.497344970703125,28.561870574951172,1,0,0.6000000238418579,0,0,1,1,0,8,0,0,0,8,99,0,0.0,-7.583996772766113,35.09599304199219,32.03014373779297,1.5,0,44,0.0,-1.0,0.0,0,0,0
1780683338.0550334,0,0.3499999940395355,0,0,351,900,423158243,60,77,0.0,0.0,36.497344970703125,28.561870574951172,1,0,0.6000000238418579,0,0,1,1,0,8,0,0,0,8,99,0,0.0,-8.531996726989746,35.09599304199219,31.868358612060547,1.5,0,44,0.0,-1.0,0.0,0,0,0
1780683338.0749433,0,0.3499999940395355,0,0,351,900,423158243,60,77,0.0,0.0,36.497344970703125,28.561870574951172,1,0,0.6000000238418579,0,0,1,1,0,8,0,0,0,8,99,0,0.0,-9.479996681213379,35.09599304199219,31.687602996826172,1.5,0,44,0.0,-1.0,0.0,0,0,0
1780683338.094385,0,0.3499999940395355,0,0,351,900,423158243,60,77,0.0,0.0,36.497344970703125,28.561870574951172,1,0,0.6000000238418579,0,0,1,1,0,8,0,0,0,8,99,0,0.0,-10.427996635437012,35.09599304199219,31.487895965576172,1.5,0,44,0.0,-1.0,0.0,0,0,0
1780683338.1149337,0,0.3499999940395355,0,0,351,900,423158243,60,77,0.0,0.0,36.497344970703125,28.561870574951172,1,0,0.6000000238418579,0,0,1,1,0,8,0,0,0,8,99,0,0.0,-11.375996589660645,35.09599304199219,31.26922607421875,1.5,0,44,0.0,-1.0,0.0,0,0,0
1780683338.134963,0,0.3499999940395355,0,0,351,900,423158243,60,77,0.0,0.0,36.497344970703125,28.561870574951172,1,0,0.6000000238418579,0,1,1,1,0,8,0,0,0,8,99,0,0.0,-12.323996543884277,35.09599304199219,31.031591415405273,1.5,0,44,0.0,-1.0,0.0,1,0,0
1780683338.1551547,0,0.3499999940395355,0,0,351,900,423158243,60,77,0.0,0.0,36.497344970703125,28.561870574951172,1,0,0.6000000238418579,0,1,1,1,0,8,0,0,0,8,99,0,0.0,-13.27199649810791,35.09599304199219,30.775009155273438,1.5,0,44,0.0,-1.0,0.0,1,0,0
1780683338.175106,0,0.3499999940395355,0,0,351,900,423158243,60,77,0.0,0.0,36.497344970703125,28.561870574951172,1,0,0.6000000238418579,0,1,1,1,0,8,0,0,0,8,99,0,0.0,-14.219996452331543,35.09599304199219,30.499595642089844,1.5,0,44,0.0,-1.0,0.0,1,0,0
1780683338.1947315,0,0.3499999940395355,0,0,351,900,423158243,60,77,0.0,0.0,36.497344970703125,28.561870574951172,1,0,0.6000000238418579,0,1,1,1,0,8,0,0,0,8,99,0,0.0,-15.167996406555176,35.09599304199219,30.205097198486328,1.5,0,44,0.0,-1.0,0.0,1,0,0
1780683338.214942,0,0.3499999940395355,0,0,351,900,423158243,60,77,0.0,0.0,36.497344970703125,28.561870574951172,1,0,0.6000000238418579,0,1,1,1,0,8,0,0,0,8,99,0,0.0,-16.115995407104492,35.09599304199219,29.891639709472656,1.5,0,44,0.0,-1.0,0.0,1,0,0
1780683338.2347128,0,0.3499999940395355,0,0,351,900,423158243,60,77,0.0,0.0,36.497344970703125,28.561870574951172,1,0,0.6000000238418579,0,1,1,0,0,8,0,0,0,8,99,0,0.0,17.367000579833984,35.09599304199219,29.926067352294922,1.5,0,44,0.0,-1.0,0.0,1,0,0
1780683338.2550833,0,0.3499999940395355,0,0,351,900,423158243,60,77,0.0,0.0,36.497344970703125,28.561870574951172,1,0,0.6000000238418579,0,1,1,0,0,8,0,0,0,8,99,0,0.0,17.367000579833984,35.09599304199219,30.27340316772461,1.5,0,44,0.0,-1.0,0.0,1,0,0
1780683338.2750173,0,0.3499999940395355,0,0,351,900,423158243,60,77,0.0,0.0,36.497344970703125,28.561870574951172,1,0,0.6000000238418579,0,1,1,0,0,8,0,0,0,8,99,0,0.0,17.367000579833984,35.09599304199219,30.620742797851562,1.5,0,44,0.0,-1.0,0.0,1,0,0
1780683338.2946799,0,0.3499999940395355,0,0,351,900,423158243,60,77,0.0,0.0,36.497344970703125,28.561870574951172,1,0,0.6000000238418579,0,1,1,0,0,8,0,0,0,8,99,0,0.0,17.367000579833984,35.09599304199219,30.968080520629883,1.5,0,44,0.0,-1.0,0.0,1,0,0
1780683338.3147082,0,0.3499999940395355,0,0,351,900,423158243,60,77,0.0,0.0,36.497344970703125,28.561870574951172,1,0,0.6000000238418579,0,1,1,0,0,8,0,0,0,8,99,0,0.0,17.367000579833984,35.09599304199219,31.315589904785156,1.5,0,44,0.0,-1.0,0.0,1,0,0
1780683338.3348844,0,0.3499999940395355,0,0,351,900,423158243,60,77,0.0,0.0,36.497344970703125,28.561870574951172,1,0,0.6000000238418579,0,1,1,0,0,8,0,0,0,8,99,0,0.0,17.367000579833984,35.09599304199219,31.662933349609375,1.5,0,44,0.0,-1.0,0.0,1,0,0
1780683338.3545704,0,0.3499999940395355,0,0,351,900,423158243,60,77,0.0,0.0,36.497344970703125,28.561870574951172,1,0,0.6000000238418579,0,0,1,0,0,8,0,0,0,8,99,0,0.0,16.41900062561035,35.09599304199219,32.000160217285156,1.5,0,44,0.0,-1.0,0.0,1,0,0
1780683338.3753643,0,0.3499999940395355,0,0,351,900,423158243,60,77,0.0,0.0,36.497344970703125,28.561870574951172,1,0,0.6000000238418579,0,0,1,0,0,8,0,0,0,8,99,0,0.0,15.471000671386719,35.09599304199219,32.31842803955078,1.5,0,44,0.0,-1.0,0.0,1,0,0
1780683338.3950515,0,0.3499999940395355,0,0,351,900,423158243,60,77,0.0,0.0,36.497344970703125,28.561870574951172,1,0,0.6000000238418579,0,0,1,0,0,8,0,0,0,8,99,0,0.0,14.523000717163086,35.09599304199219,32.61759567260742,1.5,0,44,0.0,-1.0,0.0,1,0,0
1780683338.4146397,0,0.3499999940395355,0,0,351,900,423158243,60,77,0.0,0.0,36.497344970703125,28.561870574951172,1,0,0.6000000238418579,0,0,1,0,0,8,0,0,0,8,99,0,0.0,13.575000762939453,35.09599304199219,32.897953033447266,1.5,0,44,0.0,-1.0,0.0,1,0,0
1780683338.4346333,0,0.3499999940395355,0,0,351,900,423158243,60,77,0.0,0.0,36.497344970703125,28.561870574951172,1,0,0.6000000238418579,0,0,1,0,0,8,0,0,0,8,99,0,0.0,12.62700080871582,35.09599304199219,33.15935516357422,1.5,0,44,0.0,-1.0,0.0,1,0,0
1780683338.4551442,0,0.3499999940395355,0,0,351,900,423158243,60,77,0.0,0.0,36.497344970703125,28.561870574951172,1,0,0.6000000238418579,0,0,1,0,0,8,0,0,0,8,99,0,0.0,11.679000854492188,35.09599304199219,33.40179443359375,1.5,0,44,0.0,-1.0,0.0,1,0,0
1780683338.474995,0,0.3499999940395355,0,0,351,900,423158243,60,77,0.0,0.0,36.497344970703125,28.561870574951172,1,0,0.6000000238418579,0,0,1,0,0,8,0,0,0,8,99,0,0.0,10.731000900268555,35.09599304199219,33.625274658203125,1.5,0,44,0.0,-1.0,0.0,1,0,0
1780683338.4949915,0,0.3499999940395355,0,0,351,900,423158243,60,77,0.0,0.0,36.497344970703125,28.561870574951172,1,0,0.6000000238418579,0,0,1,0,0,8,0,0,0,8,99,0,0.0,9.783000946044922,35.09599304199219,33.82979202270508,1.5,0,44,0.0,-1.0,0.0,1,0,0
1780683338.5154097,0,0.3499999940395355,0,0,351,900,423158243,60,77,0.0,0.0,36.497344970703125,28.561870574951172,1,0,0.6000000238418579,0,0,1,0,0,8,0,0,0,8,99,0,0.0,8.835000991821289,35.09599304199219,34.01544189453125,1.5,0,44,0.0,-1.0,0.0,0,0,0
1780683338.5350108,0,0.3499999940395355,0,0,351,900,423158243,60,77,0.0,0.0,36.497344970703125,28.561870574951172,1,0,0.6000000238418579,0,0,1,0,0,8,0,0,0,8,99,0,0.0,7.8870015144348145,35.09599304199219,34.182037353515625,1.5,0,44,0.0,-1.0,0.0,0,0,0
1780683338.5549202,0,0.3499999940395355,0,0,351,900,423158243,60,77,0.0,0.0,36.497344970703125,28.561870574951172,1,0,0.6000000238418579,0,0,1,1,0,8,0,0,0,8,99,0,0.0,-0.9479996562004089,35.09599304199219,34.24555969238281,1.5,0,44,0.0,-1.0,0.0,0,0,0
1780683338.5752437,0,0.3499999940395355,0,0,351,900,423158243,60,77,0.0,0.0,36.497344970703125,28.561870574951172,1,0,0.6000000238418579,0,0,1,1,0,8,0,0,0,8,99,0,0.0,-1.8959993124008179,35.09599304199219,34.21649169921875,1.5,0,44,0.0,-1.0,0.0,0,0,0
1780683338.594952,0,0.3499999940395355,0,0,351,900,423158243,60,77,0.0,0.0,36.497344970703125,28.561870574951172,1,0,0.6000000238418579,0,0,1,1,0,8,0,0,0,8,99,0,0.0,-2.843998908996582,35.09599304199219,34.168460845947266,1.5,0,44,0.0,-1.0,0.0,0,1,0
1780683338.6149008,0,0.3499999940395355,0,0,351,900,423158243,60,77,0.0,0.0,36.497344970703125,28.561870574951172,1,0,0.6000000238418579,0,0,1,1,0,8,0,0,0,8,99,0,0.0,-3.7919986248016357,35.09599304199219,34.101470947265625,1.5,0,44,0.0,-1.0,0.0,0,1,0
1780683338.6349185,0,0.3499999940395355,0,0,351,900,423158243,60,77,0.0,0.0,36.497344970703125,28.561870574951172,1,0,0.6000000238418579,0,0,1,1,0,8,0,0,0,8,99,0,0.0,-4.7399983406066895,35.09599304199219,34.01551818847656,1.5,0,44,0.0,-1.0,0.0,0,1,0
1780683338.6551297,0,0.3499999940395355,0,0,351,900,423158243,60,77,0.0,0.0,36.497344970703125,28.561870574951172,1,0,0.6000000238418579,0,0,1,1,0,8,0,0,0,8,99,0,0.0,-5.687997817993164,35.09599304199219,33.910667419433594,1.5,0,44,0.0,-1.0,0.0,0,1,0
1780683338.6749923,0,0.3499999940395355,0,0,351,900,423158243,60,77,0.0,0.0,36.497344970703125,28.561870574951172,1,0,0.6000000238418579,0,0,1,1,0,8,0,0,0,8,99,0,0.0,-6.635997295379639,35.09599304199219,33.78680419921875,1.5,0,44,0.0,-1.0,0.0,0,0,0
1780683338.6945884,0,0.3499999940395355,0,0,351,900,423158243,60,77,0.0,0.0,36.497344970703125,28.561870574951172,0,0,0.6000000238418579,0,0,1,0,0,8,0,0,0,8,99,0,0.0,0.0,35.09599304199219,33.64398193359375,1.5,0,44,0.0,-1.0,0.0,0,0,0
1780683338.7149677,0,0.3499999940395355,0,0,351,900,423158243,60,77,0.0,0.0,36.497344970703125,28.561870574951172,0,0,0.6000000238418579,0,0,1,0,0,8,0,0,0,8,99,0,0.0,0.0,35.09599304199219,33.57311248779297,1.5,0,44,0.0,-1.0,0.0,0,0,0
1780683338.7354398,0,0.3499999940395355,0,0,351,900,423158243,60,77,0.0,0.0,36.497344970703125,28.561870574951172,0,0,0.6000000238418579,0,0,1,0,0,8,0,0,0,8,99,0,0.0,0.0,35.09599304199219,33.57311248779297,1.5,0,44,0.0,-1.0,0.0,0,0,0
1780683338.7552238,0,0.3499999940395355,0,0,351,900,423158243,60,77,0.0,0.0,36.497344970703125,28.561870574951172,0,0,0.6000000238418579,0,0,1,0,0,8,0,0,0,8,99,0,0.0,0.0,35.09599304199219,33.57311248779297,1.5,0,44,0.0,-1.0,0.0,0,0,0
1780683338.7749615,0,0.3499999940395355,0,0,351,900,423158243,60,77,0.0,0.0,36.497344970703125,28.561870574951172,0,0,0.6000000238418579,0,0,1,0,0,8,0,0,0,8,99,0,0.0,0.0,35.09599304199219,33.57311248779297,1.5,0,44,0.0,-1.0,0.0,0,0,0
1780683338.7947114,0,0.3499999940395355,0,0,351,900,423158243,60,77,0.0,0.0,36.497344970703125,28.561870574951172,0,0,0.6000000238418579,0,0,1,0,0,8,0,0,0,8,99,0,0.0,0.0,35.09599304199219,33.57311248779297,1.5,0,44,0.0,-1.0,0.0,0,0,0
1780683338.815046,0,0.3499999940395355,0,0,351,900,423158243,60,77,0.0,0.0,36.497344970703125,28.561870574951172,0,0,0.6000000238418579,0,0,1,0,0,8,0,0,0,8,99,0,0.0,0.0,35.09599304199219,33.57311248779297,1.5,0,44,0.0,-1.0,0.0,0,0,0
1780683338.8347292,0,0.3499999940395355,0,0,351,900,423158243,60,77,0.0,0.0,36.497344970703125,28.561870574951172,0,0,0.6000000238418579,0,0,1,0,0,8,0,0,0,8,99,0,0.0,0.0,35.09599304199219,33.57311248779297,1.5,0,44,0.0,-1.0,0.0,0,0,0
1780683338.8546462,0,0.3499999940395355,0,0,351,900,423158243,60,77,0.0,0.0,36.497344970703125,28.561870574951172,0,0,0.6000000238418579,0,0,1,0,0,8,0,0,0,8,99,0,0.0,0.0,35.09599304199219,33.57311248779297,1.5,0,44,0.0,-1.0,0.0,0,0,0
1780683338.875059,0,0.3499999940395355,0,0,351,900,423158243,60,77,0.0,0.0,36.497344970703125,28.561870574951172,0,0,0.6000000238418579,0,0,1,0,0,8,0,0,0,8,99,0,0.0,0.0,35.09599304199219,33.57311248779297,1.5,0,44,0.0,-1.0,0.0,0,0,0
1780683338.894697,0,0.3499999940395355,0,0,351,900,423158243,60,77,0.0,0.0,36.497344970703125,28.561870574951172,0,0,0.6000000238418579,0,0,1,0,0,8,0,0,0,8,99,0,0.0,0.0,35.09599304199219,33.57311248779297,1.5,0,44,0.0,-1.0,0.0,0,0,0
1780683338.9151025,0,0.3499999940395355,0,0,351,900,423158243,60,77,0.0,0.0,36.497344970703125,28.561870574951172,0,0,0.6000000238418579,0,0,1,0,0,8,0,0,0,8,99,0,0.0,0.0,35.09599304199219,33.57311248779297,1.5,0,44,0.0,1.0,0.0,0,0,0
1780683338.9351182,0,0.3499999940395355,0,0,351,900,423158243,60,77,0.0,0.0,36.497344970703125,28.561870574951172,0,0,0.6000000238418579,0,0,1,0,0,8,0,0,0,8,99,0,0.0,0.0,35.09599304199219,33.57311248779297,1.5,0,11,0.0,0.0,0.0,0,0,0
1780683338.955036,0,0.3499999940395355,0,0,351,900,423158243,60,77,0.0,0.0,36.497344970703125,28.561870574951172,0,0,0.6000000238418579,0,0,1,1,0,8,0,0,0,8,99,0,0.0,-50.0,35.09599304199219,33.03985595703125,1.5,0,11,0.0,0.0,0.0,0,0,0
1780683338.9748142,0,0.3499999940395355,0,0,351,900,423158243,60,77,0.0,0.0,36.497344970703125,28.561870574951172,0,0,0.6000000238418579,0,0,1,1,0,8,0,0,0,8,99,0,0.0,-50.0,35.09599304199219,32.040348052978516,1.5,0,11,0.0,0.0,0.0,0,0,0
1780683338.994543,0,0.3499999940395355,0,0,351,900,423158243,60,77,0.0,0.0,36.497344970703125,28.561870574951172,0,0,0.6000000238418579,0,0,1,1,0,8,0,0,0,8,99,0,0.0,-50.0,35.09599304199219,31.040348052978516,1.5,0,11,0.0,0.0,0.0,0,0,0
1780683339.0149322,0,0.3499999940395355,0,0,351,900,423158243,60,77,0.0,0.0,36.497344970703125,28.561870574951172,0,0,0.6000000238418579,0,0,1,1,0,8,0,0,0,8,99,0,0.0,-50.0,35.09599304199219,30.04037094116211,1.5,0,11,0.0,0.0,0.0,0,0,0
1780683339.0351555,0,0.3499999940395355,0,0,351,900,423158243,60,77,0.0,0.0,36.497344970703125,28.561870574951172,0,0,0.6000000238418579,0,0,1,1,0,8,0,0,0,8,99,0,0.0,-50.0,35.09599304199219,29.04037094116211,1.5,0,11,0.0,0.0,0.0,0,0,0
1780683339.0550523,0,0.3499999940395355,0,0,351,900,423158243,60,77,0.0,0.0,36.497344970703125,28.561870574951172,0,0,0.6000000238418579,0,0,1,0,0,8,0,0,0,8,99,1,0.0,0.0,35.09599304199219,28.485197067260742,1.5,0,11,0.0,0.0,0.0,0,0,0
1780683339.07502,0,0.3499999940395355,0,0,351,900,423158243,60,77,0.0,0.0,36.497344970703125,28.561870574951172,0,0,0.6000000238418579,0,0,1,0,0,8,0,0,0,8,99,1,0.0,0.0,35.09599304199219,28.408092498779297,1.5,0,11,0.0,0.0,0.0,0,0,0
1780683339.094645,0,0.3499999940395355,0,0,351,900,423158243,60,77,0.0,0.0,36.497344970703125,28.561870574951172,0,0,0.6000000238418579,0,0,1,0,0,8,0,0,0,8,99,1,0.0,0.0,35.09599304199219,28.408103942871094,1.5,0,11,0.0,0.0,0.0,0,0,0
1780683339.1145608,0,0.3499999940395355,0,0,351,900,423158243,60,77,0.0,0.0,36.497344970703125,28.561870574951172,0,0,0.6000000238418579,0,0,1,0,0,8,0,0,0,8,99,1,0.0,0.0,35.09599304199219,28.408111572265625,1.5,0,11,0.0,0.0,0.0,0,0,0
1780683339.134684,0,0.3499999940395355,0,0,351,900,423158243,60,77,0.0,0.0,36.497344970703125,28.561870574951172,0,0,0.6000000238418579,0,0,1,0,0,8,0,0,0,8,99,1,0.0,0.0,35.09599304199219,28.408117294311523,1.5,0,11,0.0,0.0,0.0,0,0,0
1780683339.1547709,0,0.3499999940395355,0,0,321,900,423158243,7,77,0.0,0.0,36.497344970703125,28.561870574951172,0,0,0.6000000238418579,0,0,1,0,0,8,0,0,0,8,99,1,0.0,0.0,35.09599304199219,28.408119201660156,1.5,0,11,0.0,0.0,0.0,0,0,0
1780683339.17484,0,0.3499999940395355,0,0,321,900,423158243,7,77,0.0,0.0,37.09734344482422,28.561870574951172,0,0,0.6000000238418579,0,0,1,0,0,8,0,0,0,8,99,1,0.0,0.0,35.09599304199219,28.40812110900879,1.5,0,11,0.0,0.0,0.0,0,0,0
1780683339.1947272,0,0.3499999940395355,0,0,321,900,423158243,7,77,0.0,0.0,37.41765594482422,28.561874389648438,0,0,0.6000000238418579,0,0,1,0,0,8,0,0,0,8,99,1,0.0,0.0,35.09599304199219,28.40812110900879,1.5,0,11,0.0,0.0,0.0,0,0,0
1780683339.2148314,0,0.3499999940395355,0,0,321,900,423158243,7,77,0.0,0.0,37.41763687133789,28.561874389648438,0,0,0.6000000238418579,0,0,1,0,0,8,0,0,0,8,99,1,0.0,0.0,35.09599304199219,28.40812110900879,1.5,0,11,0.0,0.0,0.0,0,0,0
1780683339.2349865,0,0.3499999940395355,0,0,321,900,423158243,7,77,0.0,0.0,37.41762161254883,28.561874389648438,0,0,0.6000000238418579,0,0,1,0,0,8,0,0,0,8,99,1,0.0,0.0,35.09599304199219,28.40812110900879,1.5,0,11,0.0,0.0,0.0,0,0,0
1780683339.2545645,0,0.3499999940395355,0,0,321,900,423158243,7,77,0.0,0.0,37.4176139831543,28.561874389648438,0,0,0.6000000238418579,0,0,1,0,0,8,0,0,0,8,99,1,0.0,0.0,35.09599304199219,28.40812110900879,1.5,0,11,0.0,0.0,0.0,0,0,0
1780683339.2750707,0,0.3499999940395355,0,0,321,900,423158243,7,77,0.0,0.0,37.417606353759766,28.561874389648438,0,0,0.6000000238418579,0,0,1,0,0,8,0,0,0,8,99,1,0.0,0.0,35.09599304199219,28.40812110900879,1.5,0,11,0.0,0.0,0.0,0,0,0
1780683339.29474,0,0.3499999940395355,0,0,321,900,423158243,7,77,0.0,0.0,37.417606353759766,28.561874389648438,0,0,0.6000000238418579,0,0,1,0,0,8,0,0,0,8,99,1,0.0,0.0,35.09599304199219,28.40812110900879,1.5,0,11,0.0,0.0,0.0,0,0,0
1780683339.3148198,0,0.3499999940395355,0,0,321,900,423158243,7,77,0.0,0.0,37.417606353759766,28.561874389648438,0,0,0.6000000238418579,0,0,1,0,0,8,0,0,0,8,99,1,0.0,0.0,35.09599304199219,28.40812110900879,1.5,0,11,0.0,0.0,0.0,0,0,0
1780683339.3348072,0,0.3499999940395355,0,0,321,900,423158243,7,77,0.0,0.0,37.417606353759766,28.561874389648438,0,0,0.6000000238418579,0,0,1,0,0,8,0,0,0,8,99,1,0.0,0.0,35.09599304199219,28.40812110900879,1.5,0,11,0.0,0.0,0.0,0,0,0
1780683339.3551357,0,0.3499999940395355,0,0,321,900,423158243,7,77,0.0,0.0,37.417606353759766,28.561874389648438,0,0,0.6000000238418579,0,0,1,0,0,8,0,0,0,8,99,1,0.0,0.0,35.09599304199219,28.40812110900879,1.5,0,11,0.0,0.0,0.0,0,0,0
1780683339.3748622,0,0.3499999940395355,0,0,321,900,423158243,7,77,0.0,0.0,37.417606353759766,28.561874389648438,0,0,0.6000000238418579,0,0,1,0,0,8,0,0,0,8,99,1,0.0,0.0,35.09599304199219,28.40812110900879,1.5,0,11,0.0,0.0,0.0,0,0,0
1780683339.395029,0,0.3499999940395355,0,0,321,900,423158243,7,77,0.0,0.0,37.417606353759766,28.561874389648438,0,0,0.6000000238418579,0,0,1,0,0,8,0,0,0,8,99,1,0.0,0.0,35.09599304199219,28.408119201660156,1.5,0,11,0.0,0.0,0.0,0,0,0
1780683339.4154866,0,0.3499999940395355,0,0,321,900,423158243,7,77,0.0,0.0,37.417606353759766,28.561874389648438,0,0,0.6000000238418579,0,0,1,0,0,8,0,0,0,8,99,1,0.0,0.0,35.09599304199219,28.40812110900879,1.5,0,11,0.0,0.0,0.0,0,0,0
1780683339.4355228,0,0.3499999940395355,0,0,321,900,423158243,7,77,0.0,0.0,37.417606353759766,28.561874389648438,0,0,0.6000000238418579,0,0,1,0,0,8,0,0,0,8,99,1,0.0,0.0,35.09599304199219,28.40812110900879,1.5,0,11,0.0,0.0,0.0,0,0,0
1780683339.4549627,0,0.3499999940395355,0,0,321,900,423158243,7,77,0.0,0.0,37.417606353759766,28.561874389648438,0,0,0.6000000238418579,0,0,1,0,0,8,0,0,0,8,99,1,0.0,0.0,35.09599304199219,28.40812110900879,1.5,0,11,0.0,0.0,0.0,0,0,0
1780683339.4749172,0,0.3499999940395355,0,0,321,900,423158243,9,77,-3.2798538208007812,41.0,37.417606353759766,28.561874389648438,0,0,0.6000000238418579,0,0,1,0,0,8,0,0,0,8,99,1,0.0,0.0,35.09599304199219,28.40812110900879,1.5,0,11,0.0,0.0,0.0,0,0,0
1780683339.4949467,0,0.3499999940395355,0,0,321,900,423158243,10,77,-3.2798538208007812,39.20000076293945,37.35200881958008,29.345874786376953,0,0,0.6000000238418579,0,0,1,0,0,8,0,0,0,8,99,1,0.0,0.0,35.09599304199219,28.40812110900879,1.5,0,11,0.0,0.0,0.0,0,0,0
1780683339.5147743,0,0.3499999940395355,0,0,306,900,423158243,10,77,-3.2798538208007812,37.400001525878906,37.28641128540039,30.093873977661133,0,0,0.6000000238418579,0,0,1,0,0,8,0,0,0,8,99,1,0.0,0.0,35.09599304199219,28.40812110900879,1.5,0,11,0.0,0.0,0.0,0,0,0
1780683339.5345888,0,0.3499999940395355,0,0,306,900,423158243,10,77,-3.2798538208007812,35.60000228881836,37.367000579833984,30.80587387084961,0,0,0.6000000238418579,0,0,1,0,0,8,0,0,0,8,99,1,0.0,0.0,35.09599304199219,28.40812110900879,1.5,0,11,0.0,0.0,0.0,0,0,0
1780683339.5547862,0,0.3499999940395355,0,0,306,900,423158243,10,77,-3.2798538208007812,33.80000305175781,37.3014030456543,31.481874465942383,0,0,0.6000000238418579,0,0,1,0,0,8,0,0,0,8,99,1,0.0,0.0,35.09599304199219,28.40812110900879,1.5,0,11,0.0,0.0,0.0,0,0,0
1780683339.5751355,0,0.3499999940395355,0,0,306,900,423158243,10,77,-3.2798538208007812,32.000003814697266,37.23580551147461,32.12187194824219,0,0,0.6000000238418579,0,0,1,0,0,8,0,0,0,8,99,1,0.0,0.0,35.09599304199219,28.40812110900879,1.5,0,11,0.0,0.0,0.0,0,0,0
1780683339.5947762,0,0.3499999940395355,0,0,306,900,423158243,10,77,-3.2798538208007812,30.20000457763672,37.17020797729492,32.72587203979492,0,0,0.6000000238418579,0,0,1,0,0,8,0,0,0,8,99,1,0.0,0.0,35.09599304199219,28.40812110900879,1.5,0,11,0.0,0.0,0.0,0,0,0
1780683339.614588,0,0.3499999940395355,0,0,306,900,423158243,10,77,-3.2798538208007812,28.400005340576172,37.104610443115234,33.29387283325195,0,0,0.6000000238418579,0,0,1,0,0,8,0,0,0,8,99,1,0.0,0.0,35.09599304199219,28.40812110900879,1.5,0,11,0.0,0.0,0.0,0,0,0
1780683339.6348727,0,0.3499999940395355,0,0,306,900,423158243,10,77,-3.2798538208007812,26.600006103515625,37.03901290893555,33.82587432861328,0,0,0.6000000238418579,0,0,1,0,0,8,0,0,0,8,99,1,0.0,0.0,35.09599304199219,28.40812110900879,1.5,0,11,0.0,0.0,0.0,0,0,0
1780683339.6549132,0,0.3499999940395355,0,0,306,900,423158243,10,77,-3.2798538208007812,24.800006866455078,36.97341537475586,34.32187271118164,0,0,0.6000000238418579,0,0,1,0,0,8,0,0,0,8,99,1,0.0,0.0,35.09599304199219,28.40812110900879,1.5,0,11,0.0,0.0,0.0,0,0,0
1780683339.6748798,0,0.3499999940395355,0,0,306,900,423158243,10,77,-3.2798538208007812,23.00000762939453,36.90781784057617,34.7818717956543,0,0,0.6000000238418579,0,0,1,0,0,8,0,0,0,8,99,1,0.0,0.0,35.09599304199219,28.40812110900879,1.5,0,11,0.0,0.0,0.0,0,0,0
1780683339.6946785,0,0.3499999940395355,0,0,306,900,423158243,10,77,-3.2798538208007812,21.200008392333984,36.842220306396484,35.20587158203125,0,0,0.6000000238418579,0,0,1,0,0,8,0,0,0,8,99,1,0.0,0.0,35.09599304199219,28.40812110900879,1.5,0,11,0.0,0.0,0.0,0,0,0
1780683339.7147863,0,0.3499999940395355,0,0,306,900,423158243,10,77,-3.2798538208007812,19.400009155273438,36.7766227722168,35.5938720703125,0,0,0.6000000238418579,0,0,1,0,0,8,0,0,0,8,99,1,0.0,0.0,35.09599304199219,28.40812110900879,1.5,0,11,0.0,0.0,0.0,0,0,0
1780683339.7348528,0,0.3499999940395355,0,0,306,900,423158243,10,77,-3.2798538208007812,17.60000991821289,36.71102523803711,35.94587326049805,1,0,0.6000000238418579,0,0,1,0,0,8,0,0,0,8,99,1,0.0,0.0,35.09599304199219,28.40812110900879,1.5,0,11,0.0,0.0,0.0,0,0,0
1780683339.7546384,0,0.3499999940395355,0,0,306,900,423158243,10,77,-3.2798538208007812,15.800010681152344,36.64542770385742,36.26187515258789,1,0,0.6000000238418579,0,0,1,0,0,8,0,0,0,8,99,1,0.0,0.0,35.09599304199219,28.40812110900879,1.5,0,11,0.0,0.0,0.0,0,0,0
1780683339.7751486,0,0.3499999940395355,0,0,306,900,423158243,10,77,-3.2798538208007812,14.000011444091797,36.579830169677734,36.541873931884766,1,0,0.6000000238418579,0,0,1,0,0,8,0,0,0,8,99,1,0.0,0.0,35.09599304199219,28.40812110900879,1.5,0,11,0.0,0.0,0.0,0,0,0
1780683339.795008,0,0.3499999940395355,0,0,306,900,423158243,10,77,-3.2798538208007812,12.20001220703125,36.51423263549805,36.78587341308594,1,0,0.6000000238418579,0,0,1,0,0,8,0,0,0,8,99,1,0.0,0.0,35.09599304199219,28.40812110900879,1.5,0,11,0.0,0.0,0.0,0,0,0
1780683339.8148434,0,0.3499999940395355,0,0,306,900,423158243,10,77,-3.2798538208007812,10.400012969970703,36.44863510131836,36.993873596191406,1,0,0.6000000238418579,0,0,1,0,0,8,0,0,0,8,99,1,0.0,0.0,35.09599304199219,28.40812110900879,1.5,0,11,0.0,0.0,0.0,0,0,0
1780683339.8347945,0,0.3499999940395355,0,0,306,900,423158243,10,77,-3.2798538208007812,8.600013732910156,36.38303756713867,37.16587448120117,1,0,0.6000000238418579,0,0,1,0,0,8,0,0,0,8,99,1,0.0,0.0,35.09599304199219,28.40812110900879,1.5,0,11,0.0,0.0,0.0,0,0,0
1780683339.8547635,0,0.3499999940395355,0,0,306,900,423158243,10,77,-3.2798538208007812,6.800014495849609,36.317440032958984,37.301876068115234,1,0,0.6000000238418579,0,0,1,0,0,8,0,0,0,8,99,1,0.0,0.0,35.09599304199219,28.40812110900879,1.5,0,11,0.0,0.0,0.0,0,0,0
1780683339.87483,0,0.3499999940395355,0,0,306,900,423158243,10,77,-3.2798538208007812,5.0000152587890625,36.2518424987793,37.40187454223633,1,0,0.6000000238418579,0,0,1,0,0,8,0,0,0,8,99,1,0.0,0.0,35.09599304199219,28.40812110900879,1.5,0,11,0.0,0.0,0.0,0,0,0
1780683339.8946993,0,0.3499999940395355,0,0,306,900,423158243,10,77,-3.2798538208007812,3.2000160217285156,36.18624496459961,37.46587371826172,1,0,0.6000000238418579,0,0,1,0,0,8,0,0,0,8,99,1,0.0,0.0,35.09599304199219,28.40812110900879,1.5,0,11,0.0,0.0,0.0,0,0,0
1780683339.914613,0,0.3499999940395355,0,0,306,900,423158243,10,77,-3.2798538208007812,1.4000167846679688,36.12064743041992,37.493873596191406,1,0,0.6000000238418579,0,0,1,0,0,8,0,0,0,8,99,1,0.0,0.0,35.09599304199219,28.40812110900879,1.5,0,11,0.0,0.0,0.0,0,0,0
1780683339.9347553,0,0.3499999940395355,0,0,306,900,423158243,10,77,-3.2798538208007812,-0.3999824523925781,36.055049896240234,37.48587417602539,1,0,0.6000000238418579,0,0,1,0,0,8,0,0,0,8,99,1,0.0,0.0,35.09599304199219,28.40812110900879,1.5,0,11,0.0,0.0,0.0,0,0,0
1780683339.9547431,0,0.3499999940395355,0,0,306,900,423158243,10,77,-3.2798538208007812,-2.199981689453125,35.98945236206055,37.44187545776367,1,0,0.6000000238418579,0,0,1,0,0,8,0,0,0,8,99,1,0.0,0.0,35.09599304199219,28.40812110900879,1.5,0,11,0.0,0.0,0.0,0,0,0
1780683339.974577,0,0.3499999940395355,0,0,306,900,423158243,10,77,-3.2798538208007812,-3.999980926513672,35.92385482788086,37.36187744140625,1,0,0.6000000238418579,0,0,1,0,0,8,0,0,0,8,99,1,0.0,0.0,35.09599304199219,28.40812110900879,1.5,0,11,0.0,0.0,0.0,0,0,0
1780683339.994883,0,0.3499999940395355,0,0,306,900,423158243,10,77,-3.2798538208007812,-5.799980163574219,35.85825729370117,37.24587631225586,1,0,0.6000000238418579,0,0,1,0,0,8,0,0,0,8,99,1,0.0,0.0,35.09599304199219,28.40812110900879,1.5,0,11,0.0,0.0,0.0,0,0,0
1780683340.0144534,0,0.3499999940395355,0,0,306,900,423158243,10,77,-3.2798538208007812,-7.599979400634766,35.792659759521484,37.093875885009766,1,0,0.6000000238418579,0,0,1,0,0,8,0,0,0,8,99,1,0.0,0.0,35.09599304199219,28.40812110900879,1.5,0,11,0.0,0.0,0.0,0,0,0
1780683340.0346315,0,0.3499999940395355,0,0,306,900,423158243,10,77,-3.2798538208007812,-9.399978637695312,35.7270622253418,36.90587615966797,1,0,0.6000000238418579,0,0,1,0,0,8,0,0,0,8,99,1,0.0,0.0,35.09599304199219,28.40812110900879,1.5,0,11,0.0,0.0,0.0,0,0,0
1780683340.0551853,0,0.3499999940395355,0,0,306,900,423158243,10,77,-3.2798538208007812,-11.19997787475586,35.66146469116211,36.68187713623047,1,0,0.6000000238418579,0,0,1,0,0,8,0,0,0,8,99,1,0.0,0.0,35.09599304199219,28.40812110900879,1.5,0,11,0.0,0.0,0.0,0,0,0
1780683340.074995,0,0.3499999940395355,0,0,306,900,423158243,10,77,-3.2798538208007812,-12.999977111816406,35.59586715698242,36.421878814697266,1,0,0.6000000238418579,0,0,1,0,0,8,0,0,0,8,99,1,0.0,0.0,35.09599304199219,28.40812110900879,1.5,0,11,0.0,0.0,0.0,0,0,0
1780683340.0944004,0,0.3499999940395355,0,0,306,900,423158243,10,77,-3.2798538208007812,-14.799976348876953,35.530269622802734,36.12588119506836,1,0,0.6000000238418579,0,0,1,0,0,8,0,0,0,8,99,1,0.0,0.0,35.09599304199219,28.40812110900879,1.5,0,11,0.0,0.0,0.0,0,0,0
1780683340.1144822,0,0.3499999940395355,0,0,306,900,423158243,10,77,-3.2798538208007812,-16.5999755859375,35.46467208862305,35.793880462646484,1,0,0.6000000238418579,0,0,1,0,0,8,0,0,0,8,99,1,0.0,0.0,35.09599304199219,28.40812110900879,1.5,0,11,0.0,0.0,0.0,0,0,0
1780683340.1348886,0,0.3499999940395355,0,0,306,900,423158243,10,77,-3.2798538208007812,-18.399974822998047,35.39907455444336,35.425880432128906,1,0,0.6000000238418579,0,0,1,0,0,8,0,0,0,8,99,1,0.0,0.0,35.09599304199219,28.40812110900879,1.5,0,11,0.0,0.0,0.0,0,0,0
1780683340.1552346,0,0.3499999940395355,0,0,306,900,423158243,10,77,-3.2798538208007812,-20.199974060058594,35.33347702026367,35.021881103515625,1,0,0.6000000238418579,0,0,1,0,0,8,0,0,0,8,99,1,0.0,0.0,35.09599304199219,28.40812110900879,1.5,0,11,0.0,0.0,0.0,0,0,0
1780683340.174922,0,0.3499999940395355,0,0,306,900,423158243,10,77,-3.2798538208007812,-21.99997329711914,35.267879486083984,34.58188247680664,1,0,0.6000000238418579,0,0,1,0,0,8,0,0,0,8,99,1,0.0,0.0,35.09599304199219,28.40812110900879,1.5,0,11,1.0,0.0,0.0,0,0,0
1780683340.1951566,0,0.3499999940395355,0,0,306,900,423158243,10,77,-3.2798538208007812,-23.799972534179688,35.2022819519043,34.10588455200195,1,0,0.6000000238418579,0,0,1,0,0,8,0,0,0,8,99,1,0.0,0.0,35.09599304199219,28.40812110900879,1.5,0,11,1.0,0.0,0.0,0,0,0
1780683340.2148342,0,0.3499999940395355,0,0,306,900,423158243,10,77,-3.2798538208007812,-25.599971771240234,35.13668441772461,33.5938835144043,1,0,0.6000000238418579,0,0,1,0,0,8,0,0,0,8,99,1,8.300000190734863,0.0,35.18448257446289,28.40812110900879,1.5,0,11,1.0,0.0,0.0,0,0,0
1780683340.2349093,0,0.3499999940395355,0,0,306,900,423158243,10,77,-3.2798538208007812,-27.39997100830078,35.07108688354492,33.04588317871094,1,0,0.6000000238418579,0,0,1,0,0,8,0,0,0,8,99,1,8.300000190734863,0.0,35.35040283203125,28.40812110900879,1.5,0,11,1.0,0.0,0.0,0,0,0
1780683340.255091,0,0.3499999940395355,0,0,306,900,423158243,10,77,-3.2798538208007812,-29.199970245361328,35.005489349365234,32.461883544921875,1,0,0.6000000238418579,0,0,1,0,0,8,0,0,0,8,99,1,8.300000190734863,0.0,35.51641082763672,28.40812110900879,1.5,0,11,1.0,0.0,0.0,0,0,0
1780683340.2750726,0,0.3499999940395355,0,0,306,900,423158243,10,77,-3.2798538208007812,-30.999969482421875,34.93989181518555,31.84188461303711,1,0,0.6000000238418579,0,0,1,0,0,8,0,0,0,8,99,1,8.300000190734863,0.0,35.682403564453125,28.40812110900879,1.5,0,11,1.0,0.0,0.0,0,0,0
1780683340.2948973,0,0.3499999940395355,0,0,306,900,423158243,10,77,-3.2798538208007812,-32.79996871948242,34.87429428100586,31.18588638305664,1,0,0.6000000238418579,0,0,1,0,0,8,0,0,0,8,99,1,8.300000190734863,0.0,35.84840393066406,28.40812110900879,1.5,0,11,1.0,0.0,0.0,0,0,0
1780683340.3147674,0,0.3499999940395355,0,0,306,900,423158243,10,77,-3.2798538208007812,-34.59996795654297,34.80869674682617,30.493886947631836,1,0,0.6000000238418579,0,0,1,0,0,8,0,0,0,8,99,1,8.300000190734863,0.0,36.014488220214844,28.40812110900879,1.5,0,11,1.0,0.0,0.0,0,0,0
1780683340.3350387,0,0.3499999940395355,0,0,306,900,423158243,10,77,-3.2798538208007812,-36.399967193603516,34.743099212646484,29.765888214111328,1,0,0.6000000238418579,0,0,1,0,0,8,0,0,0,8,99,1,8.300000190734863,0.0,36.18049240112305,28.40812110900879,1.5,0,11,1.0,0.0,0.0,0,0,0
1780683340.3548887,0,0.3499999940395355,0,0,306,900,423158243,10,77,-3.2798538208007812,-38.19996643066406,34.6775016784668,29.001888275146484,1,0,0.6000000238418579,0,0,1,0,0,8,0,0,0,8,99,1,8.300000190734863,0.0,36.34648895263672,28.40812110900879,1.5,0,11,1.0,1.0,0.0,0,0,0
1780683340.37495,0,0.3499999940395355,0,0,306,900,423158243,11,77,0.0,0.0,34.61190414428711,28.56183624267578,1,0,0.6000000238418579,0,0,1,0,0,8,0,0,0,8,99,1,8.300000190734863,0.0,36.512489318847656,28.40812110900879,1.5,0,11,1.0,1.0,0.0,0,0,0
1780683340.3948977,0,0.3499999940395355,0,0,306,900,423158243,11,77,0.0,0.0,34.61190414428711,28.56184959411621,1,0,0.6000000238418579,0,0,1,0,0,8,0,0,0,8,99,1,8.300000190734863,0.0,36.678489685058594,28.40812110900879,1.5,0,11,1.0,1.0,0.0,0,0,0
1780683340.4149091,0,0.3499999940395355,0,0,306,900,423158243,11,77,0.0,0.0,34.61190414428711,28.561859130859375,1,0,0.6000000238418579,0,0,1,0,0,8,0,0,0,8,99,1,8.300000190734863,0.0,36.84449005126953,28.40812110900879,1.5,0,11,1.0,1.0,0.0,0,0,0
1780683340.4350011,0,0.3499999940395355,0,0,306,900,423158243,11,77,0.0,0.0,34.61190414428711,28.561864852905273,1,0,0.6000000238418579,0,0,1,0,0,8,0,0,0,8,99,1,8.300000190734863,0.0,37.01049041748047,28.40812110900879,1.5,0,11,1.0,0.0,0.0,0,0,0
1780683340.4550443,0,0.3499999940395355,0,0,306,900,423158243,11,77,0.0,0.0,34.61190414428711,28.56186866760254,1,0,0.6000000238418579,0,0,1,0,0,8,0,0,0,8,99,1,8.300000190734863,0.0,37.176490783691406,28.40812110900879,1.5,0,11,0.0,0.0,0.0,0,0,0
1780683340.4750578,0,0.3499999940395355,0,0,306,900,423158243,11,77,0.0,0.0,34.61190414428711,28.561870574951172,1,0,0.6000000238418579,0,0,1,0,0,8,0,0,0,8,99,1,8.300000190734863,0.0,37.3424072265625,28.40812110900879,1.5,0,11,0.0,0.0,0.0,0,0,0
1780683340.4948206,0,0.3499999940395355,0,0,306,900,423158243,11,77,0.0,0.0,34.61190414428711,28.561870574951172,1,0,0.6000000238418579,0,0,1,0,0,8,0,0,0,8,99,1,0.0,0.0,37.41999816894531,28.40812110900879,1.5,0,11,0.0,0.0,0.0,0,0,0
1780683340.5145392,0,0.3499999940395355,0,0,306,900,423158243,11,77,0.0,0.0,34.61190414428711,28.561870574951172,1,0,0.6000000238418579,0,0,1,0,0,8,0,0,0,8,99,1,0.0,0.0,37.41999816894531,28.40812110900879,1.5,0,11,0.0,0.0,0.0,0,0,0
1780683340.53491,0,0.3499999940395355,0,0,306,900,423158243,11,77,0.0,0.0,34.61190414428711,28.561870574951172,1,0,0.6000000238418579,0,0,1,0,0,8,0,0,0,8,99,1,0.0,0.0,37.41999816894531,28.40812110900879,1.5,0,11,0.0,0.0,0.0,0,0,0
1780683340.5551913,0,0.3499999940395355,0,0,306,900,423158243,11,77,0.0,0.0,34.61190414428711,28.561870574951172,1,0,0.6000000238418579,0,0,1,0,0,8,0,0,0,8,99,1,0.0,0.0,37.41999816894531,28.40812110900879,1.5,0,11,0.0,0.0,0.0,0,0,0
1780683340.5748115,0,0.3499999940395355,0,0,306,900,423158243,11,77,0.0,0.0,34.61190414428711,28.561870574951172,1,0,0.6000000238418579,0,0,1,0,0,8,0,0,0,8,99,1,0.0,0.0,37.41999816894531,28.40812110900879,1.5,0,11,0.0,0.0,0.0,0,0,0
1780683340.5947094,0,0.3499999940395355,0,0,306,900,423158243,11,77,0.0,0.0,34.61190414428711,28.561870574951172,1,0,0.6000000238418579,0,0,1,0,0,8,0,0,0,8,99,1,0.0,0.0,37.41999816894531,28.40812110900879,1.5,0,11,-1.0,0.0,0.0,0,0,0
1780683340.614936,0,0.3499999940395355,0,0,306,900,423158243,1,77,0.0,0.0,34.61190414428711,28.561870574951172,1,0,0.6000000238418579,0,0,1,0,0,8,0,0,0,8,99,1,0.0,0.0,37.41999816894531,28.40812110900879,1.5,0,11,-1.0,0.0,0.0,0,0,0
1780683340.6349578,0,0.3499999940395355,0,0,306,900,423158243,1,77,0.0,0.0,34.61190414428711,28.561870574951172,1,0,0.6000000238418579,0,0,1,0,0,8,0,0,0,8,99,1,0.0,0.0,37.41999816894531,28.40812110900879,1.5,0,11,-1.0,0.0,0.0,0,0,0
1780683340.6548975,0,0.3499999940395355,0,0,306,900,423158243,1,77,0.0,0.0,34.61190414428711,28.561870574951172,1,0,0.6000000238418579,0,0,0,0,0,8,0,0,0,8,99,1,-8.300000190734863,0.0,37.33149719238281,28.40812110900879,1.5,0,11,-1.0,0.0,0.0,0,0,0
1780683340.6750069,0,0.3499999940395355,0,0,306,900,423158243,1,77,0.0,0.0,34.61190414428711,28.561870574951172,1,0,0.6000000238418579,0,0,0,0,0,8,0,0,0,8,99,1,-8.300000190734863,0.0,37.165496826171875,28.40812110900879,1.5,0,11,-1.0,0.0,0.0,0,0,0
1780683340.6948698,0,0.3499999940395355,0,0,306,900,423158243,1,77,0.0,0.0,34.61190414428711,28.561870574951172,1,0,0.6000000238418579,0,0,0,0,0,8,0,0,0,8,99,1,-8.300000190734863,0.0,36.99958038330078,28.40812110900879,1.5,0,11,-1.0,0.0,0.0,0,0,1
1780683340.714621,0,0.3499999940395355,1,0,306,900,423158243,1,77,0.0,0.0,34.61190414428711,28.561870574951172,0,0,0.6000000238418579,0,0,0,0,0,8,0,1,0,8,99,1,-8.300000190734863,0.0,36.83349609375,28.40812110900879,1.5,0,11,-1.0,0.0,0.0,0,0,1
1780683340.7348428,0,0.3499999940395355,1,0,306,900,423158243,7,77,0.0,0.0,34.61190414428711,28.561870574951172,0,0,0.6000000238418579,0,0,0,0,0,8,0,1,0,8,99,1,-8.300000190734863,0.0,36.66749572753906,28.40812110900879,1.5,0,11,-1.0,0.0,0.0,0,0,1
1780683340.7551255,0,0.3499999940395355,1,0,285,900,423158243,7,77,0.0,0.0,34.61190414428711,28.561870574951172,0,0,0.6000000238418579,0,0,0,0,0,8,0,1,0,8,99,1,3.75,0.0,36.501495361328125,28.40812110900879,1.5,0,22,-1.0,0.0,0.0,0,0,1
1780683340.7751687,0,0.3499999940395355,1,0,285,900,423158243,7,77,0.0,0.0,34.31190490722656,28.561870574951172,0,0,0.6000000238418579,0,0,0,0,0,8,0,1,0,8,99,1,3.75,0.0,36.46394348144531,28.40812110900879,1.5,0,22,-1.0,0.0,0.0,0,0,1
1780683340.7947483,0,0.3499999940395355,1,0,285,900,423158243,7,77,0.0,0.0,34.011905670166016,28.561870574951172,0,0,0.6000000238418579,0,0,0,0,0,8,0,1,0,8,99,1,3.75,0.0,36.5389404296875,28.40812110900879,1.5,0,22,-1.0,0.0,0.0,0,0,1
1780683340.8149743,0,0.3499999940395355,1,0,285,900,423158243,7,77,0.0,0.0,33.71190643310547,28.561870574951172,1,0,0.6000000238418579,0,0,0,0,0,8,0,1,0,8,99,1,3.75,0.0,36.61394500732422,28.40812110900879,1.5,0,22,-1.0,0.0,0.0,0,0,0
1780683340.8351836,0,0.3499999940395355,1,0,285,900,423158243,7,77,0.0,0.0,33.41190719604492,28.561870574951172,1,0,0.6000000238418579,0,0,0,0,0,8,0,1,0,8,99,1,3.75,0.0,36.68898010253906,28.40812110900879,1.5,0,22,-1.0,0.0,0.0,0,0,0
1780683340.8547776,0,0.3499999940395355,1,0,285,900,423158243,7,77,0.0,0.0,33.111907958984375,28.561870574951172,1,0,0.6000000238418579,0,0,0,0,0,8,0,1,0,8,99,1,3.75,0.0,36.76397705078125,28.40812110900879,1.5,0,22,-1.0,0.0,0.0,0,0,0
1780683340.8750033,0,0.3499999940395355,1,0,285,900,423158243,7,77,0.0,0.0,32.81190872192383,28.561870574951172,1,0,0.6000000238418579,0,0,0,0,0,8,0,1,0,8,99,1,3.75,0.0,36.83894348144531,28.40812110900879,1.5,0,22,-1.0,0.0,0.0,0,0,0
1780683340.8948858,0,0.3499999940395355,1,0,285,900,423158243,7,77,0.0,0.0,32.51190948486328,28.561870574951172,1,0,0.6000000238418579,0,0,0,0,0,8,0,1,0,8,99,1,3.75,0.0,36.913944244384766,28.40812110900879,1.5,0,22,-1.0,0.0,0.0,0,0,0
1780683340.9147036,0,0.3499999940395355,1,0,285,900,423158243,7,77,0.0,0.0,32.211910247802734,28.561870574951172,1,0,0.6000000238418579,0,0,0,0,0,8,0,1,0,8,99,1,3.75,0.0,36.988983154296875,28.40812110900879,1.5,0,22,-1.0,0.0,0.0,0,0,0
1780683340.934699,0,0.3499999940395355,1,0,285,900,423158243,7,77,0.0,0.0,32.211910247802734,28.561870574951172,1,0,0.6000000238418579,0,0,0,0,0,8,0,1,0,8,99,1,3.75,0.0,37.06398010253906,28.40812110900879,1.5,0,22,-1.0,0.0,0.0,0,0,0
1780683340.9549065,0,0.3499999940395355,1,0,285,900,423158243,7,77,0.0,0.0,32.211910247802734,28.561870574951172,1,0,0.6000000238418579,0,0,0,0,0,8,0,1,0,8,99,1,-8.300000190734863,0.0,37.01051712036133,28.40812110900879,1.5,0,22,-1.0,0.0,0.0,0,0,0
1780683340.9748042,0,0.3499999940395355,1,0,285,900,423158243,7,77,0.0,0.0,32.211910247802734,28.561870574951172,1,0,0.6000000238418579,0,0,0,0,0,8,0,1,0,8,99,1,-8.300000190734863,0.0,36.84459686279297,28.40812110900879,1.5,0,22,-1.0,0.0,0.0,0,0,0
1780683340.9947016,0,0.3499999940395355,1,0,285,900,423158243,7,77,0.0,0.0,32.211910247802734,28.561870574951172,1,0,0.6000000238418579,0,0,0,0,0,8,0,1,0,8,99,1,-8.300000190734863,0.0,36.67859649658203,28.40812110900879,1.5,0,22,-1.0,0.0,0.0,0,0,0
1780683341.0146072,0,0.3499999940395355,1,0,285,900,423158243,7,77,0.0,0.0,32.211910247802734,28.561870574951172,1,0,0.6000000238418579,0,0,0,0,0,8,0,1,0,8,99,1,-8.300000190734863,0.0,36.512603759765625,28.40812110900879,1.5,0,22,-1.0,0.0,0.0,0,0,0
1780683341.034885,0,0.3499999940395355,1,0,285,900,423158243,7,77,0.0,0.0,32.211910247802734,28.561870574951172,1,0,0.6000000238418579,0,0,0,0,0,8,0,1,0,8,99,1,-8.300000190734863,0.0,36.346519470214844,28.40812110900879,1.5,0,22,-1.0,0.0,0.0,0,0,0
1780683341.0548782,0,0.3499999940395355,1,0,285,900,423158243,9,77,-8.723678588867188,41.0,32.211910247802734,28.561870574951172,1,0,0.6000000238418579,0,0,0,0,0,8,0,1,0,8,99,1,-8.300000190734863,0.0,36.180519104003906,28.40812110900879,1.5,0,22,-1.0,0.0,0.0,0,0,0
1780683341.0757833,0,0.3499999940395355,0,0,285,900,423158243,10,77,-8.723678588867188,39.20000076293945,32.037437438964844,29.345870971679688,1,0,0.6000000238418579,0,0,0,0,0,8,0,0,0,8,99,1,-8.300000190734863,0.0,36.0145149230957,28.40812110900879,1.5,0,22,-1.0,0.0,0.0,0,0,0
1780683341.0952768,0,0.3499999940395355,0,0,285,900,423158243,10,77,-8.723678588867188,37.400001525878906,31.862964630126953,30.093870162963867,1,0,0.6000000238418579,0,0,0,0,0,8,0,0,0,8,99,1,-8.300000190734863,0.0,35.8485107421875,28.40812110900879,1.5,0,22,-1.0,0.0,0.0,0,0,0
1780683341.11505,0,0.3499999940395355,0,0,285,900,423158243,10,77,-8.723678588867188,35.60000228881836,31.688491821289062,30.805870056152344,1,0,0.6000000238418579,0,0,0,0,0,8,0,0,0,8,99,1,-8.300000190734863,0.0,35.68251037597656,28.40812110900879,1.5,0,22,-1.0,0.0,0.0,0,0,0
1780683341.1353636,0,0.3499999940395355,0,0,285,900,423158243,10,77,-8.723678588867188,33.80000305175781,31.514019012451172,31.481870651245117,1,0,0.6000000238418579,0,0,0,0,0,8,0,0,0,8,99,1,-8.300000190734863,0.0,35.516502380371094,28.40812110900879,1.5,0,22,-1.0,0.0,0.0,0,0,0
1780683341.1550114,0,0.3499999940395355,0,0,285,900,423158243,10,77,-8.723678588867188,32.000003814697266,31.33954620361328,32.12186813354492,1,0,0.6000000238418579,0,0,0,0,0,8,0,0,0,8,99,1,-8.300000190734863,0.0,35.35050582885742,28.40812110900879,1.5,0,22,-1.0,0.0,0.0,0,0,0
1780683341.1749163,0,0.3499999940395355,0,0,285,900,423158243,10,77,-8.723678588867188,30.20000457763672,31.16507339477539,32.725868225097656,1,0,0.6000000238418579,0,0,0,0,0,8,0,0,0,8,99,1,-8.300000190734863,0.0,35.18450164794922,28.40812110900879,1.5,0,22,-1.0,0.0,0.0,0,0,0
1780683341.1948416,0,0.3499999940395355,0,0,285,900,423158243,10,77,-8.723678588867188,28.400005340576172,30.9906005859375,33.29386901855469,1,0,0.6000000238418579,0,0,0,0,0,8,0,0,0,8,99,1,-8.300000190734863,0.0,35.01850509643555,28.40812110900879,1.5,0,22,-1.0,0.0,0.0,0,0,0
1780683341.2146125,0,0.3499999940395355,0,0,285,900,423158243,10,77,-8.723678588867188,26.600006103515625,30.81612777709961,33.825870513916016,1,0,0.6000000238418579,0,0,0,0,0,8,0,0,0,8,99,1,-8.300000190734863,0.0,34.85250473022461,28.40812110900879,1.5,0,22,-1.0,0.0,0.0,0,0,0
1780683341.2349572,0,0.3499999940395355,0,0,285,900,423158243,10,77,-8.723678588867188,24.800006866455078,30.64165496826172,34.321868896484375,1,0,0.6000000238418579,0,0,0,0,0,8,0,0,0,8,99,1,-8.300000190734863,0.0,34.68650436401367,28.40812110900879,1.5,0,22,-1.0,0.0,0.0,0,0,0
1780683341.2551084,0,0.3499999940395355,0,0,285,900,423158243,10,77,-8.723678588867188,23.00000762939453,30.467182159423828,34.78186798095703,1,0,0.6000000238418579,0,0,0,0,0,8,0,0,0,8,99,1,-8.300000190734863,0.0,34.5205078125,28.40812110900879,1.5,0,22,-1.0,0.0,0.0,0,0,0
1780683341.2744653,0,0.3499999940395355,0,0,285,900,423158243,10,77,-8.723678588867188,21.200008392333984,30.292709350585938,35.205867767333984,1,0,0.6000000238418579,0,0,0,0,0,8,0,0,0,8,99,1,-8.300000190734863,0.0,34.35458755493164,28.40812110900879,1.5,0,22,-1.0,0.0,0.0,0,0,0
1780683341.2942605,0,0.3499999940395355,0,0,285,900,423158243,10,77,-8.723678588867188,19.400009155273438,30.118236541748047,35.593868255615234,1,0,0.6000000238418579,0,0,0,0,0,8,0,0,0,8,99,1,-8.300000190734863,0.0,34.188507080078125,28.40812110900879,1.5,0,22,-1.0,0.0,0.0,0,0,0
1780683341.3147187,0,0.3499999940395355,0,0,285,900,423158243,10,77,-8.723678588867188,17.60000991821289,29.943763732910156,35.94586944580078,1,0,0.6000000238418579,0,0,0,0,0,8,0,0,0,8,99,1,-8.300000190734863,0.0,34.02250671386719,28.40812110900879,1.5,0,22,-1.0,0.0,0.0,0,0,0
1780683341.3349037,0,0.3499999940395355,0,0,285,900,423158243,10,77,-8.723678588867188,15.800010681152344,29.769290924072266,36.261871337890625,1,0,0.6000000238418579,0,0,0,0,0,8,0,0,0,8,99,1,-8.300000190734863,0.0,33.85650634765625,28.40812110900879,1.5,0,22,-1.0,0.0,0.0,0,0,0
1780683341.3550198,0,0.3499999940395355,0,0,285,900,423158243,10,77,-8.723678588867188,14.000011444091797,29.594818115234375,36.5418701171875,1,0,0.6000000238418579,0,0,0,0,0,8,0,0,0,8,99,1,-8.300000190734863,0.0,33.69050979614258,28.40812110900879,1.5,0,22,-1.0,0.0,0.0,0,0,0
1780683341.3750126,0,0.3499999940395355,0,0,285,900,423158243,10,77,-8.723678588867188,12.20001220703125,29.420345306396484,36.78586959838867,1,0,0.6000000238418579,0,0,0,0,0,8,0,0,0,8,99,1,-8.300000190734863,0.0,33.52458953857422,28.40812110900879,1.5,0,22,-1.0,0.0,0.0,0,0,0
1780683341.3948731,0,0.3499999940395355,0,0,285,900,423158243,10,77,-8.723678588867188,10.400012969970703,29.245872497558594,36.99386978149414,1,0,0.6000000238418579,0,0,0,0,0,8,0,0,0,8,99,1,-8.300000190734863,0.0,33.35858917236328,28.40812110900879,1.5,0,22,-1.0,0.0,0.0,0,0,0
1780683341.414765,0,0.3499999940395355,0,0,285,900,423158243,10,77,-8.723678588867188,8.600013732910156,29.071399688720703,37.165870666503906,1,0,0.6000000238418579,0,0,0,0,0,8,0,0,0,8,99,1,-8.300000190734863,0.0,33.192508697509766,28.40812110900879,1.5,0,22,-1.0,0.0,0.0,0,0,0
1780683341.4351244,0,0.3499999940395355,0,0,285,900,423158243,10,77,-8.723678588867188,6.800014495849609,28.896926879882812,37.30187225341797,1,0,0.6000000238418579,0,0,0,0,0,8,0,0,0,8,99,1,-8.300000190734863,0.0,33.02650833129883,28.40812110900879,1.5,0,22,-1.0,0.0,0.0,0,0,0
1780683341.4549081,0,0.3499999940395355,0,0,285,900,423158243,14,77,-0.0,0.0,28.722454071044922,37.40187072753906,1,0,0.6000000238418579,0,0,0,0,0,8,0,0,0,8,99,1,-8.300000190734863,0.0,32.860511779785156,28.40812110900879,1.5,0,22,-1.0,0.0,0.0,0,0,0
1780683341.4746327,0,0.3499999940395355,0,0,285,900,423158243,14,77,0.0,0.0,28.722454071044922,37.40187072753906,1,0,0.6000000238418579,0,0,0,0,0,8,0,0,0,8,99,1,-8.300000190734863,0.0,32.69451141357422,28.40812110900879,1.5,0,22,-1.0,0.0,0.0,0,0,0
1780683341.4947703,0,0.3499999940395355,0,0,285,900,423158243,14,77,0.0,0.0,28.722454071044922,37.40187072753906,1,0,0.6000000238418579,0,0,0,0,0,8,0,0,0,8,99,1,-8.300000190734863,0.0,32.52851104736328,28.40812110900879,1.5,0,22,-1.0,0.0,0.0,0,0,0
1780683341.5152218,0,0.3499999940395355,0,0,285,900,423158243,14,77,0.0,0.0,28.722454071044922,37.40187072753906,1,0,0.6000000238418579,0,0,0,0,0,8,0,0,0,8,99,1,-8.300000190734863,0.0,32.362510681152344,28.40812110900879,1.5,0,22,-1.0,0.0,0.0,0,0,0
1780683341.535123,0,0.3499999940395355,0,0,285,900,423158243,14,77,0.0,0.0,28.722454071044922,37.40187072753906,1,0,0.6000000238418579,0,0,0,0,0,8,0,0,0,8,99,1,-8.300000190734863,0.0,32.196510314941406,28.40812110900879,1.5,0,22,-1.0,0.0,0.0,0,0,0
1780683341.5550065,0,0.3499999940395355,0,0,285,900,423158243,14,77,0.0,0.0,28.722454071044922,37.40187072753906,1,0,0.6000000238418579,0,0,0,0,0,8,0,0,0,8,99,1,-8.300000190734863,0.0,32.030513763427734,28.40812110900879,1.5,0,22,-1.0,0.0,0.0,0,0,0
1780683341.5749283,0,0.3499999940395355,0,0,285,900,423158243,14,77,0.0,0.0,28.722454071044922,37.40187072753906,1,0,0.6000000238418579,0,0,0,0,0,8,0,0,0,8,99,1,-8.300000190734863,0.0,31.86450958251953,28.40812110900879,1.5,0,22,-1.0,0.0,0.0,0,0,0
1780683341.5947456,0,0.3499999940395355,0,0,285,900,423158243,14,77,0.0,0.0,28.722454071044922,37.40187072753906,1,0,0.6000000238418579,0,0,0,0,0,8,0,0,0,8,99,1,-8.300000190734863,0.0,31.698593139648438,28.40812110900879,1.5,0,22,-1.0,0.0,0.0,0,0,0
1780683341.6145678,0,0.3499999940395355,0,0,285,900,423158243,14,77,0.0,0.0,28.722454071044922,37.40187072753906,1,0,0.6000000238418579,0,0,0,0,0,8,0,0,0,8,99,1,-8.300000190734863,0.0,31.5325927734375,28.40812110900879,1.5,0,22,-1.0,0.0,0.0,0,0,0
1780683341.634783,0,0.3499999940395355,0,0,285,900,423158243,14,77,0.0,0.0,28.722454071044922,37.40187072753906,1,0,0.6000000238418579,0,0,0,0,0,8,0,0,0,8,99,1,-8.300000190734863,0.0,31.366594314575195,28.40812110900879,1.5,0,22,-1.0,0.0,0.0,0,0,0
1780683341.6548145,0,0.3499999940395355,0,0,285,900,423158243,14,77,0.0,0.0,28.722454071044922,37.40187072753906,1,0,0.6000000238418579,0,0,0,0,0,8,0,0,0,8,99,1,-8.300000190734863,0.0,31.20059585571289,28.40812110900879,1.5,0,22,-1.0,0.0,0.0,0,0,0
1780683341.6748984,0,0.3499999940395355,0,0,285,900,423158243,14,77,0.0,0.0,28.722454071044922,37.40187072753906,1,0,0.6000000238418579,0,0,0,0,0,8,0,0,0,8,99,1,-8.300000190734863,0.0,31.03459930419922,28.40812110900879,1.5,0,22,-1.0,0.0,0.0,0,0,0
1780683341.6946218,0,0.3499999940395355,0,0,285,900,423158243,14,77,0.0,0.0,28.722454071044922,37.40187072753906,1,0,0.6000000238418579,0,0,0,0,0,8,0,0,0,8,99,1,-8.300000190734863,0.0,30.86859893798828,28.40812110900879,1.5,0,22,-1.0,0.0,0.0,0,0,0
1780683341.7145212,0,0.3499999940395355,0,0,285,900,423158243,14,77,0.0,0.0,28.722454071044922,37.40187072753906,1,0,0.6000000238418579,0,0,0,0,0,8,0,0,0,8,99,1,-8.300000190734863,0.0,30.70260238647461,28.40812110900879,1.5,0,22,-1.0,0.0,0.0,0,0,0
1780683341.7349215,0,0.3499999940395355,0,0,285,900,423158243,14,77,0.0,0.0,28.722454071044922,37.40187072753906,1,0,0.6000000238418579,0,0,0,0,0,8,0,0,0,8,99,1,-8.300000190734863,0.0,30.536603927612305,28.40812110900879,1.5,0,22,-1.0,0.0,0.0,0,0,0
1780683341.7546558,0,0.3499999940395355,0,0,285,900,423158243,14,77,0.0,0.0,28.722454071044922,37.40187072753906,1,0,0.6000000238418579,0,0,0,0,0,8,0,0,0,8,99,1,-8.300000190734863,0.0,30.37060546875,28.40812110900879,1.5,0,22,-1.0,0.0,0.0,0,0,0
1780683341.7748868,0,0.3499999940395355,0,0,285,900,423158243,14,77,0.0,0.0,28.722454071044922,37.40187072753906,1,0,0.6000000238418579,0,0,0,0,0,8,0,0,0,8,99,1,-8.300000190734863,0.0,30.204605102539062,28.40812110900879,1.5,0,22,-1.0,0.0,0.0,0,0,0
1780683341.7949302,0,0.3499999940395355,0,0,285,900,423158243,14,77,0.0,0.0,28.722454071044922,37.40187072753906,1,0,0.6000000238418579,0,0,0,0,0,8,0,0,0,8,99,1,-8.300000190734863,0.0,30.038606643676758,28.40812110900879,1.5,0,22,-1.0,0.0,0.0,0,0,0
1780683341.8147814,0,0.3499999940395355,0,0,285,900,423158243,14,77,0.0,0.0,28.722454071044922,37.40187072753906,1,0,0.6000000238418579,0,0,0,0,0,8,0,0,0,8,99,1,-8.300000190734863,0.0,29.872608184814453,28.40812110900879,1.5,0,22,-1.0,0.0,0.0,0,0,0
1780683341.8350422,0,0.3499999940395355,0,0,285,900,423158243,14,77,0.0,0.0,28.722454071044922,37.40187072753906,1,0,0.6000000238418579,0,0,0,0,0,8,0,0,0,8,99,1,-8.300000190734863,0.0,29.706607818603516,28.40812110900879,1.5,0,22,-1.0,0.0,0.0,0,0,0
1780683341.8550878,0,0.3499999940395355,0,0,285,900,423158243,14,77,0.0,0.0,28.722454071044922,37.40187072753906,1,0,0.6000000238418579,0,0,0,0,0,8,0,0,0,8,99,1,-8.300000190734863,0.0,29.540611267089844,28.40812110900879,1.5,0,22,-1.0,0.0,0.0,0,0,0
1780683341.875405,0,0.3499999940395355,0,0,285,900,423158243,14,77,0.0,0.0,28.722454071044922,37.40187072753906,1,0,0.6000000238418579,0,0,0,0,0,8,0,0,0,8,99,1,-8.300000190734863,0.0,29.374614715576172,28.40812110900879,1.5,0,22,-1.0,0.0,0.0,0,0,0
1780683341.8950167,0,0.3499999940395355,0,0,285,900,423158243,14,77,0.0,0.0,28.722454071044922,37.40187072753906,1,0,0.6000000238418579,0,0,0,0,0,8,0,0,0,8,99,1,-8.300000190734863,0.0,29.208616256713867,28.40812110900879,1.5,0,22,-1.0,0.0,0.0,0,0,0
1780683341.9146135,0,0.3499999940395355,0,0,285,900,423158243,15,77,11.98696231842041,-27.501140594482422,28.722454071044922,37.40187072753906,1,0,0.6000000238418579,0,0,0,0,0,8,0,0,0,8,99,1,-8.300000190734863,0.0,29.042617797851562,28.40812110900879,1.5,0,22,-1.0,0.0,0.0,0,0,0
1780683341.93505,0,0.3499999940395355,0,0,285,900,423158243,15,77,11.98696231842041,-27.501140594482422,28.96219253540039,36.85184860229492,1,0,0.6000000238418579,0,0,0,0,0,8,0,0,0,8,99,1,-8.300000190734863,0.0,28.87653350830078,28.40812110900879,1.5,0,22,-1.0,0.0,0.0,0,0,0
1780683341.954943,0,0.3499999940395355,0,0,285,900,423158243,15,77,11.98696231842041,-27.501140594482422,29.20193099975586,36.30182647705078,1,0,0.6000000238418579,0,0,0,0,0,8,0,0,0,8,99,1,-8.300000190734863,0.0,28.71053695678711,28.40812110900879,1.5,0,22,-1.0,0.0,0.0,0,0,0
1780683341.9748242,0,0.3499999940395355,0,0,285,900,423158243,15,77,11.98696231842041,-27.501140594482422,29.441669464111328,35.75180435180664,1,0,0.6000000238418579,0,0,0,0,0,8,0,0,0,8,99,1,-8.300000190734863,0.0,28.54460906982422,28.40812110900879,1.5,0,22,-1.0,0.0,0.0,0,0,0
1780683341.994977,0,0.3499999940395355,0,0,285,900,423158243,15,77,11.98696231842041,-27.501140594482422,29.681407928466797,35.2017822265625,1,0,0.6000000238418579,0,0,0,0,0,8,0,0,0,8,99,1,-8.300000190734863,0.0,28.37860870361328,28.40812110900879,1.5,0,22,0.0,0.0,0.0,0,0,0
1780683342.0148826,0,0.3499999940395355,0,0,285,900,423158243,15,77,11.98696231842041,-27.501140594482422,29.921146392822266,34.65176010131836,1,0,0.6000000238418579,0,0,0,0,0,8,0,0,0,8,99,1,-8.300000190734863,0.0,28.2125301361084,28.40812110900879,1.5,0,22,0.0,0.0,0.0,0,0,0
1780683342.035092,0,0.3499999940395355,0,0,285,900,423158243,15,77,11.98696231842041,-27.501140594482422,30.160884857177734,34.10173797607422,1,0,0.6000000238418579,0,0,0,0,0,8,0,0,0,8,99,1,0.0,0.0,28.13498306274414,28.40812110900879,1.5,0,22,0.0,0.0,0.0,0,0,0
1780683342.0554006,0,0.3499999940395355,0,0,285,900,423158243,15,77,11.98696231842041,-27.501140594482422,30.400623321533203,33.55171585083008,1,0,0.6000000238418579,0,0,0,0,0,8,0,0,0,8,99,1,0.0,0.0,28.13498306274414,28.40812110900879,1.5,0,22,0.0,0.0,0.0,0,0,0
1780683342.0749154,0,0.3499999940395355,0,0,285,900,423158243,15,77,11.98696231842041,-27.501140594482422,30.640361785888672,33.00169372558594,1,0,0.6000000238418579,0,0,0,0,0,8,0,0,0,8,99,1,0.0,0.0,28.13498306274414,28.40812110900879,1.5,0,22,0.0,0.0,0.0,0,0,0
1780683342.0949848,0,0.3499999940395355,0,0,285,900,423158243,15,77,11.98696231842041,-27.501140594482422,30.88010025024414,32.4516716003418,1,0,0.6000000238418579,0,0,0,0,0,8,0,0,0,8,99,1,0.0,0.0,28.13498306274414,28.40812110900879,1.5,0,22,1.0,-1.0,0.0,0,0,0
1780683342.1147933,0,0.3499999940395355,0,0,285,900,423158243,15,77,11.98696231842041,-27.501140594482422,31.11983871459961,31.901649475097656,1,0,0.6000000238418579,0,0,0,0,0,8,0,0,0,8,99,1,0.0,0.0,28.13498306274414,28.40812110900879,1.5,0,22,1.0,-1.0,0.0,0,0,0
1780683342.135024,0,0.3499999940395355,0,0,285,900,423158243,15,77,11.98696231842041,-27.501140594482422,31.359577178955078,31.351627349853516,1,0,0.6000000238418579,0,0,1,0,0,8,0,0,0,8,99,1,8.300000190734863,0.0,28.223440170288086,28.40812110900879,1.5,0,22,1.0,-1.0,0.0,0,0,0
1780683342.1553242,0,0.3499999940395355,0,0,285,900,423158243,15,77,11.98696231842041,-27.501140594482422,31.599315643310547,30.801605224609375,1,0,0.6000000238418579,0,0,1,0,0,8,0,0,0,8,99,1,8.300000190734863,0.0,28.38943862915039,28.40812110900879,1.5,0,22,1.0,-1.0,0.0,0,0,0
1780683342.1747055,0,0.3499999940395355,0,0,285,900,423158243,15,77,11.98696231842041,-27.501140594482422,31.839054107666016,30.251583099365234,1,0,0.6000000238418579,0,0,1,0,0,8,0,0,0,8,99,1,8.300000190734863,0.0,28.555356979370117,28.40812110900879,1.5,0,22,1.0,-1.0,0.0,0,0,0
1780683342.1947331,0,0.3499999940395355,0,0,285,900,423158243,15,77,11.98696231842041,-27.501140594482422,32.078792572021484,29.701560974121094,1,0,0.6000000238418579,0,0,1,0,0,8,0,0,0,8,99,1,8.300000190734863,0.0,28.721355438232422,28.40812110900879,1.5,0,22,1.0,-1.0,0.0,0,0,0
1780683342.2147415,0,0.3499999940395355,0,0,285,900,423158243,15,77,11.98696231842041,-27.501140594482422,32.31853103637695,29.151538848876953,1,0,0.6000000238418579,0,0,1,0,0,8,0,0,0,8,99,1,8.300000190734863,0.0,28.887351989746094,28.40812110900879,1.5,0,22,1.0,-1.0,0.0,0,0,0
1780683342.2348611,0,0.3499999940395355,0,0,285,900,423158243,15,77,11.98696231842041,-27.501140594482422,32.55826950073242,28.601516723632812,1,0,0.6000000238418579,0,0,1,0,0,8,0,0,0,8,99,1,8.300000190734863,0.0,29.05335235595703,28.40812110900879,1.5,0,22,1.0,-1.0,0.0,0,0,0
1780683342.254862,0,0.3499999940395355,0,0,285,900,423158243,15,77,11.98696231842041,-27.501140594482422,32.79800796508789,28.051494598388672,1,0,0.6000000238418579,0,0,1,0,0,8,0,0,0,8,99,1,8.300000190734863,0.0,29.219348907470703,28.40812110900879,1.5,0,22,1.0,-1.0,0.0,0,0,0
1780683342.2752013,0,0.3499999940395355,0,0,285,900,423158243,47,77,9.589570045471191,0.0,33.03774642944336,27.549999237060547,1,0,0.6000000238418579,0,0,1,0,0,8,0,0,0,8,99,1,8.300000190734863,0.0,29.385345458984375,28.40812110900879,1.5,0,22,1.0,-1.0,0.0,0,0,0
1780683342.294904,0,0.3499999940395355,0,0,285,900,423158243,47,77,7.671656131744385,0.0,33.19118118286133,28.295839309692383,1,0,0.6000000238418579,0,0,1,0,0,8,0,0,0,8,99,1,8.300000190734863,0.0,29.55134391784668,28.40812110900879,1.5,0,22,1.0,-1.0,0.0,0,0,0
1780683342.314785,0,0.3499999940395355,0,0,285,900,423158243,47,77,6.137324810028076,0.0,33.313926696777344,28.492136001586914,1,0,0.6000000238418579,0,0,1,0,0,8,0,0,0,8,99,1,8.300000190734863,0.0,29.717342376708984,28.40812110900879,1.5,0,22,1.0,-1.0,0.0,0,0,0
1780683342.3349037,0,0.3499999940395355,0,0,285,900,423158243,47,77,4.909860134124756,0.0,33.41212463378906,28.54359245300293,1,0,0.6000000238418579,0,0,1,0,0,8,0,0,0,8,99,1,8.300000190734863,0.0,29.88334083557129,28.40812110900879,1.5,0,22,1.0,-1.0,0.0,0,0,0
1780683342.3552604,0,0.3499999940395355,0,0,285,900,423158243,47,77,3.9278881549835205,0.0,33.49068069458008,28.55708122253418,1,0,0.6000000238418579,0,0,1,0,0,8,0,0,0,8,99,1,8.300000190734863,0.0,30.049341201782227,28.40812110900879,1.5,0,22,1.0,-1.0,0.0,0,0,0
1780683342.3748477,0,0.3499999940395355,0,0,285,900,423158243,47,77,3.142310619354248,0.0,33.55352783203125,28.558807373046875,1,0,0.6000000238418579,0,0,1,0,0,8,0,0,0,8,99,1,8.300000190734863,0.0,30.215341567993164,28.40812110900879,1.5,0,22,1.0,-1.0,0.0,0,0,0
1780683342.3945916,0,0.3499999940395355,0,0,285,900,423158243,47,77,2.5138485431671143,0.0,33.60380554199219,28.559911727905273,1,0,0.6000000238418579,0,0,1,0,0,8,0,0,0,8,99,1,8.300000190734863,0.0,30.38134002685547,28.40812110900879,1.5,0,22,1.0,-1.0,0.0,0,0,0
1780683342.4147441,0,0.3499999940395355,0,0,285,900,423158243,47,77,2.0110788345336914,0.0,33.64402770996094,28.560619354248047,1,0,0.6000000238418579,0,0,1,0,0,8,0,0,0,8,99,1,8.300000190734863,0.0,30.54733657836914,28.40812110900879,1.5,0,22,1.0,-1.0,0.0,0,0,0
1780683342.4347217,0,0.3499999940395355,0,0,285,900,423158243,47,77,1.608863115310669,0.0,33.676204681396484,28.561071395874023,1,0,0.6000000238418579,0,0,1,0,0,8,0,0,0,8,99,1,8.300000190734863,0.0,30.713417053222656,28.40812110900879,1.5,0,22,1.0,-1.0,0.0,0,0,0
1780683342.4549308,0,0.3499999940395355,0,0,285,900,423158243,47,77,1.287090539932251,0.0,33.70194625854492,28.561359405517578,1,0,0.6000000238418579,0,0,1,0,0,8,0,0,0,8,99,1,8.300000190734863,0.0,30.879413604736328,28.40812110900879,1.5,0,22,1.0,-1.0,0.0,0,0,0
1780683342.474762,0,0.3499999940395355,0,0,285,900,423158243,47,77,1.0296725034713745,0.0,33.722537994384766,28.56154441833496,1,0,0.6000000238418579,0,0,1,0,0,8,0,0,0,8,99,1,8.300000190734863,0.0,31.045412063598633,28.40812110900879,1.5,0,22,1.0,-1.0,0.0,0,0,0
1780683342.4947135,0,0.3499999940395355,0,0,285,900,423158243,47,77,0.8237380385398865,0.0,33.739013671875,28.561664581298828,1,0,0.6000000238418579,0,0,1,0,0,8,0,0,0,8,99,1,8.300000190734863,0.0,31.21133041381836,28.40812110900879,1.5,0,22,1.0,-1.0,0.0,0,0,1
1780683342.5147934,0,0.3499999940395355,1,0,285,900,423158243,47,77,0.6589904427528381,0.0,33.752193450927734,28.56174087524414,0,0,0.6000000238418579,0,0,1,0,0,8,0,1,0,8,99,1,8.300000190734863,0.0,31.377328872680664,28.40812110900879,1.5,0,22,1.0,-1.0,0.0,0,0,1
1780683342.5346045,0,0.3499999940395355,1,0,285,900,423158243,47,77,0.5271923542022705,0.0,33.76273727416992,28.56178855895996,0,0,0.6000000238418579,0,0,1,0,0,8,0,1,0,8,99,1,8.300000190734863,0.0,31.54332733154297,28.40812110900879,1.5,0,22,1.0,-1.0,0.0,0,0,1
1780683342.5546143,0,0.3499999940395355,1,0,264,900,423158243,47,77,0.4217538833618164,0.0,33.77117156982422,28.561819076538086,0,0,0.6000000238418579,0,0,1,0,0,8,0,1,0,8,99,1,-3.75,0.0,31.709325790405273,28.40812110900879,1.5,0,33,1.0,-1.0,0.0,0,0,1
1780683342.5748966,0,0.3499999940395355,1,0,264,900,423158243,47,77,0.3374031186103821,0.0,34.077919006347656,28.561840057373047,0,0,0.6000000238418579,0,0,1,0,0,8,0,1,0,8,99,1,-3.75,0.0,31.74704360961914,28.40812110900879,1.5,0,33,1.0,-1.0,0.0,0,0,1
1780683342.594805,0,0.3499999940395355,1,0,264,900,423158243,47,77,0.26992249488830566,0.0,34.38331604003906,28.561853408813477,0,0,0.6000000238418579,0,0,1,0,0,8,0,1,0,8,99,1,-3.75,0.0,31.672077178955078,28.40812110900879,1.5,0,33,1.0,-1.0,0.0,0,0,1
1780683342.614773,0,0.3499999940395355,1,0,264,900,423158243,47,77,0.215938001871109,0.0,34.6876335144043,28.561861038208008,1,0,0.6000000238418579,0,0,1,0,0,8,0,1,0,8,99,1,-3.75,0.0,31.59708023071289,28.40812110900879,1.5,0,33,1.0,-1.0,0.0,0,0,0
1780683342.6349323,0,0.3499999940395355,1,0,264,900,423158243,47,77,0.17275039851665497,0.0,34.9910888671875,28.561864852905273,1,0,0.6000000238418579,0,0,1,0,0,8,0,1,0,8,99,1,-3.75,0.0,31.522079467773438,28.40812110900879,1.5,0,33,1.0,-1.0,0.0,0,0,0
1780683342.6549437,0,0.3499999940395355,1,0,264,900,423158243,47,77,0.1382003277540207,0.0,35.293853759765625,28.56186866760254,1,0,0.6000000238418579,0,0,1,0,0,8,0,1,0,8,99,1,-3.75,0.0,31.447078704833984,28.40812110900879,1.5,0,33,1.0,-1.0,0.0,0,0,0
1780683342.674689,0,0.3499999940395355,1,0,264,900,423158243,47,77,0.11056026071310043,0.0,35.596065521240234,28.561870574951172,1,0,0.6000000238418579,0,0,1,0,0,8,0,1,0,8,99,1,-3.75,0.0,31.37207794189453,28.40812110900879,1.5,0,33,1.0,-1.0,0.0,0,0,0
1780683342.6950736,0,0.3499999940395355,1,0,264,900,423158243,47,77,0.08844821155071259,0.0,35.89783477783203,28.561870574951172,1,0,0.6000000238418579,0,0,1,0,0,8,0,1,0,8,99,1,-3.75,0.0,31.297077178955078,28.40812110900879,1.5,0,33,1.0,-1.0,0.0,0,0,0
1780683342.7145817,0,0.3499999940395355,1,0,264,900,423158243,47,77,0.07075857371091843,0.0,36.199249267578125,28.561870574951172,1,0,0.6000000238418579,0,0,1,0,0,8,0,1,0,8,99,1,-3.75,0.0,31.222042083740234,28.40812110900879,1.5,0,33,1.0,-1.0,0.0,0,0,0
1780683342.7347715,0,0.3499999940395355,1,0,264,900,423158243,47,77,0.05660685896873474,0.0,36.200382232666016,28.561870574951172,1,0,0.6000000238418579,0,0,1,0,0,8,0,1,0,8,99,1,-3.75,0.0,31.147075653076172,28.40812110900879,1.5,0,33,1.0,-1.0,0.0,0,0,0
1780683342.7551708,0,0.3499999940395355,1,0,264,900,423158243,47,77,0.04528548941016197,0.0,36.20128631591797,28.561870574951172,1,0,0.6000000238418579,0,0,1,0,0,8,0,1,0,8,99,1,8.300000190734863,0.0,31.200313568115234,28.40812110900879,1.5,0,33,1.0,-1.0,0.0,0,0,0
1780683342.775186,0,0.3499999940395355,1,0,264,900,423158243,1,77,0.0,0.0,36.20201110839844,28.561870574951172,1,0,0.6000000238418579,0,0,1,0,0,8,0,1,0,8,99,1,8.300000190734863,0.0,31.366397857666016,28.40812110900879,1.5,0,33,1.0,-1.0,0.0,0,0,0
1780683342.7946,0,0.3499999940395355,1,0,264,900,423158243,1,77,0.0,0.0,36.20201110839844,28.561870574951172,1,0,0.6000000238418579,0,0,1,0,0,8,0,1,0,8,99,1,8.300000190734863,0.0,31.53239631652832,28.40812110900879,1.5,0,33,1.0,-1.0,0.0,0,0,0
1780683342.8146124,0,0.3499999940395355,1,0,264,900,423158243,1,77,0.0,0.0,36.20201110839844,28.561870574951172,1,0,0.6000000238418579,0,0,1,0,0,8,0,1,0,8,99,1,8.300000190734863,0.0,31.698394775390625,28.40812110900879,1.5,0,33,1.0,-1.0,0.0,0,0,0
1780683342.8348851,0,0.3499999940395355,1,0,264,900,423158243,1,77,0.0,0.0,36.20201110839844,28.561870574951172,1,0,0.6000000238418579,0,0,1,0,0,8,0,1,0,8,99,1,8.300000190734863,0.0,31.864315032958984,28.40812110900879,1.5,0,33,1.0,-1.0,0.0,0,0,0
1780683342.8551402,0,0.3499999940395355,1,0,264,900,423158243,1,77,0.0,0.0,36.20201110839844,28.561870574951172,1,0,0.6000000238418579,0,0,1,0,0,8,0,1,0,8,99,1,8.300000190734863,0.0,32.030311584472656,28.40812110900879,1.5,0,33,1.0,-1.0,0.0,0,0,0
1780683342.8747933,0,0.3499999940395355,0,0,264,900,423158243,1,77,0.0,0.0,36.20201110839844,28.561870574951172,1,0,0.6000000238418579,0,0,1,0,0,8,0,0,0,8,99,1,8.300000190734863,0.0,32.196311950683594,28.40812110900879,1.5,0,33,1.0,-1.0,0.0,0,0,0
1780683342.8946216,0,0.3499999940395355,0,0,264,900,423158243,1,77,0.0,0.0,36.20201110839844,28.561870574951172,1,0,0.6000000238418579,0,0,1,0,0,8,0,0,0,8,99,1,8.300000190734863,0.0,32.36231231689453,28.40812110900879,1.5,0,33,1.0,-1.0,0.0,0,0,0
1780683342.914811,0,0.3499999940395355,0,0,264,900,423158243,1,77,0.0,0.0,36.20201110839844,28.561870574951172,1,0,0.6000000238418579,0,0,1,0,0,8,0,0,0,8,99,1,8.300000190734863,0.0,32.5283088684082,28.40812110900879,1.5,0,33,1.0,-1.0,0.0,0,0,0
1780683342.934745,0,0.3499999940395355,0,0,264,900,423158243,1,77,0.0,0.0,36.20201110839844,28.561870574951172,1,0,0.6000000238418579,0,0,1,0,0,8,0,0,0,8,99,1,8.300000190734863,0.0,32.694393157958984,28.40812110900879,1.5,0,33,1.0,-1.0,0.0,0,0,0
1780683342.9547124,0,0.3499999940395355,0,0,264,900,423158243,1,77,0.0,0.0,36.20201110839844,28.561870574951172,1,0,0.6000000238418579,0,0,1,0,0,8,0,0,0,8,99,1,8.300000190734863,0.0,32.86039352416992,28.40812110900879,1.5,0,33,1.0,-1.0,0.0,0,0,0
1780683342.9748943,0,0.3499999940395355,0,0,264,900,423158243,1,77,0.0,0.0,36.20201110839844,28.561870574951172,1,0,0.6000000238418579,0,0,1,0,0,8,0,0,0,8,99,1,8.300000190734863,0.0,33.02639389038086,28.40812110900879,1.5,0,33,1.0,-1.0,0.0,0,0,0
1780683342.9948888,0,0.3499999940395355,0,0,264,900,423158243,1,77,0.0,0.0,36.20201110839844,28.561870574951172,1,0,0.6000000238418579,0,0,1,0,0,8,0,0,0,8,99,1,8.300000190734863,0.0,33.19231414794922,28.40812110900879,1.5,0,33,1.0,-1.0,0.0,0,0,0
1780683343.0147614,0,0.3499999940395355,1,0,264,900,423158243,1,77,0.0,0.0,36.20201110839844,28.561870574951172,0,0,0.6000000238418579,0,0,1,0,0,8,0,1,0,8,99,1,8.300000190734863,0.0,33.358394622802734,28.40812110900879,1.5,0,33,1.0,-1.0,0.0,0,0,1
1780683343.0350192,0,0.3499999940395355,1,0,264,900,423158243,7,77,0.0,0.0,36.20201110839844,28.561870574951172,0,0,0.6000000238418579,0,0,1,0,0,8,0,1,0,8,99,1,8.300000190734863,0.0,33.52439498901367,28.40812110900879,1.5,0,33,1.0,-1.0,0.0,0,0,1
1780683343.0551608,0,0.3499999940395355,1,0,243,900,423158243,7,77,0.0,0.0,36.20201110839844,28.561870574951172,0,0,0.6000000238418579,0,0,1,0,0,8,0,1,0,8,99,1,-3.75,0.0,33.69031524658203,28.40812110900879,1.5,0,44,1.0,-1.0,0.0,0,0,1
1780683343.0750065,0,0.3499999940395355,1,0,243,900,423158243,7,77,0.0,0.0,36.502010345458984,28.561870574951172,0,0,0.6000000238418579,0,0,1,0,0,8,0,1,0,8,99,1,-3.75,0.0,33.72804641723633,28.40812110900879,1.5,0,44,1.0,-1.0,0.0,0,0,1
1780683343.095667,0,0.3499999940395355,1,0,243,900,423158243,7,77,0.0,0.0,36.80200958251953,28.561870574951172,0,0,0.6000000238418579,0,0,1,0,0,8,0,1,0,8,99,1,-3.75,0.0,33.65304183959961,28.40812110900879,1.5,0,44,1.0,-1.0,0.0,0,0,1
1780683343.1159756,0,0.3499999940395355,1,0,243,900,423158243,7,77,0.0,0.0,37.10200881958008,28.561870574951172,1,0,0.6000000238418579,0,0,1,0,0,8,0,1,0,8,99,1,-3.75,0.0,33.578041076660156,28.40812110900879,1.5,0,44,1.0,-1.0,0.0,0,0,1
1780683343.1353328,0,0.3499999940395355,1,0,243,900,423158243,7,77,0.0,0.0,37.402008056640625,28.561870574951172,1,0,0.6000000238418579,0,0,1,0,0,8,0,1,0,8,99,1,-3.75,0.0,33.50303268432617,28.40812110900879,1.5,0,44,1.0,-1.0,0.0,0,0,0
1780683343.1550324,0,0.3499999940395355,1,0,243,900,423158243,7,77,0.0,0.0,37.41765594482422,28.561874389648438,1,0,0.6000000238418579,0,0,1,0,0,8,0,1,0,8,99,1,-3.75,0.0,33.42803192138672,28.40812110900879,1.5,0,44,1.0,-1.0,0.0,0,0,0
1780683343.174937,0,0.3499999940395355,1,0,243,900,423158243,7,77,0.0,0.0,37.41763687133789,28.561874389648438,1,0,0.6000000238418579,0,0,1,0,0,8,0,1,0,8,99,1,-3.75,0.0,33.353065490722656,28.40812110900879,1.5,0,44,1.0,-1.0,0.0,0,0,0
1780683343.1949377,0,0.3499999940395355,1,0,243,900,423158243,7,77,0.0,0.0,37.41762161254883,28.561874389648438,1,0,0.6000000238418579,0,0,1,0,0,8,0,1,0,8,99,1,-3.75,0.0,33.27806854248047,28.40812110900879,1.5,0,44,1.0,-1.0,0.0,0,0,0
1780683343.2147593,0,0.3499999940395355,1,0,243,900,423158243,7,77,0.0,0.0,37.4176139831543,28.561874389648438,1,0,0.6000000238418579,0,0,1,0,0,8,0,1,0,8,99,1,-3.75,0.0,33.203067779541016,28.40812110900879,1.5,0,44,1.0,-1.0,0.0,0,0,0
1780683343.23496,0,0.3499999940395355,1,0,243,900,423158243,7,77,0.0,0.0,37.417606353759766,28.561874389648438,1,0,0.6000000238418579,0,0,1,0,0,8,0,1,0,8,99,1,-3.75,0.0,33.12806701660156,28.40812110900879,1.5,0,44,1.0,-1.0,0.0,0,0,0
1780683343.2550538,0,0.3499999940395355,1,0,243,900,423158243,7,77,0.0,0.0,37.417606353759766,28.561874389648438,1,0,0.6000000238418579,0,0,1,0,0,8,0,1,0,8,99,1,8.300000190734863,0.0,33.181331634521484,28.40812110900879,1.5,0,44,1.0,-1.0,0.0,0,0,0
1780683343.274845,0,0.3499999940395355,1,0,243,900,423158243,7,77,0.0,0.0,37.417606353759766,28.561874389648438,1,0,0.6000000238418579,0,0,1,0,0,8,0,1,0,8,99,1,8.300000190734863,0.0,33.34733200073242,28.40812110900879,1.5,0,44,1.0,-1.0,0.0,0,0,0
1780683343.2947626,0,0.3499999940395355,1,0,243,900,423158243,7,77,0.0,0.0,37.417606353759766,28.561874389648438,1,0,0.6000000238418579,0,0,1,0,0,8,0,1,0,8,99,1,8.300000190734863,0.0,33.513328552246094,28.40812110900879,1.5,0,44,1.0,-1.0,0.0,0,0,0
1780683343.314468,0,0.3499999940395355,1,0,243,900,423158243,7,77,0.0,0.0,37.417606353759766,28.561874389648438,1,0,0.6000000238418579,0,0,1,0,0,8,0,1,0,8,99,1,8.300000190734863,0.0,33.67932891845703,28.40812110900879,1.5,0,44,1.0,-1.0,0.0,0,0,0
1780683343.3347502,0,0.3499999940395355,1,0,243,900,423158243,7,77,0.0,0.0,37.417606353759766,28.561874389648438,1,0,0.6000000238418579,0,0,1,0,0,8,0,1,0,8,99,1,8.300000190734863,0.0,33.84532928466797,28.40812110900879,1.5,0,44,1.0,-1.0,0.0,0,0,0
1780683343.3549516,0,0.3499999940395355,1,0,243,900,423158243,7,77,0.0,0.0,37.417606353759766,28.561874389648438,1,0,0.6000000238418579,0,0,1,0,0,8,0,1,0,8,99,1,8.300000190734863,0.0,34.011329650878906,28.40812110900879,1.5,0,44,1.0,-1.0,0.0,0,0,0
1780683343.3747606,0,0.3499999940395355,0,0,243,900,423158243,10,77,-16.22081756591797,41.0,37.417606353759766,28.561874389648438,1,0,0.6000000238418579,0,0,1,0,0,8,0,0,0,8,99,1,8.300000190734863,0.0,34.177330017089844,28.40812110900879,1.5,0,44,1.0,-1.0,0.0,0,0,0
1780683343.3946133,0,0.3499999940395355,0,0,243,900,423158243,10,77,-16.22081756591797,39.20000076293945,37.09318923950195,29.345874786376953,1,0,0.6000000238418579,0,0,1,0,0,8,0,0,0,8,99,1,8.300000190734863,0.0,34.34332275390625,28.40812110900879,1.5,0,44,1.0,-1.0,0.0,0,0,0
1780683343.4146688,0,0.3499999940395355,0,0,243,900,423158243,10,77,-16.22081756591797,37.400001525878906,36.76877212524414,30.093873977661133,1,0,0.6000000238418579,0,0,1,0,0,8,0,0,0,8,99,1,8.300000190734863,0.0,34.50932312011719,28.40812110900879,1.5,0,44,1.0,-1.0,0.0,0,0,0
1780683343.4347434,0,0.3499999940395355,0,0,243,900,423158243,10,77,-16.22081756591797,35.60000228881836,36.44435501098633,30.80587387084961,1,0,0.6000000238418579,0,0,1,0,0,8,0,0,0,8,99,1,8.300000190734863,0.0,34.675323486328125,28.40812110900879,1.5,0,44,1.0,-1.0,0.0,0,0,0
1780683343.455608,0,0.3499999940395355,0,0,243,900,423158243,10,77,-16.22081756591797,33.80000305175781,36.119937896728516,31.481874465942383,1,0,0.6000000238418579,0,0,1,0,0,8,0,0,0,8,99,1,8.300000190734863,0.0,34.84132385253906,28.40812110900879,1.5,0,44,1.0,-1.0,0.0,0,0,1
1780683343.4752836,0,0.3499999940395355,1,0,243,900,423158243,10,77,-16.22081756591797,32.000003814697266,35.7955207824707,32.12187194824219,0,0,0.6000000238418579,0,0,1,0,0,8,0,1,0,8,99,1,8.300000190734863,0.0,35.007408142089844,28.40812110900879,1.5,0,44,1.0,-1.0,0.0,0,0,1
1780683343.4949687,0,0.3499999940395355,1,0,243,900,423158243,10,77,-16.22081756591797,30.20000457763672,35.47110366821289,32.72587203979492,0,0,0.6000000238418579,0,0,1,0,0,8,0,1,0,8,99,1,8.300000190734863,0.0,35.17332458496094,28.40812110900879,1.5,0,44,1.0,-1.0,0.0,0,0,1
1780683343.5150595,0,0.3499999940395355,1,0,243,900,423158243,10,77,-16.22081756591797,28.400005340576172,35.14668655395508,33.29387283325195,0,0,0.6000000238418579,0,0,1,0,0,8,0,1,0,8,99,1,8.300000190734863,0.0,35.33940887451172,28.40812110900879,1.5,0,44,0.0,0.0,0.0,0,0,1
1780683343.5349863,0,0.3499999940395355,1,0,243,900,423158243,10,77,-16.22081756591797,26.600006103515625,34.822269439697266,33.82587432861328,0,0,0.6000000238418579,0,0,1,0,0,8,0,1,0,8,99,1,8.300000190734863,0.0,35.505409240722656,28.40812110900879,1.5,0,44,0.0,0.0,0.0,0,0,1
1780683343.554985,0,0.3499999940395355,1,0,243,900,423158243,10,77,-16.22081756591797,24.800006866455078,34.49785232543945,34.32187271118164,0,0,0.6000000238418579,0,0,1,0,0,8,0,1,0,8,99,1,0.0,0.0,35.58298873901367,28.40812110900879,1.5,0,44,0.0,0.0,0.0,0,0,1
1780683343.5747054,0,0.3499999940395355,1,0,243,900,423158243,10,77,-16.22081756591797,23.00000762939453,34.17343521118164,34.7818717956543,1,0,0.6000000238418579,0,0,1,0,0,8,0,1,0,8,99,1,0.0,0.0,35.58298873901367,28.40812110900879,1.5,0,44,0.0,0.0,0.0,0,0,0
1780683343.5947692,0,0.3499999940395355,1,0,243,900,423158243,10,77,-16.22081756591797,21.200008392333984,33.84901809692383,35.20587158203125,1,0,0.6000000238418579,0,0,1,0,0,8,0,1,0,8,99,1,0.0,0.0,35.58298873901367,28.40812110900879,1.5,0,44,0.0,0.0,0.0,0,0,0
1780683343.6149411,0,0.3499999940395355,1,0,243,900,423158243,10,77,-16.22081756591797,19.400009155273438,33.524600982666016,35.5938720703125,1,0,0.6000000238418579,0,0,1,0,0,8,0,1,0,8,99,1,0.0,0.0,35.58298873901367,28.40812110900879,1.5,0,44,0.0,0.0,0.0,0,0,0
1780683343.6347218,0,0.3499999940395355,1,0,243,900,423158243,10,77,-16.22081756591797,17.60000991821289,33.2001838684082,35.94587326049805,1,0,0.6000000238418579,0,0,1,0,0,8,0,1,0,8,99,1,0.0,0.0,35.58298873901367,28.40812110900879,1.5,0,44,0.0,0.0,0.0,0,0,0
1780683343.6546042,0,0.3499999940395355,1,0,243,900,423158243,10,77,-16.22081756591797,15.800010681152344,32.87576675415039,36.26187515258789,1,0,0.6000000238418579,0,0,1,0,0,8,0,1,0,8,99,1,0.0,0.0,35.58298873901367,28.40812110900879,1.5,0,44,0.0,0.0,0.0,0,0,0
1780683343.6749563,0,0.3499999940395355,1,0,243,900,423158243,10,77,-16.22081756591797,14.000011444091797,32.55134963989258,36.541873931884766,1,0,0.6000000238418579,0,0,1,0,0,8,0,1,0,8,99,1,0.0,0.0,35.58298873901367,28.40812110900879,1.5,0,44,0.0,0.0,0.0,0,0,0
1780683343.6946964,0,0.3499999940395355,1,0,243,900,423158243,10,77,-16.22081756591797,12.20001220703125,32.226932525634766,36.78587341308594,1,0,0.6000000238418579,0,0,1,0,0,8,0,1,0,8,99,1,0.0,0.0,35.58298873901367,28.40812110900879,1.5,0,44,0.0,0.0,0.0,0,0,0
1780683343.714685,0,0.3499999940395355,1,0,243,900,423158243,14,77,-0.0,0.0,31.902515411376953,36.993873596191406,1,0,0.6000000238418579,0,0,1,0,0,8,0,1,0,8,99,1,0.0,0.0,35.58298873901367,28.40812110900879,1.5,0,44,0.0,0.0,0.0,0,0,0
1780683343.7348235,0,0.3499999940395355,1,0,243,900,423158243,14,77,0.0,0.0,31.902515411376953,36.993873596191406,1,0,0.6000000238418579,0,0,1,0,0,8,0,1,0,8,99,1,0.0,0.0,35.58298873901367,28.40812110900879,1.5,0,44,0.0,0.0,0.0,0,0,0
1780683343.7548113,0,0.3499999940395355,1,0,243,900,423158243,14,77,0.0,0.0,31.902515411376953,36.993873596191406,1,0,0.6000000238418579,0,0,1,0,0,8,0,1,0,8,99,1,0.0,0.0,35.58298873901367,28.40812110900879,1.5,0,44,0.0,0.0,0.0,0,0,0
1780683343.774886,0,0.3499999940395355,1,0,243,900,423158243,14,77,0.0,0.0,31.902515411376953,36.993873596191406,1,0,0.6000000238418579,0,0,1,0,0,8,0,1,0,8,99,1,0.0,0.0,35.58298873901367,28.40812110900879,1.5,0,44,0.0,0.0,0.0,0,0,0
1780683343.7949476,0,0.3499999940395355,1,0,243,900,423158243,14,77,0.0,0.0,31.902515411376953,36.993873596191406,1,0,0.6000000238418579,0,0,1,0,0,8,0,1,0,8,99,1,0.0,0.0,35.58298873901367,28.40812110900879,1.5,0,44,0.0,0.0,0.0,0,0,0
1780683343.8148527,0,0.3499999940395355,1,0,243,900,423158243,14,77,0.0,0.0,31.902515411376953,36.993873596191406,1,0,0.6000000238418579,0,0,1,0,0,8,0,1,0,8,99,1,0.0,0.0,35.58298873901367,28.40812110900879,1.5,0,44,-1.0,0.0,0.0,0,0,0
1780683343.834832,0,0.3499999940395355,0,0,243,900,423158243,14,77,0.0,0.0,31.902515411376953,36.993873596191406,1,0,0.6000000238418579,0,0,1,0,0,8,0,0,0,8,99,1,0.0,0.0,35.58298873901367,28.40812110900879,1.5,0,44,-1.0,0.0,0.0,0,0,0
1780683343.8547182,0,0.3499999940395355,0,0,243,900,423158243,14,77,0.0,0.0,31.902515411376953,36.993873596191406,1,0,0.6000000238418579,0,0,0,0,0,8,0,0,0,8,99,1,-8.300000190734863,0.0,35.49457550048828,28.40812110900879,1.5,0,44,-1.0,0.0,0.0,0,0,0
1780683343.875008,0,0.3499999940395355,0,0,243,900,423158243,14,77,0.0,0.0,31.902515411376953,36.993873596191406,1,0,0.6000000238418579,0,0,0,0,0,8,0,0,0,8,99,1,-8.300000190734863,0.0,35.32865905761719,28.40812110900879,1.5,0,44,-1.0,0.0,0.0,0,0,0
1780683343.8946733,0,0.3499999940395355,0,0,243,900,423158243,14,77,0.0,0.0,31.902515411376953,36.993873596191406,1,0,0.6000000238418579,0,0,0,0,0,8,0,0,0,8,99,1,-8.300000190734863,0.0,35.162662506103516,28.40812110900879,1.5,0,44,-1.0,0.0,0.0,0,0,0
1780683343.9148293,0,0.3499999940395355,0,0,243,900,423158243,14,77,0.0,0.0,31.902515411376953,36.993873596191406,1,0,0.6000000238418579,0,0,0,0,0,8,0,0,0,8,99,1,-8.300000190734863,0.0,34.996578216552734,28.40812110900879,1.5,0,44,-1.0,0.0,0.0,0,0,0
1780683343.9348176,0,0.3499999940395355,0,0,243,900,423158243,14,77,0.0,0.0,31.902515411376953,36.993873596191406,1,0,0.6000000238418579,0,0,0,0,0,8,0,0,0,8,99,1,-8.300000190734863,0.0,34.8305778503418,28.40812110900879,1.5,0,44,-1.0,0.0,0.0,0,0,0
1780683343.95507,0,0.3499999940395355,0,0,243,900,423158243,14,77,0.0,0.0,31.902515411376953,36.993873596191406,1,0,0.6000000238418579,0,0,0,0,0,8,0,0,0,8,99,1,-8.300000190734863,0.0,34.664581298828125,28.40812110900879,1.5,0,44,-1.0,0.0,0.0,0,0,0
1780683343.9749422,0,0.3499999940395355,0,0,243,900,423158243,14,77,0.0,0.0,31.902515411376953,36.993873596191406,1,0,0.6000000238418579,0,0,0,0,0,8,0,0,0,8,99,1,-8.300000190734863,0.0,34.49866485595703,28.40812110900879,1.5,0,44,-1.0,0.0,0.0,0,0,0
1780683343.9945743,0,0.3499999940395355,0,0,243,900,423158243,14,77,0.0,0.0,31.902515411376953,36.993873596191406,1,0,0.6000000238418579,0,0,0,0,0,8,0,0,0,8,99,1,-8.300000190734863,0.0,34.332664489746094,28.40812110900879,1.5,0,44,-1.0,0.0,0.0,0,0,0
1780683344.0148351,0,0.3499999940395355,0,0,243,900,423158243,14,77,0.0,0.0,31.902515411376953,36.993873596191406,1,0,0.6000000238418579,0,0,0,0,0,8,0,0,0,8,99,1,-8.300000190734863,0.0,34.166664123535156,28.40812110900879,1.5,0,44,-1.0,0.0,0.0,0,0,0
1780683344.0349278,0,0.3499999940395355,0,0,243,900,423158243,14,77,0.0,0.0,31.902515411376953,36.993873596191406,1,0,0.6000000238418579,0,0,0,0,0,8,0,0,0,8,99,1,-8.300000190734863,0.0,34.000667572021484,28.40812110900879,1.5,0,44,-1.0,0.0,0.0,0,0,0
1780683344.0550935,0,0.3499999940395355,0,0,243,900,423158243,14,77,0.0,0.0,31.902515411376953,36.993873596191406,1,0,0.6000000238418579,0,0,0,0,0,8,0,0,0,8,99,1,-8.300000190734863,0.0,33.83466720581055,28.40812110900879,1.5,0,44,-1.0,0.0,0.0,0,0,0
1780683344.0748954,0,0.3499999940395355,0,0,243,900,423158243,14,77,0.0,0.0,31.902515411376953,36.993873596191406,1,0,0.6000000238418579,0,0,0,0,0,8,0,0,0,8,99,1,-8.300000190734863,0.0,33.668582916259766,28.40812110900879,1.5,0,44,-1.0,0.0,0.0,0,0,0
1780683344.0949929,0,0.3499999940395355,0,0,243,900,423158243,14,77,0.0,0.0,31.902515411376953,36.993873596191406,1,0,0.6000000238418579,0,0,0,0,0,8,0,0,0,8,99,1,-8.300000190734863,0.0,33.50258255004883,28.40812110900879,1.5,0,44,-1.0,0.0,0.0,0,0,0
1780683344.1146498,0,0.3499999940395355,0,0,243,900,423158243,14,77,0.0,0.0,31.902515411376953,36.993873596191406,1,0,0.6000000238418579,0,0,0,0,0,8,0,0,0,8,99,1,-8.300000190734863,0.0,33.336585998535156,28.40812110900879,1.5,0,44,-1.0,0.0,0.0,0,0,0
1780683344.1346703,0,0.3499999940395355,0,0,243,900,423158243,14,77,0.0,0.0,31.902515411376953,36.993873596191406,1,0,0.6000000238418579,0,0,0,0,0,8,0,0,0,8,99,1,-8.300000190734863,0.0,33.17058181762695,28.40812110900879,1.5,0,44,-1.0,0.0,0.0,0,0,0
1780683344.1548777,0,0.3499999940395355,0,0,243,900,423158243,15,77,11.263425827026367,-27.805309295654297,31.902515411376953,36.993873596191406,1,0,0.6000000238418579,0,0,0,0,0,8,0,0,0,8,99,1,-8.300000190734863,0.0,33.00458526611328,28.40812110900879,1.5,0,44,-1.0,0.0,0.0,0,0,0
1780683344.174996,0,0.3499999940395355,0,0,243,900,423158243,15,77,11.263425827026367,-27.805309295654297,32.127784729003906,36.437767028808594,1,0,0.6000000238418579,0,0,0,0,0,8,0,0,0,8,99,1,-8.300000190734863,0.0,32.838584899902344,28.40812110900879,1.5,0,44,-1.0,0.0,0.0,0,0,0
1780683344.1948078,0,0.3499999940395355,0,0,243,900,423158243,15,77,11.263425827026367,-27.805309295654297,32.35305404663086,35.88166046142578,1,0,0.6000000238418579,0,0,0,0,0,8,0,0,0,8,99,1,-8.300000190734863,0.0,32.67266845703125,28.40812110900879,1.5,0,44,-1.0,0.0,0.0,0,0,0
1780683344.2151449,0,0.3499999940395355,0,0,243,900,423158243,15,77,11.263425827026367,-27.805309295654297,32.57832336425781,35.32555389404297,1,0,0.6000000238418579,0,0,0,0,0,8,0,0,0,8,99,1,-8.300000190734863,0.0,32.50666809082031,28.40812110900879,1.5,0,44,-1.0,0.0,0.0,0,0,0
1780683344.2352393,0,0.3499999940395355,0,0,243,900,423158243,15,77,11.263425827026367,-27.805309295654297,32.803592681884766,34.769447326660156,1,0,0.6000000238418579,0,0,0,0,0,8,0,0,0,8,99,1,-8.300000190734863,0.0,32.34058380126953,28.40812110900879,1.5,0,44,-1.0,0.0,0.0,0,0,0
1780683344.2552063,0,0.3499999940395355,0,0,243,900,423158243,15,77,11.263425827026367,-27.805309295654297,33.02886199951172,34.213340759277344,1,0,0.6000000238418579,0,0,0,0,0,8,0,0,0,8,99,1,-8.300000190734863,0.0,32.17457580566406,28.40812110900879,1.5,0,44,0.0,0.0,0.0,0,0,0
1780683344.2750192,0,0.3499999940395355,0,0,243,900,423158243,15,77,11.263425827026367,-27.805309295654297,33.25413131713867,33.65723419189453,1,0,0.6000000238418579,0,0,0,0,0,8,0,0,0,8,99,1,-8.300000190734863,0.0,32.00865936279297,28.40812110900879,1.5,0,44,0.0,0.0,0.0,0,0,0
1780683344.2953653,0,0.3499999940395355,0,0,243,900,423158243,15,77,11.263425827026367,-27.805309295654297,33.479400634765625,33.10112762451172,1,0,0.6000000238418579,0,0,0,0,0,8,0,0,0,8,99,1,0.0,0.0,31.930980682373047,28.40812110900879,1.5,0,44,0.0,0.0,0.0,0,0,0
1780683344.3149946,0,0.3499999940395355,0,0,243,900,423158243,15,77,11.263425827026367,-27.805309295654297,33.70466995239258,32.545021057128906,1,0,0.6000000238418579,0,0,0,0,0,8,0,0,0,8,99,1,0.0,0.0,31.930980682373047,28.40812110900879,1.5,0,44,0.0,0.0,0.0,0,0,0
1780683344.3350065,0,0.3499999940395355,0,0,243,900,423158243,15,77,11.263425827026367,-27.805309295654297,33.92993927001953,31.988914489746094,1,0,0.6000000238418579,0,0,0,0,0,8,0,0,0,8,99,1,0.0,0.0,31.930980682373047,28.40812110900879,1.5,0,44,0.0,0.0,0.0,0,0,0
1780683344.354832,0,0.3499999940395355,0,0,243,900,423158243,15,77,11.263425827026367,-27.805309295654297,34.155208587646484,31.43280792236328,1,0,0.6000000238418579,0,0,0,0,0,8,0,0,0,8,99,1,0.0,0.0,31.930980682373047,28.40812110900879,1.5,0,44,0.0,0.0,0.0,0,0,0
1780683344.3749177,0,0.3499999940395355,0,0,243,900,423158243,15,77,11.263425827026367,-27.805309295654297,34.38047790527344,30.87670135498047,1,0,0.6000000238418579,0,0,0,0,0,8,0,0,0,8,99,1,0.0,0.0,31.930980682373047,28.40812110900879,1.5,0,44,1.0,-1.0,0.0,0,0,0
1780683344.3948627,0,0.3499999940395355,0,0,243,900,423158243,15,77,11.263425827026367,-27.805309295654297,34.60574722290039,30.320594787597656,1,0,0.6000000238418579,0,0,0,0,0,8,0,0,0,8,99,1,0.0,0.0,31.930980682373047,28.40812110900879,1.5,0,44,1.0,-1.0,0.0,0,0,0
1780683344.414634,0,0.3499999940395355,0,0,243,900,423158243,15,77,11.263425827026367,-27.805309295654297,34.831016540527344,29.764488220214844,1,0,0.6000000238418579,0,0,0,0,0,8,0,0,0,8,99,1,0.0,0.0,31.930980682373047,28.40812110900879,1.5,0,44,1.0,-1.0,0.0,0,0,0
1780683344.4350994,0,0.3499999940395355,0,0,243,900,423158243,15,77,11.263425827026367,-27.805309295654297,35.0562858581543,29.20838165283203,1,0,0.6000000238418579,0,0,1,0,0,8,0,0,0,8,99,1,8.300000190734863,0.0,32.0192985534668,28.40812110900879,1.5,0,44,1.0,-1.0,0.0,0,0,0
1780683344.4547288,0,0.3499999940395355,0,0,243,900,423158243,15,77,11.263425827026367,-27.805309295654297,35.28155517578125,28.65227508544922,1,0,0.6000000238418579,0,0,1,0,0,8,0,0,0,8,99,1,8.300000190734863,0.0,32.185298919677734,28.40812110900879,1.5,0,44,1.0,-1.0,0.0,0,0,0
1780683344.4749415,0,0.3499999940395355,0,0,243,900,423158243,15,77,11.263425827026367,-27.805309295654297,35.5068244934082,28.096168518066406,1,0,0.6000000238418579,0,0,1,0,0,8,0,0,0,8,99,1,8.300000190734863,0.0,32.351295471191406,28.40812110900879,1.5,0,44,1.0,-1.0,0.0,0,0,0
1780683344.495007,0,0.3499999940395355,0,0,243,900,423158243,47,77,9.010741233825684,0.0,35.732093811035156,27.549999237060547,1,0,0.6000000238418579,0,0,1,0,0,8,0,0,0,8,99,1,8.300000190734863,0.0,32.517295837402344,28.40812110900879,1.5,0,44,1.0,-1.0,0.0,0,0,0
1780683344.5149264,0,0.3499999940395355,0,0,243,900,423158243,47,77,7.208592891693115,0.0,35.87626647949219,28.295839309692383,1,0,0.6000000238418579,0,0,1,0,0,8,0,0,0,8,99,1,8.300000190734863,0.0,32.683380126953125,28.40812110900879,1.5,0,44,1.0,-1.0,0.0,0,0,0
1780683344.5350807,0,0.3499999940395355,0,0,243,900,423158243,47,77,5.766874313354492,0.0,35.99160385131836,28.492136001586914,1,0,0.6000000238418579,0,0,1,0,0,8,0,0,0,8,99,1,8.300000190734863,0.0,32.84938049316406,28.40812110900879,1.5,0,44,1.0,-1.0,0.0,0,0,0
1780683344.5549562,0,0.3499999940395355,0,0,243,900,423158243,47,77,4.613499641418457,0.0,36.0838737487793,28.54359245300293,1,0,0.6000000238418579,0,0,1,0,0,8,0,0,0,8,99,1,8.300000190734863,0.0,33.015380859375,28.40812110900879,1.5,0,44,1.0,-1.0,0.0,0,0,0
1780683344.5750093,0,0.3499999940395355,0,0,243,900,423158243,47,77,3.6907997131347656,0.0,36.15768814086914,28.55708122253418,1,0,0.6000000238418579,0,0,1,0,0,8,0,0,0,8,99,1,8.300000190734863,0.0,33.18138122558594,28.40812110900879,1.5,0,44,1.0,-1.0,0.0,0,0,1
1780683344.5950704,0,0.3499999940395355,1,0,243,900,423158243,47,77,2.9526398181915283,0.0,36.216739654541016,28.558807373046875,0,0,0.6000000238418579,0,0,1,0,0,8,0,1,0,8,99,1,8.300000190734863,0.0,33.34738540649414,28.40812110900879,1.5,0,44,1.0,-1.0,0.0,0,0,1
1780683344.6145856,0,0.3499999940395355,1,0,243,900,423158243,47,77,2.362111806869507,0.0,36.263980865478516,28.559911727905273,0,0,0.6000000238418579,0,0,1,0,0,8,0,1,0,8,99,1,8.300000190734863,0.0,33.51338195800781,28.40812110900879,1.5,0,44,1.0,-1.0,0.0,0,0,1
1780683344.935679,0,0.3499999940395355,1,0,222,900,423158243,60,77,0.0,0.0,36.30177307128906,28.560619354248047,0,0,0.6000000238418579,0,0,1,0,0,8,0,1,0,8,99,1,-3.75,0.0,33.72916030883789,28.40812110900879,1.5,0,55,1.0,0.0,0.0,0,0,0
1780683344.9751525,0,0.3499999940395355,1,0,222,900,423158243,60,77,0.0,0.0,36.60177230834961,28.561071395874023,0,0,0.6000000238418579,0,0,1,0,0,8,0,1,0,8,99,1,-3.75,0.0,33.68707275390625,28.40812110900879,1.5,0,55,0.0,0.0,0.0,0,0,0
1780683344.9949882,0,0.3499999940395355,1,0,222,900,423158243,60,77,0.0,0.0,36.901771545410156,28.561359405517578,0,0,0.6000000238418579,0,0,1,0,0,8,0,1,0,8,99,1,-3.75,0.0,33.623329162597656,28.408123016357422,1.5,0,55,0.0,0.0,0.0,0,0,0
1780683345.0149672,0,0.3499999940395355,1,0,222,900,423158243,60,77,0.0,0.0,37.2017707824707,28.56154441833496,1,0,0.6000000238418579,0,0,1,0,0,8,0,1,0,8,99,1,-3.75,0.0,33.54833221435547,28.40812110900879,1.5,0,55,0.0,0.0,0.0,0,0,0
1780683345.0346754,0,0.3499999940395355,1,0,222,900,423158243,60,77,0.0,0.0,37.43966293334961,28.56178855895996,1,0,0.6000000238418579,0,0,1,0,0,8,0,1,0,8,99,1,-3.75,0.0,33.473331451416016,28.40812110900879,1.5,0,55,0.0,0.0,0.0,0,0,0
1780683345.0552044,0,0.3499999940395355,1,0,222,900,423158243,60,77,0.0,0.0,37.48447036743164,28.561853408813477,1,0,0.6000000238418579,0,0,1,0,0,8,0,1,0,8,99,1,-3.75,0.0,33.39833068847656,28.40812110900879,1.5,0,55,0.0,0.0,0.0,0,0,0
1780683345.0751007,0,0.3499999940395355,1,0,222,900,423158243,60,77,0.0,0.0,37.43512725830078,28.56186866760254,1,0,0.6000000238418579,0,0,1,0,0,8,0,1,0,8,99,1,-3.75,0.0,33.32329559326172,28.40812110900879,1.5,0,55,0.0,0.0,0.0,0,0,0
1780683345.0949004,0,0.3499999940395355,1,0,222,900,423158243,60,77,0.0,0.0,37.42219543457031,28.561870574951172,1,0,0.6000000238418579,0,0,1,0,0,8,0,1,0,8,99,1,-3.75,0.0,33.248294830322266,28.408123016357422,1.5,0,55,0.0,0.0,0.0,0,0,0
1780683345.1150367,0,0.3499999940395355,1,0,222,900,423158243,60,77,0.0,0.0,37.42053985595703,28.561870574951172,1,0,0.6000000238418579,0,0,1,0,0,8,0,1,0,8,99,1,-3.75,0.0,33.17329406738281,28.40812110900879,1.5,0,55,0.0,0.0,0.0,0,0,0
1780683345.1349928,0,0.3499999940395355,1,0,222,900,423158243,60,77,0.0,0.0,37.41948318481445,28.561870574951172,1,0,0.6000000238418579,0,0,1,0,0,8,0,1,0,8,99,1,-3.75,0.0,33.09829330444336,28.40812110900879,1.5,0,55,0.0,0.0,0.0,0,0,0
1780683345.1548727,0,0.3499999940395355,1,0,222,900,423158243,60,77,0.0,0.0,37.41880416870117,28.561870574951172,1,0,0.6000000238418579,0,0,1,0,0,8,0,1,0,8,99,1,0.0,0.0,33.08197784423828,28.408123016357422,1.5,0,55,0.0,0.0,0.0,0,0,0
1780683345.1748176,0,0.3499999940395355,1,0,222,900,423158243,60,77,0.0,0.0,37.41836929321289,28.561870574951172,1,0,0.6000000238418579,0,0,1,0,0,8,0,1,0,8,99,1,0.0,0.0,33.08197784423828,28.40812110900879,1.5,0,55,0.0,0.0,0.0,0,0,0
1780683345.1948647,0,0.3499999940395355,1,0,222,900,423158243,60,77,0.0,0.0,37.418094635009766,28.561870574951172,1,0,0.6000000238418579,0,0,1,0,0,8,0,1,0,8,99,1,0.0,0.0,33.08197784423828,28.408123016357422,1.5,0,55,0.0,0.0,0.0,0,0,0
1780683345.2149189,0,0.3499999940395355,1,0,222,900,423158243,60,77,0.0,0.0,37.41791534423828,28.561870574951172,1,0,0.6000000238418579,0,0,1,0,0,8,0,1,0,8,99,1,0.0,0.0,33.08197784423828,28.40812110900879,1.5,0,55,0.0,0.0,0.0,0,0,0
1780683345.234741,0,0.3499999940395355,1,0,222,900,423158243,60,77,0.0,0.0,37.41780090332031,28.561870574951172,1,0,0.6000000238418579,0,0,1,0,0,8,0,1,0,8,99,1,0.0,0.0,33.08197784423828,28.40812110900879,1.5,0,55,0.0,0.0,0.0,0,0,0
1780683345.254677,0,0.3499999940395355,0,0,222,900,423158243,60,77,0.0,0.0,37.417728424072266,28.561870574951172,1,0,0.6000000238418579,0,0,1,0,0,8,0,0,0,8,99,1,0.0,0.0,33.08197784423828,28.40812110900879,1.5,0,55,0.0,0.0,0.0,0,0,0
1780683345.2751462,0,0.3499999940395355,0,0,222,900,423158243,60,77,0.0,0.0,37.41768264770508,28.561870574951172,1,0,0.6000000238418579,0,0,1,0,0,8,0,0,0,8,99,1,0.0,0.0,33.08197784423828,28.40812110900879,1.5,0,55,0.0,0.0,0.0,0,0,0
1780683345.2947404,0,0.3499999940395355,0,0,222,900,423158243,60,77,0.0,0.0,37.41765213012695,28.561870574951172,1,0,0.6000000238418579,0,0,1,0,0,8,0,0,0,8,99,1,0.0,0.0,33.08197784423828,28.40812110900879,1.5,0,55,0.0,0.0,0.0,0,0,0
1780683345.314504,0,0.3499999940395355,0,0,222,900,423158243,60,77,0.0,0.0,37.417633056640625,28.561870574951172,1,0,0.6000000238418579,0,0,1,0,0,8,0,0,0,8,99,1,0.0,0.0,33.08197784423828,28.408119201660156,1.5,0,55,0.0,0.0,0.0,1,0,0
1780683345.3353088,0,0.3499999940395355,0,0,222,900,423158243,60,77,0.0,0.0,37.41762161254883,28.561870574951172,1,0,0.6000000238418579,0,0,1,0,0,8,0,0,1,8,99,1,0.0,0.0,33.08197784423828,28.40812110900879,1.5,0,55,1.0,0.0,0.0,1,0,0
1780683345.3551953,0,0.3499999940395355,0,0,222,900,423158243,60,77,0.0,0.0,37.4176139831543,28.561870574951172,1,0,0.6000000238418579,0,0,1,0,0,8,0,0,1,8,99,0,0.0,15.70199966430664,33.08197784423828,28.653667449951172,1.5,0,55,1.0,0.0,0.0,1,0,0
1780683345.3752866,0,0.3499999940395355,0,0,222,900,423158243,60,77,0.0,0.0,37.417606353759766,28.561870574951172,1,0,0.6000000238418579,0,0,1,0,0,8,0,0,1,8,99,0,0.0,15.70199966430664,33.08197784423828,28.96770477294922,1.5,0,55,1.0,0.0,0.0,1,0,0
1780683345.3950222,0,0.3499999940395355,0,0,222,900,423158243,60,77,0.0,0.0,37.417606353759766,28.561870574951172,1,0,0.6000000238418579,0,0,1,0,0,8,0,0,1,8,99,0,8.300000190734863,15.70199966430664,33.21177291870117,29.281742095947266,1.5,0,55,1.0,0.0,0.0,1,0,0
1780683345.415235,0,0.3499999940395355,0,0,222,900,423158243,60,77,0.0,0.0,37.417606353759766,28.561870574951172,1,0,0.6000000238418579,0,0,1,0,0,8,0,0,1,8,99,0,8.300000190734863,15.70199966430664,33.377769470214844,29.59577751159668,1.5,0,55,1.0,1.0,0.0,1,0,0
1780683345.435038,0,0.3499999940395355,0,0,222,900,423158243,60,77,0.0,0.0,37.417606353759766,28.561870574951172,1,0,0.6000000238418579,0,0,1,0,0,8,0,0,1,8,99,0,8.300000190734863,15.70199966430664,33.54376983642578,29.90981674194336,1.5,0,55,1.0,1.0,0.0,1,0,0
1780683345.4548738,0,0.3499999940395355,0,0,222,900,423158243,60,77,0.0,0.0,37.417606353759766,28.561870574951172,1,0,0.6000000238418579,0,0,1,0,0,8,0,0,1,8,99,0,8.300000190734863,15.70199966430664,33.70976638793945,30.223852157592773,1.5,0,55,1.0,1.0,0.0,1,0,0
1780683345.4750419,0,0.3499999940395355,0,0,222,900,423158243,60,77,0.0,0.0,37.417606353759766,28.561870574951172,1,0,0.6000000238418579,0,0,1,0,0,8,0,0,1,8,99,0,8.300000190734863,15.70199966430664,33.875762939453125,30.537883758544922,1.5,0,55,1.0,1.0,0.0,1,0,0
1780683345.4950953,0,0.3499999940395355,0,0,222,900,423158243,60,77,0.0,0.0,37.417606353759766,28.561870574951172,1,0,0.6000000238418579,0,0,1,0,0,8,0,0,1,8,99,0,8.300000190734863,15.70199966430664,34.04176330566406,30.85192108154297,1.5,0,55,1.0,1.0,0.0,1,0,0
1780683345.5149465,0,0.3499999940395355,0,0,222,900,423158243,60,77,0.0,0.0,37.417606353759766,28.561870574951172,1,0,0.6000000238418579,0,0,1,0,0,8,0,0,1,8,99,0,8.300000190734863,15.70199966430664,34.207847595214844,31.16611671447754,1.5,0,55,1.0,1.0,0.0,1,0,0
1780683345.535003,0,0.3499999940395355,0,0,222,900,423158243,60,77,0.0,0.0,37.417606353759766,28.561870574951172,1,0,0.6000000238418579,0,0,1,0,0,8,0,0,1,8,99,0,8.300000190734863,15.70199966430664,34.37384796142578,31.480154037475586,1.5,0,55,1.0,1.0,0.0,1,0,0
1780683345.55528,0,0.3499999940395355,0,0,222,900,423158243,60,77,0.0,0.0,37.417606353759766,28.561870574951172,1,0,0.6000000238418579,0,0,1,0,0,8,0,0,0,8,99,0,8.300000190734863,14.753999710083008,34.539764404296875,31.779216766357422,1.5,0,55,1.0,1.0,0.0,1,0,0
1780683345.5751033,0,0.3499999940395355,0,0,222,900,423158243,60,77,0.0,0.0,37.417606353759766,28.561870574951172,1,0,0.6000000238418579,0,0,1,0,0,8,0,0,0,8,99,0,8.300000190734863,13.805999755859375,34.70584487915039,32.059608459472656,1.5,0,55,1.0,1.0,0.0,1,0,0
1780683345.5946386,0,0.3499999940395355,0,0,222,900,423158243,60,77,0.0,0.0,37.417606353759766,28.561870574951172,1,0,0.6000000238418579,0,0,1,0,0,8,0,0,0,8,99,0,8.300000190734863,12.857999801635742,34.87184524536133,32.320892333984375,1.5,0,55,1.0,0.0,0.0,1,0,0
1780683345.6150432,0,0.3499999940395355,0,0,222,900,423158243,60,77,0.0,0.0,37.417606353759766,28.561870574951172,1,0,0.6000000238418579,0,0,1,0,0,8,0,0,0,8,99,0,8.300000190734863,11.90999984741211,35.037845611572266,32.5632209777832,1.5,0,55,1.0,0.0,0.0,1,0,0
1780683345.6350605,0,0.3499999940395355,0,0,222,900,423158243,60,77,0.0,0.0,37.417606353759766,28.561870574951172,1,0,0.6000000238418579,0,0,1,0,0,8,0,0,0,8,99,0,8.300000190734863,10.961999893188477,35.2038459777832,32.78658676147461,1.5,0,55,1.0,0.0,0.0,1,0,0
1780683345.6550708,0,0.3499999940395355,0,0,222,900,423158243,60,77,0.0,0.0,37.417606353759766,28.561870574951172,1,0,0.6000000238418579,0,0,1,0,0,8,0,0,0,8,99,0,8.300000190734863,10.013999938964844,35.36984634399414,32.99099349975586,1.5,0,55,1.0,-1.0,0.0,1,0,0
1780683345.6750982,0,0.3499999940395355,0,0,222,900,423158243,60,77,0.0,0.0,37.417606353759766,28.561870574951172,1,0,0.6000000238418579,0,0,1,0,0,8,0,0,0,8,99,0,8.300000190734863,9.065999984741211,35.5357666015625,33.176353454589844,1.5,0,55,1.0,-1.0,0.0,1,0,0
1780683345.6951191,0,0.3499999940395355,0,0,222,900,423158243,60,77,0.0,0.0,37.417606353759766,28.561870574951172,1,0,0.6000000238418579,0,0,1,0,0,8,0,0,0,8,99,0,8.300000190734863,8.118000030517578,35.7017707824707,33.34285354614258,1.5,0,55,1.0,-1.0,0.0,1,0,0
1780683345.7151203,0,0.3499999940395355,0,0,222,900,423158243,60,77,0.0,0.0,37.417606353759766,28.561870574951172,1,0,0.6000000238418579,0,0,1,0,0,8,0,0,0,8,99,0,8.300000190734863,7.1700005531311035,35.86785888671875,33.49046325683594,1.5,0,55,1.0,-1.0,0.0,1,0,0
1780683345.7348065,0,0.3499999940395355,0,0,222,900,423158243,60,77,0.0,0.0,37.417606353759766,28.561870574951172,1,0,0.6000000238418579,0,0,1,0,0,8,0,0,0,8,99,0,8.300000190734863,6.222001075744629,36.033775329589844,33.61896514892578,1.5,0,55,1.0,-1.0,0.0,0,0,0
1780683345.7548862,0,0.3499999940395355,0,0,222,900,423158243,60,77,0.0,0.0,37.417606353759766,28.561870574951172,1,0,0.6000000238418579,0,0,1,1,0,8,0,0,0,8,99,0,8.300000190734863,-0.9479996562004089,36.19977569580078,33.63128662109375,1.5,0,55,0.0,-1.0,0.0,0,0,0
1780683345.7751698,0,0.3499999940395355,0,0,222,900,423158243,60,77,0.0,0.0,37.417606353759766,28.561870574951172,1,0,0.6000000238418579,0,0,1,1,0,8,0,0,0,8,99,0,0.0,-1.8959993124008179,36.235984802246094,33.597503662109375,1.5,0,55,0.0,-1.0,0.0,0,0,0
1780683345.7948477,0,0.3499999940395355,0,0,222,900,423158243,60,77,0.0,0.0,37.417606353759766,28.561870574951172,1,0,0.6000000238418579,0,0,1,1,0,8,0,0,0,8,99,0,0.0,-2.843998908996582,36.235984802246094,33.544761657714844,1.5,0,55,0.0,-1.0,0.0,0,1,0
1780683345.814866,0,0.3499999940395355,0,0,222,900,423158243,60,77,0.0,0.0,37.417606353759766,28.561870574951172,1,0,0.6000000238418579,0,0,1,1,0,8,0,0,0,8,99,0,0.0,-3.7919986248016357,36.235984802246094,33.473018646240234,1.5,0,55,0.0,-1.0,0.0,0,1,0
1780683345.8353317,0,0.3499999940395355,0,0,222,900,423158243,60,77,0.0,0.0,37.417606353759766,28.561870574951172,1,0,0.6000000238418579,0,0,1,1,0,8,0,0,0,8,99,0,0.0,-4.7399983406066895,36.235984802246094,33.38239288330078,1.5,0,55,0.0,-1.0,0.0,0,1,0
1780683345.8550553,0,0.3499999940395355,0,0,222,900,423158243,60,77,0.0,0.0,37.417606353759766,28.561870574951172,1,0,0.6000000238418579,0,0,1,1,0,8,0,0,0,8,99,0,0.0,-5.687997817993164,36.235984802246094,33.27277374267578,1.5,0,55,0.0,-1.0,0.0,0,1,0
1780683345.875071,0,0.3499999940395355,0,0,222,900,423158243,60,77,0.0,0.0,37.417606353759766,28.561870574951172,1,0,0.6000000238418579,0,0,1,1,0,8,0,0,0,8,99,0,0.0,-6.635997295379639,36.235984802246094,33.14419174194336,1.5,0,55,0.0,-1.0,0.0,0,1,0
1780683345.8949418,0,0.3499999940395355,0,0,222,900,423158243,60,77,0.0,0.0,37.417606353759766,28.561870574951172,1,0,0.6000000238418579,0,0,1,1,0,8,0,0,0,8,99,0,0.0,-7.583996772766113,36.235984802246094,32.996646881103516,1.5,0,55,0.0,-1.0,0.0,0,0,0
1780683345.9148889,0,0.3499999940395355,0,0,222,900,423158243,60,77,0.0,0.0,37.417606353759766,28.561870574951172,0,0,0.6000000238418579,0,0,1,0,0,8,0,0,0,8,99,0,0.0,0.0,36.235984802246094,32.83006286621094,1.5,0,55,0.0,-1.0,0.0,0,0,0
1780683345.9350579,0,0.3499999940395355,0,0,222,900,423158243,60,77,0.0,0.0,37.417606353759766,28.561870574951172,0,0,0.6000000238418579,0,0,1,0,0,8,0,0,0,8,99,0,0.0,0.0,36.235984802246094,32.79291534423828,1.5,0,55,0.0,-1.0,0.0,0,0,0
1780683345.9553106,0,0.3499999940395355,0,0,222,900,423158243,60,77,0.0,0.0,37.417606353759766,28.561870574951172,0,0,0.6000000238418579,0,0,1,0,0,8,0,0,0,8,99,0,0.0,0.0,36.235984802246094,32.79291534423828,1.5,0,55,0.0,0.0,0.0,0,0,0
1780683345.9751265,0,0.3499999940395355,0,0,222,900,423158243,60,77,0.0,0.0,37.417606353759766,28.561870574951172,0,0,0.6000000238418579,0,0,1,0,0,8,0,0,0,8,99,0,0.0,0.0,36.235984802246094,32.79291534423828,1.5,0,55,0.0,0.0,0.0,0,0,0
1780683345.9950492,0,0.3499999940395355,0,0,222,900,423158243,60,77,0.0,0.0,37.417606353759766,28.561870574951172,0,0,0.6000000238418579,0,0,1,0,0,8,0,0,0,8,99,0,0.0,0.0,36.235984802246094,32.79291534423828,1.5,0,55,0.0,0.0,0.0,0,0,0
1780683346.0150266,0,0.3499999940395355,0,0,222,900,423158243,60,77,0.0,0.0,37.417606353759766,28.561870574951172,0,0,0.6000000238418579,0,0,1,0,0,8,0,0,0,8,99,0,0.0,0.0,36.235984802246094,32.79291534423828,1.5,0,55,0.0,0.0,0.0,0,0,0
1780683346.0349836,0,0.3499999940395355,0,0,222,900,423158243,60,77,0.0,0.0,37.417606353759766,28.561870574951172,0,0,0.6000000238418579,0,0,1,0,0,8,0,0,0,8,99,0,0.0,0.0,36.235984802246094,32.79291534423828,1.5,0,55,0.0,0.0,0.0,0,0,0
1780683346.0552247,0,0.3499999940395355,0,0,222,900,423158243,60,77,0.0,0.0,37.417606353759766,28.561870574951172,0,0,0.6000000238418579,0,0,1,0,0,8,0,0,0,8,99,0,0.0,0.0,36.235984802246094,32.79291534423828,1.5,0,55,0.0,0.0,0.0,0,0,0
1780683346.0750637,0,0.3499999940395355,0,0,222,900,423158243,60,77,0.0,0.0,37.417606353759766,28.561870574951172,0,0,0.6000000238418579,0,0,1,0,0,8,0,0,0,8,99,0,0.0,0.0,36.235984802246094,32.79291534423828,1.5,0,55,0.0,0.0,0.0,0,0,0
1780683346.0949857,0,0.3499999940395355,0,0,222,900,423158243,60,77,0.0,0.0,37.417606353759766,28.561870574951172,0,0,0.6000000238418579,0,0,1,0,0,8,0,0,0,8,99,0,0.0,0.0,36.235984802246094,32.79291534423828,1.5,0,55,0.0,0.0,0.0,0,0,0
1780683346.1149323,0,0.3499999940395355,0,0,222,900,423158243,60,77,0.0,0.0,37.417606353759766,28.561870574951172,0,0,0.6000000238418579,0,0,1,0,0,8,0,0,0,8,99,0,0.0,0.0,36.235984802246094,32.79291534423828,1.5,0,55,0.0,0.0,0.0,0,0,0
1780683346.134937,0,0.3499999940395355,0,0,222,900,423158243,60,77,0.0,0.0,37.417606353759766,28.561870574951172,0,0,0.6000000238418579,0,0,1,0,0,8,0,0,0,8,99,0,0.0,0.0,36.235984802246094,32.79291534423828,1.5,0,55,0.0,0.0,0.0,0,0,0
1780683346.1549048,0,0.3499999940395355,0,0,222,900,423158243,60,77,0.0,0.0,37.417606353759766,28.561870574951172,0,0,0.6000000238418579,0,0,1,0,0,8,0,0,0,8,99,0,0.0,0.0,36.235984802246094,32.79291534423828,1.5,0,55,0.0,0.0,0.0,0,0,0
1780683346.1749952,0,0.3499999940395355,0,0,222,900,423158243,60,77,0.0,0.0,37.417606353759766,28.561870574951172,0,0,0.6000000238418579,0,0,1,1,0,8,0,0,0,8,99,0,0.0,-50.0,36.235984802246094,32.79291534423828,1.5,0,22,0.0,0.0,0.0,0,0,0
1780683346.1947756,0,0.3499999940395355,0,0,222,900,423158243,60,77,0.0,0.0,37.417606353759766,28.561870574951172,0,0,0.6000000238418579,0,0,1,1,0,8,0,0,0,8,99,0,0.0,-50.0,36.235984802246094,32.011146545410156,1.5,0,22,0.0,0.0,0.0,0,0,0
1780683346.214819,0,0.3499999940395355,0,0,222,900,423158243,60,77,0.0,0.0,37.417606353759766,28.561870574951172,0,0,0.6000000238418579,0,0,1,1,0,8,0,0,0,8,99,0,0.0,-50.0,36.235984802246094,31.011154174804688,1.5,0,22,0.0,0.0,0.0,0,0,0
1780683346.2350085,0,0.3499999940395355,0,0,222,900,423158243,60,77,0.0,0.0,37.417606353759766,28.561870574951172,0,0,0.6000000238418579,0,0,1,1,0,8,0,0,0,8,99,0,0.0,-50.0,36.235984802246094,30.011165618896484,1.5,0,22,0.0,0.0,0.0,0,0,0
1780683346.2547305,0,0.3499999940395355,0,0,222,900,423158243,60,77,0.0,0.0,37.417606353759766,28.561870574951172,0,0,0.6000000238418579,0,0,1,1,0,8,0,0,0,8,99,0,0.0,-50.0,36.235984802246094,29.011180877685547,1.5,0,22,0.0,0.0,0.0,0,0,0
1780683346.2748969,0,0.3499999940395355,0,0,222,900,423158243,60,77,0.0,0.0,37.417606353759766,28.561870574951172,0,0,0.6000000238418579,0,0,1,0,0,8,0,0,0,8,99,1,0.0,0.0,36.235984802246094,28.492090225219727,1.5,0,22,0.0,0.0,0.0,0,0,0
1780683346.2949142,0,0.3499999940395355,0,0,222,900,423158243,60,77,0.0,0.0,37.417606353759766,28.561870574951172,0,0,0.6000000238418579,0,0,1,0,0,8,0,0,0,8,99,1,0.0,0.0,36.235984802246094,28.408098220825195,1.5,0,22,0.0,0.0,0.0,0,0,0
1780683346.3152628,0,0.3499999940395355,0,0,222,900,423158243,60,77,0.0,0.0,37.417606353759766,28.561870574951172,0,0,0.6000000238418579,0,0,1,0,0,8,0,0,0,8,99,1,0.0,0.0,36.235984802246094,28.40810775756836,1.5,0,22,0.0,0.0,0.0,0,0,0
1780683346.3449354,0,0.3499999940395355,0,0,222,900,423158243,60,77,0.0,0.0,37.417606353759766,28.561870574951172,0,0,0.6000000238418579,0,0,1,0,0,8,0,0,0,8,99,1,0.0,0.0,36.235984802246094,28.408113479614258,1.5,0,22,0.0,0.0,0.0,0,0,0
1780683346.3646986,0,0.3499999940395355,0,0,222,900,423158243,60,77,0.0,0.0,37.417606353759766,28.561870574951172,0,0,0.6000000238418579,0,0,1,0,0,8,0,0,0,8,99,1,0.0,0.0,36.235984802246094,28.408117294311523,1.5,0,22,0.0,0.0,0.0,0,0,0
1780683346.384077,0,0.3499999940395355,0,0,192,900,423158243,7,77,0.0,0.0,37.417606353759766,28.561870574951172,0,0,0.6000000238418579,0,0,1,0,0,8,0,0,0,8,99,1,0.0,0.0,36.235984802246094,28.408119201660156,1.5,0,22,0.0,0.0,0.0,0,0,0
1780683346.4036727,0,0.3499999940395355,0,0,192,900,423158243,7,77,0.0,0.0,37.41765594482422,28.561874389648438,0,0,0.6000000238418579,0,0,1,0,0,8,0,0,0,8,99,1,0.0,0.0,36.235984802246094,28.40812110900879,1.5,0,22,0.0,0.0,0.0,0,0,0
1780683346.4226096,0,0.3499999940395355,0,0,192,900,423158243,7,77,0.0,0.0,37.41763687133789,28.561874389648438,0,0,0.6000000238418579,0,0,1,0,0,8,0,0,0,8,99,1,0.0,0.0,36.235984802246094,28.40812110900879,1.5,0,22,0.0,0.0,0.0,0,0,0
1780683346.4417033,0,0.3499999940395355,0,0,192,900,423158243,7,77,0.0,0.0,37.41762161254883,28.561874389648438,0,0,0.6000000238418579,0,0,1,0,0,8,0,0,0,8,99,1,0.0,0.0,36.235984802246094,28.40812110900879,1.5,0,22,0.0,0.0,0.0,0,0,0
1780683346.4602144,0,0.3499999940395355,0,0,192,900,423158243,7,77,0.0,0.0,37.4176139831543,28.561874389648438,0,0,0.6000000238418579,0,0,1,0,0,8,0,0,0,8,99,1,0.0,0.0,36.235984802246094,28.40812110900879,1.5,0,22,0.0,0.0,0.0,0,0,0
1780683346.4785895,0,0.3499999940395355,0,0,192,900,423158243,7,77,0.0,0.0,37.417606353759766,28.561874389648438,0,0,0.6000000238418579,0,0,1,0,0,8,0,0,0,8,99,1,0.0,0.0,36.235984802246094,28.40812110900879,1.5,0,22,0.0,0.0,0.0,0,0,0
1780683346.4972184,0,0.3499999940395355,0,0,192,900,423158243,7,77,0.0,0.0,37.417606353759766,28.561874389648438,0,0,0.6000000238418579,0,0,1,0,0,8,0,0,0,8,99,1,0.0,0.0,36.235984802246094,28.40812110900879,1.5,0,22,0.0,0.0,0.0,0,0,0
1780683346.5158648,0,0.3499999940395355,0,0,192,900,423158243,7,77,0.0,0.0,37.417606353759766,28.561874389648438,0,0,0.6000000238418579,0,0,1,0,0,8,0,0,0,8,99,1,0.0,0.0,36.235984802246094,28.40812110900879,1.5,0,22,0.0,0.0,0.0,0,0,0
1780683346.5353882,0,0.3499999940395355,0,0,192,900,423158243,7,77,0.0,0.0,37.417606353759766,28.561874389648438,0,0,0.6000000238418579,0,0,1,0,0,8,0,0,0,8,99,1,0.0,0.0,36.235984802246094,28.40812110900879,1.5,0,22,0.0,0.0,0.0,0,0,0
1780683346.5551863,0,0.3499999940395355,0,0,192,900,423158243,7,77,0.0,0.0,37.417606353759766,28.561874389648438,0,0,0.6000000238418579,0,0,1,0,0,8,0,0,0,8,99,1,0.0,0.0,36.235984802246094,28.40812110900879,1.5,0,22,0.0,0.0,0.0,0,0,0
1780683346.5753894,0,0.3499999940395355,0,0,192,900,423158243,7,77,0.0,0.0,37.417606353759766,28.561874389648438,0,0,0.6000000238418579,0,0,1,0,0,8,0,0,0,8,99,1,0.0,0.0,36.235984802246094,28.40812110900879,1.5,0,22,0.0,0.0,0.0,0,0,0
1780683346.59509,0,0.3499999940395355,0,0,192,900,423158243,7,77,0.0,0.0,37.417606353759766,28.561874389648438,0,0,0.6000000238418579,0,0,1,0,0,8,0,0,0,8,99,1,0.0,0.0,36.235984802246094,28.40812110900879,1.5,0,22,0.0,0.0,0.0,0,0,0
1780683346.6150274,0,0.3499999940395355,0,0,192,900,423158243,7,77,0.0,0.0,37.417606353759766,28.561874389648438,0,0,0.6000000238418579,0,0,1,0,0,8,0,0,0,8,99,1,0.0,0.0,36.235984802246094,28.40812110900879,1.5,0,22,0.0,0.0,0.0,0,0,0
1780683346.6350873,0,0.3499999940395355,0,0,192,900,423158243,7,77,0.0,0.0,37.417606353759766,28.561874389648438,0,0,0.6000000238418579,0,0,1,0,0,8,0,0,0,8,99,1,0.0,0.0,36.235984802246094,28.40812110900879,1.5,0,22,0.0,0.0,0.0,0,0,0
1780683346.655081,0,0.3499999940395355,0,0,192,900,423158243,7,77,0.0,0.0,37.417606353759766,28.561874389648438,0,0,0.6000000238418579,0,0,1,0,0,8,0,0,0,8,99,1,0.0,0.0,36.235984802246094,28.40812110900879,1.5,0,22,0.0,0.0,0.0,0,0,0
1780683346.6752484,0,0.3499999940395355,0,0,192,900,423158243,7,77,0.0,0.0,37.417606353759766,28.561874389648438,0,0,0.6000000238418579,0,0,1,0,0,8,0,0,0,8,99,1,0.0,0.0,36.235984802246094,28.40812110900879,1.5,0,22,0.0,0.0,0.0,0,0,0
1780683346.6956522,0,0.3499999940395355,0,0,192,900,423158243,9,77,-5.293109893798828,41.0,37.417606353759766,28.561874389648438,0,0,0.6000000238418579,0,0,1,0,0,8,0,0,0,8,99,1,0.0,0.0,36.235984802246094,28.40812110900879,1.5,0,22,0.0,0.0,0.0,0,0,0
1780683346.7156842,0,0.3499999940395355,0,0,192,900,423158243,10,77,-5.293109893798828,39.20000076293945,37.311744689941406,29.345874786376953,0,0,0.6000000238418579,0,0,1,0,0,8,0,0,0,8,99,1,0.0,0.0,36.235984802246094,28.40812110900879,1.5,0,22,0.0,0.0,0.0,0,0,0
1780683346.737121,0,0.3499999940395355,0,0,177,900,423158243,10,77,-5.293109893798828,37.400001525878906,37.20588302612305,30.093873977661133,0,0,0.6000000238418579,0,0,1,0,0,8,0,0,0,8,99,1,0.0,0.0,36.235984802246094,28.40812110900879,1.5,0,22,0.0,0.0,0.0,0,0,0
1780683346.7574155,0,0.3499999940395355,0,0,177,900,423158243,10,77,-5.293109893798828,35.60000228881836,37.32673645019531,30.80587387084961,0,0,0.6000000238418579,0,0,1,0,0,8,0,0,0,8,99,1,0.0,0.0,36.235984802246094,28.408119201660156,1.5,0,22,0.0,0.0,0.0,0,0,0
1780683346.776292,0,0.3499999940395355,0,0,177,900,423158243,10,77,-5.293109893798828,33.80000305175781,37.22087478637695,31.481874465942383,0,0,0.6000000238418579,0,0,1,0,0,8,0,0,0,8,99,1,0.0,0.0,36.235984802246094,28.40812110900879,1.5,0,22,0.0,0.0,0.0,0,0,0
1780683346.7955925,0,0.3499999940395355,0,0,177,900,423158243,10,77,-5.293109893798828,32.000003814697266,37.115013122558594,32.12187194824219,0,0,0.6000000238418579,0,0,1,0,0,8,0,0,0,8,99,1,0.0,0.0,36.235984802246094,28.40812110900879,1.5,0,22,0.0,0.0,0.0,0,0,0
1780683346.8149457,0,0.3499999940395355,0,0,177,900,423158243,10,77,-5.293109893798828,30.20000457763672,37.009151458740234,32.72587203979492,0,0,0.6000000238418579,0,0,1,0,0,8,0,0,0,8,99,1,0.0,0.0,36.235984802246094,28.408123016357422,1.5,0,22,0.0,0.0,0.0,0,0,0
1780683346.8349142,0,0.3499999940395355,0,0,177,900,423158243,10,77,-5.293109893798828,28.400005340576172,36.903289794921875,33.29387283325195,0,0,0.6000000238418579,0,0,1,0,0,8,0,0,0,8,99,1,0.0,0.0,36.235984802246094,28.40812110900879,1.5,0,22,0.0,0.0,0.0,0,0,0
1780683346.8546486,0,0.3499999940395355,0,0,177,900,423158243,10,77,-5.293109893798828,26.600006103515625,36.797428131103516,33.82587432861328,0,0,0.6000000238418579,0,0,1,0,0,8,0,0,0,8,99,1,0.0,0.0,36.235984802246094,28.40812110900879,1.5,0,22,0.0,0.0,0.0,0,0,0
1780683346.875059,0,0.3499999940395355,0,0,177,900,423158243,10,77,-5.293109893798828,24.800006866455078,36.691566467285156,34.32187271118164,0,0,0.6000000238418579,0,0,1,0,0,8,0,0,0,8,99,1,0.0,0.0,36.235984802246094,28.40812110900879,1.5,0,22,0.0,0.0,0.0,0,0,0
1780683346.895113,0,0.3499999940395355,0,0,177,900,423158243,10,77,-5.293109893798828,23.00000762939453,36.5857048034668,34.7818717956543,0,0,0.6000000238418579,0,0,1,0,0,8,0,0,0,8,99,1,0.0,0.0,36.235984802246094,28.40812110900879,1.5,0,22,0.0,0.0,0.0,0,0,0
1780683346.9142923,0,0.3499999940395355,0,0,177,900,423158243,10,77,-5.293109893798828,21.200008392333984,36.47984313964844,35.20587158203125,0,0,0.6000000238418579,0,0,1,0,0,8,0,0,0,8,99,1,0.0,0.0,36.235984802246094,28.408119201660156,1.5,0,22,0.0,0.0,0.0,0,0,0
1780683346.934885,0,0.3499999940395355,0,0,177,900,423158243,10,77,-5.293109893798828,19.400009155273438,36.37398147583008,35.5938720703125,0,0,0.6000000238418579,0,0,1,0,0,8,0,0,0,8,99,1,0.0,0.0,36.235984802246094,28.40812110900879,1.5,0,22,0.0,0.0,0.0,0,0,0
1780683346.9549158,0,0.3499999940395355,0,0,177,900,423158243,10,77,-5.293109893798828,17.60000991821289,36.26811981201172,35.94587326049805,0,0,0.6000000238418579,0,0,1,0,0,8,0,0,0,8,99,1,0.0,0.0,36.235984802246094,28.40812110900879,1.5,0,22,0.0,0.0,0.0,0,0,0
1780683346.9748125,0,0.3499999940395355,0,0,177,900,423158243,10,77,-5.293109893798828,15.800010681152344,36.16225814819336,36.26187515258789,1,0,0.6000000238418579,0,0,1,0,0,8,0,0,0,8,99,1,0.0,0.0,36.235984802246094,28.40812110900879,1.5,0,22,0.0,0.0,0.0,0,0,0
1780683346.9945772,0,0.3499999940395355,0,0,177,900,423158243,10,77,-5.293109893798828,14.000011444091797,36.056396484375,36.541873931884766,1,0,0.6000000238418579,0,0,1,0,0,8,0,0,0,8,99,1,0.0,0.0,36.235984802246094,28.40812110900879,1.5,0,22,0.0,0.0,0.0,0,0,0
1780683347.0148246,0,0.3499999940395355,0,0,177,900,423158243,10,77,-5.293109893798828,12.20001220703125,35.95053482055664,36.78587341308594,1,0,0.6000000238418579,0,0,1,0,0,8,0,0,0,8,99,1,0.0,0.0,36.235984802246094,28.40812110900879,1.5,0,22,0.0,0.0,0.0,0,0,0
1780683347.03468,0,0.3499999940395355,0,0,177,900,423158243,10,77,-5.293109893798828,10.400012969970703,35.84467315673828,36.993873596191406,1,0,0.6000000238418579,0,0,1,0,0,8,0,0,0,8,99,1,0.0,0.0,36.235984802246094,28.408123016357422,1.5,0,22,0.0,0.0,0.0,0,0,0
1780683347.0549765,0,0.3499999940395355,0,0,177,900,423158243,10,77,-5.293109893798828,8.600013732910156,35.73881149291992,37.16587448120117,1,0,0.6000000238418579,0,0,1,0,0,8,0,0,0,8,99,1,0.0,0.0,36.235984802246094,28.40812110900879,1.5,0,22,0.0,0.0,0.0,0,0,0
1780683347.075112,0,0.3499999940395355,0,0,177,900,423158243,10,77,-5.293109893798828,6.800014495849609,35.63294982910156,37.301876068115234,1,0,0.6000000238418579,0,0,1,0,0,8,0,0,0,8,99,1,0.0,0.0,36.235984802246094,28.40812110900879,1.5,0,22,0.0,0.0,0.0,0,0,0
1780683347.0950947,0,0.3499999940395355,0,0,177,900,423158243,10,77,-5.293109893798828,5.0000152587890625,35.5270881652832,37.40187454223633,1,0,0.6000000238418579,0,0,1,0,0,8,0,0,0,8,99,1,0.0,0.0,36.235984802246094,28.40812110900879,1.5,0,22,0.0,0.0,0.0,0,0,0
1780683347.1145985,0,0.3499999940395355,0,0,177,900,423158243,10,77,-5.293109893798828,3.2000160217285156,35.421226501464844,37.46587371826172,1,0,0.6000000238418579,0,0,1,0,0,8,0,0,0,8,99,1,0.0,0.0,36.235984802246094,28.40812110900879,1.5,0,22,0.0,0.0,0.0,0,0,0
1780683347.1348615,0,0.3499999940395355,0,0,177,900,423158243,10,77,-5.293109893798828,1.4000167846679688,35.315364837646484,37.493873596191406,1,0,0.6000000238418579,0,0,1,0,0,8,0,0,0,8,99,1,0.0,0.0,36.235984802246094,28.408119201660156,1.5,0,22,0.0,0.0,0.0,0,0,0
1780683347.1549094,0,0.3499999940395355,0,0,177,900,423158243,10,77,-5.293109893798828,-0.3999824523925781,35.209503173828125,37.48587417602539,1,0,0.6000000238418579,0,0,1,0,0,8,0,0,0,8,99,1,0.0,0.0,36.235984802246094,28.408123016357422,1.5,0,22,0.0,0.0,0.0,0,0,0
1780683347.1749108,0,0.3499999940395355,0,0,177,900,423158243,10,77,-5.293109893798828,-2.199981689453125,35.103641510009766,37.44187545776367,1,0,0.6000000238418579,0,0,1,0,0,8,0,0,0,8,99,1,0.0,0.0,36.235984802246094,28.408119201660156,1.5,0,22,0.0,0.0,0.0,0,0,0
1780683347.1946762,0,0.3499999940395355,0,0,177,900,423158243,10,77,-5.293109893798828,-3.999980926513672,34.997779846191406,37.36187744140625,1,0,0.6000000238418579,0,0,1,0,0,8,0,0,0,8,99,1,0.0,0.0,36.235984802246094,28.408123016357422,1.5,0,22,0.0,0.0,0.0,0,0,0
1780683347.2145417,0,0.3499999940395355,0,0,177,900,423158243,10,77,-5.293109893798828,-5.799980163574219,34.89191818237305,37.24587631225586,1,0,0.6000000238418579,0,0,1,0,0,8,0,0,0,8,99,1,0.0,0.0,36.235984802246094,28.408123016357422,1.5,0,22,0.0,0.0,0.0,0,0,0
1780683347.2348435,0,0.3499999940395355,0,0,177,900,423158243,10,77,-5.293109893798828,-7.599979400634766,34.78605651855469,37.093875885009766,1,0,0.6000000238418579,0,0,1,0,0,8,0,0,0,8,99,1,0.0,0.0,36.235984802246094,28.408123016357422,1.5,0,22,0.0,0.0,0.0,0,0,0
1780683347.2547686,0,0.3499999940395355,0,0,177,900,423158243,10,77,-5.293109893798828,-9.399978637695312,34.68019485473633,36.90587615966797,1,0,0.6000000238418579,0,0,1,0,0,8,0,0,0,8,99,1,0.0,0.0,36.235984802246094,28.40812110900879,1.5,0,22,0.0,0.0,0.0,0,0,0
1780683347.2750237,0,0.3499999940395355,0,0,177,900,423158243,10,77,-5.293109893798828,-11.19997787475586,34.57433319091797,36.68187713623047,1,0,0.6000000238418579,0,0,1,0,0,8,0,0,0,8,99,1,0.0,0.0,36.235984802246094,28.40812110900879,1.5,0,22,0.0,0.0,0.0,0,0,0
1780683347.2949808,0,0.3499999940395355,0,0,177,900,423158243,10,77,-5.293109893798828,-12.999977111816406,34.46847152709961,36.421878814697266,1,0,0.6000000238418579,0,0,1,0,0,8,0,0,0,8,99,1,0.0,0.0,36.235984802246094,28.40812110900879,1.5,0,22,0.0,0.0,0.0,0,0,0
1780683347.3146386,0,0.3499999940395355,0,0,177,900,423158243,10,77,-5.293109893798828,-14.799976348876953,34.36260986328125,36.12588119506836,1,0,0.6000000238418579,0,0,1,0,0,8,0,0,0,8,99,1,0.0,0.0,36.235984802246094,28.40812110900879,1.5,0,22,0.0,0.0,0.0,0,0,0
1780683347.3348608,0,0.3499999940395355,0,0,177,900,423158243,10,77,-5.293109893798828,-16.5999755859375,34.25674819946289,35.793880462646484,1,0,0.6000000238418579,0,0,1,0,0,8,0,0,0,8,99,1,0.0,0.0,36.235984802246094,28.40812110900879,1.5,0,22,0.0,0.0,0.0,0,0,0
1780683347.3549218,0,0.3499999940395355,0,0,177,900,423158243,10,77,-5.293109893798828,-18.399974822998047,34.15088653564453,35.425880432128906,1,0,0.6000000238418579,0,0,1,0,0,8,0,0,0,8,99,1,0.0,0.0,36.235984802246094,28.40812110900879,1.5,0,22,0.0,0.0,0.0,0,0,0
1780683347.3749044,0,0.3499999940395355,0,0,177,900,423158243,10,77,-5.293109893798828,-20.199974060058594,34.04502487182617,35.021881103515625,1,0,0.6000000238418579,0,0,1,0,0,8,0,0,0,8,99,1,0.0,0.0,36.235984802246094,28.40812110900879,1.5,0,22,0.0,0.0,0.0,0,0,0
1780683347.394743,0,0.3499999940395355,0,0,177,900,423158243,10,77,-5.293109893798828,-21.99997329711914,33.93916320800781,34.58188247680664,1,0,0.6000000238418579,0,0,1,0,0,8,0,0,0,8,99,1,0.0,0.0,36.235984802246094,28.40812110900879,1.5,0,22,0.0,0.0,0.0,0,0,0
1780683347.4148183,0,0.3499999940395355,0,0,177,900,423158243,10,77,-5.293109893798828,-23.799972534179688,33.83330154418945,34.10588455200195,1,0,0.6000000238418579,0,0,1,0,0,8,0,0,0,8,99,1,0.0,0.0,36.235984802246094,28.40812110900879,1.5,0,22,0.0,0.0,0.0,0,0,0
1780683347.4349406,0,0.3499999940395355,0,0,177,900,423158243,10,77,-5.293109893798828,-25.599971771240234,33.727439880371094,33.5938835144043,1,0,0.6000000238418579,0,0,1,0,0,8,0,0,0,8,99,1,0.0,0.0,36.235984802246094,28.40812110900879,1.5,0,22,0.0,0.0,0.0,0,0,0
1780683347.455118,0,0.3499999940395355,0,0,177,900,423158243,10,77,-5.293109893798828,-27.39997100830078,33.621578216552734,33.04588317871094,1,0,0.6000000238418579,0,0,1,0,0,8,0,0,0,8,99,1,0.0,0.0,36.235984802246094,28.40812110900879,1.5,0,22,0.0,0.0,0.0,0,0,0
1780683347.4748545,0,0.3499999940395355,0,0,177,900,423158243,10,77,-5.293109893798828,-29.199970245361328,33.515716552734375,32.461883544921875,1,0,0.6000000238418579,0,0,1,0,0,8,0,0,0,8,99,1,0.0,0.0,36.235984802246094,28.408119201660156,1.5,0,22,0.0,0.0,0.0,0,0,0
1780683347.4951894,0,0.3499999940395355,0,0,177,900,423158243,10,77,-5.293109893798828,-30.999969482421875,33.409854888916016,31.84188461303711,1,0,0.6000000238418579,0,0,1,0,0,8,0,0,0,8,99,1,0.0,0.0,36.235984802246094,28.40812110900879,1.5,0,22,-1.0,0.0,0.0,0,0,0
1780683347.5148642,0,0.3499999940395355,0,0,177,900,423158243,10,77,-5.293109893798828,-32.79996871948242,33.303993225097656,31.18588638305664,1,0,0.6000000238418579,0,0,1,0,0,8,0,0,0,8,99,1,0.0,0.0,36.235984802246094,28.40812110900879,1.5,0,22,-1.0,0.0,0.0,0,0,0
1780683347.534829,0,0.3499999940395355,0,0,177,900,423158243,10,77,-5.293109893798828,-34.59996795654297,33.1981315612793,30.493886947631836,1,0,0.6000000238418579,0,0,1,0,0,8,0,0,0,8,99,1,0.0,0.0,36.235984802246094,28.40812110900879,1.5,0,22,-1.0,0.0,0.0,0,0,0
1780683347.5551808,0,0.3499999940395355,0,0,177,900,423158243,10,77,-5.293109893798828,-36.399967193603516,33.09226989746094,29.765888214111328,1,0,0.6000000238418579,0,0,0,0,0,8,0,0,0,8,99,1,-8.300000190734863,0.0,36.106170654296875,28.40812110900879,1.5,0,22,-1.0,0.0,0.0,0,0,0
1780683347.5751598,0,0.3499999940395355,0,0,177,900,423158243,10,77,-5.293109893798828,-38.19996643066406,32.98640823364258,29.001888275146484,1,0,0.6000000238418579,0,0,0,0,0,8,0,0,0,8,99,1,-8.300000190734863,0.0,35.94016647338867,28.408123016357422,1.5,0,22,-1.0,0.0,0.0,0,0,0
1780683347.5949936,0,0.3499999940395355,0,0,177,900,423158243,11,77,0.0,0.0,32.88054656982422,28.56183624267578,1,0,0.6000000238418579,0,0,0,0,0,8,0,0,0,8,99,1,-8.300000190734863,0.0,35.77425003051758,28.40812110900879,1.5,0,22,-1.0,0.0,0.0,0,0,0
1780683347.614631,0,0.3499999940395355,0,0,177,900,423158243,11,77,0.0,0.0,32.88054656982422,28.56184959411621,1,0,0.6000000238418579,0,0,0,0,0,8,0,0,0,8,99,1,-8.300000190734863,0.0,35.60824966430664,28.40812110900879,1.5,0,22,-1.0,0.0,0.0,0,0,1
1780683347.6350405,0,0.3499999940395355,1,0,177,900,423158243,11,77,0.0,0.0,32.88054656982422,28.561859130859375,0,0,0.6000000238418579,0,0,0,0,0,8,0,1,0,8,99,1,-8.300000190734863,0.0,35.44216537475586,28.408123016357422,1.5,0,22,-1.0,0.0,0.0,0,0,1
1780683347.6548994,0,0.3499999940395355,1,0,177,900,423158243,11,77,0.0,0.0,32.88054656982422,28.561864852905273,0,0,0.6000000238418579,0,0,0,0,0,8,0,1,0,8,99,1,-8.300000190734863,0.0,35.27616882324219,28.40812110900879,1.5,0,22,-1.0,0.0,0.0,0,0,1
1780683347.6751866,0,0.3499999940395355,1,0,156,900,423158243,11,77,0.0,0.0,32.88054656982422,28.56186866760254,0,0,0.6000000238418579,0,0,0,0,0,8,0,1,0,8,99,1,3.75,0.0,35.110164642333984,28.40812110900879,1.5,0,33,-1.0,0.0,0.0,0,0,1
1780683347.6952882,0,0.3499999940395355,1,0,156,900,423158243,11,77,0.0,0.0,32.58054733276367,28.561870574951172,0,0,0.6000000238418579,0,0,0,0,0,8,0,1,0,8,99,1,3.75,0.0,35.132598876953125,28.40812110900879,1.5,0,33,-1.0,0.0,0.0,0,0,1
1780683347.7149599,0,0.3499999940395355,1,0,156,900,423158243,11,77,0.0,0.0,32.280548095703125,28.561870574951172,0,0,0.6000000238418579,0,0,0,0,0,8,0,1,0,8,99,1,3.75,0.0,35.207637786865234,28.40812110900879,1.5,0,33,-1.0,0.0,0.0,0,0,0
1780683347.7350302,0,0.3499999940395355,1,0,156,900,423158243,11,77,0.0,0.0,31.980548858642578,28.561870574951172,0,0,0.6000000238418579,0,0,0,0,0,8,0,1,0,8,99,1,3.75,0.0,35.28263854980469,28.40812110900879,1.5,0,33,-1.0,0.0,0.0,0,0,0
1780683347.7548373,0,0.3499999940395355,1,0,156,900,423158243,11,77,0.0,0.0,31.68054962158203,28.561870574951172,1,0,0.6000000238418579,0,0,0,0,0,8,0,1,0,8,99,1,3.75,0.0,35.357635498046875,28.40812110900879,1.5,0,33,-1.0,0.0,0.0,0,0,0
1780683347.7751582,0,0.3499999940395355,1,0,156,900,423158243,11,77,0.0,0.0,31.380550384521484,28.561870574951172,1,0,0.6000000238418579,0,0,0,0,0,8,0,1,0,8,99,1,3.75,0.0,35.43263626098633,28.40812110900879,1.5,0,33,-1.0,0.0,0.0,0,0,0
1780683347.7946599,0,0.3499999940395355,1,0,156,900,423158243,11,77,0.0,0.0,31.080551147460938,28.561870574951172,1,0,0.6000000238418579,0,0,0,0,0,8,0,1,0,8,99,1,3.75,0.0,35.507598876953125,28.40812110900879,1.5,0,33,-1.0,0.0,0.0,0,0,0
1780683347.8146799,0,0.3499999940395355,1,0,156,900,423158243,11,77,0.0,0.0,30.78055191040039,28.561870574951172,1,0,0.6000000238418579,0,0,0,0,0,8,0,1,0,8,99,1,3.75,0.0,35.58259963989258,28.40812110900879,1.5,0,33,-1.0,0.0,0.0,0,0,0
1780683347.8350682,0,0.3499999940395355,1,0,156,900,423158243,69,77,0.0,0.0,30.480552673339844,28.561870574951172,1,0,0.6000000238418579,0,0,0,0,0,8,0,1,0,8,99,1,3.75,0.0,35.65763854980469,28.40812110900879,1.5,0,33,-1.0,0.0,0.0,0,0,0
1780683347.855275,0,0.3499999940395355,1,0,156,900,423158243,69,77,0.0,0.0,30.480552673339844,28.561870574951172,1,0,0.6000000238418579,0,0,0,0,0,8,0,1,0,8,99,1,3.75,0.0,35.73263931274414,28.408119201660156,1.5,0,33,-1.0,0.0,0.0,0,0,0
1780683347.875275,0,0.3499999940395355,1,0,156,900,423158243,69,77,0.0,0.0,30.480552673339844,28.561870574951172,1,0,0.6000000238418579,0,0,0,0,0,8,0,1,0,8,99,1,-8.300000190734863,0.0,35.6192626953125,28.40812110900879,1.5,0,33,-1.0,0.0,0.0,0,0,0
1780683347.895061,0,0.3499999940395355,1,0,156,900,423158243,69,77,0.0,0.0,30.480552673339844,28.561870574951172,1,0,0.6000000238418579,0,0,0,0,0,8,0,1,0,8,99,1,-8.300000190734863,0.0,35.45326232910156,28.408119201660156,1.5,0,33,-1.0,0.0,0.0,0,0,0
1780683347.9148736,0,0.3499999940395355,1,0,156,900,423158243,69,77,0.0,0.0,30.480552673339844,28.561870574951172,1,0,0.6000000238418579,0,0,0,0,0,8,0,1,0,8,99,1,-8.300000190734863,0.0,35.28717803955078,28.40812110900879,1.5,0,33,-1.0,0.0,0.0,0,0,0
1780683347.9348826,0,0.3499999940395355,1,0,156,900,423158243,69,77,0.0,0.0,30.480552673339844,28.561870574951172,1,0,0.6000000238418579,0,0,0,0,0,8,0,1,0,8,99,1,-8.300000190734863,0.0,35.121177673339844,28.40812110900879,1.5,0,33,-1.0,0.0,0.0,0,0,0
1780683347.9550486,0,0.3499999940395355,1,0,156,900,423158243,69,77,0.0,0.0,30.480552673339844,28.561870574951172,1,0,0.6000000238418579,0,0,0,0,0,8,0,1,0,8,99,1,-8.300000190734863,0.0,34.95518112182617,28.40812110900879,1.5,0,33,-1.0,0.0,0.0,0,0,0
1780683347.9749181,0,0.3499999940395355,1,0,156,900,423158243,69,77,0.0,0.0,30.480552673339844,28.561870574951172,1,0,0.6000000238418579,0,0,0,0,0,8,0,1,0,8,99,1,-8.300000190734863,0.0,34.78926086425781,28.40812110900879,1.5,0,33,-1.0,0.0,0.0,0,0,0
1780683347.9946964,0,0.3499999940395355,0,0,156,900,423158243,69,77,0.0,0.0,30.480552673339844,28.561870574951172,1,0,0.6000000238418579,0,0,0,0,0,8,0,0,0,8,99,1,-8.300000190734863,0.0,34.62326431274414,28.408123016357422,1.5,0,33,-1.0,0.0,0.0,0,0,0
1780683348.014813,0,0.3499999940395355,0,0,156,900,423158243,69,77,0.0,0.0,30.480552673339844,28.561870574951172,1,0,0.6000000238418579,0,0,0,0,0,8,0,0,0,8,99,1,-8.300000190734863,0.0,34.45718002319336,28.408119201660156,1.5,0,33,-1.0,0.0,0.0,0,0,0
1780683348.0349836,0,0.3499999940395355,0,0,156,900,423158243,69,77,0.0,0.0,30.480552673339844,28.561870574951172,1,0,0.6000000238418579,0,0,0,0,0,8,0,0,0,8,99,1,-8.300000190734863,0.0,34.29118728637695,28.408119201660156,1.5,0,33,-1.0,0.0,0.0,0,0,0
1780683348.055114,0,0.3499999940395355,0,0,156,900,423158243,69,77,0.0,0.0,30.480552673339844,28.561870574951172,1,0,0.6000000238418579,0,0,0,0,0,8,0,0,0,8,99,1,-8.300000190734863,0.0,34.12519073486328,28.408119201660156,1.5,0,33,-1.0,0.0,0.0,0,0,0
1780683348.0754375,0,0.3499999940395355,0,0,156,900,423158243,69,77,0.0,0.0,30.480552673339844,28.561870574951172,1,0,0.6000000238418579,0,0,0,0,0,8,0,0,0,8,99,1,-8.300000190734863,0.0,33.95918273925781,28.40812110900879,1.5,0,33,-1.0,0.0,0.0,0,0,0
1780683348.0955021,0,0.3499999940395355,0,0,156,900,423158243,45,77,-8.0,0.0,30.480552673339844,28.561870574951172,1,0,0.6000000238418579,0,0,0,0,0,8,0,0,0,8,99,1,-8.300000190734863,0.0,33.79326629638672,28.40812110900879,1.5,0,33,-1.0,0.0,0.0,0,0,0
1780683348.115199,0,0.3499999940395355,0,0,156,900,423158243,45,77,-8.0,0.0,30.320552825927734,28.561870574951172,1,0,0.6000000238418579,0,0,0,0,0,8,0,0,0,8,99,1,-8.300000190734863,0.0,33.62726593017578,28.40812110900879,1.5,0,33,-1.0,0.0,0.0,0,0,1
1780683348.1351643,0,0.3499999940395355,1,0,156,900,423158243,45,77,-8.0,0.0,30.160552978515625,28.561870574951172,0,0,0.6000000238418579,0,0,0,0,0,8,0,1,0,8,99,1,-8.300000190734863,0.0,33.461181640625,28.40812110900879,1.5,0,33,-1.0,0.0,0.0,0,0,1
1780683348.1548724,0,0.3499999940395355,1,0,156,900,423158243,45,77,-8.0,0.0,30.000553131103516,28.561870574951172,0,0,0.6000000238418579,0,0,0,0,0,8,0,1,0,8,99,1,-8.300000190734863,0.0,33.29518127441406,28.40812110900879,1.5,0,33,-1.0,0.0,0.0,0,0,1
1780683348.1750915,0,0.3499999940395355,1,0,135,900,423158243,54,77,-8.0,0.0,29.840553283691406,28.561870574951172,0,0,0.6000000238418579,0,0,0,0,0,8,0,1,0,8,99,1,3.75,0.0,33.12918472290039,28.40812110900879,1.5,0,44,-1.0,0.0,0.0,0,0,1
1780683348.1953773,0,0.3499999940395355,1,0,135,900,423158243,54,77,-8.0,0.0,29.38055419921875,28.561870574951172,0,0,0.6000000238418579,0,0,0,0,0,8,0,1,0,8,99,1,3.75,0.0,33.15163040161133,28.40812110900879,1.5,0,44,-1.0,0.0,0.0,0,0,1
1780683348.2147415,0,0.3499999940395355,1,0,135,900,423158243,54,77,-8.0,0.0,28.920555114746094,28.561870574951172,0,0,0.6000000238418579,0,0,0,0,0,8,0,1,0,8,99,1,3.75,0.0,33.22663116455078,28.408119201660156,1.5,0,44,-1.0,0.0,0.0,0,0,1
1780683348.2349815,0,0.3499999940395355,1,0,135,900,423158243,54,77,-8.0,0.0,28.460556030273438,28.561870574951172,1,0,0.6000000238418579,0,0,0,0,0,8,0,1,0,8,99,1,3.75,0.0,33.30162811279297,28.40812110900879,1.5,0,44,-1.0,0.0,0.0,0,0,0
1780683348.255015,0,0.3499999940395355,1,0,135,900,423158243,54,77,-8.0,0.0,28.00055694580078,28.561870574951172,1,0,0.6000000238418579,0,0,0,0,0,8,0,1,0,8,99,1,3.75,0.0,33.37659454345703,28.40812110900879,1.5,0,44,-1.0,0.0,0.0,0,0,0
1780683348.275309,0,0.3499999940395355,1,0,135,900,423158243,54,77,-8.0,0.0,27.540557861328125,28.561870574951172,1,0,0.6000000238418579,0,0,0,0,0,8,0,1,0,8,99,1,3.75,0.0,33.451595306396484,28.40812110900879,1.5,0,44,-1.0,0.0,0.0,0,0,0
1780683348.2957735,0,0.3499999940395355,1,0,135,900,423158243,54,77,-8.0,0.0,27.08055877685547,28.561870574951172,1,0,0.6000000238418579,0,0,0,0,0,8,0,1,0,8,99,1,3.75,0.0,33.52659225463867,28.40812110900879,1.5,0,44,-1.0,0.0,0.0,0,0,0
1780683348.3161623,0,0.3499999940395355,1,0,135,900,423158243,54,77,-8.0,0.0,26.620559692382812,28.561870574951172,1,0,0.6000000238418579,0,0,0,0,0,8,0,1,0,8,99,1,3.75,0.0,33.60159683227539,28.40812110900879,1.5,0,44,-1.0,0.0,0.0,0,0,0
1780683348.336038,0,0.3499999940395355,1,0,135,900,423158243,54,77,-8.0,0.0,26.160560607910156,28.561870574951172,1,0,0.6000000238418579,0,0,0,0,0,8,0,1,0,8,99,1,3.75,0.0,33.676597595214844,28.408123016357422,1.5,0,44,-1.0,0.0,0.0,0,0,0
1780683348.3552446,0,0.3499999940395355,1,0,135,900,423158243,54,77,-8.0,0.0,26.000560760498047,28.561870574951172,1,0,0.6000000238418579,0,0,0,0,0,8,0,1,0,8,99,1,3.75,0.0,33.75159454345703,28.40812110900879,1.5,0,44,-1.0,0.0,0.0,0,0,0
1780683348.374691,0,0.3499999940395355,1,0,135,900,423158243,54,77,-8.0,0.0,25.840560913085938,28.561870574951172,1,0,0.6000000238418579,0,0,0,0,0,8,0,1,0,8,99,1,-8.300000190734863,0.0,33.63827896118164,28.40812110900879,1.5,0,44,-1.0,0.0,0.0,0,0,0
1780683348.3944612,0,0.3499999940395355,1,0,135,900,423158243,54,77,-8.0,0.0,25.680561065673828,28.561870574951172,1,0,0.6000000238418579,0,0,0,0,0,8,0,1,0,8,99,1,-8.300000190734863,0.0,33.4722785949707,28.40812110900879,1.5,0,44,-1.0,0.0,0.0,0,0,0
1780683348.4148784,0,0.3499999940395355,1,0,135,900,423158243,54,77,-8.0,0.0,25.52056121826172,28.561870574951172,1,0,0.6000000238418579,0,0,0,0,0,8,0,1,0,8,99,1,-8.300000190734863,0.0,33.30619430541992,28.40812110900879,1.5,0,44,-1.0,0.0,0.0,0,0,0
1780683348.4349782,0,0.3499999940395355,1,0,135,900,423158243,54,77,-8.0,0.0,25.36056137084961,28.561870574951172,1,0,0.6000000238418579,0,0,0,0,0,8,0,1,0,8,99,1,-8.300000190734863,0.0,33.140193939208984,28.408119201660156,1.5,0,44,-1.0,0.0,0.0,0,0,0
1780683348.4549673,0,0.3499999940395355,1,0,135,900,423158243,54,77,-8.0,0.0,25.2005615234375,28.561870574951172,1,0,0.6000000238418579,0,0,0,0,0,8,0,1,0,8,99,1,-8.300000190734863,0.0,32.97419738769531,28.408119201660156,1.5,0,44,-1.0,0.0,0.0,0,0,0
1780683348.4749327,0,0.3499999940395355,1,0,135,900,423158243,54,77,-8.0,0.0,25.04056167602539,28.561870574951172,1,0,0.6000000238418579,0,0,0,0,0,8,0,1,0,8,99,1,-8.300000190734863,0.0,32.80828094482422,28.40812110900879,1.5,0,44,-1.0,0.0,0.0,0,0,0
1780683348.4949148,0,0.3499999940395355,0,0,135,900,423158243,2,77,0.0,0.0,24.88056182861328,28.561870574951172,1,0,0.6000000238418579,0,0,0,0,0,8,0,0,0,8,99,1,-8.300000190734863,0.0,32.64228439331055,28.40812110900879,1.5,0,44,-1.0,0.0,0.0,0,0,0
1780683348.5145986,0,0.3499999940395355,0,0,135,900,423158243,2,77,0.0,0.0,24.88056182861328,28.561872482299805,1,0,0.6000000238418579,0,0,0,0,0,8,0,0,0,8,99,1,-8.300000190734863,0.0,32.47628402709961,28.40812110900879,1.5,0,44,-1.0,0.0,0.0,0,0,0
1780683348.534852,0,0.3499999940395355,0,0,135,900,423158243,2,77,0.0,0.0,24.88056182861328,28.561872482299805,1,0,0.6000000238418579,0,0,0,0,0,8,0,0,0,8,99,1,-8.300000190734863,0.0,32.31028366088867,28.40812110900879,1.5,0,44,-1.0,0.0,0.0,0,0,0
1780683348.5549202,0,0.3499999940395355,0,0,135,900,423158243,2,77,0.0,0.0,24.88056182861328,28.561872482299805,1,0,0.6000000238418579,0,0,0,0,0,8,0,0,0,8,99,1,-8.300000190734863,0.0,32.144283294677734,28.40812110900879,1.5,0,44,-1.0,0.0,0.0,0,0,0
1780683348.574916,0,0.3499999940395355,0,0,135,900,423158243,2,77,0.0,0.0,24.88056182861328,28.561872482299805,1,0,0.6000000238418579,0,0,0,0,0,8,0,0,0,8,99,1,-8.300000190734863,0.0,31.97820281982422,28.408123016357422,1.5,0,44,-1.0,0.0,0.0,0,0,0
1780683348.594952,0,0.3499999940395355,0,0,135,900,423158243,2,77,0.0,0.0,24.88056182861328,28.561872482299805,1,0,0.6000000238418579,0,0,0,0,0,8,0,0,0,8,99,1,-8.300000190734863,0.0,31.812284469604492,28.408119201660156,1.5,0,44,-1.0,0.0,0.0,0,0,0
1780683348.614854,0,0.3499999940395355,0,0,135,900,423158243,2,77,0.0,0.0,24.88056182861328,28.561872482299805,1,0,0.6000000238418579,0,0,0,0,0,8,0,0,0,8,99,1,-8.300000190734863,0.0,31.646284103393555,28.40812110900879,1.5,0,44,-1.0,0.0,0.0,0,0,0
1780683348.6350157,0,0.3499999940395355,0,0,135,900,423158243,2,77,0.0,0.0,24.88056182861328,28.561872482299805,1,0,0.6000000238418579,0,0,0,0,0,8,0,0,0,8,99,1,-8.300000190734863,0.0,31.480199813842773,28.40812110900879,1.5,0,44,-1.0,0.0,0.0,0,0,0
1780683348.6549327,0,0.3499999940395355,0,0,135,900,423158243,2,77,0.0,0.0,24.88056182861328,28.561872482299805,1,0,0.6000000238418579,0,0,0,0,0,8,0,0,0,8,99,1,-8.300000190734863,0.0,31.3142032623291,28.408123016357422,1.5,0,44,-1.0,0.0,0.0,0,0,0
1780683348.675053,0,0.3499999940395355,0,0,135,900,423158243,2,77,0.0,0.0,24.88056182861328,28.561872482299805,1,0,0.6000000238418579,0,0,0,0,0,8,0,0,0,8,99,1,-8.300000190734863,0.0,31.148283004760742,28.40812110900879,1.5,0,44,-1.0,0.0,0.0,0,0,0
1780683348.695253,0,0.3499999940395355,0,0,135,900,423158243,2,77,0.0,0.0,24.88056182861328,28.561872482299805,1,0,0.6000000238418579,0,0,0,0,0,8,0,0,0,8,99,1,-8.300000190734863,0.0,30.982284545898438,28.40812110900879,1.5,0,44,-1.0,0.0,0.0,0,0,0
1780683348.7148325,0,0.3499999940395355,0,0,135,900,423158243,2,77,0.0,0.0,24.88056182861328,28.561872482299805,1,0,0.6000000238418579,0,0,0,0,0,8,0,0,0,8,99,1,-8.300000190734863,0.0,30.8162841796875,28.40812110900879,1.5,0,44,-1.0,0.0,0.0,0,0,0
1780683348.7354374,0,0.3499999940395355,0,0,135,900,423158243,2,77,0.0,0.0,24.88056182861328,28.561872482299805,1,0,0.6000000238418579,0,0,0,0,0,8,0,0,0,8,99,1,-8.300000190734863,0.0,30.650196075439453,28.40812110900879,1.5,0,44,-1.0,0.0,0.0,0,0,0
1780683348.7549617,0,0.3499999940395355,0,0,135,900,423158243,2,77,0.0,0.0,24.88056182861328,28.561872482299805,1,0,0.6000000238418579,0,0,0,0,0,8,0,0,0,8,99,1,-8.300000190734863,0.0,30.48419761657715,28.40812110900879,1.5,0,44,-1.0,0.0,0.0,0,0,0
1780683348.774983,0,0.3499999940395355,0,0,135,900,423158243,2,77,0.0,0.0,24.88056182861328,28.561872482299805,1,0,0.6000000238418579,0,0,0,0,0,8,0,0,0,8,99,1,-8.300000190734863,0.0,30.318195343017578,28.408123016357422,1.5,0,44,-1.0,0.0,0.0,0,0,0
1780683348.7948806,0,0.3499999940395355,0,0,135,900,423158243,2,77,0.0,0.0,24.88056182861328,28.561872482299805,1,0,0.6000000238418579,0,0,0,0,0,8,0,0,0,8,99,1,-8.300000190734863,0.0,30.15227508544922,28.40812110900879,1.5,0,44,-1.0,0.0,0.0,0,0,0
1780683348.815402,0,0.3499999940395355,0,0,135,900,423158243,2,77,0.0,0.0,24.88056182861328,28.561872482299805,1,0,0.6000000238418579,0,0,0,0,0,8,0,0,0,8,99,1,-8.300000190734863,0.0,29.986278533935547,28.40812110900879,1.5,0,44,-1.0,0.0,0.0,0,0,0
1780683348.835065,0,0.3499999940395355,0,0,135,900,423158243,2,77,0.0,0.0,24.88056182861328,28.561872482299805,1,0,0.6000000238418579,0,0,0,0,0,8,0,0,0,8,99,1,-8.300000190734863,0.0,29.820281982421875,28.40812110900879,1.5,0,44,-1.0,0.0,0.0,0,0,0
1780683348.8550692,0,0.3499999940395355,0,0,135,900,423158243,2,77,0.0,0.0,24.88056182861328,28.561872482299805,1,0,0.6000000238418579,0,0,0,0,0,8,0,0,0,8,99,1,-8.300000190734863,0.0,29.654279708862305,28.40812110900879,1.5,0,44,-1.0,0.0,0.0,0,0,0
1780683348.8749387,0,0.3499999940395355,0,0,135,900,423158243,2,77,0.0,0.0,24.88056182861328,28.561872482299805,1,0,0.6000000238418579,0,0,0,0,0,8,0,0,0,8,99,1,-8.300000190734863,0.0,29.48828125,28.40812110900879,1.5,0,44,-1.0,0.0,0.0,0,0,0
1780683348.8948197,0,0.3499999940395355,0,0,135,900,423158243,2,77,0.0,0.0,24.88056182861328,28.561872482299805,1,0,0.6000000238418579,0,0,0,0,0,8,0,0,0,8,99,1,-8.300000190734863,0.0,29.322282791137695,28.40812110900879,1.5,0,44,-1.0,0.0,0.0,0,0,0
1780683348.9148486,0,0.3499999940395355,0,0,135,900,423158243,2,77,0.0,0.0,24.88056182861328,28.561872482299805,1,0,0.6000000238418579,0,0,0,0,0,8,0,0,0,8,99,1,-8.300000190734863,0.0,29.15619659423828,28.40812110900879,1.5,0,44,-1.0,0.0,0.0,0,0,0
1780683348.9349394,0,0.3499999940395355,0,0,135,900,423158243,2,77,0.0,0.0,24.88056182861328,28.561872482299805,1,0,0.6000000238418579,0,0,0,0,0,8,0,0,0,8,99,1,-8.300000190734863,0.0,28.99019432067871,28.408123016357422,1.5,0,44,-1.0,0.0,0.0,0,0,1
1780683348.9550827,0,0.3499999940395355,1,0,135,900,423158243,2,77,0.0,0.0,24.88056182861328,28.561872482299805,0,0,0.6000000238418579,0,0,0,0,0,8,0,1,0,8,99,1,-8.300000190734863,0.0,28.824195861816406,28.40812110900879,1.5,0,44,-1.0,0.0,0.0,0,0,1
1780683348.9750762,0,0.3499999940395355,1,0,135,900,423158243,2,77,0.0,0.0,24.88056182861328,28.561872482299805,0,0,0.6000000238418579,0,0,0,0,0,8,0,1,0,8,99,1,-8.300000190734863,0.0,28.65819549560547,28.408123016357422,1.5,0,44,-1.0,0.0,0.0,0,0,1
1780683348.9947803,0,0.3499999940395355,1,0,135,900,423158243,2,77,0.0,0.0,24.88056182861328,28.561872482299805,0,0,0.6000000238418579,0,0,0,0,0,8,0,1,0,8,99,1,-8.300000190734863,0.0,28.492280960083008,28.408119201660156,1.5,0,44,-1.0,0.0,0.0,0,0,1
1780683349.0145636,0,0.3499999940395355,1,0,135,900,423158243,2,77,0.0,0.0,24.88056182861328,28.561872482299805,0,0,0.6000000238418579,0,0,0,0,0,8,0,1,0,8,99,1,-8.300000190734863,0.0,28.326284408569336,28.408119201660156,1.5,0,44,0.0,0.0,0.0,0,0,0
1780683349.0345645,0,0.3499999940395355,1,0,135,900,423158243,3,77,25.0,0.0,24.88056182861328,28.561872482299805,0,0,0.6000000238418579,0,0,0,0,0,8,0,1,0,8,99,1,0.0,0.0,28.28997802734375,28.408119201660156,1.5,0,44,1.0,0.0,0.0,0,0,0
1780683349.0549262,0,0.3499999940395355,1,0,114,900,423158243,3,77,25.0,0.0,25.38056182861328,28.561872482299805,1,0,0.6000000238418579,0,0,0,0,0,8,0,1,0,8,99,1,3.75,0.0,28.28997802734375,28.40812110900879,1.5,0,55,1.0,0.0,0.0,1,0,0
1780683349.075195,0,0.3499999940395355,0,0,114,900,423158243,3,77,25.0,0.0,25.580562591552734,28.561872482299805,1,0,0.6000000238418579,0,0,1,0,0,8,0,0,1,8,99,1,12.050000190734863,0.0,28.478389739990234,28.408123016357422,1.5,0,55,1.0,0.0,0.0,1,0,0
1780683349.09582,0,0.3499999940395355,0,0,114,900,423158243,3,77,25.0,0.0,25.780563354492188,28.561872482299805,1,0,0.6000000238418579,0,0,1,0,0,8,0,0,1,8,99,0,12.050000190734863,15.70199966430664,28.71940040588379,28.653650283813477,1.5,0,55,1.0,0.0,0.0,1,0,0
1780683349.114901,0,0.3499999940395355,0,0,114,900,423158243,3,77,25.0,0.0,25.98056411743164,28.561872482299805,1,0,0.6000000238418579,0,0,1,0,0,8,0,0,1,8,99,0,12.050000190734863,15.70199966430664,28.960397720336914,28.96768569946289,1.5,0,55,1.0,0.0,0.0,1,0,0
1780683349.1349926,0,0.3499999940395355,0,0,114,900,423158243,3,77,25.0,0.0,26.180564880371094,28.561872482299805,1,0,0.6000000238418579,0,0,1,0,0,8,0,0,1,8,99,0,12.050000190734863,15.70199966430664,29.201396942138672,29.28172492980957,1.5,0,55,1.0,1.0,0.0,1,0,0
1780683349.1551375,0,0.3499999940395355,0,0,114,900,423158243,3,77,25.0,0.0,26.380565643310547,28.561872482299805,1,0,0.6000000238418579,0,0,1,0,0,8,0,0,1,8,99,0,12.050000190734863,15.70199966430664,29.44239044189453,29.59575653076172,1.5,0,55,1.0,1.0,0.0,1,0,0
1780683349.1752088,0,0.3499999940395355,0,0,114,900,423158243,3,77,25.0,0.0,26.58056640625,28.561872482299805,1,0,0.6000000238418579,0,0,1,0,0,8,0,0,1,8,99,0,12.050000190734863,15.70199966430664,29.68338394165039,29.9097900390625,1.5,0,55,1.0,1.0,0.0,1,0,0
1780683349.1952195,0,0.3499999940395355,0,0,114,900,423158243,3,77,25.0,0.0,26.780567169189453,28.561872482299805,1,0,0.6000000238418579,0,0,1,0,0,8,0,0,1,8,99,0,12.050000190734863,15.70199966430664,29.924270629882812,30.223682403564453,1.5,0,55,1.0,1.0,0.0,1,0,0
1780683349.215025,0,0.3499999940395355,0,0,114,900,423158243,3,77,25.0,0.0,26.980567932128906,28.561872482299805,1,0,0.6000000238418579,0,0,1,0,0,8,0,0,1,8,99,0,12.050000190734863,15.70199966430664,30.165390014648438,30.537878036499023,1.5,0,55,0.0,1.0,0.0,1,0,0
1780683349.2347877,0,0.3499999940395355,0,0,114,900,423158243,3,77,25.0,0.0,27.480567932128906,28.561872482299805,1,0,0.6000000238418579,0,0,1,0,0,8,0,0,1,8,99,0,3.75,15.70199966430664,30.276609420776367,30.85192108154297,1.5,0,55,-1.0,1.0,0.0,1,0,0
1780683349.2549477,0,0.3499999940395355,0,0,114,900,423158243,3,77,25.0,0.0,27.980567932128906,28.561872482299805,1,0,0.6000000238418579,0,0,1,0,0,8,0,0,1,8,99,0,0.0,15.70199966430664,30.292972564697266,31.165950775146484,1.5,0,55,-1.0,1.0,0.0,1,0,0
1780683349.275152,0,0.3499999940395355,0,0,114,900,423158243,3,77,25.0,0.0,28.480567932128906,28.561872482299805,1,0,0.6000000238418579,0,0,0,0,0,8,0,0,1,8,99,0,-8.300000190734863,15.70199966430664,30.163272857666016,31.47983741760254,1.5,0,55,-1.0,1.0,0.0,1,0,0
1780683349.2951381,0,0.3499999940395355,0,0,114,900,423158243,3,77,25.0,0.0,28.980567932128906,28.561872482299805,1,0,0.6000000238418579,0,0,0,0,0,8,0,0,0,8,99,0,-8.300000190734863,14.753999710083008,29.9971923828125,31.779212951660156,1.5,0,55,0.0,0.0,0.0,1,0,0
1780683349.3152747,0,0.3499999940395355,0,0,114,900,423158243,3,77,25.0,0.0,29.480567932128906,28.561872482299805,1,0,0.6000000238418579,0,0,0,0,0,8,0,0,0,8,99,0,-8.300000190734863,13.805999755859375,29.831188201904297,32.059471130371094,1.5,0,55,0.0,0.0,0.0,0,0,0
1780683349.3349967,0,0.3499999940395355,0,0,114,900,423158243,3,77,25.0,0.0,29.980567932128906,28.561872482299805,1,0,0.6000000238418579,0,0,0,1,0,8,0,0,0,8,99,0,0.0,-0.9479996562004089,29.794971466064453,32.104888916015625,1.5,0,55,0.0,0.0,0.0,0,0,0
1780683349.3550496,0,0.3499999940395355,0,0,114,900,423158243,3,77,25.0,0.0,30.480567932128906,28.561872482299805,1,0,0.6000000238418579,0,0,0,1,0,8,0,0,0,8,99,0,0.0,-1.8959993124008179,29.794971466064453,32.071109771728516,1.5,0,55,0.0,0.0,0.0,0,0,0
1780683349.3750744,0,0.3499999940395355,0,0,114,900,423158243,3,77,25.0,0.0,30.980567932128906,28.561872482299805,1,0,0.6000000238418579,0,0,0,1,0,8,0,0,0,8,99,0,0.0,-2.843998908996582,29.794971466064453,32.01836395263672,1.5,0,55,0.0,0.0,0.0,0,0,0
1780683349.3946452,0,0.3499999940395355,0,0,114,900,423158243,4,77,19.25,0.0,31.480567932128906,28.561872482299805,1,0,0.6000000238418579,0,0,0,1,0,8,0,0,0,8,99,0,0.0,-3.7919986248016357,29.794971466064453,31.9466609954834,1.5,0,55,0.0,0.0,0.0,0,0,0
1780683349.414551,0,0.3499999940395355,0,0,114,900,423158243,4,77,14.82249927520752,0.0,31.77701759338379,28.561872482299805,1,0,0.6000000238418579,0,0,0,1,0,8,0,0,0,8,99,0,0.0,-4.7399983406066895,29.794971466064453,31.856000900268555,1.5,0,55,0.0,0.0,0.0,0,0,0
1780683349.4349208,0,0.3499999940395355,0,0,114,900,423158243,4,77,11.413324356079102,0.0,32.00528335571289,28.561872482299805,1,0,0.6000000238418579,0,0,0,1,0,8,0,0,0,8,99,0,0.0,-5.687997817993164,29.794971466064453,31.74643325805664,1.5,0,55,0.0,0.0,0.0,0,0,0
1780683349.4547591,0,0.3499999940395355,0,0,114,900,423158243,4,77,8.788259506225586,0.0,32.18104934692383,28.561872482299805,1,0,0.6000000238418579,0,0,0,1,0,8,0,0,0,8,99,0,0.0,-6.635997295379639,29.794971466064453,31.617862701416016,1.5,0,55,0.0,0.0,0.0,0,0,0
1780683349.4748714,0,0.3499999940395355,0,0,114,900,423158243,4,77,6.7669596672058105,0.0,32.31638717651367,28.561872482299805,1,0,0.6000000238418579,0,0,0,1,0,8,0,0,0,8,99,0,0.0,-7.583996772766113,29.794971466064453,31.4703311920166,1.5,0,55,0.0,0.0,0.0,0,0,0
1780683349.4948764,0,0.3499999940395355,0,0,114,900,423158243,4,77,5.210558891296387,0.0,32.42060089111328,28.561872482299805,1,0,0.6000000238418579,0,0,0,1,0,8,0,0,0,8,99,0,0.0,-8.531996726989746,29.794971466064453,31.30384063720703,1.5,0,55,0.0,0.0,0.0,0,0,0
1780683349.5144453,0,0.3499999940395355,0,0,114,900,423158243,4,77,4.012130260467529,0.0,32.5008430480957,28.561872482299805,1,0,0.6000000238418579,0,0,0,1,0,8,0,0,0,8,99,0,0.0,-9.479996681213379,29.794971466064453,31.11838722229004,1.5,0,55,0.0,0.0,0.0,0,0,0
1780683349.5347326,0,0.3499999940395355,0,0,114,900,423158243,4,77,3.0893402099609375,0.0,32.56262969970703,28.561872482299805,1,0,0.6000000238418579,0,0,0,1,0,8,0,0,0,8,99,0,0.0,-10.427996635437012,29.794971466064453,30.913976669311523,1.5,0,55,0.0,0.0,0.0,0,0,0
1780683349.5550969,0,0.3499999940395355,0,0,114,900,423158243,4,77,2.3787918090820312,0.0,32.61020278930664,28.561872482299805,1,0,0.6000000238418579,0,0,0,1,0,8,0,0,0,8,99,0,0.0,-11.375996589660645,29.794971466064453,30.69060516357422,1.5,0,55,0.0,0.0,0.0,0,0,0
1780683349.5748043,0,0.3499999940395355,0,0,114,900,423158243,4,77,1.8316696882247925,0.0,32.64683532714844,28.561872482299805,1,0,0.6000000238418579,0,0,0,1,0,8,0,0,0,8,99,0,0.0,-12.323996543884277,29.794971466064453,30.448150634765625,1.5,0,55,1.0,-1.0,0.0,0,0,0
1780683349.5945115,0,0.3499999940395355,0,0,114,900,423158243,4,77,1.4103856086730957,0.0,32.675045013427734,28.561872482299805,1,0,0.6000000238418579,0,0,0,1,0,8,0,0,0,8,99,0,0.0,-13.27199649810791,29.794971466064453,30.186851501464844,1.5,0,55,1.0,-1.0,0.0,0,0,0
1780683349.6147707,0,0.3499999940395355,0,0,114,900,423158243,5,77,0.8144976496696472,0.0,32.69676208496094,28.561872482299805,1,0,0.6000000238418579,0,0,1,1,0,8,0,0,0,8,99,0,8.300000190734863,-14.219996452331543,29.924739837646484,29.906593322753906,1.5,0,55,1.0,-1.0,0.0,0,0,0
1780683349.635142,0,0.3499999940395355,0,0,114,900,423158243,5,77,0.6108732223510742,0.0,32.708980560302734,28.561872482299805,1,0,0.6000000238418579,0,0,1,1,0,8,0,0,0,8,99,0,8.300000190734863,-15.167996406555176,30.09065818786621,29.607521057128906,1.5,0,55,1.0,-1.0,0.0,0,0,0
1780683349.6551943,0,0.3499999940395355,0,0,114,900,423158243,5,77,0.45815491676330566,0.0,32.718143463134766,28.561872482299805,1,0,0.6000000238418579,0,0,1,1,0,8,0,0,0,8,99,0,8.300000190734863,-16.115995407104492,30.25666046142578,29.289348602294922,1.5,0,55,1.0,-1.0,0.0,0,0,0
1780683349.6752653,0,0.3499999940395355,0,0,114,900,423158243,5,77,0.34361618757247925,0.0,32.72501754760742,28.561872482299805,1,0,0.6000000238418579,0,0,1,1,0,8,0,0,0,8,99,0,8.300000190734863,-17.063995361328125,30.422657012939453,28.952220916748047,1.5,0,55,1.0,-1.0,0.0,0,0,0
1780683349.6952453,0,0.3499999940395355,0,0,114,900,423158243,5,77,0.25771212577819824,0.0,32.73017120361328,28.561872482299805,1,0,0.6000000238418579,0,0,1,1,0,8,0,0,0,8,99,0,8.300000190734863,-18.011995315551758,30.58865737915039,28.59613609313965,1.5,0,55,1.0,-1.0,0.0,0,0,0
1780683349.7149558,0,0.3499999940395355,0,0,114,900,423158243,5,77,0.19328409433364868,0.0,32.73403549194336,28.561872482299805,1,0,0.6000000238418579,0,0,1,0,0,8,0,0,0,8,99,1,8.300000190734863,0.0,30.75473976135254,28.431930541992188,1.5,0,55,1.0,-1.0,0.0,0,0,0
1780683349.7350016,0,0.3499999940395355,0,0,114,900,423158243,69,77,0.0,0.0,32.736934661865234,28.561872482299805,1,0,0.6000000238418579,0,0,1,0,0,8,0,0,0,8,99,1,8.300000190734863,0.0,30.920740127563477,28.408096313476562,1.5,0,55,1.0,-1.0,0.0,0,0,0
1780683349.75513,0,0.3499999940395355,0,0,114,900,423158243,69,77,0.0,0.0,32.736934661865234,28.561872482299805,1,0,0.6000000238418579,0,0,1,0,0,8,0,0,0,8,99,1,8.300000190734863,0.0,31.08673667907715,28.40810775756836,1.5,0,55,1.0,-1.0,0.0,0,0,1
1780683349.7753227,0,0.3499999940395355,1,0,114,900,423158243,69,77,0.0,0.0,32.736934661865234,28.561872482299805,0,0,0.6000000238418579,0,0,1,0,0,8,0,1,0,8,99,1,8.300000190734863,0.0,31.252655029296875,28.40811538696289,1.5,0,55,1.0,-1.0,0.0,0,0,1
1780683349.7947428,0,0.3499999940395355,1,0,114,900,423158243,69,77,0.0,0.0,32.736934661865234,28.561872482299805,0,0,0.6000000238418579,0,0,1,0,0,8,0,1,0,8,99,1,8.300000190734863,0.0,31.418739318847656,28.408119201660156,1.5,0,55,1.0,-1.0,0.0,0,0,1
1780683350.0952384,0,0.3499999940395355,1,0,93,900,423158243,60,77,0.0,0.0,32.736934661865234,28.561872482299805,0,0,0.6000000238418579,0,0,1,0,0,8,0,1,0,8,99,1,-3.75,0.0,31.609622955322266,28.40812110900879,1.5,0,66,1.0,-1.0,0.0,0,0,0
1780683350.134461,0,0.3499999940395355,1,0,93,900,423158243,60,77,0.0,0.0,33.03693389892578,28.561872482299805,0,0,0.6000000238418579,0,0,1,0,0,8,0,1,0,8,99,1,-3.75,0.0,31.558595657348633,28.40812110900879,1.5,0,66,1.0,-1.0,0.0,0,0,0
1780683350.1548393,0,0.3499999940395355,1,0,93,900,423158243,60,77,0.0,0.0,33.33693313598633,28.561872482299805,0,0,0.6000000238418579,0,0,1,0,0,8,0,1,0,8,99,1,-3.75,0.0,31.50234603881836,28.40812110900879,1.5,0,66,1.0,-1.0,0.0,0,0,0
1780683350.1750395,0,0.3499999940395355,1,0,93,900,423158243,60,77,0.0,0.0,33.636932373046875,28.561872482299805,0,0,0.6000000238418579,0,0,1,0,0,8,0,1,0,8,99,1,-3.75,0.0,31.431095123291016,28.40812110900879,1.5,0,66,1.0,-1.0,0.0,0,0,0
1780683350.1952524,0,0.3499999940395355,1,0,93,900,423158243,60,77,0.0,0.0,33.93693161010742,28.561872482299805,1,0,0.6000000238418579,0,0,1,0,0,8,0,1,0,8,99,1,-3.75,0.0,31.35613250732422,28.40812110900879,1.5,0,66,1.0,-1.0,0.0,0,0,0
1780683350.2153194,0,0.3499999940395355,1,0,93,900,423158243,60,77,0.0,0.0,34.23693084716797,28.561872482299805,1,0,0.6000000238418579,0,0,1,0,0,8,0,1,0,8,99,1,-3.75,0.0,31.28109359741211,28.40812110900879,1.5,0,66,1.0,-1.0,0.0,0,0,0
1780683350.2350776,0,0.3499999940395355,1,0,93,900,423158243,60,77,0.0,0.0,34.536930084228516,28.561872482299805,1,0,0.6000000238418579,0,0,1,0,0,8,0,1,0,8,99,1,-3.75,0.0,31.206127166748047,28.40812110900879,1.5,0,66,1.0,-1.0,0.0,0,0,0
1780683350.25485,0,0.3499999940395355,1,0,93,900,423158243,60,77,0.0,0.0,34.83692932128906,28.561872482299805,1,0,0.6000000238418579,0,0,1,0,0,8,0,1,0,8,99,1,-3.75,0.0,31.131126403808594,28.40812110900879,1.5,0,66,1.0,-1.0,0.0,0,0,0
1780683350.2746346,0,0.3499999940395355,1,0,93,900,423158243,60,77,0.0,0.0,35.13692855834961,28.561872482299805,1,0,0.6000000238418579,0,0,1,0,0,8,0,1,0,8,99,1,-3.75,0.0,31.05612564086914,28.40812110900879,1.5,0,66,1.0,-1.0,0.0,0,0,0
1780683350.2946973,0,0.3499999940395355,1,0,93,900,423158243,60,77,0.0,0.0,35.13692855834961,28.561872482299805,1,0,0.6000000238418579,0,0,1,0,0,8,0,1,0,8,99,1,-3.75,0.0,30.981124877929688,28.40812110900879,1.5,0,66,1.0,-1.0,0.0,0,0,0
1780683350.3149958,0,0.3499999940395355,1,0,93,900,423158243,60,77,0.0,0.0,35.13692855834961,28.561872482299805,1,0,0.6000000238418579,0,0,1,0,0,8,0,1,0,8,99,1,8.300000190734863,0.0,31.034236907958984,28.40812110900879,1.5,0,66,0.0,0.0,0.0,0,0,0
1780683350.3349125,0,0.3499999940395355,1,0,93,900,423158243,60,77,0.0,0.0,35.13692855834961,28.561872482299805,1,0,0.6000000238418579,0,0,1,0,0,8,0,1,0,8,99,1,8.300000190734863,0.0,31.20023536682129,28.40812110900879,1.5,0,66,0.0,0.0,0.0,0,0,0
1780683350.354696,0,0.3499999940395355,1,0,93,900,423158243,60,77,0.0,0.0,35.13692855834961,28.561872482299805,1,0,0.6000000238418579,0,0,1,0,0,8,0,1,0,8,99,1,0.0,0.0,31.277969360351562,28.40812110900879,1.5,0,66,0.0,0.0,0.0,0,0,0
1780683350.374939,0,0.3499999940395355,1,0,93,900,423158243,60,77,0.0,0.0,35.13692855834961,28.561872482299805,1,0,0.6000000238418579,0,0,1,0,0,8,0,1,0,8,99,1,0.0,0.0,31.277969360351562,28.40812110900879,1.5,0,66,0.0,0.0,0.0,0,0,0
1780683350.394878,0,0.3499999940395355,1,0,93,900,423158243,60,77,0.0,0.0,35.13692855834961,28.561872482299805,1,0,0.6000000238418579,0,0,1,0,0,8,0,1,0,8,99,1,0.0,0.0,31.277969360351562,28.40812110900879,1.5,0,66,0.0,0.0,0.0,0,0,0
1780683350.4146883,0,0.3499999940395355,1,0,93,900,423158243,60,77,0.0,0.0,35.13692855834961,28.561872482299805,1,0,0.6000000238418579,0,0,1,0,0,8,0,1,0,8,99,1,0.0,0.0,31.277969360351562,28.40812110900879,1.5,0,66,0.0,0.0,0.0,0,0,0
1780683350.4351046,0,0.3499999940395355,0,0,93,900,423158243,60,77,0.0,0.0,35.13692855834961,28.561872482299805,1,0,0.6000000238418579,0,0,1,0,0,8,0,0,0,8,99,1,0.0,0.0,31.277969360351562,28.40812110900879,1.5,0,66,0.0,0.0,0.0,0,0,0
1780683350.4549482,0,0.3499999940395355,0,0,93,900,423158243,60,77,0.0,0.0,35.13692855834961,28.561872482299805,1,0,0.6000000238418579,0,0,1,0,0,8,0,0,0,8,99,1,0.0,0.0,31.277969360351562,28.40812110900879,1.5,0,66,1.0,0.0,0.0,0,0,0
1780683350.4750617,0,0.3499999940395355,0,0,93,900,423158243,60,77,0.0,0.0,35.13692855834961,28.561872482299805,1,0,0.6000000238418579,0,0,1,0,0,8,0,0,0,8,99,1,0.0,0.0,31.277969360351562,28.40812110900879,1.5,0,66,1.0,0.0,0.0,0,0,0
1780683350.4943807,0,0.3499999940395355,0,0,93,900,423158243,60,77,0.0,0.0,35.13692855834961,28.561872482299805,1,0,0.6000000238418579,0,0,1,0,0,8,0,0,0,8,99,1,8.300000190734863,0.0,31.36614990234375,28.40812110900879,1.5,0,66,1.0,0.0,0.0,0,0,0
1780683350.5150485,0,0.3499999940395355,0,0,93,900,423158243,60,77,0.0,0.0,35.13692855834961,28.561872482299805,1,0,0.6000000238418579,0,0,1,0,0,8,0,0,0,8,99,1,8.300000190734863,0.0,31.532146453857422,28.40812110900879,1.5,0,66,1.0,0.0,0.0,0,0,0
1780683350.53492,0,0.3499999940395355,0,0,93,900,423158243,60,77,0.0,0.0,35.13692855834961,28.561872482299805,1,0,0.6000000238418579,0,0,1,0,0,8,0,0,0,8,99,1,8.300000190734863,0.0,31.698148727416992,28.40812110900879,1.5,0,66,1.0,0.0,0.0,0,0,0
1780683350.555061,0,0.3499999940395355,0,0,93,900,423158243,60,77,0.0,0.0,35.13692855834961,28.561872482299805,1,0,0.6000000238418579,0,0,1,0,0,8,0,0,0,8,99,1,8.300000190734863,0.0,31.864147186279297,28.40812110900879,1.5,0,66,1.0,0.0,0.0,0,0,0
1780683350.5749562,0,0.3499999940395355,0,0,93,900,423158243,60,77,0.0,0.0,35.13692855834961,28.561872482299805,1,0,0.6000000238418579,0,0,1,0,0,8,0,0,0,8,99,1,8.300000190734863,0.0,32.03023147583008,28.40812110900879,1.5,0,66,1.0,1.0,0.0,0,0,0
1780683350.5949342,0,0.3499999940395355,0,0,93,900,423158243,60,77,0.0,0.0,35.13692855834961,28.561872482299805,1,0,0.6000000238418579,0,0,1,0,0,8,0,0,0,8,99,1,8.300000190734863,0.0,32.196231842041016,28.40812110900879,1.5,0,66,1.0,1.0,0.0,0,0,0
1780683350.6147213,0,0.3499999940395355,0,0,93,900,423158243,60,77,0.0,0.0,35.13692855834961,28.561872482299805,1,0,0.6000000238418579,0,0,1,0,0,8,0,0,0,8,99,1,8.300000190734863,0.0,32.36223220825195,28.40812110900879,1.5,0,66,1.0,1.0,0.0,1,0,0
1780683350.6349273,0,0.3499999940395355,0,0,93,900,423158243,60,77,0.0,0.0,35.13692855834961,28.561872482299805,1,0,0.6000000238418579,0,0,1,0,0,8,0,0,1,8,99,1,8.300000190734863,0.0,32.52823257446289,28.40812110900879,1.5,0,66,1.0,1.0,0.0,1,0,0
1780683350.655074,0,0.3499999940395355,0,0,93,900,423158243,60,77,0.0,0.0,35.13692855834961,28.561872482299805,1,0,0.6000000238418579,0,0,1,0,0,8,0,0,1,8,99,0,8.300000190734863,15.70199966430664,32.69422912597656,28.575088500976562,1.5,0,66,1.0,1.0,0.0,1,0,0
1780683350.67503,0,0.3499999940395355,0,0,93,900,423158243,60,77,0.0,0.0,35.13692855834961,28.561872482299805,1,0,0.6000000238418579,0,0,1,0,0,8,0,0,1,8,99,0,8.300000190734863,15.70199966430664,32.86014938354492,28.888973236083984,1.5,0,66,1.0,1.0,0.0,1,0,0
1780683350.6949034,0,0.3499999940395355,0,0,93,900,423158243,60,77,0.0,0.0,35.13692855834961,28.561872482299805,1,0,0.6000000238418579,0,0,1,0,0,8,0,0,1,8,99,0,8.300000190734863,15.70199966430664,33.02622985839844,29.203168869018555,1.5,0,66,1.0,0.0,0.0,1,0,0
1780683350.7148058,0,0.3499999940395355,0,0,93,900,423158243,60,77,0.0,0.0,35.13692855834961,28.561872482299805,1,0,0.6000000238418579,0,0,1,0,0,8,0,0,1,8,99,0,8.300000190734863,15.70199966430664,33.192230224609375,29.517200469970703,1.5,0,66,1.0,0.0,0.0,1,0,0
1780683350.7352517,0,0.3499999940395355,0,0,93,900,423158243,60,77,0.0,0.0,35.13692855834961,28.561872482299805,1,0,0.6000000238418579,0,0,1,0,0,8,0,0,1,8,99,0,8.300000190734863,15.70199966430664,33.35823059082031,29.831241607666016,1.5,0,66,1.0,-1.0,0.0,1,0,0
1780683350.7549968,0,0.3499999940395355,0,0,93,900,423158243,60,77,0.0,0.0,35.13692855834961,28.561872482299805,1,0,0.6000000238418579,0,0,1,0,0,8,0,0,1,8,99,0,8.300000190734863,15.70199966430664,33.524234771728516,30.145286560058594,1.5,0,66,1.0,-1.0,0.0,1,0,0
1780683350.7747781,0,0.3499999940395355,0,0,93,900,423158243,60,77,0.0,0.0,35.13692855834961,28.561872482299805,1,0,0.6000000238418579,0,0,1,0,0,8,0,0,1,8,99,0,8.300000190734863,15.70199966430664,33.690155029296875,30.45917510986328,1.5,0,66,1.0,-1.0,0.0,0,0,0
1780683350.794959,0,0.3499999940395355,0,0,93,900,423158243,60,77,0.0,0.0,35.13692855834961,28.561872482299805,1,0,0.6000000238418579,0,0,1,0,0,8,0,0,0,8,99,0,8.300000190734863,0.0,33.85615158081055,30.773210525512695,1.5,0,66,1.0,-1.0,0.0,0,0,0
1780683350.8149216,0,0.3499999940395355,0,0,93,900,423158243,60,77,0.0,0.0,35.13692855834961,28.561872482299805,1,0,0.6000000238418579,0,0,1,1,0,8,0,0,0,8,99,0,8.300000190734863,-0.9479996562004089,34.02223587036133,30.910354614257812,1.5,0,66,0.0,-1.0,0.0,0,0,0
1780683350.8349202,0,0.3499999940395355,0,0,93,900,423158243,60,77,0.0,0.0,35.13692855834961,28.561872482299805,1,0,0.6000000238418579,0,0,1,1,0,8,0,0,0,8,99,0,8.300000190734863,-1.8959993124008179,34.188236236572266,30.881315231323242,1.5,0,66,-1.0,-1.0,0.0,0,0,0
1780683350.8549864,0,0.3499999940395355,0,0,93,900,423158243,60,77,0.0,0.0,35.13692855834961,28.561872482299805,1,0,0.6000000238418579,0,0,1,1,0,8,0,0,0,8,99,0,0.0,-2.843998908996582,34.26597595214844,30.83331298828125,1.5,0,66,-1.0,-1.0,0.0,0,1,0
1780683350.8749561,0,0.3499999940395355,0,0,93,900,423158243,60,77,0.0,0.0,35.13692855834961,28.561872482299805,1,0,0.6000000238418579,0,0,1,1,0,8,0,0,0,8,99,0,0.0,-3.7919986248016357,34.26597595214844,30.76639175415039,1.5,0,66,-1.0,-1.0,0.0,0,1,0
1780683350.8947406,0,0.3499999940395355,0,0,93,900,423158243,60,77,0.0,0.0,35.13692855834961,28.561872482299805,1,0,0.6000000238418579,0,0,0,1,0,8,0,0,0,8,99,0,-8.300000190734863,-4.7399983406066895,34.17780303955078,30.680482864379883,1.5,0,66,-1.0,-1.0,0.0,0,1,0
1780683350.91466,0,0.3499999940395355,0,0,93,900,423158243,60,77,0.0,0.0,35.13692855834961,28.561872482299805,1,0,0.6000000238418579,0,0,0,1,0,8,0,0,0,8,99,0,-8.300000190734863,-5.687997817993164,34.011802673339844,30.575613021850586,1.5,0,66,-1.0,-1.0,0.0,0,1,0
1780683350.9350998,0,0.3499999940395355,0,0,93,900,423158243,60,77,0.0,0.0,35.13692855834961,28.561872482299805,1,0,0.6000000238418579,0,0,0,1,0,8,0,0,0,8,99,0,-8.300000190734863,-6.635997295379639,33.845802307128906,30.4517822265625,1.5,0,66,-1.0,-1.0,0.0,0,1,0
1780683350.9548938,0,0.3499999940395355,0,0,93,900,423158243,60,77,0.0,0.0,35.13692855834961,28.561872482299805,1,0,0.6000000238418579,0,0,0,1,0,8,0,0,0,8,99,0,-8.300000190734863,-7.583996772766113,33.679805755615234,30.30899429321289,1.5,0,66,-1.0,-1.0,0.0,0,0,0
1780683350.9747539,0,0.3499999940395355,0,0,93,900,423158243,60,77,0.0,0.0,35.13692855834961,28.561872482299805,0,0,0.6000000238418579,0,0,0,0,0,8,0,0,0,8,99,0,0.0,0.0,33.5138053894043,30.147247314453125,1.5,0,66,-1.0,-1.0,0.0,0,0,0
1780683350.9948113,0,0.3499999940395355,0,0,93,900,423158243,60,77,0.0,0.0,35.13692855834961,28.561872482299805,0,0,0.6000000238418579,0,0,0,0,0,8,0,0,0,8,99,0,0.0,0.0,33.43597412109375,30.06723976135254,1.5,0,66,-1.0,-1.0,0.0,0,0,0
1780683351.014956,0,0.3499999940395355,0,0,93,900,423158243,60,77,0.0,0.0,35.13692855834961,28.561872482299805,0,0,0.6000000238418579,0,0,0,0,0,8,0,0,0,8,99,0,0.0,0.0,33.43597412109375,30.06723976135254,1.5,0,66,-1.0,-1.0,0.0,0,0,0
1780683351.034981,0,0.3499999940395355,0,0,93,900,423158243,60,77,0.0,0.0,35.13692855834961,28.561872482299805,0,0,0.6000000238418579,0,0,0,0,0,8,0,0,0,8,99,0,0.0,0.0,33.43597412109375,30.06723976135254,1.5,0,66,-1.0,-1.0,0.0,0,0,0
1780683351.0546103,0,0.3499999940395355,0,0,93,900,423158243,60,77,0.0,0.0,35.13692855834961,28.561872482299805,0,0,0.6000000238418579,0,0,0,0,0,8,0,0,0,8,99,0,0.0,0.0,33.43597412109375,30.06723976135254,1.5,0,66,-1.0,-1.0,0.0,0,0,0
1780683351.0749311,0,0.3499999940395355,0,0,93,900,423158243,60,77,0.0,0.0,35.13692855834961,28.561872482299805,0,0,0.6000000238418579,0,0,0,0,0,8,0,0,0,8,99,0,0.0,0.0,33.43597412109375,30.06723976135254,1.5,0,66,-1.0,-1.0,0.0,0,0,0
1780683351.0946739,0,0.3499999940395355,0,0,93,900,423158243,60,77,0.0,0.0,35.13692855834961,28.561872482299805,0,0,0.6000000238418579,0,0,0,0,0,8,0,0,0,8,99,0,0.0,0.0,33.43597412109375,30.06723976135254,1.5,0,66,-1.0,-1.0,0.0,0,0,0
1780683351.1147423,0,0.3499999940395355,0,0,93,900,423158243,60,77,0.0,0.0,35.13692855834961,28.561872482299805,0,0,0.6000000238418579,0,0,0,0,0,8,0,0,0,8,99,0,0.0,0.0,33.43597412109375,30.06723976135254,1.5,0,66,-1.0,-1.0,0.0,0,0,0
1780683351.1349387,0,0.3499999940395355,0,0,93,900,423158243,60,77,0.0,0.0,35.13692855834961,28.561872482299805,0,0,0.6000000238418579,0,0,0,0,0,8,0,0,0,8,99,0,0.0,0.0,33.43597412109375,30.06723976135254,1.5,0,66,-1.0,-1.0,0.0,0,0,0
1780683351.1550195,0,0.3499999940395355,0,0,93,900,423158243,60,77,0.0,0.0,35.13692855834961,28.561872482299805,0,0,0.6000000238418579,0,0,0,0,0,8,0,0,0,8,99,0,0.0,0.0,33.43597412109375,30.06723976135254,1.5,0,66,0.0,0.0,0.0,0,0,0
1780683351.1750898,0,0.3499999940395355,0,0,93,900,423158243,60,77,0.0,0.0,35.13692855834961,28.561872482299805,0,0,0.6000000238418579,0,0,0,0,0,8,0,0,0,8,99,0,0.0,0.0,33.43597412109375,30.06723976135254,1.5,0,66,0.0,0.0,0.0,0,0,0
1780683351.1951487,0,0.3499999940395355,0,0,93,900,423158243,60,77,0.0,0.0,35.13692855834961,28.561872482299805,0,0,0.6000000238418579,0,0,0,0,0,8,0,0,0,8,99,0,0.0,0.0,33.43597412109375,30.06723976135254,1.5,0,66,0.0,0.0,0.0,0,0,0
1780683351.214982,0,0.3499999940395355,0,0,93,900,423158243,60,77,0.0,0.0,35.13692855834961,28.561872482299805,0,0,0.6000000238418579,0,0,0,1,0,8,0,0,0,8,99,0,0.0,-50.0,33.43597412109375,30.06723976135254,1.5,0,33,0.0,0.0,0.0,0,0,0
1780683351.2348793,0,0.3499999940395355,0,0,93,900,423158243,60,77,0.0,0.0,35.13692855834961,28.561872482299805,0,0,0.6000000238418579,0,0,0,1,0,8,0,0,0,8,99,0,0.0,-50.0,33.43597412109375,29.535694122314453,1.5,0,33,0.0,0.0,0.0,0,0,0
1780683351.2547007,0,0.3499999940395355,0,0,93,900,423158243,60,77,0.0,0.0,35.13692855834961,28.561872482299805,0,0,0.6000000238418579,0,0,0,0,0,8,0,0,0,8,99,1,0.0,0.0,33.43597412109375,28.716880798339844,1.5,0,33,0.0,0.0,0.0,0,0,0
1780683351.2747793,0,0.3499999940395355,0,0,93,900,423158243,60,77,0.0,0.0,35.13692855834961,28.561872482299805,0,0,0.6000000238418579,0,0,0,0,0,8,0,0,0,8,99,1,0.0,0.0,33.43597412109375,28.408092498779297,1.5,0,33,0.0,0.0,0.0,0,0,0
1780683351.2944903,0,0.3499999940395355,0,0,93,900,423158243,60,77,0.0,0.0,35.13692855834961,28.561872482299805,0,0,0.6000000238418579,0,0,0,0,0,8,0,0,0,8,99,1,0.0,0.0,33.43597412109375,28.408103942871094,1.5,0,33,0.0,0.0,0.0,0,0,0
1780683351.3146954,0,0.3499999940395355,0,0,93,900,423158243,60,77,0.0,0.0,35.13692855834961,28.561872482299805,0,0,0.6000000238418579,0,0,0,0,0,8,0,0,0,8,99,1,0.0,0.0,33.43597412109375,28.408113479614258,1.5,0,33,0.0,0.0,0.0,0,0,0
1780683351.3345506,0,0.3499999940395355,0,0,93,900,423158243,60,77,0.0,0.0,35.13692855834961,28.561872482299805,0,0,0.6000000238418579,0,0,0,0,0,8,0,0,0,8,99,1,0.0,0.0,33.43597412109375,28.408117294311523,1.5,0,33,0.0,0.0,0.0,0,0,0
1780683351.3545933,0,0.3499999940395355,0,0,63,900,423158243,7,77,0.0,0.0,35.13692855834961,28.561872482299805,0,0,0.6000000238418579,0,0,0,0,0,8,0,0,0,8,99,1,0.0,0.0,33.43597412109375,28.408119201660156,1.5,0,33,0.0,0.0,0.0,0,0,0
1780683351.3747597,0,0.3499999940395355,0,0,63,900,423158243,7,77,0.0,0.0,35.7369270324707,28.561872482299805,0,0,0.6000000238418579,0,0,0,0,0,8,0,0,0,8,99,1,0.0,0.0,33.43597412109375,28.40812110900879,1.5,0,33,0.0,0.0,0.0,0,0,0
1780683351.3945732,0,0.3499999940395355,0,0,63,900,423158243,7,77,0.0,0.0,36.3369255065918,28.561872482299805,0,0,0.6000000238418579,0,0,0,0,0,8,0,0,0,8,99,1,0.0,0.0,33.43597412109375,28.40812110900879,1.5,0,33,0.0,0.0,0.0,0,0,0
1780683351.414559,0,0.3499999940395355,0,0,63,900,423158243,7,77,0.0,0.0,36.93692398071289,28.561872482299805,0,0,0.6000000238418579,0,0,0,0,0,8,0,0,0,8,99,1,0.0,0.0,33.43597412109375,28.40812110900879,1.5,0,33,0.0,0.0,0.0,0,0,0
1780683351.4349859,0,0.3499999940395355,0,0,63,900,423158243,7,77,0.0,0.0,37.423744201660156,28.561872482299805,0,0,0.6000000238418579,0,0,0,0,0,8,0,0,0,8,99,1,0.0,0.0,33.43597412109375,28.40812110900879,1.5,0,33,0.0,0.0,0.0,0,0,0
1780683351.455015,0,0.3499999940395355,0,0,63,900,423158243,7,77,0.0,0.0,37.421531677246094,28.561872482299805,0,0,0.6000000238418579,0,0,0,0,0,8,0,0,0,8,99,1,0.0,0.0,33.43597412109375,28.40812110900879,1.5,0,33,0.0,0.0,0.0,0,0,0
1780683351.474863,0,0.3499999940395355,0,0,63,900,423158243,7,77,0.0,0.0,37.42011642456055,28.561872482299805,0,0,0.6000000238418579,0,0,0,0,0,8,0,0,0,8,99,1,0.0,0.0,33.43597412109375,28.40812110900879,1.5,0,33,0.0,0.0,0.0,0,0,0
1780683351.4948444,0,0.3499999940395355,0,0,63,900,423158243,7,77,0.0,0.0,37.41920852661133,28.561872482299805,0,0,0.6000000238418579,0,0,0,0,0,8,0,0,0,8,99,1,0.0,0.0,33.43597412109375,28.40812110900879,1.5,0,33,0.0,0.0,0.0,0,0,0
1780683351.5145152,0,0.3499999940395355,0,0,63,900,423158243,7,77,0.0,0.0,37.41862869262695,28.561872482299805,0,0,0.6000000238418579,0,0,0,0,0,8,0,0,0,8,99,1,0.0,0.0,33.43597412109375,28.40812110900879,1.5,0,33,0.0,0.0,0.0,0,0,0
1780683351.5348365,0,0.3499999940395355,0,0,63,900,423158243,7,77,0.0,0.0,37.41825866699219,28.561872482299805,0,0,0.6000000238418579,0,0,0,0,0,8,0,0,0,8,99,1,0.0,0.0,33.43597412109375,28.40812110900879,1.5,0,33,0.0,0.0,0.0,0,0,0
1780683351.555089,0,0.3499999940395355,0,0,63,900,423158243,7,77,0.0,0.0,37.41801834106445,28.561872482299805,0,0,0.6000000238418579,0,0,0,0,0,8,0,0,0,8,99,1,0.0,0.0,33.43597412109375,28.40812110900879,1.5,0,33,0.0,0.0,0.0,0,0,0
1780683351.5748255,0,0.3499999940395355,0,0,63,900,423158243,7,77,0.0,0.0,37.41786575317383,28.561872482299805,0,0,0.6000000238418579,0,0,0,0,0,8,0,0,0,8,99,1,0.0,0.0,33.43597412109375,28.40812110900879,1.5,0,33,0.0,0.0,0.0,0,0,0
1780683351.594787,0,0.3499999940395355,0,0,63,900,423158243,7,77,0.0,0.0,37.41777038574219,28.561872482299805,0,0,0.6000000238418579,0,0,0,0,0,8,0,0,0,8,99,1,0.0,0.0,33.43597412109375,28.40812110900879,1.5,0,33,0.0,0.0,0.0,0,0,0
1780683351.6144905,0,0.3499999940395355,0,0,63,900,423158243,7,77,0.0,0.0,37.41770935058594,28.561872482299805,0,0,0.6000000238418579,0,0,0,0,0,8,0,0,0,8,99,1,0.0,0.0,33.43597412109375,28.40812110900879,1.5,0,33,0.0,0.0,0.0,0,0,0
1780683351.6346812,0,0.3499999940395355,0,0,63,900,423158243,7,77,0.0,0.0,37.417667388916016,28.561872482299805,0,0,0.6000000238418579,0,0,0,0,0,8,0,0,0,8,99,1,0.0,0.0,33.43597412109375,28.40812110900879,1.5,0,33,0.0,0.0,0.0,0,0,0
1780683351.6548347,0,0.3499999940395355,0,0,63,900,423158243,7,77,0.0,0.0,37.417640686035156,28.561872482299805,0,0,0.6000000238418579,0,0,0,0,0,8,0,0,0,8,99,1,0.0,0.0,33.43597412109375,28.40812110900879,1.5,0,33,0.0,0.0,0.0,0,0,0
1780683351.6745136,0,0.3499999940395355,0,0,63,900,423158243,9,77,-18.81513786315918,41.0,37.417625427246094,28.561872482299805,0,0,0.6000000238418579,0,0,0,0,0,8,0,0,0,8,99,1,0.0,0.0,33.43597412109375,28.40812110900879,1.5,0,33,0.0,0.0,0.0,0,0,0
1780683351.6945548,0,0.3499999940395355,0,0,63,900,423158243,10,77,-18.81513786315918,39.20000076293945,37.041324615478516,29.34587287902832,0,0,0.6000000238418579,0,0,0,0,0,8,0,0,0,8,99,1,0.0,0.0,33.43597412109375,28.40812110900879,1.5,0,33,0.0,0.0,0.0,0,0,0
1780683351.714448,0,0.3499999940395355,0,0,48,900,423158243,10,77,-18.81513786315918,37.400001525878906,36.66502380371094,30.0938720703125,0,0,0.6000000238418579,0,0,0,0,0,8,0,0,0,8,99,1,0.0,0.0,33.43597412109375,28.40812110900879,1.5,0,33,0.0,0.0,0.0,0,0,0
1780683351.7346816,0,0.3499999940395355,0,0,48,900,423158243,10,77,-18.81513786315918,35.60000228881836,36.88872146606445,30.805871963500977,0,0,0.6000000238418579,0,0,0,0,0,8,0,0,0,8,99,1,0.0,0.0,33.43597412109375,28.40812110900879,1.5,0,33,0.0,0.0,0.0,0,0,0
1780683351.754666,0,0.3499999940395355,0,0,48,900,423158243,10,77,-18.81513786315918,33.80000305175781,37.056297302246094,31.48187255859375,0,0,0.6000000238418579,0,0,0,0,0,8,0,0,0,8,99,1,0.0,0.0,33.43597412109375,28.40812110900879,1.5,0,33,0.0,0.0,0.0,0,0,0
1780683351.7749655,0,0.3499999940395355,0,0,48,900,423158243,10,77,-18.81513786315918,32.000003814697266,36.679996490478516,32.12187194824219,0,0,0.6000000238418579,0,0,0,0,0,8,0,0,0,8,99,1,0.0,0.0,33.43597412109375,28.40812110900879,1.5,0,33,0.0,0.0,0.0,0,0,0
1780683351.7946398,0,0.3499999940395355,0,0,48,900,423158243,10,77,-18.81513786315918,30.20000457763672,36.30369567871094,32.72587203979492,0,0,0.6000000238418579,0,0,0,0,0,8,0,0,0,8,99,1,0.0,0.0,33.43597412109375,28.40812110900879,1.5,0,33,0.0,0.0,0.0,0,0,0
1780683351.8144727,0,0.3499999940395355,0,0,48,900,423158243,10,77,-18.81513786315918,28.400005340576172,35.92739486694336,33.29387283325195,0,0,0.6000000238418579,0,0,0,0,0,8,0,0,0,8,99,1,0.0,0.0,33.43597412109375,28.40812110900879,1.5,0,33,0.0,0.0,0.0,0,0,0
1780683351.8348415,0,0.3499999940395355,0,0,48,900,423158243,10,77,-18.81513786315918,26.600006103515625,35.55109405517578,33.82587432861328,0,0,0.6000000238418579,0,0,0,0,0,8,0,0,0,8,99,1,0.0,0.0,33.43597412109375,28.40812110900879,1.5,0,33,0.0,0.0,0.0,0,0,0
1780683351.8549922,0,0.3499999940395355,0,0,48,900,423158243,10,77,-18.81513786315918,24.800006866455078,35.1747932434082,34.32187271118164,0,0,0.6000000238418579,0,0,0,0,0,8,0,0,0,8,99,1,0.0,0.0,33.43597412109375,28.40812110900879,1.5,0,33,0.0,0.0,0.0,0,0,0
1780683351.8749874,0,0.3499999940395355,0,0,48,900,423158243,10,77,-18.81513786315918,23.00000762939453,34.798492431640625,34.7818717956543,0,0,0.6000000238418579,0,0,0,0,0,8,0,0,0,8,99,1,0.0,0.0,33.43597412109375,28.40812110900879,1.5,0,33,0.0,0.0,0.0,0,0,0
1780683351.8945885,0,0.3499999940395355,0,0,48,900,423158243,10,77,-18.81513786315918,21.200008392333984,34.42219161987305,35.20587158203125,0,0,0.6000000238418579,0,0,0,0,0,8,0,0,0,8,99,1,0.0,0.0,33.43597412109375,28.40812110900879,1.5,0,33,0.0,0.0,0.0,0,0,0
1780683351.9145498,0,0.3499999940395355,0,0,48,900,423158243,10,77,-18.81513786315918,19.400009155273438,34.04589080810547,35.5938720703125,0,0,0.6000000238418579,0,0,0,0,0,8,0,0,0,8,99,1,0.0,0.0,33.43597412109375,28.40812110900879,1.5,0,33,0.0,0.0,0.0,0,0,0
1780683351.9347913,0,0.3499999940395355,0,0,48,900,423158243,10,77,-18.81513786315918,17.60000991821289,33.66958999633789,35.94587326049805,0,0,0.6000000238418579,0,0,0,0,0,8,0,0,0,8,99,1,0.0,0.0,33.43597412109375,28.40812110900879,1.5,0,33,0.0,0.0,0.0,0,0,0
1780683351.9549122,0,0.3499999940395355,0,0,48,900,423158243,10,77,-18.81513786315918,15.800010681152344,33.29328918457031,36.26187515258789,1,0,0.6000000238418579,0,0,0,0,0,8,0,0,0,8,99,1,0.0,0.0,33.43597412109375,28.40812110900879,1.5,0,33,0.0,0.0,0.0,0,0,0
1780683351.9746058,0,0.3499999940395355,0,0,48,900,423158243,10,77,-18.81513786315918,14.000011444091797,32.916988372802734,36.541873931884766,1,0,0.6000000238418579,0,0,0,0,0,8,0,0,0,8,99,1,0.0,0.0,33.43597412109375,28.40812110900879,1.5,0,33,0.0,0.0,0.0,0,0,0
1780683351.9945595,0,0.3499999940395355,0,0,48,900,423158243,10,77,-18.81513786315918,12.20001220703125,32.540687561035156,36.78587341308594,1,0,0.6000000238418579,0,0,0,0,0,8,0,0,0,8,99,1,0.0,0.0,33.43597412109375,28.40812110900879,1.5,0,33,0.0,0.0,0.0,0,0,0
1780683352.0147183,0,0.3499999940395355,0,0,48,900,423158243,10,77,-18.81513786315918,10.400012969970703,32.16438674926758,36.993873596191406,1,0,0.6000000238418579,0,0,0,0,0,8,0,0,0,8,99,1,0.0,0.0,33.43597412109375,28.40812110900879,1.5,0,33,0.0,0.0,0.0,0,0,0
1780683352.034656,0,0.3499999940395355,0,0,48,900,423158243,10,77,-18.81513786315918,8.600013732910156,31.788084030151367,37.16587448120117,1,0,0.6000000238418579,0,0,0,0,0,8,0,0,0,8,99,1,0.0,0.0,33.43597412109375,28.40812110900879,1.5,0,33,0.0,0.0,0.0,0,0,0
1780683352.0552738,0,0.3499999940395355,0,0,48,900,423158243,10,77,-18.81513786315918,6.800014495849609,31.411781311035156,37.301876068115234,1,0,0.6000000238418579,0,0,0,0,0,8,0,0,0,8,99,1,0.0,0.0,33.43597412109375,28.40812110900879,1.5,0,33,0.0,0.0,0.0,0,0,0
1780683352.074931,0,0.3499999940395355,0,0,48,900,423158243,10,77,-18.81513786315918,5.0000152587890625,31.035478591918945,37.40187454223633,1,0,0.6000000238418579,0,0,0,0,0,8,0,0,0,8,99,1,0.0,0.0,33.43597412109375,28.40812110900879,1.5,0,33,0.0,0.0,0.0,0,0,0
1780683352.0944452,0,0.3499999940395355,0,0,48,900,423158243,10,77,-18.81513786315918,3.2000160217285156,30.659175872802734,37.46587371826172,1,0,0.6000000238418579,0,0,0,0,0,8,0,0,0,8,99,1,0.0,0.0,33.43597412109375,28.40812110900879,1.5,0,33,0.0,0.0,0.0,0,0,0
1780683352.1144395,0,0.3499999940395355,0,0,48,900,423158243,10,77,-18.81513786315918,1.4000167846679688,30.282873153686523,37.493873596191406,1,0,0.6000000238418579,0,0,0,0,0,8,0,0,0,8,99,1,0.0,0.0,33.43597412109375,28.40812110900879,1.5,0,33,0.0,0.0,0.0,0,0,0
1780683352.1347437,0,0.3499999940395355,0,0,48,900,423158243,10,77,-18.81513786315918,-0.3999824523925781,29.906570434570312,37.48587417602539,1,0,0.6000000238418579,0,0,0,0,0,8,0,0,0,8,99,1,0.0,0.0,33.43597412109375,28.40812110900879,1.5,0,33,0.0,0.0,0.0,0,0,0
1780683352.154743,0,0.3499999940395355,0,0,48,900,423158243,10,77,-18.81513786315918,-2.199981689453125,29.5302677154541,37.44187545776367,1,0,0.6000000238418579,0,0,0,0,0,8,0,0,0,8,99,1,0.0,0.0,33.43597412109375,28.40812110900879,1.5,0,33,0.0,0.0,0.0,0,0,0
1780683352.175008,0,0.3499999940395355,0,0,48,900,423158243,10,77,-18.81513786315918,-3.999980926513672,29.15396499633789,37.36187744140625,1,0,0.6000000238418579,0,0,0,0,0,8,0,0,0,8,99,1,0.0,0.0,33.43597412109375,28.40812110900879,1.5,0,33,-1.0,0.0,0.0,0,0,0
1780683352.1953516,0,0.3499999940395355,0,0,48,900,423158243,10,77,-18.81513786315918,-5.799980163574219,28.77766227722168,37.24587631225586,1,0,0.6000000238418579,0,0,0,0,0,8,0,0,0,8,99,1,0.0,0.0,33.43597412109375,28.40812110900879,1.5,0,33,-1.0,0.0,0.0,0,0,0
1780683352.2148666,0,0.3499999940395355,0,0,48,900,423158243,10,77,-18.81513786315918,-7.599979400634766,28.40135955810547,37.093875885009766,1,0,0.6000000238418579,0,0,0,0,0,8,0,0,0,8,99,1,0.0,0.0,33.43597412109375,28.40812110900879,1.5,0,33,-1.0,0.0,0.0,0,0,0
1780683352.2348254,0,0.3499999940395355,0,0,48,900,423158243,10,77,-18.81513786315918,-9.399978637695312,28.025056838989258,36.90587615966797,1,0,0.6000000238418579,0,0,0,0,0,8,0,0,0,8,99,1,-8.300000190734863,0.0,33.34778594970703,28.40812110900879,1.5,0,33,-1.0,0.0,0.0,0,0,0
1780683352.255032,0,0.3499999940395355,0,0,48,900,423158243,10,77,-18.81513786315918,-11.19997787475586,27.648754119873047,36.68187713623047,1,0,0.6000000238418579,0,0,0,0,0,8,0,0,0,8,99,1,-8.300000190734863,0.0,33.181785583496094,28.40812110900879,1.5,0,33,-1.0,0.0,0.0,0,0,0
1780683352.2750494,0,0.3499999940395355,0,0,48,900,423158243,10,77,-18.81513786315918,-12.999977111816406,27.272451400756836,36.421878814697266,1,0,0.6000000238418579,0,0,0,0,0,8,0,0,0,8,99,1,-8.300000190734863,0.0,33.015869140625,28.40812110900879,1.5,0,33,-1.0,0.0,0.0,0,0,0
1780683352.2948549,0,0.3499999940395355,0,0,48,900,423158243,10,77,-18.81513786315918,-14.799976348876953,26.896148681640625,36.12588119506836,1,0,0.6000000238418579,0,0,0,0,0,8,0,0,0,8,99,1,-8.300000190734863,0.0,32.84986877441406,28.40812110900879,1.5,0,33,-1.0,0.0,0.0,0,0,0
1780683352.3149335,0,0.3499999940395355,0,0,48,900,423158243,10,77,-18.81513786315918,-16.5999755859375,26.519845962524414,35.793880462646484,1,0,0.6000000238418579,0,0,0,0,0,8,0,0,0,8,99,1,-8.300000190734863,0.0,32.68378448486328,28.40812110900879,1.5,0,33,-1.0,0.0,0.0,0,0,0
1780683352.334958,0,0.3499999940395355,0,0,48,900,423158243,10,77,-18.81513786315918,-18.399974822998047,26.143543243408203,35.425880432128906,1,0,0.6000000238418579,0,0,0,0,0,8,0,0,0,8,99,1,-8.300000190734863,0.0,32.517784118652344,28.40812110900879,1.5,0,33,-1.0,0.0,0.0,0,0,0
1780683352.3548734,0,0.3499999940395355,0,0,48,900,423158243,10,77,-18.81513786315918,-20.199974060058594,25.767240524291992,35.021881103515625,1,0,0.6000000238418579,0,0,0,0,0,8,0,0,0,8,99,1,-8.300000190734863,0.0,32.35186767578125,28.40812110900879,1.5,0,33,-1.0,0.0,0.0,0,0,0
1780683352.3749585,0,0.3499999940395355,0,0,48,900,423158243,10,77,-18.81513786315918,-21.99997329711914,25.39093780517578,34.58188247680664,1,0,0.6000000238418579,0,0,0,0,0,8,0,0,0,8,99,1,-8.300000190734863,0.0,32.18586730957031,28.40812110900879,1.5,0,33,-1.0,0.0,0.0,0,0,0
1780683352.3947842,0,0.3499999940395355,0,0,48,900,423158243,10,77,-18.81513786315918,-23.799972534179688,25.01463508605957,34.10588455200195,1,0,0.6000000238418579,0,0,0,0,0,8,0,0,0,8,99,1,-8.300000190734863,0.0,32.019866943359375,28.40812110900879,1.5,0,33,-1.0,0.0,0.0,0,0,0
1780683352.4148245,0,0.3499999940395355,0,0,48,900,423158243,10,77,-18.81513786315918,-25.599971771240234,24.63833236694336,33.5938835144043,1,0,0.6000000238418579,0,0,0,0,0,8,0,0,0,8,99,1,-8.300000190734863,0.0,31.85378646850586,28.40812110900879,1.5,0,33,-1.0,0.0,0.0,0,0,0
1780683352.4350047,0,0.3499999940395355,0,0,48,900,423158243,10,77,-18.81513786315918,-27.39997100830078,24.26202964782715,33.04588317871094,1,0,0.6000000238418579,0,0,0,0,0,8,0,0,0,8,99,1,-8.300000190734863,0.0,31.687786102294922,28.40812110900879,1.5,0,33,-1.0,0.0,0.0,0,0,0
1780683352.454712,0,0.3499999940395355,0,0,48,900,423158243,10,77,-18.81513786315918,-29.199970245361328,23.885726928710938,32.461883544921875,1,0,0.6000000238418579,0,0,0,0,0,8,0,0,0,8,99,1,-8.300000190734863,0.0,31.521787643432617,28.40812110900879,1.5,0,33,-1.0,0.0,0.0,0,0,0
1780683352.4748769,0,0.3499999940395355,0,0,48,900,423158243,10,77,-18.81513786315918,-30.999969482421875,23.509424209594727,31.84188461303711,1,0,0.6000000238418579,0,0,0,0,0,8,0,0,0,8,99,1,-8.300000190734863,0.0,31.35586929321289,28.40812110900879,1.5,0,33,-1.0,0.0,0.0,0,0,0
1780683352.4947078,0,0.3499999940395355,0,0,48,900,423158243,10,77,-18.81513786315918,-32.79996871948242,23.133121490478516,31.18588638305664,1,0,0.6000000238418579,0,0,0,0,0,8,0,0,0,8,99,1,-8.300000190734863,0.0,31.189870834350586,28.40812110900879,1.5,0,33,-1.0,0.0,0.0,0,0,0
1780683352.514698,0,0.3499999940395355,0,0,48,900,423158243,10,77,-18.81513786315918,-34.59996795654297,22.756818771362305,30.493886947631836,1,0,0.6000000238418579,0,0,0,0,0,8,0,0,0,8,99,1,-8.300000190734863,0.0,31.023788452148438,28.40812110900879,1.5,0,33,-1.0,0.0,0.0,0,0,0
1780683352.535066,0,0.3499999940395355,0,0,48,900,423158243,10,77,-18.81513786315918,-36.399967193603516,22.380516052246094,29.765888214111328,1,0,0.6000000238418579,0,0,0,0,0,8,0,0,0,8,99,1,-8.300000190734863,0.0,30.857784271240234,28.40812110900879,1.5,0,33,-1.0,0.0,1.0,0,0,0
1780683352.5548863,0,0.3499999940395355,0,0,48,900,423158243,10,77,-18.81513786315918,-38.19996643066406,22.004213333129883,29.001888275146484,1,0,0.6000000238418579,0,0,0,0,0,8,0,0,0,8,99,1,-8.300000190734863,0.0,30.691864013671875,28.40812110900879,1.5,0,33,-1.0,0.0,1.0,0,0,0
1780683352.5747478,0,0.3499999940395355,0,0,48,900,423158243,11,77,0.0,0.0,21.627910614013672,28.56183624267578,0,0,0.6000000238418579,1,0,0,0,0,8,0,0,0,8,99,1,-8.300000190734863,0.0,30.525779724121094,28.40812110900879,1.5,1,33,-1.0,0.0,1.0,0,0,0
1780683352.594907,0,0.3499999940395355,0,0,48,900,423158243,11,77,0.0,0.0,21.627910614013672,28.56184959411621,0,0,0.6000000238418579,1,0,0,0,0,8,0,0,0,8,99,1,-20.0,0.0,30.235668182373047,28.40812110900879,1.5,1,33,-1.0,0.0,1.0,0,0,0
1780683352.6148267,0,0.3499999940395355,0,0,48,900,423158243,11,77,0.0,0.0,21.627910614013672,28.561859130859375,0,0,0.6000000238418579,1,0,0,0,0,8,0,0,0,8,99,1,-20.0,0.0,29.835670471191406,28.40812110900879,1.5,1,33,-1.0,0.0,1.0,0,0,0
1780683352.634859,0,0.3499999940395355,0,0,48,900,423158243,11,77,0.0,0.0,21.627910614013672,28.561864852905273,0,0,0.6000000238418579,1,0,0,0,0,8,0,0,0,8,99,1,-20.0,0.0,29.435466766357422,28.40812110900879,1.5,1,33,-1.0,0.0,1.0,0,0,0
1780683352.6549385,0,0.3499999940395355,0,0,48,900,423158243,11,77,0.0,0.0,21.627910614013672,28.56186866760254,0,0,0.6000000238418579,1,0,0,0,0,8,0,0,0,8,99,1,-20.0,0.0,29.035472869873047,28.40812110900879,1.5,1,33,-1.0,0.0,1.0,0,0,0
1780683352.674709,0,0.3499999940395355,0,0,48,900,423158243,11,77,0.0,0.0,21.627910614013672,28.561870574951172,0,0,0.6000000238418579,1,0,0,0,0,8,0,0,0,8,99,1,-20.0,0.0,28.635669708251953,28.40812110900879,1.5,1,33,-1.0,0.0,0.0,0,0,0
1780683352.694731,0,0.3499999940395355,0,0,48,900,423158243,11,77,0.0,0.0,21.627910614013672,28.561870574951172,0,0,0.6000000238418579,1,0,0,0,0,8,0,0,0,8,99,1,-20.0,0.0,28.23566436767578,28.40812110900879,1.5,1,33,-1.0,0.0,0.0,0,0,0
1780683352.7148285,0,0.3499999940395355,0,0,48,900,423158243,11,77,0.0,0.0,21.627910614013672,28.561870574951172,0,0,0.6000000238418579,1,0,0,0,0,8,0,0,0,8,99,1,-20.0,0.0,27.835468292236328,28.40812110900879,1.5,1,33,-1.0,0.0,0.0,0,0,0
1780683352.7349067,0,0.3499999940395355,0,0,48,900,423158243,11,77,0.0,0.0,21.627910614013672,28.561870574951172,0,0,0.6000000238418579,1,0,0,0,0,8,0,0,0,8,99,1,-20.0,0.0,27.435468673706055,28.40812110900879,1.5,1,33,-1.0,0.0,0.0,0,0,0
1780683352.754961,0,0.3499999940395355,0,0,48,900,423158243,11,77,0.0,0.0,21.627910614013672,28.561870574951172,0,0,0.6000000238418579,1,0,0,0,0,8,0,0,0,8,99,1,-20.0,0.0,27.035480499267578,28.40812110900879,1.5,1,33,-1.0,0.0,0.0,0,0,0
1780683352.7747605,0,0.3499999940395355,0,0,48,900,423158243,11,77,0.0,0.0,21.627910614013672,28.561870574951172,0,0,0.6000000238418579,1,0,0,0,0,8,0,0,0,8,99,1,-20.0,0.0,26.635475158691406,28.40812110900879,1.5,1,33,-1.0,0.0,0.0,0,0,0
1780683352.7944448,0,0.3499999940395355,0,0,48,900,423158243,11,77,0.0,0.0,21.627910614013672,28.561870574951172,0,0,0.6000000238418579,1,0,0,0,0,8,0,0,0,8,99,1,-20.0,0.0,26.23566436767578,28.40812110900879,1.5,1,33,-1.0,0.0,0.0,0,0,0
1780683352.8146708,0,0.3499999940395355,0,0,48,900,423158243,69,77,0.0,0.0,21.627910614013672,28.561870574951172,0,0,0.6000000238418579,1,0,0,0,0,8,0,0,0,8,99,1,-20.0,0.0,25.83566665649414,28.40812110900879,1.5,1,33,-1.0,0.0,0.0,0,0,0
1780683352.8345594,0,0.3499999940395355,0,0,48,900,423158243,69,77,0.0,0.0,21.627910614013672,28.561870574951172,0,0,0.6000000238418579,1,0,0,0,0,8,0,0,0,8,99,1,-20.0,0.0,25.435466766357422,28.40812110900879,1.5,1,33,-1.0,0.0,0.0,0,0,0
1780683352.8548157,0,0.3499999940395355,0,0,48,900,423158243,69,77,0.0,0.0,21.627910614013672,28.561870574951172,1,0,0.6000000238418579,0,0,0,0,0,8,0,0,0,8,99,1,-20.0,0.0,25.035472869873047,28.40812110900879,1.5,0,33,-1.0,0.0,0.0,0,0,0
1780683352.874919,0,0.3499999940395355,0,0,48,900,423158243,69,77,0.0,0.0,21.627910614013672,28.561870574951172,1,0,0.6000000238418579,0,0,0,0,0,8,0,0,0,8,99,1,-8.300000190734863,0.0,24.759868621826172,28.40812110900879,1.5,0,33,-1.0,0.0,0.0,0,0,0
1780683352.8945735,0,0.3499999940395355,0,0,48,900,423158243,69,77,0.0,0.0,21.627910614013672,28.561870574951172,1,0,0.6000000238418579,0,0,0,0,0,8,0,0,0,8,99,1,-8.300000190734863,0.0,24.59386444091797,28.40812110900879,1.5,0,33,-1.0,0.0,0.0,0,0,0
1780683352.9147966,0,0.3499999940395355,0,0,48,900,423158243,69,77,0.0,0.0,21.627910614013672,28.561870574951172,1,0,0.6000000238418579,0,0,0,0,0,8,0,0,0,8,99,1,-8.300000190734863,0.0,24.427783966064453,28.40812110900879,1.5,0,33,-1.0,0.0,0.0,0,0,1
1780683352.9348447,0,0.3499999940395355,0,0,48,900,423158243,69,77,0.0,0.0,21.627910614013672,28.561870574951172,1,0,0.6000000238418579,0,0,0,0,0,8,0,0,0,8,99,1,-8.300000190734863,0.0,24.261783599853516,28.40812110900879,1.5,0,33,-1.0,0.0,0.0,0,0,1
1780683352.9545615,0,0.3499999940395355,1,0,48,900,423158243,69,77,0.0,0.0,21.627910614013672,28.561870574951172,0,0,0.6000000238418579,0,0,0,0,0,8,0,1,0,8,99,1,-8.300000190734863,0.0,24.09578514099121,28.40812110900879,1.5,0,33,-1.0,0.0,0.0,0,0,1
1780683352.9748018,0,0.3499999940395355,1,0,48,900,423158243,69,77,0.0,0.0,21.627910614013672,28.561870574951172,0,0,0.6000000238418579,0,0,0,0,0,8,0,1,0,8,99,1,-8.300000190734863,0.0,23.929866790771484,28.40812110900879,1.5,0,33,-1.0,0.0,0.0,0,0,1
1780683352.994945,0,0.3499999940395355,1,0,27,900,423158243,69,77,0.0,0.0,21.627910614013672,28.561870574951172,0,0,0.6000000238418579,0,0,0,0,0,8,0,1,0,8,99,1,3.75,0.0,23.763866424560547,28.40812110900879,1.5,0,44,-1.0,0.0,0.0,0,0,1
1780683353.014812,0,0.3499999940395355,1,0,27,900,423158243,69,77,0.0,0.0,21.327911376953125,28.561870574951172,0,0,0.6000000238418579,0,0,0,0,0,8,0,1,0,8,99,1,3.75,0.0,23.72577667236328,28.40812110900879,1.5,0,44,-1.0,0.0,0.0,0,0,1
1780683353.03482,0,0.3499999940395355,1,0,27,900,423158243,69,77,0.0,0.0,21.027912139892578,28.561870574951172,0,0,0.6000000238418579,0,0,0,0,0,8,0,1,0,8,99,1,3.75,0.0,23.800777435302734,28.40812110900879,1.5,0,44,-1.0,0.0,0.0,0,0,0
1780683353.0548992,0,0.3499999940395355,1,0,27,900,423158243,69,77,0.0,0.0,20.72791290283203,28.561870574951172,1,0,0.6000000238418579,0,0,0,0,0,8,0,1,0,8,99,1,3.75,0.0,23.875778198242188,28.40812110900879,1.5,0,44,-1.0,0.0,0.0,0,0,0
1780683353.0748434,0,0.3499999940395355,1,0,27,900,423158243,45,77,-8.0,0.0,20.427913665771484,28.561870574951172,1,0,0.6000000238418579,0,0,0,0,0,8,0,1,0,8,99,1,3.75,0.0,23.950817108154297,28.40812110900879,1.5,0,44,-1.0,0.0,0.0,0,0,0
1780683353.094774,0,0.3499999940395355,1,0,27,900,423158243,45,77,-8.0,0.0,19.967914581298828,28.561870574951172,1,0,0.6000000238418579,0,0,0,0,0,8,0,1,0,8,99,1,3.75,0.0,24.02581787109375,28.40812110900879,1.5,0,44,-1.0,0.0,0.0,0,0,0
1780683353.1148515,0,0.3499999940395355,1,0,27,900,423158243,45,77,-8.0,0.0,19.507915496826172,28.561870574951172,1,0,0.6000000238418579,0,0,0,0,0,8,0,1,0,8,99,1,3.75,0.0,24.100818634033203,28.40812110900879,1.5,0,44,-1.0,0.0,0.0,0,0,0
1780683353.1347356,0,0.3499999940395355,1,0,27,900,423158243,45,77,-8.0,0.0,19.047916412353516,28.561870574951172,1,0,0.6000000238418579,0,0,0,0,0,8,0,1,0,8,99,1,3.75,0.0,24.17582130432129,28.40812110900879,1.5,0,44,-1.0,0.0,0.0,0,0,0
1780683353.1548543,0,0.3499999940395355,1,0,27,900,423158243,45,77,-8.0,0.0,18.58791732788086,28.561870574951172,1,0,0.6000000238418579,0,0,0,0,0,8,0,1,0,8,99,1,3.75,0.0,24.250822067260742,28.40812110900879,1.5,0,44,-1.0,0.0,0.0,0,0,0
1780683353.174961,0,0.3499999940395355,1,0,27,900,423158243,45,77,-8.0,0.0,18.42791748046875,28.561870574951172,1,0,0.6000000238418579,0,0,0,0,0,8,0,1,0,8,99,1,3.75,0.0,24.325820922851562,28.40812110900879,1.5,0,44,-1.0,0.0,0.0,0,0,0
1780683353.1949453,0,0.3499999940395355,1,0,27,900,423158243,45,77,-8.0,0.0,18.26791763305664,28.561870574951172,1,0,0.6000000238418579,0,0,0,0,0,8,0,1,0,8,99,1,-8.300000190734863,0.0,24.272869110107422,28.40812110900879,1.5,0,44,-1.0,0.0,0.0,0,0,0
1780683353.2145805,0,0.3499999940395355,1,0,27,900,423158243,45,77,-8.0,0.0,18.10791778564453,28.561870574951172,1,0,0.6000000238418579,0,0,0,0,0,8,0,1,0,8,99,1,-8.300000190734863,0.0,24.10687255859375,28.40812110900879,1.5,0,44,-1.0,0.0,0.0,0,0,0
1780683353.2348554,0,0.3499999940395355,1,0,27,900,423158243,45,77,-8.0,0.0,17.947917938232422,28.561870574951172,1,0,0.6000000238418579,0,0,0,0,0,8,0,1,0,8,99,1,-8.300000190734863,0.0,23.940872192382812,28.40812110900879,1.5,0,44,-1.0,0.0,0.0,0,0,0
1780683353.2550452,0,0.3499999940395355,1,0,27,900,423158243,45,77,-8.0,0.0,17.787918090820312,28.561870574951172,1,0,0.6000000238418579,0,0,0,0,0,8,0,1,0,8,99,1,-8.300000190734863,0.0,23.774871826171875,28.40812110900879,1.5,0,44,-1.0,0.0,0.0,0,0,0
1780683353.2747092,0,0.3499999940395355,1,0,27,900,423158243,45,77,-8.0,0.0,17.627918243408203,28.561870574951172,1,0,0.6000000238418579,0,0,0,0,0,8,0,1,0,8,99,1,-8.300000190734863,0.0,23.608869552612305,28.40812110900879,1.5,0,44,-1.0,0.0,0.0,0,0,0
1780683353.2943852,0,0.3499999940395355,1,0,27,900,423158243,45,77,-8.0,0.0,17.467918395996094,28.561870574951172,1,0,0.6000000238418579,0,0,0,0,0,8,0,1,0,8,99,1,-8.300000190734863,0.0,23.442869186401367,28.40812110900879,1.5,0,44,-1.0,0.0,0.0,0,0,0
1780683353.3146217,0,0.3499999940395355,0,0,27,900,423158243,45,77,-8.0,0.0,17.307918548583984,28.561870574951172,1,0,0.6000000238418579,0,0,0,0,0,8,0,0,0,8,99,1,-8.300000190734863,0.0,23.276782989501953,28.40812110900879,1.5,0,44,-1.0,0.0,0.0,0,0,0
1780683353.3348656,0,0.3499999940395355,0,0,27,900,423158243,45,77,-8.0,0.0,17.147918701171875,28.561870574951172,1,0,0.6000000238418579,0,0,0,0,0,8,0,0,0,8,99,1,-8.300000190734863,0.0,23.110782623291016,28.40812110900879,1.5,0,44,-1.0,0.0,0.0,0,0,0
1780683353.354792,0,0.3499999940395355,0,0,27,900,423158243,45,77,-8.0,0.0,16.987918853759766,28.561870574951172,1,0,0.6000000238418579,0,0,0,0,0,8,0,0,0,8,99,1,-8.300000190734863,0.0,22.944787979125977,28.40812110900879,1.5,0,44,-1.0,0.0,0.0,0,0,0
1780683353.3747122,0,0.3499999940395355,0,0,27,900,423158243,45,77,-8.0,0.0,16.827919006347656,28.561870574951172,1,0,0.6000000238418579,0,0,0,0,0,8,0,0,0,8,99,1,-8.300000190734863,0.0,22.778785705566406,28.40812110900879,1.5,0,44,-1.0,0.0,0.0,0,0,0
1780683353.3947814,0,0.3499999940395355,0,0,27,900,423158243,45,77,-8.0,0.0,16.667919158935547,28.561870574951172,1,0,0.6000000238418579,0,0,0,0,0,8,0,0,0,8,99,1,-8.300000190734863,0.0,22.6127872467041,28.40812110900879,1.5,0,44,-1.0,0.0,0.0,0,0,0
1780683353.4151604,0,0.3499999940395355,0,0,27,900,423158243,45,77,-8.0,0.0,16.507919311523438,28.561870574951172,1,0,0.6000000238418579,0,0,0,0,0,8,0,0,0,8,99,1,-8.300000190734863,0.0,22.44678497314453,28.40812110900879,1.5,0,44,-1.0,0.0,0.0,0,0,0
1780683353.434593,0,0.3499999940395355,0,0,27,900,423158243,45,77,-8.0,0.0,16.347919464111328,28.561870574951172,1,0,0.6000000238418579,0,0,0,0,0,8,0,0,0,8,99,1,-8.300000190734863,0.0,22.280778884887695,28.40812110900879,1.5,0,44,-1.0,0.0,0.0,0,0,0
1780683353.4546597,0,0.3499999940395355,0,0,27,900,423158243,45,77,-8.0,0.0,16.18791961669922,28.561870574951172,1,0,0.6000000238418579,0,0,0,0,0,8,0,0,0,8,99,1,-8.300000190734863,0.0,22.114778518676758,28.40812110900879,1.5,0,44,-1.0,0.0,0.0,0,0,0
1780683353.4747832,0,0.3499999940395355,0,0,27,900,423158243,45,77,-8.0,0.0,16.02791976928711,28.561870574951172,1,0,0.6000000238418579,0,0,0,0,0,8,0,0,0,8,99,1,-8.300000190734863,0.0,21.94886016845703,28.40812110900879,1.5,0,44,-1.0,0.0,0.0,0,0,0
1780683353.4945352,0,0.3499999940395355,0,0,27,900,423158243,45,77,-8.0,0.0,15.867919921875,28.561870574951172,1,0,0.6000000238418579,0,0,0,0,0,8,0,0,0,8,99,1,-8.300000190734863,0.0,21.782855987548828,28.40812110900879,1.5,0,44,-1.0,0.0,0.0,0,0,0
1780683353.5146432,0,0.3499999940395355,0,0,27,900,423158243,45,77,-8.0,0.0,15.70792007446289,28.561870574951172,1,0,0.6000000238418579,0,0,0,0,0,8,0,0,0,8,99,1,-8.300000190734863,0.0,21.61685562133789,28.40812110900879,1.5,0,44,-1.0,0.0,0.0,0,0,0
1780683353.5346348,0,0.3499999940395355,0,0,27,900,423158243,45,77,-8.0,0.0,15.547920227050781,28.561870574951172,1,0,0.6000000238418579,0,0,0,0,0,8,0,0,0,8,99,1,-8.300000190734863,0.0,21.450855255126953,28.40812110900879,1.5,0,44,-1.0,0.0,0.0,0,0,0
1780683353.5549042,0,0.3499999940395355,0,0,27,900,423158243,7,77,0.0,0.0,15.387920379638672,28.561870574951172,1,0,0.6000000238418579,0,0,0,0,0,8,0,0,0,8,99,1,-8.300000190734863,0.0,21.28485870361328,28.40812110900879,1.5,0,44,-1.0,0.0,0.0,0,0,0
1780683353.5750668,0,0.3499999940395355,0,0,27,900,423158243,7,77,0.0,0.0,15.531420707702637,28.561870574951172,1,0,0.6000000238418579,0,0,0,0,0,8,0,0,0,8,99,1,-8.300000190734863,0.0,21.118770599365234,28.40812110900879,1.5,0,44,-1.0,0.0,0.0,0,0,0
1780683353.5946808,0,0.3499999940395355,0,0,27,900,423158243,7,77,0.0,0.0,15.569037437438965,28.561870574951172,1,0,0.6000000238418579,0,0,0,0,0,8,0,0,0,8,99,1,-8.300000190734863,0.0,20.95285415649414,28.40812110900879,1.5,0,44,-1.0,0.0,0.0,0,0,0
1780683353.6147068,0,0.3499999940395355,0,0,27,900,423158243,7,77,0.0,0.0,15.58234977722168,28.561874389648438,1,0,0.6000000238418579,0,0,0,0,0,8,0,0,0,8,99,1,-8.300000190734863,0.0,20.786855697631836,28.40812110900879,1.5,0,44,-1.0,0.0,0.0,0,0,0
1780683353.634976,0,0.3499999940395355,0,0,27,900,423158243,7,77,0.0,0.0,15.582368850708008,28.561874389648438,1,0,0.6000000238418579,0,0,0,0,0,8,0,0,0,8,99,1,-8.300000190734863,0.0,20.620769500732422,28.40812110900879,1.5,0,44,-1.0,0.0,0.0,0,0,0
1780683353.6552343,0,0.3499999940395355,0,0,27,900,423158243,7,77,0.0,0.0,15.582381248474121,28.561874389648438,1,0,0.6000000238418579,0,0,0,0,0,8,0,0,0,8,99,1,-8.300000190734863,0.0,20.454851150512695,28.40812110900879,1.5,0,44,-1.0,0.0,0.0,0,0,0
1780683353.674972,0,0.3499999940395355,0,0,27,900,423158243,7,77,0.0,0.0,15.582388877868652,28.561874389648438,1,0,0.6000000238418579,0,0,0,0,0,8,0,0,0,8,99,1,-8.300000190734863,0.0,20.28884506225586,28.40812110900879,1.5,0,44,-1.0,0.0,0.0,0,0,0
1780683353.694793,0,0.3499999940395355,0,0,27,900,423158243,7,77,0.0,0.0,15.582393646240234,28.561874389648438,1,0,0.6000000238418579,0,0,0,0,0,8,0,0,0,8,99,1,-8.300000190734863,0.0,20.122844696044922,28.40812110900879,1.5,0,44,-1.0,0.0,0.0,0,0,0
1780683353.714625,0,0.3499999940395355,0,0,27,900,423158243,7,77,0.0,0.0,15.582396507263184,28.561874389648438,1,0,0.6000000238418579,0,0,0,0,0,8,0,0,0,8,99,1,-8.300000190734863,0.0,19.956764221191406,28.40812110900879,1.5,0,44,-1.0,0.0,0.0,0,0,0
1780683353.7348425,0,0.3499999940395355,0,0,27,900,423158243,7,77,0.0,0.0,15.582398414611816,28.561874389648438,1,0,0.6000000238418579,0,0,0,0,0,8,0,0,0,8,99,1,-8.300000190734863,0.0,19.79076385498047,28.40812110900879,1.5,0,44,-1.0,0.0,0.0,0,0,0
1780683353.7549279,0,0.3499999940395355,0,0,27,900,423158243,7,77,0.0,0.0,15.58240032196045,28.561874389648438,1,0,0.6000000238418579,0,0,0,0,0,8,0,0,0,8,99,1,-8.300000190734863,0.0,19.62476348876953,28.40812110900879,1.5,0,44,-1.0,0.0,0.0,0,0,0
1780683353.7746823,0,0.3499999940395355,0,0,27,900,423158243,7,77,0.0,0.0,15.58240032196045,28.561874389648438,1,0,0.6000000238418579,0,0,0,0,0,8,0,0,0,8,99,1,-8.300000190734863,0.0,19.458847045898438,28.40812110900879,1.5,0,44,-1.0,0.0,0.0,0,0,0
1780683353.7952006,0,0.3499999940395355,0,0,27,900,423158243,7,77,0.0,0.0,15.58240032196045,28.561874389648438,1,0,0.6000000238418579,0,0,0,0,0,8,0,0,0,8,99,1,-8.300000190734863,0.0,19.2928466796875,28.40812110900879,1.5,0,44,-1.0,0.0,0.0,0,0,1
1780683353.8148632,0,0.3499999940395355,1,0,27,900,423158243,7,77,0.0,0.0,15.58240032196045,28.561874389648438,0,0,0.6000000238418579,0,0,0,0,0,8,0,1,0,8,99,1,-8.300000190734863,0.0,19.12676239013672,28.40812110900879,1.5,0,44,-1.0,0.0,0.0,0,0,1
1780683353.8347478,0,0.3499999940395355,1,0,27,900,423158243,7,77,0.0,0.0,15.58240032196045,28.561874389648438,0,0,0.6000000238418579,0,0,0,0,0,8,0,1,0,8,99,1,-8.300000190734863,0.0,18.96076202392578,28.40812110900879,1.5,0,44,-1.0,0.0,0.0,0,0,1
1780683353.8547914,0,0.3499999940395355,1,0,6,900,423158243,7,77,0.0,0.0,15.58240032196045,28.561874389648438,0,0,0.6000000238418579,0,0,0,0,0,8,0,1,0,8,99,1,3.75,0.0,18.79476547241211,28.40812110900879,1.5,0,55,-1.0,0.0,0.0,0,0,1
1780683353.874894,0,0.3499999940395355,1,0,6,900,423158243,9,77,17.167827606201172,41.0,15.576258659362793,28.561874389648438,0,0,0.6000000238418579,0,0,0,0,0,8,0,1,0,8,99,1,3.75,0.0,18.756813049316406,28.40812110900879,1.5,0,55,-1.0,0.0,0.0,0,0,1
1780683353.8946579,0,0.3499999940395355,1,0,6,900,423158243,10,77,17.167827606201172,39.20000076293945,15.919614791870117,29.345874786376953,0,0,0.6000000238418579,0,0,0,0,0,8,0,1,0,8,99,1,3.75,0.0,18.831775665283203,28.40812110900879,1.5,0,55,-1.0,0.0,0.0,0,0,1
1780683353.9145977,0,0.3499999940395355,1,0,6,900,423158243,10,77,17.167827606201172,37.400001525878906,16.262971878051758,30.093873977661133,0,0,0.6000000238418579,0,0,0,0,0,8,0,1,0,8,99,1,3.75,0.0,18.906814575195312,28.40812110900879,1.5,0,55,0.0,0.0,0.0,0,0,1
1780683353.9349365,0,0.3499999940395355,1,0,6,900,423158243,10,77,17.167827606201172,35.60000228881836,16.6063289642334,30.80587387084961,1,0,0.6000000238418579,0,0,0,0,0,8,0,1,0,8,99,1,3.75,0.0,18.981815338134766,28.40812110900879,1.5,0,55,0.0,0.0,0.0,0,0,0
1780683353.9549842,0,0.3499999940395355,1,0,6,900,423158243,10,77,17.167827606201172,33.80000305175781,16.94968605041504,31.481874465942383,1,0,0.6000000238418579,0,0,0,0,0,8,0,1,0,8,99,1,3.75,0.0,19.056777954101562,28.40812110900879,1.5,0,55,0.0,0.0,0.0,0,0,0
1780683353.9749303,0,0.3499999940395355,1,0,6,900,423158243,10,77,17.167827606201172,32.000003814697266,17.29304313659668,32.12187194824219,1,0,0.6000000238418579,0,0,0,0,0,8,0,1,0,8,99,1,3.75,0.0,19.131778717041016,28.40812110900879,1.5,0,55,0.0,0.0,0.0,0,0,0
1780683353.9947157,0,0.3499999940395355,1,0,6,900,423158243,10,77,17.167827606201172,30.20000457763672,17.63640022277832,32.72587203979492,1,0,0.6000000238418579,0,0,0,0,0,8,0,1,0,8,99,1,3.75,0.0,19.20677947998047,28.40812110900879,1.5,0,55,0.0,0.0,0.0,0,0,0
1780683354.0158186,0,0.3499999940395355,1,0,6,900,423158243,10,77,17.167827606201172,28.400005340576172,17.97975730895996,33.29387283325195,1,0,0.6000000238418579,0,0,0,0,0,8,0,1,0,8,99,1,3.75,0.0,19.281818389892578,28.40812110900879,1.5,0,55,0.0,0.0,0.0,0,0,0
1780683354.0354378,0,0.3499999940395355,1,0,6,900,423158243,10,77,17.167827606201172,26.600006103515625,18.3231143951416,33.82587432861328,1,0,0.6000000238418579,0,0,0,0,0,8,0,1,0,8,99,1,3.75,0.0,19.35681915283203,28.40812110900879,1.5,0,55,0.0,0.0,0.0,0,0,0
1780683354.0550647,0,0.3499999940395355,1,0,6,900,423158243,10,77,17.167827606201172,24.800006866455078,18.666471481323242,34.32187271118164,1,0,0.6000000238418579,0,0,0,0,0,8,0,1,0,8,99,1,0.0,0.0,19.391971588134766,28.40812110900879,1.5,0,55,0.0,0.0,0.0,0,0,0
1780683354.0747948,0,0.3499999940395355,1,0,6,900,423158243,10,77,17.167827606201172,23.00000762939453,19.009828567504883,34.7818717956543,1,0,0.6000000238418579,0,0,0,0,0,8,0,1,0,8,99,1,0.0,0.0,19.391971588134766,28.40812110900879,1.5,0,55,0.0,0.0,0.0,0,0,0
1780683354.094753,0,0.3499999940395355,1,0,6,900,423158243,10,77,17.167827606201172,21.200008392333984,19.353185653686523,35.20587158203125,1,0,0.6000000238418579,0,0,0,0,0,8,0,1,0,8,99,1,0.0,0.0,19.391971588134766,28.40812110900879,1.5,0,55,0.0,0.0,0.0,0,0,0
1780683354.1146383,0,0.3499999940395355,1,0,6,900,423158243,10,77,17.167827606201172,19.400009155273438,19.696542739868164,35.5938720703125,1,0,0.6000000238418579,0,0,0,0,0,8,0,1,0,8,99,1,0.0,0.0,19.391971588134766,28.40812110900879,1.5,0,55,0.0,0.0,0.0,0,0,0
1780683354.1345973,0,0.3499999940395355,1,0,6,900,423158243,10,77,17.167827606201172,17.60000991821289,20.039899826049805,35.94587326049805,1,0,0.6000000238418579,0,0,0,0,0,8,0,1,0,8,99,1,0.0,0.0,19.391971588134766,28.40812110900879,1.5,0,55,0.0,0.0,0.0,0,0,0
1780683354.154748,0,0.3499999940395355,1,0,6,900,423158243,10,77,17.167827606201172,15.800010681152344,20.383256912231445,36.26187515258789,1,0,0.6000000238418579,0,0,0,0,0,8,0,1,0,8,99,1,0.0,0.0,19.391971588134766,28.40812110900879,1.5,0,55,0.0,0.0,0.0,0,0,0
1780683354.1751947,0,0.3499999940395355,0,0,6,900,423158243,10,77,17.167827606201172,14.000011444091797,20.726613998413086,36.541873931884766,1,0,0.6000000238418579,0,0,0,0,0,8,0,0,0,8,99,1,0.0,0.0,19.391971588134766,28.40812110900879,1.5,0,55,0.0,0.0,0.0,0,0,0
1780683354.194794,0,0.3499999940395355,0,0,6,900,423158243,10,77,17.167827606201172,12.20001220703125,21.069971084594727,36.78587341308594,1,0,0.6000000238418579,0,0,0,0,0,8,0,0,0,8,99,1,0.0,0.0,19.391971588134766,28.40812110900879,1.5,0,55,0.0,0.0,0.0,0,0,0
1780683354.214605,0,0.3499999940395355,0,0,6,900,423158243,10,77,17.167827606201172,10.400012969970703,21.413328170776367,36.993873596191406,1,0,0.6000000238418579,0,0,0,0,0,8,0,0,0,8,99,1,0.0,0.0,19.391971588134766,28.40812110900879,1.5,0,55,0.0,0.0,0.0,0,0,0
1780683354.2349155,0,0.3499999940395355,0,0,6,900,423158243,10,77,17.167827606201172,8.600013732910156,21.756685256958008,37.16587448120117,1,0,0.6000000238418579,0,0,0,0,0,8,0,0,0,8,99,1,0.0,0.0,19.391971588134766,28.40812110900879,1.5,0,55,0.0,0.0,0.0,0,0,0
1780683354.2547119,0,0.3499999940395355,0,0,6,900,423158243,10,77,17.167827606201172,6.800014495849609,22.10004234313965,37.301876068115234,1,0,0.6000000238418579,0,0,0,0,0,8,0,0,0,8,99,1,0.0,0.0,19.391971588134766,28.40812110900879,1.5,0,55,0.0,0.0,0.0,0,0,0
1780683354.2748983,0,0.3499999940395355,0,0,6,900,423158243,10,77,17.167827606201172,5.0000152587890625,22.44339942932129,37.40187454223633,1,0,0.6000000238418579,0,0,0,0,0,8,0,0,0,8,99,1,0.0,0.0,19.391971588134766,28.40812110900879,1.5,0,55,0.0,0.0,0.0,0,0,0
1780683354.2945955,0,0.3499999940395355,0,0,6,900,423158243,10,77,17.167827606201172,3.2000160217285156,22.78675651550293,37.46587371826172,1,0,0.6000000238418579,0,0,0,0,0,8,0,0,0,8,99,1,0.0,0.0,19.391971588134766,28.40812110900879,1.5,0,55,0.0,0.0,0.0,0,0,0
1780683354.3147264,0,0.3499999940395355,0,0,6,900,423158243,10,77,17.167827606201172,1.4000167846679688,23.13011360168457,37.493873596191406,1,0,0.6000000238418579,0,0,0,0,0,8,0,0,0,8,99,1,0.0,0.0,19.391971588134766,28.40812110900879,1.5,0,55,0.0,0.0,0.0,0,0,0
1780683354.3348498,0,0.3499999940395355,0,0,6,900,423158243,10,77,17.167827606201172,-0.3999824523925781,23.47347068786621,37.48587417602539,1,0,0.6000000238418579,0,0,0,0,0,8,0,0,0,8,99,1,0.0,0.0,19.391971588134766,28.40812110900879,1.5,0,55,0.0,0.0,0.0,0,0,0
1780683354.3545313,0,0.3499999940395355,0,0,6,900,423158243,14,77,0.0,0.0,23.81682777404785,37.44187545776367,1,0,0.6000000238418579,0,0,0,0,0,8,0,0,0,8,99,1,0.0,0.0,19.391971588134766,28.40812110900879,1.5,0,55,0.0,0.0,0.0,0,0,0
1780683354.3745732,0,0.3499999940395355,0,0,6,900,423158243,14,77,0.0,0.0,23.81682777404785,37.44187545776367,1,0,0.6000000238418579,0,0,0,0,0,8,0,0,0,8,99,1,0.0,0.0,19.391971588134766,28.40812110900879,1.5,0,55,0.0,0.0,0.0,0,0,0
1780683354.394755,0,0.3499999940395355,0,0,6,900,423158243,14,77,0.0,0.0,23.81682777404785,37.44187545776367,1,0,0.6000000238418579,0,0,0,0,0,8,0,0,0,8,99,1,0.0,0.0,19.391971588134766,28.40812110900879,1.5,0,55,0.0,0.0,0.0,0,0,0
1780683354.414739,0,0.3499999940395355,0,0,6,900,423158243,14,77,0.0,0.0,23.81682777404785,37.44187545776367,1,0,0.6000000238418579,0,0,0,0,0,8,0,0,0,8,99,1,0.0,0.0,19.391971588134766,28.40812110900879,1.5,0,55,0.0,0.0,0.0,0,0,0
1780683354.4346921,0,0.3499999940395355,0,0,6,900,423158243,14,77,0.0,0.0,23.81682777404785,37.44187545776367,1,0,0.6000000238418579,0,0,0,0,0,8,0,0,0,8,99,1,0.0,0.0,19.391971588134766,28.40812110900879,1.5,0,55,1.0,0.0,0.0,0,0,0
1780683354.4550006,0,0.3499999940395355,0,0,6,900,423158243,14,77,0.0,0.0,23.81682777404785,37.44187545776367,1,0,0.6000000238418579,0,0,0,0,0,8,0,0,0,8,99,1,0.0,0.0,19.391971588134766,28.40812110900879,1.5,0,55,1.0,-1.0,0.0,0,0,0
1780683354.4749837,0,0.3499999940395355,0,0,6,900,423158243,14,77,0.0,0.0,23.81682777404785,37.44187545776367,1,0,0.6000000238418579,0,0,1,0,0,8,0,0,0,8,99,1,8.300000190734863,0.0,19.480091094970703,28.40812110900879,1.5,0,55,1.0,-1.0,0.0,0,0,0
1780683354.4948585,0,0.3499999940395355,0,0,6,900,423158243,14,77,0.0,0.0,23.81682777404785,37.44187545776367,1,0,0.6000000238418579,0,0,1,0,0,8,0,0,0,8,99,1,8.300000190734863,0.0,19.646093368530273,28.40812110900879,1.5,0,55,1.0,-1.0,0.0,0,0,0
1780683354.5145664,0,0.3499999940395355,0,0,6,900,423158243,14,77,0.0,0.0,23.81682777404785,37.44187545776367,1,0,0.6000000238418579,0,0,1,0,0,8,0,0,0,8,99,1,8.300000190734863,0.0,19.812089920043945,28.40812110900879,1.5,0,55,1.0,-1.0,0.0,0,0,0
1780683354.5349274,0,0.3499999940395355,0,0,6,900,423158243,14,77,0.0,0.0,23.81682777404785,37.44187545776367,1,0,0.6000000238418579,0,0,1,0,0,8,0,0,0,8,99,1,8.300000190734863,0.0,19.978174209594727,28.40812110900879,1.5,0,55,1.0,-1.0,0.0,0,0,0
1780683354.5550737,0,0.3499999940395355,0,0,6,900,423158243,14,77,0.0,0.0,23.81682777404785,37.44187545776367,1,0,0.6000000238418579,0,0,1,0,0,8,0,0,0,8,99,1,8.300000190734863,0.0,20.14417266845703,28.40812110900879,1.5,0,55,1.0,-1.0,0.0,0,0,0
1780683354.574668,0,0.3499999940395355,0,0,6,900,423158243,14,77,0.0,0.0,23.81682777404785,37.44187545776367,1,0,0.6000000238418579,0,0,1,0,0,8,0,0,0,8,99,1,8.300000190734863,0.0,20.31017303466797,28.40812110900879,1.5,0,55,1.0,-1.0,0.0,0,0,0
1780683354.5950713,0,0.3499999940395355,0,0,6,900,423158243,14,77,0.0,0.0,23.81682777404785,37.44187545776367,1,0,0.6000000238418579,0,0,1,0,0,8,0,0,0,8,99,1,8.300000190734863,0.0,20.476173400878906,28.40812110900879,1.5,0,55,1.0,-1.0,0.0,0,0,0
1780683354.614731,0,0.3499999940395355,0,0,6,900,423158243,14,77,0.0,0.0,23.81682777404785,37.44187545776367,1,0,0.6000000238418579,0,0,1,0,0,8,0,0,0,8,99,1,8.300000190734863,0.0,20.642093658447266,28.40812110900879,1.5,0,55,1.0,-1.0,0.0,0,0,0
1780683354.6348507,0,0.3499999940395355,0,0,6,900,423158243,14,77,0.0,0.0,23.81682777404785,37.44187545776367,1,0,0.6000000238418579,0,0,1,0,0,8,0,0,0,8,99,1,8.300000190734863,0.0,20.808090209960938,28.40812110900879,1.5,0,55,1.0,-1.0,0.0,0,0,0
1780683354.6547596,0,0.3499999940395355,0,0,6,900,423158243,14,77,0.0,0.0,23.81682777404785,37.44187545776367,1,0,0.6000000238418579,0,0,1,0,0,8,0,0,0,8,99,1,8.300000190734863,0.0,20.974090576171875,28.40812110900879,1.5,0,55,1.0,-1.0,0.0,0,0,0
1780683354.675016,0,0.3499999940395355,0,0,6,900,423158243,14,77,0.0,0.0,23.81682777404785,37.44187545776367,1,0,0.6000000238418579,0,0,1,0,0,8,0,0,0,8,99,1,8.300000190734863,0.0,21.140092849731445,28.40812110900879,1.5,0,55,1.0,-1.0,0.0,0,0,0
1780683354.694482,0,0.3499999940395355,0,0,6,900,423158243,14,77,0.0,0.0,23.81682777404785,37.44187545776367,1,0,0.6000000238418579,0,0,1,0,0,8,0,0,0,8,99,1,8.300000190734863,0.0,21.306095123291016,28.40812110900879,1.5,0,55,1.0,-1.0,0.0,0,0,0
1780683354.7143133,0,0.3499999940395355,0,0,6,900,423158243,14,77,0.0,0.0,23.81682777404785,37.44187545776367,1,0,0.6000000238418579,0,0,1,0,0,8,0,0,0,8,99,1,8.300000190734863,0.0,21.472095489501953,28.40812110900879,1.5,0,55,1.0,-1.0,0.0,0,0,0
1780683354.734683,0,0.3499999940395355,0,0,6,900,423158243,14,77,0.0,0.0,23.81682777404785,37.44187545776367,1,0,0.6000000238418579,0,0,1,0,0,8,0,0,0,8,99,1,8.300000190734863,0.0,21.638093948364258,28.40812110900879,1.5,0,55,1.0,-1.0,0.0,0,0,0
1780683354.7550218,0,0.3499999940395355,0,0,6,900,423158243,14,77,0.0,0.0,23.81682777404785,37.44187545776367,1,0,0.6000000238418579,0,0,1,0,0,8,0,0,0,8,99,1,8.300000190734863,0.0,21.80417251586914,28.40812110900879,1.5,0,55,1.0,-1.0,0.0,0,0,0
1780683354.7747827,0,0.3499999940395355,0,0,6,900,423158243,14,77,0.0,0.0,23.81682777404785,37.44187545776367,1,0,0.6000000238418579,0,0,1,0,0,8,0,0,0,8,99,1,8.300000190734863,0.0,21.9700927734375,28.40812110900879,1.5,0,55,1.0,-1.0,0.0,0,0,0
1780683354.794535,0,0.3499999940395355,0,0,6,900,423158243,15,77,-12.62975025177002,-27.21193504333496,23.81682777404785,37.44187545776367,1,0,0.6000000238418579,0,0,1,0,0,8,0,0,0,8,99,1,8.300000190734863,0.0,22.136093139648438,28.40812110900879,1.5,0,55,1.0,-1.0,0.0,0,0,0
1780683354.8147242,0,0.3499999940395355,0,0,6,900,423158243,15,77,-12.62975025177002,-27.21193504333496,23.564233779907227,36.89763641357422,1,0,0.6000000238418579,0,0,1,0,0,8,0,0,0,8,99,1,8.300000190734863,0.0,22.302093505859375,28.40812110900879,1.5,0,55,1.0,-1.0,0.0,0,0,0
1780683354.834801,0,0.3499999940395355,0,0,6,900,423158243,15,77,-12.62975025177002,-27.21193504333496,23.3116397857666,36.353397369384766,1,0,0.6000000238418579,0,0,1,0,0,8,0,0,0,8,99,1,8.300000190734863,0.0,22.46809196472168,28.40812110900879,1.5,0,55,1.0,0.0,0.0,0,0,0
1780683354.8546257,0,0.3499999940395355,0,0,6,900,423158243,15,77,-12.62975025177002,-27.21193504333496,23.059045791625977,35.80915832519531,1,0,0.6000000238418579,0,0,1,0,0,8,0,0,0,8,99,1,8.300000190734863,0.0,22.634092330932617,28.40812110900879,1.5,0,55,0.0,0.0,0.0,0,0,0
1780683354.8747823,0,0.3499999940395355,0,0,6,900,423158243,15,77,-12.62975025177002,-27.21193504333496,22.80645179748535,35.26491928100586,1,0,0.6000000238418579,0,0,1,0,0,8,0,0,0,8,99,1,0.0,0.0,22.711978912353516,28.40812110900879,1.5,0,55,0.0,0.0,0.0,0,0,0
1780683354.8947184,0,0.3499999940395355,0,0,6,900,423158243,15,77,-12.62975025177002,-27.21193504333496,22.553857803344727,34.720680236816406,1,0,0.6000000238418579,0,0,1,0,0,8,0,0,0,8,99,1,0.0,0.0,22.711978912353516,28.40812110900879,1.5,0,55,0.0,0.0,0.0,0,0,0
1780683354.9147396,0,0.3499999940395355,0,0,6,900,423158243,15,77,-12.62975025177002,-27.21193504333496,22.3012638092041,34.17644119262695,1,0,0.6000000238418579,0,0,1,0,0,8,0,0,0,8,99,1,0.0,0.0,22.711978912353516,28.40812110900879,1.5,0,55,0.0,0.0,0.0,0,0,0
1780683354.936064,0,0.3499999940395355,0,0,6,900,423158243,15,77,-12.62975025177002,-27.21193504333496,22.048669815063477,33.6322021484375,1,0,0.6000000238418579,0,0,1,0,0,8,0,0,0,8,99,1,0.0,0.0,22.711978912353516,28.40812110900879,1.5,0,55,0.0,0.0,0.0,0,0,0
1780683354.9552243,0,0.3499999940395355,0,0,6,900,423158243,15,77,-12.62975025177002,-27.21193504333496,21.79607582092285,33.08796310424805,1,0,0.6000000238418579,0,0,1,0,0,8,0,0,0,8,99,1,0.0,0.0,22.711978912353516,28.40812110900879,1.5,0,55,0.0,0.0,0.0,0,0,0
1780683354.9748654,0,0.3499999940395355,0,0,6,900,423158243,15,77,-12.62975025177002,-27.21193504333496,21.543481826782227,32.543724060058594,1,0,0.6000000238418579,0,0,1,0,0,8,0,0,0,8,99,1,0.0,0.0,22.711978912353516,28.40812110900879,1.5,0,55,0.0,0.0,0.0,0,0,0
1780683354.9946826,0,0.3499999940395355,0,0,6,900,423158243,15,77,-12.62975025177002,-27.21193504333496,21.2908878326416,31.99948501586914,1,0,0.6000000238418579,0,0,1,0,0,8,0,0,0,8,99,1,0.0,0.0,22.711978912353516,28.40812110900879,1.5,0,55,-1.0,0.0,0.0,0,0,0
1780683355.0149183,0,0.3499999940395355,0,0,6,900,423158243,15,77,-12.62975025177002,-27.21193504333496,21.038293838500977,31.455245971679688,1,0,0.6000000238418579,0,0,1,0,0,8,0,0,0,8,99,1,0.0,0.0,22.711978912353516,28.40812110900879,1.5,0,55,-1.0,1.0,0.0,0,0,0
1780683355.0347157,0,0.3499999940395355,0,0,6,900,423158243,15,77,-12.62975025177002,-27.21193504333496,20.78569984436035,30.911006927490234,1,0,0.6000000238418579,0,0,1,0,0,8,0,0,0,8,99,1,0.0,0.0,22.711978912353516,28.40812110900879,1.5,0,55,-1.0,1.0,0.0,0,0,0
1780683355.0556169,0,0.3499999940395355,0,0,6,900,423158243,15,77,-12.62975025177002,-27.21193504333496,20.533105850219727,30.36676788330078,1,0,0.6000000238418579,0,0,0,0,0,8,0,0,0,8,99,1,-8.300000190734863,0.0,22.62387466430664,28.40812110900879,1.5,0,55,-1.0,1.0,0.0,0,0,0
1780683355.075254,0,0.3499999940395355,0,0,6,900,423158243,15,77,-12.62975025177002,-27.21193504333496,20.2805118560791,29.822528839111328,1,0,0.6000000238418579,0,0,0,0,0,8,0,0,0,8,99,1,-8.300000190734863,0.0,22.457794189453125,28.40812110900879,1.5,0,55,-1.0,1.0,0.0,0,0,0
1780683355.0948663,0,0.3499999940395355,0,0,6,900,423158243,15,77,-12.62975025177002,-27.21193504333496,20.027917861938477,29.278289794921875,1,0,0.6000000238418579,0,0,0,0,0,8,0,0,0,8,99,1,-8.300000190734863,0.0,22.291791915893555,28.40812110900879,1.5,0,55,-1.0,1.0,0.0,0,0,0
1780683355.1149049,0,0.3499999940395355,0,0,6,900,423158243,15,77,-12.62975025177002,-27.21193504333496,19.77532386779785,28.734050750732422,1,0,0.6000000238418579,0,0,0,0,0,8,0,0,0,8,99,1,-8.300000190734863,0.0,22.12579345703125,28.40812110900879,1.5,0,55,-1.0,1.0,0.0,0,0,0
1780683355.134786,0,0.3499999940395355,0,0,6,900,423158243,15,77,-12.62975025177002,-27.21193504333496,19.522729873657227,28.18981170654297,1,0,0.6000000238418579,0,0,0,0,0,8,0,0,0,8,99,1,-8.300000190734863,0.0,21.95987319946289,28.40812110900879,1.5,0,55,-1.0,1.0,0.0,0,0,0
1780683355.1550515,0,0.3499999940395355,0,0,6,900,423158243,15,77,-12.62975025177002,-27.21193504333496,19.2701358795166,27.645572662353516,1,0,0.6000000238418579,0,0,0,0,0,8,0,0,0,8,99,1,-8.300000190734863,0.0,21.79387664794922,28.40812110900879,1.5,0,55,-1.0,1.0,0.0,0,0,0
1780683355.1751897,0,0.3499999940395355,0,0,6,900,423158243,47,77,-10.103800773620605,0.0,19.017541885375977,27.549999237060547,1,0,0.6000000238418579,0,0,0,0,0,8,0,0,0,8,99,1,-8.300000190734863,0.0,21.62787628173828,28.40812110900879,1.5,0,55,-1.0,1.0,0.0,0,0,0
1780683355.1948953,0,0.3499999940395355,1,0,6,900,423158243,47,77,-8.083041191101074,0.0,18.855880737304688,28.295839309692383,0,0,0.6000000238418579,0,0,0,0,0,8,0,1,0,8,99,1,-8.300000190734863,0.0,21.461877822875977,28.40812110900879,1.5,0,55,-1.0,0.0,0.0,0,0,1
1780683355.2152433,0,0.3499999940395355,1,0,6,900,423158243,47,77,-6.466433048248291,0.0,18.726552963256836,28.492136001586914,0,0,0.6000000238418579,0,0,0,0,0,8,0,1,0,8,99,1,-8.300000190734863,0.0,21.295883178710938,28.40812110900879,1.5,0,55,-1.0,0.0,0.0,0,0,1
1780683355.7072031,0,0.3499999940395355,1,0,6,900,423158243,47,77,-6.466433048248291,0.0,18.726552963256836,28.492136001586914,0,0,0.6000000238418579,0,0,0,0,0,8,0,1,0,8,99,1,3.75,0.0,21.1298828125,28.40812110900879,1.5,0,66,0.0,0.0,0.0,0,0,0
1780683355.7258446,0,0.3499999940395355,1,0,6,900,423158243,47,77,-6.466433048248291,0.0,18.726552963256836,28.492136001586914,0,0,0.6000000238418579,0,0,0,0,0,8,0,1,0,8,99,1,3.75,0.0,21.091739654541016,28.40812110900879,1.5,0,66,0.0,0.0,0.0,0,0,0
1780683355.744445,0,0.3499999940395355,1,0,6,900,423158243,47,77,-6.466433048248291,0.0,18.726552963256836,28.492136001586914,0,0,0.6000000238418579,0,0,0,0,0,8,0,1,0,8,99,1,3.75,0.0,21.166738510131836,28.40812110900879,1.5,0,66,0.0,0.0,0.0,0,0,0
1780683355.7648048,0,0.3499999940395355,1,0,6,900,423158243,47,77,-6.466433048248291,0.0,18.726552963256836,28.492136001586914,0,0,0.6000000238418579,0,0,0,0,0,8,0,1,0,8,99,1,3.75,0.0,21.241775512695312,28.40812110900879,1.5,0,66,0.0,0.0,0.0,0,0,0
1780683355.7850146,0,0.3499999940395355,1,0,6,900,423158243,47,77,-6.466433048248291,0.0,18.726552963256836,28.492136001586914,1,0,0.6000000238418579,0,0,0,0,0,8,0,1,0,8,99,1,3.75,0.0,21.316776275634766,28.40812110900879,1.5,0,66,0.0,0.0,0.0,0,0,0
1780683355.8047662,0,0.3499999940395355,1,0,6,900,423158243,47,77,-6.466433048248291,0.0,18.726552963256836,28.492136001586914,1,0,0.6000000238418579,0,0,0,0,0,8,0,1,0,8,99,1,3.75,0.0,21.391775131225586,28.40812110900879,1.5,0,66,0.0,0.0,0.0,0,0,0
1780683355.8246644,0,0.3499999940395355,1,0,6,900,423158243,47,77,-6.466433048248291,0.0,18.726552963256836,28.492136001586914,1,0,0.6000000238418579,0,0,0,0,0,8,0,1,0,8,99,1,3.75,0.0,21.466773986816406,28.40812110900879,1.5,0,66,0.0,0.0,0.0,0,0,0
1780683355.8447695,0,0.3499999940395355,1,0,6,900,423158243,47,77,-6.466433048248291,0.0,18.726552963256836,28.492136001586914,1,0,0.6000000238418579,0,0,0,0,0,8,0,1,0,8,99,1,3.75,0.0,21.54177474975586,28.40812110900879,1.5,0,66,0.0,0.0,0.0,0,0,0
1780683355.8646977,0,0.3499999940395355,1,0,6,900,423158243,47,77,-6.466433048248291,0.0,18.726552963256836,28.492136001586914,1,0,0.6000000238418579,0,0,0,0,0,8,0,1,0,8,99,1,3.75,0.0,21.616775512695312,28.40812110900879,1.5,0,66,0.0,0.0,0.0,0,0,0
1780683355.8847668,0,0.3499999940395355,1,0,6,900,423158243,47,77,-6.466433048248291,0.0,18.726552963256836,28.492136001586914,1,0,0.6000000238418579,0,0,0,0,0,8,0,1,0,8,99,1,3.75,0.0,21.691776275634766,28.40812110900879,1.5,0,66,0.0,0.0,0.0,0,0,0
1780683355.904893,0,0.3499999940395355,1,0,6,900,423158243,47,77,-6.466433048248291,0.0,18.726552963256836,28.492136001586914,1,0,0.6000000238418579,0,0,0,0,0,8,0,1,0,8,99,1,0.0,0.0,21.72698211669922,28.40812110900879,1.5,0,66,0.0,0.0,0.0,0,0,0
1780683355.9250894,0,0.3499999940395355,1,0,6,900,423158243,47,77,-6.466433048248291,0.0,18.726552963256836,28.492136001586914,1,0,0.6000000238418579,0,0,0,0,0,8,0,1,0,8,99,1,0.0,0.0,21.72698211669922,28.40812110900879,1.5,0,66,0.0,0.0,0.0,0,0,0
1780683355.9448109,0,0.3499999940395355,1,0,6,900,423158243,47,77,-6.466433048248291,0.0,18.726552963256836,28.492136001586914,1,0,0.6000000238418579,0,0,0,0,0,8,0,1,0,8,99,1,0.0,0.0,21.72698211669922,28.40812110900879,1.5,0,66,0.0,0.0,0.0,0,0,0
1780683355.9644206,0,0.3499999940395355,1,0,6,900,423158243,47,77,-6.466433048248291,0.0,18.726552963256836,28.492136001586914,1,0,0.6000000238418579,0,0,0,0,0,8,0,1,0,8,99,1,0.0,0.0,21.72698211669922,28.40812110900879,1.5,0,66,0.0,0.0,0.0,0,0,0
1780683355.9853399,0,0.3499999940395355,1,0,6,900,423158243,47,77,-6.466433048248291,0.0,18.726552963256836,28.492136001586914,1,0,0.6000000238418579,0,0,0,0,0,8,0,1,0,8,99,1,0.0,0.0,21.72698211669922,28.40812110900879,1.5,0,66,0.0,0.0,0.0,0,0,0
1780683356.0047393,0,0.3499999940395355,1,0,6,900,423158243,47,77,-6.466433048248291,0.0,18.726552963256836,28.492136001586914,1,0,0.6000000238418579,0,0,0,0,0,8,0,1,0,8,99,1,0.0,0.0,21.72698211669922,28.40812110900879,1.5,0,66,0.0,0.0,0.0,0,0,0
1780683356.0247622,0,0.3499999940395355,0,0,6,900,423158243,47,77,-6.466433048248291,0.0,18.726552963256836,28.492136001586914,1,0,0.6000000238418579,0,0,0,0,0,8,0,0,0,8,99,1,0.0,0.0,21.72698211669922,28.40812110900879,1.5,0,66,0.0,0.0,0.0,0,0,0
1780683356.04486,0,0.3499999940395355,0,0,6,900,423158243,47,77,-6.466433048248291,0.0,18.726552963256836,28.492136001586914,1,0,0.6000000238418579,0,0,0,0,0,8,0,0,0,8,99,1,0.0,0.0,21.72698211669922,28.40812110900879,1.5,0,66,0.0,0.0,0.0,0,0,0
1780683356.0649762,0,0.3499999940395355,0,0,6,900,423158243,47,77,-6.466433048248291,0.0,18.726552963256836,28.492136001586914,1,0,0.6000000238418579,0,0,0,0,0,8,0,0,0,8,99,1,0.0,0.0,21.72698211669922,28.40812110900879,1.5,0,66,0.0,0.0,0.0,0,0,0
1780683356.0849907,0,0.3499999940395355,0,0,6,900,423158243,47,77,-6.466433048248291,0.0,18.726552963256836,28.492136001586914,1,0,0.6000000238418579,0,0,0,0,0,8,0,0,0,8,99,1,0.0,0.0,21.72698211669922,28.40812110900879,1.5,0,66,0.0,0.0,0.0,0,0,0
1780683356.1047914,0,0.3499999940395355,0,0,6,900,423158243,47,77,-6.466433048248291,0.0,18.726552963256836,28.492136001586914,1,0,0.6000000238418579,0,0,0,0,0,8,0,0,0,8,99,1,0.0,0.0,21.72698211669922,28.40812110900879,1.5,0,66,0.0,0.0,0.0,0,0,0
1780683356.1250908,0,0.3499999940395355,0,0,6,900,423158243,47,77,-6.466433048248291,0.0,18.726552963256836,28.492136001586914,1,0,0.6000000238418579,0,0,0,0,0,8,0,0,0,8,99,1,0.0,0.0,21.72698211669922,28.40812110900879,1.5,0,66,0.0,0.0,0.0,0,0,0
1780683356.1445518,0,0.3499999940395355,0,0,6,900,423158243,47,77,-6.466433048248291,0.0,18.726552963256836,28.492136001586914,1,0,0.6000000238418579,0,0,0,0,0,8,0,0,0,8,99,1,0.0,0.0,21.72698211669922,28.40812110900879,1.5,0,66,0.0,0.0,0.0,0,0,0
1780683356.1648061,0,0.3499999940395355,0,0,6,900,423158243,47,77,-6.466433048248291,0.0,18.726552963256836,28.492136001586914,1,0,0.6000000238418579,0,0,0,0,0,8,0,0,0,8,99,1,0.0,0.0,21.72698211669922,28.40812110900879,1.5,0,66,0.0,0.0,0.0,0,0,0
1780683356.1848805,0,0.3499999940395355,0,0,6,900,423158243,47,77,-6.466433048248291,0.0,18.726552963256836,28.492136001586914,1,0,0.6000000238418579,0,0,0,0,0,8,0,0,0,8,99,1,0.0,0.0,21.72698211669922,28.40812110900879,1.5,0,66,0.0,0.0,0.0,0,0,0
1780683356.2048595,0,0.3499999940395355,0,0,6,900,423158243,47,77,-6.466433048248291,0.0,18.726552963256836,28.492136001586914,1,0,0.6000000238418579,0,0,0,0,0,8,0,0,0,8,99,1,0.0,0.0,21.72698211669922,28.40812110900879,1.5,0,66,0.0,0.0,0.0,0,0,0
1780683356.2248566,0,0.3499999940395355,0,0,6,900,423158243,47,77,-6.466433048248291,0.0,18.726552963256836,28.492136001586914,1,0,0.6000000238418579,0,0,0,0,0,8,0,0,0,8,99,1,0.0,0.0,21.72698211669922,28.40812110900879,1.5,0,66,0.0,0.0,0.0,0,0,0
1780683356.2449622,0,0.3499999940395355,0,0,6,900,423158243,47,77,-6.466433048248291,0.0,18.726552963256836,28.492136001586914,1,0,0.6000000238418579,0,0,0,0,0,8,0,0,0,8,99,1,0.0,0.0,21.72698211669922,28.40812110900879,1.5,0,66,0.0,0.0,0.0,0,0,0
1780683356.2650695,0,0.3499999940395355,0,0,6,900,423158243,47,77,-6.466433048248291,0.0,18.726552963256836,28.492136001586914,1,0,0.6000000238418579,0,0,0,0,0,8,0,0,0,8,99,1,0.0,0.0,21.72698211669922,28.40812110900879,1.5,0,66,0.0,0.0,0.0,0,0,0
1780683356.2850444,0,0.3499999940395355,0,0,6,900,423158243,47,77,-6.466433048248291,0.0,18.726552963256836,28.492136001586914,1,0,0.6000000238418579,0,0,0,0,0,8,0,0,0,8,99,1,0.0,0.0,21.72698211669922,28.40812110900879,1.5,0,66,0.0,0.0,0.0,0,0,0
1780683356.3049455,0,0.3499999940395355,0,0,6,900,423158243,47,77,-6.466433048248291,0.0,18.726552963256836,28.492136001586914,1,0,0.6000000238418579,0,0,0,0,0,8,0,0,0,8,99,1,0.0,0.0,21.72698211669922,28.40812110900879,1.5,0,66,0.0,0.0,0.0,0,0,0
1780683356.3251305,0,0.3499999940395355,0,0,6,900,423158243,47,77,-6.466433048248291,0.0,18.726552963256836,28.492136001586914,1,0,0.6000000238418579,0,0,0,0,0,8,0,0,0,8,99,1,0.0,0.0,21.72698211669922,28.40812110900879,1.5,0,66,0.0,0.0,0.0,0,0,0
1780683356.3446949,0,0.3499999940395355,0,0,6,900,423158243,47,77,-6.466433048248291,0.0,18.726552963256836,28.492136001586914,1,0,0.6000000238418579,0,0,0,0,0,8,0,0,0,8,99,1,0.0,0.0,21.72698211669922,28.40812110900879,1.5,0,66,0.0,0.0,0.0,0,0,0
1780683356.364665,0,0.3499999940395355,0,0,6,900,423158243,47,77,-6.466433048248291,0.0,18.726552963256836,28.492136001586914,1,0,0.6000000238418579,0,0,0,0,0,8,0,0,0,8,99,1,0.0,0.0,21.72698211669922,28.40812110900879,1.5,0,66,0.0,0.0,0.0,0,0,0
1780683356.3849623,0,0.3499999940395355,0,0,6,900,423158243,47,77,-6.466433048248291,0.0,18.726552963256836,28.492136001586914,1,0,0.6000000238418579,0,0,0,0,0,8,0,0,0,8,99,1,0.0,0.0,21.72698211669922,28.40812110900879,1.5,0,66,0.0,0.0,0.0,0,0,0
1780683356.4048119,0,0.3499999940395355,0,0,6,900,423158243,47,77,-6.466433048248291,0.0,18.726552963256836,28.492136001586914,1,0,0.6000000238418579,0,0,0,0,0,8,0,0,0,8,99,1,0.0,0.0,21.72698211669922,28.40812110900879,1.5,0,66,0.0,0.0,0.0,0,0,0
1780683356.424646,0,0.3499999940395355,0,0,6,900,423158243,47,77,-6.466433048248291,0.0,18.726552963256836,28.492136001586914,1,0,0.6000000238418579,0,0,0,0,0,8,0,0,0,8,99,1,0.0,0.0,21.72698211669922,28.40812110900879,1.5,0,66,0.0,0.0,0.0,0,0,0
1780683356.4446607,0,0.3499999940395355,0,0,6,900,423158243,47,77,-6.466433048248291,0.0,18.726552963256836,28.492136001586914,1,0,0.6000000238418579,0,0,0,0,0,8,0,0,0,8,99,1,0.0,0.0,21.72698211669922,28.40812110900879,1.5,0,66,0.0,0.0,0.0,0,0,0
1780683356.464895,0,0.3499999940395355,0,0,6,900,423158243,47,77,-6.466433048248291,0.0,18.726552963256836,28.492136001586914,1,0,0.6000000238418579,0,0,0,0,0,8,0,0,0,8,99,1,0.0,0.0,21.72698211669922,28.40812110900879,1.5,0,66,0.0,0.0,0.0,0,0,0
1780683356.4847667,0,0.3499999940395355,0,0,6,900,423158243,47,77,-6.466433048248291,0.0,18.726552963256836,28.492136001586914,1,0,0.6000000238418579,0,0,0,0,0,8,0,0,0,8,99,1,0.0,0.0,21.72698211669922,28.40812110900879,1.5,0,66,0.0,0.0,0.0,0,0,0
1780683356.5049112,0,0.3499999940395355,0,0,6,900,423158243,47,77,-6.466433048248291,0.0,18.726552963256836,28.492136001586914,1,0,0.6000000238418579,0,0,0,0,0,8,0,0,0,8,99,1,0.0,0.0,21.72698211669922,28.40812110900879,1.5,0,66,0.0,0.0,0.0,0,0,0
1780683356.525058,0,0.3499999940395355,0,0,6,900,423158243,47,77,-6.466433048248291,0.0,18.726552963256836,28.492136001586914,1,0,0.6000000238418579,0,0,0,0,0,8,0,0,0,8,99,1,0.0,0.0,21.72698211669922,28.40812110900879,1.5,0,66,0.0,0.0,0.0,0,0,0
1780683356.544552,0,0.3499999940395355,0,0,6,900,423158243,47,77,-6.466433048248291,0.0,18.726552963256836,28.492136001586914,1,0,0.6000000238418579,0,0,0,0,0,8,0,0,0,8,99,1,0.0,0.0,21.72698211669922,28.40812110900879,1.5,0,66,0.0,0.0,0.0,0,0,0
1780683356.5647476,0,0.3499999940395355,0,0,6,900,423158243,47,77,-6.466433048248291,0.0,18.726552963256836,28.492136001586914,1,0,0.6000000238418579,0,0,0,0,0,8,0,0,0,8,99,1,0.0,0.0,21.72698211669922,28.40812110900879,1.5,0,66,0.0,0.0,0.0,0,0,0
1780683356.5851538,0,0.3499999940395355,0,0,6,900,423158243,47,77,-6.466433048248291,0.0,18.726552963256836,28.492136001586914,1,0,0.6000000238418579,0,0,0,0,0,8,0,0,0,8,99,1,0.0,0.0,21.72698211669922,28.40812110900879,1.5,0,66,0.0,0.0,0.0,0,0,0
1780683356.604922,0,0.3499999940395355,0,0,6,900,423158243,47,77,-6.466433048248291,0.0,18.726552963256836,28.492136001586914,1,0,0.6000000238418579,0,0,0,0,0,8,0,0,0,8,99,1,0.0,0.0,21.72698211669922,28.40812110900879,1.5,0,66,0.0,0.0,0.0,0,0,0
1780683356.6245093,0,0.3499999940395355,0,0,6,900,423158243,47,77,-6.466433048248291,0.0,18.726552963256836,28.492136001586914,1,0,0.6000000238418579,0,0,0,0,0,8,0,0,0,8,99,1,0.0,0.0,21.72698211669922,28.40812110900879,1.5,0,66,0.0,0.0,0.0,0,0,0
1780683356.6446004,0,0.3499999940395355,0,0,6,900,423158243,47,77,-6.466433048248291,0.0,18.726552963256836,28.492136001586914,1,0,0.6000000238418579,0,0,0,0,0,8,0,0,0,8,99,1,0.0,0.0,21.72698211669922,28.40812110900879,1.5,0,66,0.0,0.0,0.0,0,0,0
1780683356.6649685,0,0.3499999940395355,0,0,6,900,423158243,47,77,-6.466433048248291,0.0,18.726552963256836,28.492136001586914,1,0,0.6000000238418579,0,0,0,0,0,8,0,0,0,8,99,1,0.0,0.0,21.72698211669922,28.40812110900879,1.5,0,66,0.0,0.0,0.0,0,0,0
1780683356.6849546,0,0.3499999940395355,0,0,6,900,423158243,47,77,-6.466433048248291,0.0,18.726552963256836,28.492136001586914,1,0,0.6000000238418579,0,0,0,0,0,8,0,0,0,8,99,1,0.0,0.0,21.72698211669922,28.40812110900879,1.5,0,66,0.0,0.0,0.0,0,0,0
1780683356.7046833,0,0.3499999940395355,0,0,6,900,423158243,47,77,-6.466433048248291,0.0,18.726552963256836,28.492136001586914,1,0,0.6000000238418579,0,0,0,0,0,8,0,0,0,8,99,1,0.0,0.0,21.72698211669922,28.40812110900879,1.5,0,66,0.0,0.0,0.0,0,0,0
1780683356.7249851,0,0.3499999940395355,0,0,6,900,423158243,47,77,-6.466433048248291,0.0,18.726552963256836,28.492136001586914,1,0,0.6000000238418579,0,0,0,0,0,8,0,0,0,8,99,1,0.0,0.0,21.72698211669922,28.40812110900879,1.5,0,66,0.0,0.0,0.0,0,0,0
1780683356.7447257,0,0.3499999940395355,0,0,6,900,423158243,47,77,-6.466433048248291,0.0,18.726552963256836,28.492136001586914,1,0,0.6000000238418579,0,0,0,0,0,8,0,0,0,8,99,1,0.0,0.0,21.72698211669922,28.40812110900879,1.5,0,66,0.0,0.0,0.0,0,0,0
1780683356.764469,0,0.3499999940395355,0,0,6,900,423158243,47,77,-6.466433048248291,0.0,18.726552963256836,28.492136001586914,1,0,0.6000000238418579,0,0,0,0,0,8,0,0,0,8,99,1,0.0,0.0,21.72698211669922,28.40812110900879,1.5,0,66,0.0,0.0,0.0,0,0,0
1780683356.7849302,0,0.3499999940395355,0,0,6,900,423158243,47,77,-6.466433048248291,0.0,18.726552963256836,28.492136001586914,1,0,0.6000000238418579,0,0,0,0,0,8,0,0,0,8,99,1,0.0,0.0,21.72698211669922,28.40812110900879,1.5,0,66,0.0,0.0,0.0,0,0,0
1780683356.8049426,0,0.3499999940395355,0,0,6,900,423158243,47,77,-6.466433048248291,0.0,18.726552963256836,28.492136001586914,1,0,0.6000000238418579,0,0,0,0,0,8,0,0,0,8,99,1,0.0,0.0,21.72698211669922,28.40812110900879,1.5,0,66,0.0,0.0,0.0,0,0,0
1780683356.8249645,0,0.3499999940395355,0,0,6,900,423158243,47,77,-6.466433048248291,0.0,18.726552963256836,28.492136001586914,1,0,0.6000000238418579,0,0,0,0,0,8,0,0,0,8,99,1,0.0,0.0,21.72698211669922,28.40812110900879,1.5,0,66,0.0,0.0,0.0,0,0,0
1780683356.8448129,0,0.3499999940395355,0,0,6,900,423158243,47,77,-6.466433048248291,0.0,18.726552963256836,28.492136001586914,1,0,0.6000000238418579,0,0,0,0,0,8,0,0,0,8,99,1,0.0,0.0,21.72698211669922,28.40812110900879,1.5,0,66,0.0,0.0,0.0,0,0,0
1780683356.8648322,0,0.3499999940395355,0,0,6,900,423158243,47,77,-6.466433048248291,0.0,18.726552963256836,28.492136001586914,1,0,0.6000000238418579,0,0,0,0,0,8,0,0,0,8,99,1,0.0,0.0,21.72698211669922,28.40812110900879,1.5,0,66,0.0,0.0,0.0,0,0,0
1780683356.8848712,0,0.3499999940395355,0,0,6,900,423158243,47,77,-6.466433048248291,0.0,18.726552963256836,28.492136001586914,1,0,0.6000000238418579,0,0,0,0,0,8,0,0,0,8,99,1,0.0,0.0,21.72698211669922,28.40812110900879,1.5,0,66,0.0,0.0,0.0,0,0,0
1780683356.9045877,0,0.3499999940395355,0,0,6,900,423158243,47,77,-6.466433048248291,0.0,18.726552963256836,28.492136001586914,1,0,0.6000000238418579,0,0,0,0,0,8,0,0,0,8,99,1,0.0,0.0,21.72698211669922,28.40812110900879,1.5,0,66,0.0,0.0,0.0,0,0,0
1780683356.9249992,0,0.3499999940395355,0,0,6,900,423158243,47,77,-6.466433048248291,0.0,18.726552963256836,28.492136001586914,1,0,0.6000000238418579,0,0,0,0,0,8,0,0,0,8,99,1,0.0,0.0,21.72698211669922,28.40812110900879,1.5,0,66,0.0,0.0,0.0,0,0,0
1780683356.9445775,0,0.3499999940395355,0,0,6,900,423158243,47,77,-6.466433048248291,0.0,18.726552963256836,28.492136001586914,1,0,0.6000000238418579,0,0,0,0,0,8,0,0,0,8,99,1,0.0,0.0,21.72698211669922,28.40812110900879,1.5,0,66,0.0,0.0,0.0,0,0,0
1780683356.9647195,0,0.3499999940395355,0,0,6,900,423158243,47,77,-6.466433048248291,0.0,18.726552963256836,28.492136001586914,1,0,0.6000000238418579,0,0,0,0,0,8,0,0,0,8,99,1,0.0,0.0,21.72698211669922,28.40812110900879,1.5,0,66,0.0,0.0,0.0,0,0,0
1780683356.9852438,0,0.3499999940395355,0,0,6,900,423158243,47,77,-6.466433048248291,0.0,18.726552963256836,28.492136001586914,1,0,0.6000000238418579,0,0,0,0,0,8,0,0,0,8,99,1,0.0,0.0,21.72698211669922,28.40812110900879,1.5,0,66,0.0,0.0,0.0,0,0,0
1780683357.004816,0,0.3499999940395355,0,0,6,900,423158243,47,77,-6.466433048248291,0.0,18.726552963256836,28.492136001586914,1,0,0.6000000238418579,0,0,0,0,0,8,0,0,0,8,99,1,0.0,0.0,21.72698211669922,28.40812110900879,1.5,0,66,0.0,0.0,0.0,0,0,0
1780683357.0248241,0,0.3499999940395355,0,0,6,900,423158243,47,77,-6.466433048248291,0.0,18.726552963256836,28.492136001586914,1,0,0.6000000238418579,0,0,0,0,0,8,0,0,0,8,99,1,0.0,0.0,21.72698211669922,28.40812110900879,1.5,0,66,0.0,0.0,0.0,0,0,0
1780683357.04442,0,0.3499999940395355,0,0,6,900,423158243,47,77,-6.466433048248291,0.0,18.726552963256836,28.492136001586914,1,0,0.6000000238418579,0,0,0,0,0,8,0,0,0,8,99,1,0.0,0.0,21.72698211669922,28.40812110900879,1.5,0,66,0.0,0.0,0.0,0,0,0
1780683357.0652156,0,0.3499999940395355,0,0,6,900,423158243,47,77,-6.466433048248291,0.0,18.726552963256836,28.492136001586914,1,0,0.6000000238418579,0,0,0,0,0,8,0,0,0,8,99,1,0.0,0.0,21.72698211669922,28.40812110900879,1.5,0,66,0.0,0.0,0.0,0,0,0
1780683357.0849812,0,0.3499999940395355,0,0,6,900,423158243,47,77,-6.466433048248291,0.0,18.726552963256836,28.492136001586914,1,0,0.6000000238418579,0,0,0,0,0,8,0,0,0,8,99,1,0.0,0.0,21.72698211669922,28.40812110900879,1.5,0,66,0.0,0.0,0.0,0,0,0
1780683357.1045637,0,0.3499999940395355,0,0,6,900,423158243,47,77,-6.466433048248291,0.0,18.726552963256836,28.492136001586914,1,0,0.6000000238418579,0,0,0,0,0,8,0,0,0,8,99,1,0.0,0.0,21.72698211669922,28.40812110900879,1.5,0,66,0.0,0.0,0.0,0,0,0
1780683357.1246982,0,0.3499999940395355,0,0,6,900,423158243,47,77,-6.466433048248291,0.0,18.726552963256836,28.492136001586914,1,0,0.6000000238418579,0,0,0,0,0,8,0,0,0,8,99,1,0.0,0.0,21.72698211669922,28.40812110900879,1.5,0,66,0.0,0.0,0.0,0,0,0
1780683357.1447525,0,0.3499999940395355,0,0,6,900,423158243,47,77,-6.466433048248291,0.0,18.726552963256836,28.492136001586914,1,0,0.6000000238418579,0,0,0,0,0,8,0,0,0,8,99,1,0.0,0.0,21.72698211669922,28.40812110900879,1.5,0,66,0.0,0.0,0.0,0,0,0
1780683357.1646185,0,0.3499999940395355,0,0,6,900,423158243,47,77,-6.466433048248291,0.0,18.726552963256836,28.492136001586914,1,0,0.6000000238418579,0,0,0,0,0,8,0,0,0,8,99,1,0.0,0.0,21.72698211669922,28.40812110900879,1.5,0,66,0.0,0.0,0.0,0,0,0
1780683357.1846938,0,0.3499999940395355,0,0,6,900,423158243,47,77,-6.466433048248291,0.0,18.726552963256836,28.492136001586914,1,0,0.6000000238418579,0,0,0,0,0,8,0,0,0,8,99,1,0.0,0.0,21.72698211669922,28.40812110900879,1.5,0,66,0.0,0.0,0.0,0,0,0
1780683357.2047844,0,0.3499999940395355,0,0,6,900,423158243,47,77,-6.466433048248291,0.0,18.726552963256836,28.492136001586914,1,0,0.6000000238418579,0,0,0,0,0,8,0,0,0,8,99,1,0.0,0.0,21.72698211669922,28.40812110900879,1.5,0,66,0.0,0.0,0.0,0,0,0
1780683357.2247813,0,0.3499999940395355,0,0,6,900,423158243,47,77,-6.466433048248291,0.0,18.726552963256836,28.492136001586914,1,0,0.6000000238418579,0,0,0,0,0,8,0,0,0,8,99,1,0.0,0.0,21.72698211669922,28.40812110900879,1.5,0,66,0.0,0.0,0.0,0,0,0
1780683357.244767,0,0.3499999940395355,0,0,6,900,423158243,47,77,-6.466433048248291,0.0,18.726552963256836,28.492136001586914,1,0,0.6000000238418579,0,0,0,0,0,8,0,0,0,8,99,1,0.0,0.0,21.72698211669922,28.40812110900879,1.5,0,66,0.0,0.0,0.0,0,0,0
1780683357.265096,0,0.3499999940395355,0,0,6,900,423158243,47,77,-6.466433048248291,0.0,18.726552963256836,28.492136001586914,1,0,0.6000000238418579,0,0,0,0,0,8,0,0,0,8,99,1,0.0,0.0,21.72698211669922,28.40812110900879,1.5,0,66,0.0,0.0,0.0,0,0,0
1780683357.285043,0,0.3499999940395355,0,0,6,900,423158243,47,77,-6.466433048248291,0.0,18.726552963256836,28.492136001586914,1,0,0.6000000238418579,0,0,0,0,0,8,0,0,0,8,99,1,0.0,0.0,21.72698211669922,28.40812110900879,1.5,0,66,0.0,0.0,0.0,0,0,0
1780683357.3049018,0,0.3499999940395355,0,0,6,900,423158243,47,77,-6.466433048248291,0.0,18.726552963256836,28.492136001586914,1,0,0.6000000238418579,0,0,0,0,0,8,0,0,0,8,99,1,0.0,0.0,21.72698211669922,28.40812110900879,1.5,0,66,0.0,0.0,0.0,0,0,0
1780683357.3248787,0,0.3499999940395355,0,0,6,900,423158243,47,77,-6.466433048248291,0.0,18.726552963256836,28.492136001586914,1,0,0.6000000238418579,0,0,0,0,0,8,0,0,0,8,99,1,0.0,0.0,21.72698211669922,28.40812110900879,1.5,0,66,0.0,0.0,0.0,0,0,0
1780683357.3446226,0,0.3499999940395355,0,0,6,900,423158243,47,77,-6.466433048248291,0.0,18.726552963256836,28.492136001586914,1,0,0.6000000238418579,0,0,0,0,0,8,0,0,0,8,99,1,0.0,0.0,21.72698211669922,28.40812110900879,1.5,0,66,0.0,0.0,0.0,0,0,0
1780683357.364835,0,0.3499999940395355,0,0,6,900,423158243,47,77,-6.466433048248291,0.0,18.726552963256836,28.492136001586914,1,0,0.6000000238418579,0,0,0,0,0,8,0,0,0,8,99,1,0.0,0.0,21.72698211669922,28.40812110900879,1.5,0,66,0.0,0.0,0.0,0,0,0
1780683357.3849065,0,0.3499999940395355,0,0,6,900,423158243,47,77,-6.466433048248291,0.0,18.726552963256836,28.492136001586914,1,0,0.6000000238418579,0,0,0,0,0,8,0,0,0,8,99,1,0.0,0.0,21.72698211669922,28.40812110900879,1.5,0,66,0.0,0.0,0.0,0,0,0
1780683357.404947,0,0.3499999940395355,0,0,6,900,423158243,47,77,-6.466433048248291,0.0,18.726552963256836,28.492136001586914,1,0,0.6000000238418579,0,0,0,0,0,8,0,0,0,8,99,1,0.0,0.0,21.72698211669922,28.40812110900879,1.5,0,66,0.0,0.0,0.0,0,0,0
1780683357.4245896,0,0.3499999940395355,0,0,6,900,423158243,47,77,-6.466433048248291,0.0,18.726552963256836,28.492136001586914,1,0,0.6000000238418579,0,0,0,0,0,8,0,0,0,8,99,1,0.0,0.0,21.72698211669922,28.40812110900879,1.5,0,66,0.0,0.0,0.0,0,0,0
1780683357.4448376,0,0.3499999940395355,0,0,6,900,423158243,47,77,-6.466433048248291,0.0,18.726552963256836,28.492136001586914,1,0,0.6000000238418579,0,0,0,0,0,8,0,0,0,8,99,1,0.0,0.0,21.72698211669922,28.40812110900879,1.5,0,66,0.0,0.0,0.0,0,0,0
1780683357.4654026,0,0.3499999940395355,0,0,6,900,423158243,47,77,-6.466433048248291,0.0,18.726552963256836,28.492136001586914,1,0,0.6000000238418579,0,0,0,0,0,8,0,0,0,8,99,1,0.0,0.0,21.72698211669922,28.40812110900879,1.5,0,66,0.0,0.0,0.0,0,0,0
1780683357.4861042,0,0.3499999940395355,0,0,6,900,423158243,47,77,-6.466433048248291,0.0,18.726552963256836,28.492136001586914,1,0,0.6000000238418579,0,0,0,0,0,8,0,0,0,8,99,1,0.0,0.0,21.72698211669922,28.40812110900879,1.5,0,66,0.0,0.0,0.0,0,0,0
1780683357.5056274,0,0.3499999940395355,0,0,6,900,423158243,47,77,-6.466433048248291,0.0,18.726552963256836,28.492136001586914,1,0,0.6000000238418579,0,0,0,0,0,8,0,0,0,8,99,1,0.0,0.0,21.72698211669922,28.40812110900879,1.5,0,66,0.0,0.0,0.0,0,0,0
1780683357.5255754,0,0.3499999940395355,0,0,6,900,423158243,47,77,-6.466433048248291,0.0,18.726552963256836,28.492136001586914,1,0,0.6000000238418579,0,0,0,0,0,8,0,0,0,8,99,1,0.0,0.0,21.72698211669922,28.40812110900879,1.5,0,66,0.0,0.0,0.0,0,0,0
1780683357.545061,0,0.3499999940395355,0,0,6,900,423158243,47,77,-6.466433048248291,0.0,18.726552963256836,28.492136001586914,1,0,0.6000000238418579,0,0,0,0,0,8,0,0,0,8,99,1,0.0,0.0,21.72698211669922,28.40812110900879,1.5,0,66,0.0,0.0,0.0,0,0,0
1780683357.564952,0,0.3499999940395355,0,0,6,900,423158243,47,77,-6.466433048248291,0.0,18.726552963256836,28.492136001586914,1,0,0.6000000238418579,0,0,0,0,0,8,0,0,0,8,99,1,0.0,0.0,21.72698211669922,28.40812110900879,1.5,0,66,0.0,0.0,0.0,0,0,0
1780683357.5851123,0,0.3499999940395355,0,0,6,900,423158243,47,77,-6.466433048248291,0.0,18.726552963256836,28.492136001586914,1,0,0.6000000238418579,0,0,0,0,0,8,0,0,0,8,99,1,0.0,0.0,21.72698211669922,28.40812110900879,1.5,0,66,0.0,0.0,0.0,0,0,0
1780683357.6049058,0,0.3499999940395355,0,0,6,900,423158243,47,77,-6.466433048248291,0.0,18.726552963256836,28.492136001586914,1,0,0.6000000238418579,0,0,0,0,0,8,0,0,0,8,99,1,0.0,0.0,21.72698211669922,28.40812110900879,1.5,0,66,0.0,0.0,0.0,0,0,0
1780683357.6246674,0,0.3499999940395355,0,0,6,900,423158243,47,77,-6.466433048248291,0.0,18.726552963256836,28.492136001586914,1,0,0.6000000238418579,0,0,0,0,0,8,0,0,0,8,99,1,0.0,0.0,21.72698211669922,28.40812110900879,1.5,0,66,0.0,0.0,0.0,0,0,0
1780683357.6448336,0,0.3499999940395355,0,0,6,900,423158243,47,77,-6.466433048248291,0.0,18.726552963256836,28.492136001586914,1,0,0.6000000238418579,0,0,0,0,0,8,0,0,0,8,99,1,0.0,0.0,21.72698211669922,28.40812110900879,1.5,0,66,0.0,0.0,0.0,0,0,0
1780683357.6651335,0,0.3499999940395355,0,0,6,900,423158243,47,77,-6.466433048248291,0.0,18.726552963256836,28.492136001586914,1,0,0.6000000238418579,0,0,0,0,0,8,0,0,0,8,99,1,0.0,0.0,21.72698211669922,28.40812110900879,1.5,0,66,0.0,0.0,0.0,0,0,0
1780683357.6848927,0,0.3499999940395355,0,0,6,900,423158243,47,77,-6.466433048248291,0.0,18.726552963256836,28.492136001586914,1,0,0.6000000238418579,0,0,0,0,0,8,0,0,0,8,99,1,0.0,0.0,21.72698211669922,28.40812110900879,1.5,0,66,0.0,0.0,0.0,0,0,0
1780683357.7051747,0,0.3499999940395355,0,0,6,900,423158243,47,77,-6.466433048248291,0.0,18.726552963256836,28.492136001586914,1,0,0.6000000238418579,0,0,0,0,0,8,0,0,0,8,99,1,0.0,0.0,21.72698211669922,28.40812110900879,1.5,0,66,0.0,0.0,0.0,0,0,0
1780683357.7249782,0,0.3499999940395355,0,0,6,900,423158243,47,77,-6.466433048248291,0.0,18.726552963256836,28.492136001586914,1,0,0.6000000238418579,0,0,0,0,0,8,0,0,0,8,99,1,0.0,0.0,21.72698211669922,28.40812110900879,1.5,0,66,0.0,0.0,0.0,0,0,0
1780683357.7448804,0,0.3499999940395355,0,0,6,900,423158243,47,77,-6.466433048248291,0.0,18.726552963256836,28.492136001586914,1,0,0.6000000238418579,0,0,0,0,0,8,0,0,0,8,99,1,0.0,0.0,21.72698211669922,28.40812110900879,1.5,0,66,0.0,0.0,0.0,0,0,0
1780683357.7647905,0,0.3499999940395355,0,0,6,900,423158243,47,77,-6.466433048248291,0.0,18.726552963256836,28.492136001586914,1,0,0.6000000238418579,0,0,0,0,0,8,0,0,0,8,99,1,0.0,0.0,21.72698211669922,28.40812110900879,1.5,0,66,0.0,0.0,0.0,0,0,0
1780683357.7849724,0,0.3499999940395355,0,0,6,900,423158243,47,77,-6.466433048248291,0.0,18.726552963256836,28.492136001586914,1,0,0.6000000238418579,0,0,0,0,0,8,0,0,0,8,99,1,0.0,0.0,21.72698211669922,28.40812110900879,1.5,0,66,0.0,0.0,0.0,0,0,0
1780683357.8047519,0,0.3499999940395355,0,0,6,900,423158243,47,77,-6.466433048248291,0.0,18.726552963256836,28.492136001586914,1,0,0.6000000238418579,0,0,0,0,0,8,0,0,0,8,99,1,0.0,0.0,21.72698211669922,28.40812110900879,1.5,0,66,0.0,0.0,0.0,0,0,0
1780683357.8248212,0,0.3499999940395355,0,0,6,900,423158243,47,77,-6.466433048248291,0.0,18.726552963256836,28.492136001586914,1,0,0.6000000238418579,0,0,0,0,0,8,0,0,0,8,99,1,0.0,0.0,21.72698211669922,28.40812110900879,1.5,0,66,0.0,0.0,0.0,0,0,0
1780683357.84486,0,0.3499999940395355,0,0,6,900,423158243,47,77,-6.466433048248291,0.0,18.726552963256836,28.492136001586914,1,0,0.6000000238418579,0,0,0,0,0,8,0,0,0,8,99,1,0.0,0.0,21.72698211669922,28.40812110900879,1.5,0,66,0.0,0.0,0.0,0,0,0
1780683357.8646736,0,0.3499999940395355,0,0,6,900,423158243,47,77,-6.466433048248291,0.0,18.726552963256836,28.492136001586914,1,0,0.6000000238418579,0,0,0,0,0,8,0,0,0,8,99,1,0.0,0.0,21.72698211669922,28.40812110900879,1.5,0,66,0.0,0.0,0.0,0,0,0
1780683357.8848717,0,0.3499999940395355,0,0,6,900,423158243,47,77,-6.466433048248291,0.0,18.726552963256836,28.492136001586914,1,0,0.6000000238418579,0,0,0,0,0,8,0,0,0,8,99,1,0.0,0.0,21.72698211669922,28.40812110900879,1.5,0,66,0.0,0.0,0.0,0,0,0
1780683357.9045494,0,0.3499999940395355,0,0,6,900,423158243,47,77,-6.466433048248291,0.0,18.726552963256836,28.492136001586914,1,0,0.6000000238418579,0,0,0,0,0,8,0,0,0,8,99,1,0.0,0.0,21.72698211669922,28.40812110900879,1.5,0,66,0.0,0.0,0.0,0,0,0
1780683357.9248896,0,0.3499999940395355,0,0,6,900,423158243,47,77,-6.466433048248291,0.0,18.726552963256836,28.492136001586914,1,0,0.6000000238418579,0,0,0,0,0,8,0,0,0,8,99,1,0.0,0.0,21.72698211669922,28.40812110900879,1.5,0,66,0.0,0.0,0.0,0,0,0
1780683357.9447181,0,0.3499999940395355,0,0,6,900,423158243,47,77,-6.466433048248291,0.0,18.726552963256836,28.492136001586914,1,0,0.6000000238418579,0,0,0,0,0,8,0,0,0,8,99,1,0.0,0.0,21.72698211669922,28.40812110900879,1.5,0,66,0.0,0.0,0.0,0,0,0
1780683357.964465,0,0.3499999940395355,0,0,6,900,423158243,47,77,-6.466433048248291,0.0,18.726552963256836,28.492136001586914,1,0,0.6000000238418579,0,0,0,0,0,8,0,0,0,8,99,1,0.0,0.0,21.72698211669922,28.40812110900879,1.5,0,66,0.0,0.0,0.0,0,0,0
1780683357.984892,0,0.3499999940395355,0,0,6,900,423158243,47,77,-6.466433048248291,0.0,18.726552963256836,28.492136001586914,1,0,0.6000000238418579,0,0,0,0,0,8,0,0,0,8,99,1,0.0,0.0,21.72698211669922,28.40812110900879,1.5,0,66,0.0,0.0,0.0,0,0,0
1780683358.0049577,0,0.3499999940395355,0,0,6,900,423158243,47,77,-6.466433048248291,0.0,18.726552963256836,28.492136001586914,1,0,0.6000000238418579,0,0,0,0,0,8,0,0,0,8,99,1,0.0,0.0,21.72698211669922,28.40812110900879,1.5,0,66,0.0,0.0,0.0,0,0,0
1780683358.0247626,0,0.3499999940395355,0,0,6,900,423158243,47,77,-6.466433048248291,0.0,18.726552963256836,28.492136001586914,1,0,0.6000000238418579,0,0,0,0,0,8,0,0,0,8,99,1,0.0,0.0,21.72698211669922,28.40812110900879,1.5,0,66,0.0,0.0,0.0,0,0,0
1780683358.0446615,0,0.3499999940395355,0,0,6,900,423158243,47,77,-6.466433048248291,0.0,18.726552963256836,28.492136001586914,1,0,0.6000000238418579,0,0,0,0,0,8,0,0,0,8,99,1,0.0,0.0,21.72698211669922,28.40812110900879,1.5,0,66,0.0,0.0,0.0,0,0,0
1780683358.06497,0,0.3499999940395355,0,0,6,900,423158243,47,77,-6.466433048248291,0.0,18.726552963256836,28.492136001586914,1,0,0.6000000238418579,0,0,0,0,0,8,0,0,0,8,99,1,0.0,0.0,21.72698211669922,28.40812110900879,1.5,0,66,0.0,0.0,0.0,0,0,0
1780683358.0850391,0,0.3499999940395355,0,0,6,900,423158243,47,77,-6.466433048248291,0.0,18.726552963256836,28.492136001586914,1,0,0.6000000238418579,0,0,0,0,0,8,0,0,0,8,99,1,0.0,0.0,21.72698211669922,28.40812110900879,1.5,0,66,0.0,0.0,0.0,0,0,0
1780683358.1048484,0,0.3499999940395355,0,0,6,900,423158243,47,77,-6.466433048248291,0.0,18.726552963256836,28.492136001586914,1,0,0.6000000238418579,0,0,0,0,0,8,0,0,0,8,99,1,0.0,0.0,21.72698211669922,28.40812110900879,1.5,0,66,0.0,0.0,0.0,0,0,0
1780683358.124922,0,0.3499999940395355,0,0,6,900,423158243,47,77,-6.466433048248291,0.0,18.726552963256836,28.492136001586914,1,0,0.6000000238418579,0,0,0,0,0,8,0,0,0,8,99,1,0.0,0.0,21.72698211669922,28.40812110900879,1.5,0,66,0.0,0.0,0.0,0,0,0
1780683358.1448095,0,0.3499999940395355,0,0,6,900,423158243,47,77,-6.466433048248291,0.0,18.726552963256836,28.492136001586914,1,0,0.6000000238418579,0,0,0,0,0,8,0,0,0,8,99,1,0.0,0.0,21.72698211669922,28.40812110900879,1.5,0,66,0.0,0.0,0.0,0,0,0
1780683358.1646893,0,0.3499999940395355,0,0,6,900,423158243,47,77,-6.466433048248291,0.0,18.726552963256836,28.492136001586914,1,0,0.6000000238418579,0,0,0,0,0,8,0,0,0,8,99,1,0.0,0.0,21.72698211669922,28.40812110900879,1.5,0,66,0.0,0.0,0.0,0,0,0
1780683358.1848779,0,0.3499999940395355,0,0,6,900,423158243,47,77,-6.466433048248291,0.0,18.726552963256836,28.492136001586914,1,0,0.6000000238418579,0,0,0,0,0,8,0,0,0,8,99,1,0.0,0.0,21.72698211669922,28.40812110900879,1.5,0,66,0.0,0.0,0.0,0,0,0
1780683358.2050335,0,0.3499999940395355,0,0,6,900,423158243,47,77,-6.466433048248291,0.0,18.726552963256836,28.492136001586914,1,0,0.6000000238418579,0,0,0,0,0,8,0,0,0,8,99,1,0.0,0.0,21.72698211669922,28.40812110900879,1.5,0,66,0.0,0.0,0.0,0,0,0
1780683358.2249162,0,0.3499999940395355,0,0,6,900,423158243,47,77,-6.466433048248291,0.0,18.726552963256836,28.492136001586914,1,0,0.6000000238418579,0,0,0,0,0,8,0,0,0,8,99,1,0.0,0.0,21.72698211669922,28.40812110900879,1.5,0,66,0.0,0.0,0.0,0,0,0
1780683358.2444785,0,0.3499999940395355,0,0,6,900,423158243,47,77,-6.466433048248291,0.0,18.726552963256836,28.492136001586914,1,0,0.6000000238418579,0,0,0,0,0,8,0,0,0,8,99,1,0.0,0.0,21.72698211669922,28.40812110900879,1.5,0,66,0.0,0.0,0.0,0,0,0
1780683358.2649057,0,0.3499999940395355,0,0,6,900,423158243,47,77,-6.466433048248291,0.0,18.726552963256836,28.492136001586914,1,0,0.6000000238418579,0,0,0,0,0,8,0,0,0,8,99,1,0.0,0.0,21.72698211669922,28.40812110900879,1.5,0,66,0.0,0.0,0.0,0,0,0
1780683358.285105,0,0.3499999940395355,0,0,6,900,423158243,47,77,-6.466433048248291,0.0,18.726552963256836,28.492136001586914,1,0,0.6000000238418579,0,0,0,0,0,8,0,0,0,8,99,1,0.0,0.0,21.72698211669922,28.40812110900879,1.5,0,66,0.0,0.0,0.0,0,0,0
1780683358.3048258,0,0.3499999940395355,0,0,6,900,423158243,47,77,-6.466433048248291,0.0,18.726552963256836,28.492136001586914,1,0,0.6000000238418579,0,0,0,0,0,8,0,0,0,8,99,1,0.0,0.0,21.72698211669922,28.40812110900879,1.5,0,66,0.0,0.0,0.0,0,0,0
1780683358.3249416,0,0.3499999940395355,0,0,6,900,423158243,47,77,-6.466433048248291,0.0,18.726552963256836,28.492136001586914,1,0,0.6000000238418579,0,0,0,0,0,8,0,0,0,8,99,1,0.0,0.0,21.72698211669922,28.40812110900879,1.5,0,66,0.0,0.0,0.0,0,0,0
1780683358.3447604,0,0.3499999940395355,0,0,6,900,423158243,47,77,-6.466433048248291,0.0,18.726552963256836,28.492136001586914,1,0,0.6000000238418579,0,0,0,0,0,8,0,0,0,8,99,1,0.0,0.0,21.72698211669922,28.40812110900879,1.5,0,66,0.0,0.0,0.0,0,0,0
1780683358.3646147,0,0.3499999940395355,0,0,6,900,423158243,47,77,-6.466433048248291,0.0,18.726552963256836,28.492136001586914,1,0,0.6000000238418579,0,0,0,0,0,8,0,0,0,8,99,1,0.0,0.0,21.72698211669922,28.40812110900879,1.5,0,66,0.0,0.0,0.0,0,0,0
1780683358.3846598,0,0.3499999940395355,0,0,6,900,423158243,47,77,-6.466433048248291,0.0,18.726552963256836,28.492136001586914,1,0,0.6000000238418579,0,0,0,0,0,8,0,0,0,8,99,1,0.0,0.0,21.72698211669922,28.40812110900879,1.5,0,66,0.0,0.0,0.0,0,0,0
1780683358.4049597,0,0.3499999940395355,0,0,6,900,423158243,47,77,-6.466433048248291,0.0,18.726552963256836,28.492136001586914,1,0,0.6000000238418579,0,0,0,0,0,8,0,0,0,8,99,1,0.0,0.0,21.72698211669922,28.40812110900879,1.5,0,66,0.0,0.0,0.0,0,0,0
1780683358.4248197,0,0.3499999940395355,0,0,6,900,423158243,47,77,-6.466433048248291,0.0,18.726552963256836,28.492136001586914,1,0,0.6000000238418579,0,0,0,0,0,8,0,0,0,8,99,1,0.0,0.0,21.72698211669922,28.40812110900879,1.5,0,66,0.0,0.0,0.0,0,0,0
1780683358.4445987,0,0.3499999940395355,0,0,6,900,423158243,47,77,-6.466433048248291,0.0,18.726552963256836,28.492136001586914,1,0,0.6000000238418579,0,0,0,0,0,8,0,0,0,8,99,1,0.0,0.0,21.72698211669922,28.40812110900879,1.5,0,66,0.0,0.0,0.0,0,0,0
1780683358.4648342,0,0.3499999940395355,0,0,6,900,423158243,47,77,-6.466433048248291,0.0,18.726552963256836,28.492136001586914,1,0,0.6000000238418579,0,0,0,0,0,8,0,0,0,8,99,1,0.0,0.0,21.72698211669922,28.40812110900879,1.5,0,66,0.0,0.0,0.0,0,0,0
1780683358.4849324,0,0.3499999940395355,0,0,6,900,423158243,47,77,-6.466433048248291,0.0,18.726552963256836,28.492136001586914,1,0,0.6000000238418579,0,0,0,0,0,8,0,0,0,8,99,1,0.0,0.0,21.72698211669922,28.40812110900879,1.5,0,66,0.0,0.0,0.0,0,0,0
1780683358.504839,0,0.3499999940395355,0,0,6,900,423158243,47,77,-6.466433048248291,0.0,18.726552963256836,28.492136001586914,1,0,0.6000000238418579,0,0,0,0,0,8,0,0,0,8,99,1,0.0,0.0,21.72698211669922,28.40812110900879,1.5,0,66,0.0,0.0,0.0,0,0,0
1780683358.525017,0,0.3499999940395355,0,0,6,900,423158243,47,77,-6.466433048248291,0.0,18.726552963256836,28.492136001586914,1,0,0.6000000238418579,0,0,0,0,0,8,0,0,0,8,99,1,0.0,0.0,21.72698211669922,28.40812110900879,1.5,0,66,0.0,0.0,0.0,0,0,0
1780683358.5446308,0,0.3499999940395355,0,0,6,900,423158243,47,77,-6.466433048248291,0.0,18.726552963256836,28.492136001586914,1,0,0.6000000238418579,0,0,0,0,0,8,0,0,0,8,99,1,0.0,0.0,21.72698211669922,28.40812110900879,1.5,0,66,0.0,0.0,0.0,0,0,0
1780683358.5647278,0,0.3499999940395355,0,0,6,900,423158243,47,77,-6.466433048248291,0.0,18.726552963256836,28.492136001586914,1,0,0.6000000238418579,0,0,0,0,0,8,0,0,0,8,99,1,0.0,0.0,21.72698211669922,28.40812110900879,1.5,0,66,0.0,0.0,0.0,0,0,0
1780683358.5848448,0,0.3499999940395355,0,0,6,900,423158243,47,77,-6.466433048248291,0.0,18.726552963256836,28.492136001586914,1,0,0.6000000238418579,0,0,0,0,0,8,0,0,0,8,99,1,0.0,0.0,21.72698211669922,28.40812110900879,1.5,0,66,0.0,0.0,0.0,0,0,0
1780683358.6047907,0,0.3499999940395355,0,0,6,900,423158243,47,77,-6.466433048248291,0.0,18.726552963256836,28.492136001586914,1,0,0.6000000238418579,0,0,0,0,0,8,0,0,0,8,99,1,0.0,0.0,21.72698211669922,28.40812110900879,1.5,0,66,0.0,0.0,0.0,0,0,0
1780683358.6248057,0,0.3499999940395355,0,0,6,900,423158243,47,77,-6.466433048248291,0.0,18.726552963256836,28.492136001586914,1,0,0.6000000238418579,0,0,0,0,0,8,0,0,0,8,99,1,0.0,0.0,21.72698211669922,28.40812110900879,1.5,0,66,0.0,0.0,0.0,0,0,0
1780683358.6446724,0,0.3499999940395355,0,0,6,900,423158243,47,77,-6.466433048248291,0.0,18.726552963256836,28.492136001586914,1,0,0.6000000238418579,0,0,0,0,0,8,0,0,0,8,99,1,0.0,0.0,21.72698211669922,28.40812110900879,1.5,0,66,0.0,0.0,0.0,0,0,0
1780683358.6646266,0,0.3499999940395355,0,0,6,900,423158243,47,77,-6.466433048248291,0.0,18.726552963256836,28.492136001586914,1,0,0.6000000238418579,0,0,0,0,0,8,0,0,0,8,99,1,0.0,0.0,21.72698211669922,28.40812110900879,1.5,0,66,0.0,0.0,0.0,0,0,0
1780683358.6848981,0,0.3499999940395355,0,0,6,900,423158243,47,77,-6.466433048248291,0.0,18.726552963256836,28.492136001586914,1,0,0.6000000238418579,0,0,0,0,0,8,0,0,0,8,99,1,0.0,0.0,21.72698211669922,28.40812110900879,1.5,0,66,0.0,0.0,0.0,0,0,0
1780683358.7048783,0,0.3499999940395355,0,0,6,900,423158243,47,77,-6.466433048248291,0.0,18.726552963256836,28.492136001586914,1,0,0.6000000238418579,0,0,0,0,0,8,0,0,0,8,99,1,0.0,0.0,21.72698211669922,28.40812110900879,1.5,0,66,0.0,0.0,0.0,0,0,0
1780683358.724572,0,0.3499999940395355,0,0,6,900,423158243,47,77,-6.466433048248291,0.0,18.726552963256836,28.492136001586914,1,0,0.6000000238418579,0,0,0,0,0,8,0,0,0,8,99,1,0.0,0.0,21.72698211669922,28.40812110900879,1.5,0,66,0.0,0.0,0.0,0,0,0
1780683358.7446241,0,0.3499999940395355,0,0,6,900,423158243,47,77,-6.466433048248291,0.0,18.726552963256836,28.492136001586914,1,0,0.6000000238418579,0,0,0,0,0,8,0,0,0,8,99,1,0.0,0.0,21.72698211669922,28.40812110900879,1.5,0,66,0.0,0.0,0.0,0,0,0
1780683358.7646573,0,0.3499999940395355,0,0,6,900,423158243,47,77,-6.466433048248291,0.0,18.726552963256836,28.492136001586914,1,0,0.6000000238418579,0,0,0,0,0,8,0,0,0,8,99,1,0.0,0.0,21.72698211669922,28.40812110900879,1.5,0,66,0.0,0.0,0.0,0,0,0
1780683358.784857,0,0.3499999940395355,0,0,6,900,423158243,47,77,-6.466433048248291,0.0,18.726552963256836,28.492136001586914,1,0,0.6000000238418579,0,0,0,0,0,8,0,0,0,8,99,1,0.0,0.0,21.72698211669922,28.40812110900879,1.5,0,66,0.0,0.0,0.0,0,0,0
1780683358.8048117,0,0.3499999940395355,0,0,6,900,423158243,47,77,-6.466433048248291,0.0,18.726552963256836,28.492136001586914,1,0,0.6000000238418579,0,0,0,0,0,8,0,0,0,8,99,1,0.0,0.0,21.72698211669922,28.40812110900879,1.5,0,66,0.0,0.0,0.0,0,0,0
1780683358.824848,0,0.3499999940395355,0,0,6,900,423158243,47,77,-6.466433048248291,0.0,18.726552963256836,28.492136001586914,1,0,0.6000000238418579,0,0,0,0,0,8,0,0,0,8,99,1,0.0,0.0,21.72698211669922,28.40812110900879,1.5,0,66,0.0,0.0,0.0,0,0,0
1780683358.8446474,0,0.3499999940395355,0,0,6,900,423158243,47,77,-6.466433048248291,0.0,18.726552963256836,28.492136001586914,1,0,0.6000000238418579,0,0,0,0,0,8,0,0,0,8,99,1,0.0,0.0,21.72698211669922,28.40812110900879,1.5,0,66,0.0,0.0,0.0,0,0,0
1780683358.8648822,0,0.3499999940395355,0,0,6,900,423158243,47,77,-6.466433048248291,0.0,18.726552963256836,28.492136001586914,1,0,0.6000000238418579,0,0,0,0,0,8,0,0,0,8,99,1,0.0,0.0,21.72698211669922,28.40812110900879,1.5,0,66,0.0,0.0,0.0,0,0,0
1780683358.8847554,0,0.3499999940395355,0,0,6,900,423158243,47,77,-6.466433048248291,0.0,18.726552963256836,28.492136001586914,1,0,0.6000000238418579,0,0,0,0,0,8,0,0,0,8,99,1,0.0,0.0,21.72698211669922,28.40812110900879,1.5,0,66,0.0,0.0,0.0,0,0,0
1780683358.90497,0,0.3499999940395355,0,0,6,900,423158243,47,77,-6.466433048248291,0.0,18.726552963256836,28.492136001586914,1,0,0.6000000238418579,0,0,0,0,0,8,0,0,0,8,99,1,0.0,0.0,21.72698211669922,28.40812110900879,1.5,0,66,0.0,0.0,0.0,0,0,0
1780683358.9250078,0,0.3499999940395355,0,0,6,900,423158243,47,77,-6.466433048248291,0.0,18.726552963256836,28.492136001586914,1,0,0.6000000238418579,0,0,0,0,0,8,0,0,0,8,99,1,0.0,0.0,21.72698211669922,28.40812110900879,1.5,0,66,0.0,0.0,0.0,0,0,0
1780683358.944737,0,0.3499999940395355,0,0,6,900,423158243,47,77,-6.466433048248291,0.0,18.726552963256836,28.492136001586914,1,0,0.6000000238418579,0,0,0,0,0,8,0,0,0,8,99,1,0.0,0.0,21.72698211669922,28.40812110900879,1.5,0,66,0.0,0.0,0.0,0,0,0
1780683358.9647186,0,0.3499999940395355,0,0,6,900,423158243,47,77,-6.466433048248291,0.0,18.726552963256836,28.492136001586914,1,0,0.6000000238418579,0,0,0,0,0,8,0,0,0,8,99,1,0.0,0.0,21.72698211669922,28.40812110900879,1.5,0,66,0.0,0.0,0.0,0,0,0
1780683358.9849505,0,0.3499999940395355,0,0,6,900,423158243,47,77,-6.466433048248291,0.0,18.726552963256836,28.492136001586914,1,0,0.6000000238418579,0,0,0,0,0,8,0,0,0,8,99,1,0.0,0.0,21.72698211669922,28.40812110900879,1.5,0,66,0.0,0.0,0.0,0,0,0
1780683359.0047803,0,0.3499999940395355,0,0,6,900,423158243,47,77,-6.466433048248291,0.0,18.726552963256836,28.492136001586914,1,0,0.6000000238418579,0,0,0,0,0,8,0,0,0,8,99,1,0.0,0.0,21.72698211669922,28.40812110900879,1.5,0,66,0.0,0.0,0.0,0,0,0
1780683359.024968,0,0.3499999940395355,0,0,6,900,423158243,47,77,-6.466433048248291,0.0,18.726552963256836,28.492136001586914,1,0,0.6000000238418579,0,0,0,0,0,8,0,0,0,8,99,1,0.0,0.0,21.72698211669922,28.40812110900879,1.5,0,66,0.0,0.0,0.0,0,0,0
1780683359.0445747,0,0.3499999940395355,0,0,6,900,423158243,47,77,-6.466433048248291,0.0,18.726552963256836,28.492136001586914,1,0,0.6000000238418579,0,0,0,0,0,8,0,0,0,8,99,1,0.0,0.0,21.72698211669922,28.40812110900879,1.5,0,66,0.0,0.0,0.0,0,0,0
1780683359.0649107,0,0.3499999940395355,0,0,6,900,423158243,47,77,-6.466433048248291,0.0,18.726552963256836,28.492136001586914,1,0,0.6000000238418579,0,0,0,0,0,8,0,0,0,8,99,1,0.0,0.0,21.72698211669922,28.40812110900879,1.5,0,66,0.0,0.0,0.0,0,0,0
1780683359.08496,0,0.3499999940395355,0,0,6,900,423158243,47,77,-6.466433048248291,0.0,18.726552963256836,28.492136001586914,1,0,0.6000000238418579,0,0,0,0,0,8,0,0,0,8,99,1,0.0,0.0,21.72698211669922,28.40812110900879,1.5,0,66,0.0,0.0,0.0,0,0,0
1780683359.104959,0,0.3499999940395355,0,0,6,900,423158243,47,77,-6.466433048248291,0.0,18.726552963256836,28.492136001586914,1,0,0.6000000238418579,0,0,0,0,0,8,0,0,0,8,99,1,0.0,0.0,21.72698211669922,28.40812110900879,1.5,0,66,0.0,0.0,0.0,0,0,0
1780683359.1249952,0,0.3499999940395355,0,0,6,900,423158243,47,77,-6.466433048248291,0.0,18.726552963256836,28.492136001586914,1,0,0.6000000238418579,0,0,0,0,0,8,0,0,0,8,99,1,0.0,0.0,21.72698211669922,28.40812110900879,1.5,0,66,0.0,0.0,0.0,0,0,0
1780683359.1444242,0,0.3499999940395355,0,0,6,900,423158243,47,77,-6.466433048248291,0.0,18.726552963256836,28.492136001586914,1,0,0.6000000238418579,0,0,0,0,0,8,0,0,0,8,99,1,0.0,0.0,21.72698211669922,28.40812110900879,1.5,0,66,0.0,0.0,0.0,0,0,0
1780683359.1645494,0,0.3499999940395355,0,0,6,900,423158243,47,77,-6.466433048248291,0.0,18.726552963256836,28.492136001586914,1,0,0.6000000238418579,0,0,0,0,0,8,0,0,0,8,99,1,0.0,0.0,21.72698211669922,28.40812110900879,1.5,0,66,0.0,0.0,0.0,0,0,0
1780683359.1847835,0,0.3499999940395355,0,0,6,900,423158243,47,77,-6.466433048248291,0.0,18.726552963256836,28.492136001586914,1,0,0.6000000238418579,0,0,0,0,0,8,0,0,0,8,99,1,0.0,0.0,21.72698211669922,28.40812110900879,1.5,0,66,0.0,0.0,0.0,0,0,0
1780683359.2047322,0,0.3499999940395355,0,0,6,900,423158243,47,77,-6.466433048248291,0.0,18.726552963256836,28.492136001586914,1,0,0.6000000238418579,0,0,0,0,0,8,0,0,0,8,99,1,0.0,0.0,21.72698211669922,28.40812110900879,1.5,0,66,0.0,0.0,0.0,0,0,0
1780683359.2249348,0,0.3499999940395355,0,0,6,900,423158243,47,77,-6.466433048248291,0.0,18.726552963256836,28.492136001586914,0,0,0.6000000238418579,0,0,0,0,0,8,0,0,0,8,99,1,0.0,0.0,21.72698211669922,28.40812110900879,1.5,0,66,0.0,0.0,0.0,0,0,0
1780683359.245104,0,0.3499999940395355,0,0,6,900,423158243,47,77,-6.466433048248291,0.0,18.726552963256836,28.492136001586914,0,0,0.6000000238418579,0,0,0,0,0,8,0,0,0,8,99,1,0.0,0.0,21.72698211669922,28.40812110900879,1.5,0,66,0.0,0.0,0.0,0,0,0
1780683359.2653139,0,0.3499999940395355,0,0,6,900,423158243,47,77,-6.466433048248291,0.0,18.726552963256836,28.492136001586914,0,0,0.6000000238418579,0,0,0,0,0,8,0,0,0,8,99,1,0.0,0.0,21.72698211669922,28.40812110900879,1.5,0,66,0.0,0.0,0.0,0,0,0
1780683359.2851653,0,0.3499999940395355,0,0,6,900,423158243,47,77,-6.466433048248291,0.0,18.726552963256836,28.492136001586914,0,0,0.6000000238418579,0,0,0,0,0,8,0,0,0,8,99,1,0.0,0.0,21.72698211669922,28.40812110900879,1.5,0,66,0.0,0.0,0.0,0,0,0
1780683359.3050516,0,0.3499999940395355,0,0,6,900,423158243,47,77,-6.466433048248291,0.0,18.726552963256836,28.492136001586914,0,0,0.6000000238418579,0,0,0,0,0,8,0,0,0,8,99,1,0.0,0.0,21.72698211669922,28.40812110900879,1.5,0,66,0.0,0.0,0.0,0,0,0
1780683359.32506,0,0.3499999940395355,0,0,6,900,423158243,47,77,-6.466433048248291,0.0,18.726552963256836,28.492136001586914,0,0,0.6000000238418579,0,0,0,0,0,8,0,0,0,8,99,1,0.0,0.0,21.72698211669922,28.40812110900879,1.5,0,66,0.0,0.0,0.0,0,0,0
1780683359.344558,0,0.3499999940395355,0,0,6,900,423158243,47,77,-6.466433048248291,0.0,18.726552963256836,28.492136001586914,0,0,0.6000000238418579,0,0,0,0,0,8,0,0,0,8,99,1,0.0,0.0,21.72698211669922,28.40812110900879,1.5,0,66,0.0,0.0,0.0,0,0,0
1780683359.3645844,0,0.3499999940395355,0,0,6,900,423158243,47,77,-6.466433048248291,0.0,18.726552963256836,28.492136001586914,0,0,0.6000000238418579,0,0,0,0,0,8,0,0,0,8,99,1,0.0,0.0,21.72698211669922,28.40812110900879,1.5,0,66,0.0,0.0,0.0,0,0,0
1780683359.3849268,0,0.3499999940395355,0,0,6,900,423158243,47,77,-6.466433048248291,0.0,18.726552963256836,28.492136001586914,0,0,0.6000000238418579,0,0,0,0,0,8,0,0,0,8,99,1,0.0,0.0,21.72698211669922,28.40812110900879,1.5,0,66,0.0,0.0,0.0,0,0,0
1780683359.4050963,0,0.3499999940395355,0,0,6,900,423158243,47,77,-6.466433048248291,0.0,18.726552963256836,28.492136001586914,0,0,0.6000000238418579,0,0,0,0,0,8,0,0,0,8,99,1,0.0,0.0,21.72698211669922,28.40812110900879,1.5,0,66,0.0,0.0,0.0,0,0,0
1780683359.424748,0,0.3499999940395355,0,0,6,900,423158243,47,77,-6.466433048248291,0.0,18.726552963256836,28.492136001586914,0,0,0.6000000238418579,0,0,0,0,0,8,0,0,0,8,99,1,0.0,0.0,21.72698211669922,28.40812110900879,1.5,0,66,0.0,0.0,0.0,0,0,0
1780683359.444605,0,0.3499999940395355,0,0,6,900,423158243,47,77,-6.466433048248291,0.0,18.726552963256836,28.492136001586914,0,0,0.6000000238418579,0,0,0,0,0,8,0,0,0,8,99,1,0.0,0.0,21.72698211669922,28.40812110900879,1.5,0,66,0.0,0.0,0.0,0,0,0
1780683359.4649904,0,0.3499999940395355,0,0,6,900,423158243,47,77,-6.466433048248291,0.0,18.726552963256836,28.492136001586914,0,0,0.6000000238418579,0,0,0,0,0,8,0,0,0,8,99,1,0.0,0.0,21.72698211669922,28.40812110900879,1.5,0,66,0.0,0.0,0.0,0,0,0
1780683359.4850345,0,0.3499999940395355,0,0,6,900,423158243,47,77,-6.466433048248291,0.0,18.726552963256836,28.492136001586914,0,0,0.6000000238418579,0,0,0,0,0,8,0,0,0,8,99,1,0.0,0.0,21.72698211669922,28.40812110900879,1.5,0,66,0.0,0.0,0.0,0,0,0
1780683359.5049028,0,0.3499999940395355,0,0,6,900,423158243,47,77,-6.466433048248291,0.0,18.726552963256836,28.492136001586914,0,0,0.6000000238418579,0,0,0,0,0,8,0,0,0,8,99,1,0.0,0.0,21.72698211669922,28.40812110900879,1.5,0,66,0.0,0.0,0.0,0,0,0
1780683359.525074,0,0.3499999940395355,0,0,6,900,423158243,47,77,-6.466433048248291,0.0,18.726552963256836,28.492136001586914,0,0,0.6000000238418579,0,0,0,0,0,8,0,0,0,8,99,1,0.0,0.0,21.72698211669922,28.40812110900879,1.5,0,66,0.0,0.0,0.0,0,0,0
