timestamp,attackDown,attackDuration,attackForward,attackUp,bossHp,bossMaxHp,bossScene,bossState,bossStateAmount,bvx,bvy,bx,by,canCast,casting,dashCoolDown,dashing,doubleJumping,facingRight,falling,focusing,hp,invulnerable,isAttacking,jumping,maxHp,maxSoul,onGround,pvx,pvy,px,py,shadowDashCoolDown,shadowDashing,soul,gp_axis_left_x,gp_axis_left_y,gp_trigger_right,gp_btn_a,gp_btn_b,gp_btn_x
1780579128.7939632,0,0.3499999940395355,0,0,900,900,423158243,73,77,0.0,0.0,31.1200008392334,44.59476089477539,0,0,0.6000000238418579,0,0,1,0,0,8,0,0,0,8,99,1,0.0,0.0,22.540000915527344,28.40812110900879,1.5,0,0,1.0,0.0,0.0,0,0,0
1780579128.8142953,0,0.3499999940395355,0,0,900,900,423158243,73,77,0.0,0.0,31.1200008392334,44.59476089477539,0,0,0.6000000238418579,0,0,1,0,0,8,0,0,0,8,99,1,0.0,0.0,22.540000915527344,28.40812110900879,1.5,0,0,1.0,0.0,0.0,0,0,0
1780579128.8343253,0,0.3499999940395355,0,0,900,900,423158243,73,77,0.0,0.0,31.1200008392334,44.59476089477539,0,0,0.6000000238418579,0,0,1,0,0,8,0,0,0,8,99,1,0.0,0.0,22.540000915527344,28.40812110900879,1.5,0,0,1.0,-1.0,0.0,0,0,0
1780579128.8544433,0,0.3499999940395355,0,0,900,900,423158243,73,77,0.0,0.0,31.1200008392334,44.59476089477539,0,0,0.6000000238418579,0,0,1,0,0,8,0,0,0,8,99,1,0.0,0.0,22.540000915527344,28.40812110900879,1.5,0,0,1.0,-1.0,0.0,0,0,0
1780579128.8749707,0,0.3499999940395355,0,0,900,900,423158243,73,77,0.0,0.0,31.1200008392334,44.59476089477539,0,0,0.6000000238418579,0,0,1,0,0,8,0,0,0,8,99,1,0.0,0.0,22.540000915527344,28.40812110900879,1.5,0,0,1.0,-1.0,0.0,0,0,0
1780579128.8943982,0,0.3499999940395355,0,0,900,900,423158243,73,77,0.0,0.0,31.1200008392334,44.59476089477539,0,0,0.6000000238418579,0,0,1,0,0,8,0,0,0,8,99,1,0.0,0.0,22.540000915527344,28.40812110900879,1.5,0,0,1.0,0.0,0.0,0,0,0
1780579128.9140315,0,0.3499999940395355,0,0,900,900,423158243,73,77,0.0,0.0,31.1200008392334,44.59476089477539,0,0,0.6000000238418579,0,0,1,0,0,8,0,0,0,8,99,1,0.0,0.0,22.540000915527344,28.40812110900879,1.5,0,0,1.0,0.0,0.0,0,0,0
1780579128.9343553,0,0.3499999940395355,0,0,900,900,423158243,73,77,0.0,0.0,31.1200008392334,44.59476089477539,0,0,0.6000000238418579,0,0,1,0,0,8,0,0,0,8,99,1,0.0,0.0,22.540000915527344,28.408123016357422,1.5,0,0,1.0,0.0,0.0,0,0,0
1780579128.9539282,0,0.3499999940395355,0,0,900,900,423158243,73,77,0.0,0.0,31.1200008392334,44.59476089477539,0,0,0.6000000238418579,0,0,1,0,0,8,0,0,0,8,99,1,0.0,0.0,22.540000915527344,28.40812110900879,1.5,0,0,1.0,0.0,0.0,0,0,0
1780579128.9744325,0,0.3499999940395355,0,0,900,900,423158243,73,77,0.0,0.0,31.1200008392334,44.59476089477539,0,0,0.6000000238418579,0,0,1,0,0,8,0,0,0,8,99,1,0.0,0.0,22.540000915527344,28.40812110900879,1.5,0,0,1.0,0.0,0.0,0,0,0
1780579128.9940612,0,0.3499999940395355,0,0,900,900,423158243,73,77,0.0,0.0,31.1200008392334,44.59476089477539,0,0,0.6000000238418579,0,0,1,0,0,8,0,0,0,8,99,1,0.0,0.0,22.540000915527344,28.40812110900879,1.5,0,0,1.0,0.0,0.0,0,0,0
1780579129.0149848,0,0.3499999940395355,0,0,900,900,423158243,73,77,0.0,0.0,31.1200008392334,44.59476089477539,0,0,0.6000000238418579,0,0,1,0,0,8,0,0,0,8,99,1,0.0,0.0,22.540000915527344,28.40812110900879,1.5,0,0,1.0,0.0,0.0,0,0,0
1780579129.034192,0,0.3499999940395355,0,0,900,900,423158243,73,77,0.0,0.0,31.1200008392334,44.59476089477539,0,0,0.6000000238418579,0,0,1,0,0,8,0,0,0,8,99,1,0.0,0.0,22.540000915527344,28.40812110900879,1.5,0,0,1.0,0.0,0.0,0,0,0
1780579129.0543454,0,0.3499999940395355,0,0,900,900,423158243,73,77,0.0,0.0,31.1200008392334,44.59476089477539,0,0,0.6000000238418579,0,0,1,0,0,8,0,0,0,8,99,1,0.0,0.0,22.540000915527344,28.40812110900879,1.5,0,0,1.0,0.0,0.0,0,0,0
1780579129.0740836,0,0.3499999940395355,0,0,900,900,423158243,73,77,0.0,0.0,31.1200008392334,44.59476089477539,0,0,0.6000000238418579,0,0,1,0,0,8,0,0,0,8,99,1,0.0,0.0,22.540000915527344,28.40812110900879,1.5,0,0,1.0,0.0,0.0,0,0,0
1780579129.0938032,0,0.3499999940395355,0,0,900,900,423158243,73,77,0.0,0.0,31.1200008392334,44.59476089477539,0,0,0.6000000238418579,0,0,1,0,0,8,0,0,0,8,99,1,0.0,0.0,22.540000915527344,28.40812110900879,1.5,0,0,1.0,0.0,0.0,0,0,0
1780579129.114167,0,0.3499999940395355,0,0,900,900,423158243,73,77,0.0,0.0,31.1200008392334,44.59476089477539,0,0,0.6000000238418579,0,0,1,0,0,8,0,0,0,8,99,1,0.0,0.0,22.540000915527344,28.40812110900879,1.5,0,0,1.0,0.0,0.0,0,0,0
1780579129.134343,0,0.3499999940395355,0,0,900,900,423158243,73,77,0.0,0.0,31.1200008392334,44.59476089477539,0,0,0.6000000238418579,0,0,1,0,0,8,0,0,0,8,99,1,0.0,0.0,22.540000915527344,28.40812110900879,1.5,0,0,1.0,0.0,0.0,0,0,0
1780579129.1541996,0,0.3499999940395355,0,0,900,900,423158243,73,77,0.0,0.0,31.1200008392334,44.59476089477539,0,0,0.6000000238418579,0,0,1,0,0,8,0,0,0,8,99,1,0.0,0.0,22.540000915527344,28.40812110900879,1.5,0,0,1.0,0.0,0.0,0,0,0
1780579129.1736946,0,0.3499999940395355,0,0,900,900,423158243,73,77,0.0,0.0,31.1200008392334,44.59476089477539,0,0,0.6000000238418579,0,0,1,0,0,8,0,0,0,8,99,1,0.0,0.0,22.540000915527344,28.40812110900879,1.5,0,0,1.0,0.0,0.0,0,0,0
1780579129.194591,0,0.3499999940395355,0,0,900,900,423158243,73,77,0.0,0.0,31.1200008392334,44.59476089477539,1,0,0.6000000238418579,0,0,1,0,0,8,0,0,0,8,99,1,0.0,0.0,22.540000915527344,28.40812110900879,1.5,0,0,1.0,0.0,0.0,0,0,0
1780579129.2146952,0,0.3499999940395355,0,0,900,900,423158243,73,77,0.0,0.0,31.1200008392334,44.59476089477539,1,0,0.6000000238418579,0,0,1,0,0,8,0,0,0,8,99,1,8.1799898147583,0.0,22.694204330444336,28.40812110900879,1.5,0,0,1.0,0.0,0.0,0,0,0
1780579129.234018,0,0.3499999940395355,0,0,900,900,423158243,73,77,0.0,0.0,31.1200008392334,44.59476089477539,1,0,0.6000000238418579,0,0,1,0,0,8,0,0,0,8,99,1,8.300000190734863,0.0,22.85990333557129,28.40812110900879,1.5,0,0,1.0,0.0,0.0,0,0,0
1780579129.254053,0,0.3499999940395355,0,0,900,900,423158243,73,77,0.0,0.0,31.1200008392334,44.59476089477539,1,0,0.6000000238418579,0,0,1,0,0,8,0,0,0,8,99,1,8.300000190734863,0.0,23.02573585510254,28.40812110900879,1.5,0,0,1.0,0.0,0.0,0,0,0
1780579129.2745688,0,0.3499999940395355,0,0,900,900,423158243,73,77,0.0,0.0,31.1200008392334,44.59476089477539,1,0,0.6000000238418579,0,0,1,0,0,8,0,0,0,8,99,1,8.300000190734863,0.0,23.191570281982422,28.40812110900879,1.5,0,0,1.0,0.0,0.0,0,0,0
1780579129.2943943,0,0.3499999940395355,0,0,900,900,423158243,73,77,0.0,0.0,31.1200008392334,44.59476089477539,1,0,0.6000000238418579,0,0,1,0,0,8,0,0,0,8,99,1,8.300000190734863,0.0,23.357404708862305,28.40812110900879,1.5,0,0,1.0,0.0,0.0,0,0,0
1780579129.3141088,0,0.3499999940395355,0,0,900,900,423158243,73,77,0.0,0.0,31.1200008392334,44.59476089477539,1,0,0.6000000238418579,0,0,1,0,0,8,0,0,0,8,99,1,8.300000190734863,0.0,23.523239135742188,28.40812110900879,1.5,0,0,1.0,0.0,0.0,0,0,0
1780579129.3343866,0,0.3499999940395355,0,0,900,900,423158243,73,77,0.0,0.0,31.1200008392334,44.59476089477539,1,0,0.6000000238418579,0,0,1,0,0,8,0,0,0,8,99,1,8.300000190734863,0.0,23.68907356262207,28.40812110900879,1.5,0,0,1.0,0.0,0.0,0,0,0
1780579129.3544114,0,0.3499999940395355,0,0,900,900,423158243,73,77,0.0,0.0,31.1200008392334,44.59476089477539,1,0,0.6000000238418579,0,0,1,0,0,8,0,0,0,8,99,1,8.300000190734863,0.0,23.854907989501953,28.40812110900879,1.5,0,0,1.0,0.0,0.0,0,0,0
1780579129.374196,0,0.3499999940395355,0,0,900,900,423158243,73,77,0.0,0.0,31.1200008392334,44.59476089477539,1,0,0.6000000238418579,0,0,1,0,0,8,0,0,0,8,99,1,8.300000190734863,0.0,24.02074432373047,28.40812110900879,1.5,0,0,1.0,0.0,0.0,0,0,0
1780579129.3943043,0,0.3499999940395355,0,0,900,900,423158243,73,77,0.0,0.0,31.1200008392334,44.59476089477539,1,0,0.6000000238418579,0,0,1,0,0,8,0,0,0,8,99,1,8.300000190734863,0.0,24.18657684326172,28.40812110900879,1.5,0,0,1.0,0.0,0.0,0,0,0
1780579129.4139874,0,0.3499999940395355,0,0,900,900,423158243,73,77,0.0,0.0,31.1200008392334,44.59476089477539,1,0,0.6000000238418579,0,0,1,0,0,8,0,0,0,8,99,1,8.300000190734863,0.0,24.3524112701416,28.40812110900879,1.5,0,0,1.0,0.0,0.0,0,0,0
1780579129.4338608,0,0.3499999940395355,0,0,900,900,423158243,73,77,0.0,0.0,31.1200008392334,44.59476089477539,1,0,0.6000000238418579,0,0,1,0,0,8,0,0,0,8,99,1,8.300000190734863,0.0,24.518245697021484,28.40812110900879,1.5,0,0,1.0,0.0,0.0,0,0,0
1780579129.4546933,0,0.3499999940395355,0,0,900,900,423158243,73,77,0.0,0.0,31.1200008392334,44.59476089477539,1,0,0.6000000238418579,0,0,1,0,0,8,0,0,0,8,99,1,8.300000190734863,0.0,24.684080123901367,28.40812110900879,1.5,0,0,1.0,0.0,0.0,0,0,0
1780579129.474363,0,0.3499999940395355,0,0,900,900,423158243,73,77,0.0,0.0,31.1200008392334,44.59476089477539,1,0,0.6000000238418579,0,0,1,0,0,8,0,0,0,8,99,1,8.300000190734863,0.0,24.84991455078125,28.408123016357422,1.5,0,0,1.0,0.0,0.0,0,0,0
1780579129.4940453,0,0.3499999940395355,0,0,900,900,423158243,73,77,0.0,0.0,31.1200008392334,44.59476089477539,1,0,0.6000000238418579,0,0,1,0,0,8,0,0,0,8,99,1,8.300000190734863,0.0,25.015748977661133,28.40812110900879,1.5,0,0,1.0,0.0,0.0,0,0,0
1780579129.5142536,0,0.3499999940395355,0,0,900,900,423158243,73,77,0.0,0.0,31.1200008392334,44.59476089477539,1,0,0.6000000238418579,0,0,1,0,0,8,0,0,0,8,99,1,8.300000190734863,0.0,25.181583404541016,28.40812110900879,1.5,0,0,1.0,0.0,0.0,0,0,0
1780579129.5343728,0,0.3499999940395355,0,0,900,900,423158243,73,77,0.0,0.0,31.1200008392334,44.59476089477539,1,0,0.6000000238418579,0,0,1,0,0,8,0,0,0,8,99,1,8.300000190734863,0.0,25.34741973876953,28.40812110900879,1.5,0,0,1.0,0.0,0.0,0,0,0
1780579129.5540085,0,0.3499999940395355,0,0,900,900,423158243,73,77,0.0,0.0,31.1200008392334,44.59476089477539,1,0,0.6000000238418579,0,0,1,0,0,8,0,0,0,8,99,1,8.300000190734863,0.0,25.513254165649414,28.40812110900879,1.5,0,0,1.0,0.0,0.0,0,0,0
1780579129.57414,0,0.3499999940395355,0,0,900,900,423158243,73,77,0.0,0.0,31.1200008392334,44.59476089477539,1,0,0.6000000238418579,0,0,1,0,0,8,0,0,0,8,99,1,8.300000190734863,0.0,25.679088592529297,28.40812110900879,1.5,0,0,1.0,0.0,0.0,0,0,0
1780579129.5947003,0,0.3499999940395355,0,0,900,900,423158243,73,77,0.0,0.0,31.1200008392334,44.59476089477539,1,0,0.6000000238418579,0,0,1,0,0,8,0,0,0,8,99,1,8.300000190734863,0.0,25.84492301940918,28.40812110900879,1.5,0,0,1.0,0.0,0.0,0,0,0
1780579129.61455,0,0.3499999940395355,0,0,900,900,423158243,73,77,0.0,0.0,31.1200008392334,44.59476089477539,1,0,0.6000000238418579,0,0,1,0,0,8,0,0,0,8,99,1,8.300000190734863,0.0,26.010757446289062,28.408123016357422,1.5,0,0,1.0,0.0,0.0,0,0,0
1780579129.6344988,0,0.3499999940395355,0,0,900,900,423158243,73,77,0.0,0.0,31.1200008392334,44.59476089477539,1,0,0.6000000238418579,0,0,1,0,0,8,0,0,0,8,99,1,8.300000190734863,0.0,26.176589965820312,28.408119201660156,1.5,0,0,1.0,0.0,0.0,0,0,0
1780579129.6539414,0,0.3499999940395355,0,0,900,900,423158243,73,77,0.0,0.0,31.1200008392334,44.59476089477539,1,0,0.6000000238418579,0,0,1,0,0,8,0,0,0,8,99,1,8.300000190734863,0.0,26.342424392700195,28.40812110900879,1.5,0,0,1.0,0.0,0.0,0,0,0
1780579129.6742115,0,0.3499999940395355,0,0,900,900,423158243,73,77,0.0,0.0,31.1200008392334,44.59476089477539,1,0,0.6000000238418579,0,0,1,0,0,8,0,0,0,8,99,1,8.300000190734863,0.0,26.508258819580078,28.40812110900879,1.5,0,0,1.0,0.0,0.0,0,0,0
1780579129.694286,0,0.3499999940395355,0,0,900,900,423158243,73,77,0.0,0.0,31.1200008392334,44.59476089477539,1,0,0.6000000238418579,0,0,1,0,0,8,0,0,0,8,99,1,8.300000190734863,0.0,26.67409324645996,28.40812110900879,1.5,0,0,1.0,0.0,0.0,0,0,0
1780579129.714345,0,0.3499999940395355,0,0,900,900,423158243,73,77,0.0,0.0,31.1200008392334,44.59476089477539,1,0,0.6000000238418579,0,0,1,0,0,8,0,0,0,8,99,1,8.300000190734863,0.0,26.839927673339844,28.40812110900879,1.5,0,0,1.0,0.0,0.0,0,0,0
1780579129.7346792,0,0.3499999940395355,0,0,900,900,423158243,73,77,0.0,0.0,31.1200008392334,44.59476089477539,1,0,0.6000000238418579,0,0,1,0,0,8,0,0,0,8,99,1,8.300000190734863,0.0,27.005762100219727,28.40812110900879,1.5,0,0,1.0,0.0,0.0,0,0,0
1780579129.7542534,0,0.3499999940395355,0,0,900,900,423158243,73,77,0.0,0.0,31.1200008392334,44.59476089477539,1,0,0.6000000238418579,0,0,1,0,0,8,0,0,0,8,99,1,8.300000190734863,0.0,27.17159652709961,28.40812110900879,1.5,0,0,1.0,0.0,0.0,0,0,0
1780579129.7743979,0,0.3499999940395355,0,0,900,900,423158243,73,77,0.0,0.0,31.1200008392334,44.59476089477539,1,0,0.6000000238418579,0,0,1,0,0,8,0,0,0,8,99,1,8.300000190734863,0.0,27.337430953979492,28.40812110900879,1.5,0,0,1.0,0.0,0.0,0,0,0
1780579129.7941425,0,0.3499999940395355,0,0,900,900,423158243,73,77,0.0,0.0,31.1200008392334,44.59476089477539,1,0,0.6000000238418579,0,0,1,0,0,8,0,0,0,8,99,1,8.300000190734863,0.0,27.503267288208008,28.40812110900879,1.5,0,0,1.0,0.0,0.0,0,0,0
1780579129.8142471,0,0.3499999940395355,0,0,900,900,423158243,73,77,0.0,0.0,31.1200008392334,44.59476089477539,1,0,0.6000000238418579,0,0,1,0,0,8,0,0,0,8,99,1,8.300000190734863,0.0,27.66910171508789,28.40812110900879,1.5,0,0,1.0,0.0,0.0,0,0,0
1780579129.834422,0,0.3499999940395355,0,0,900,900,423158243,73,77,0.0,0.0,31.1200008392334,44.59476089477539,1,0,0.6000000238418579,0,0,1,0,0,8,0,0,0,8,99,1,8.300000190734863,0.0,27.83493423461914,28.40812110900879,1.5,0,0,1.0,0.0,0.0,0,0,0
1780579129.854591,0,0.3499999940395355,0,0,900,900,423158243,73,77,0.0,0.0,31.1200008392334,44.59476089477539,1,0,0.6000000238418579,0,0,1,0,0,8,0,0,0,8,99,1,8.300000190734863,0.0,28.000768661499023,28.40812110900879,1.5,0,0,0.0,0.0,0.0,0,0,0
1780579129.8744795,0,0.3499999940395355,0,0,900,900,423158243,74,77,0.0,0.0,31.1200008392334,44.59476089477539,1,0,0.6000000238418579,0,0,1,0,0,8,0,0,0,8,99,1,8.300000190734863,0.0,28.166603088378906,28.40812110900879,1.5,0,0,0.0,0.0,0.0,0,0,0
1780579129.8941982,0,0.3499999940395355,0,0,900,900,423158243,74,77,0.0,-1.7999992370605469,31.1200008392334,44.55876159667969,1,0,0.6000000238418579,0,0,1,0,0,8,0,0,0,8,99,1,0.0,0.0,28.181612014770508,28.40812110900879,1.5,0,0,0.0,0.0,0.0,0,0,0
1780579129.914207,0,0.3499999940395355,0,0,900,900,423158243,74,77,0.0,-3.5999984741210938,31.1200008392334,44.48676300048828,1,0,0.6000000238418579,0,0,1,0,0,8,0,0,0,8,99,1,0.0,0.0,28.181612014770508,28.40812110900879,1.5,0,0,0.0,0.0,0.0,0,0,0
1780579129.934245,0,0.3499999940395355,0,0,900,900,423158243,74,77,0.0,-5.399997711181641,31.1200008392334,44.378761291503906,1,0,0.6000000238418579,0,0,1,0,0,8,0,0,0,8,99,1,0.0,0.0,28.181612014770508,28.40812110900879,1.5,0,0,0.0,0.0,0.0,0,0,0
1780579129.9546335,0,0.3499999940395355,0,0,900,900,423158243,74,77,0.0,-7.1999969482421875,31.1200008392334,44.23476028442383,1,0,0.6000000238418579,0,0,1,0,0,8,0,0,0,8,99,1,0.0,0.0,28.181612014770508,28.40812110900879,1.5,0,0,0.0,0.0,0.0,0,0,0
1780579129.974422,0,0.3499999940395355,0,0,900,900,423158243,74,77,0.0,-8.999996185302734,31.1200008392334,44.05475997924805,1,0,0.6000000238418579,0,0,1,0,0,8,0,0,0,8,99,1,0.0,0.0,28.181612014770508,28.40812110900879,1.5,0,0,0.0,0.0,0.0,0,0,0
1780579129.9943688,0,0.3499999940395355,0,0,900,900,423158243,74,77,0.0,-10.799995422363281,31.1200008392334,43.83876037597656,1,0,0.6000000238418579,0,0,1,0,0,8,0,0,0,8,99,1,0.0,0.0,28.181612014770508,28.40812110900879,1.5,0,0,0.0,0.0,0.0,0,0,0
1780579130.0145793,0,0.3499999940395355,0,0,900,900,423158243,74,77,0.0,-12.599994659423828,31.1200008392334,43.586761474609375,1,0,0.6000000238418579,0,0,1,0,0,8,0,0,0,8,99,1,0.0,0.0,28.181612014770508,28.40812110900879,1.5,0,0,0.0,0.0,0.0,0,0,0
1780579130.0342526,0,0.3499999940395355,0,0,900,900,423158243,74,77,0.0,-14.399993896484375,31.1200008392334,43.298763275146484,1,0,0.6000000238418579,0,0,1,0,0,8,0,0,0,8,99,1,0.0,0.0,28.181610107421875,28.40812110900879,1.5,0,0,0.0,0.0,0.0,0,0,0
1780579130.0541446,0,0.3499999940395355,0,0,900,900,423158243,74,77,0.0,-16.199993133544922,31.1200008392334,42.974761962890625,1,0,0.6000000238418579,0,0,1,0,0,8,0,0,0,8,99,1,0.0,0.0,28.181612014770508,28.40812110900879,1.5,0,0,0.0,0.0,0.0,0,0,0
1780579130.0744407,0,0.3499999940395355,0,0,900,900,423158243,74,77,0.0,-17.99999237060547,31.1200008392334,42.61476135253906,1,0,0.6000000238418579,0,0,1,0,0,8,0,0,0,8,99,1,0.0,0.0,28.181612014770508,28.40812110900879,1.5,0,0,0.0,0.0,0.0,0,0,0
1780579130.0944657,0,0.3499999940395355,0,0,900,900,423158243,74,77,0.0,-19.799991607666016,31.1200008392334,42.2187614440918,1,0,0.6000000238418579,0,0,1,0,0,8,0,0,0,8,99,1,0.0,0.0,28.181612014770508,28.40812110900879,1.5,0,0,0.0,0.0,0.0,0,0,0
1780579130.1141815,0,0.3499999940395355,0,0,900,900,423158243,74,77,0.0,-21.599990844726562,31.1200008392334,41.78676223754883,1,0,0.6000000238418579,0,0,1,0,0,8,0,0,0,8,99,1,0.0,0.0,28.181612014770508,28.40812110900879,1.5,0,0,0.0,0.0,0.0,0,0,0
1780579130.1343663,0,0.3499999940395355,0,0,900,900,423158243,74,77,0.0,-23.39999008178711,31.1200008392334,41.318763732910156,1,0,0.6000000238418579,0,0,1,0,0,8,0,0,0,8,99,1,0.0,0.0,28.181612014770508,28.40812110900879,1.5,0,0,0.0,0.0,0.0,0,0,0
1780579130.1542795,0,0.3499999940395355,0,0,900,900,423158243,74,77,0.0,-25.199989318847656,31.1200008392334,40.81476593017578,1,0,0.6000000238418579,0,0,1,0,0,8,0,0,0,8,99,1,0.0,0.0,28.18161392211914,28.408123016357422,1.5,0,0,0.0,0.0,0.0,0,0,0
1780579130.1739872,0,0.3499999940395355,0,0,900,900,423158243,74,77,0.0,-26.999988555908203,31.1200008392334,40.27476501464844,1,0,0.6000000238418579,0,0,1,0,0,8,0,0,0,8,99,1,0.0,0.0,28.181612014770508,28.408119201660156,1.5,0,0,0.0,0.0,0.0,0,0,0
1780579130.1951678,0,0.3499999940395355,0,0,900,900,423158243,74,77,0.0,-28.79998779296875,31.1200008392334,39.69876480102539,1,0,0.6000000238418579,0,0,1,0,0,8,0,0,0,8,99,1,0.0,0.0,28.181612014770508,28.40812110900879,1.5,0,0,0.0,0.0,0.0,0,0,0
1780579130.214735,0,0.3499999940395355,0,0,900,900,423158243,74,77,0.0,-30.599987030029297,31.1200008392334,39.08676528930664,1,0,0.6000000238418579,0,0,1,0,0,8,0,0,0,8,99,1,0.0,0.0,28.181612014770508,28.40812110900879,1.5,0,0,0.0,0.0,0.0,0,0,0
1780579130.2346883,0,0.3499999940395355,0,0,900,900,423158243,74,77,0.0,-32.399986267089844,31.1200008392334,38.43876647949219,1,0,0.6000000238418579,0,0,1,0,0,8,0,0,0,8,99,1,0.0,0.0,28.181612014770508,28.40812110900879,1.5,0,0,0.0,0.0,0.0,0,0,0
1780579130.2545877,0,0.3499999940395355,0,0,900,900,423158243,74,77,0.0,-34.19998550415039,31.1200008392334,37.75476837158203,1,0,0.6000000238418579,0,0,1,0,0,8,0,0,0,8,99,1,0.0,0.0,28.181612014770508,28.40812110900879,1.5,0,0,0.0,0.0,0.0,0,0,0
1780579130.2749028,0,0.3499999940395355,0,0,900,900,423158243,74,77,0.0,-35.99998474121094,31.1200008392334,37.034767150878906,1,0,0.6000000238418579,0,0,1,0,0,8,0,0,0,8,99,1,0.0,0.0,28.181612014770508,28.40812110900879,1.5,0,0,0.0,0.0,0.0,0,0,0
1780579130.295525,0,0.3499999940395355,0,0,900,900,423158243,74,77,0.0,-37.799983978271484,31.1200008392334,36.27876663208008,1,0,0.6000000238418579,0,0,1,0,0,8,0,0,0,8,99,1,0.0,0.0,28.181612014770508,28.40812110900879,1.5,0,0,0.0,0.0,0.0,0,0,0
1780579130.3177228,0,0.3499999940395355,0,0,900,900,423158243,74,77,0.0,-39.59998321533203,31.1200008392334,35.48676681518555,1,0,0.6000000238418579,0,0,1,0,0,8,0,0,0,8,99,1,0.0,0.0,28.181612014770508,28.40812110900879,1.5,0,0,0.0,0.0,0.0,0,0,0
1780579130.3366733,0,0.3499999940395355,0,0,900,900,423158243,74,77,0.0,-41.39998245239258,31.1200008392334,34.65876770019531,1,0,0.6000000238418579,0,0,1,0,0,8,0,0,0,8,99,1,0.0,0.0,28.181612014770508,28.40812110900879,1.5,0,0,0.0,0.0,0.0,0,0,0
1780579130.355602,0,0.3499999940395355,0,0,900,900,423158243,74,77,0.0,-43.199981689453125,31.1200008392334,33.794769287109375,1,0,0.6000000238418579,0,0,1,0,0,8,0,0,0,8,99,1,0.0,0.0,28.181612014770508,28.40812110900879,1.5,0,0,0.0,0.0,0.0,0,0,0
1780579130.3751843,0,0.3499999940395355,0,0,900,900,423158243,74,77,0.0,-44.99998092651367,31.1200008392334,32.894771575927734,1,0,0.6000000238418579,0,0,1,0,0,8,0,0,0,8,99,1,0.0,0.0,28.181612014770508,28.40812110900879,1.5,0,0,0.0,0.0,0.0,0,0,0
1780579130.3946505,0,0.3499999940395355,0,0,900,900,423158243,74,77,0.0,-46.79998016357422,31.1200008392334,31.958770751953125,1,0,0.6000000238418579,0,0,1,0,0,8,0,0,0,8,99,1,0.0,0.0,28.181612014770508,28.40812110900879,1.5,0,0,0.0,0.0,0.0,0,0,0
1780579130.4144619,0,0.3499999940395355,0,0,900,900,423158243,74,77,0.0,-48.599979400634766,31.1200008392334,30.986770629882812,1,0,0.6000000238418579,0,0,1,0,0,8,0,0,0,8,99,1,0.0,0.0,28.181612014770508,28.40812110900879,1.5,0,0,0.0,0.0,0.0,0,0,0
1780579130.4341345,0,0.3499999940395355,0,0,900,900,423158243,74,77,0.0,-50.39997863769531,31.1200008392334,29.978771209716797,1,0,0.6000000238418579,0,0,1,0,0,8,0,0,0,8,99,1,0.0,0.0,28.181612014770508,28.40812110900879,1.5,0,0,0.0,0.0,0.0,0,0,0
1780579130.4545364,0,0.3499999940395355,0,0,900,900,423158243,74,77,0.0,-52.19997787475586,31.1200008392334,28.934772491455078,1,0,0.6000000238418579,0,0,1,0,0,8,0,0,0,8,99,1,0.0,0.0,28.181612014770508,28.40812110900879,1.5,0,0,0.0,0.0,0.0,0,0,0
1780579130.4741685,0,0.3499999940395355,0,0,900,900,423158243,75,77,0.0,0.0,31.1200008392334,28.56183433532715,1,0,0.6000000238418579,0,0,1,0,0,8,0,0,0,8,99,1,0.0,0.0,28.181612014770508,28.40812110900879,1.5,0,0,0.0,0.0,0.0,0,0,0
1780579130.4942834,0,0.3499999940395355,0,0,900,900,423158243,75,77,0.0,0.0,31.1200008392334,28.561847686767578,1,0,0.6000000238418579,0,0,1,0,0,8,0,0,0,8,99,1,0.0,0.0,28.181612014770508,28.40812110900879,1.5,0,0,0.0,0.0,0.0,0,0,0
1780579130.5140946,0,0.3499999940395355,0,0,900,900,423158243,75,77,0.0,0.0,31.1200008392334,28.561857223510742,1,0,0.6000000238418579,0,0,1,0,0,8,0,0,0,8,99,1,0.0,0.0,28.181612014770508,28.40812110900879,1.5,0,0,0.0,0.0,0.0,0,0,0
1780579130.534556,0,0.3499999940395355,0,0,900,900,423158243,75,77,0.0,0.0,31.1200008392334,28.56186294555664,1,0,0.6000000238418579,0,0,1,0,0,8,0,0,0,8,99,1,0.0,0.0,28.181612014770508,28.40812110900879,1.5,0,0,0.0,0.0,0.0,0,0,0
1780579130.5546064,0,0.3499999940395355,0,0,900,900,423158243,75,77,0.0,0.0,31.1200008392334,28.561866760253906,1,0,0.6000000238418579,0,0,1,0,0,8,0,0,0,8,99,1,0.0,0.0,28.181612014770508,28.40812110900879,1.5,0,0,0.0,0.0,0.0,0,0,0
1780579130.5745766,0,0.3499999940395355,0,0,900,900,423158243,75,77,0.0,0.0,31.1200008392334,28.561870574951172,1,0,0.6000000238418579,0,0,1,0,0,8,0,0,0,8,99,1,0.0,0.0,28.181612014770508,28.40812110900879,1.5,0,0,0.0,0.0,0.0,0,0,0
1780579130.5944297,0,0.3499999940395355,0,0,900,900,423158243,75,77,0.0,0.0,31.1200008392334,28.561870574951172,1,0,0.6000000238418579,0,0,1,0,0,8,0,0,0,8,99,1,0.0,0.0,28.181612014770508,28.40812110900879,1.5,0,0,0.0,0.0,0.0,0,0,0
1780579130.6144571,0,0.3499999940395355,0,0,900,900,423158243,75,77,0.0,0.0,31.1200008392334,28.561870574951172,1,0,0.6000000238418579,0,0,1,0,0,8,0,0,0,8,99,1,0.0,0.0,28.181612014770508,28.40812110900879,1.5,0,0,0.0,0.0,0.0,0,0,0
1780579130.6342347,0,0.3499999940395355,0,0,900,900,423158243,75,77,0.0,0.0,31.1200008392334,28.561870574951172,1,0,0.6000000238418579,0,0,1,0,0,8,0,0,0,8,99,1,0.0,0.0,28.181612014770508,28.40812110900879,1.5,0,0,0.0,0.0,0.0,0,0,0
1780579130.6541789,0,0.3499999940395355,0,0,900,900,423158243,75,77,0.0,0.0,31.1200008392334,28.561870574951172,1,0,0.6000000238418579,0,0,1,0,0,8,0,0,0,8,99,1,0.0,0.0,28.181612014770508,28.40812110900879,1.5,0,0,0.0,0.0,0.0,0,0,0
1780579130.6741333,0,0.3499999940395355,0,0,900,900,423158243,75,77,0.0,0.0,31.1200008392334,28.561870574951172,1,0,0.6000000238418579,0,0,1,0,0,8,0,0,0,8,99,1,0.0,0.0,28.181612014770508,28.40812110900879,1.5,0,0,0.0,0.0,0.0,0,0,0
1780579130.6943648,0,0.3499999940395355,0,0,900,900,423158243,75,77,0.0,0.0,31.1200008392334,28.561870574951172,1,0,0.6000000238418579,0,0,1,0,0,8,0,0,0,8,99,1,0.0,0.0,28.181612014770508,28.40812110900879,1.5,0,0,0.0,0.0,0.0,0,0,0
1780579130.7145216,0,0.3499999940395355,0,0,900,900,423158243,68,77,0.0,0.0,31.1200008392334,28.561870574951172,1,0,0.6000000238418579,0,0,1,0,0,8,0,0,0,8,99,1,0.0,0.0,28.181612014770508,28.40812110900879,1.5,0,0,1.0,0.0,0.0,0,0,0
1780579130.7344897,0,0.3499999940395355,0,0,900,900,423158243,68,77,0.0,0.0,31.1200008392334,28.561870574951172,1,0,0.6000000238418579,0,0,1,0,0,8,0,0,0,8,99,1,0.0,0.0,28.181612014770508,28.40812110900879,1.5,0,0,1.0,-1.0,0.0,0,0,0
1780579130.754418,0,0.3499999940395355,0,0,900,900,423158243,68,77,0.0,0.0,31.1200008392334,28.561870574951172,1,0,0.6000000238418579,0,0,1,0,0,8,0,0,0,8,99,1,0.0,0.0,28.181612014770508,28.40812110900879,1.5,0,0,1.0,-1.0,0.0,0,0,1
1780579130.774489,0,0.3499999940395355,1,0,900,900,423158243,68,77,0.0,0.0,31.1200008392334,28.561870574951172,0,0,0.6000000238418579,0,0,1,0,0,8,0,1,0,8,99,1,8.300000190734863,0.0,28.341712951660156,28.40812110900879,1.5,0,0,1.0,-1.0,0.0,0,0,1
1780579130.7941403,0,0.3499999940395355,1,0,900,900,423158243,68,77,0.0,0.0,31.1200008392334,28.561870574951172,0,0,0.6000000238418579,0,0,1,0,0,8,0,1,0,8,99,1,8.300000190734863,0.0,28.507545471191406,28.40812110900879,1.5,0,0,1.0,-1.0,0.0,0,0,1
1780579130.8146873,0,0.3499999940395355,1,0,879,900,423158243,68,77,0.0,0.0,31.1200008392334,28.561870574951172,0,0,0.6000000238418579,0,0,1,0,0,8,0,1,0,8,99,1,-3.75,0.0,28.67337989807129,28.40812110900879,1.5,0,11,1.0,-1.0,0.0,0,0,1
1780579130.8345206,0,0.3499999940395355,1,0,879,900,423158243,68,77,0.0,0.0,31.420000076293945,28.561870574951172,0,0,0.6000000238418579,0,0,1,0,0,8,0,1,0,8,99,1,-3.75,0.0,28.60750389099121,28.408119201660156,1.5,0,11,1.0,-1.0,0.0,0,0,1
1780579130.8540194,0,0.3499999940395355,1,0,879,900,423158243,68,77,0.0,0.0,31.719999313354492,28.561870574951172,0,0,0.6000000238418579,0,0,1,0,0,8,0,1,0,8,99,1,-3.75,0.0,28.532577514648438,28.40812110900879,1.5,0,11,1.0,-1.0,0.0,0,0,1
1780579130.8744164,0,0.3499999940395355,1,0,879,900,423158243,68,77,0.0,0.0,32.02000045776367,28.561870574951172,1,0,0.6000000238418579,0,0,1,0,0,8,0,1,0,8,99,1,-3.75,0.0,28.457651138305664,28.40812110900879,1.5,0,11,1.0,-1.0,0.0,0,0,1
1780579130.8942108,0,0.3499999940395355,1,0,879,900,423158243,68,77,0.0,0.0,32.31999969482422,28.561870574951172,1,0,0.6000000238418579,0,0,1,0,0,8,0,1,0,8,99,1,-3.75,0.0,28.382726669311523,28.40812110900879,1.5,0,11,1.0,-1.0,0.0,0,0,1
1780579130.9147859,0,0.3499999940395355,1,0,879,900,423158243,68,77,0.0,0.0,32.619998931884766,28.561870574951172,1,0,0.6000000238418579,0,0,1,0,0,8,0,1,0,8,99,1,-3.75,0.0,28.30780029296875,28.40812110900879,1.5,0,11,1.0,-1.0,0.0,0,0,0
1780579130.9341934,0,0.3499999940395355,1,0,879,900,423158243,68,77,0.0,0.0,32.91999816894531,28.561870574951172,1,0,0.6000000238418579,0,0,1,0,0,8,0,1,0,8,99,1,-3.75,0.0,28.232873916625977,28.40812110900879,1.5,0,11,1.0,-1.0,0.0,0,0,0
1780579130.954478,0,0.3499999940395355,1,0,879,900,423158243,68,77,0.0,0.0,33.21999740600586,28.561870574951172,1,0,0.6000000238418579,0,0,1,0,0,8,0,1,0,8,99,1,-3.75,0.0,28.157947540283203,28.40812110900879,1.5,0,11,1.0,-1.0,0.0,0,0,0
1780579130.9742932,0,0.3499999940395355,1,0,879,900,423158243,68,77,0.0,0.0,33.519996643066406,28.561870574951172,1,0,0.6000000238418579,0,0,1,0,0,8,0,1,0,8,99,1,-3.75,0.0,28.083023071289062,28.40812110900879,1.5,0,11,1.0,-1.0,0.0,0,0,0
1780579130.994443,0,0.3499999940395355,1,0,879,900,423158243,68,77,0.0,0.0,33.519996643066406,28.561870574951172,1,0,0.6000000238418579,0,0,1,0,0,8,0,1,0,8,99,1,-3.75,0.0,28.00809669494629,28.40812110900879,1.5,0,11,1.0,-1.0,0.0,0,0,0
1780579131.014559,0,0.3499999940395355,1,0,879,900,423158243,68,77,0.0,0.0,33.519996643066406,28.561870574951172,1,0,0.6000000238418579,0,0,1,0,0,8,0,1,0,8,99,1,8.300000190734863,0.0,28.162715911865234,28.40812110900879,1.5,0,11,1.0,-1.0,0.0,0,0,0
1780579131.0342436,0,0.3499999940395355,1,0,879,900,423158243,68,77,0.0,0.0,33.519996643066406,28.561870574951172,1,0,0.6000000238418579,0,0,1,0,0,8,0,1,0,8,99,1,8.300000190734863,0.0,28.328550338745117,28.40812110900879,1.5,0,11,1.0,-1.0,0.0,0,0,0
1780579131.0536478,0,0.3499999940395355,1,0,879,900,423158243,68,77,0.0,0.0,33.519996643066406,28.561870574951172,1,0,0.6000000238418579,0,0,1,0,0,8,0,1,0,8,99,1,8.300000190734863,0.0,28.494382858276367,28.40812110900879,1.5,0,11,1.0,-1.0,0.0,0,0,0
1780579131.0742524,0,0.3499999940395355,1,0,879,900,423158243,68,77,0.0,0.0,33.519996643066406,28.561870574951172,1,0,0.6000000238418579,0,0,1,0,0,8,0,1,0,8,99,1,8.300000190734863,0.0,28.66021728515625,28.40812110900879,1.5,0,11,1.0,-1.0,0.0,0,0,0
1780579131.094785,0,0.3499999940395355,1,0,879,900,423158243,68,77,0.0,0.0,33.519996643066406,28.561870574951172,1,0,0.6000000238418579,0,0,1,0,0,8,0,1,0,8,99,1,8.300000190734863,0.0,28.826051712036133,28.40812110900879,1.5,0,11,1.0,-1.0,0.0,0,0,1
1780579131.114165,0,0.3499999940395355,1,0,879,900,423158243,68,77,0.0,0.0,33.519996643066406,28.561870574951172,1,0,0.6000000238418579,0,0,1,0,0,8,0,1,0,8,99,1,8.300000190734863,0.0,28.991886138916016,28.40812110900879,1.5,0,11,1.0,-1.0,0.0,0,0,1
1780579131.1344643,0,0.3499999940395355,0,0,879,900,423158243,68,77,0.0,0.0,33.519996643066406,28.561870574951172,1,0,0.6000000238418579,0,0,1,0,0,8,0,0,0,8,99,1,8.300000190734863,0.0,29.1577205657959,28.40812110900879,1.5,0,11,1.0,-1.0,0.0,0,0,1
1780579131.1546288,0,0.3499999940395355,0,0,879,900,423158243,68,77,0.0,0.0,33.519996643066406,28.561870574951172,1,0,0.6000000238418579,0,0,1,0,0,8,0,0,0,8,99,1,8.300000190734863,0.0,29.32355499267578,28.40812110900879,1.5,0,11,1.0,-1.0,0.0,0,0,1
1780579131.1744845,0,0.3499999940395355,0,0,879,900,423158243,68,77,0.0,0.0,33.519996643066406,28.561870574951172,1,0,0.6000000238418579,0,0,1,0,0,8,0,0,0,8,99,1,8.300000190734863,0.0,29.489389419555664,28.40812110900879,1.5,0,11,1.0,-1.0,0.0,0,0,1
1780579131.1940975,0,0.3499999940395355,1,0,879,900,423158243,68,77,0.0,0.0,33.519996643066406,28.561870574951172,0,0,0.6000000238418579,0,0,1,0,0,8,0,1,0,8,99,1,8.300000190734863,0.0,29.655223846435547,28.40812110900879,1.5,0,11,1.0,-1.0,0.0,0,0,1
1780579131.2146428,0,0.3499999940395355,1,0,879,900,423158243,68,77,0.0,0.0,33.519996643066406,28.561870574951172,0,0,0.6000000238418579,0,0,1,0,0,8,0,1,0,8,99,1,8.300000190734863,0.0,29.821060180664062,28.40812110900879,1.5,0,11,1.0,-1.0,0.0,0,0,1
1780579131.2345996,0,0.3499999940395355,1,0,858,900,423158243,68,77,0.0,0.0,33.519996643066406,28.561870574951172,0,0,0.6000000238418579,0,0,1,0,0,8,0,1,0,8,99,1,-3.75,0.0,29.986894607543945,28.40812110900879,1.5,0,22,1.0,-1.0,0.0,0,0,1
1780579131.2542198,0,0.3499999940395355,1,0,858,900,423158243,68,77,0.0,0.0,33.81999588012695,28.561870574951172,0,0,0.6000000238418579,0,0,1,0,0,8,0,1,0,8,99,1,-3.75,0.0,29.926074981689453,28.40812110900879,1.5,0,22,1.0,-1.0,0.0,0,0,1
1780579131.2745543,0,0.3499999940395355,1,0,858,900,423158243,68,77,0.0,0.0,34.1199951171875,28.561870574951172,0,0,0.6000000238418579,0,0,1,0,0,8,0,1,0,8,99,1,-3.75,0.0,29.851150512695312,28.40812110900879,1.5,0,22,1.0,-1.0,0.0,0,0,1
1780579131.2947004,0,0.3499999940395355,1,0,858,900,423158243,68,77,0.0,0.0,34.41999435424805,28.561870574951172,1,0,0.6000000238418579,0,0,1,0,0,8,0,1,0,8,99,1,-3.75,0.0,29.77622413635254,28.40812110900879,1.5,0,22,1.0,-1.0,0.0,0,0,0
1780579131.3146539,0,0.3499999940395355,1,0,858,900,423158243,68,77,0.0,0.0,34.719993591308594,28.561870574951172,1,0,0.6000000238418579,0,0,1,0,0,8,0,1,0,8,99,1,-3.75,0.0,29.701297760009766,28.40812110900879,1.5,0,22,1.0,-1.0,0.0,0,0,0
1780579131.3342648,0,0.3499999940395355,1,0,858,900,423158243,68,77,0.0,0.0,35.01999282836914,28.561870574951172,1,0,0.6000000238418579,0,0,1,0,0,8,0,1,0,8,99,1,-3.75,0.0,29.626371383666992,28.40812110900879,1.5,0,22,1.0,-1.0,0.0,0,0,0
1780579131.3546677,0,0.3499999940395355,1,0,858,900,423158243,68,77,0.0,0.0,35.31999206542969,28.561870574951172,1,0,0.6000000238418579,0,0,1,0,0,8,0,1,0,8,99,1,-3.75,0.0,29.55144691467285,28.40812110900879,1.5,0,22,1.0,-1.0,0.0,0,0,0
1780579131.3746564,0,0.3499999940395355,1,0,858,900,423158243,68,77,0.0,0.0,35.619991302490234,28.561870574951172,1,0,0.6000000238418579,0,0,1,0,0,8,0,1,0,8,99,1,-3.75,0.0,29.476520538330078,28.408119201660156,1.5,0,22,1.0,-1.0,0.0,0,0,0
1780579131.3937416,0,0.3499999940395355,1,0,858,900,423158243,68,77,0.0,0.0,35.91999053955078,28.561870574951172,1,0,0.6000000238418579,0,0,1,0,0,8,0,1,0,8,99,1,-3.75,0.0,29.401596069335938,28.40812110900879,1.5,0,22,1.0,-1.0,0.0,0,0,0
1780579131.414229,0,0.3499999940395355,1,0,858,900,423158243,68,77,0.0,0.0,35.91999053955078,28.561870574951172,1,0,0.6000000238418579,0,0,1,0,0,8,0,1,0,8,99,1,-3.75,0.0,29.32666778564453,28.40812110900879,1.5,0,22,1.0,-1.0,0.0,0,0,0
1780579131.4342978,0,0.3499999940395355,1,0,858,900,423158243,68,77,0.0,0.0,35.91999053955078,28.561870574951172,1,0,0.6000000238418579,0,0,1,0,0,8,0,1,0,8,99,1,8.300000190734863,0.0,29.476226806640625,28.40812110900879,1.5,0,22,1.0,-1.0,0.0,0,0,0
1780579131.4545538,0,0.3499999940395355,1,0,858,900,423158243,68,77,0.0,0.0,35.91999053955078,28.561870574951172,1,0,0.6000000238418579,0,0,1,0,0,8,0,1,0,8,99,1,8.300000190734863,0.0,29.642061233520508,28.40812110900879,1.5,0,22,1.0,-1.0,0.0,0,0,0
1780579131.4740818,0,0.3499999940395355,1,0,858,900,423158243,68,77,0.0,0.0,35.91999053955078,28.561870574951172,1,0,0.6000000238418579,0,0,1,0,0,8,0,1,0,8,99,1,8.300000190734863,0.0,29.80789566040039,28.40812110900879,1.5,0,22,1.0,-1.0,0.0,0,0,0
1780579131.493962,0,0.3499999940395355,1,0,858,900,423158243,68,77,0.0,0.0,35.91999053955078,28.561870574951172,1,0,0.6000000238418579,0,0,1,0,0,8,0,1,0,8,99,1,8.300000190734863,0.0,29.973730087280273,28.40812110900879,1.5,0,22,1.0,-1.0,0.0,0,0,0
1780579131.514277,0,0.3499999940395355,1,0,858,900,423158243,68,77,0.0,0.0,35.91999053955078,28.561870574951172,1,0,0.6000000238418579,0,0,1,0,0,8,0,1,0,8,99,1,8.300000190734863,0.0,30.139564514160156,28.40812110900879,1.5,0,22,1.0,-1.0,0.0,0,0,0
1780579131.5338695,0,0.3499999940395355,1,0,858,900,423158243,68,77,0.0,0.0,35.91999053955078,28.561870574951172,1,0,0.6000000238418579,0,0,1,0,0,8,0,1,0,8,99,1,8.300000190734863,0.0,30.30539894104004,28.408119201660156,1.5,0,22,1.0,-1.0,0.0,0,0,0
1780579131.5546079,0,0.3499999940395355,0,0,858,900,423158243,68,77,0.0,0.0,35.91999053955078,28.561870574951172,1,0,0.6000000238418579,0,0,1,0,0,8,0,0,0,8,99,1,8.300000190734863,0.0,30.471233367919922,28.40812110900879,1.5,0,22,1.0,-1.0,0.0,0,0,0
1780579131.5742803,0,0.3499999940395355,0,0,858,900,423158243,68,77,0.0,0.0,35.91999053955078,28.561870574951172,1,0,0.6000000238418579,0,0,1,0,0,8,0,0,0,8,99,1,8.300000190734863,0.0,30.637067794799805,28.408123016357422,1.5,0,22,1.0,-1.0,0.0,0,0,0
1780579131.5944571,0,0.3499999940395355,0,0,858,900,423158243,68,77,0.0,0.0,35.91999053955078,28.561870574951172,1,0,0.6000000238418579,0,0,1,0,0,8,0,0,0,8,99,1,8.300000190734863,0.0,30.802902221679688,28.40812110900879,1.5,0,22,1.0,-1.0,0.0,0,0,0
1780579131.6144576,0,0.3499999940395355,0,0,858,900,423158243,68,77,0.0,0.0,35.91999053955078,28.561870574951172,1,0,0.6000000238418579,0,0,1,0,0,8,0,0,0,8,99,1,8.300000190734863,0.0,30.96873664855957,28.40812110900879,1.5,0,22,1.0,-1.0,0.0,0,0,0
1780579131.6344123,0,0.3499999940395355,0,0,858,900,423158243,68,77,0.0,0.0,35.91999053955078,28.561870574951172,1,0,0.6000000238418579,0,0,1,0,0,8,0,0,0,8,99,1,8.300000190734863,0.0,31.134571075439453,28.40812110900879,1.5,0,22,1.0,-1.0,0.0,0,0,0
1780579131.6541555,0,0.3499999940395355,0,0,858,900,423158243,68,77,0.0,0.0,35.91999053955078,28.561870574951172,1,0,0.6000000238418579,0,0,1,0,0,8,0,0,0,8,99,1,8.300000190734863,0.0,31.30040740966797,28.40812110900879,1.5,0,22,1.0,-1.0,0.0,0,0,0
1780579131.6737149,0,0.3499999940395355,0,0,858,900,423158243,68,77,0.0,0.0,35.91999053955078,28.561870574951172,1,0,0.6000000238418579,0,0,1,0,0,8,0,0,0,8,99,1,8.300000190734863,0.0,31.46624183654785,28.40812110900879,1.5,0,22,1.0,-1.0,0.0,0,0,0
1780579131.6937318,0,0.3499999940395355,0,0,858,900,423158243,68,77,0.0,0.0,35.91999053955078,28.561870574951172,1,0,0.6000000238418579,0,0,1,0,0,8,0,0,0,8,99,1,8.300000190734863,0.0,31.632076263427734,28.40812110900879,1.5,0,22,1.0,-1.0,0.0,0,0,0
1780579131.7146778,0,0.3499999940395355,0,0,858,900,423158243,68,77,0.0,0.0,35.91999053955078,28.561870574951172,1,0,0.6000000238418579,0,0,1,0,0,8,0,0,0,8,99,1,8.300000190734863,0.0,31.797910690307617,28.40812110900879,1.5,0,22,1.0,-1.0,0.0,0,0,1
1780579131.734344,0,0.3499999940395355,1,0,858,900,423158243,68,77,0.0,0.0,35.91999053955078,28.561870574951172,0,0,0.6000000238418579,0,0,1,0,0,8,0,1,0,8,99,1,8.300000190734863,0.0,31.9637451171875,28.408119201660156,1.5,0,22,1.0,-1.0,0.0,0,0,1
1780579131.754466,0,0.3499999940395355,1,0,858,900,423158243,68,77,0.0,0.0,35.91999053955078,28.561870574951172,0,0,0.6000000238418579,0,0,1,0,0,8,0,1,0,8,99,1,8.300000190734863,0.0,32.12957763671875,28.40812110900879,1.5,0,22,1.0,-1.0,0.0,0,0,1
1780579131.7746897,0,0.3499999940395355,1,0,837,900,423158243,68,77,0.0,0.0,35.91999053955078,28.561870574951172,0,0,0.6000000238418579,0,0,1,0,0,8,0,1,0,8,99,1,-3.75,0.0,32.29541015625,28.40812110900879,1.5,0,33,1.0,-1.0,0.0,0,0,1
1780579131.7944627,0,0.3499999940395355,1,0,837,900,423158243,68,77,0.0,0.0,36.21998977661133,28.561870574951172,0,0,0.6000000238418579,0,0,1,0,0,8,0,1,0,8,99,1,-3.75,0.0,32.24109649658203,28.40812110900879,1.5,0,33,1.0,0.0,0.0,0,0,1
1780579131.8141155,0,0.3499999940395355,1,0,837,900,423158243,68,77,0.0,0.0,36.519989013671875,28.561870574951172,0,0,0.6000000238418579,0,0,1,0,0,8,0,1,0,8,99,1,-3.75,0.0,32.16617202758789,28.40812110900879,1.5,0,33,1.0,0.0,0.0,0,0,1
1780579131.8341289,0,0.3499999940395355,1,0,837,900,423158243,68,77,0.0,0.0,36.81998825073242,28.561870574951172,0,0,0.6000000238418579,0,0,1,0,0,8,0,1,0,8,99,1,-3.75,0.0,32.09124755859375,28.40812110900879,1.5,0,33,1.0,0.0,0.0,0,0,1
1780579131.854335,0,0.3499999940395355,1,0,837,900,423158243,68,77,0.0,0.0,37.11998748779297,28.561870574951172,1,0,0.6000000238418579,0,0,1,0,0,8,0,1,0,8,99,1,-3.75,0.0,32.016319274902344,28.40812110900879,1.5,0,33,1.0,0.0,0.0,0,0,0
1780579131.874475,0,0.3499999940395355,1,0,837,900,423158243,68,77,0.0,0.0,37.41912841796875,28.561870574951172,1,0,0.6000000238418579,0,0,1,0,0,8,0,1,0,8,99,1,-3.75,0.0,31.941394805908203,28.40812110900879,1.5,0,33,1.0,0.0,0.0,0,0,0
1780579131.8943744,0,0.3499999940395355,1,0,837,900,423158243,69,77,0.0,0.0,37.41765594482422,28.561874389648438,1,0,0.6000000238418579,0,0,1,0,0,8,0,1,0,8,99,1,-3.75,0.0,31.86646842956543,28.408119201660156,1.5,0,33,1.0,0.0,0.0,0,0,0
1780579131.9149222,0,0.3499999940395355,1,0,837,900,423158243,69,77,0.0,0.0,37.41763687133789,28.561874389648438,1,0,0.6000000238418579,0,0,1,0,0,8,0,1,0,8,99,1,-3.75,0.0,31.791542053222656,28.40812110900879,1.5,0,33,1.0,0.0,0.0,0,0,0
1780579131.934717,0,0.3499999940395355,1,0,837,900,423158243,69,77,0.0,0.0,37.41762161254883,28.561874389648438,1,0,0.6000000238418579,0,0,1,0,0,8,0,1,0,8,99,1,-3.75,0.0,31.716615676879883,28.40812110900879,1.5,0,33,1.0,0.0,0.0,0,0,0
1780579131.9539573,0,0.3499999940395355,1,0,837,900,423158243,69,77,0.0,0.0,37.4176139831543,28.561874389648438,1,0,0.6000000238418579,0,0,1,0,0,8,0,1,0,8,99,1,-3.75,0.0,31.641691207885742,28.40812110900879,1.5,0,33,1.0,0.0,0.0,0,0,0
1780579131.9741006,0,0.3499999940395355,1,0,837,900,423158243,69,77,0.0,0.0,37.417606353759766,28.561874389648438,1,0,0.6000000238418579,0,0,1,0,0,8,0,1,0,8,99,1,8.300000190734863,0.0,31.784744262695312,28.40812110900879,1.5,0,33,1.0,0.0,0.0,0,0,0
1780579131.9941688,0,0.3499999940395355,1,0,837,900,423158243,69,77,0.0,0.0,37.417606353759766,28.561874389648438,1,0,0.6000000238418579,0,0,1,0,0,8,0,1,0,8,99,1,8.300000190734863,0.0,31.950578689575195,28.40812110900879,1.5,0,33,1.0,0.0,0.0,0,0,0
1780579132.0143783,0,0.3499999940395355,1,0,837,900,423158243,69,77,0.0,0.0,37.417606353759766,28.561874389648438,1,0,0.6000000238418579,0,0,1,0,0,8,0,1,0,8,99,1,8.300000190734863,0.0,32.11641311645508,28.40812110900879,1.5,0,33,1.0,0.0,0.0,0,0,0
1780579132.033565,0,0.3499999940395355,1,0,837,900,423158243,69,77,0.0,0.0,37.417606353759766,28.561874389648438,1,0,0.6000000238418579,0,0,1,0,0,8,0,1,0,8,99,1,8.300000190734863,0.0,32.282249450683594,28.40812110900879,1.5,0,33,1.0,0.0,0.0,0,0,0
1780579132.0539765,0,0.3499999940395355,1,0,837,900,423158243,69,77,0.0,0.0,37.417606353759766,28.561874389648438,1,0,0.6000000238418579,0,0,1,0,0,8,0,1,0,8,99,1,8.300000190734863,0.0,32.448081970214844,28.40812110900879,1.5,0,33,1.0,0.0,0.0,0,0,0
1780579132.07436,0,0.3499999940395355,1,0,837,900,423158243,69,77,0.0,0.0,37.417606353759766,28.561874389648438,1,0,0.6000000238418579,0,0,1,0,0,8,0,1,0,8,99,1,8.300000190734863,0.0,32.61391830444336,28.40812110900879,1.5,0,33,1.0,0.0,0.0,0,0,0
1780579132.0944512,0,0.3499999940395355,0,0,837,900,423158243,69,77,0.0,0.0,37.417606353759766,28.561874389648438,1,0,0.6000000238418579,0,0,1,0,0,8,0,0,0,8,99,1,8.300000190734863,0.0,32.77975082397461,28.40812110900879,1.5,0,33,1.0,0.0,0.0,0,0,0
1780579132.1141558,0,0.3499999940395355,0,0,837,900,423158243,69,77,0.0,0.0,37.417606353759766,28.561874389648438,1,0,0.6000000238418579,0,0,1,0,0,8,0,0,0,8,99,1,8.300000190734863,0.0,32.945587158203125,28.408123016357422,1.5,0,33,1.0,0.0,0.0,0,0,0
1780579132.1341963,0,0.3499999940395355,0,0,837,900,423158243,69,77,0.0,0.0,37.417606353759766,28.561874389648438,1,0,0.6000000238418579,0,0,1,0,0,8,0,0,0,8,99,1,8.300000190734863,0.0,33.111419677734375,28.40812110900879,1.5,0,33,1.0,0.0,0.0,0,0,0
1780579132.1545632,0,0.3499999940395355,0,0,837,900,423158243,45,77,-8.0,0.0,37.417606353759766,28.561874389648438,1,0,0.6000000238418579,0,0,1,0,0,8,0,0,0,8,99,1,8.300000190734863,0.0,33.27725601196289,28.40812110900879,1.5,0,33,1.0,0.0,0.0,0,0,0
1780579132.1740427,0,0.3499999940395355,0,0,837,900,423158243,45,77,-8.0,0.0,37.257606506347656,28.561874389648438,1,0,0.6000000238418579,0,0,1,0,0,8,0,0,0,8,99,1,8.300000190734863,0.0,33.44308853149414,28.40812110900879,1.5,0,33,1.0,0.0,0.0,0,0,1
1780579132.1947062,0,0.3499999940395355,1,0,837,900,423158243,45,77,-8.0,0.0,37.09760665893555,28.561874389648438,0,0,0.6000000238418579,0,0,1,0,0,8,0,1,0,8,99,1,8.300000190734863,0.0,33.608924865722656,28.40812110900879,1.5,0,33,1.0,0.0,0.0,0,0,1
1780579132.21451,0,0.3499999940395355,1,0,837,900,423158243,45,77,-8.0,0.0,36.93760681152344,28.561874389648438,0,0,0.6000000238418579,0,0,1,0,0,8,0,1,0,8,99,1,8.300000190734863,0.0,33.774757385253906,28.40812110900879,1.5,0,33,1.0,0.0,0.0,0,0,1
1780579132.2353938,0,0.3499999940395355,1,0,816,900,423158243,2,77,0.0,0.0,36.77760696411133,28.561874389648438,0,0,0.6000000238418579,0,0,1,0,0,8,0,1,0,8,99,1,-3.75,0.0,33.940589904785156,28.40812110900879,1.5,0,44,1.0,0.0,0.0,0,0,1
1780579132.2544317,0,0.3499999940395355,1,0,816,900,423158243,2,77,0.0,0.0,36.49595642089844,28.561874389648438,0,0,0.6000000238418579,0,0,1,0,0,8,0,1,0,8,99,1,-3.75,0.0,33.89181900024414,28.40812110900879,1.5,0,44,1.0,0.0,0.0,0,0,1
1780579132.274356,0,0.3499999940395355,1,0,816,900,423158243,2,77,0.0,0.0,36.42212677001953,28.561874389648438,0,0,0.6000000238418579,0,0,1,0,0,8,0,1,0,8,99,1,-3.75,0.0,33.81689453125,28.408123016357422,1.5,0,44,1.0,0.0,0.0,0,0,1
1780579132.2944663,0,0.3499999940395355,1,0,816,900,423158243,2,77,0.0,0.0,36.402767181396484,28.561874389648438,1,0,0.6000000238418579,0,0,1,0,0,8,0,1,0,8,99,1,-3.75,0.0,33.741966247558594,28.40812110900879,1.5,0,44,1.0,0.0,0.0,0,0,1
1780579132.3139398,0,0.3499999940395355,1,0,816,900,423158243,2,77,0.0,0.0,36.319053649902344,28.561874389648438,1,0,0.6000000238418579,0,0,1,0,0,8,0,1,0,8,99,1,-3.75,0.0,33.66704177856445,28.40812110900879,1.5,0,44,1.0,0.0,0.0,0,0,1
1780579132.334405,0,0.3499999940395355,1,0,816,900,423158243,2,77,0.0,0.0,36.2971076965332,28.561874389648438,1,0,0.6000000238418579,0,0,1,0,0,8,0,1,0,8,99,1,-3.75,0.0,33.59211730957031,28.40812110900879,1.5,0,44,0.0,0.0,0.0,0,0,0
1780579132.3544252,0,0.3499999940395355,1,0,816,900,423158243,2,77,0.0,0.0,36.2943000793457,28.561874389648438,1,0,0.6000000238418579,0,0,1,0,0,8,0,1,0,8,99,1,-3.75,0.0,33.517189025878906,28.40812110900879,1.5,0,44,0.0,0.0,0.0,0,0,0
1780579132.374235,0,0.3499999940395355,1,0,816,900,423158243,2,77,0.0,0.0,36.292503356933594,28.561874389648438,1,0,0.6000000238418579,0,0,1,0,0,8,0,1,0,8,99,1,-3.75,0.0,33.442264556884766,28.40812110900879,1.5,0,44,0.0,0.0,0.0,0,0,0
1780579132.3942554,0,0.3499999940395355,1,0,816,900,423158243,2,77,0.0,0.0,36.29135513305664,28.561874389648438,1,0,0.6000000238418579,0,0,1,0,0,8,0,1,0,8,99,1,-3.75,0.0,33.367340087890625,28.40812110900879,1.5,0,44,0.0,0.0,0.0,0,0,0
1780579132.4146073,0,0.3499999940395355,1,0,816,900,423158243,2,77,0.0,0.0,36.290618896484375,28.561874389648438,1,0,0.6000000238418579,0,0,1,0,0,8,0,1,0,8,99,1,-3.75,0.0,33.292415618896484,28.40812110900879,1.5,0,44,0.0,0.0,0.0,0,0,0
1780579132.434488,0,0.3499999940395355,1,0,816,900,423158243,2,77,0.0,0.0,36.29014587402344,28.561874389648438,1,0,0.6000000238418579,0,0,1,0,0,8,0,1,0,8,99,1,0.0,0.0,33.283599853515625,28.408119201660156,1.5,0,44,0.0,0.0,0.0,0,0,0
1780579132.4541843,0,0.3499999940395355,1,0,816,900,423158243,2,77,0.0,0.0,36.28984451293945,28.561874389648438,1,0,0.6000000238418579,0,0,1,0,0,8,0,1,0,8,99,1,0.0,0.0,33.283599853515625,28.40812110900879,1.5,0,44,0.0,0.0,0.0,0,0,0
1780579132.474351,0,0.3499999940395355,1,0,816,900,423158243,2,77,0.0,0.0,36.28965377807617,28.561874389648438,1,0,0.6000000238418579,0,0,1,0,0,8,0,1,0,8,99,1,0.0,0.0,33.283599853515625,28.40812110900879,1.5,0,44,0.0,0.0,0.0,0,0,0
1780579132.4943483,0,0.3499999940395355,1,0,816,900,423158243,2,77,0.0,0.0,36.28953170776367,28.561874389648438,1,0,0.6000000238418579,0,0,1,0,0,8,0,1,0,8,99,1,0.0,0.0,33.283599853515625,28.40812110900879,1.5,0,44,0.0,0.0,0.0,0,0,0
1780579132.5144565,0,0.3499999940395355,1,0,816,900,423158243,2,77,0.0,0.0,36.289451599121094,28.561874389648438,1,0,0.6000000238418579,0,0,1,0,0,8,0,1,0,8,99,1,0.0,0.0,33.283599853515625,28.40812110900879,1.5,0,44,0.0,0.0,0.0,0,0,0
1780579132.533894,0,0.3499999940395355,1,0,816,900,423158243,2,77,0.0,0.0,36.28940200805664,28.561874389648438,1,0,0.6000000238418579,0,0,1,0,0,8,0,1,0,8,99,1,0.0,0.0,33.283599853515625,28.40812110900879,1.5,0,44,0.0,0.0,0.0,0,0,0
1780579132.554038,0,0.3499999940395355,0,0,816,900,423158243,2,77,0.0,0.0,36.28936767578125,28.561874389648438,1,0,0.6000000238418579,0,0,1,0,0,8,0,0,0,8,99,1,0.0,0.0,33.283599853515625,28.40812110900879,1.5,0,44,0.0,0.0,0.0,0,0,0
1780579132.5743077,0,0.3499999940395355,0,0,816,900,423158243,2,77,0.0,0.0,36.28934860229492,28.561874389648438,1,0,0.6000000238418579,0,0,1,0,0,8,0,0,0,8,99,1,0.0,0.0,33.283599853515625,28.40812110900879,1.5,0,44,0.0,0.0,0.0,0,0,0
1780579132.593685,0,0.3499999940395355,0,0,816,900,423158243,2,77,0.0,0.0,36.28933334350586,28.561874389648438,1,0,0.6000000238418579,0,0,1,0,0,8,0,0,0,8,99,1,0.0,0.0,33.283599853515625,28.40812110900879,1.5,0,44,0.0,0.0,0.0,0,0,0
1780579132.6137745,0,0.3499999940395355,0,0,816,900,423158243,2,77,0.0,0.0,36.28932571411133,28.561874389648438,1,0,0.6000000238418579,0,0,1,0,0,8,0,0,0,8,99,1,0.0,0.0,33.283599853515625,28.40812110900879,1.5,0,44,0.0,0.0,0.0,0,0,0
1780579132.634277,0,0.3499999940395355,0,0,816,900,423158243,2,77,0.0,0.0,36.2893180847168,28.561874389648438,1,0,0.6000000238418579,0,0,1,0,0,8,0,0,0,8,99,1,0.0,0.0,33.283599853515625,28.40812110900879,1.5,0,44,0.0,0.0,0.0,0,0,0
1780579132.6543577,0,0.3499999940395355,0,0,816,900,423158243,2,77,0.0,0.0,36.2893180847168,28.561874389648438,1,0,0.6000000238418579,0,0,1,0,0,8,0,0,0,8,99,1,0.0,0.0,33.283599853515625,28.408123016357422,1.5,0,44,0.0,0.0,0.0,0,0,0
1780579132.6743655,0,0.3499999940395355,0,0,816,900,423158243,2,77,0.0,0.0,36.2893180847168,28.561874389648438,1,0,0.6000000238418579,0,0,1,0,0,8,0,0,0,8,99,1,0.0,0.0,33.283599853515625,28.40812110900879,1.5,0,44,0.0,0.0,0.0,0,0,0
1780579132.6946654,0,0.3499999940395355,0,0,816,900,423158243,2,77,0.0,0.0,36.2893180847168,28.561874389648438,1,0,0.6000000238418579,0,0,1,0,0,8,0,0,0,8,99,1,0.0,0.0,33.283599853515625,28.40812110900879,1.5,0,44,0.0,0.0,0.0,0,0,1
1780579132.7145,0,0.3499999940395355,1,0,816,900,423158243,2,77,0.0,0.0,36.2893180847168,28.561874389648438,0,0,0.6000000238418579,0,0,1,0,0,8,0,1,0,8,99,1,0.0,0.0,33.283599853515625,28.40812110900879,1.5,0,44,0.0,0.0,0.0,0,0,1
1780579132.7339966,0,0.3499999940395355,1,0,816,900,423158243,2,77,0.0,0.0,36.2893180847168,28.561874389648438,0,0,0.6000000238418579,0,0,1,0,0,8,0,1,0,8,99,1,0.0,0.0,33.283599853515625,28.40812110900879,1.5,0,44,0.0,0.0,0.0,0,0,1
1780579132.7540038,0,0.3499999940395355,1,0,816,900,423158243,2,77,0.0,0.0,36.2893180847168,28.561874389648438,0,0,0.6000000238418579,0,0,1,0,0,8,0,1,0,8,99,1,0.0,0.0,33.283599853515625,28.40812110900879,1.5,0,44,0.0,0.0,0.0,0,0,1
1780579132.7742157,0,0.3499999940395355,1,0,816,900,423158243,3,77,-25.0,0.0,36.2893180847168,28.561874389648438,0,0,0.6000000238418579,0,0,1,0,0,8,0,1,0,8,99,1,0.0,0.0,33.283599853515625,28.40812110900879,1.5,0,44,0.0,0.0,0.0,0,0,1
1780579132.794699,0,0.3499999940395355,1,0,795,900,423158243,3,77,-25.0,0.0,35.78932189941406,28.561874389648438,0,0,0.6000000238418579,0,0,1,0,0,8,0,1,0,8,99,1,-3.75,0.0,33.283599853515625,28.40812110900879,1.5,0,55,0.0,0.0,0.0,0,0,1
1780579133.0955772,0,0.3499999940395355,0,0,795,900,423158243,3,77,-25.0,0.0,35.589324951171875,28.561874389648438,0,0,0.6000000238418579,0,0,1,0,0,7,1,0,0,8,99,1,0.0,0.0,33.211429595947266,28.408119201660156,1.5,0,55,1.0,1.0,0.0,1,0,0
1780579133.1245382,0,0.3499999940395355,0,0,795,900,423158243,3,77,-25.0,0.0,35.38932800292969,28.561874389648438,0,0,0.6000000238418579,0,0,1,0,0,7,1,0,0,8,99,1,0.0,0.0,33.20859909057617,28.40812110900879,1.5,0,55,1.0,1.0,0.0,1,0,0
1780579133.1444073,0,0.3499999940395355,0,0,795,900,423158243,3,77,-25.0,0.0,35.1893310546875,28.561874389648438,0,0,0.6000000238418579,0,0,1,0,0,7,1,0,0,8,99,1,0.0,0.0,33.20859909057617,28.40812110900879,1.5,0,55,1.0,1.0,0.0,1,0,0
1780579133.1643996,0,0.3499999940395355,0,0,795,900,423158243,3,77,-25.0,0.0,34.98933410644531,28.561874389648438,0,0,0.6000000238418579,0,0,1,0,0,7,1,0,0,8,99,1,-15.0,7.5,32.951202392578125,28.536819458007812,1.5,0,55,1.0,1.0,0.0,1,0,0
1780579133.184602,0,0.3499999940395355,0,0,795,900,423158243,3,77,-25.0,0.0,34.789337158203125,28.561874389648438,0,0,0.6000000238418579,0,0,1,0,0,7,1,0,0,8,99,1,-15.0,7.5,32.65150451660156,28.686670303344727,1.5,0,55,1.0,1.0,0.0,0,0,0
1780579133.2051928,0,0.3499999940395355,0,0,795,900,423158243,3,77,-25.0,0.0,34.58934020996094,28.561874389648438,0,0,0.6000000238418579,0,0,1,0,0,7,1,0,0,8,99,1,-15.0,7.5,32.351802825927734,28.836519241333008,1.5,0,55,1.0,0.0,0.0,0,0,0
1780579133.224575,0,0.3499999940395355,0,0,795,900,423158243,3,77,-25.0,0.0,34.38934326171875,28.561874389648438,0,0,0.6000000238418579,0,0,1,0,0,7,1,0,0,8,99,1,-15.0,7.5,32.05210494995117,28.986370086669922,1.5,0,55,-1.0,0.0,0.0,0,0,0
1780579133.2446373,0,0.3499999940395355,0,0,795,900,423158243,3,77,-25.0,0.0,34.18934631347656,28.561874389648438,0,0,0.6000000238418579,0,0,1,0,0,7,1,0,0,8,99,1,-15.0,7.5,31.752403259277344,29.136219024658203,1.5,0,55,-1.0,1.0,0.0,0,0,0
1780579133.2641964,0,0.3499999940395355,0,0,795,900,423158243,3,77,-25.0,0.0,33.68934631347656,28.561874389648438,0,0,0.6000000238418579,0,0,1,0,0,7,1,0,0,8,99,1,-15.0,7.5,31.45270538330078,29.286067962646484,1.5,0,55,-1.0,0.0,0.0,0,0,0
1780579133.28405,0,0.3499999940395355,0,0,795,900,423158243,3,77,-25.0,0.0,33.18934631347656,28.561874389648438,0,0,0.6000000238418579,0,0,1,0,0,7,1,0,0,8,99,1,-15.0,7.5,31.153005599975586,29.435916900634766,1.5,0,55,-1.0,0.0,0.0,0,0,0
1780579133.3043869,0,0.3499999940395355,0,0,795,900,423158243,3,77,-25.0,0.0,32.68934631347656,28.561874389648438,0,0,0.6000000238418579,0,0,1,0,0,7,1,0,0,8,99,1,-15.0,7.5,30.85330581665039,29.58576774597168,1.5,0,55,-1.0,0.0,0.0,0,0,0
1780579133.3245878,0,0.3499999940395355,0,0,795,900,423158243,3,77,-25.0,0.0,32.18934631347656,28.561874389648438,0,0,0.6000000238418579,0,0,1,0,0,7,1,0,0,8,99,1,-15.0,7.5,30.553606033325195,29.735614776611328,1.5,0,55,-1.0,0.0,0.0,0,0,0
1780579133.3443265,0,0.3499999940395355,0,0,795,900,423158243,3,77,-25.0,0.0,31.68934440612793,28.561874389648438,0,0,0.6000000238418579,0,0,1,0,0,7,1,0,0,8,99,1,-15.0,7.5,30.253908157348633,29.885467529296875,1.5,0,55,-1.0,0.0,0.0,0,0,0
1780579133.364408,0,0.3499999940395355,0,0,795,900,423158243,3,77,-25.0,0.0,31.18934440612793,28.561874389648438,1,0,0.6000000238418579,0,0,1,0,0,7,1,0,0,8,99,0,0.0,0.0,29.954208374023438,30.035316467285156,1.5,0,55,-1.0,0.0,0.0,0,0,0
1780579133.3845713,0,0.3499999940395355,0,0,795,900,423158243,3,77,-25.0,0.0,30.68934440612793,28.561874389648438,1,0,0.6000000238418579,0,0,0,1,0,7,1,0,0,8,99,0,-8.300000190734863,-0.9479996562004089,29.768007278442383,30.04205894470215,1.5,0,55,-1.0,0.0,0.0,0,0,0
1780579133.4039347,0,0.3499999940395355,0,0,795,900,423158243,3,77,-25.0,0.0,30.18934440612793,28.561874389648438,1,0,0.6000000238418579,0,0,0,1,0,7,1,0,0,8,99,0,-8.300000190734863,-1.8959993124008179,29.602170944213867,30.007076263427734,1.5,0,55,-1.0,0.0,0.0,0,0,0
1780579133.42444,0,0.3499999940395355,0,0,795,900,423158243,4,77,-19.25,0.0,29.68934440612793,28.561874389648438,1,0,0.6000000238418579,0,0,0,1,0,7,1,0,0,8,99,0,-8.300000190734863,-2.843998908996582,29.436336517333984,29.953174591064453,1.5,0,55,-1.0,0.0,0.0,0,0,0
1780579133.444398,0,0.3499999940395355,0,0,795,900,423158243,4,77,-14.82249927520752,0.0,29.392894744873047,28.561874389648438,1,0,0.6000000238418579,0,0,0,1,0,7,1,0,0,8,99,0,-8.300000190734863,-3.7919986248016357,29.270503997802734,29.88035011291504,1.5,0,55,-1.0,0.0,0.0,0,0,0
1780579133.463752,0,0.3499999940395355,0,0,795,900,423158243,4,77,-11.413324356079102,0.0,29.164628982543945,28.561874389648438,1,0,0.6000000238418579,0,0,0,1,0,7,1,0,0,8,99,0,-8.300000190734863,-4.7399983406066895,29.10466766357422,29.788602828979492,1.5,0,55,-1.0,0.0,0.0,0,0,0
1780579133.4835887,0,0.3499999940395355,0,0,795,900,423158243,4,77,-8.788259506225586,0.0,28.988862991333008,28.561874389648438,1,0,0.6000000238418579,0,0,0,1,0,7,1,0,0,8,99,0,-8.300000190734863,-5.687997817993164,28.93883514404297,29.677934646606445,1.5,0,55,-1.0,0.0,0.0,0,0,0
1780579133.5043292,0,0.3499999940395355,0,0,795,900,423158243,4,77,-6.7669596672058105,0.0,28.85352325439453,28.561874389648438,1,0,0.6000000238418579,0,0,0,1,0,7,1,0,0,8,99,0,-8.300000190734863,-6.635997295379639,28.772998809814453,29.548343658447266,1.5,0,55,-1.0,0.0,0.0,0,0,0
1780579133.524415,0,0.3499999940395355,0,0,795,900,423158243,4,77,-5.210558891296387,0.0,28.749311447143555,28.561874389648438,1,0,0.6000000238418579,0,0,0,1,0,7,1,0,0,8,99,0,-8.300000190734863,-7.583996772766113,28.607166290283203,29.399829864501953,1.5,0,55,-1.0,0.0,0.0,0,0,0
1780579133.5437741,0,0.3499999940395355,0,0,795,900,423158243,4,77,-4.012130260467529,0.0,28.669069290161133,28.561874389648438,1,0,0.6000000238418579,0,0,0,1,0,7,1,0,0,8,99,0,-8.300000190734863,-8.531996726989746,28.441329956054688,29.23239517211914,1.5,0,55,-1.0,0.0,0.0,0,0,1
1780579133.5642312,0,0.3499999940395355,1,0,795,900,423158243,4,77,-3.0893402099609375,0.0,28.607282638549805,28.561874389648438,0,0,0.6000000238418579,0,0,0,1,0,7,1,1,0,8,99,0,-8.300000190734863,-9.479996681213379,28.275495529174805,29.046037673950195,1.5,0,55,-1.0,0.0,0.0,0,0,1
1780579133.5844138,0,0.3499999940395355,1,0,795,900,423158243,4,77,-2.3787918090820312,0.0,28.559707641601562,28.561874389648438,0,0,0.6000000238418579,0,0,0,1,0,7,1,1,0,8,99,0,-8.300000190734863,-10.427996635437012,28.109663009643555,28.840757369995117,1.5,0,55,-1.0,0.0,0.0,0,0,1
1780579133.6040196,0,0.3499999940395355,1,0,795,900,423158243,4,77,-1.8316696882247925,0.0,28.523075103759766,28.561874389648438,0,0,0.6000000238418579,0,0,0,1,0,7,1,1,0,8,99,0,-8.300000190734863,-11.375996589660645,27.943828582763672,28.61655616760254,1.5,0,55,-1.0,0.0,0.0,0,0,1
1780579133.6247575,0,0.3499999940395355,1,0,795,900,423158243,4,77,-1.4103856086730957,0.0,28.4948673248291,28.561874389648438,0,0,0.6000000238418579,0,0,0,0,0,7,1,1,0,8,99,1,-8.300000190734863,0.0,27.77799415588379,28.43632698059082,1.5,0,55,-1.0,0.0,0.0,0,0,1
1780579133.6445713,0,0.3499999940395355,1,0,795,900,423158243,5,77,-0.8144976496696472,0.0,28.473148345947266,28.561874389648438,0,0,0.6000000238418579,0,0,0,0,0,7,1,1,0,8,99,1,-8.300000190734863,0.0,27.612159729003906,28.408096313476562,1.5,0,55,-1.0,0.0,0.0,0,0,1
1780579133.6643698,0,0.3499999940395355,1,0,795,900,423158243,5,77,-0.6108732223510742,0.0,28.4609317779541,28.561874389648438,1,0,0.6000000238418579,0,0,0,0,0,7,1,1,0,8,99,1,-8.300000190734863,0.0,27.44632339477539,28.40810775756836,1.5,0,55,-1.0,0.0,0.0,0,0,1
1780579133.6844287,0,0.3499999940395355,1,0,795,900,423158243,5,77,-0.45815491676330566,0.0,28.45176887512207,28.561874389648438,1,0,0.6000000238418579,0,0,0,0,0,7,1,1,0,8,99,1,-8.300000190734863,0.0,27.28049087524414,28.408113479614258,1.5,0,55,-1.0,0.0,0.0,0,0,1
1780579133.7047825,0,0.3499999940395355,1,0,795,900,423158243,5,77,-0.34361618757247925,0.0,28.444896697998047,28.561874389648438,1,0,0.6000000238418579,0,0,0,0,0,7,1,1,0,8,99,1,-8.300000190734863,0.0,27.114654541015625,28.408119201660156,1.5,0,55,-1.0,0.0,0.0,0,0,1
1780579133.724276,0,0.3499999940395355,1,0,795,900,423158243,5,77,-0.25771212577819824,0.0,28.439743041992188,28.561874389648438,1,0,0.6000000238418579,0,0,0,0,0,7,1,1,0,8,99,1,-8.300000190734863,0.0,26.948822021484375,28.40812110900879,1.5,0,55,-1.0,0.0,0.0,0,0,0
1780579133.7444112,0,0.3499999940395355,1,0,795,900,423158243,5,77,-0.19328409433364868,0.0,28.435876846313477,28.561874389648438,1,0,0.6000000238418579,0,0,0,0,0,7,1,1,0,8,99,1,-8.300000190734863,0.0,26.78298568725586,28.40812110900879,1.5,0,55,-1.0,0.0,0.0,0,0,0
1780579133.764897,0,0.3499999940395355,1,0,795,900,423158243,69,77,0.0,0.0,28.4329776763916,28.561874389648438,1,0,0.6000000238418579,0,0,0,0,0,7,1,1,0,8,99,1,-8.300000190734863,0.0,26.61715316772461,28.40812110900879,1.5,0,55,-1.0,0.0,0.0,0,0,0
1780579133.7843451,0,0.3499999940395355,1,0,795,900,423158243,69,77,0.0,0.0,28.4329776763916,28.561874389648438,1,0,0.6000000238418579,0,0,0,0,0,7,1,1,0,8,99,1,-8.300000190734863,0.0,26.451316833496094,28.40812110900879,1.5,0,55,-1.0,0.0,0.0,0,0,0
1780579133.8049634,0,0.3499999940395355,1,0,795,900,423158243,69,77,0.0,0.0,28.4329776763916,28.561874389648438,1,0,0.6000000238418579,0,0,0,0,0,7,1,1,0,8,99,1,-8.300000190734863,0.0,26.28548240661621,28.40812110900879,1.5,0,55,-1.0,0.0,0.0,0,0,0
1780579133.8274055,0,0.3499999940395355,1,0,795,900,423158243,69,77,0.0,0.0,28.4329776763916,28.561874389648438,1,0,0.6000000238418579,0,0,0,0,0,7,1,1,0,8,99,1,-8.300000190734863,0.0,26.119647979736328,28.408119201660156,1.5,0,55,-1.0,0.0,0.0,0,0,0
1780579133.8476353,0,0.3499999940395355,1,0,795,900,423158243,69,77,0.0,0.0,28.4329776763916,28.561874389648438,1,0,0.6000000238418579,0,0,0,0,0,7,1,1,0,8,99,1,-8.300000190734863,0.0,25.953813552856445,28.40812110900879,1.5,0,55,0.0,0.0,0.0,0,0,0
1780579133.8680294,0,0.3499999940395355,1,0,795,900,423158243,69,77,0.0,0.0,28.4329776763916,28.561874389648438,1,0,0.6000000238418579,0,0,0,0,0,7,1,1,0,8,99,1,-8.300000190734863,0.0,25.787979125976562,28.408123016357422,1.5,0,55,1.0,0.0,0.0,0,0,0
1780579133.8871865,0,0.3499999940395355,1,0,795,900,423158243,69,77,0.0,0.0,28.4329776763916,28.561874389648438,1,0,0.6000000238418579,0,0,0,0,0,7,1,1,0,8,99,1,0.0,0.0,25.75859832763672,28.40812110900879,1.5,0,55,1.0,0.0,0.0,0,0,0
1780579133.9063244,0,0.3499999940395355,0,0,795,900,423158243,69,77,0.0,0.0,28.4329776763916,28.561874389648438,1,0,0.6000000238418579,0,0,1,0,0,7,1,0,0,8,99,1,8.300000190734863,0.0,25.89488410949707,28.40812110900879,1.5,0,55,1.0,0.0,0.0,0,0,0
1780579133.9255075,0,0.3499999940395355,0,0,795,900,423158243,69,77,0.0,0.0,28.4329776763916,28.561874389648438,1,0,0.6000000238418579,0,0,1,0,0,7,1,0,0,8,99,1,8.300000190734863,0.0,26.060720443725586,28.40812110900879,1.5,0,55,1.0,0.0,0.0,0,0,0
1780579133.944688,0,0.3499999940395355,0,0,795,900,423158243,69,77,0.0,0.0,28.4329776763916,28.561874389648438,1,0,0.6000000238418579,0,0,1,0,0,7,1,0,0,8,99,1,8.300000190734863,0.0,26.22655487060547,28.40812110900879,1.5,0,55,1.0,0.0,0.0,0,0,0
1780579133.96417,0,0.3499999940395355,0,0,795,900,423158243,69,77,0.0,0.0,28.4329776763916,28.561874389648438,1,0,0.6000000238418579,0,0,1,0,0,7,1,0,0,8,99,1,8.300000190734863,0.0,26.39238929748535,28.40812110900879,1.5,0,55,1.0,0.0,0.0,0,0,0
1780579133.9849887,0,0.3499999940395355,0,0,795,900,423158243,69,77,0.0,0.0,28.4329776763916,28.561874389648438,1,0,0.6000000238418579,0,0,1,0,0,7,1,0,0,8,99,1,8.300000190734863,0.0,26.558223724365234,28.40812110900879,1.5,0,55,1.0,0.0,0.0,0,0,0
1780579134.004192,0,0.3499999940395355,0,0,795,900,423158243,69,77,0.0,0.0,28.4329776763916,28.561874389648438,1,0,0.6000000238418579,0,0,1,0,0,7,1,0,0,8,99,1,8.300000190734863,0.0,26.724056243896484,28.40812110900879,1.5,0,55,1.0,0.0,0.0,0,0,0
1780579134.0242157,0,0.3499999940395355,0,0,795,900,423158243,45,77,8.0,0.0,28.4329776763916,28.561874389648438,1,0,0.6000000238418579,0,0,1,0,0,7,1,0,0,8,99,1,8.300000190734863,0.0,26.889892578125,28.408123016357422,1.5,0,55,1.0,0.0,0.0,0,0,1
1780579134.044804,0,0.3499999940395355,1,0,795,900,423158243,45,77,8.0,0.0,28.59297752380371,28.561874389648438,0,0,0.6000000238418579,0,0,1,0,0,7,1,1,0,8,99,1,8.300000190734863,0.0,27.05572509765625,28.40812110900879,1.5,0,55,1.0,0.0,0.0,0,0,1
1780579134.0643454,0,0.3499999940395355,1,0,795,900,423158243,45,77,8.0,0.0,28.75297737121582,28.561874389648438,0,0,0.6000000238418579,0,0,1,0,0,7,1,1,0,8,99,1,8.300000190734863,0.0,27.221559524536133,28.408123016357422,1.5,0,55,1.0,0.0,0.0,0,0,1
1780579134.3843977,0,0.3499999940395355,1,0,774,900,423158243,59,77,10.0,20.0,28.91297721862793,28.561874389648438,0,0,0.6000000238418579,0,0,1,0,0,7,1,1,0,8,99,1,-3.75,0.0,27.412246704101562,28.40812110900879,1.5,0,66,1.0,1.0,0.0,0,0,0
1780579134.4241333,0,0.3499999940395355,1,0,774,900,423158243,59,77,10.0,18.200000762939453,29.41297721862793,28.925874710083008,0,0,0.6000000238418579,0,0,1,0,0,7,1,1,0,8,99,1,-3.75,0.0,27.354108810424805,28.40812110900879,1.5,0,66,1.0,1.0,0.0,0,0,0
1780579134.4436922,0,0.3499999940395355,1,0,774,900,423158243,59,77,10.0,16.400001525878906,29.91297721862793,29.253873825073242,0,0,0.6000000238418579,0,0,1,0,0,7,1,1,0,8,99,1,-3.75,0.0,27.297969818115234,28.408123016357422,1.5,0,66,1.0,1.0,0.0,0,0,0
1780579134.4642699,0,0.3499999940395355,1,0,774,900,423158243,59,77,10.0,14.60000228881836,30.41297721862793,29.545873641967773,1,0,0.6000000238418579,0,0,1,0,0,7,1,1,0,8,99,1,-3.75,0.0,27.22686195373535,28.40812110900879,1.5,0,66,1.0,1.0,0.0,0,0,0
1780579134.484368,0,0.3499999940395355,1,0,774,900,423158243,59,77,10.0,12.800003051757812,30.91297721862793,29.8018741607666,1,0,0.6000000238418579,0,0,1,0,0,7,1,1,0,8,99,1,-3.75,0.0,27.151935577392578,28.40812110900879,1.5,0,66,1.0,1.0,0.0,0,0,0
1780579134.5036557,0,0.3499999940395355,1,0,774,900,423158243,59,77,10.0,11.000003814697266,31.41297721862793,30.021873474121094,1,0,0.6000000238418579,0,0,1,0,0,7,1,1,0,8,99,1,-3.75,0.0,27.077011108398438,28.40812110900879,1.5,0,66,1.0,1.0,0.0,0,0,0
1780579134.5236208,0,0.3499999940395355,1,0,774,900,423158243,59,77,10.0,9.200004577636719,31.912975311279297,30.205873489379883,1,0,0.6000000238418579,0,0,1,0,0,7,1,1,0,8,99,1,-3.75,0.0,27.002084732055664,28.40812110900879,1.5,0,66,1.0,1.0,0.0,0,0,0
1780579134.5442898,0,0.3499999940395355,1,0,774,900,423158243,59,77,10.0,7.400005340576172,32.4129753112793,30.35387420654297,1,0,0.6000000238418579,0,0,1,0,0,7,1,1,0,8,99,1,-3.75,0.0,26.92715835571289,28.40812110900879,1.5,0,66,1.0,1.0,0.0,0,0,0
1780579134.5646734,0,0.3499999940395355,1,0,774,900,423158243,59,77,10.0,5.600006103515625,32.9129753112793,30.46587371826172,1,0,0.6000000238418579,0,0,1,0,0,7,1,1,0,8,99,1,-3.75,0.0,26.85223388671875,28.40812110900879,1.5,0,66,1.0,1.0,0.0,0,0,0
1780579134.5837722,0,0.3499999940395355,1,0,774,900,423158243,59,77,10.0,3.800006866455078,33.11297607421875,30.541873931884766,1,0,0.6000000238418579,0,0,1,0,0,7,1,1,0,8,99,1,-3.75,0.0,26.777307510375977,28.40812110900879,1.5,0,66,1.0,1.0,0.0,0,0,0
1780579134.6041827,0,0.3499999940395355,1,0,774,900,423158243,59,77,10.0,2.0000076293945312,33.3129768371582,30.58187484741211,1,0,0.6000000238418579,0,0,1,0,0,7,1,1,0,8,99,1,8.300000190734863,0.0,26.834814071655273,28.40812110900879,1.5,0,66,1.0,1.0,0.0,0,0,0
1780579134.6242652,0,0.3499999940395355,1,0,774,900,423158243,59,77,10.0,0.20000839233398438,33.512977600097656,30.585874557495117,1,0,0.6000000238418579,0,0,1,0,0,7,1,1,0,8,99,1,8.300000190734863,0.0,27.000648498535156,28.40812110900879,1.5,0,66,1.0,1.0,0.0,0,0,0
1780579134.643725,0,0.3499999940395355,1,0,774,900,423158243,59,77,10.0,-1.5999908447265625,33.71297836303711,30.553874969482422,1,0,0.6000000238418579,0,0,1,0,0,7,1,1,0,8,99,1,8.300000190734863,0.0,27.16648292541504,28.40812110900879,1.5,0,66,1.0,1.0,0.0,0,0,0
1780579134.6637044,0,0.3499999940395355,1,0,774,900,423158243,59,77,10.0,-3.3999900817871094,33.91297912597656,30.485876083374023,1,0,0.6000000238418579,0,0,1,0,0,7,1,1,0,8,99,1,8.300000190734863,0.0,27.332317352294922,28.40812110900879,1.5,0,66,1.0,1.0,0.0,0,0,0
1780579134.6844764,0,0.3499999940395355,1,0,774,900,423158243,59,77,10.0,-5.199989318847656,34.112979888916016,30.38187599182129,1,0,0.6000000238418579,0,0,1,0,0,7,1,1,0,8,99,1,8.300000190734863,0.0,27.498151779174805,28.40812110900879,1.5,0,66,1.0,1.0,0.0,0,0,0
1780579134.7048094,0,0.3499999940395355,1,0,774,900,423158243,59,77,10.0,-6.999988555908203,34.31298065185547,30.24187660217285,1,0,0.6000000238418579,0,0,1,0,0,7,1,1,0,8,99,1,8.300000190734863,0.0,27.663986206054688,28.40812110900879,1.5,0,66,1.0,0.0,0.0,0,0,0
1780579134.7242396,0,0.3499999940395355,0,0,774,900,423158243,59,77,10.0,-8.79998779296875,34.51298141479492,30.065876007080078,1,0,0.6000000238418579,0,0,1,0,0,7,1,0,0,8,99,1,8.300000190734863,0.0,27.829822540283203,28.40812110900879,1.5,0,66,0.0,0.0,0.0,0,1,0
1780579134.7465045,0,0.3499999940395355,0,0,774,900,423158243,59,77,10.0,-10.599987030029297,34.712982177734375,29.8538761138916,1,0,0.6000000238418579,0,0,1,0,0,7,0,0,0,8,99,1,8.300000190734863,0.0,27.995655059814453,28.40812110900879,1.5,0,66,0.0,0.0,0.0,0,1,0
1780579134.766122,0,0.3499999940395355,0,0,774,900,423158243,59,77,10.0,-12.399986267089844,34.91298294067383,29.605876922607422,1,0,0.6000000238418579,0,0,1,0,0,7,0,0,0,8,99,1,0.0,0.0,28.071598052978516,28.40812110900879,1.5,0,66,0.0,0.0,0.0,0,1,0
1780579134.784912,0,0.3499999940395355,0,0,774,900,423158243,59,77,10.0,-14.19998550415039,35.11298370361328,29.321876525878906,1,0,0.6000000238418579,0,0,1,0,0,7,0,0,0,8,99,1,0.0,0.0,28.071598052978516,28.40812110900879,1.5,0,66,0.0,0.0,0.0,0,1,0
1780579134.8041768,0,0.3499999940395355,0,0,774,900,423158243,59,77,10.0,-15.999984741210938,35.312984466552734,29.001876831054688,1,0,0.6000000238418579,0,0,1,0,0,7,0,0,0,8,99,1,0.0,0.0,28.071598052978516,28.40812110900879,1.5,0,66,0.0,0.0,0.0,0,1,0
1780579134.8245912,0,0.3499999940395355,0,0,774,900,423158243,59,77,10.0,-17.799983978271484,35.51298522949219,28.645877838134766,1,0,0.6000000238418579,0,0,1,0,0,7,0,0,0,8,99,1,0.0,0.0,28.071598052978516,28.40812110900879,1.5,0,66,0.0,0.0,0.0,0,1,0
1780579134.8443482,0,0.3499999940395355,0,0,774,900,423158243,60,77,0.0,0.0,35.71298599243164,28.56183624267578,1,0,0.6000000238418579,0,0,1,0,0,7,0,0,0,8,99,1,0.0,0.0,28.071598052978516,28.40812110900879,1.5,0,66,0.0,0.0,0.0,0,1,0
1780579134.863865,0,0.3499999940395355,0,0,774,900,423158243,60,77,0.0,0.0,35.71298599243164,28.56184959411621,1,0,0.6000000238418579,0,0,1,0,0,7,0,0,0,8,99,1,0.0,0.0,28.071598052978516,28.40812110900879,1.5,0,66,0.0,0.0,0.0,0,1,0
1780579134.884214,0,0.3499999940395355,0,0,774,900,423158243,60,77,0.0,0.0,35.71298599243164,28.561859130859375,1,0,0.6000000238418579,0,0,1,0,0,7,0,0,0,8,99,1,0.0,0.0,28.071598052978516,28.40812110900879,1.5,0,66,0.0,0.0,0.0,0,1,0
1780579134.9042318,0,0.3499999940395355,0,0,774,900,423158243,60,77,0.0,0.0,35.71298599243164,28.561864852905273,1,0,0.6000000238418579,0,0,1,0,0,7,0,0,0,8,99,1,0.0,0.0,28.071598052978516,28.40812110900879,1.5,0,66,0.0,0.0,0.0,0,1,0
1780579134.9241295,0,0.3499999940395355,0,0,774,900,423158243,60,77,0.0,0.0,35.71298599243164,28.56186866760254,1,0,0.6000000238418579,0,0,1,0,0,7,0,0,0,8,99,1,0.0,0.0,28.071598052978516,28.40812110900879,1.5,0,66,0.0,0.0,0.0,0,1,0
1780579134.9439795,0,0.3499999940395355,0,0,774,900,423158243,60,77,0.0,0.0,35.71298599243164,28.561870574951172,1,0,0.6000000238418579,0,0,1,0,0,7,0,0,0,8,99,1,0.0,0.0,28.071598052978516,28.40812110900879,1.5,0,66,0.0,0.0,0.0,0,1,0
1780579134.9645286,0,0.3499999940395355,0,0,774,900,423158243,60,77,0.0,0.0,35.71298599243164,28.561870574951172,1,0,0.6000000238418579,0,0,1,0,0,7,0,0,0,8,99,1,0.0,0.0,28.071598052978516,28.40812110900879,1.5,0,66,0.0,0.0,0.0,0,1,0
1780579134.98419,0,0.3499999940395355,0,0,774,900,423158243,60,77,0.0,0.0,35.71298599243164,28.561870574951172,1,0,0.6000000238418579,0,0,1,0,0,7,0,0,0,8,99,1,0.0,0.0,28.071598052978516,28.40812110900879,1.5,0,66,0.0,0.0,0.0,0,1,0
1780579135.0037148,0,0.3499999940395355,0,0,774,900,423158243,60,77,0.0,0.0,35.71298599243164,28.561870574951172,0,0,0.6000000238418579,0,0,1,0,1,7,0,0,0,8,99,1,0.0,0.0,28.071598052978516,28.40812110900879,1.5,0,66,0.0,0.0,0.0,0,1,0
1780579135.024075,0,0.3499999940395355,0,0,774,900,423158243,60,77,0.0,0.0,35.71298599243164,28.561870574951172,0,0,0.6000000238418579,0,0,1,0,1,7,0,0,0,8,99,1,0.0,0.0,28.071598052978516,28.40812110900879,1.5,0,66,0.0,0.0,0.0,0,1,0
1780579135.04446,0,0.3499999940395355,0,0,774,900,423158243,60,77,0.0,0.0,35.71298599243164,28.561870574951172,0,0,0.6000000238418579,0,0,1,0,1,7,0,0,0,8,99,1,0.0,0.0,28.071598052978516,28.40812110900879,1.5,0,66,0.0,0.0,0.0,0,1,0
1780579135.0643053,0,0.3499999940395355,0,0,774,900,423158243,60,77,0.0,0.0,35.71298599243164,28.561870574951172,0,0,0.6000000238418579,0,0,1,0,1,7,0,0,0,8,99,1,0.0,0.0,28.071598052978516,28.40812110900879,1.5,0,66,0.0,0.0,0.0,0,1,0
1780579135.0842795,0,0.3499999940395355,0,0,774,900,423158243,60,77,0.0,0.0,35.71298599243164,28.561870574951172,0,0,0.6000000238418579,0,0,1,0,1,7,0,0,0,8,99,1,0.0,0.0,28.071598052978516,28.40812110900879,1.5,0,66,0.0,0.0,0.0,0,1,0
1780579135.1040423,0,0.3499999940395355,0,0,774,900,423158243,60,77,0.0,0.0,35.71298599243164,28.561870574951172,0,0,0.6000000238418579,0,0,1,0,1,7,0,0,0,8,99,1,0.0,0.0,28.071598052978516,28.40812110900879,1.5,0,66,0.0,0.0,0.0,0,1,0
1780579135.124344,0,0.3499999940395355,0,0,774,900,423158243,60,77,0.0,0.0,35.71298599243164,28.561870574951172,0,0,0.6000000238418579,0,0,1,0,1,7,0,0,0,8,99,1,0.0,0.0,28.071598052978516,28.40812110900879,1.5,0,66,0.0,0.0,0.0,0,1,0
1780579135.1436698,0,0.3499999940395355,0,0,774,900,423158243,60,77,0.0,0.0,35.71298599243164,28.561870574951172,0,0,0.6000000238418579,0,0,1,0,1,7,0,0,0,8,99,1,0.0,0.0,28.071598052978516,28.40812110900879,1.5,0,66,0.0,0.0,0.0,0,1,0
1780579135.1637459,0,0.3499999940395355,0,0,774,900,423158243,60,77,0.0,0.0,35.71298599243164,28.561870574951172,0,0,0.6000000238418579,0,0,1,0,1,7,0,0,0,8,99,1,0.0,0.0,28.071598052978516,28.40812110900879,1.5,0,66,0.0,0.0,0.0,0,1,0
1780579135.1844053,0,0.3499999940395355,0,0,774,900,423158243,60,77,0.0,0.0,35.71298599243164,28.561870574951172,0,0,0.6000000238418579,0,0,1,0,1,7,0,0,0,8,99,1,0.0,0.0,28.071598052978516,28.40812110900879,1.5,0,66,0.0,0.0,0.0,0,1,0
1780579135.203943,0,0.3499999940395355,0,0,774,900,423158243,60,77,0.0,0.0,35.71298599243164,28.561870574951172,0,0,0.6000000238418579,0,0,1,0,1,7,0,0,0,8,99,1,0.0,0.0,28.071598052978516,28.40812110900879,1.5,0,66,0.0,0.0,0.0,0,1,0
1780579135.223739,0,0.3499999940395355,0,0,774,900,423158243,60,77,0.0,0.0,35.71298599243164,28.561870574951172,0,0,0.6000000238418579,0,0,1,0,1,7,0,0,0,8,99,1,0.0,0.0,28.071598052978516,28.40812110900879,1.5,0,66,0.0,0.0,0.0,0,1,0
1780579135.244183,0,0.3499999940395355,0,0,774,900,423158243,60,77,0.0,0.0,35.71298599243164,28.561870574951172,0,0,0.6000000238418579,0,0,1,0,1,7,0,0,0,8,99,1,0.0,0.0,28.071598052978516,28.40812110900879,1.5,0,66,0.0,0.0,0.0,0,1,0
1780579135.264316,0,0.3499999940395355,0,0,774,900,423158243,60,77,0.0,0.0,35.71298599243164,28.561870574951172,0,0,0.6000000238418579,0,0,1,0,1,7,0,0,0,8,99,1,0.0,0.0,28.071598052978516,28.40812110900879,1.5,0,66,0.0,0.0,0.0,0,1,0
1780579135.2836833,0,0.3499999940395355,0,0,774,900,423158243,60,77,0.0,0.0,35.71298599243164,28.561870574951172,0,0,0.6000000238418579,0,0,1,0,1,7,0,0,0,8,99,1,0.0,0.0,28.071598052978516,28.40812110900879,1.5,0,65,0.0,0.0,0.0,0,1,0
1780579135.3037457,0,0.3499999940395355,0,0,774,900,423158243,60,77,0.0,0.0,35.71298599243164,28.561870574951172,0,0,0.6000000238418579,0,0,1,0,1,7,0,0,0,8,99,1,0.0,0.0,28.071598052978516,28.40812110900879,1.5,0,64,0.0,0.0,0.0,0,1,0
1780579135.3245442,0,0.3499999940395355,0,0,774,900,423158243,60,77,0.0,0.0,35.71298599243164,28.561870574951172,0,0,0.6000000238418579,0,0,1,0,1,7,0,0,0,8,99,1,0.0,0.0,28.071598052978516,28.40812110900879,1.5,0,64,0.0,0.0,0.0,0,1,0
1780579135.3445096,0,0.3499999940395355,0,0,774,900,423158243,60,77,0.0,0.0,35.71298599243164,28.561870574951172,0,0,0.6000000238418579,0,0,1,0,1,7,0,0,0,8,99,1,0.0,0.0,28.071598052978516,28.40812110900879,1.5,0,63,0.0,0.0,0.0,0,1,0
1780579135.3640985,0,0.3499999940395355,0,0,774,900,423158243,60,77,0.0,0.0,35.71298599243164,28.561870574951172,0,0,0.6000000238418579,0,0,1,0,1,7,0,0,0,8,99,1,0.0,0.0,28.071598052978516,28.40812110900879,1.5,0,62,0.0,0.0,0.0,0,1,0
1780579135.384519,0,0.3499999940395355,0,0,774,900,423158243,60,77,0.0,0.0,35.71298599243164,28.561870574951172,0,0,0.6000000238418579,0,0,1,0,1,7,0,0,0,8,99,1,0.0,0.0,28.071598052978516,28.40812110900879,1.5,0,61,0.0,0.0,0.0,0,1,0
1780579135.4044492,0,0.3499999940395355,0,0,774,900,423158243,60,77,0.0,0.0,35.71298599243164,28.561870574951172,0,0,0.6000000238418579,0,0,1,0,1,7,0,0,0,8,99,1,0.0,0.0,28.071598052978516,28.40812110900879,1.5,0,61,0.0,0.0,0.0,0,1,0
1780579135.4236305,0,0.3499999940395355,0,0,774,900,423158243,60,77,0.0,0.0,35.71298599243164,28.561870574951172,0,0,0.6000000238418579,0,0,1,0,1,7,0,0,0,8,99,1,0.0,0.0,28.071598052978516,28.40812110900879,1.5,0,60,0.0,0.0,0.0,0,1,0
1780579135.4436996,0,0.3499999940395355,0,0,774,900,423158243,60,77,0.0,0.0,35.71298599243164,28.561870574951172,0,0,0.6000000238418579,0,0,1,0,1,7,0,0,0,8,99,1,0.0,0.0,28.071598052978516,28.40812110900879,1.5,0,59,0.0,0.0,0.0,0,1,0
1780579135.4641297,0,0.3499999940395355,0,0,774,900,423158243,60,77,0.0,0.0,35.71298599243164,28.561870574951172,0,0,0.6000000238418579,0,0,1,0,1,7,0,0,0,8,99,1,0.0,0.0,28.071598052978516,28.40812110900879,1.5,0,58,0.0,0.0,0.0,0,1,0
1780579135.4838564,0,0.3499999940395355,0,0,774,900,423158243,60,77,0.0,0.0,35.71298599243164,28.561870574951172,0,0,0.6000000238418579,0,0,1,0,1,7,0,0,0,8,99,1,0.0,0.0,28.071598052978516,28.40812110900879,1.5,0,58,0.0,0.0,0.0,0,1,0
1780579135.5037596,0,0.3499999940395355,0,0,774,900,423158243,60,77,0.0,0.0,35.71298599243164,28.561870574951172,0,0,0.6000000238418579,0,0,1,0,1,7,0,0,0,8,99,1,0.0,0.0,28.071598052978516,28.40812110900879,1.5,0,57,0.0,0.0,0.0,0,1,0
1780579135.524205,0,0.3499999940395355,0,0,774,900,423158243,60,77,0.0,0.0,35.71298599243164,28.561870574951172,0,0,0.6000000238418579,0,0,1,0,1,7,0,0,0,8,99,1,0.0,0.0,28.071598052978516,28.40812110900879,1.5,0,56,0.0,0.0,0.0,0,1,0
1780579135.5442,0,0.3499999940395355,0,0,774,900,423158243,60,77,0.0,0.0,35.71298599243164,28.561870574951172,0,0,0.6000000238418579,0,0,1,0,1,7,0,0,0,8,99,1,0.0,0.0,28.071598052978516,28.40812110900879,1.5,0,55,0.0,0.0,0.0,0,1,0
1780579135.5639799,0,0.3499999940395355,0,0,774,900,423158243,60,77,0.0,0.0,35.71298599243164,28.561870574951172,0,0,0.6000000238418579,0,0,1,0,1,7,0,0,0,8,99,1,0.0,0.0,28.071598052978516,28.40812110900879,1.5,0,55,0.0,0.0,0.0,0,1,0
1780579135.5843108,0,0.3499999940395355,0,0,774,900,423158243,60,77,0.0,0.0,35.71298599243164,28.561870574951172,0,0,0.6000000238418579,0,0,1,0,1,7,0,0,0,8,99,1,0.0,0.0,28.071598052978516,28.40812110900879,1.5,0,54,0.0,0.0,0.0,0,1,0
1780579135.6140761,0,0.3499999940395355,0,0,774,900,423158243,60,77,0.0,0.0,35.71298599243164,28.561870574951172,0,0,0.6000000238418579,0,0,1,0,1,7,0,0,0,8,99,1,0.0,0.0,28.071598052978516,28.40812110900879,1.5,0,53,0.0,0.0,0.0,0,1,0
1780579135.6341283,0,0.3499999940395355,0,0,774,900,423158243,60,77,0.0,0.0,35.71298599243164,28.561870574951172,0,0,0.6000000238418579,0,0,1,0,1,7,0,0,0,8,99,1,0.0,0.0,28.071598052978516,28.40812110900879,1.5,0,52,0.0,0.0,0.0,0,1,0
1780579135.6538854,0,0.3499999940395355,0,0,774,900,423158243,60,77,0.0,0.0,35.71298599243164,28.561870574951172,0,0,0.6000000238418579,0,0,1,0,1,7,0,0,0,8,99,1,0.0,0.0,28.071598052978516,28.40812110900879,1.5,0,51,0.0,0.0,0.0,0,1,0
1780579135.674438,0,0.3499999940395355,0,0,774,900,423158243,60,77,0.0,0.0,35.71298599243164,28.561870574951172,0,0,0.6000000238418579,0,0,1,0,1,7,0,0,0,8,99,1,0.0,0.0,28.071598052978516,28.40812110900879,1.5,0,51,0.0,0.0,0.0,0,1,0
1780579135.6940558,0,0.3499999940395355,0,0,774,900,423158243,60,77,0.0,0.0,35.71298599243164,28.561870574951172,0,0,0.6000000238418579,0,0,1,0,1,7,0,0,0,8,99,1,0.0,0.0,28.071598052978516,28.40812110900879,1.5,0,50,0.0,0.0,0.0,0,1,0
1780579135.714314,0,0.3499999940395355,0,0,774,900,423158243,60,77,0.0,0.0,35.71298599243164,28.561870574951172,0,0,0.6000000238418579,0,0,1,0,1,7,0,0,0,8,99,1,0.0,0.0,28.071598052978516,28.40812110900879,1.5,0,49,0.0,0.0,0.0,0,1,0
1780579135.7340791,0,0.3499999940395355,0,0,774,900,423158243,60,77,0.0,0.0,35.71298599243164,28.561870574951172,0,0,0.6000000238418579,0,0,1,0,1,7,0,0,0,8,99,1,0.0,0.0,28.071598052978516,28.40812110900879,1.5,0,48,0.0,0.0,0.0,0,1,0
1780579135.7539425,0,0.3499999940395355,0,0,774,900,423158243,60,77,0.0,0.0,35.71298599243164,28.561870574951172,0,0,0.6000000238418579,0,0,1,0,1,7,0,0,0,8,99,1,0.0,0.0,28.071598052978516,28.40812110900879,1.5,0,48,0.0,0.0,0.0,0,1,0
1780579135.7743762,0,0.3499999940395355,0,0,774,900,423158243,60,77,0.0,0.0,35.71298599243164,28.561870574951172,0,0,0.6000000238418579,0,0,1,0,1,7,0,0,0,8,99,1,0.0,0.0,28.071598052978516,28.40812110900879,1.5,0,47,0.0,0.0,0.0,0,1,0
1780579135.7941587,0,0.3499999940395355,0,0,774,900,423158243,60,77,0.0,0.0,35.71298599243164,28.561870574951172,0,0,0.6000000238418579,0,0,1,0,1,7,0,0,0,8,99,1,0.0,0.0,28.071598052978516,28.40812110900879,1.5,0,46,0.0,0.0,0.0,0,1,0
1780579135.813953,0,0.3499999940395355,0,0,774,900,423158243,60,77,0.0,0.0,35.71298599243164,28.561870574951172,0,0,0.6000000238418579,0,0,1,0,1,7,0,0,0,8,99,1,0.0,0.0,28.071598052978516,28.40812110900879,1.5,0,45,0.0,0.0,0.0,0,1,0
1780579135.8342116,0,0.3499999940395355,0,0,774,900,423158243,60,77,0.0,0.0,35.71298599243164,28.561870574951172,0,0,0.6000000238418579,0,0,1,0,1,7,0,0,0,8,99,1,0.0,0.0,28.071598052978516,28.40812110900879,1.5,0,45,0.0,0.0,0.0,0,1,0
1780579135.8540294,0,0.3499999940395355,0,0,774,900,423158243,60,77,0.0,0.0,35.71298599243164,28.561870574951172,0,0,0.6000000238418579,0,0,1,0,1,7,0,0,0,8,99,1,0.0,0.0,28.071598052978516,28.40812110900879,1.5,0,44,0.0,0.0,0.0,0,1,0
1780579135.873793,0,0.3499999940395355,0,0,774,900,423158243,60,77,0.0,0.0,35.71298599243164,28.561870574951172,0,0,0.6000000238418579,0,0,1,0,1,7,0,0,0,8,99,1,0.0,0.0,28.071598052978516,28.40812110900879,1.5,0,43,0.0,0.0,0.0,0,1,0
1780579135.894004,0,0.3499999940395355,0,0,774,900,423158243,60,77,0.0,0.0,35.71298599243164,28.561870574951172,0,0,0.6000000238418579,0,0,1,0,1,7,0,0,0,8,99,1,0.0,0.0,28.071598052978516,28.40812110900879,1.5,0,42,0.0,0.0,0.0,0,1,0
1780579135.9145117,0,0.3499999940395355,0,0,774,900,423158243,60,77,0.0,0.0,35.71298599243164,28.561870574951172,0,0,0.6000000238418579,0,0,1,0,1,7,0,0,0,8,99,1,0.0,0.0,28.071598052978516,28.40812110900879,1.5,0,42,0.0,0.0,0.0,0,1,0
1780579135.934286,0,0.3499999940395355,0,0,774,900,423158243,60,77,0.0,0.0,35.71298599243164,28.561870574951172,0,0,0.6000000238418579,0,0,1,0,1,7,0,0,0,8,99,1,0.0,0.0,28.071598052978516,28.40812110900879,1.5,0,41,0.0,0.0,0.0,0,1,0
1780579135.9540598,0,0.3499999940395355,0,0,774,900,423158243,60,77,0.0,0.0,35.71298599243164,28.561870574951172,0,0,0.6000000238418579,0,0,1,0,1,7,0,0,0,8,99,1,0.0,0.0,28.071598052978516,28.40812110900879,1.5,0,40,0.0,0.0,0.0,0,1,0
1780579135.974002,0,0.3499999940395355,0,0,774,900,423158243,60,77,0.0,0.0,35.71298599243164,28.561870574951172,0,0,0.6000000238418579,0,0,1,0,1,7,0,0,0,8,99,1,0.0,0.0,28.071598052978516,28.40812110900879,1.5,0,39,0.0,0.0,0.0,0,1,0
1780579135.9943438,0,0.3499999940395355,0,0,774,900,423158243,60,77,0.0,0.0,35.71298599243164,28.561870574951172,0,0,0.6000000238418579,0,0,1,0,1,7,0,0,0,8,99,1,0.0,0.0,28.071598052978516,28.40812110900879,1.5,0,39,0.0,0.0,0.0,0,1,0
1780579136.0139205,0,0.3499999940395355,0,0,774,900,423158243,60,77,0.0,0.0,35.71298599243164,28.561870574951172,0,0,0.6000000238418579,0,0,1,0,1,7,0,0,0,8,99,1,0.0,0.0,28.071598052978516,28.40812110900879,1.5,0,38,0.0,0.0,0.0,0,1,0
1780579136.0344632,0,0.3499999940395355,0,0,774,900,423158243,60,77,0.0,0.0,35.71298599243164,28.561870574951172,0,0,0.6000000238418579,0,0,1,0,1,7,0,0,0,8,99,1,0.0,0.0,28.071598052978516,28.40812110900879,1.5,0,37,0.0,0.0,0.0,0,1,0
1780579136.0539436,0,0.3499999940395355,0,0,774,900,423158243,60,77,0.0,0.0,35.71298599243164,28.561870574951172,0,0,0.6000000238418579,0,0,1,0,1,7,0,0,0,8,99,1,0.0,0.0,28.071598052978516,28.40812110900879,1.5,0,37,0.0,0.0,0.0,0,1,0
1780579136.0745351,0,0.3499999940395355,0,0,774,900,423158243,60,77,0.0,0.0,35.71298599243164,28.561870574951172,0,0,0.6000000238418579,0,0,1,0,1,7,0,0,0,8,99,1,0.0,0.0,28.071598052978516,28.40812110900879,1.5,0,36,0.0,0.0,0.0,0,1,0
1780579136.0943685,0,0.3499999940395355,0,0,774,900,423158243,60,77,0.0,0.0,35.71298599243164,28.561870574951172,0,0,0.6000000238418579,0,0,1,0,1,7,0,0,0,8,99,1,0.0,0.0,28.071598052978516,28.40812110900879,1.5,0,35,0.0,0.0,0.0,0,1,0
1780579136.1145778,0,0.3499999940395355,0,0,774,900,423158243,60,77,0.0,0.0,35.71298599243164,28.561870574951172,0,0,0.6000000238418579,0,0,1,0,1,7,0,0,0,8,99,1,0.0,0.0,28.071598052978516,28.40812110900879,1.5,0,34,0.0,0.0,0.0,0,1,0
1780579136.13441,0,0.3499999940395355,0,0,774,900,423158243,60,77,0.0,0.0,35.71298599243164,28.561870574951172,0,0,0.6000000238418579,0,0,1,0,1,7,0,0,0,8,99,1,0.0,0.0,28.071598052978516,28.40812110900879,1.5,0,34,0.0,0.0,0.0,0,1,0
1780579136.1538694,0,0.3499999940395355,0,0,774,900,423158243,60,77,0.0,0.0,35.71298599243164,28.561870574951172,0,0,0.6000000238418579,0,0,1,0,1,8,0,0,0,8,99,1,0.0,0.0,28.071598052978516,28.40812110900879,1.5,0,33,0.0,0.0,0.0,0,1,0
1780579136.174416,0,0.3499999940395355,0,0,774,900,423158243,60,77,0.0,0.0,35.71298599243164,28.561870574951172,0,0,0.6000000238418579,0,0,1,0,1,8,0,0,0,8,99,1,0.0,0.0,28.071598052978516,28.40812110900879,1.5,0,33,0.0,0.0,0.0,0,1,0
1780579136.1947174,0,0.3499999940395355,0,0,774,900,423158243,60,77,0.0,0.0,35.71298599243164,28.561870574951172,0,0,0.6000000238418579,0,0,1,0,1,8,0,0,0,8,99,1,0.0,0.0,28.071598052978516,28.40812110900879,1.5,0,33,0.0,0.0,0.0,0,1,0
1780579136.214257,0,0.3499999940395355,0,0,774,900,423158243,60,77,0.0,0.0,35.71298599243164,28.561870574951172,0,0,0.6000000238418579,0,0,1,0,1,8,0,0,0,8,99,1,0.0,0.0,28.071598052978516,28.40812110900879,1.5,0,33,0.0,0.0,0.0,0,1,0
1780579136.2342994,0,0.3499999940395355,0,0,774,900,423158243,60,77,0.0,0.0,35.71298599243164,28.561870574951172,0,0,0.6000000238418579,0,0,1,0,1,8,0,0,0,8,99,1,0.0,0.0,28.071598052978516,28.40812110900879,1.5,0,33,0.0,0.0,0.0,0,1,0
1780579136.2545724,0,0.3499999940395355,0,0,774,900,423158243,60,77,0.0,0.0,35.71298599243164,28.561870574951172,0,0,0.6000000238418579,0,0,1,0,1,8,0,0,0,8,99,1,0.0,0.0,28.071598052978516,28.40812110900879,1.5,0,33,0.0,0.0,0.0,0,1,0
1780579136.2743785,0,0.3499999940395355,0,0,774,900,423158243,60,77,0.0,0.0,35.71298599243164,28.561870574951172,0,0,0.6000000238418579,0,0,1,0,1,8,0,0,0,8,99,1,0.0,0.0,28.071598052978516,28.40812110900879,1.5,0,33,0.0,0.0,0.0,0,1,0
1780579136.2938573,0,0.3499999940395355,0,0,774,900,423158243,60,77,0.0,0.0,35.71298599243164,28.561870574951172,0,0,0.6000000238418579,0,0,1,0,1,8,0,0,0,8,99,1,0.0,0.0,28.071598052978516,28.40812110900879,1.5,0,33,0.0,0.0,0.0,0,1,0
1780579136.3145344,0,0.3499999940395355,0,0,774,900,423158243,60,77,0.0,0.0,35.71298599243164,28.561870574951172,0,0,0.6000000238418579,0,0,1,0,1,8,0,0,0,8,99,1,0.0,0.0,28.071598052978516,28.40812110900879,1.5,0,33,0.0,0.0,0.0,0,1,0
1780579136.3344817,0,0.3499999940395355,0,0,774,900,423158243,60,77,0.0,0.0,35.71298599243164,28.561870574951172,0,0,0.6000000238418579,0,0,1,0,1,8,0,0,0,8,99,1,0.0,0.0,28.071598052978516,28.40812110900879,1.5,0,33,0.0,0.0,0.0,0,0,0
1780579136.3543954,0,0.3499999940395355,0,0,774,900,423158243,60,77,0.0,0.0,35.71298599243164,28.561870574951172,0,0,0.6000000238418579,0,0,1,0,0,8,0,0,0,8,99,1,0.0,0.0,28.071598052978516,28.40812110900879,1.5,0,33,0.0,0.0,0.0,0,0,0
1780579136.3740146,0,0.3499999940395355,0,0,774,900,423158243,60,77,0.0,0.0,35.71298599243164,28.561870574951172,0,0,0.6000000238418579,0,0,1,0,0,8,0,0,0,8,99,1,0.0,0.0,28.071598052978516,28.40812110900879,1.5,0,33,0.0,0.0,0.0,0,0,0
1780579136.394486,0,0.3499999940395355,0,0,774,900,423158243,60,77,0.0,0.0,35.71298599243164,28.561870574951172,0,0,0.6000000238418579,0,0,1,0,0,8,0,0,0,8,99,1,0.0,0.0,28.071598052978516,28.40812110900879,1.5,0,33,0.0,0.0,0.0,0,0,0
1780579136.4151313,0,0.3499999940395355,0,0,774,900,423158243,60,77,0.0,0.0,35.71298599243164,28.561870574951172,0,0,0.6000000238418579,0,0,1,0,0,8,0,0,0,8,99,1,0.0,0.0,28.071598052978516,28.40812110900879,1.5,0,33,0.0,0.0,0.0,0,0,0
1780579136.4338887,0,0.3499999940395355,0,0,774,900,423158243,60,77,0.0,0.0,35.71298599243164,28.561870574951172,0,0,0.6000000238418579,0,0,1,0,0,8,0,0,0,8,99,1,0.0,0.0,28.071598052978516,28.40812110900879,1.5,0,33,0.0,0.0,0.0,0,0,0
1780579136.453821,0,0.3499999940395355,0,0,774,900,423158243,60,77,0.0,0.0,35.71298599243164,28.561870574951172,0,0,0.6000000238418579,0,0,1,0,0,8,0,0,0,8,99,1,0.0,0.0,28.071598052978516,28.408119201660156,1.5,0,33,0.0,0.0,0.0,0,0,0
1780579136.4744203,0,0.3499999940395355,0,0,774,900,423158243,60,77,0.0,0.0,35.71298599243164,28.561870574951172,0,0,0.6000000238418579,0,0,1,0,0,8,0,0,0,8,99,1,0.0,0.0,28.071598052978516,28.40812110900879,1.5,0,33,0.0,0.0,0.0,0,1,0
1780579136.4945433,0,0.3499999940395355,0,0,774,900,423158243,60,77,0.0,0.0,35.71298599243164,28.561870574951172,0,0,0.6000000238418579,0,0,1,0,0,8,0,0,0,8,99,1,0.0,0.0,28.071598052978516,28.40812110900879,1.5,0,33,0.0,0.0,0.0,0,1,0
1780579136.5140123,0,0.3499999940395355,0,0,774,900,423158243,60,77,0.0,0.0,35.71298599243164,28.561870574951172,0,0,0.6000000238418579,0,0,1,0,0,8,0,0,0,8,99,1,0.0,0.0,28.071598052978516,28.40812110900879,1.5,0,33,0.0,0.0,0.0,0,1,0
1780579136.534536,0,0.3499999940395355,0,0,774,900,423158243,60,77,0.0,0.0,35.71298599243164,28.561870574951172,0,0,0.6000000238418579,0,0,1,0,0,8,0,0,0,8,99,1,0.0,0.0,28.071598052978516,28.40812110900879,1.5,0,33,0.0,0.0,0.0,0,1,0
1780579136.55453,0,0.3499999940395355,0,0,774,900,423158243,60,77,0.0,0.0,35.71298599243164,28.561870574951172,0,0,0.6000000238418579,0,0,1,0,0,8,0,0,0,8,99,1,0.0,0.0,28.071598052978516,28.40812110900879,1.5,0,33,0.0,0.0,0.0,0,1,0
1780579136.57443,0,0.3499999940395355,0,0,774,900,423158243,60,77,0.0,0.0,35.71298599243164,28.561870574951172,0,0,0.6000000238418579,0,0,1,0,0,8,0,0,0,8,99,1,0.0,0.0,28.071598052978516,28.40812110900879,1.5,0,33,0.0,0.0,0.0,0,1,0
1780579136.5944374,0,0.3499999940395355,0,0,774,900,423158243,60,77,0.0,0.0,35.71298599243164,28.561870574951172,1,0,0.6000000238418579,0,0,1,0,0,8,0,0,0,8,99,1,0.0,0.0,28.071598052978516,28.408123016357422,1.5,0,33,0.0,0.0,0.0,0,0,0
1780579136.614346,0,0.3499999940395355,0,0,774,900,423158243,60,77,0.0,0.0,35.71298599243164,28.561870574951172,1,0,0.6000000238418579,0,0,1,0,0,8,0,0,0,8,99,1,0.0,0.0,28.071598052978516,28.40812110900879,1.5,0,33,0.0,0.0,0.0,0,0,0
1780579136.634302,0,0.3499999940395355,0,0,774,900,423158243,60,77,0.0,0.0,35.71298599243164,28.561870574951172,1,0,0.6000000238418579,0,0,1,0,0,8,0,0,0,8,99,1,0.0,0.0,28.071598052978516,28.40812110900879,1.5,0,33,0.0,0.0,0.0,0,0,0
1780579136.654099,0,0.3499999940395355,0,0,774,900,423158243,60,77,0.0,0.0,35.71298599243164,28.561870574951172,1,0,0.6000000238418579,0,0,1,0,0,8,0,0,0,8,99,1,0.0,0.0,28.071598052978516,28.40812110900879,1.5,0,33,0.0,0.0,0.0,0,0,0
1780579136.6752977,0,0.3499999940395355,0,0,774,900,423158243,60,77,0.0,0.0,35.71298599243164,28.561870574951172,1,0,0.6000000238418579,0,0,1,0,0,8,0,0,0,8,99,1,0.0,0.0,28.071598052978516,28.40812110900879,1.5,0,33,0.0,0.0,0.0,0,1,0
1780579136.6967325,0,0.3499999940395355,0,0,774,900,423158243,60,77,0.0,0.0,35.71298599243164,28.561870574951172,1,0,0.6000000238418579,0,0,1,0,0,8,0,0,0,8,99,1,0.0,0.0,28.071598052978516,28.40812110900879,1.5,0,33,0.0,0.0,0.0,0,1,0
1780579136.7168746,0,0.3499999940395355,0,0,774,900,423158243,60,77,0.0,0.0,35.71298599243164,28.561870574951172,1,0,0.6000000238418579,0,0,1,0,0,8,0,0,0,8,99,1,0.0,0.0,28.071598052978516,28.40812110900879,1.5,0,33,0.0,0.0,0.0,0,1,0
1780579136.7366452,0,0.3499999940395355,0,0,774,900,423158243,60,77,0.0,0.0,35.71298599243164,28.561870574951172,1,0,0.6000000238418579,0,0,1,0,0,8,0,0,0,8,99,1,0.0,0.0,28.071598052978516,28.40812110900879,1.5,0,33,0.0,0.0,0.0,0,1,0
1780579136.7557786,0,0.3499999940395355,0,0,774,900,423158243,60,77,0.0,0.0,35.71298599243164,28.561870574951172,1,0,0.6000000238418579,0,0,1,0,0,8,0,0,0,8,99,1,0.0,0.0,28.071598052978516,28.40812110900879,1.5,0,33,0.0,0.0,0.0,0,1,0
1780579136.7747068,0,0.3499999940395355,0,0,774,900,423158243,60,77,0.0,0.0,35.71298599243164,28.561870574951172,1,0,0.6000000238418579,0,0,1,0,0,8,0,0,0,8,99,1,0.0,0.0,28.071598052978516,28.40812110900879,1.5,0,33,0.0,0.0,0.0,0,0,0
1780579136.794093,0,0.3499999940395355,0,0,774,900,423158243,60,77,0.0,0.0,35.71298599243164,28.561870574951172,1,0,0.6000000238418579,0,0,1,0,0,8,0,0,0,8,99,1,0.0,0.0,28.071598052978516,28.40812110900879,1.5,0,33,0.0,0.0,0.0,0,0,0
1780579136.8143704,0,0.3499999940395355,0,0,774,900,423158243,60,77,0.0,0.0,35.71298599243164,28.561870574951172,0,0,0.6000000238418579,0,0,1,0,0,8,0,0,0,8,99,1,0.0,0.0,28.071598052978516,28.40812110900879,1.5,0,33,0.0,0.0,0.0,0,0,0
1780579136.8345914,0,0.3499999940395355,0,0,774,900,423158243,60,77,0.0,0.0,35.71298599243164,28.561870574951172,0,0,0.6000000238418579,0,0,1,0,0,8,0,0,0,8,99,1,0.0,0.0,28.071598052978516,28.40812110900879,1.5,0,33,0.0,0.0,0.0,0,0,0
1780579136.8538606,0,0.3499999940395355,0,0,774,900,423158243,60,77,0.0,0.0,35.71298599243164,28.561870574951172,0,0,0.6000000238418579,0,0,1,0,0,8,0,0,0,8,99,1,0.0,0.0,28.071598052978516,28.40812110900879,1.5,0,33,0.0,0.0,0.0,0,0,0
1780579136.8740833,0,0.3499999940395355,0,0,774,900,423158243,60,77,0.0,0.0,35.71298599243164,28.561870574951172,0,0,0.6000000238418579,0,0,1,0,0,8,0,0,0,8,99,1,0.0,0.0,28.071598052978516,28.40812110900879,1.5,0,33,0.0,0.0,0.0,0,1,0
1780579136.8944468,0,0.3499999940395355,0,0,774,900,423158243,60,77,0.0,0.0,35.71298599243164,28.561870574951172,0,0,0.6000000238418579,0,0,1,0,0,8,0,0,0,8,99,1,0.0,0.0,28.071598052978516,28.40812110900879,1.5,0,33,0.0,0.0,0.0,0,1,0
1780579136.9144223,0,0.3499999940395355,0,0,774,900,423158243,60,77,0.0,0.0,35.71298599243164,28.561870574951172,0,0,0.6000000238418579,0,0,1,0,0,8,0,0,0,8,99,1,-2.0,0.0,28.071598052978516,28.40812110900879,1.5,0,0,0.0,0.0,0.0,0,1,0
1780579136.9343193,0,0.3499999940395355,0,0,774,900,423158243,60,77,0.0,0.0,35.71298599243164,28.561870574951172,0,0,0.6000000238418579,0,0,1,0,0,8,0,0,0,8,99,1,-2.0,0.0,28.03427505493164,28.40812110900879,1.5,0,0,0.0,0.0,0.0,0,1,0
1780579136.9544291,0,0.3499999940395355,0,0,774,900,423158243,60,77,0.0,0.0,35.71298599243164,28.561870574951172,0,0,0.6000000238418579,0,0,1,0,0,8,0,0,0,8,99,1,-2.0,0.0,27.994314193725586,28.40812110900879,1.5,0,0,0.0,0.0,0.0,0,1,0
1780579136.9746172,0,0.3499999940395355,0,0,744,900,423158243,7,77,0.0,0.0,35.71298599243164,28.561870574951172,0,0,0.6000000238418579,0,0,1,0,0,8,0,0,0,8,99,1,-2.0,0.0,27.95435333251953,28.40812110900879,1.5,0,0,0.0,0.0,0.0,0,1,0
1780579136.9939215,0,0.3499999940395355,0,0,744,900,423158243,7,77,0.0,0.0,36.162986755371094,28.561870574951172,0,0,0.6000000238418579,0,0,1,0,0,8,0,0,0,8,99,1,-2.0,0.0,27.914392471313477,28.40812110900879,1.5,0,0,0.0,0.0,0.0,0,0,0
1780579137.014089,0,0.3499999940395355,0,0,744,900,423158243,7,77,0.0,0.0,36.61298751831055,28.561870574951172,0,0,0.6000000238418579,0,0,1,0,0,8,0,0,0,8,99,1,-2.0,0.0,27.874431610107422,28.40812110900879,1.5,0,0,0.0,0.0,0.0,0,0,0
1780579137.0344832,0,0.3499999940395355,0,0,744,900,423158243,7,77,0.0,0.0,37.06298828125,28.561870574951172,0,0,0.6000000238418579,0,0,1,0,0,8,0,0,0,8,99,1,-2.0,0.0,27.834468841552734,28.40812110900879,1.5,0,0,0.0,0.0,0.0,0,0,0
1780579137.0546112,0,0.3499999940395355,0,0,744,900,423158243,7,77,0.0,0.0,37.41765594482422,28.561874389648438,0,0,0.6000000238418579,0,0,1,0,0,8,0,0,0,8,99,1,-2.0,0.0,27.79450798034668,28.40812110900879,1.5,0,0,0.0,0.0,0.0,0,1,0
1780579137.0745163,0,0.3499999940395355,0,0,744,900,423158243,7,77,0.0,0.0,37.41763687133789,28.561874389648438,0,0,0.6000000238418579,0,0,1,0,0,8,0,0,0,8,99,1,-2.0,0.0,27.754547119140625,28.40812110900879,1.5,0,0,0.0,0.0,0.0,0,1,0
1780579137.0945275,0,0.3499999940395355,0,0,744,900,423158243,7,77,0.0,0.0,37.41762161254883,28.561874389648438,0,0,0.6000000238418579,0,0,1,0,0,8,0,0,0,8,99,1,-2.0,0.0,27.71458625793457,28.40812110900879,1.5,0,0,0.0,0.0,0.0,0,1,0
1780579137.1146448,0,0.3499999940395355,0,0,744,900,423158243,7,77,0.0,0.0,37.4176139831543,28.561874389648438,0,0,0.6000000238418579,0,0,1,0,0,8,0,0,0,8,99,1,-2.0,0.0,27.674625396728516,28.40812110900879,1.5,0,0,0.0,0.0,0.0,0,1,0
1780579137.1344242,0,0.3499999940395355,0,0,744,900,423158243,7,77,0.0,0.0,37.417606353759766,28.561874389648438,0,0,0.6000000238418579,0,0,1,0,0,8,0,0,0,8,99,1,-2.0,0.0,27.634666442871094,28.408123016357422,1.5,0,0,0.0,0.0,0.0,0,1,0
1780579137.1549754,0,0.3499999940395355,0,0,744,900,423158243,7,77,0.0,0.0,37.417606353759766,28.561874389648438,0,0,0.6000000238418579,0,0,1,0,0,8,0,0,0,8,99,1,-2.0,0.0,27.59470558166504,28.40812110900879,1.5,0,0,0.0,0.0,0.0,0,1,0
1780579137.1747668,0,0.3499999940395355,0,0,744,900,423158243,7,77,0.0,0.0,37.417606353759766,28.561874389648438,0,0,0.6000000238418579,0,0,1,0,0,8,0,0,0,8,99,1,-2.0,0.0,27.55474281311035,28.40812110900879,1.5,0,0,0.0,0.0,0.0,0,0,0
1780579137.1942844,0,0.3499999940395355,0,0,744,900,423158243,7,77,0.0,0.0,37.417606353759766,28.561874389648438,0,0,0.6000000238418579,0,0,1,0,0,8,0,0,0,8,99,1,-2.0,0.0,27.51478385925293,28.40812110900879,1.5,0,0,0.0,0.0,0.0,0,0,0
1780579137.2140887,0,0.3499999940395355,0,0,744,900,423158243,7,77,0.0,0.0,37.417606353759766,28.561874389648438,1,0,0.6000000238418579,0,0,1,0,0,8,0,0,0,8,99,1,-2.0,0.0,27.474821090698242,28.40812110900879,1.5,0,0,0.0,0.0,0.0,0,0,0
1780579137.2345595,0,0.3499999940395355,0,0,744,900,423158243,7,77,0.0,0.0,37.417606353759766,28.561874389648438,1,0,0.6000000238418579,0,0,1,0,0,8,0,0,0,8,99,1,0.0,0.0,27.47158432006836,28.40812110900879,1.5,0,0,0.0,0.0,0.0,0,0,0
1780579137.2545643,0,0.3499999940395355,0,0,744,900,423158243,7,77,0.0,0.0,37.417606353759766,28.561874389648438,1,0,0.6000000238418579,0,0,1,0,0,8,0,0,0,8,99,1,0.0,0.0,27.47158432006836,28.40812110900879,1.5,0,0,0.0,0.0,0.0,0,0,0
1780579137.2737782,0,0.3499999940395355,0,0,744,900,423158243,7,77,0.0,0.0,37.417606353759766,28.561874389648438,1,0,0.6000000238418579,0,0,1,0,0,8,0,0,0,8,99,1,0.0,0.0,27.47158432006836,28.40812110900879,1.5,0,0,0.0,0.0,0.0,0,0,0
1780579137.293789,0,0.3499999940395355,0,0,744,900,423158243,9,77,-10.505754470825195,41.0,37.417606353759766,28.561874389648438,1,0,0.6000000238418579,0,0,1,0,0,8,0,0,0,8,99,1,0.0,0.0,27.47158432006836,28.408119201660156,1.5,0,0,0.0,0.0,0.0,0,0,0
1780579137.314348,0,0.3499999940395355,0,0,744,900,423158243,10,77,-10.505754470825195,39.20000076293945,37.20749282836914,29.345874786376953,1,0,0.6000000238418579,0,0,1,0,0,8,0,0,0,8,99,1,0.0,0.0,27.47158432006836,28.40812110900879,1.5,0,0,0.0,0.0,0.0,0,0,0
1780579137.3343098,0,0.3499999940395355,0,0,744,900,423158243,10,77,-10.505754470825195,37.400001525878906,36.997379302978516,30.093873977661133,1,0,0.6000000238418579,0,0,1,0,0,8,0,0,0,8,99,1,0.0,0.0,27.47158432006836,28.408123016357422,1.5,0,0,0.0,0.0,0.0,0,0,0
1780579137.3538437,0,0.3499999940395355,0,0,744,900,423158243,10,77,-10.505754470825195,35.60000228881836,36.78726577758789,30.80587387084961,1,0,0.6000000238418579,0,0,1,0,0,8,0,0,0,8,99,1,0.0,0.0,27.47158432006836,28.408119201660156,1.5,0,0,0.0,0.0,0.0,0,0,0
1780579137.3743625,0,0.3499999940395355,0,0,744,900,423158243,10,77,-10.505754470825195,33.80000305175781,36.577152252197266,31.481874465942383,1,0,0.6000000238418579,0,0,1,0,0,8,0,0,0,8,99,1,0.0,0.0,27.47158432006836,28.40812110900879,1.5,0,0,0.0,0.0,0.0,0,0,0
1780579137.3941476,0,0.3499999940395355,0,0,744,900,423158243,10,77,-10.505754470825195,32.000003814697266,36.36703872680664,32.12187194824219,1,0,0.6000000238418579,0,0,1,0,0,8,0,0,0,8,99,1,0.0,0.0,27.47158432006836,28.40812110900879,1.5,0,0,0.0,0.0,0.0,0,0,0
1780579137.414201,0,0.3499999940395355,0,0,744,900,423158243,10,77,-10.505754470825195,30.20000457763672,36.156925201416016,32.72587203979492,1,0,0.6000000238418579,0,0,1,0,0,8,0,0,0,8,99,1,0.0,0.0,27.47158432006836,28.40812110900879,1.5,0,0,0.0,0.0,0.0,0,0,0
1780579137.434507,0,0.3499999940395355,0,0,744,900,423158243,10,77,-10.505754470825195,28.400005340576172,35.94681167602539,33.29387283325195,1,0,0.6000000238418579,0,0,1,0,0,8,0,0,0,8,99,1,0.0,0.0,27.47158432006836,28.40812110900879,1.5,0,0,0.0,0.0,0.0,0,0,0
1780579137.4545314,0,0.3499999940395355,0,0,744,900,423158243,10,77,-10.505754470825195,26.600006103515625,35.736698150634766,33.82587432861328,1,0,0.6000000238418579,0,0,1,0,0,8,0,0,0,8,99,1,0.0,0.0,27.47158432006836,28.40812110900879,1.5,0,0,0.0,0.0,0.0,0,0,0
1780579137.4736986,0,0.3499999940395355,0,0,744,900,423158243,10,77,-10.505754470825195,24.800006866455078,35.52658462524414,34.32187271118164,1,0,0.6000000238418579,0,0,1,0,0,8,0,0,0,8,99,1,0.0,0.0,27.47158432006836,28.40812110900879,1.5,0,0,0.0,0.0,0.0,0,0,0
1780579137.4937496,0,0.3499999940395355,0,0,744,900,423158243,10,77,-10.505754470825195,23.00000762939453,35.316471099853516,34.7818717956543,1,0,0.6000000238418579,0,0,1,0,0,8,0,0,0,8,99,1,0.0,0.0,27.47158432006836,28.40812110900879,1.5,0,0,0.0,0.0,0.0,0,0,0
1780579137.5139453,0,0.3499999940395355,0,0,744,900,423158243,10,77,-10.505754470825195,21.200008392333984,35.10635757446289,35.20587158203125,1,0,0.6000000238418579,0,0,1,0,0,8,0,0,0,8,99,1,0.0,0.0,27.47158432006836,28.40812110900879,1.5,0,0,0.0,0.0,0.0,0,0,0
1780579137.5341737,0,0.3499999940395355,0,0,744,900,423158243,10,77,-10.505754470825195,19.400009155273438,34.896244049072266,35.5938720703125,1,0,0.6000000238418579,0,0,1,0,0,8,0,0,0,8,99,1,0.0,0.0,27.47158432006836,28.40812110900879,1.5,0,0,0.0,0.0,0.0,0,0,0
1780579137.554089,0,0.3499999940395355,0,0,744,900,423158243,10,77,-10.505754470825195,17.60000991821289,34.68613052368164,35.94587326049805,1,0,0.6000000238418579,0,0,1,0,0,8,0,0,0,8,99,1,0.0,0.0,27.47158432006836,28.40812110900879,1.5,0,0,0.0,0.0,0.0,0,0,0
1780579137.5747387,0,0.3499999940395355,0,0,744,900,423158243,10,77,-10.505754470825195,15.800010681152344,34.476016998291016,36.26187515258789,1,0,0.6000000238418579,0,0,1,0,0,8,0,0,0,8,99,1,0.0,0.0,27.47158432006836,28.40812110900879,1.5,0,0,0.0,0.0,0.0,0,0,0
1780579137.5946386,0,0.3499999940395355,0,0,744,900,423158243,10,77,-10.505754470825195,14.000011444091797,34.26590347290039,36.541873931884766,1,0,0.6000000238418579,0,0,1,0,0,8,0,0,0,8,99,1,0.0,0.0,27.47158432006836,28.40812110900879,1.5,0,0,0.0,0.0,0.0,0,0,0
1780579137.6141026,0,0.3499999940395355,0,0,744,900,423158243,10,77,-10.505754470825195,12.20001220703125,34.055789947509766,36.78587341308594,1,0,0.6000000238418579,0,0,1,0,0,8,0,0,0,8,99,1,0.0,0.0,27.47158432006836,28.40812110900879,1.5,0,0,0.0,0.0,0.0,0,0,0
1780579137.633902,0,0.3499999940395355,0,0,744,900,423158243,10,77,-10.505754470825195,10.400012969970703,33.84567642211914,36.993873596191406,1,0,0.6000000238418579,0,0,1,0,0,8,0,0,0,8,99,1,0.0,0.0,27.47158432006836,28.40812110900879,1.5,0,0,0.0,0.0,0.0,0,0,0
1780579137.6539695,0,0.3499999940395355,0,0,744,900,423158243,10,77,-10.505754470825195,8.600013732910156,33.635562896728516,37.16587448120117,1,0,0.6000000238418579,0,0,1,0,0,8,0,0,0,8,99,1,0.0,0.0,27.47158432006836,28.40812110900879,1.5,0,0,0.0,0.0,0.0,0,0,0
1780579137.6739173,0,0.3499999940395355,0,0,744,900,423158243,10,77,-10.505754470825195,6.800014495849609,33.42544937133789,37.301876068115234,1,0,0.6000000238418579,0,0,1,0,0,8,0,0,0,8,99,1,0.0,0.0,27.47158432006836,28.40812110900879,1.5,0,0,0.0,0.0,0.0,0,0,0
1780579137.6943085,0,0.3499999940395355,0,0,744,900,423158243,10,77,-10.505754470825195,5.0000152587890625,33.215335845947266,37.40187454223633,1,0,0.6000000238418579,0,0,1,0,0,8,0,0,0,8,99,1,0.0,0.0,27.47158432006836,28.40812110900879,1.5,0,0,0.0,0.0,0.0,0,0,0
1780579137.71444,0,0.3499999940395355,0,0,744,900,423158243,10,77,-10.505754470825195,3.2000160217285156,33.00522232055664,37.46587371826172,1,0,0.6000000238418579,0,0,1,0,0,8,0,0,0,8,99,1,0.0,0.0,27.47158432006836,28.40812110900879,1.5,0,0,0.0,0.0,0.0,0,0,0
1780579137.7342083,0,0.3499999940395355,0,0,744,900,423158243,10,77,-10.505754470825195,1.4000167846679688,32.795108795166016,37.493873596191406,1,0,0.6000000238418579,0,0,1,0,0,8,0,0,0,8,99,1,0.0,0.0,27.47158432006836,28.40812110900879,1.5,0,0,0.0,0.0,0.0,0,0,0
1780579137.7538435,0,0.3499999940395355,0,0,744,900,423158243,10,77,-10.505754470825195,-0.3999824523925781,32.58499526977539,37.48587417602539,1,0,0.6000000238418579,0,0,1,0,0,8,0,0,0,8,99,1,0.0,0.0,27.47158432006836,28.408119201660156,1.5,0,0,0.0,0.0,0.0,0,0,0
1780579137.7742617,0,0.3499999940395355,0,0,744,900,423158243,10,77,-10.505754470825195,-2.199981689453125,32.374881744384766,37.44187545776367,1,0,0.6000000238418579,0,0,1,0,0,8,0,0,0,8,99,1,0.0,0.0,27.47158432006836,28.40812110900879,1.5,0,0,0.0,0.0,0.0,0,0,0
1780579137.794577,0,0.3499999940395355,0,0,744,900,423158243,10,77,-10.505754470825195,-3.999980926513672,32.16476821899414,37.36187744140625,1,0,0.6000000238418579,0,0,1,0,0,8,0,0,0,8,99,1,0.0,0.0,27.47158432006836,28.40812110900879,1.5,0,0,0.0,0.0,0.0,0,0,0
1780579137.8143752,0,0.3499999940395355,0,0,744,900,423158243,10,77,-10.505754470825195,-5.799980163574219,31.954654693603516,37.24587631225586,1,0,0.6000000238418579,0,0,1,0,0,8,0,0,0,8,99,1,0.0,0.0,27.47158432006836,28.40812110900879,1.5,0,0,0.0,0.0,0.0,0,0,0
1780579137.833872,0,0.3499999940395355,0,0,744,900,423158243,10,77,-10.505754470825195,-7.599979400634766,31.744539260864258,37.093875885009766,1,0,0.6000000238418579,0,0,1,0,0,8,0,0,0,8,99,1,0.0,0.0,27.47158432006836,28.40812110900879,1.5,0,0,0.0,0.0,0.0,0,0,0
1780579137.8545578,0,0.3499999940395355,0,0,744,900,423158243,10,77,-10.505754470825195,-9.399978637695312,31.534423828125,36.90587615966797,1,0,0.6000000238418579,0,0,1,0,0,8,0,0,0,8,99,1,0.0,0.0,27.47158432006836,28.40812110900879,1.5,0,0,0.0,0.0,0.0,0,0,0
1780579137.87449,0,0.3499999940395355,0,0,744,900,423158243,10,77,-10.505754470825195,-11.19997787475586,31.324308395385742,36.68187713623047,1,0,0.6000000238418579,0,0,1,0,0,8,0,0,0,8,99,1,0.0,0.0,27.47158432006836,28.40812110900879,1.5,0,0,0.0,0.0,0.0,0,0,0
1780579137.8935905,0,0.3499999940395355,0,0,744,900,423158243,10,77,-10.505754470825195,-12.999977111816406,31.114192962646484,36.421878814697266,1,0,0.6000000238418579,0,0,1,0,0,8,0,0,0,8,99,1,0.0,0.0,27.47158432006836,28.40812110900879,1.5,0,0,0.0,0.0,0.0,0,0,0
1780579137.913781,0,0.3499999940395355,0,0,744,900,423158243,10,77,-10.505754470825195,-14.799976348876953,30.904077529907227,36.12588119506836,1,0,0.6000000238418579,0,0,1,0,0,8,0,0,0,8,99,1,0.0,0.0,27.47158432006836,28.40812110900879,1.5,0,0,0.0,0.0,0.0,0,0,0
1780579137.934235,0,0.3499999940395355,0,0,744,900,423158243,10,77,-10.505754470825195,-16.5999755859375,30.69396209716797,35.793880462646484,1,0,0.6000000238418579,0,0,1,0,0,8,0,0,0,8,99,1,0.0,0.0,27.47158432006836,28.40812110900879,1.5,0,0,0.0,0.0,0.0,0,0,0
1780579137.95436,0,0.3499999940395355,0,0,744,900,423158243,10,77,-10.505754470825195,-18.399974822998047,30.48384666442871,35.425880432128906,1,0,0.6000000238418579,0,0,1,0,0,8,0,0,0,8,99,1,0.0,0.0,27.47158432006836,28.40812110900879,1.5,0,0,0.0,0.0,0.0,0,0,0
1780579137.9739187,0,0.3499999940395355,0,0,744,900,423158243,10,77,-10.505754470825195,-20.199974060058594,30.273731231689453,35.021881103515625,1,0,0.6000000238418579,0,0,1,0,0,8,0,0,0,8,99,1,0.0,0.0,27.47158432006836,28.40812110900879,1.5,0,0,0.0,0.0,0.0,0,0,0
1780579137.9943318,0,0.3499999940395355,0,0,744,900,423158243,10,77,-10.505754470825195,-21.99997329711914,30.063615798950195,34.58188247680664,1,0,0.6000000238418579,0,0,1,0,0,8,0,0,0,8,99,1,0.0,0.0,27.47158432006836,28.40812110900879,1.5,0,0,0.0,0.0,0.0,0,0,0
1780579138.0143778,0,0.3499999940395355,0,0,744,900,423158243,10,77,-10.505754470825195,-23.799972534179688,29.853500366210938,34.10588455200195,1,0,0.6000000238418579,0,0,1,0,0,8,0,0,0,8,99,1,0.0,0.0,27.47158432006836,28.40812110900879,1.5,0,0,0.0,0.0,0.0,0,0,0
1780579138.0335972,0,0.3499999940395355,0,0,744,900,423158243,10,77,-10.505754470825195,-25.599971771240234,29.64338493347168,33.5938835144043,1,0,0.6000000238418579,0,0,1,0,0,8,0,0,0,8,99,1,0.0,0.0,27.47158432006836,28.40812110900879,1.5,0,0,0.0,0.0,0.0,0,0,0
1780579138.0543218,0,0.3499999940395355,0,0,744,900,423158243,10,77,-10.505754470825195,-27.39997100830078,29.433269500732422,33.04588317871094,1,0,0.6000000238418579,0,0,1,0,0,8,0,0,0,8,99,1,0.0,0.0,27.47158432006836,28.40812110900879,1.5,0,0,0.0,0.0,0.0,0,0,0
1780579138.0743375,0,0.3499999940395355,0,0,744,900,423158243,10,77,-10.505754470825195,-29.199970245361328,29.223154067993164,32.461883544921875,1,0,0.6000000238418579,0,0,1,0,0,8,0,0,0,8,99,1,0.0,0.0,27.47158432006836,28.40812110900879,1.5,0,0,0.0,0.0,0.0,0,0,0
1780579138.0939155,0,0.3499999940395355,0,0,744,900,423158243,10,77,-10.505754470825195,-30.999969482421875,29.013038635253906,31.84188461303711,1,0,0.6000000238418579,0,0,1,0,0,8,0,0,0,8,99,1,0.0,0.0,27.47158432006836,28.40812110900879,1.5,0,0,0.0,0.0,0.0,0,0,0
1780579138.1141858,0,0.3499999940395355,0,0,744,900,423158243,10,77,-10.505754470825195,-32.79996871948242,28.80292320251465,31.18588638305664,1,0,0.6000000238418579,0,0,1,0,0,8,0,0,0,8,99,1,0.0,0.0,27.47158432006836,28.40812110900879,1.5,0,0,0.0,0.0,0.0,0,0,0
1780579138.134204,0,0.3499999940395355,0,0,744,900,423158243,10,77,-10.505754470825195,-34.59996795654297,28.59280776977539,30.493886947631836,1,0,0.6000000238418579,0,0,1,0,0,8,0,0,0,8,99,1,0.0,0.0,27.47158432006836,28.40812110900879,1.5,0,0,0.0,0.0,0.0,0,0,0
1780579138.1544244,0,0.3499999940395355,0,0,744,900,423158243,10,77,-10.505754470825195,-36.399967193603516,28.382692337036133,29.765888214111328,1,0,0.6000000238418579,0,0,1,0,0,8,0,0,0,8,99,1,0.0,0.0,27.47158432006836,28.40812110900879,1.5,0,0,0.0,0.0,0.0,0,0,0
1780579138.1751986,0,0.3499999940395355,0,0,744,900,423158243,10,77,-10.505754470825195,-38.19996643066406,28.172576904296875,29.001888275146484,1,0,0.6000000238418579,0,0,1,0,0,8,0,0,0,8,99,1,0.0,0.0,27.47158432006836,28.40812110900879,1.5,0,0,-1.0,0.0,0.0,0,0,0
1780579138.4654603,0,0.3499999940395355,0,0,744,900,423158243,11,77,0.0,0.0,27.96246337890625,28.56183624267578,0,0,0.6000000238418579,0,0,1,0,0,7,1,0,0,8,99,1,0.0,0.0,27.47158432006836,28.40812110900879,1.5,0,0,0.0,0.0,0.0,0,0,0
1780579138.5040128,0,0.3499999940395355,0,0,744,900,423158243,11,77,0.0,0.0,27.96246337890625,28.56184959411621,0,0,0.6000000238418579,0,0,1,0,0,7,1,0,0,8,99,1,0.0,0.0,27.47158432006836,28.40812110900879,1.5,0,0,0.0,0.0,0.0,0,0,0
1780579138.5243363,0,0.3499999940395355,0,0,744,900,423158243,11,77,0.0,0.0,27.96246337890625,28.561859130859375,0,0,0.6000000238418579,0,0,1,0,0,7,1,0,0,8,99,1,0.0,0.0,27.47158432006836,28.40812110900879,1.5,0,0,0.0,0.0,0.0,0,0,0
1780579138.5449073,0,0.3499999940395355,0,0,744,900,423158243,11,77,0.0,0.0,27.96246337890625,28.561864852905273,0,0,0.6000000238418579,0,0,1,0,0,7,1,0,0,8,99,1,-15.0,7.5,27.200687408447266,28.543569564819336,1.5,0,0,0.0,0.0,0.0,0,0,0
1780579138.5643756,0,0.3499999940395355,0,0,744,900,423158243,11,77,0.0,0.0,27.96246337890625,28.56186866760254,0,0,0.6000000238418579,0,0,1,0,0,7,1,0,0,8,99,1,-15.0,7.5,26.90098762512207,28.693418502807617,1.5,0,0,1.0,0.0,0.0,0,0,0
1780579138.5843592,0,0.3499999940395355,0,0,744,900,423158243,11,77,0.0,0.0,27.96246337890625,28.561870574951172,0,0,0.6000000238418579,0,0,1,0,0,7,1,0,0,8,99,1,-15.0,7.5,26.600177764892578,28.84382438659668,1.5,0,0,1.0,-1.0,0.0,0,0,0
1780579138.6038637,0,0.3499999940395355,0,0,744,900,423158243,11,77,0.0,0.0,27.96246337890625,28.561870574951172,0,0,0.6000000238418579,0,0,1,0,0,7,1,0,0,8,99,1,-15.0,7.5,26.300188064575195,28.993820190429688,1.5,0,0,1.0,-1.0,0.0,0,0,0
1780579138.624408,0,0.3499999940395355,0,0,744,900,423158243,11,77,0.0,0.0,27.96246337890625,28.561870574951172,0,0,0.6000000238418579,0,0,1,0,0,7,1,0,0,8,99,1,-15.0,7.5,26.000490188598633,29.14366912841797,1.5,0,0,1.0,-1.0,0.0,0,0,0
1780579138.6443675,0,0.3499999940395355,0,0,744,900,423158243,11,77,0.0,0.0,27.96246337890625,28.561870574951172,0,0,0.6000000238418579,0,0,1,0,0,7,1,0,0,8,99,1,-15.0,7.5,25.700136184692383,29.29384422302246,1.5,0,0,1.0,-1.0,0.0,0,0,0
1780579138.6642814,0,0.3499999940395355,0,0,744,900,423158243,11,77,0.0,0.0,27.96246337890625,28.561870574951172,0,0,0.6000000238418579,0,0,1,0,0,7,1,0,0,8,99,1,-15.0,7.5,25.400222778320312,29.443801879882812,1.5,0,0,1.0,0.0,0.0,0,0,0
1780579138.6842592,0,0.3499999940395355,0,0,744,900,423158243,11,77,0.0,0.0,27.96246337890625,28.561870574951172,0,0,0.6000000238418579,0,0,1,0,0,7,1,0,0,8,99,1,-15.0,7.5,25.100521087646484,29.593652725219727,1.5,0,0,1.0,0.0,0.0,0,0,0
1780579138.7041693,0,0.3499999940395355,0,0,744,900,423158243,11,77,0.0,0.0,27.96246337890625,28.561870574951172,0,0,0.6000000238418579,0,0,1,0,0,7,1,0,0,8,99,1,-15.0,7.5,24.800823211669922,29.743501663208008,1.5,0,0,1.0,0.0,0.0,0,0,0
1780579138.7243116,0,0.3499999940395355,0,0,744,900,423158243,69,77,0.0,0.0,27.96246337890625,28.561870574951172,0,0,0.6000000238418579,0,0,1,0,0,7,1,0,0,8,99,1,-15.0,7.5,24.500717163085938,29.8935546875,1.5,0,0,1.0,0.0,0.0,0,0,0
1780579138.7438016,0,0.3499999940395355,0,0,744,900,423158243,69,77,0.0,0.0,27.96246337890625,28.561870574951172,1,0,0.6000000238418579,0,0,1,0,0,7,1,0,0,8,99,0,0.0,0.0,24.199913024902344,30.04395866394043,1.5,0,0,1.0,0.0,0.0,0,0,0
1780579138.7643259,0,0.3499999940395355,0,0,744,900,423158243,69,77,0.0,0.0,27.96246337890625,28.561870574951172,1,0,0.6000000238418579,0,0,1,1,0,7,1,0,0,8,99,0,8.300000190734863,-0.9479996562004089,24.321758270263672,30.04096794128418,1.5,0,0,1.0,0.0,0.0,0,0,0
1780579138.7842426,0,0.3499999940395355,0,0,744,900,423158243,69,77,0.0,0.0,27.96246337890625,28.561870574951172,1,0,0.6000000238418579,0,0,1,1,0,7,1,0,0,8,99,0,8.300000190734863,-1.8959993124008179,24.487592697143555,30.004894256591797,1.5,0,0,1.0,0.0,0.0,0,0,0
1780579138.8044293,0,0.3499999940395355,0,0,744,900,423158243,69,77,0.0,0.0,27.96246337890625,28.561870574951172,1,0,0.6000000238418579,0,0,1,1,0,7,1,0,0,8,99,0,8.300000190734863,-2.843998908996582,24.654041290283203,29.949687957763672,1.5,0,0,1.0,0.0,0.0,0,0,1
1780579138.8249593,0,0.3499999940395355,0,0,744,900,423158243,69,77,0.0,0.0,27.96246337890625,28.561870574951172,1,0,0.6000000238418579,0,0,1,1,0,7,1,0,0,8,99,0,8.300000190734863,-3.7919986248016357,24.819875717163086,29.875699996948242,1.5,0,0,1.0,0.0,0.0,0,0,1
1780579138.8442006,0,0.3499999940395355,1,0,744,900,423158243,69,77,0.0,0.0,27.96246337890625,28.561870574951172,0,0,0.6000000238418579,0,0,1,1,0,7,1,1,0,8,99,0,8.300000190734863,-4.7399983406066895,24.98571014404297,29.782791137695312,1.5,0,0,1.0,0.0,0.0,0,0,1
1780579138.8639443,0,0.3499999940395355,1,0,744,900,423158243,69,77,0.0,0.0,27.96246337890625,28.561870574951172,0,0,0.6000000238418579,0,0,1,1,0,7,1,1,0,8,99,0,8.300000190734863,-5.687997817993164,25.151912689208984,29.670705795288086,1.5,0,0,1.0,0.0,0.0,0,0,1
1780579138.8838663,0,0.3499999940395355,1,0,723,900,423158243,69,77,0.0,0.0,27.96246337890625,28.561870574951172,0,0,0.6000000238418579,0,0,1,1,0,7,1,1,0,8,99,0,-3.75,-6.635997295379639,25.3177490234375,29.5399112701416,1.5,0,11,1.0,0.0,0.0,0,0,1
1780579138.904312,0,0.3499999940395355,1,0,723,900,423158243,69,77,0.0,0.0,28.262462615966797,28.561870574951172,0,0,0.6000000238418579,0,0,1,1,0,7,1,1,0,8,99,0,-3.75,-7.583996772766113,25.26582908630371,29.39019203186035,1.5,0,11,1.0,0.0,0.0,0,0,1
1780579138.9243555,0,0.3499999940395355,1,0,723,900,423158243,69,77,0.0,0.0,28.562461853027344,28.561870574951172,0,0,0.6000000238418579,0,0,1,1,0,7,1,1,0,8,99,0,-3.75,-8.531996726989746,25.190793991088867,29.221302032470703,1.5,0,11,1.0,0.0,0.0,0,0,1
1780579138.944379,0,0.3499999940395355,1,0,723,900,423158243,69,77,0.0,0.0,28.86246109008789,28.561870574951172,1,0,0.6000000238418579,0,0,1,1,0,7,1,1,0,8,99,0,-3.75,-9.479996681213379,25.11556053161621,29.032934188842773,1.5,0,11,1.0,0.0,0.0,0,0,1
1780579138.9649205,0,0.3499999940395355,1,0,723,900,423158243,69,77,0.0,0.0,29.162460327148438,28.561870574951172,1,0,0.6000000238418579,0,0,1,1,0,7,1,1,0,8,99,0,-3.75,-10.427996635437012,25.040634155273438,28.826345443725586,1.5,0,11,1.0,0.0,0.0,0,0,1
1780579138.9846249,0,0.3499999940395355,1,0,723,900,423158243,45,77,8.0,0.0,29.462459564208984,28.561870574951172,1,0,0.6000000238418579,0,0,1,1,0,7,1,1,0,8,99,0,-3.75,-11.375996589660645,24.965707778930664,28.600833892822266,1.5,0,11,1.0,0.0,0.0,0,0,1
1780579139.0043547,0,0.3499999940395355,1,0,723,900,423158243,45,77,8.0,0.0,29.92245864868164,28.561870574951172,1,0,0.6000000238418579,0,0,1,0,0,7,1,1,0,8,99,1,-3.75,0.0,24.890499114990234,28.423852920532227,1.5,0,11,1.0,0.0,0.0,0,0,1
1780579139.0242672,0,0.3499999940395355,1,0,723,900,423158243,45,77,8.0,0.0,30.382457733154297,28.561870574951172,1,0,0.6000000238418579,0,0,1,0,0,7,1,1,0,8,99,1,-3.75,0.0,24.815574645996094,28.408100128173828,1.5,0,11,1.0,0.0,0.0,0,0,0
1780579139.0440845,0,0.3499999940395355,1,0,723,900,423158243,45,77,8.0,0.0,30.842456817626953,28.561870574951172,1,0,0.6000000238418579,0,0,1,0,0,7,1,1,0,8,99,1,-3.75,0.0,24.740646362304688,28.40810775756836,1.5,0,11,1.0,0.0,0.0,0,0,0
1780579139.0646706,0,0.3499999940395355,1,0,723,900,423158243,45,77,8.0,0.0,31.002456665039062,28.561870574951172,1,0,0.6000000238418579,0,0,1,0,0,7,1,1,0,8,99,1,-3.75,0.0,24.665639877319336,28.40811538696289,1.5,0,11,1.0,0.0,0.0,0,0,0
1780579139.0844517,0,0.3499999940395355,1,0,723,900,423158243,45,77,8.0,0.0,31.162456512451172,28.561870574951172,1,0,0.6000000238418579,0,0,1,0,0,7,1,1,0,8,99,1,8.300000190734863,0.0,24.808818817138672,28.408119201660156,1.5,0,11,1.0,0.0,0.0,0,0,0
1780579139.103972,0,0.3499999940395355,1,0,723,900,423158243,45,77,8.0,0.0,31.32245635986328,28.561870574951172,1,0,0.6000000238418579,0,0,1,0,0,7,1,1,0,8,99,1,8.300000190734863,0.0,24.97480010986328,28.408119201660156,1.5,0,11,1.0,0.0,0.0,0,0,0
1780579139.125141,0,0.3499999940395355,1,0,723,900,423158243,45,77,8.0,0.0,31.48245620727539,28.561870574951172,1,0,0.6000000238418579,0,0,1,0,0,7,1,1,0,8,99,1,8.300000190734863,0.0,25.140769958496094,28.40812110900879,1.5,0,11,1.0,0.0,0.0,0,0,0
1780579139.1446104,0,0.3499999940395355,1,0,723,900,423158243,45,77,8.0,0.0,31.6424560546875,28.561870574951172,1,0,0.6000000238418579,0,0,1,0,0,7,1,1,0,8,99,1,8.300000190734863,0.0,25.306604385375977,28.40812110900879,1.5,0,11,1.0,0.0,0.0,0,0,0
1780579139.164238,0,0.3499999940395355,1,0,723,900,423158243,45,77,8.0,0.0,31.80245590209961,28.561870574951172,1,0,0.6000000238418579,0,0,1,0,0,7,1,1,0,8,99,1,8.300000190734863,0.0,25.473064422607422,28.40812110900879,1.5,0,11,1.0,0.0,0.0,0,0,0
1780579139.184573,0,0.3499999940395355,0,0,723,900,423158243,45,77,8.0,0.0,31.96245574951172,28.561870574951172,1,0,0.6000000238418579,0,0,1,0,0,7,1,0,0,8,99,1,8.300000190734863,0.0,25.638896942138672,28.40812110900879,1.5,0,11,1.0,0.0,0.0,0,0,0
1780579139.2036755,0,0.3499999940395355,0,0,723,900,423158243,45,77,8.0,0.0,32.12245559692383,28.561870574951172,1,0,0.6000000238418579,0,0,1,0,0,7,1,0,0,8,99,1,8.300000190734863,0.0,25.80576515197754,28.40812110900879,1.5,0,11,1.0,0.0,0.0,0,0,0
1780579139.2243595,0,0.3499999940395355,0,0,723,900,423158243,45,77,8.0,0.0,32.28245544433594,28.561870574951172,1,0,0.6000000238418579,0,0,1,0,0,7,1,0,0,8,99,1,8.300000190734863,0.0,25.97159767150879,28.40812110900879,1.5,0,11,1.0,0.0,0.0,0,0,0
1780579139.2439692,0,0.3499999940395355,0,0,723,900,423158243,45,77,8.0,0.0,32.44245529174805,28.561870574951172,1,0,0.6000000238418579,0,0,1,0,0,7,1,0,0,8,99,1,8.300000190734863,0.0,26.137432098388672,28.408119201660156,1.5,0,11,1.0,0.0,0.0,0,0,0
1780579139.2641907,0,0.3499999940395355,0,0,723,900,423158243,45,77,8.0,0.0,32.602455139160156,28.561870574951172,1,0,0.6000000238418579,0,0,1,0,0,7,1,0,0,8,99,1,8.300000190734863,0.0,26.303268432617188,28.40812110900879,1.5,0,11,1.0,0.0,0.0,0,0,0
1780579139.284192,0,0.3499999940395355,0,0,723,900,423158243,45,77,8.0,0.0,32.762454986572266,28.561870574951172,1,0,0.6000000238418579,0,0,1,0,0,7,1,0,0,8,99,1,8.300000190734863,0.0,26.469100952148438,28.40812110900879,1.5,0,11,1.0,0.0,0.0,0,0,0
1780579139.3036492,0,0.3499999940395355,0,0,723,900,423158243,45,77,8.0,0.0,32.922454833984375,28.561870574951172,1,0,0.6000000238418579,0,0,1,0,0,7,1,0,0,8,99,1,8.300000190734863,0.0,26.634937286376953,28.40812110900879,1.5,0,11,1.0,0.0,0.0,0,0,0
1780579139.3243709,0,0.3499999940395355,0,0,723,900,423158243,45,77,8.0,0.0,33.082454681396484,28.561870574951172,1,0,0.6000000238418579,0,0,1,0,0,7,1,0,0,8,99,1,8.300000190734863,0.0,26.800771713256836,28.40812110900879,1.5,0,11,1.0,0.0,0.0,0,0,0
1780579139.3443902,0,0.3499999940395355,0,0,723,900,423158243,45,77,8.0,0.0,33.242454528808594,28.561870574951172,1,0,0.6000000238418579,0,0,1,0,0,7,1,0,0,8,99,1,8.300000190734863,0.0,26.966604232788086,28.40812110900879,1.5,0,11,1.0,0.0,0.0,0,0,0
1780579139.364223,0,0.3499999940395355,0,0,723,900,423158243,45,77,8.0,0.0,33.4024543762207,28.561870574951172,1,0,0.6000000238418579,0,0,1,0,0,7,1,0,0,8,99,1,8.300000190734863,0.0,27.1328125,28.40812110900879,1.5,0,11,1.0,0.0,0.0,0,0,0
1780579139.3840704,0,0.3499999940395355,0,0,723,900,423158243,45,77,8.0,0.0,33.56245422363281,28.561870574951172,1,0,0.6000000238418579,0,0,1,0,0,7,1,0,0,8,99,1,8.300000190734863,0.0,27.29892921447754,28.40812110900879,1.5,0,11,1.0,0.0,0.0,0,0,0
1780579139.404363,0,0.3499999940395355,0,0,723,900,423158243,45,77,8.0,0.0,33.72245407104492,28.561870574951172,1,0,0.6000000238418579,0,0,1,0,0,7,1,0,0,8,99,1,8.300000190734863,0.0,27.464860916137695,28.40812110900879,1.5,0,11,1.0,0.0,0.0,0,0,0
1780579139.4243743,0,0.3499999940395355,0,0,723,900,423158243,45,77,8.0,0.0,33.88245391845703,28.561870574951172,1,0,0.6000000238418579,0,0,1,0,0,7,1,0,0,8,99,1,8.300000190734863,0.0,27.630695343017578,28.40812110900879,1.5,0,11,1.0,0.0,0.0,0,0,0
1780579139.4437294,0,0.3499999940395355,0,0,723,900,423158243,45,77,8.0,0.0,34.04245376586914,28.561870574951172,1,0,0.6000000238418579,0,0,1,0,0,7,1,0,0,8,99,1,8.300000190734863,0.0,27.7968692779541,28.408123016357422,1.5,0,11,1.0,0.0,0.0,0,0,0
1780579139.4638517,0,0.3499999940395355,0,0,723,900,423158243,45,77,8.0,0.0,34.20245361328125,28.561870574951172,1,0,0.6000000238418579,0,0,1,0,0,7,1,0,0,8,99,1,8.300000190734863,0.0,27.962703704833984,28.40812110900879,1.5,0,11,1.0,0.0,0.0,0,0,0
1780579139.4841828,0,0.3499999940395355,0,0,723,900,423158243,45,77,8.0,0.0,34.36245346069336,28.561870574951172,1,0,0.6000000238418579,0,0,1,0,0,7,1,0,0,8,99,1,8.300000190734863,0.0,28.128765106201172,28.408123016357422,1.5,0,11,1.0,0.0,0.0,0,0,0
1780579139.504334,0,0.3499999940395355,0,0,723,900,423158243,45,77,8.0,0.0,34.52245330810547,28.561870574951172,1,0,0.6000000238418579,0,0,1,0,0,7,1,0,0,8,99,1,8.300000190734863,0.0,28.295011520385742,28.40812110900879,1.5,0,11,1.0,0.0,0.0,0,0,0
1780579139.5237567,0,0.3499999940395355,0,0,723,900,423158243,7,77,0.0,0.0,34.68245315551758,28.561870574951172,1,0,0.6000000238418579,0,0,1,0,0,7,1,0,0,8,99,1,8.300000190734863,0.0,28.4613037109375,28.408119201660156,1.5,0,11,1.0,0.0,0.0,0,0,0
1780579139.544189,0,0.3499999940395355,0,0,723,900,423158243,7,77,0.0,0.0,34.68245315551758,28.561870574951172,1,0,0.6000000238418579,0,0,1,0,0,7,1,0,0,8,99,1,8.300000190734863,0.0,28.627140045166016,28.40812110900879,1.5,0,11,1.0,0.0,0.0,0,0,0
1780579139.5642922,0,0.3499999940395355,0,0,723,900,423158243,7,77,0.0,0.0,34.68245315551758,28.561870574951172,1,0,0.6000000238418579,0,0,1,0,0,7,1,0,0,8,99,1,8.300000190734863,0.0,28.792972564697266,28.408123016357422,1.5,0,11,1.0,0.0,0.0,0,0,0
1780579139.5836835,0,0.3499999940395355,0,0,723,900,423158243,7,77,0.0,0.0,34.68245315551758,28.561870574951172,1,0,0.6000000238418579,0,0,1,0,0,7,1,0,0,8,99,1,8.300000190734863,0.0,28.9592342376709,28.40812110900879,1.5,0,11,1.0,0.0,0.0,0,0,0
1780579139.603756,0,0.3499999940395355,0,0,723,900,423158243,7,77,0.0,0.0,34.68245315551758,28.561870574951172,1,0,0.6000000238418579,0,0,1,0,0,7,1,0,0,8,99,1,8.300000190734863,0.0,29.12506866455078,28.40812110900879,1.5,0,11,1.0,0.0,0.0,0,0,0
1780579139.6244478,0,0.3499999940395355,0,0,723,900,423158243,7,77,0.0,0.0,34.68245315551758,28.561870574951172,1,0,0.6000000238418579,0,0,1,0,0,7,1,0,0,8,99,1,8.300000190734863,0.0,29.290903091430664,28.40812110900879,1.5,0,11,1.0,0.0,0.0,0,0,0
1780579139.6443818,0,0.3499999940395355,0,0,723,900,423158243,7,77,0.0,0.0,34.68245315551758,28.561870574951172,1,0,0.6000000238418579,0,0,1,0,0,7,1,0,0,8,99,1,8.300000190734863,0.0,29.45693588256836,28.40812110900879,1.5,0,11,1.0,0.0,0.0,0,0,0
1780579139.6643145,0,0.3499999940395355,0,0,723,900,423158243,7,77,0.0,0.0,34.68245315551758,28.561870574951172,1,0,0.6000000238418579,0,0,1,0,0,7,1,0,0,8,99,1,8.300000190734863,0.0,29.622928619384766,28.40812110900879,1.5,0,11,1.0,0.0,0.0,0,0,0
1780579139.6842587,0,0.3499999940395355,0,0,723,900,423158243,7,77,0.0,0.0,34.68245315551758,28.561870574951172,1,0,0.6000000238418579,0,0,1,0,0,7,1,0,0,8,99,1,8.300000190734863,0.0,29.788761138916016,28.40812110900879,1.5,0,11,1.0,0.0,0.0,0,0,0
1780579139.7041569,0,0.3499999940395355,0,0,723,900,423158243,7,77,0.0,0.0,34.68245315551758,28.561870574951172,1,0,0.6000000238418579,0,0,1,0,0,7,1,0,0,8,99,1,8.300000190734863,0.0,29.95497703552246,28.40812110900879,1.5,0,11,1.0,0.0,0.0,0,0,0
1780579139.7240727,0,0.3499999940395355,0,0,723,900,423158243,7,77,0.0,0.0,34.68245315551758,28.561870574951172,1,0,0.6000000238418579,0,0,1,0,0,7,1,0,0,8,99,1,8.300000190734863,0.0,30.120811462402344,28.40812110900879,1.5,0,11,1.0,0.0,0.0,0,0,0
1780579139.744276,0,0.3499999940395355,0,0,723,900,423158243,7,77,0.0,0.0,34.68245315551758,28.561870574951172,1,0,0.6000000238418579,0,0,1,0,0,7,1,0,0,8,99,1,8.300000190734863,0.0,30.286645889282227,28.40812110900879,1.5,0,11,1.0,0.0,0.0,0,0,0
1780579139.7643554,0,0.3499999940395355,0,0,723,900,423158243,7,77,0.0,0.0,34.68245315551758,28.561870574951172,1,0,0.6000000238418579,0,0,1,0,0,7,1,0,0,8,99,1,8.300000190734863,0.0,30.45248031616211,28.40812110900879,1.5,0,11,1.0,0.0,0.0,0,0,0
1780579139.7842846,0,0.3499999940395355,0,0,723,900,423158243,7,77,0.0,0.0,34.68245315551758,28.561870574951172,1,0,0.6000000238418579,0,0,1,0,0,7,1,0,0,8,99,1,8.300000190734863,0.0,30.618789672851562,28.40812110900879,1.5,0,11,1.0,0.0,0.0,0,0,0
1780579139.8041227,0,0.3499999940395355,0,0,723,900,423158243,7,77,0.0,0.0,34.68245315551758,28.561870574951172,1,0,0.6000000238418579,0,0,1,0,0,7,0,0,0,8,99,1,8.300000190734863,0.0,30.784626007080078,28.40812110900879,1.5,0,11,1.0,0.0,0.0,0,0,0
1780579139.8244858,0,0.3499999940395355,0,0,723,900,423158243,7,77,0.0,0.0,34.68245315551758,28.561870574951172,1,0,0.6000000238418579,0,0,1,0,0,7,0,0,0,8,99,1,8.300000190734863,0.0,30.95065689086914,28.40812110900879,1.5,0,11,1.0,0.0,0.0,0,0,1
1780579139.8442945,0,0.3499999940395355,1,0,723,900,423158243,9,77,-12.424127578735352,41.0,34.68245315551758,28.561870574951172,0,0,0.6000000238418579,0,0,1,0,0,7,0,1,0,8,99,1,8.300000190734863,0.0,31.117036819458008,28.40812110900879,1.5,0,11,1.0,0.0,0.0,0,0,1
1780579139.8640854,0,0.3499999940395355,1,0,723,900,423158243,10,77,-12.424127578735352,39.20000076293945,34.4339714050293,29.345870971679688,0,0,0.6000000238418579,0,0,1,0,0,7,0,1,0,8,99,1,8.300000190734863,0.0,31.283180236816406,28.40812110900879,1.5,0,11,1.0,0.0,0.0,0,0,1
1780579139.8845348,0,0.3499999940395355,1,0,702,900,423158243,10,77,-12.424127578735352,37.400001525878906,34.185489654541016,30.093870162963867,0,0,0.6000000238418579,0,0,1,0,0,7,0,1,0,8,99,1,-3.75,0.0,31.44901466369629,28.40812110900879,1.5,0,22,1.0,0.0,0.0,0,0,1
1780579139.904674,0,0.3499999940395355,1,0,702,900,423158243,10,77,-12.424127578735352,35.60000228881836,34.23700714111328,30.805870056152344,0,0,0.6000000238418579,0,0,1,0,0,7,0,1,0,8,99,1,-3.75,0.0,31.396678924560547,28.40812110900879,1.5,0,22,1.0,0.0,0.0,0,0,1
1780579139.9239633,0,0.3499999940395355,1,0,702,900,423158243,10,77,-12.424127578735352,33.80000305175781,34.28852462768555,31.481870651245117,0,0,0.6000000238418579,0,0,1,0,0,7,0,1,0,8,99,1,-3.75,0.0,31.321752548217773,28.40812110900879,1.5,0,22,0.0,0.0,0.0,0,0,1
1780579139.9441812,0,0.3499999940395355,1,0,702,900,423158243,10,77,-12.424127578735352,32.000003814697266,34.34004211425781,32.12186813354492,1,0,0.6000000238418579,0,0,1,0,0,7,0,1,0,8,99,1,-3.75,0.0,31.246828079223633,28.408119201660156,1.5,0,22,0.0,0.0,0.0,0,0,1
1780579139.964364,0,0.3499999940395355,1,0,702,900,423158243,10,77,-12.424127578735352,30.20000457763672,34.39155960083008,32.725868225097656,1,0,0.6000000238418579,0,0,1,0,0,7,0,1,0,8,99,1,-3.75,0.0,31.17180633544922,28.40812110900879,1.5,0,22,0.0,0.0,0.0,0,0,1
1780579139.9844196,0,0.3499999940395355,1,0,702,900,423158243,10,77,-12.424127578735352,28.400005340576172,34.443077087402344,33.29386901855469,1,0,0.6000000238418579,0,0,1,0,0,7,0,1,0,8,99,1,-3.75,0.0,31.096725463867188,28.40812110900879,1.5,0,22,0.0,0.0,0.0,0,0,0
1780579140.0050359,0,0.3499999940395355,1,0,702,900,423158243,10,77,-12.424127578735352,26.600006103515625,34.49459457397461,33.825870513916016,1,0,0.6000000238418579,0,0,1,0,0,7,0,1,0,8,99,1,-3.75,0.0,31.02167320251465,28.40812110900879,1.5,0,22,0.0,0.0,0.0,0,0,0
1780579140.0252073,0,0.3499999940395355,1,0,702,900,423158243,10,77,-12.424127578735352,24.800006866455078,34.546112060546875,34.321868896484375,1,0,0.6000000238418579,0,0,1,0,0,7,0,1,0,8,99,1,-3.75,0.0,30.946306228637695,28.40812110900879,1.5,0,22,0.0,0.0,0.0,0,0,0
1780579140.0445845,0,0.3499999940395355,1,0,702,900,423158243,10,77,-12.424127578735352,23.00000762939453,34.59762954711914,34.78186798095703,1,0,0.6000000238418579,0,0,1,0,0,7,0,1,0,8,99,1,-3.75,0.0,30.87131690979004,28.40812110900879,1.5,0,22,0.0,0.0,0.0,0,0,0
1780579140.0645568,0,0.3499999940395355,1,0,702,900,423158243,10,77,-12.424127578735352,21.200008392333984,34.34914779663086,35.205867767333984,1,0,0.6000000238418579,0,0,1,0,0,7,0,1,0,8,99,1,-3.75,0.0,30.7963924407959,28.40812110900879,1.5,0,22,0.0,0.0,0.0,0,0,0
1780579140.08414,0,0.3499999940395355,1,0,702,900,423158243,10,77,-12.424127578735352,19.400009155273438,34.10066604614258,35.593868255615234,1,0,0.6000000238418579,0,0,1,0,0,7,0,1,0,8,99,1,0.0,0.0,30.789596557617188,28.40812110900879,1.5,0,22,0.0,0.0,0.0,0,0,0
1780579140.104438,0,0.3499999940395355,1,0,702,900,423158243,10,77,-12.424127578735352,17.60000991821289,33.8521842956543,35.94586944580078,1,0,0.6000000238418579,0,0,1,0,0,7,0,1,0,8,99,1,0.0,0.0,30.789596557617188,28.408123016357422,1.5,0,22,0.0,0.0,0.0,0,0,0
1780579140.1237223,0,0.3499999940395355,1,0,702,900,423158243,10,77,-12.424127578735352,15.800010681152344,33.603702545166016,36.261871337890625,1,0,0.6000000238418579,0,0,1,0,0,7,0,1,0,8,99,1,0.0,0.0,30.789596557617188,28.40812110900879,1.5,0,22,0.0,0.0,0.0,0,0,0
1780579140.1436737,0,0.3499999940395355,1,0,702,900,423158243,10,77,-12.424127578735352,14.000011444091797,33.355220794677734,36.5418701171875,1,0,0.6000000238418579,0,0,1,0,0,7,0,1,0,8,99,1,0.0,0.0,30.789596557617188,28.40812110900879,1.5,0,22,0.0,0.0,0.0,0,0,0
1780579140.1640112,0,0.3499999940395355,1,0,702,900,423158243,10,77,-12.424127578735352,12.20001220703125,33.10673904418945,36.78586959838867,1,0,0.6000000238418579,0,0,1,0,0,7,0,1,0,8,99,1,0.0,0.0,30.789596557617188,28.40812110900879,1.5,0,22,0.0,0.0,0.0,0,0,0
1780579140.1843255,0,0.3499999940395355,0,0,702,900,423158243,10,77,-12.424127578735352,10.400012969970703,32.85825729370117,36.99386978149414,1,0,0.6000000238418579,0,0,1,0,0,7,0,0,0,8,99,1,0.0,0.0,30.789596557617188,28.408119201660156,1.5,0,22,0.0,0.0,0.0,0,0,0
1780579140.2039964,0,0.3499999940395355,0,0,702,900,423158243,10,77,-12.424127578735352,8.600013732910156,32.60977554321289,37.165870666503906,1,0,0.6000000238418579,0,0,1,0,0,7,0,0,0,8,99,1,0.0,0.0,30.789596557617188,28.40812110900879,1.5,0,22,1.0,0.0,0.0,0,0,0
1780579140.2243857,0,0.3499999940395355,0,0,702,900,423158243,10,77,-12.424127578735352,6.800014495849609,32.36129379272461,37.30187225341797,1,0,0.6000000238418579,0,0,1,0,0,7,0,0,0,8,99,1,0.0,0.0,30.789596557617188,28.40812110900879,1.5,0,22,1.0,0.0,0.0,0,0,0
1780579140.244402,0,0.3499999940395355,0,0,702,900,423158243,10,77,-12.424127578735352,5.0000152587890625,32.11281204223633,37.40187072753906,1,0,0.6000000238418579,0,0,1,0,0,7,0,0,0,8,99,1,0.0,0.0,30.789596557617188,28.408123016357422,1.5,0,22,1.0,0.0,0.0,0,0,0
1780579140.264207,0,0.3499999940395355,0,0,702,900,423158243,10,77,-12.424127578735352,3.2000160217285156,31.864330291748047,37.46586990356445,1,0,0.6000000238418579,0,0,1,0,0,7,0,0,0,8,99,1,8.300000190734863,0.0,30.940109252929688,28.40812110900879,1.5,0,22,1.0,0.0,0.0,0,0,0
1780579140.284257,0,0.3499999940395355,0,0,702,900,423158243,10,77,-12.424127578735352,1.4000167846679688,31.615848541259766,37.49386978149414,1,0,0.6000000238418579,0,0,1,0,0,7,0,0,0,8,99,1,8.300000190734863,0.0,31.105945587158203,28.40812110900879,1.5,0,22,1.0,0.0,0.0,0,0,0
1780579140.3042994,0,0.3499999940395355,0,0,702,900,423158243,10,77,-12.424127578735352,-0.3999824523925781,31.367366790771484,37.485870361328125,1,0,0.6000000238418579,0,0,1,0,0,7,0,0,0,8,99,1,8.300000190734863,0.0,31.27189826965332,28.40812110900879,1.5,0,22,1.0,0.0,0.0,0,0,0
1780579140.324497,0,0.3499999940395355,0,0,702,900,423158243,10,77,-12.424127578735352,-2.199981689453125,31.118885040283203,37.441871643066406,1,0,0.6000000238418579,0,0,1,0,0,7,0,0,0,8,99,1,8.300000190734863,0.0,31.438127517700195,28.40812110900879,1.5,0,22,1.0,0.0,0.0,0,0,0
1780579140.344063,0,0.3499999940395355,0,0,702,900,423158243,10,77,-12.424127578735352,-3.999980926513672,30.870403289794922,37.361873626708984,1,0,0.6000000238418579,0,0,1,0,0,7,0,0,0,8,99,1,8.300000190734863,0.0,31.603961944580078,28.40812110900879,1.5,0,22,1.0,0.0,0.0,0,0,0
1780579140.3644297,0,0.3499999940395355,0,0,702,900,423158243,10,77,-12.424127578735352,-5.799980163574219,30.62192153930664,37.245872497558594,1,0,0.6000000238418579,0,0,1,0,0,7,0,0,0,8,99,1,8.300000190734863,0.0,31.76979637145996,28.40812110900879,1.5,0,22,1.0,0.0,0.0,0,0,0
1780579140.384431,0,0.3499999940395355,0,0,702,900,423158243,10,77,-12.424127578735352,-7.599979400634766,30.37343978881836,37.0938720703125,1,0,0.6000000238418579,0,0,1,0,0,7,0,0,0,8,99,1,8.300000190734863,0.0,31.936004638671875,28.40812110900879,1.5,0,22,1.0,0.0,0.0,0,0,0
1780579140.4043126,0,0.3499999940395355,0,0,702,900,423158243,10,77,-12.424127578735352,-9.399978637695312,30.124958038330078,36.9058723449707,1,0,0.6000000238418579,0,0,1,0,0,7,0,0,0,8,99,1,8.300000190734863,0.0,32.10223388671875,28.40812110900879,1.5,0,22,1.0,0.0,0.0,0,0,0
1780579140.424454,0,0.3499999940395355,0,0,702,900,423158243,10,77,-12.424127578735352,-11.19997787475586,29.876476287841797,36.6818733215332,1,0,0.6000000238418579,0,0,1,0,0,7,0,0,0,8,99,1,8.300000190734863,0.0,32.26806640625,28.40812110900879,1.5,0,22,1.0,0.0,0.0,0,0,0
1780579140.4452488,0,0.3499999940395355,0,0,702,900,423158243,10,77,-12.424127578735352,-12.999977111816406,29.627994537353516,36.421875,1,0,0.6000000238418579,0,0,1,0,0,7,0,0,0,8,99,1,8.300000190734863,0.0,32.434051513671875,28.408123016357422,1.5,0,22,1.0,0.0,0.0,0,0,0
1780579140.4668272,0,0.3499999940395355,0,0,702,900,423158243,10,77,-12.424127578735352,-14.799976348876953,29.379512786865234,36.125877380371094,1,0,0.6000000238418579,0,0,1,0,0,7,0,0,0,8,99,1,8.300000190734863,0.0,32.60029602050781,28.40812110900879,1.5,0,22,1.0,0.0,0.0,0,0,0
1780579140.4864223,0,0.3499999940395355,0,0,702,900,423158243,10,77,-12.424127578735352,-16.5999755859375,29.131031036376953,35.79387664794922,1,0,0.6000000238418579,0,0,1,0,0,7,0,0,0,8,99,1,8.300000190734863,0.0,32.76613235473633,28.40812110900879,1.5,0,22,1.0,0.0,0.0,0,0,0
1780579140.50587,0,0.3499999940395355,0,0,702,900,423158243,10,77,-12.424127578735352,-18.399974822998047,28.882549285888672,35.42587661743164,1,0,0.6000000238418579,0,0,1,0,0,7,0,0,0,8,99,1,8.300000190734863,0.0,32.931968688964844,28.40812110900879,1.5,0,22,1.0,0.0,0.0,0,0,0
1780579140.5250087,0,0.3499999940395355,0,0,702,900,423158243,10,77,-12.424127578735352,-20.199974060058594,28.63406753540039,35.02187728881836,1,0,0.6000000238418579,0,0,1,0,0,7,0,0,0,8,99,1,8.300000190734863,0.0,33.09828186035156,28.40812110900879,1.5,0,22,1.0,0.0,0.0,0,0,0
1780579140.5439699,0,0.3499999940395355,0,0,702,900,423158243,10,77,-12.424127578735352,-21.99997329711914,28.38558578491211,34.581878662109375,1,0,0.6000000238418579,0,0,1,0,0,7,0,0,0,8,99,1,8.300000190734863,0.0,33.26436233520508,28.40812110900879,1.5,0,22,1.0,0.0,0.0,0,0,0
1780579140.5640643,0,0.3499999940395355,0,0,702,900,423158243,10,77,-12.424127578735352,-23.799972534179688,28.137104034423828,34.10588073730469,1,0,0.6000000238418579,0,0,1,0,0,7,0,0,0,8,99,1,8.300000190734863,0.0,33.43019485473633,28.40812110900879,1.5,0,22,1.0,0.0,0.0,0,0,0
1780579140.584438,0,0.3499999940395355,0,0,702,900,423158243,30,77,-9.690818786621094,-19.96797752380371,27.888622283935547,33.59387969970703,1,0,0.6000000238418579,0,0,1,0,0,7,0,0,0,8,99,1,8.300000190734863,0.0,33.59628677368164,28.40812110900879,1.5,0,22,0.0,0.0,0.0,0,0,0
1780579140.6043,0,0.3499999940395355,0,0,702,900,423158243,30,77,-7.558838367462158,-15.575021743774414,27.737445831298828,33.282379150390625,1,0,0.6000000238418579,0,0,1,0,0,7,0,0,0,8,99,1,8.300000190734863,0.0,33.76250457763672,28.40812110900879,1.5,0,22,0.0,0.0,0.0,0,0,0
1780579140.6241112,0,0.3499999940395355,0,0,702,900,423158243,30,77,-5.895893573760986,-12.148516654968262,27.61952781677246,33.03940963745117,1,0,0.6000000238418579,0,0,1,0,0,7,0,0,0,8,99,1,0.0,0.0,33.77760314941406,28.40812110900879,1.5,0,22,0.0,0.0,0.0,0,0,0
1780579140.6445167,0,0.3499999940395355,0,0,702,900,423158243,30,77,-4.598796844482422,-9.475842475891113,27.527551651000977,32.849891662597656,1,0,0.6000000238418579,0,0,1,0,0,7,0,0,0,8,99,1,0.0,0.0,33.77760314941406,28.40812110900879,1.5,0,22,0.0,0.0,0.0,0,0,0
1780579140.6641924,0,0.3499999940395355,0,0,702,900,423158243,30,77,-3.5870614051818848,-7.3911566734313965,27.455810546875,32.70206832885742,1,0,0.6000000238418579,0,0,1,0,0,7,0,0,0,8,99,1,0.0,0.0,33.77760314941406,28.40812110900879,1.5,0,22,0.0,0.0,0.0,0,0,0
1780579140.6839077,0,0.3499999940395355,0,0,702,900,423158243,30,77,-2.797907829284668,-5.765101909637451,27.399852752685547,32.58676528930664,1,0,0.6000000238418579,0,0,1,0,0,7,0,0,0,8,99,1,0.0,0.0,33.77760314941406,28.40812110900879,1.5,0,22,0.0,0.0,0.0,0,0,0
1780579140.7043667,0,0.3499999940395355,0,0,702,900,423158243,30,77,-2.182368040084839,-4.496779441833496,27.356204986572266,32.496829986572266,1,0,0.6000000238418579,0,0,1,0,0,7,0,0,0,8,99,1,0.0,0.0,33.77760314941406,28.40812110900879,1.5,0,22,-1.0,0.0,0.0,0,0,0
1780579140.724374,0,0.3499999940395355,0,0,702,900,423158243,30,77,-1.7022470235824585,-3.5074877738952637,27.322160720825195,32.42668151855469,1,0,0.6000000238418579,0,0,1,0,0,7,0,0,0,8,99,1,0.0,0.0,33.77760314941406,28.40812110900879,1.5,0,22,-1.0,0.0,0.0,0,0,0
1780579140.7443557,0,0.3499999940395355,0,0,702,900,423158243,30,77,-1.3277525901794434,-2.735840320587158,27.29560661315918,32.37196350097656,1,0,0.6000000238418579,0,0,0,0,0,7,0,0,0,8,99,1,-8.300000190734863,0.0,33.6268196105957,28.408119201660156,1.5,0,22,-1.0,0.0,0.0,0,0,0
1780579140.7641888,0,0.3499999940395355,0,0,702,900,423158243,30,77,-1.0356470346450806,-2.133955478668213,27.274892807006836,32.32928466796875,1,0,0.6000000238418579,0,0,0,0,0,7,0,0,0,8,99,1,-8.300000190734863,0.0,33.46098709106445,28.40812110900879,1.5,0,22,-1.0,0.0,0.0,0,0,0
1780579140.7845788,0,0.3499999940395355,0,0,702,900,423158243,30,77,-0.8078046441078186,-1.664485216140747,27.258737564086914,32.29599380493164,1,0,0.6000000238418579,0,0,0,0,0,7,0,0,0,8,99,1,-8.300000190734863,0.0,33.29515075683594,28.40812110900879,1.5,0,22,-1.0,0.0,0.0,0,0,0
1780579140.804634,0,0.3499999940395355,0,0,702,900,423158243,30,77,-0.6300876140594482,-1.2982984781265259,27.246135711669922,32.27002716064453,1,0,0.6000000238418579,0,0,0,0,0,7,0,0,0,8,99,1,-8.300000190734863,0.0,33.12879943847656,28.40812110900879,1.5,0,22,-1.0,0.0,0.0,0,0,0
1780579140.8246586,0,0.3499999940395355,0,0,702,900,423158243,30,77,-0.49146831035614014,-1.012672781944275,27.23630714416504,32.24977111816406,1,0,0.6000000238418579,0,0,0,0,0,7,0,0,0,8,99,1,-8.300000190734863,0.0,32.96296691894531,28.40812110900879,1.5,0,22,-1.0,0.0,0.0,0,0,0
1780579140.844593,0,0.3499999940395355,0,0,702,900,423158243,30,77,-0.38334527611732483,-0.7898847460746765,27.228639602661133,32.233970642089844,1,0,0.6000000238418579,0,0,0,0,0,7,0,0,0,8,99,1,-8.300000190734863,0.0,32.7971305847168,28.40812110900879,1.5,0,22,-1.0,0.0,0.0,0,0,0
1780579140.8642275,0,0.3499999940395355,0,0,702,900,423158243,30,77,-0.2990092933177948,-0.61611008644104,27.222660064697266,32.221649169921875,1,0,0.6000000238418579,0,0,0,0,0,7,0,0,0,8,99,1,-8.300000190734863,0.0,32.63056182861328,28.40812110900879,1.5,0,22,-1.0,0.0,0.0,0,0,0
1780579140.884715,0,0.3499999940395355,0,0,702,900,423158243,30,77,-0.23322723805904388,-0.4805658459663391,27.217994689941406,32.212039947509766,1,0,0.6000000238418579,0,0,0,0,0,7,0,0,0,8,99,1,-8.300000190734863,0.0,32.464725494384766,28.40812110900879,1.5,0,22,-1.0,0.0,0.0,0,0,0
1780579140.9039953,0,0.3499999940395355,0,0,702,900,423158243,30,77,-0.1819172352552414,-0.3748413324356079,27.21435546875,32.20454406738281,1,0,0.6000000238418579,0,0,0,0,0,7,0,0,0,8,99,1,-8.300000190734863,0.0,32.29888916015625,28.40812110900879,1.5,0,22,-1.0,0.0,0.0,0,0,0
1780579140.9255862,0,0.3499999940395355,0,0,702,900,423158243,30,77,-0.14189544320106506,-0.29237622022628784,27.211517333984375,32.19869613647461,1,0,0.6000000238418579,0,0,0,0,0,7,0,0,0,8,99,1,-8.300000190734863,0.0,32.133056640625,28.40812110900879,1.5,0,22,-1.0,0.0,0.0,0,0,0
1780579140.945202,0,0.3499999940395355,0,0,702,900,423158243,30,77,-0.11067844182252884,-0.22805345058441162,27.20930290222168,32.19413375854492,1,0,0.6000000238418579,0,0,0,0,0,7,0,0,0,8,99,1,-8.300000190734863,0.0,31.965452194213867,28.40812110900879,1.5,0,22,0.0,0.0,0.0,0,0,0
1780579140.9651122,0,0.3499999940395355,0,0,702,900,423158243,30,77,-0.08632918447256088,-0.17788168787956238,27.207576751708984,32.19057846069336,1,0,0.6000000238418579,0,0,0,0,0,7,0,0,0,8,99,1,-8.300000190734863,0.0,31.799617767333984,28.40812110900879,1.5,0,22,0.0,0.0,0.0,0,0,0
1780579140.9845352,0,0.3499999940395355,0,0,702,900,423158243,30,77,-0.06733676046133041,-0.1387477070093155,27.20623016357422,32.187801361083984,1,0,0.6000000238418579,0,0,0,0,0,7,0,0,0,8,99,1,-8.300000190734863,0.0,31.6337833404541,28.40812110900879,1.5,0,22,0.0,0.0,0.0,0,0,0
1780579141.0046067,0,0.3499999940395355,0,0,702,900,423158243,30,77,-0.05252267047762871,-0.10822320729494095,27.20517921447754,32.185638427734375,1,0,0.6000000238418579,0,0,0,0,0,7,0,0,0,8,99,1,0.0,0.0,31.619598388671875,28.408123016357422,1.5,0,22,1.0,0.0,0.0,0,0,0
1780579141.0242636,0,0.3499999940395355,0,0,702,900,423158243,30,77,-0.040967680513858795,-0.08441410213708878,27.20435905456543,32.1839485168457,1,0,0.6000000238418579,0,0,0,0,0,7,0,0,0,8,99,1,0.0,0.0,31.619598388671875,28.40812110900879,1.5,0,22,1.0,0.0,0.0,0,0,0
1780579141.045586,0,0.3499999940395355,0,0,702,900,423158243,30,77,-0.03195479139685631,-0.06584299355745316,27.203720092773438,32.18263244628906,1,0,0.6000000238418579,0,0,0,0,0,7,0,0,0,8,99,1,0.0,0.0,31.619598388671875,28.40812110900879,1.5,0,22,1.0,0.0,0.0,0,0,0
1780579141.0649314,0,0.3499999940395355,0,0,702,900,423158243,30,77,-0.024924736469984055,-0.051357533782720566,27.203222274780273,32.18160629272461,1,0,0.6000000238418579,0,0,1,0,0,7,0,0,0,8,99,1,8.300000190734863,0.0,31.770750045776367,28.40812110900879,1.5,0,22,1.0,0.0,0.0,0,0,0
1780579141.0844147,0,0.3499999940395355,0,0,702,900,423158243,30,77,-0.01944129355251789,-0.04005887359380722,27.20283317565918,32.18080520629883,1,0,0.6000000238418579,0,0,1,0,0,7,0,0,0,8,99,1,8.300000190734863,0.0,31.93658447265625,28.40812110900879,1.5,0,22,1.0,0.0,0.0,0,0,0
1780579141.1042125,0,0.3499999940395355,0,0,702,900,423158243,30,77,-0.015164208598434925,-0.031245920807123184,27.202529907226562,32.180179595947266,1,0,0.6000000238418579,0,0,1,0,0,7,0,0,0,8,99,1,8.300000190734863,0.0,32.102420806884766,28.40812110900879,1.5,0,22,1.0,0.0,0.0,0,0,0
1780579141.1244986,0,0.3499999940395355,0,0,702,900,423158243,30,77,-0.011828082613646984,-0.024371817708015442,27.202293395996094,32.179691314697266,1,0,0.6000000238418579,0,0,1,0,0,7,0,0,0,8,99,1,8.300000190734863,0.0,32.26836395263672,28.40812110900879,1.5,0,22,1.0,0.0,0.0,0,0,0
1780579141.1445312,0,0.3499999940395355,0,0,702,900,423158243,30,77,-0.009225904010236263,-0.019010016694664955,27.20210838317871,32.1793098449707,1,0,0.6000000238418579,0,0,1,0,0,7,0,0,0,8,99,1,8.300000190734863,0.0,32.434200286865234,28.40812110900879,1.5,0,22,1.0,0.0,0.0,0,0,0
1780579141.164381,0,0.3499999940395355,0,0,702,900,423158243,31,77,-0.005613039713352919,-0.011565692722797394,27.20196533203125,32.17901611328125,1,0,0.6000000238418579,0,0,1,0,0,7,0,0,0,8,99,1,8.300000190734863,0.0,32.600032806396484,28.40812110900879,1.5,0,22,1.0,0.0,0.0,0,0,0
1780579141.1842856,0,0.3499999940395355,0,0,702,900,423158243,31,77,-0.00437817070633173,-0.009021240286529064,27.20187759399414,32.1788330078125,1,0,0.6000000238418579,0,0,1,0,0,7,0,0,0,8,99,1,8.300000190734863,0.0,32.765865325927734,28.40812110900879,1.5,0,22,1.0,0.0,0.0,0,0,0
1780579141.2042584,0,0.3499999940395355,0,0,702,900,423158243,31,77,-0.0034149729181081057,-0.007036567199975252,27.20180892944336,32.17869186401367,1,0,0.6000000238418579,0,0,1,0,0,7,0,0,0,8,99,1,8.300000190734863,0.0,32.93184280395508,28.40812110900879,1.5,0,22,1.0,0.0,0.0,0,0,0
1780579141.2244298,0,0.3499999940395355,0,0,702,900,423158243,31,77,-0.0026636787224560976,-0.0054885223507881165,27.20175552368164,32.17858123779297,1,0,0.6000000238418579,0,0,1,0,0,7,0,0,0,8,99,1,8.300000190734863,0.0,33.09767532348633,28.408119201660156,1.5,0,22,1.0,0.0,0.0,0,0,0
1780579141.2440279,0,0.3499999940395355,0,0,702,900,423158243,31,77,-0.002077669370919466,-0.004281047265976667,27.20171356201172,32.17849349975586,1,0,0.6000000238418579,0,0,1,0,0,7,0,0,0,8,99,1,8.300000190734863,0.0,33.26386642456055,28.40812110900879,1.5,0,22,1.0,0.0,0.0,0,0,0
1780579141.2642584,0,0.3499999940395355,0,0,702,900,423158243,31,77,-0.0016205820720642805,-0.003339216811582446,27.20168113708496,32.17842483520508,1,0,0.6000000238418579,0,0,1,0,0,7,0,0,0,8,99,1,8.300000190734863,0.0,33.43026351928711,28.40812110900879,1.5,0,22,1.0,0.0,0.0,0,0,0
1780579141.2843406,0,0.3499999940395355,0,0,702,900,423158243,31,77,-0.0012640539789572358,-0.0026045890990644693,27.201656341552734,32.17837142944336,1,0,0.6000000238418579,0,0,1,0,0,7,0,0,0,8,99,1,8.300000190734863,0.0,33.596099853515625,28.40812110900879,1.5,0,22,1.0,0.0,0.0,0,0,0
1780579141.3045998,0,0.3499999940395355,0,0,702,900,423158243,31,77,-0.0009859621059149504,-0.0020315793808549643,27.201637268066406,32.17832946777344,1,0,0.6000000238418579,0,0,1,0,0,7,0,0,0,8,99,1,8.300000190734863,0.0,33.76216125488281,28.408119201660156,1.5,0,22,1.0,0.0,0.0,0,0,0
1780579141.323955,0,0.3499999940395355,0,0,702,900,423158243,31,77,-0.0007690504426136613,-0.0015846318565309048,27.201622009277344,32.17829513549805,1,0,0.6000000238418579,0,0,1,0,0,7,0,0,0,8,99,1,8.300000190734863,0.0,33.92822265625,28.40812110900879,1.5,0,22,1.0,0.0,0.0,0,0,0
1780579141.3443549,0,0.3499999940395355,0,0,702,900,423158243,31,77,-0.0005998593405820429,-0.0012360127875581384,27.201610565185547,32.17826843261719,1,0,0.6000000238418579,0,0,1,0,0,7,0,0,0,8,99,1,8.300000190734863,0.0,34.09405517578125,28.408123016357422,1.5,0,22,1.0,0.0,0.0,0,0,0
1780579141.3641531,0,0.3499999940395355,0,0,702,900,423158243,31,77,-0.0004678902623709291,-0.0009640899370424449,27.201601028442383,32.17824935913086,1,0,0.6000000238418579,0,0,1,0,0,7,0,0,0,8,99,1,8.300000190734863,0.0,34.260215759277344,28.40812110900879,1.5,0,22,1.0,0.0,0.0,0,0,0
1780579141.3841765,0,0.3499999940395355,0,0,702,900,423158243,31,77,-0.0003649543796200305,-0.0007519901264458895,27.20159339904785,32.1782341003418,1,0,0.6000000238418579,0,0,1,0,0,7,0,0,0,8,99,1,8.300000190734863,0.0,34.426048278808594,28.40812110900879,1.5,0,22,1.0,0.0,0.0,0,0,0
1780579141.403871,0,0.3499999940395355,0,0,702,900,423158243,31,77,-0.00028466442017816007,-0.0005865522543899715,27.201587677001953,32.17822265625,1,0,0.6000000238418579,0,0,1,0,0,7,0,0,0,8,99,1,8.300000190734863,0.0,34.5924072265625,28.40812110900879,1.5,0,22,1.0,0.0,0.0,0,0,0
1780579141.4245903,0,0.3499999940395355,0,0,702,900,423158243,31,77,-0.0002220382448285818,-0.00045751073048450053,27.201583862304688,32.1782112121582,1,0,0.6000000238418579,0,0,1,0,0,7,0,0,0,8,99,1,8.300000190734863,0.0,34.758243560791016,28.40812110900879,1.5,0,22,1.0,0.0,0.0,0,0,0
1780579141.4444172,0,0.3499999940395355,0,0,702,900,423158243,31,77,-0.00017318982281722128,-0.0003568583633750677,27.201580047607422,32.17820358276367,1,0,0.6000000238418579,0,0,1,0,0,7,0,0,0,8,99,1,8.300000190734863,0.0,34.9243049621582,28.40812110900879,1.5,0,22,1.0,0.0,0.0,0,0,0
1780579141.4639375,0,0.3499999940395355,0,0,702,900,423158243,31,77,-0.00013508806296158582,-0.00027834950014948845,27.20157814025879,32.17819595336914,1,0,0.6000000238418579,0,0,1,0,0,7,0,0,0,8,99,1,8.300000190734863,0.0,35.09014129638672,28.40812110900879,1.5,0,22,1.0,0.0,0.0,0,0,0
1780579141.484461,0,0.3499999940395355,0,0,702,900,423158243,31,77,-0.0001053686864906922,-0.00021711259614676237,27.201576232910156,32.178192138671875,1,0,0.6000000238418579,0,0,1,0,0,7,0,0,0,8,99,1,8.300000190734863,0.0,35.25597381591797,28.40812110900879,1.5,0,22,1.0,0.0,0.0,0,0,0
1780579141.5041308,0,0.3499999940395355,0,0,702,900,423158243,31,77,-8.218757284339517e-05,-0.00016934781160671264,27.201574325561523,32.17818832397461,1,0,0.6000000238418579,0,0,1,0,0,7,0,0,0,8,99,1,8.300000190734863,0.0,35.4219970703125,28.40812110900879,1.5,0,22,1.0,0.0,0.0,0,0,0
1780579141.5238245,0,0.3499999940395355,0,0,702,900,423158243,31,77,-6.410630157915875e-05,-0.00013209128519520164,27.20157241821289,32.17818832397461,1,0,0.6000000238418579,0,0,1,0,0,7,0,0,0,8,99,1,8.300000190734863,0.0,35.588016510009766,28.40812110900879,1.5,0,22,1.0,0.0,0.0,0,0,0
1780579141.5444224,0,0.3499999940395355,0,0,702,900,423158243,31,77,-5.000291275791824e-05,-0.0001030311977956444,27.201570510864258,32.178184509277344,1,0,0.6000000238418579,0,0,1,0,0,7,0,0,0,8,99,1,8.300000190734863,0.0,35.75385284423828,28.40812110900879,1.5,0,22,1.0,0.0,0.0,0,0,0
1780579141.5643795,0,0.3499999940395355,0,0,702,900,423158243,31,77,-3.9002268749754876e-05,-8.036433428060263e-05,27.201570510864258,32.178184509277344,1,0,0.6000000238418579,0,0,1,0,0,7,0,0,0,8,99,1,8.300000190734863,0.0,35.920249938964844,28.40812110900879,1.5,0,22,1.0,0.0,0.0,0,0,0
1780579141.584769,0,0.3499999940395355,0,0,702,900,423158243,31,77,-3.0421768315136433e-05,-6.268417928367853e-05,27.201570510864258,32.17818069458008,1,0,0.6000000238418579,0,0,1,0,0,7,0,0,0,8,99,1,8.300000190734863,0.0,36.08695602416992,28.40812110900879,1.5,0,22,1.0,0.0,0.0,0,0,0
1780579141.6045144,0,0.3499999940395355,0,0,702,900,423158243,31,77,-2.372897870372981e-05,-4.8893656639847904e-05,27.201570510864258,32.17818069458008,1,0,0.6000000238418579,0,0,1,0,0,7,0,0,0,8,99,1,8.300000190734863,0.0,36.25278854370117,28.40812110900879,1.5,0,22,1.0,0.0,0.0,0,0,0
1780579141.624328,0,0.3499999940395355,0,0,702,900,423158243,31,77,-1.850860280683264e-05,-3.813705188804306e-05,27.201570510864258,32.17818069458008,1,0,0.6000000238418579,0,0,1,0,0,7,0,0,0,8,99,1,8.300000190734863,0.0,36.41862487792969,28.408119201660156,1.5,0,22,1.0,-1.0,0.0,0,0,0
1780579141.6445436,0,0.3499999940395355,0,0,702,900,423158243,31,77,-1.4436709534493275e-05,-2.9746899599558674e-05,27.201570510864258,32.17818069458008,1,0,0.6000000238418579,0,0,1,0,0,7,0,0,0,8,99,1,8.300000190734863,0.0,36.5844612121582,28.40812110900879,1.5,0,22,1.0,-1.0,0.0,0,0,0
1780579141.6644738,0,0.3499999940395355,0,0,702,900,423158243,31,77,-1.1260633073106874e-05,-2.3202581360237673e-05,27.201570510864258,32.17818069458008,1,0,0.6000000238418579,0,0,1,0,0,7,0,0,0,8,99,1,8.300000190734863,0.0,36.75029373168945,28.40812110900879,1.5,0,22,0.0,0.0,0.0,0,0,0
1780579141.6844563,0,0.3499999940395355,0,0,702,900,423158243,31,77,-8.783293196756858e-06,-1.8098013242706656e-05,27.201570510864258,32.17818069458008,1,0,0.6000000238418579,0,0,1,0,0,7,0,0,0,8,99,1,8.300000190734863,0.0,36.91613006591797,28.40812110900879,1.5,0,22,0.0,0.0,0.0,0,0,0
1780579141.704445,0,0.3499999940395355,0,0,702,900,423158243,31,77,-6.850968475191621e-06,-1.4116450074652676e-05,27.201570510864258,32.17818069458008,1,0,0.6000000238418579,0,0,1,0,0,7,0,0,0,8,99,1,0.0,0.0,36.931610107421875,28.40812110900879,1.5,0,22,-1.0,0.0,0.0,0,0,0
1780579141.7243748,0,0.3499999940395355,0,0,702,900,423158243,31,77,-5.343755219655577e-06,-1.101083034882322e-05,27.201570510864258,32.17818069458008,1,0,0.6000000238418579,0,0,1,0,0,7,0,0,0,8,99,1,0.0,0.0,36.931610107421875,28.40812110900879,1.5,0,22,-1.0,0.0,0.0,0,0,0
1780579141.744807,0,0.3499999940395355,0,0,702,900,423158243,31,77,-4.1681287257233635e-06,-8.588447599322535e-06,27.201570510864258,32.17818069458008,1,0,0.6000000238418579,0,0,1,0,0,7,0,0,0,8,99,1,0.0,0.0,36.931610107421875,28.40812110900879,1.5,0,22,-1.0,0.0,0.0,0,0,0
1780579141.7645776,0,0.3499999940395355,0,0,702,900,423158243,31,77,-3.251140242355177e-06,-6.698988727293909e-06,27.201570510864258,32.17818069458008,1,0,0.6000000238418579,0,0,0,0,0,7,0,0,0,8,99,1,-8.300000190734863,0.0,36.78123092651367,28.40812110900879,1.5,0,22,-1.0,0.0,0.0,0,0,0
1780579141.784415,0,0.3499999940395355,0,0,702,900,423158243,31,77,-2.535889279897674e-06,-5.225211225479143e-06,27.201570510864258,32.17818069458008,1,0,0.6000000238418579,0,0,0,0,0,7,0,0,0,8,99,1,-8.300000190734863,0.0,36.615394592285156,28.40812110900879,1.5,0,22,-1.0,0.0,0.0,0,0,0
1780579141.80455,0,0.3499999940395355,0,0,702,900,423158243,31,77,-1.977993633772712e-06,-4.075664492120268e-06,27.201570510864258,32.17818069458008,1,0,0.6000000238418579,0,0,0,0,0,7,0,0,0,8,99,1,-8.300000190734863,0.0,36.44955825805664,28.40812110900879,1.5,0,22,-1.0,0.0,0.0,0,0,0
1780579141.8249915,0,0.3499999940395355,0,0,702,900,423158243,31,77,-1.5428349797730334e-06,-3.1790182219992857e-06,27.201570510864258,32.17818069458008,1,0,0.6000000238418579,0,0,0,0,0,7,0,0,0,8,99,1,-8.300000190734863,0.0,36.28316116333008,28.40812110900879,1.5,0,22,-1.0,0.0,0.0,0,0,0
1780579141.8446064,0,0.3499999940395355,0,0,702,900,423158243,31,77,-1.2034112160108634e-06,-2.4796340767352376e-06,27.201570510864258,32.17818069458008,1,0,0.6000000238418579,0,0,0,0,0,7,0,0,0,8,99,1,-8.300000190734863,0.0,36.1164665222168,28.40812110900879,1.5,0,22,-1.0,0.0,0.0,0,0,0
1780579141.8644497,0,0.3499999940395355,0,0,702,900,423158243,31,77,-9.386607189298957e-07,-1.9341146071383264e-06,27.201570510864258,32.17818069458008,1,0,0.6000000238418579,0,0,0,0,0,7,0,0,0,8,99,1,-8.300000190734863,0.0,35.95063018798828,28.40812110900879,1.5,0,22,-1.0,0.0,0.0,0,0,0
1780579141.8841639,0,0.3499999940395355,0,0,702,900,423158243,31,77,-7.321553425754246e-07,-1.5086093299032655e-06,27.201570510864258,32.17818069458008,1,0,0.6000000238418579,0,0,0,0,0,7,0,0,0,8,99,1,-8.300000190734863,0.0,35.78479766845703,28.40812110900879,1.5,0,22,-1.0,-1.0,0.0,0,0,0
1780579141.9043472,0,0.3499999940395355,0,0,702,900,423158243,31,77,-5.710811592507525e-07,-1.1767152727770736e-06,27.201570510864258,32.17818069458008,1,0,0.6000000238418579,0,0,0,0,0,7,0,0,0,8,99,1,-8.300000190734863,0.0,35.618961334228516,28.40812110900879,1.5,0,22,-1.0,-1.0,0.0,0,0,0
1780579141.9247527,0,0.3499999940395355,0,0,702,900,423158243,31,77,-4.454432769307459e-07,-9.178378945762233e-07,27.201570510864258,32.17818069458008,1,0,0.6000000238418579,0,0,0,0,0,7,0,0,0,8,99,1,-8.300000190734863,0.0,35.453128814697266,28.40812110900879,1.5,0,22,-1.0,-1.0,0.0,0,0,0
1780579141.9440565,0,0.3499999940395355,0,0,702,900,423158243,31,77,-3.4744573440548265e-07,-7.159135293477448e-07,27.201570510864258,32.17818069458008,1,0,0.6000000238418579,0,0,0,0,0,7,0,0,0,8,99,1,-8.300000190734863,0.0,35.287296295166016,28.40812110900879,1.5,0,22,-1.0,-1.0,0.0,0,0,0
1780579141.9639893,0,0.3499999940395355,0,0,702,900,423158243,31,77,-2.710076500989089e-07,-5.584125233326631e-07,27.201570510864258,32.17818069458008,1,0,0.6000000238418579,0,0,0,0,0,7,0,0,0,8,99,1,-8.300000190734863,0.0,35.1214599609375,28.40812110900879,1.5,0,22,-1.0,-1.0,0.0,0,0,0
1780579141.9846315,0,0.3499999940395355,0,0,702,900,423158243,31,77,-2.1138595229786006e-07,-4.355617591045302e-07,27.201570510864258,32.17818069458008,1,0,0.6000000238418579,0,0,0,0,0,7,0,0,0,8,99,1,-8.300000190734863,0.0,34.95562744140625,28.40812110900879,1.5,0,22,-1.0,-1.0,0.0,0,0,0
1780579142.0042918,0,0.3499999940395355,0,0,702,900,423158243,31,77,-1.648810297183445e-07,-3.397381647118891e-07,27.201570510864258,32.17818069458008,1,0,0.6000000238418579,0,0,0,0,0,7,0,0,0,8,99,1,-8.300000190734863,0.0,34.789791107177734,28.40812110900879,1.5,0,22,-1.0,-1.0,0.0,0,0,0
1780579142.0242393,0,0.3499999940395355,0,0,702,900,423158243,31,77,-1.2860719778018392e-07,-2.649957480116427e-07,27.201570510864258,32.17818069458008,1,0,0.6000000238418579,0,0,0,0,0,7,0,0,0,8,99,1,-8.300000190734863,0.0,34.62395477294922,28.408123016357422,1.5,0,22,-1.0,-1.0,0.0,0,0,0
1780579142.0445387,0,0.3499999940395355,0,0,702,900,423158243,31,77,-1.0031361341589218e-07,-2.0669668288064713e-07,27.201570510864258,32.17818069458008,1,0,0.6000000238418579,0,0,0,0,0,7,0,0,0,8,99,1,-8.300000190734863,0.0,34.45790100097656,28.40812110900879,1.5,0,22,-1.0,-1.0,0.0,0,0,0
1780579142.0642726,0,0.3499999940395355,0,0,702,900,423158243,31,77,-7.824461789596171e-08,-1.6122341151003639e-07,27.201570510864258,32.17818069458008,1,0,0.6000000238418579,0,0,0,0,0,7,0,0,0,8,99,1,-8.300000190734863,0.0,34.29161071777344,28.40812110900879,1.5,0,22,-1.0,-1.0,0.0,0,0,0
1780579142.084323,0,0.3499999940395355,0,0,702,900,423158243,31,77,-6.10307964166168e-08,-1.257542550092694e-07,27.201570510864258,32.17818069458008,1,0,0.6000000238418579,0,0,0,0,0,7,0,0,0,8,99,1,-8.300000190734863,0.0,34.12577438354492,28.40812110900879,1.5,0,22,-1.0,-1.0,0.0,0,0,0
1780579142.1044288,0,0.3499999940395355,0,0,702,900,423158243,31,77,-4.7604018504898704e-08,-9.808831435975662e-08,27.201570510864258,32.17818069458008,1,0,0.6000000238418579,0,0,0,0,0,7,0,0,0,8,99,1,-8.300000190734863,0.0,33.959938049316406,28.40812110900879,1.5,0,22,-1.0,-1.0,0.0,0,0,0
1780579142.1241975,0,0.3499999940395355,0,0,702,900,423158243,31,77,-3.7131133723278253e-08,-7.650888278476486e-08,27.201570510864258,32.17818069458008,1,0,0.6000000238418579,0,0,0,0,0,7,0,0,0,8,99,1,-8.300000190734863,0.0,33.793975830078125,28.40812110900879,1.5,0,22,-1.0,0.0,0.0,0,0,0
1780579142.1438305,0,0.3499999940395355,0,0,702,900,423158243,31,77,-2.8962283238342934e-08,-5.96769282878995e-08,27.201570510864258,32.17818069458008,1,0,0.6000000238418579,0,0,0,0,0,7,0,0,0,8,99,1,-8.300000190734863,0.0,33.626014709472656,28.40812110900879,1.5,0,22,-1.0,0.0,0.0,0,0,0
1780579142.1644964,0,0.3499999940395355,0,0,702,900,423158243,32,77,-2.2590580073256206e-08,-4.6548002785584686e-08,27.201570510864258,32.17818069458008,1,0,0.6000000238418579,0,0,0,0,0,7,0,0,0,8,99,1,-8.300000190734863,0.0,33.46017837524414,28.40812110900879,1.5,0,22,-1.0,0.0,0.0,0,0,0
1780579142.1845417,0,0.3499999940395355,0,0,702,900,423158243,32,77,-2.2590580073256206e-08,-4.6548002785584686e-08,27.201570510864258,32.17818069458008,1,0,0.6000000238418579,0,0,0,0,0,7,0,0,0,8,99,1,-8.300000190734863,0.0,33.29434585571289,28.40812110900879,1.5,0,22,-1.0,0.0,0.0,0,0,0
1780579142.2045686,0,0.3499999940395355,0,0,702,900,423158243,32,77,-2.2590580073256206e-08,-4.6548002785584686e-08,27.201570510864258,32.17818069458008,1,0,0.6000000238418579,0,0,0,0,0,7,0,0,0,8,99,1,-8.300000190734863,0.0,33.12851333618164,28.40812110900879,1.5,0,22,-1.0,0.0,0.0,0,0,0
1780579142.2242584,0,0.3499999940395355,0,0,702,900,423158243,32,77,-2.2590580073256206e-08,-4.6548002785584686e-08,27.201570510864258,32.17818069458008,1,0,0.6000000238418579,0,0,0,0,0,7,0,0,0,8,99,1,-8.300000190734863,0.0,32.962677001953125,28.40812110900879,1.5,0,22,0.0,0.0,0.0,0,0,0
1780579142.2445266,0,0.3499999940395355,0,0,702,900,423158243,32,77,-2.2590580073256206e-08,-4.6548002785584686e-08,27.201570510864258,32.17818069458008,1,0,0.6000000238418579,0,0,0,0,0,7,0,0,0,8,99,1,0.0,0.0,32.947601318359375,28.40812110900879,1.5,0,22,0.0,0.0,0.0,0,0,0
1780579142.2645984,0,0.3499999940395355,0,0,702,900,423158243,32,77,-2.2590580073256206e-08,-4.6548002785584686e-08,27.201570510864258,32.17818069458008,1,0,0.6000000238418579,0,0,0,0,0,7,0,0,0,8,99,1,0.0,0.0,32.947601318359375,28.40812110900879,1.5,0,22,0.0,0.0,0.0,0,0,0
1780579142.2844517,0,0.3499999940395355,0,0,702,900,423158243,32,77,-2.2590580073256206e-08,-4.6548002785584686e-08,27.201570510864258,32.17818069458008,1,0,0.6000000238418579,0,0,0,0,0,7,0,0,0,8,99,1,0.0,0.0,32.947601318359375,28.408119201660156,1.5,0,22,0.0,0.0,0.0,0,0,0
1780579142.3038652,0,0.3499999940395355,0,0,702,900,423158243,32,77,-2.2590580073256206e-08,-4.6548002785584686e-08,27.201570510864258,32.17818069458008,1,0,0.6000000238418579,0,0,0,0,0,7,0,0,0,8,99,1,0.0,0.0,32.947601318359375,28.40812110900879,1.5,0,22,0.0,0.0,0.0,0,0,0
1780579142.3239887,0,0.3499999940395355,0,0,702,900,423158243,32,77,-2.2590580073256206e-08,-4.6548002785584686e-08,27.201570510864258,32.17818069458008,1,0,0.6000000238418579,0,0,0,0,0,7,0,0,0,8,99,1,0.0,0.0,32.947601318359375,28.40812110900879,1.5,0,22,0.0,0.0,0.0,0,0,0
1780579142.3442338,0,0.3499999940395355,0,0,702,900,423158243,32,77,-2.2590580073256206e-08,-4.6548002785584686e-08,27.201570510864258,32.17818069458008,1,0,0.6000000238418579,0,0,0,0,0,7,0,0,0,8,99,1,0.0,0.0,32.947601318359375,28.40812110900879,1.5,0,22,0.0,0.0,0.0,0,0,0
1780579142.3638265,0,0.3499999940395355,0,0,702,900,423158243,32,77,-2.2590580073256206e-08,-4.6548002785584686e-08,27.201570510864258,32.17818069458008,1,0,0.6000000238418579,0,0,0,0,0,7,0,0,0,8,99,1,0.0,0.0,32.947601318359375,28.40812110900879,1.5,0,22,0.0,0.0,0.0,0,0,0
1780579142.3844993,0,0.3499999940395355,0,0,702,900,423158243,32,77,-2.2590580073256206e-08,-4.6548002785584686e-08,27.201570510864258,32.17818069458008,1,0,0.6000000238418579,0,0,0,0,0,7,0,0,0,8,99,1,0.0,0.0,32.947601318359375,28.40812110900879,1.5,0,22,-1.0,0.0,0.0,0,0,0
1780579142.4044535,0,0.3499999940395355,0,0,702,900,423158243,10,77,-2.2590580073256206e-08,-4.6548002785584686e-08,27.201570510864258,32.17818069458008,1,0,0.6000000238418579,0,0,0,0,0,7,0,0,0,8,99,1,0.0,0.0,32.947601318359375,28.40812110900879,1.5,0,22,-1.0,0.0,0.0,0,0,0
1780579142.424408,0,0.3499999940395355,0,0,702,900,423158243,10,77,-2.2590580073256206e-08,-1.7999992370605469,27.201570510864258,32.142181396484375,1,0,0.6000000238418579,0,0,0,0,0,7,0,0,0,8,99,1,-8.300000190734863,0.0,32.797306060791016,28.40812110900879,1.5,0,22,-1.0,0.0,0.0,0,0,0
1780579142.4439974,0,0.3499999940395355,0,0,702,900,423158243,10,77,-2.2590580073256206e-08,-3.5999984741210938,27.201570510864258,32.0701789855957,1,0,0.6000000238418579,0,0,0,0,0,7,0,0,0,8,99,1,-8.300000190734863,0.0,32.631473541259766,28.40812110900879,1.5,0,22,-1.0,0.0,0.0,0,0,0
1780579142.4643073,0,0.3499999940395355,0,0,702,900,423158243,10,77,-2.2590580073256206e-08,-5.399997711181641,27.201570510864258,31.962181091308594,1,0,0.6000000238418579,0,0,0,0,0,7,0,0,0,8,99,1,-8.300000190734863,0.0,32.46563720703125,28.40812110900879,1.5,0,22,-1.0,0.0,0.0,0,0,0
1780579142.484352,0,0.3499999940395355,0,0,702,900,423158243,10,77,-2.2590580073256206e-08,-7.1999969482421875,27.201570510864258,31.81818199157715,1,0,0.6000000238418579,0,0,0,0,0,7,0,0,0,8,99,1,-8.300000190734863,0.0,32.299251556396484,28.40812110900879,1.5,0,22,-1.0,0.0,0.0,0,0,0
1780579142.5039537,0,0.3499999940395355,0,0,702,900,423158243,10,77,-2.2590580073256206e-08,-8.999996185302734,27.201570510864258,31.638181686401367,1,0,0.6000000238418579,0,0,0,0,0,7,0,0,0,8,99,1,-8.300000190734863,0.0,32.1333122253418,28.408119201660156,1.5,0,22,-1.0,0.0,0.0,0,0,0
1780579142.5242212,0,0.3499999940395355,0,0,702,900,423158243,10,77,-2.2590580073256206e-08,-10.799995422363281,27.201570510864258,31.422182083129883,1,0,0.6000000238418579,0,0,0,0,0,7,0,0,0,8,99,1,-8.300000190734863,0.0,31.967477798461914,28.40812110900879,1.5,0,22,-1.0,0.0,0.0,0,0,0
1780579142.5447323,0,0.3499999940395355,0,0,702,900,423158243,10,77,-2.2590580073256206e-08,-12.599994659423828,27.201570510864258,31.170183181762695,1,0,0.6000000238418579,0,0,0,0,0,7,0,0,0,8,99,1,-8.300000190734863,0.0,31.801551818847656,28.40812110900879,1.5,0,22,-1.0,0.0,0.0,0,0,0
1780579142.564291,0,0.3499999940395355,0,0,702,900,423158243,10,77,-2.2590580073256206e-08,-14.399993896484375,27.201570510864258,30.882183074951172,1,0,0.6000000238418579,0,0,0,0,0,7,0,0,0,8,99,1,-8.300000190734863,0.0,31.635154724121094,28.40812110900879,1.5,0,22,-1.0,0.0,0.0,0,0,0
1780579142.5842125,0,0.3499999940395355,0,0,702,900,423158243,10,77,-2.2590580073256206e-08,-16.199993133544922,27.201570510864258,30.558183670043945,1,0,0.6000000238418579,0,0,0,0,0,7,0,0,0,8,99,1,-8.300000190734863,0.0,31.46932029724121,28.40812110900879,1.5,0,22,-1.0,0.0,0.0,0,0,0
1780579142.604288,0,0.3499999940395355,0,0,702,900,423158243,10,77,-2.2590580073256206e-08,-17.99999237060547,27.201570510864258,30.198183059692383,1,0,0.6000000238418579,0,0,0,0,0,7,0,0,0,8,99,1,-8.300000190734863,0.0,31.303485870361328,28.40812110900879,1.5,0,22,-1.0,0.0,0.0,0,0,0
1780579142.6247764,0,0.3499999940395355,0,0,702,900,423158243,10,77,-2.2590580073256206e-08,-19.799991607666016,27.201570510864258,29.802183151245117,1,0,0.6000000238418579,0,0,0,0,0,7,0,0,0,8,99,1,-8.300000190734863,0.0,31.137453079223633,28.408119201660156,1.5,0,22,-1.0,0.0,0.0,0,0,0
1780579142.644833,0,0.3499999940395355,0,0,702,900,423158243,10,77,-2.2590580073256206e-08,-21.599990844726562,27.201570510864258,29.37018394470215,1,0,0.6000000238418579,0,0,0,0,0,7,0,0,0,8,99,1,-8.300000190734863,0.0,30.97161865234375,28.40812110900879,1.5,0,22,-1.0,0.0,0.0,0,0,0
1780579142.6648662,0,0.3499999940395355,0,0,702,900,423158243,10,77,-2.2590580073256206e-08,-23.39999008178711,27.201570510864258,28.902183532714844,1,0,0.6000000238418579,0,0,0,0,0,7,0,0,0,8,99,1,-8.300000190734863,0.0,30.805782318115234,28.40812110900879,1.5,0,22,-1.0,0.0,0.0,0,0,0
1780579142.6843598,0,0.3499999940395355,0,0,702,900,423158243,11,77,0.0,0.0,27.201570510864258,28.56183624267578,1,0,0.6000000238418579,0,0,0,0,0,7,0,0,0,8,99,1,-8.300000190734863,0.0,30.639738082885742,28.40812110900879,1.5,0,22,-1.0,0.0,0.0,0,0,0
1780579142.7045147,0,0.3499999940395355,0,0,702,900,423158243,11,77,0.0,0.0,27.201570510864258,28.56184959411621,1,0,0.6000000238418579,0,0,0,0,0,7,0,0,0,8,99,1,-8.300000190734863,0.0,30.473419189453125,28.408119201660156,1.5,0,22,-1.0,0.0,0.0,0,0,0
1780579142.7242055,0,0.3499999940395355,0,0,702,900,423158243,11,77,0.0,0.0,27.201570510864258,28.561859130859375,1,0,0.6000000238418579,0,0,0,0,0,7,0,0,0,8,99,1,-8.300000190734863,0.0,30.307586669921875,28.40812110900879,1.5,0,22,-1.0,0.0,0.0,0,0,0
1780579142.744537,0,0.3499999940395355,1,0,702,900,423158243,11,77,0.0,0.0,27.201570510864258,28.561864852905273,0,0,0.6000000238418579,0,0,0,0,0,7,0,1,0,8,99,1,-8.300000190734863,0.0,30.141752243041992,28.40812110900879,1.5,0,22,-1.0,0.0,0.0,0,0,1
1780579142.76471,0,0.3499999940395355,1,0,702,900,423158243,11,77,0.0,0.0,27.201570510864258,28.56186866760254,0,0,0.6000000238418579,0,0,0,0,0,7,0,1,0,8,99,1,-8.300000190734863,0.0,29.97566795349121,28.40812110900879,1.5,0,22,-1.0,0.0,0.0,0,0,1
1780579142.7838778,0,0.3499999940395355,1,0,681,900,423158243,11,77,0.0,0.0,27.201570510864258,28.561870574951172,0,0,0.6000000238418579,0,0,0,0,0,7,0,1,0,8,99,1,3.75,0.0,29.80971336364746,28.40812110900879,1.5,0,33,-1.0,0.0,0.0,0,0,1
1780579142.803922,0,0.3499999940395355,1,0,681,900,423158243,11,77,0.0,0.0,26.90157127380371,28.561870574951172,0,0,0.6000000238418579,0,0,0,0,0,7,0,1,0,8,99,1,3.75,0.0,29.861236572265625,28.40812110900879,1.5,0,33,-1.0,0.0,0.0,0,0,1
1780579142.8243914,0,0.3499999940395355,1,0,681,900,423158243,11,77,0.0,0.0,26.601572036743164,28.561870574951172,0,0,0.6000000238418579,0,0,0,0,0,7,0,1,0,8,99,1,3.75,0.0,29.93623924255371,28.408123016357422,1.5,0,33,-1.0,0.0,0.0,0,0,1
1780579142.8442354,0,0.3499999940395355,1,0,681,900,423158243,11,77,0.0,0.0,26.301572799682617,28.561870574951172,0,0,0.6000000238418579,0,0,0,0,0,7,0,1,0,8,99,1,3.75,0.0,30.01116371154785,28.408119201660156,1.5,0,33,-1.0,0.0,0.0,0,0,1
1780579142.8637605,0,0.3499999940395355,1,0,681,900,423158243,11,77,0.0,0.0,26.00157356262207,28.561870574951172,1,0,0.6000000238418579,0,0,0,0,0,7,0,1,0,8,99,1,3.75,0.0,30.086551666259766,28.40812110900879,1.5,0,33,-1.0,0.0,0.0,0,0,1
1780579142.8843606,0,0.3499999940395355,1,0,681,900,423158243,11,77,0.0,0.0,25.701574325561523,28.561870574951172,1,0,0.6000000238418579,0,0,0,0,0,7,0,1,0,8,99,1,3.75,0.0,30.16147804260254,28.40812110900879,1.5,0,33,-1.0,0.0,0.0,0,0,1
1780579142.90429,0,0.3499999940395355,1,0,681,900,423158243,11,77,0.0,0.0,25.401575088500977,28.561870574951172,1,0,0.6000000238418579,0,0,0,0,0,7,0,1,0,8,99,1,3.75,0.0,30.236404418945312,28.408119201660156,1.5,0,33,-1.0,0.0,0.0,0,0,1
1780579142.9247098,0,0.3499999940395355,1,0,681,900,423158243,69,77,0.0,0.0,25.10157585144043,28.561870574951172,1,0,0.6000000238418579,0,0,0,0,0,7,0,1,0,8,99,1,3.75,0.0,30.31174087524414,28.40812110900879,1.5,0,33,-1.0,0.0,0.0,0,0,0
1780579142.9443114,0,0.3499999940395355,1,0,681,900,423158243,69,77,0.0,0.0,24.801576614379883,28.561870574951172,1,0,0.6000000238418579,0,0,0,0,0,7,0,1,0,8,99,1,3.75,0.0,30.386669158935547,28.40812110900879,1.5,0,33,-1.0,0.0,0.0,0,0,0
1780579142.9643097,0,0.3499999940395355,1,0,681,900,423158243,69,77,0.0,0.0,24.801576614379883,28.561870574951172,1,0,0.6000000238418579,0,0,0,0,0,7,0,1,0,8,99,1,3.75,0.0,30.461593627929688,28.40812110900879,1.5,0,33,-1.0,0.0,0.0,0,0,0
1780579142.9841266,0,0.3499999940395355,1,0,681,900,423158243,69,77,0.0,0.0,24.801576614379883,28.561870574951172,1,0,0.6000000238418579,0,0,0,0,0,7,0,1,0,8,99,1,-8.300000190734863,0.0,30.31827735900879,28.40812110900879,1.5,0,33,-1.0,0.0,0.0,0,0,0
1780579143.0040286,0,0.3499999940395355,1,0,681,900,423158243,69,77,0.0,0.0,24.801576614379883,28.561870574951172,1,0,0.6000000238418579,0,0,0,0,0,7,0,1,0,8,99,1,-8.300000190734863,0.0,30.152441024780273,28.40812110900879,1.5,0,33,-1.0,0.0,0.0,0,0,0
1780579143.0239017,0,0.3499999940395355,1,0,681,900,423158243,69,77,0.0,0.0,24.801576614379883,28.561870574951172,1,0,0.6000000238418579,0,0,0,0,0,7,0,1,0,8,99,1,-8.300000190734863,0.0,29.98660659790039,28.40812110900879,1.5,0,33,-1.0,0.0,0.0,0,0,0
1780579143.04442,0,0.3499999940395355,1,0,681,900,423158243,69,77,0.0,0.0,24.801576614379883,28.561870574951172,1,0,0.6000000238418579,0,0,0,0,0,7,0,1,0,8,99,1,-8.300000190734863,0.0,29.820589065551758,28.40812110900879,1.5,0,33,-1.0,0.0,0.0,0,0,0
1780579143.0641627,0,0.3499999940395355,1,0,681,900,423158243,69,77,0.0,0.0,24.801576614379883,28.561870574951172,1,0,0.6000000238418579,0,0,0,0,0,7,0,1,0,8,99,1,-8.300000190734863,0.0,29.654335021972656,28.40812110900879,1.5,0,33,-1.0,0.0,0.0,0,0,0
1780579143.0839918,0,0.3499999940395355,1,0,681,900,423158243,69,77,0.0,0.0,24.801576614379883,28.561870574951172,1,0,0.6000000238418579,0,0,0,0,0,7,0,1,0,8,99,1,-8.300000190734863,0.0,29.48849868774414,28.40812110900879,1.5,0,33,-1.0,0.0,0.0,0,0,0
1780579143.1042228,0,0.3499999940395355,0,0,681,900,423158243,69,77,0.0,0.0,24.801576614379883,28.561870574951172,1,0,0.6000000238418579,0,0,0,0,0,7,0,0,0,8,99,1,-8.300000190734863,0.0,29.32266616821289,28.40812110900879,1.5,0,33,-1.0,0.0,0.0,0,0,0
1780579143.1242704,0,0.3499999940395355,0,0,681,900,423158243,69,77,0.0,0.0,24.801576614379883,28.561870574951172,1,0,0.6000000238418579,0,0,0,0,0,7,0,0,0,8,99,1,-8.300000190734863,0.0,29.156831741333008,28.40812110900879,1.5,0,33,-1.0,0.0,0.0,0,0,0
1780579143.1437216,0,0.3499999940395355,0,0,681,900,423158243,69,77,0.0,0.0,24.801576614379883,28.561870574951172,1,0,0.6000000238418579,0,0,0,0,0,7,0,0,0,8,99,1,-8.300000190734863,0.0,28.989933013916016,28.40812110900879,1.5,0,33,-1.0,0.0,0.0,0,0,0
1780579143.164421,0,0.3499999940395355,0,0,681,900,423158243,51,77,0.0,0.0,24.801576614379883,28.561870574951172,1,0,0.6000000238418579,0,0,0,0,0,7,0,0,0,8,99,1,-8.300000190734863,0.0,28.824098587036133,28.40812110900879,1.5,0,33,-1.0,0.0,0.0,0,0,0
1780579143.18396,0,0.3499999940395355,0,0,681,900,423158243,51,77,0.0,0.0,24.801576614379883,28.561870574951172,1,0,0.6000000238418579,0,0,0,0,0,7,0,0,0,8,99,1,-8.300000190734863,0.0,28.657678604125977,28.40812110900879,1.5,0,33,-1.0,0.0,0.0,0,0,0
1780579143.2041802,0,0.3499999940395355,0,0,681,900,423158243,51,77,0.0,0.0,24.801576614379883,28.561870574951172,1,0,0.6000000238418579,0,0,0,0,0,7,0,0,0,8,99,1,-8.300000190734863,0.0,28.491844177246094,28.40812110900879,1.5,0,33,-1.0,0.0,0.0,0,0,0
1780579143.2238941,0,0.3499999940395355,0,0,681,900,423158243,51,77,0.0,0.0,24.801576614379883,28.561870574951172,1,0,0.6000000238418579,0,0,0,0,0,7,0,0,0,8,99,1,-8.300000190734863,0.0,28.326007843017578,28.40812110900879,1.5,0,33,-1.0,0.0,0.0,0,0,0
1780579143.2444823,0,0.3499999940395355,0,0,681,900,423158243,51,77,0.0,0.0,24.801576614379883,28.561870574951172,1,0,0.6000000238418579,0,0,0,0,0,7,0,0,0,8,99,1,-8.300000190734863,0.0,28.160173416137695,28.40812110900879,1.5,0,33,-1.0,0.0,0.0,0,0,0
1780579143.264099,0,0.3499999940395355,0,0,681,900,423158243,51,77,0.0,0.0,24.801576614379883,28.561870574951172,1,0,0.6000000238418579,0,0,0,0,0,7,0,0,0,8,99,1,-8.300000190734863,0.0,27.993337631225586,28.408123016357422,1.5,0,33,-1.0,0.0,0.0,0,0,1
1780579143.2838397,0,0.3499999940395355,1,0,681,900,423158243,51,77,0.0,0.0,24.801576614379883,28.561870574951172,0,0,0.6000000238418579,0,0,0,0,0,7,0,1,0,8,99,1,-8.300000190734863,0.0,27.827503204345703,28.408119201660156,1.5,0,33,-1.0,0.0,0.0,0,0,1
1780579143.3038657,0,0.3499999940395355,1,0,681,900,423158243,51,77,0.0,0.0,24.801576614379883,28.561870574951172,0,0,0.6000000238418579,0,0,0,0,0,7,0,1,0,8,99,1,-8.300000190734863,0.0,27.661670684814453,28.40812110900879,1.5,0,33,-1.0,0.0,0.0,0,0,1
1780579143.3244307,0,0.3499999940395355,1,0,660,900,423158243,51,77,0.0,0.0,24.801576614379883,28.561870574951172,0,0,0.6000000238418579,0,0,0,0,0,7,0,1,0,8,99,1,3.75,0.0,27.495834350585938,28.40812110900879,1.5,0,44,-1.0,0.0,0.0,0,0,1
1780579143.3443754,0,0.3499999940395355,1,0,660,900,423158243,51,77,0.0,0.0,24.501577377319336,28.561870574951172,0,0,0.6000000238418579,0,0,0,0,0,7,0,1,0,8,99,1,3.75,0.0,27.548633575439453,28.40812110900879,1.5,0,44,-1.0,0.0,0.0,0,0,1
1780579143.3639572,0,0.3499999940395355,1,0,660,900,423158243,51,77,0.0,0.0,24.20157814025879,28.561870574951172,0,0,0.6000000238418579,0,0,0,0,0,7,0,1,0,8,99,1,3.75,0.0,27.623559951782227,28.40812110900879,1.5,0,44,-1.0,0.0,0.0,0,0,1
1780579143.384177,0,0.3499999940395355,1,0,660,900,423158243,51,77,0.0,0.0,23.901578903198242,28.561870574951172,1,0,0.6000000238418579,0,0,0,0,0,7,0,1,0,8,99,1,3.75,0.0,27.698486328125,28.40812110900879,1.5,0,44,-1.0,0.0,0.0,0,0,1
1780579143.4042673,0,0.3499999940395355,1,0,660,900,423158243,51,77,0.0,0.0,23.601579666137695,28.561870574951172,1,0,0.6000000238418579,0,0,0,0,0,7,0,1,0,8,99,1,3.75,0.0,27.773412704467773,28.40812110900879,1.5,0,44,-1.0,0.0,0.0,0,0,0
1780579143.424035,0,0.3499999940395355,1,0,660,900,423158243,52,77,-22.0,0.0,23.30158042907715,28.561870574951172,1,0,0.6000000238418579,0,0,0,0,0,7,0,1,0,8,99,1,3.75,0.0,27.84853744506836,28.40812110900879,1.5,0,44,-1.0,0.0,0.0,0,0,0
1780579143.4441664,0,0.3499999940395355,1,0,660,900,423158243,52,77,-22.0,0.0,22.561580657958984,28.561870574951172,1,0,0.6000000238418579,0,0,0,0,0,7,0,1,0,8,99,1,3.75,0.0,27.9234619140625,28.40812110900879,1.5,0,44,-1.0,0.0,0.0,0,0,0
1780579143.4644663,0,0.3499999940395355,1,0,660,900,423158243,52,77,-22.0,0.0,21.82158088684082,28.561870574951172,1,0,0.6000000238418579,0,0,0,0,0,7,0,1,0,8,99,1,3.75,0.0,27.998489379882812,28.40812110900879,1.5,0,44,-1.0,0.0,0.0,0,0,0
1780579143.4846196,0,0.3499999940395355,1,0,660,900,423158243,52,77,-22.0,0.0,21.081581115722656,28.561870574951172,1,0,0.6000000238418579,0,0,0,0,0,7,0,1,0,8,99,1,3.75,0.0,28.07362937927246,28.40812110900879,1.5,0,44,-1.0,0.0,0.0,0,0,0
1780579143.5039542,0,0.3499999940395355,1,0,660,900,423158243,52,77,-22.0,0.0,20.64158058166504,28.561870574951172,1,0,0.6000000238418579,0,0,0,0,0,7,0,1,0,8,99,1,3.75,0.0,28.1485538482666,28.40812110900879,1.5,0,44,-1.0,0.0,0.0,0,0,0
1780579143.5242643,0,0.3499999940395355,1,0,660,900,423158243,52,77,-22.0,0.0,20.201580047607422,28.561870574951172,1,0,0.6000000238418579,0,0,0,0,0,7,0,1,0,8,99,1,-8.300000190734863,0.0,28.0053653717041,28.40812110900879,1.5,0,44,-1.0,0.0,0.0,0,0,0
1780579143.5445023,0,0.3499999940395355,1,0,660,900,423158243,52,77,-22.0,0.0,19.761579513549805,28.561870574951172,1,0,0.6000000238418579,0,0,0,0,0,7,0,1,0,8,99,1,-8.300000190734863,0.0,27.839275360107422,28.40812110900879,1.5,0,44,-1.0,0.0,0.0,0,0,0
1780579143.5644815,0,0.3499999940395355,1,0,660,900,423158243,52,77,-22.0,0.0,19.321578979492188,28.561870574951172,1,0,0.6000000238418579,0,0,0,0,0,7,0,1,0,8,99,1,-8.300000190734863,0.0,27.67315673828125,28.40812110900879,1.5,0,44,-1.0,0.0,0.0,0,0,0
1780579143.584174,0,0.3499999940395355,1,0,660,900,423158243,52,77,-22.0,0.0,18.88157844543457,28.561870574951172,1,0,0.6000000238418579,0,0,0,0,0,7,0,1,0,8,99,1,-8.300000190734863,0.0,27.50732421875,28.40812110900879,1.5,0,44,-1.0,0.0,0.0,0,0,0
1780579143.6040337,0,0.3499999940395355,1,0,660,900,423158243,52,77,-22.0,0.0,18.441577911376953,28.561870574951172,1,0,0.6000000238418579,0,0,0,0,0,7,0,1,0,8,99,1,-8.300000190734863,0.0,27.341489791870117,28.40812110900879,1.5,0,44,-1.0,0.0,0.0,0,0,0
1780579143.623954,0,0.3499999940395355,1,0,660,900,423158243,52,77,-22.0,0.0,18.001577377319336,28.561870574951172,1,0,0.6000000238418579,0,0,0,0,0,7,0,1,0,8,99,1,-8.300000190734863,0.0,27.1756534576416,28.40812110900879,1.5,0,44,-1.0,0.0,0.0,0,0,0
1780579143.6439295,0,0.3499999940395355,0,0,660,900,423158243,52,77,-22.0,0.0,17.56157684326172,28.561870574951172,1,0,0.6000000238418579,0,0,0,0,0,7,0,0,0,8,99,1,-8.300000190734863,0.0,27.009660720825195,28.40812110900879,1.5,0,44,-1.0,0.0,0.0,0,0,0
1780579143.664303,0,0.3499999940395355,0,0,660,900,423158243,52,77,-22.0,0.0,17.1215763092041,28.561870574951172,1,0,0.6000000238418579,0,0,0,0,0,7,0,0,0,8,99,1,-8.300000190734863,0.0,26.843828201293945,28.40812110900879,1.5,0,44,-1.0,0.0,0.0,0,0,0
1780579143.6841326,0,0.3499999940395355,0,0,660,900,423158243,56,77,0.0,0.0,16.681575775146484,28.561870574951172,1,0,0.6000000238418579,0,0,0,0,0,7,0,0,0,8,99,1,-8.300000190734863,0.0,26.67744255065918,28.40812110900879,1.5,0,44,-1.0,0.0,0.0,0,0,0
1780579143.7043607,0,0.3499999940395355,0,0,660,900,423158243,56,77,0.0,0.0,16.681575775146484,28.561870574951172,1,0,0.6000000238418579,0,0,0,0,0,7,0,0,0,8,99,1,-8.300000190734863,0.0,26.511608123779297,28.40812110900879,1.5,0,44,-1.0,0.0,0.0,0,0,0
1780579143.723826,0,0.3499999940395355,0,0,660,900,423158243,56,77,0.0,0.0,16.681575775146484,28.561870574951172,1,0,0.6000000238418579,0,0,0,0,0,7,0,0,0,8,99,1,-8.300000190734863,0.0,26.34553337097168,28.40812110900879,1.5,0,44,-1.0,0.0,0.0,0,0,0
1780579143.7441158,0,0.3499999940395355,0,0,660,900,423158243,56,77,0.0,0.0,16.681575775146484,28.561870574951172,1,0,0.6000000238418579,0,0,0,0,0,7,0,0,0,8,99,1,-8.300000190734863,0.0,26.179698944091797,28.408119201660156,1.5,0,44,-1.0,0.0,0.0,0,0,0
1780579143.7641509,0,0.3499999940395355,0,0,660,900,423158243,56,77,0.0,0.0,16.681575775146484,28.561870574951172,1,0,0.6000000238418579,0,0,0,0,0,7,0,0,0,8,99,1,-8.300000190734863,0.0,26.013750076293945,28.40812110900879,1.5,0,44,-1.0,0.0,0.0,0,0,0
1780579143.783686,0,0.3499999940395355,0,0,660,900,423158243,56,77,0.0,0.0,16.681575775146484,28.561870574951172,1,0,0.6000000238418579,0,0,0,0,0,7,0,0,0,8,99,1,-8.300000190734863,0.0,25.847915649414062,28.40812110900879,1.5,0,44,-1.0,0.0,0.0,0,0,0
1780579143.8039403,0,0.3499999940395355,0,0,660,900,423158243,56,77,0.0,0.0,16.681575775146484,28.561870574951172,1,0,0.6000000238418579,0,0,0,0,0,7,0,0,0,8,99,1,-8.300000190734863,0.0,25.68208122253418,28.40812110900879,1.5,0,44,-1.0,0.0,0.0,0,0,0
1780579143.8241813,0,0.3499999940395355,0,0,660,900,423158243,56,77,0.0,0.0,16.681575775146484,28.561870574951172,1,0,0.6000000238418579,0,0,0,0,0,7,0,0,0,8,99,1,-8.300000190734863,0.0,25.515562057495117,28.408123016357422,1.5,0,44,-1.0,0.0,0.0,0,0,0
1780579143.843696,0,0.3499999940395355,0,0,660,900,423158243,56,77,0.0,0.0,16.681575775146484,28.561870574951172,1,0,0.6000000238418579,0,0,0,0,0,7,0,0,0,8,99,1,-8.300000190734863,0.0,25.34947967529297,28.408119201660156,1.5,0,44,-1.0,0.0,0.0,0,0,0
1780579143.8637393,0,0.3499999940395355,0,0,660,900,423158243,56,77,0.0,0.0,16.681575775146484,28.561870574951172,1,0,0.6000000238418579,0,0,0,0,0,7,0,0,0,8,99,1,-8.300000190734863,0.0,25.183645248413086,28.40812110900879,1.5,0,44,-1.0,0.0,0.0,0,0,0
1780579143.884215,0,0.3499999940395355,0,0,660,900,423158243,56,77,0.0,0.0,16.681575775146484,28.561870574951172,1,0,0.6000000238418579,0,0,0,0,0,7,0,0,0,8,99,1,-8.300000190734863,0.0,25.017810821533203,28.40812110900879,1.5,0,44,-1.0,0.0,0.0,0,0,0
1780579143.9045277,0,0.3499999940395355,0,0,660,900,423158243,56,77,0.0,0.0,16.681575775146484,28.561870574951172,1,0,0.6000000238418579,0,0,0,0,0,7,0,0,0,8,99,1,-8.300000190734863,0.0,24.8496036529541,28.40812110900879,1.5,0,44,-1.0,0.0,0.0,0,0,0
1780579143.9245806,0,0.3499999940395355,0,0,660,900,423158243,2,77,0.0,0.0,16.681575775146484,28.561870574951172,1,0,0.6000000238418579,0,0,0,0,0,7,0,0,0,8,99,1,-8.300000190734863,0.0,24.68376922607422,28.40812110900879,1.5,0,44,-1.0,0.0,0.0,0,0,0
1780579143.9450257,0,0.3499999940395355,0,0,660,900,423158243,2,77,0.0,0.0,16.703060150146484,28.561872482299805,1,0,0.6000000238418579,0,0,0,0,0,7,0,0,0,8,99,1,-8.300000190734863,0.0,24.517934799194336,28.40812110900879,1.5,0,44,-1.0,0.0,0.0,0,0,0
1780579143.9641032,0,0.3499999940395355,0,0,660,900,423158243,2,77,0.0,0.0,16.705808639526367,28.561872482299805,1,0,0.6000000238418579,0,0,0,0,0,7,0,0,0,8,99,1,-8.300000190734863,0.0,24.351993560791016,28.40812110900879,1.5,0,44,-1.0,0.0,0.0,0,0,0
1780579143.9837697,0,0.3499999940395355,0,0,660,900,423158243,2,77,0.0,0.0,16.707565307617188,28.561872482299805,1,0,0.6000000238418579,0,0,0,0,0,7,0,0,0,8,99,1,-8.300000190734863,0.0,24.1861572265625,28.40812110900879,1.5,0,44,-1.0,0.0,0.0,0,0,0
1780579144.003592,0,0.3499999940395355,0,0,660,900,423158243,2,77,0.0,0.0,16.70869255065918,28.561872482299805,1,0,0.6000000238418579,0,0,0,0,0,7,0,0,0,8,99,1,-8.300000190734863,0.0,24.02032470703125,28.408119201660156,1.5,0,44,-1.0,0.0,0.0,0,0,0
1780579144.024283,0,0.3499999940395355,0,0,660,900,423158243,2,77,0.0,0.0,16.70941162109375,28.561872482299805,1,0,0.6000000238418579,0,0,0,0,0,7,0,0,0,8,99,1,-8.300000190734863,0.0,23.854488372802734,28.40812110900879,1.5,0,44,-1.0,0.0,0.0,0,0,0
1780579144.0441246,0,0.3499999940395355,0,0,660,900,423158243,2,77,0.0,0.0,16.70987319946289,28.561872482299805,1,0,0.6000000238418579,0,0,0,0,0,7,0,0,0,8,99,1,-8.300000190734863,0.0,23.68865394592285,28.40812110900879,1.5,0,44,-1.0,0.0,0.0,0,0,0
1780579144.0639024,0,0.3499999940395355,0,0,660,900,423158243,2,77,0.0,0.0,16.710168838500977,28.561872482299805,1,0,0.6000000238418579,0,0,0,0,0,7,0,0,0,8,99,1,-8.300000190734863,0.0,23.52281951904297,28.40812110900879,1.5,0,44,-1.0,0.0,0.0,0,0,0
1780579144.083963,0,0.3499999940395355,0,0,660,900,423158243,2,77,0.0,0.0,16.710357666015625,28.561872482299805,1,0,0.6000000238418579,0,0,0,0,0,7,0,0,0,8,99,1,-8.300000190734863,0.0,23.356985092163086,28.40812110900879,1.5,0,44,-1.0,0.0,0.0,0,0,0
1780579144.1039388,0,0.3499999940395355,0,0,660,900,423158243,2,77,0.0,0.0,16.710477828979492,28.561872482299805,1,0,0.6000000238418579,0,0,0,0,0,7,0,0,0,8,99,1,-8.300000190734863,0.0,23.191152572631836,28.40812110900879,1.5,0,44,-1.0,0.0,0.0,0,0,0
1780579144.1236448,0,0.3499999940395355,0,0,660,900,423158243,2,77,0.0,0.0,16.710554122924805,28.561872482299805,1,0,0.6000000238418579,0,0,0,0,0,7,0,0,0,8,99,1,-8.300000190734863,0.0,23.02531623840332,28.40812110900879,1.5,0,44,-1.0,0.0,0.0,0,0,0
1780579144.1437542,0,0.3499999940395355,0,0,660,900,423158243,2,77,0.0,0.0,16.710603713989258,28.561872482299805,1,0,0.6000000238418579,0,0,0,0,0,7,0,0,0,8,99,1,-8.300000190734863,0.0,22.859481811523438,28.40812110900879,1.5,0,44,-1.0,0.0,0.0,0,0,0
1780579144.164351,0,0.3499999940395355,0,0,660,900,423158243,2,77,0.0,0.0,16.710636138916016,28.561872482299805,1,0,0.6000000238418579,0,0,0,0,0,7,0,0,0,8,99,1,-8.300000190734863,0.0,22.693649291992188,28.40812110900879,1.5,0,44,-1.0,0.0,0.0,0,0,0
1780579144.184247,0,0.3499999940395355,0,0,660,900,423158243,2,77,0.0,0.0,16.710657119750977,28.561872482299805,1,0,0.6000000238418579,0,0,0,0,0,7,0,0,0,8,99,1,-8.300000190734863,0.0,22.52754783630371,28.40812110900879,1.5,0,44,-1.0,0.0,0.0,0,0,0
1780579144.2040534,0,0.3499999940395355,0,0,660,900,423158243,2,77,0.0,0.0,16.710668563842773,28.561872482299805,1,0,0.6000000238418579,0,0,0,0,0,7,0,0,0,8,99,1,-8.300000190734863,0.0,22.36153793334961,28.40812110900879,1.5,0,44,-1.0,0.0,0.0,0,0,0
1780579144.2243183,0,0.3499999940395355,0,0,660,900,423158243,2,77,0.0,0.0,16.710678100585938,28.561872482299805,1,0,0.6000000238418579,0,0,0,0,0,7,0,0,0,8,99,1,-8.300000190734863,0.0,22.19570541381836,28.40812110900879,1.5,0,44,-1.0,0.0,0.0,0,0,0
1780579144.2443738,0,0.3499999940395355,0,0,660,900,423158243,2,77,0.0,0.0,16.710683822631836,28.561872482299805,1,0,0.6000000238418579,0,0,0,0,0,7,0,0,0,8,99,1,-8.300000190734863,0.0,22.029544830322266,28.408119201660156,1.5,0,44,-1.0,0.0,0.0,0,0,0
1780579144.2636197,0,0.3499999940395355,0,0,660,900,423158243,2,77,0.0,0.0,16.71068572998047,28.561872482299805,1,0,0.6000000238418579,0,0,0,0,0,7,0,0,0,8,99,1,-8.300000190734863,0.0,21.863056182861328,28.40812110900879,1.5,0,44,-1.0,0.0,0.0,0,0,0
1780579144.284401,0,0.3499999940395355,0,0,660,900,423158243,2,77,0.0,0.0,16.7106876373291,28.561872482299805,1,0,0.6000000238418579,0,0,0,0,0,7,0,0,0,8,99,1,-8.300000190734863,0.0,21.697221755981445,28.40812110900879,1.5,0,44,-1.0,0.0,0.0,0,0,0
1780579144.3040748,0,0.3499999940395355,0,0,660,900,423158243,2,77,0.0,0.0,16.710689544677734,28.561872482299805,1,0,0.6000000238418579,0,0,0,0,0,7,0,0,0,8,99,1,-8.300000190734863,0.0,21.531387329101562,28.40812110900879,1.5,0,44,-1.0,0.0,0.0,0,0,0
1780579144.3241582,0,0.3499999940395355,0,0,660,900,423158243,2,77,0.0,0.0,16.710691452026367,28.561872482299805,1,0,0.6000000238418579,0,0,0,0,0,7,0,0,0,8,99,1,-8.300000190734863,0.0,21.36542510986328,28.40812110900879,1.5,0,44,-1.0,0.0,0.0,0,0,0
1780579144.3441048,0,0.3499999940395355,0,0,660,900,423158243,2,77,0.0,0.0,16.710691452026367,28.561872482299805,1,0,0.6000000238418579,0,0,0,0,0,7,0,0,0,8,99,1,-8.300000190734863,0.0,21.1995906829834,28.40812110900879,1.5,0,44,-1.0,0.0,0.0,0,0,1
1780579144.364333,0,0.3499999940395355,1,0,660,900,423158243,2,77,0.0,0.0,16.710691452026367,28.561872482299805,0,0,0.6000000238418579,0,0,0,0,0,7,0,1,0,8,99,1,-8.300000190734863,0.0,21.033754348754883,28.408119201660156,1.5,0,44,-1.0,0.0,0.0,0,0,1
1780579144.3844893,0,0.3499999940395355,1,0,660,900,423158243,2,77,0.0,0.0,16.710691452026367,28.561872482299805,0,0,0.6000000238418579,0,0,0,0,0,7,0,1,0,8,99,1,-8.300000190734863,0.0,20.867919921875,28.40812110900879,1.5,0,44,0.0,0.0,0.0,0,0,1
1780579144.4043672,0,0.3499999940395355,1,0,660,900,423158243,2,77,0.0,0.0,16.710691452026367,28.561872482299805,0,0,0.6000000238418579,0,0,0,0,0,7,0,1,0,8,99,1,0.0,0.0,20.851585388183594,28.40812110900879,1.5,0,44,1.0,1.0,0.0,0,0,1
1780579144.4241338,0,0.3499999940395355,1,0,660,900,423158243,2,77,0.0,0.0,16.710691452026367,28.561872482299805,0,0,0.6000000238418579,0,0,0,0,0,7,0,1,0,8,99,1,0.0,0.0,20.851585388183594,28.40812110900879,1.5,0,44,1.0,1.0,0.0,0,0,0
1780579144.4442983,0,0.3499999940395355,1,0,660,900,423158243,2,77,0.0,0.0,16.710691452026367,28.561872482299805,0,0,0.6000000238418579,0,0,0,0,0,7,0,1,0,8,99,1,8.300000190734863,0.0,21.00143814086914,28.40812110900879,1.5,0,44,1.0,1.0,0.0,0,0,0
1780579144.4644685,0,0.3499999940395355,1,0,660,900,423158243,2,77,0.0,0.0,16.710691452026367,28.561872482299805,1,0,0.6000000238418579,0,0,0,0,0,7,0,1,0,8,99,1,8.300000190734863,0.0,21.1677188873291,28.40812110900879,1.5,0,44,1.0,1.0,0.0,0,0,0
1780579144.4839237,0,0.3499999940395355,0,0,660,900,423158243,3,77,25.0,0.0,16.710691452026367,28.561872482299805,1,0,0.6000000238418579,0,0,1,0,0,7,0,0,1,8,99,1,8.300000190734863,0.0,21.33383560180664,28.40812110900879,1.5,0,44,1.0,1.0,0.0,1,0,0
1780579144.5037844,0,0.3499999940395355,0,0,660,900,423158243,3,77,25.0,0.0,17.210691452026367,28.561872482299805,1,0,0.6000000238418579,0,0,1,0,0,7,0,0,1,8,99,0,8.300000190734863,15.70199966430664,21.499670028686523,28.692049026489258,1.5,0,44,1.0,1.0,0.0,1,0,0
1780579144.5243323,0,0.3499999940395355,0,0,660,900,423158243,3,77,25.0,0.0,17.710691452026367,28.561872482299805,1,0,0.6000000238418579,0,0,1,0,0,7,0,0,1,8,99,0,8.300000190734863,15.70199966430664,21.665504455566406,29.005773544311523,1.5,0,44,1.0,1.0,0.0,1,0,0
1780579144.54439,0,0.3499999940395355,0,0,660,900,423158243,3,77,25.0,0.0,18.210691452026367,28.561872482299805,1,0,0.6000000238418579,0,0,1,0,0,7,0,0,1,8,99,0,8.300000190734863,15.70199966430664,21.83133888244629,29.319499969482422,1.5,0,44,1.0,1.0,0.0,1,0,0
1780579144.563885,0,0.3499999940395355,0,0,660,900,423158243,3,77,25.0,0.0,18.710691452026367,28.561872482299805,1,0,0.6000000238418579,0,0,1,0,0,7,0,0,1,8,99,0,8.300000190734863,15.70199966430664,21.997840881347656,29.634485244750977,1.5,0,44,1.0,1.0,0.0,1,0,0
1780579144.5846412,0,0.3499999940395355,0,0,660,900,423158243,3,77,25.0,0.0,19.210691452026367,28.561872482299805,1,0,0.6000000238418579,0,0,1,0,0,7,0,0,1,8,99,0,8.300000190734863,15.70199966430664,22.163673400878906,29.948211669921875,1.5,0,44,1.0,1.0,0.0,1,0,0
1780579144.604175,0,0.3499999940395355,0,0,660,900,423158243,3,77,25.0,0.0,19.710691452026367,28.561872482299805,1,0,0.6000000238418579,0,0,1,0,0,7,0,0,1,8,99,0,8.300000190734863,15.70199966430664,22.33025550842285,30.263347625732422,1.5,0,44,1.0,1.0,0.0,1,0,0
1780579144.6243427,0,0.3499999940395355,0,0,660,900,423158243,3,77,25.0,0.0,20.210691452026367,28.561872482299805,1,0,0.6000000238418579,0,0,1,0,0,7,0,0,1,8,99,0,8.300000190734863,15.70199966430664,22.4960880279541,30.577072143554688,1.5,0,44,1.0,1.0,0.0,1,0,0
1780579144.6449208,0,0.3499999940395355,0,0,660,900,423158243,3,77,25.0,0.0,20.710691452026367,28.561872482299805,1,0,0.6000000238418579,0,0,1,0,0,7,0,0,1,8,99,0,8.300000190734863,15.70199966430664,22.661924362182617,30.890798568725586,1.5,0,44,0.0,1.0,0.0,1,0,0
1780579144.6647372,0,0.3499999940395355,0,0,660,900,423158243,3,77,25.0,0.0,21.210691452026367,28.561872482299805,1,0,0.6000000238418579,0,0,1,0,0,7,0,0,1,8,99,0,8.300000190734863,15.70199966430664,22.8277587890625,31.20452308654785,1.5,0,44,-1.0,1.0,0.0,1,0,0
1780579144.6846564,0,0.3499999940395355,0,0,660,900,423158243,3,77,25.0,0.0,21.710691452026367,28.561872482299805,1,0,0.6000000238418579,0,0,1,0,0,7,0,0,1,8,99,0,8.300000190734863,15.70199966430664,22.993953704833984,31.51892852783203,1.5,0,44,-1.0,1.0,0.0,1,0,0
1780579144.7041152,0,0.3499999940395355,0,0,660,900,423158243,3,77,25.0,0.0,22.210691452026367,28.561872482299805,1,0,0.6000000238418579,0,0,1,0,0,7,0,0,0,8,99,0,0.0,14.753999710083008,23.00959014892578,31.815500259399414,1.5,0,44,-1.0,1.0,0.0,1,0,0
1780579144.7240536,0,0.3499999940395355,0,0,660,900,423158243,3,77,25.0,0.0,22.710691452026367,28.561872482299805,1,0,0.6000000238418579,0,0,0,0,0,7,0,0,0,8,99,0,-8.300000190734863,13.805999755859375,22.859560012817383,32.09314727783203,1.5,0,44,-1.0,1.0,0.0,1,0,0
1780579144.7444198,0,0.3499999940395355,0,0,660,900,423158243,3,77,25.0,0.0,23.210691452026367,28.561872482299805,1,0,0.6000000238418579,0,0,0,0,0,7,0,0,0,8,99,0,-8.300000190734863,12.857999801635742,22.693586349487305,32.352088928222656,1.5,0,44,-1.0,1.0,0.0,1,0,0
1780579144.7640655,0,0.3499999940395355,0,0,660,900,423158243,3,77,25.0,0.0,23.710691452026367,28.561872482299805,1,0,0.6000000238418579,0,0,0,0,0,7,0,0,0,8,99,0,-8.300000190734863,11.90999984741211,22.527549743652344,32.5921745300293,1.5,0,44,0.0,0.0,0.0,1,0,0
1780579144.7839222,0,0.3499999940395355,0,0,660,900,423158243,3,77,25.0,0.0,24.210691452026367,28.561872482299805,1,0,0.6000000238418579,0,0,0,0,0,7,0,0,0,8,99,0,-8.300000190734863,10.961999893188477,22.36171531677246,32.81301498413086,1.5,0,44,0.0,0.0,0.0,0,0,0
1780579144.8041332,0,0.3499999940395355,0,0,660,900,423158243,3,77,25.0,0.0,24.710691452026367,28.561872482299805,1,0,0.6000000238418579,0,0,0,0,0,7,0,0,0,8,99,0,0.0,10.013999938964844,22.34558868408203,33.015052795410156,1.5,0,44,0.0,0.0,0.0,0,0,0
1780579144.8242893,0,0.3499999940395355,0,0,660,900,423158243,3,77,25.0,0.0,25.210691452026367,28.561872482299805,1,0,0.6000000238418579,0,0,0,1,0,7,0,0,0,8,99,0,0.0,-0.9479996562004089,22.34558868408203,33.01747512817383,1.5,0,44,0.0,0.0,0.0,0,0,0
1780579144.8442574,0,0.3499999940395355,0,0,660,900,423158243,4,77,19.25,0.0,25.710691452026367,28.561872482299805,1,0,0.6000000238418579,0,0,0,1,0,7,0,0,0,8,99,0,0.0,-1.8959993124008179,22.34558868408203,32.98141098022461,1.5,0,44,0.0,0.0,0.0,0,0,0
1780579144.8640962,0,0.3499999940395355,0,0,660,900,423158243,4,77,14.82249927520752,0.0,26.00714111328125,28.561872482299805,1,0,0.6000000238418579,0,0,0,1,0,7,0,0,0,8,99,0,0.0,-2.843998908996582,22.34558868408203,32.92635726928711,1.5,0,44,0.0,0.0,0.0,0,0,0
1780579144.8843508,0,0.3499999940395355,0,0,660,900,423158243,4,77,11.413324356079102,0.0,26.23540687561035,28.561872482299805,1,0,0.6000000238418579,0,0,0,1,0,7,0,0,0,8,99,0,0.0,-3.7919986248016357,22.34558868408203,32.85215377807617,1.5,0,44,0.0,0.0,0.0,0,0,0
1780579144.9044752,0,0.3499999940395355,0,0,660,900,423158243,4,77,8.788259506225586,0.0,26.41117286682129,28.561872482299805,1,0,0.6000000238418579,0,0,0,1,0,7,0,0,0,8,99,0,0.0,-4.7399983406066895,22.34558868408203,32.75923538208008,1.5,0,44,0.0,0.0,0.0,0,0,0
1780579144.9245303,0,0.3499999940395355,0,0,660,900,423158243,4,77,6.7669596672058105,0.0,26.546512603759766,28.561872482299805,1,0,0.6000000238418579,0,0,0,1,0,7,0,0,0,8,99,0,0.0,-5.687997817993164,22.34558868408203,32.64739990234375,1.5,0,44,1.0,0.0,0.0,0,0,0
1780579144.944411,0,0.3499999940395355,0,0,660,900,423158243,4,77,5.210558891296387,0.0,26.650724411010742,28.561872482299805,1,0,0.6000000238418579,0,0,0,1,0,7,0,0,0,8,99,0,0.0,-6.635997295379639,22.34558868408203,32.516639709472656,1.5,0,44,1.0,0.0,0.0,0,0,0
1780579144.964506,0,0.3499999940395355,0,0,660,900,423158243,4,77,4.012130260467529,0.0,26.730966567993164,28.561872482299805,1,0,0.6000000238418579,0,0,1,1,0,7,0,0,0,8,99,0,8.300000190734863,-7.583996772766113,22.495628356933594,32.36661911010742,1.5,0,44,1.0,-1.0,0.0,0,0,0
1780579144.9840293,0,0.3499999940395355,0,0,660,900,423158243,4,77,3.0893402099609375,0.0,26.792753219604492,28.561872482299805,1,0,0.6000000238418579,0,0,1,1,0,7,0,0,0,8,99,0,8.300000190734863,-8.531996726989746,22.66146469116211,32.197975158691406,1.5,0,44,1.0,-1.0,0.0,0,0,0
1780579145.0043743,0,0.3499999940395355,0,0,660,900,423158243,4,77,2.3787918090820312,0.0,26.840328216552734,28.561872482299805,1,0,0.6000000238418579,0,0,1,1,0,7,0,0,0,8,99,0,8.300000190734863,-9.479996681213379,22.827533721923828,32.010135650634766,1.5,0,44,1.0,-1.0,0.0,0,0,0
1780579145.0242252,0,0.3499999940395355,0,0,660,900,423158243,4,77,1.8316696882247925,0.0,26.87696075439453,28.561872482299805,1,0,0.6000000238418579,0,0,1,1,0,7,0,0,0,8,99,0,8.300000190734863,-10.427996635437012,22.99336814880371,31.803619384765625,1.5,0,44,1.0,-1.0,0.0,0,0,0
1780579145.0440295,0,0.3499999940395355,0,0,660,900,423158243,4,77,1.4103856086730957,0.0,26.905168533325195,28.561872482299805,1,0,0.6000000238418579,0,0,1,1,0,7,0,0,0,8,99,0,8.300000190734863,-11.375996589660645,23.159698486328125,31.577499389648438,1.5,0,44,1.0,-1.0,0.0,0,0,0
1780579145.0642507,0,0.3499999940395355,0,0,660,900,423158243,5,77,0.8144976496696472,0.0,26.92688751220703,28.561872482299805,1,0,0.6000000238418579,0,0,1,1,0,7,0,0,0,8,99,0,8.300000190734863,-12.323996543884277,23.325532913208008,31.333080291748047,1.5,0,44,1.0,0.0,0.0,0,0,0
1780579145.0845459,0,0.3499999940395355,0,0,660,900,423158243,5,77,0.6108732223510742,0.0,26.939104080200195,28.561872482299805,1,0,0.6000000238418579,0,0,1,1,0,7,0,0,0,8,99,0,8.300000190734863,-13.27199649810791,23.49136734008789,31.06974220275879,1.5,0,44,1.0,0.0,0.0,0,0,0
1780579145.1041358,0,0.3499999940395355,0,0,660,900,423158243,5,77,0.45815491676330566,0.0,26.948266983032227,28.561872482299805,1,0,0.6000000238418579,0,0,1,1,0,7,0,0,0,8,99,0,8.300000190734863,-14.219996452331543,23.65755271911621,30.78687858581543,1.5,0,44,1.0,0.0,0.0,0,0,0
1780579145.124067,0,0.3499999940395355,0,0,660,900,423158243,5,77,0.34361618757247925,0.0,26.95513916015625,28.561872482299805,1,0,0.6000000238418579,0,0,1,1,0,7,0,0,0,8,99,0,8.300000190734863,-15.167996406555176,23.823387145996094,30.485652923583984,1.5,0,44,1.0,0.0,0.0,0,0,0
1780579145.1443524,0,0.3499999940395355,0,0,660,900,423158243,5,77,0.25771212577819824,0.0,26.96029281616211,28.561872482299805,1,0,0.6000000238418579,0,0,1,1,0,7,0,0,0,8,99,0,8.300000190734863,-16.115995407104492,23.989486694335938,30.164993286132812,1.5,0,44,1.0,0.0,0.0,0,0,0
1780579145.164524,0,0.3499999940395355,0,0,660,900,423158243,5,77,0.19328409433364868,0.0,26.96415901184082,28.561872482299805,1,0,0.6000000238418579,0,0,1,1,0,7,0,0,0,8,99,0,8.300000190734863,-17.063995361328125,24.155471801757812,29.825584411621094,1.5,0,44,1.0,0.0,0.0,0,0,1
1780579145.183675,0,0.3499999940395355,1,0,660,900,423158243,69,77,0.0,0.0,26.967058181762695,28.561872482299805,0,0,0.6000000238418579,0,0,1,1,0,7,0,1,0,8,99,0,8.300000190734863,-18.011995315551758,24.321727752685547,29.46662712097168,1.5,0,44,1.0,0.0,0.0,0,0,1
1780579145.2040384,0,0.3499999940395355,1,0,660,900,423158243,69,77,0.0,0.0,26.967058181762695,28.561872482299805,0,0,0.6000000238418579,0,0,1,1,0,7,0,1,0,8,99,0,8.300000190734863,-18.95999526977539,24.48756217956543,29.089618682861328,1.5,0,44,1.0,0.0,0.0,0,0,1
1780579145.2246099,0,0.3499999940395355,1,0,639,900,423158243,69,77,0.0,0.0,26.967058181762695,28.561872482299805,0,0,0.6000000238418579,0,0,1,1,0,7,0,1,0,8,99,0,-3.75,-19.907995223999023,24.653396606445312,28.693689346313477,1.5,0,55,1.0,0.0,0.0,0,0,1
1780579145.2438247,0,0.3499999940395355,1,0,639,900,423158243,69,77,0.0,0.0,27.267057418823242,28.561872482299805,0,0,0.6000000238418579,0,0,1,0,0,7,0,1,0,8,99,1,-3.75,0.0,24.601802825927734,28.431804656982422,1.5,0,55,1.0,0.0,0.0,0,0,1
1780579145.2645352,0,0.3499999940395355,1,0,639,900,423158243,69,77,0.0,0.0,27.56705665588379,28.561872482299805,0,0,0.6000000238418579,0,0,1,0,0,7,0,1,0,8,99,1,-3.75,0.0,24.52680206298828,28.408098220825195,1.5,0,55,1.0,0.0,0.0,0,0,1
1780579145.2845783,0,0.3499999940395355,1,0,639,900,423158243,69,77,0.0,0.0,27.867055892944336,28.561872482299805,1,0,0.6000000238418579,0,0,1,0,0,7,0,1,0,8,99,1,-3.75,0.0,24.451322555541992,28.408109664916992,1.5,0,55,1.0,0.0,0.0,0,0,1
1780579145.3042223,0,0.3499999940395355,1,0,639,900,423158243,69,77,0.0,0.0,28.167055130004883,28.561872482299805,1,0,0.6000000238418579,0,0,1,0,0,7,0,1,0,8,99,1,-3.75,0.0,24.37639617919922,28.40811538696289,1.5,0,55,1.0,0.0,0.0,0,0,1
1780579145.3238406,0,0.3499999940395355,1,0,639,900,423158243,69,77,0.0,0.0,28.46705436706543,28.561872482299805,1,0,0.6000000238418579,0,0,1,0,0,7,0,1,0,8,99,1,-3.75,0.0,24.301469802856445,28.408119201660156,1.5,0,55,1.0,0.0,0.0,0,0,0
1780579145.3445766,0,0.3499999940395355,1,0,639,900,423158243,69,77,0.0,0.0,28.767053604125977,28.561872482299805,1,0,0.6000000238418579,0,0,1,0,0,7,0,1,0,8,99,1,-3.75,0.0,24.226545333862305,28.40812110900879,1.5,0,55,1.0,0.0,0.0,0,0,0
1780579145.364174,0,0.3499999940395355,1,0,639,900,423158243,69,77,0.0,0.0,29.067052841186523,28.561872482299805,1,0,0.6000000238418579,0,0,1,0,0,7,0,1,0,8,99,1,-3.75,0.0,24.15161895751953,28.40812110900879,1.5,0,55,1.0,0.0,0.0,0,0,0
1780579145.3844051,0,0.3499999940395355,1,0,639,900,423158243,69,77,0.0,0.0,29.36705207824707,28.561872482299805,1,0,0.6000000238418579,0,0,1,0,0,7,0,1,0,8,99,1,-3.75,0.0,24.076692581176758,28.40812110900879,1.5,0,55,1.0,0.0,0.0,0,0,0
1780579145.4041421,0,0.3499999940395355,1,0,639,900,423158243,69,77,0.0,0.0,29.36705207824707,28.561872482299805,1,0,0.6000000238418579,0,0,1,0,0,7,0,1,0,8,99,1,-3.75,0.0,24.001768112182617,28.40812110900879,1.5,0,55,1.0,0.0,0.0,0,0,0
1780579145.42425,0,0.3499999940395355,1,0,639,900,423158243,69,77,0.0,0.0,29.36705207824707,28.561872482299805,1,0,0.6000000238418579,0,0,1,0,0,7,0,1,0,8,99,1,8.300000190734863,0.0,24.144529342651367,28.40812110900879,1.5,0,55,1.0,0.0,0.0,0,0,0
1780579145.4441495,0,0.3499999940395355,1,0,639,900,423158243,45,77,8.0,0.0,29.36705207824707,28.561872482299805,1,0,0.6000000238418579,0,0,1,0,0,7,0,1,0,8,99,1,8.300000190734863,0.0,24.310876846313477,28.40812110900879,1.5,0,55,1.0,0.0,0.0,0,0,0
1780579145.4641104,0,0.3499999940395355,1,0,639,900,423158243,45,77,8.0,0.0,29.52705192565918,28.561872482299805,1,0,0.6000000238418579,0,0,1,0,0,7,0,1,0,8,99,1,8.300000190734863,0.0,24.47688865661621,28.40812110900879,1.5,0,55,1.0,0.0,0.0,0,0,0
1780579145.4844146,0,0.3499999940395355,1,0,639,900,423158243,45,77,8.0,0.0,29.68705177307129,28.561872482299805,1,0,0.6000000238418579,0,0,1,0,0,7,0,1,0,8,99,1,8.300000190734863,0.0,24.642723083496094,28.40812110900879,1.5,0,55,1.0,0.0,0.0,0,0,0
1780579145.5040214,0,0.3499999940395355,1,0,639,900,423158243,45,77,8.0,0.0,29.8470516204834,28.561872482299805,1,0,0.6000000238418579,0,0,1,0,0,7,0,1,0,8,99,1,8.300000190734863,0.0,24.809093475341797,28.40812110900879,1.5,0,55,1.0,0.0,0.0,0,0,0
1780579145.5244858,0,0.3499999940395355,1,0,639,900,423158243,45,77,8.0,0.0,30.007051467895508,28.561872482299805,1,0,0.6000000238418579,0,0,1,0,0,7,0,1,0,8,99,1,8.300000190734863,0.0,24.974925994873047,28.40812110900879,1.5,0,55,1.0,0.0,0.0,0,0,0
1780579145.5444443,0,0.3499999940395355,0,0,639,900,423158243,45,77,8.0,0.0,30.167051315307617,28.561872482299805,1,0,0.6000000238418579,0,0,1,0,0,7,0,0,0,8,99,1,8.300000190734863,0.0,25.140762329101562,28.40812110900879,1.5,0,55,1.0,0.0,0.0,0,0,0
1780579145.5641701,0,0.3499999940395355,0,0,639,900,423158243,45,77,8.0,0.0,30.327051162719727,28.561872482299805,1,0,0.6000000238418579,0,0,1,0,0,7,0,0,0,8,99,1,8.300000190734863,0.0,25.306882858276367,28.40812110900879,1.5,0,55,1.0,0.0,0.0,0,0,0
1780579145.5845878,0,0.3499999940395355,0,0,639,900,423158243,45,77,8.0,0.0,30.487051010131836,28.561872482299805,1,0,0.6000000238418579,0,0,1,0,0,7,0,0,0,8,99,1,8.300000190734863,0.0,25.47271728515625,28.40812110900879,1.5,0,55,1.0,0.0,0.0,0,0,0
1780579145.604157,0,0.3499999940395355,0,0,639,900,423158243,45,77,8.0,0.0,30.647050857543945,28.561872482299805,1,0,0.6000000238418579,0,0,1,0,0,7,0,0,0,8,99,1,8.300000190734863,0.0,25.638553619384766,28.40812110900879,1.5,0,55,1.0,0.0,0.0,0,0,0
1780579145.624178,0,0.3499999940395355,0,0,639,900,423158243,45,77,8.0,0.0,30.807050704956055,28.561872482299805,1,0,0.6000000238418579,0,0,1,0,0,7,0,0,0,8,99,1,8.300000190734863,0.0,25.804386138916016,28.40812110900879,1.5,0,55,1.0,0.0,0.0,0,0,0
1780579145.6442285,0,0.3499999940395355,0,0,639,900,423158243,45,77,8.0,0.0,30.967050552368164,28.561872482299805,1,0,0.6000000238418579,0,0,1,0,0,7,0,0,0,8,99,1,8.300000190734863,0.0,25.97022247314453,28.40812110900879,1.5,0,55,1.0,0.0,0.0,0,0,0
1780579145.6643698,0,0.3499999940395355,0,0,639,900,423158243,45,77,8.0,0.0,31.127050399780273,28.561872482299805,1,0,0.6000000238418579,0,0,1,0,0,7,0,0,0,8,99,1,8.300000190734863,0.0,26.136056900024414,28.40812110900879,1.5,0,55,1.0,0.0,0.0,0,0,0
1780579145.6841087,0,0.3499999940395355,0,0,639,900,423158243,45,77,8.0,0.0,31.287050247192383,28.561872482299805,1,0,0.6000000238418579,0,0,1,0,0,7,0,0,0,8,99,1,8.300000190734863,0.0,26.301889419555664,28.408123016357422,1.5,0,55,1.0,0.0,0.0,0,0,0
1780579145.7044015,0,0.3499999940395355,0,0,639,900,423158243,45,77,8.0,0.0,31.447050094604492,28.561872482299805,1,0,0.6000000238418579,0,0,1,0,0,7,0,0,0,8,99,1,8.300000190734863,0.0,26.467723846435547,28.40812110900879,1.5,0,55,1.0,0.0,0.0,0,0,0
1780579145.72437,0,0.3499999940395355,0,0,639,900,423158243,45,77,8.0,0.0,31.6070499420166,28.561872482299805,1,0,0.6000000238418579,0,0,1,0,0,7,0,0,0,8,99,1,8.300000190734863,0.0,26.63502311706543,28.40812110900879,1.5,0,55,1.0,0.0,0.0,0,0,0
1780579145.7446363,0,0.3499999940395355,0,0,639,900,423158243,45,77,8.0,0.0,31.76704978942871,28.561872482299805,1,0,0.6000000238418579,0,0,1,0,0,7,0,0,0,8,99,1,8.300000190734863,0.0,26.800857543945312,28.40812110900879,1.5,0,55,1.0,0.0,0.0,0,0,0
1780579145.7639565,0,0.3499999940395355,0,0,639,900,423158243,45,77,8.0,0.0,31.92704963684082,28.561872482299805,1,0,0.6000000238418579,0,0,1,0,0,7,0,0,0,8,99,1,8.300000190734863,0.0,26.966693878173828,28.40812110900879,1.5,0,55,1.0,0.0,0.0,0,0,0
1780579145.7840152,0,0.3499999940395355,0,0,639,900,423158243,45,77,8.0,0.0,32.0870475769043,28.561872482299805,1,0,0.6000000238418579,0,0,1,0,0,7,0,0,0,8,99,1,8.300000190734863,0.0,27.13252830505371,28.40812110900879,1.5,0,55,1.0,0.0,0.0,0,0,0
1780579145.8039858,0,0.3499999940395355,0,0,639,900,423158243,45,77,8.0,0.0,32.24705123901367,28.561872482299805,1,0,0.6000000238418579,0,0,1,0,0,7,0,0,0,8,99,1,8.300000190734863,0.0,27.298362731933594,28.40812110900879,1.5,0,55,1.0,0.0,0.0,0,0,0
1780579145.823772,0,0.3499999940395355,0,0,639,900,423158243,45,77,8.0,0.0,32.40705108642578,28.561872482299805,1,0,0.6000000238418579,0,0,1,0,0,7,0,0,0,8,99,1,8.300000190734863,0.0,27.464197158813477,28.40812110900879,1.5,0,55,1.0,0.0,0.0,0,0,0
1780579145.8436413,0,0.3499999940395355,0,0,639,900,423158243,45,77,8.0,0.0,32.56705093383789,28.561872482299805,1,0,0.6000000238418579,0,0,1,0,0,7,0,0,0,8,99,1,8.300000190734863,0.0,27.63003158569336,28.40812110900879,1.5,0,55,1.0,0.0,0.0,0,0,0
1780579145.8641212,0,0.3499999940395355,0,0,639,900,423158243,45,77,8.0,0.0,32.72705078125,28.561872482299805,1,0,0.6000000238418579,0,0,1,0,0,7,0,0,0,8,99,1,8.300000190734863,0.0,27.79633331298828,28.40812110900879,1.5,0,55,1.0,0.0,0.0,0,0,0
1780579145.8842444,0,0.3499999940395355,0,0,639,900,423158243,45,77,8.0,0.0,32.88705062866211,28.561872482299805,1,0,0.6000000238418579,0,0,1,0,0,7,0,0,0,8,99,1,8.300000190734863,0.0,27.96216583251953,28.40812110900879,1.5,0,55,1.0,0.0,0.0,0,0,0
1780579145.9042654,0,0.3499999940395355,0,0,639,900,423158243,45,77,8.0,0.0,33.04705047607422,28.561872482299805,1,0,0.6000000238418579,0,0,1,0,0,7,0,0,0,8,99,1,8.300000190734863,0.0,28.128704071044922,28.40812110900879,1.5,0,55,1.0,0.0,0.0,0,0,0
1780579145.924137,0,0.3499999940395355,0,0,639,900,423158243,45,77,8.0,0.0,33.20705032348633,28.561872482299805,1,0,0.6000000238418579,0,0,1,0,0,7,0,0,0,8,99,1,8.300000190734863,0.0,28.294540405273438,28.40812110900879,1.5,0,55,1.0,0.0,0.0,0,0,0
1780579145.9441621,0,0.3499999940395355,0,0,639,900,423158243,45,77,8.0,0.0,33.36705017089844,28.561872482299805,1,0,0.6000000238418579,0,0,1,0,0,7,0,0,0,8,99,1,8.300000190734863,0.0,28.460372924804688,28.40812110900879,1.5,0,55,1.0,0.0,0.0,0,0,0
1780579145.9635673,0,0.3499999940395355,0,0,639,900,423158243,45,77,8.0,0.0,33.52705001831055,28.561872482299805,1,0,0.6000000238418579,0,0,1,0,0,7,0,0,0,8,99,1,8.300000190734863,0.0,28.626590728759766,28.408123016357422,1.5,0,55,1.0,0.0,0.0,0,0,0
1780579145.984353,0,0.3499999940395355,0,0,639,900,423158243,45,77,8.0,0.0,33.687049865722656,28.561872482299805,1,0,0.6000000238418579,0,0,1,0,0,7,0,0,0,8,99,1,8.300000190734863,0.0,28.79242515563965,28.40812110900879,1.5,0,55,1.0,0.0,0.0,0,0,0
1780579146.0042734,0,0.3499999940395355,0,0,639,900,423158243,45,77,8.0,0.0,33.847049713134766,28.561872482299805,1,0,0.6000000238418579,0,0,1,0,0,7,0,0,0,8,99,1,8.300000190734863,0.0,28.958755493164062,28.40812110900879,1.5,0,55,1.0,0.0,0.0,0,0,1
1780579146.0237615,0,0.3499999940395355,1,0,639,900,423158243,45,77,8.0,0.0,34.007049560546875,28.561872482299805,0,0,0.6000000238418579,0,0,1,0,0,7,0,1,0,8,99,1,8.300000190734863,0.0,29.124588012695312,28.40812110900879,1.5,0,55,1.0,0.0,0.0,0,0,1
1780579146.043877,0,0.3499999940395355,1,0,639,900,423158243,45,77,8.0,0.0,34.167049407958984,28.561872482299805,0,0,0.6000000238418579,0,0,1,0,0,7,0,1,0,8,99,1,8.300000190734863,0.0,29.290422439575195,28.40812110900879,1.5,0,55,1.0,0.0,0.0,0,0,1
1780579146.0641992,0,0.3499999940395355,1,0,639,900,423158243,45,77,8.0,0.0,34.327049255371094,28.561872482299805,0,0,0.6000000238418579,0,0,1,0,0,7,0,1,0,8,99,1,8.300000190734863,0.0,29.45635986328125,28.40812110900879,1.5,0,55,1.0,0.0,0.0,0,0,1
1780579146.0843372,0,0.3499999940395355,1,0,639,900,423158243,45,77,8.0,0.0,34.4870491027832,28.561872482299805,0,0,0.6000000238418579,0,0,1,0,0,7,0,1,0,8,99,1,8.300000190734863,0.0,29.622333526611328,28.40812110900879,1.5,0,55,1.0,0.0,0.0,0,0,1
1780579146.1038253,0,0.3499999940395355,1,0,639,900,423158243,45,77,8.0,0.0,34.64704895019531,28.561872482299805,0,0,0.6000000238418579,0,0,1,0,0,7,0,1,0,8,99,1,8.300000190734863,0.0,29.788496017456055,28.408123016357422,1.5,0,55,1.0,0.0,0.0,0,0,1
1780579146.1243231,0,0.3499999940395355,1,0,639,900,423158243,45,77,8.0,0.0,34.80704879760742,28.561872482299805,0,0,0.6000000238418579,0,0,1,0,0,7,0,1,0,8,99,1,8.300000190734863,0.0,29.95433235168457,28.40812110900879,1.5,0,55,1.0,0.0,0.0,0,0,1
1780579146.1443594,0,0.3499999940395355,1,0,639,900,423158243,35,77,0.0,0.0,34.96704864501953,28.561872482299805,1,0,0.6000000238418579,0,0,1,0,0,7,0,1,0,8,99,1,8.300000190734863,0.0,30.120166778564453,28.40812110900879,1.5,0,55,1.0,0.0,0.0,0,0,1
1780579146.1641204,0,0.3499999940395355,1,0,639,900,423158243,35,77,0.0,0.0,34.96704864501953,28.561872482299805,1,0,0.6000000238418579,0,0,1,0,0,7,0,1,0,8,99,1,8.300000190734863,0.0,30.286439895629883,28.40812110900879,1.5,0,55,1.0,0.0,0.0,0,0,0
1780579146.1845684,0,0.3499999940395355,1,0,639,900,423158243,35,77,0.0,0.0,34.96704864501953,28.561872482299805,1,0,0.6000000238418579,0,0,1,0,0,7,0,1,0,8,99,1,8.300000190734863,0.0,30.45281982421875,28.40812110900879,1.5,0,55,1.0,0.0,0.0,0,0,0
1780579146.2046027,0,0.3499999940395355,1,0,639,900,423158243,35,77,0.0,0.0,34.96704864501953,28.561872482299805,1,0,0.6000000238418579,0,0,1,0,0,7,0,1,0,8,99,1,8.300000190734863,0.0,30.61865234375,28.40812110900879,1.5,0,55,1.0,0.0,0.0,0,0,0
1780579146.224061,0,0.3499999940395355,1,0,639,900,423158243,35,77,0.0,0.0,34.96704864501953,28.561872482299805,1,0,0.6000000238418579,0,0,1,0,0,7,0,1,0,8,99,1,8.300000190734863,0.0,30.78478240966797,28.40812110900879,1.5,0,55,1.0,0.0,0.0,0,0,0
1780579146.2443469,0,0.3499999940395355,1,0,639,900,423158243,35,77,0.0,0.0,34.96704864501953,28.561872482299805,1,0,0.6000000238418579,0,0,1,0,0,7,0,1,0,8,99,1,8.300000190734863,0.0,30.95074462890625,28.40812110900879,1.5,0,55,1.0,0.0,0.0,0,0,0
1780579146.263963,0,0.3499999940395355,1,0,639,900,423158243,35,77,0.0,0.0,34.96704864501953,28.561872482299805,1,0,0.6000000238418579,0,0,1,0,0,7,0,1,0,8,99,1,8.300000190734863,0.0,31.1165771484375,28.40812110900879,1.5,0,55,1.0,0.0,0.0,0,0,0
1780579146.284693,0,0.3499999940395355,1,0,639,900,423158243,35,77,0.0,0.0,34.96704864501953,28.561872482299805,1,0,0.6000000238418579,0,0,1,0,0,7,0,1,0,8,99,1,8.300000190734863,0.0,31.282411575317383,28.40812110900879,1.5,0,55,1.0,0.0,0.0,0,0,0
1780579146.3042886,0,0.3499999940395355,1,0,639,900,423158243,35,77,0.0,0.0,34.96704864501953,28.561872482299805,1,0,0.6000000238418579,0,0,1,0,0,7,0,1,0,8,99,1,8.300000190734863,0.0,31.44892120361328,28.408119201660156,1.5,0,55,1.0,0.0,0.0,0,0,0
1780579146.3237798,0,0.3499999940395355,1,0,639,900,423158243,35,77,0.0,0.0,34.96704864501953,28.561872482299805,1,0,0.6000000238418579,0,0,1,0,0,7,0,1,0,8,99,1,8.300000190734863,0.0,31.614755630493164,28.40812110900879,1.5,0,55,1.0,0.0,0.0,0,0,0
1780579146.3441985,0,0.3499999940395355,1,0,639,900,423158243,35,77,0.0,0.0,34.96704864501953,28.561872482299805,1,0,0.6000000238418579,0,0,1,0,0,7,0,1,0,8,99,1,8.300000190734863,0.0,31.780590057373047,28.40812110900879,1.5,0,55,1.0,0.0,0.0,0,0,0
1780579146.3642612,0,0.3499999940395355,1,0,639,900,423158243,35,77,0.0,0.0,34.96704864501953,28.561872482299805,1,0,0.6000000238418579,0,0,1,0,0,7,0,1,0,8,99,1,8.300000190734863,0.0,31.94642448425293,28.40812110900879,1.5,0,55,1.0,0.0,0.0,0,0,0
1780579146.3835857,0,0.3499999940395355,0,0,639,900,423158243,35,77,0.0,0.0,34.96704864501953,28.561872482299805,1,0,0.6000000238418579,0,0,1,0,0,7,0,0,0,8,99,1,8.300000190734863,0.0,32.11261749267578,28.40812110900879,1.5,0,55,1.0,0.0,0.0,0,0,0
1780579146.403815,0,0.3499999940395355,0,0,639,900,423158243,35,77,0.0,0.0,34.96704864501953,28.561872482299805,1,0,0.6000000238418579,0,0,1,0,0,7,0,0,0,8,99,1,8.300000190734863,0.0,32.27845001220703,28.40812110900879,1.5,0,55,1.0,0.0,0.0,0,0,1
1780579146.4242306,0,0.3499999940395355,0,0,639,900,423158243,35,77,0.0,0.0,34.96704864501953,28.561872482299805,1,0,0.6000000238418579,0,0,1,0,0,7,0,0,0,8,99,1,8.300000190734863,0.0,32.44428634643555,28.408123016357422,1.5,0,55,1.0,0.0,0.0,0,0,1
1780579146.4445019,0,0.3499999940395355,1,0,639,900,423158243,35,77,0.0,0.0,34.96704864501953,28.561872482299805,0,0,0.6000000238418579,0,0,1,0,0,7,0,1,0,8,99,1,8.300000190734863,0.0,32.61012268066406,28.408119201660156,1.5,0,55,1.0,0.0,0.0,0,0,1
1780579146.4638357,0,0.3499999940395355,1,0,639,900,423158243,35,77,0.0,0.0,34.96704864501953,28.561872482299805,0,0,0.6000000238418579,0,0,1,0,0,7,0,1,0,8,99,1,8.300000190734863,0.0,32.77663803100586,28.40812110900879,1.5,0,55,1.0,0.0,0.0,0,0,1
1780579146.4847653,0,0.3499999940395355,1,0,618,900,423158243,35,77,0.0,0.0,34.96704864501953,28.561872482299805,0,0,0.6000000238418579,0,0,1,0,0,7,0,1,0,8,99,1,-3.75,0.0,32.942474365234375,28.40812110900879,1.5,0,66,1.0,0.0,0.0,0,0,1
1780579146.5042372,0,0.3499999940395355,1,0,618,900,423158243,35,77,0.0,0.0,35.26704406738281,28.561872482299805,0,0,0.6000000238418579,0,0,1,0,0,7,0,1,0,8,99,1,-3.75,0.0,32.89088821411133,28.40812110900879,1.5,0,66,1.0,0.0,0.0,0,0,1
1780579146.5236657,0,0.3499999940395355,1,0,618,900,423158243,35,77,0.0,0.0,35.567039489746094,28.561872482299805,0,0,0.6000000238418579,0,0,1,0,0,7,0,1,0,8,99,1,-3.75,0.0,32.81596374511719,28.40812110900879,1.5,0,66,1.0,0.0,0.0,0,0,1
1780579146.5442023,0,0.3499999940395355,1,0,618,900,423158243,35,77,0.0,0.0,35.867034912109375,28.561872482299805,1,0,0.6000000238418579,0,0,1,0,0,7,0,1,0,8,99,1,-3.75,0.0,32.74103546142578,28.40812110900879,1.5,0,66,1.0,0.0,0.0,0,0,1
1780579146.5644276,0,0.3499999940395355,1,0,618,900,423158243,35,77,0.0,0.0,36.167030334472656,28.561872482299805,1,0,0.6000000238418579,0,0,1,0,0,7,0,1,0,8,99,1,-3.75,0.0,32.66582107543945,28.40812110900879,1.5,0,66,0.0,0.0,0.0,0,0,0
1780579146.5841117,0,0.3499999940395355,1,0,618,900,423158243,35,77,0.0,0.0,36.46702575683594,28.561872482299805,1,0,0.6000000238418579,0,0,1,0,0,7,0,1,0,8,99,1,-3.75,0.0,32.59070587158203,28.40812110900879,1.5,0,66,0.0,0.0,0.0,0,0,0
1780579146.6039376,0,0.3499999940395355,1,0,618,900,423158243,35,77,0.0,0.0,36.50348663330078,28.561872482299805,1,0,0.6000000238418579,0,0,1,0,0,7,0,1,0,8,99,1,-3.75,0.0,32.51578140258789,28.40812110900879,1.5,0,66,0.0,0.0,0.0,0,0,0
1780579146.6241803,0,0.3499999940395355,1,0,618,900,423158243,35,77,0.0,0.0,36.50127410888672,28.561872482299805,1,0,0.6000000238418579,0,0,1,0,0,7,0,1,0,8,99,1,-3.75,0.0,32.440853118896484,28.40812110900879,1.5,0,66,0.0,0.0,0.0,0,0,0
1780579146.644455,0,0.3499999940395355,1,0,618,900,423158243,35,77,0.0,0.0,36.499855041503906,28.561872482299805,1,0,0.6000000238418579,0,0,1,0,0,7,0,1,0,8,99,1,-3.75,0.0,32.365928649902344,28.40812110900879,1.5,0,66,0.0,0.0,0.0,0,0,0
1780579146.6643054,0,0.3499999940395355,1,0,618,900,423158243,35,77,0.0,0.0,36.49895477294922,28.561872482299805,1,0,0.6000000238418579,0,0,1,0,0,7,0,1,0,8,99,1,-3.75,0.0,32.29092025756836,28.408119201660156,1.5,0,66,0.0,0.0,0.0,1,0,0
1780579146.6849232,0,0.3499999940395355,1,0,618,900,423158243,35,77,0.0,0.0,36.498374938964844,28.561872482299805,1,0,0.6000000238418579,0,0,1,0,0,7,0,1,1,8,99,1,0.0,0.0,32.283599853515625,28.40812110900879,1.5,0,66,0.0,0.0,0.0,1,0,0
1780579146.7044625,0,0.3499999940395355,1,0,618,900,423158243,35,77,0.0,0.0,36.49800109863281,28.561872482299805,1,0,0.6000000238418579,0,0,1,0,0,7,0,1,1,8,99,0,0.0,15.70199966430664,32.283599853515625,28.6915340423584,1.5,0,66,0.0,0.0,0.0,1,0,0
1780579146.7238686,0,0.3499999940395355,1,0,618,900,423158243,35,77,0.0,0.0,36.497764587402344,28.561872482299805,1,0,0.6000000238418579,0,0,1,0,0,7,0,1,1,8,99,0,0.0,15.70199966430664,32.283599853515625,29.006614685058594,1.5,0,66,1.0,1.0,0.0,1,0,0
1780579146.744274,0,0.3499999940395355,1,0,618,900,423158243,35,77,0.0,0.0,36.49761199951172,28.561872482299805,1,0,0.6000000238418579,0,0,1,0,0,7,0,1,1,8,99,0,0.0,15.70199966430664,32.283599853515625,29.320341110229492,1.5,0,66,1.0,1.0,0.0,1,0,0
1780579146.7647338,0,0.3499999940395355,1,0,618,900,423158243,35,77,0.0,0.0,36.49751281738281,28.561872482299805,1,0,0.6000000238418579,0,0,1,0,0,7,0,1,1,8,99,0,8.300000190734863,15.70199966430664,32.433631896972656,29.634065628051758,1.5,0,66,1.0,1.0,0.0,1,0,0
1780579146.784443,0,0.3499999940395355,1,0,618,900,423158243,35,77,0.0,0.0,36.49745178222656,28.561872482299805,1,0,0.6000000238418579,0,0,1,0,0,7,0,1,1,8,99,0,8.300000190734863,15.70199966430664,32.599552154541016,29.94795799255371,1.5,0,66,1.0,1.0,0.0,1,0,0
1780579146.8039143,0,0.3499999940395355,0,0,618,900,423158243,35,77,0.0,0.0,36.497413635253906,28.561872482299805,1,0,0.6000000238418579,0,0,1,0,0,7,0,0,1,8,99,0,8.300000190734863,15.70199966430664,32.76557540893555,30.26203727722168,1.5,0,66,1.0,1.0,0.0,1,0,0
1780579146.8240826,0,0.3499999940395355,0,0,618,900,423158243,35,77,0.0,0.0,36.49738311767578,28.561872482299805,1,0,0.6000000238418579,0,0,1,0,0,7,0,0,1,8,99,0,8.300000190734863,15.70199966430664,32.9314079284668,30.575763702392578,1.5,0,66,1.0,1.0,0.0,1,0,0
1780579146.8446534,0,0.3499999940395355,0,0,618,900,423158243,35,77,0.0,0.0,36.49736785888672,28.561872482299805,1,0,0.6000000238418579,0,0,1,0,0,7,0,0,1,8,99,0,8.300000190734863,15.70199966430664,33.09724426269531,30.889488220214844,1.5,0,66,1.0,1.0,0.0,1,0,0
1780579146.864067,0,0.3499999940395355,0,0,618,900,423158243,35,77,0.0,0.0,36.49736022949219,28.561872482299805,1,0,0.6000000238418579,0,0,1,0,0,7,0,0,1,8,99,0,8.300000190734863,15.70199966430664,33.26401138305664,31.204978942871094,1.5,0,66,1.0,1.0,0.0,1,0,0
1780579146.8844755,0,0.3499999940395355,0,0,618,900,423158243,35,77,0.0,0.0,36.497352600097656,28.561872482299805,1,0,0.6000000238418579,0,0,1,0,0,7,0,0,1,8,99,0,8.300000190734863,15.70199966430664,33.42984390258789,31.518701553344727,1.5,0,66,1.0,1.0,0.0,1,0,0
1780579146.904619,0,0.3499999940395355,0,0,618,900,423158243,35,77,0.0,0.0,36.497344970703125,28.561872482299805,1,0,0.6000000238418579,0,0,1,0,0,7,0,0,0,8,99,0,8.300000190734863,14.753999710083008,33.595680236816406,31.81528663635254,1.5,0,66,1.0,1.0,0.0,1,0,0
1780579146.924334,0,0.3499999940395355,0,0,618,900,423158243,37,77,0.0,0.0,36.497344970703125,28.561872482299805,1,0,0.6000000238418579,0,0,1,0,0,7,0,0,0,8,99,0,8.300000190734863,13.805999755859375,33.762428283691406,32.09447479248047,1.5,0,66,1.0,1.0,0.0,1,0,0
1780579146.9440978,0,0.3499999940395355,0,0,618,900,423158243,37,77,0.0,0.0,36.497344970703125,28.561872482299805,1,0,0.6000000238418579,0,0,1,0,0,7,0,0,0,8,99,0,8.300000190734863,12.857999801635742,33.92826461791992,32.35310745239258,1.5,0,66,1.0,1.0,0.0,1,0,0
1780579146.9641232,0,0.3499999940395355,0,0,618,900,423158243,37,77,0.0,0.0,36.497344970703125,28.561872482299805,1,0,0.6000000238418579,0,0,1,0,0,7,0,0,0,8,99,0,8.300000190734863,11.90999984741211,34.09409713745117,32.59282302856445,1.5,0,66,1.0,1.0,0.0,1,0,0
1780579146.9844847,0,0.3499999940395355,0,0,618,900,423158243,37,77,0.0,0.0,36.497344970703125,28.561872482299805,1,0,0.6000000238418579,0,0,1,0,0,7,0,0,0,8,99,0,8.300000190734863,10.961999893188477,34.25993347167969,32.81361389160156,1.5,0,66,1.0,1.0,0.0,1,0,0
1780579147.0040653,0,0.3499999940395355,0,0,618,900,423158243,37,77,0.0,0.0,36.497344970703125,28.561872482299805,1,0,0.6000000238418579,0,0,1,0,0,7,0,0,0,8,99,0,8.300000190734863,10.013999938964844,34.426185607910156,33.0159912109375,1.5,0,66,1.0,0.0,0.0,1,0,0
1780579147.0249941,0,0.3499999940395355,0,0,618,900,423158243,37,77,0.0,0.0,36.497344970703125,28.561872482299805,1,0,0.6000000238418579,0,0,1,0,0,7,0,0,0,8,99,0,8.300000190734863,9.065999984741211,34.59202194213867,33.198890686035156,1.5,0,66,1.0,0.0,0.0,1,0,0
1780579147.0445333,0,0.3499999940395355,0,0,618,900,423158243,37,77,0.0,0.0,36.497344970703125,28.561872482299805,1,0,0.6000000238418579,0,0,1,0,0,7,0,0,0,8,99,0,8.300000190734863,8.118000030517578,34.75800323486328,33.363014221191406,1.5,0,66,1.0,0.0,0.0,1,0,0
1780579147.0638533,0,0.3499999940395355,0,0,618,900,423158243,37,77,0.0,0.0,36.497344970703125,28.561872482299805,1,0,0.6000000238418579,0,0,1,0,0,7,0,0,0,8,99,0,8.300000190734863,7.1700005531311035,34.92383575439453,33.50804901123047,1.5,0,66,1.0,-1.0,0.0,1,0,0
1780579147.0839238,0,0.3499999940395355,0,0,618,900,423158243,37,77,0.0,0.0,36.497344970703125,28.561872482299805,1,0,0.6000000238418579,0,0,1,0,0,7,0,0,0,8,99,0,8.300000190734863,6.222001075744629,35.08967208862305,33.6341667175293,1.5,0,66,1.0,-1.0,0.0,1,0,0
1780579147.1045346,0,0.3499999940395355,0,0,618,900,423158243,37,77,0.0,0.0,36.497344970703125,28.561872482299805,1,0,0.6000000238418579,0,0,1,0,0,7,0,0,0,8,99,0,8.300000190734863,5.274001598358154,35.2555046081543,33.74135971069336,1.5,0,66,1.0,-1.0,0.0,0,0,0
1780579147.1241157,0,0.3499999940395355,0,0,618,900,423158243,37,77,0.0,0.0,36.497344970703125,28.561872482299805,1,0,0.6000000238418579,0,0,1,0,0,7,0,0,0,8,99,0,8.300000190734863,4.32600212097168,35.421913146972656,33.829933166503906,1.5,0,66,1.0,-1.0,0.0,0,0,0
1780579147.1442854,0,0.3499999940395355,0,0,618,900,423158243,37,77,0.0,0.0,36.497344970703125,28.561872482299805,1,0,0.6000000238418579,0,0,1,1,0,7,0,0,0,8,99,0,8.300000190734863,-0.9479996562004089,35.587745666503906,33.82096481323242,1.5,0,66,1.0,-1.0,0.0,0,0,0
1780579147.164426,0,0.3499999940395355,0,0,618,900,423158243,37,77,0.0,0.0,36.497344970703125,28.561872482299805,1,0,0.6000000238418579,0,0,1,1,0,7,0,0,0,8,99,0,8.300000190734863,-1.8959993124008179,35.75358200073242,33.78489303588867,1.5,0,66,1.0,-1.0,0.0,0,0,0
1780579147.1844237,0,0.3499999940395355,0,0,618,900,423158243,37,77,0.0,0.0,36.497344970703125,28.561872482299805,1,0,0.6000000238418579,0,0,1,1,0,7,0,0,0,8,99,0,8.300000190734863,-2.843998908996582,35.919673919677734,33.72981262207031,1.5,0,66,1.0,-1.0,0.0,0,0,0
1780579147.20434,0,0.3499999940395355,0,0,618,900,423158243,37,77,0.0,0.0,36.497344970703125,28.561872482299805,1,0,0.6000000238418579,0,0,1,1,0,7,0,0,0,8,99,0,8.300000190734863,-3.7919986248016357,36.08637237548828,33.65547561645508,1.5,0,66,1.0,-1.0,0.0,0,0,0
1780579147.2244096,0,0.3499999940395355,0,0,618,900,423158243,37,77,0.0,0.0,36.497344970703125,28.561872482299805,1,0,0.6000000238418579,0,0,1,1,0,7,0,0,0,8,99,0,0.0,-4.7399983406066895,36.10160827636719,33.5625114440918,1.5,0,66,1.0,-1.0,0.0,0,0,0
1780579147.2459648,0,0.3499999940395355,0,0,618,900,423158243,37,77,0.0,0.0,36.497344970703125,28.561872482299805,1,0,0.6000000238418579,0,0,1,1,0,7,0,0,0,8,99,0,0.0,-5.687997817993164,36.10160827636719,33.450218200683594,1.5,0,66,0.0,-1.0,0.0,0,0,0
1780579147.2674444,0,0.3499999940395355,0,0,618,900,423158243,37,77,0.0,0.0,36.497344970703125,28.561872482299805,1,0,0.6000000238418579,0,0,1,1,0,7,0,0,0,8,99,0,0.0,-6.635997295379639,36.10160827636719,33.3190803527832,1.5,0,66,0.0,-1.0,0.0,0,0,0
1780579147.288473,0,0.3499999940395355,0,0,618,900,423158243,37,77,0.0,0.0,36.497344970703125,28.561872482299805,1,0,0.6000000238418579,0,0,1,1,0,7,0,0,0,8,99,0,0.0,-7.583996772766113,36.10160827636719,33.16905212402344,1.5,0,66,0.0,-1.0,0.0,0,0,0
1780579147.3076935,0,0.3499999940395355,0,0,618,900,423158243,37,77,0.0,0.0,36.497344970703125,28.561872482299805,1,0,0.6000000238418579,0,0,1,1,0,7,0,0,0,8,99,0,0.0,-8.531996726989746,36.10160827636719,33.000267028808594,1.5,0,66,0.0,-1.0,0.0,0,0,0
1780579147.3275595,0,0.3499999940395355,0,0,618,900,423158243,37,77,0.0,0.0,36.497344970703125,28.561872482299805,1,0,0.6000000238418579,0,0,1,1,0,7,0,0,0,8,99,0,0.0,-9.479996681213379,36.10160827636719,32.812564849853516,1.5,0,66,0.0,-1.0,0.0,0,0,0
1780579147.3466775,0,0.3499999940395355,0,0,618,900,423158243,37,77,0.0,0.0,36.497344970703125,28.561872482299805,1,0,0.6000000238418579,0,0,1,1,0,7,0,0,0,8,99,0,0.0,-10.427996635437012,36.10160827636719,32.60594177246094,1.5,0,66,0.0,-1.0,0.0,0,0,0
1780579147.365664,0,0.3499999940395355,0,0,618,900,423158243,37,77,0.0,0.0,36.497344970703125,28.561872482299805,1,0,0.6000000238418579,0,0,1,1,0,7,0,0,0,8,99,0,0.0,-11.375996589660645,36.10160827636719,32.38039016723633,1.5,0,66,0.0,-1.0,0.0,0,0,1
1780579147.3849547,0,0.3499999940395355,0,0,618,900,423158243,37,77,0.0,0.0,36.497344970703125,28.561872482299805,1,0,0.6000000238418579,0,0,1,1,0,7,0,0,0,8,99,0,0.0,-12.323996543884277,36.10160827636719,32.135921478271484,1.5,0,66,0.0,-1.0,0.0,0,0,1
1780579147.4047198,1,0.3499999940395355,0,0,618,900,423158243,37,77,0.0,0.0,36.497344970703125,28.561872482299805,0,0,0.6000000238418579,0,0,1,1,0,7,0,1,0,8,99,0,0.0,-13.27199649810791,36.10160827636719,31.872528076171875,1.5,0,66,0.0,-1.0,0.0,0,0,1
1780579147.4243927,1,0.3499999940395355,0,0,618,900,423158243,37,77,0.0,0.0,36.497344970703125,28.561872482299805,0,0,0.6000000238418579,0,0,1,1,0,7,0,1,0,8,99,0,0.0,-14.219996452331543,36.10160827636719,31.590211868286133,1.5,0,66,0.0,-1.0,0.0,0,0,1
1780579147.4443133,1,0.3499999940395355,0,0,597,900,423158243,37,77,0.0,0.0,36.497344970703125,28.561872482299805,0,0,0.6000000238418579,0,0,1,1,0,7,0,1,0,8,99,0,0.0,-15.167996406555176,36.10160827636719,31.28862190246582,1.5,0,77,0.0,-1.0,0.0,0,0,1
1780579147.4641073,1,0.3499999940395355,0,0,597,900,423158243,37,77,0.0,0.0,36.497344970703125,28.561872482299805,0,0,0.6000000238418579,0,0,1,0,0,7,0,1,0,8,99,0,0.0,0.0,36.10160827636719,31.459630966186523,1.5,0,77,0.0,-1.0,0.0,0,0,1
1780579147.4842284,1,0.3499999940395355,0,0,597,900,423158243,37,77,0.0,0.0,36.497344970703125,28.561872482299805,0,0,0.6000000238418579,0,0,1,0,0,7,0,1,0,8,99,0,0.0,0.0,36.10160827636719,31.680452346801758,1.5,0,77,0.0,-1.0,0.0,0,0,1
1780579147.5043232,1,0.3499999940395355,0,0,597,900,423158243,37,77,0.0,0.0,36.497344970703125,28.561872482299805,1,0,0.6000000238418579,0,0,1,0,0,7,0,1,0,8,99,0,0.0,0.0,36.10160827636719,31.902545928955078,1.5,0,77,0.0,-1.0,0.0,0,0,0
1780579147.5243142,1,0.3499999940395355,0,0,597,900,423158243,37,77,0.0,0.0,36.497344970703125,28.561872482299805,1,0,0.6000000238418579,0,0,1,0,0,7,0,1,0,8,99,0,0.0,0.0,36.10160827636719,32.12336349487305,1.5,0,77,0.0,-1.0,0.0,0,0,0
1780579147.5440886,1,0.3499999940395355,0,0,597,900,423158243,37,77,0.0,0.0,36.497344970703125,28.561872482299805,1,0,0.6000000238418579,0,0,1,0,0,7,0,1,0,8,99,0,0.0,0.0,36.10160827636719,32.34418487548828,1.5,0,77,0.0,-1.0,0.0,0,0,0
1780579147.564322,1,0.3499999940395355,0,0,597,900,423158243,37,77,0.0,0.0,36.497344970703125,28.561872482299805,1,0,0.6000000238418579,0,0,1,0,0,7,0,1,0,8,99,0,0.0,0.0,36.10160827636719,32.565006256103516,1.5,0,77,0.0,-1.0,0.0,0,0,0
1780579147.584228,1,0.3499999940395355,0,0,597,900,423158243,37,77,0.0,0.0,36.497344970703125,28.561872482299805,1,0,0.6000000238418579,0,0,1,0,0,7,0,1,0,8,99,0,0.0,0.0,36.10160827636719,32.785823822021484,1.5,0,77,0.0,-1.0,0.0,0,0,0
1780579147.6037726,1,0.3499999940395355,0,0,597,900,423158243,37,77,0.0,0.0,36.497344970703125,28.561872482299805,1,0,0.6000000238418579,0,0,1,0,0,7,0,1,0,8,99,0,0.0,0.0,36.10160827636719,33.00664138793945,1.5,0,77,0.0,-1.0,0.0,0,0,0
1780579147.6238513,1,0.3499999940395355,0,0,597,900,423158243,37,77,0.0,0.0,36.497344970703125,28.561872482299805,1,0,0.6000000238418579,0,0,1,0,0,7,0,1,0,8,99,0,0.0,0.0,36.10160827636719,33.22746276855469,1.5,0,77,0.0,-1.0,0.0,0,0,0
1780579147.6445744,1,0.3499999940395355,0,0,597,900,423158243,37,77,0.0,0.0,36.497344970703125,28.561872482299805,1,0,0.6000000238418579,0,0,1,0,0,7,0,1,0,8,99,0,0.0,0.0,36.10160827636719,33.448280334472656,1.5,0,77,0.0,-1.0,0.0,0,0,0
1780579147.6643026,1,0.3499999940395355,0,0,597,900,423158243,37,77,0.0,0.0,36.497344970703125,28.561872482299805,1,0,0.6000000238418579,0,0,1,0,0,7,0,1,0,8,99,0,0.0,0.0,36.10160827636719,33.670166015625,1.5,0,77,0.0,-1.0,0.0,0,0,0
1780579147.6839035,1,0.3499999940395355,0,0,597,900,423158243,37,77,0.0,0.0,36.497344970703125,28.561872482299805,1,0,0.6000000238418579,0,0,1,0,0,7,0,1,0,8,99,0,0.0,0.0,36.10160827636719,33.89098358154297,1.5,0,77,0.0,-1.0,0.0,0,0,0
1780579147.7042816,1,0.3499999940395355,0,0,597,900,423158243,37,77,0.0,0.0,36.497344970703125,28.561872482299805,1,0,0.6000000238418579,0,0,1,1,0,7,0,1,0,8,99,0,0.0,-0.9479996562004089,36.10160827636719,33.89490509033203,1.5,0,77,0.0,-1.0,0.0,0,0,0
1780579147.7243233,1,0.3499999940395355,0,0,597,900,423158243,37,77,0.0,0.0,36.497344970703125,28.561872482299805,1,0,0.6000000238418579,0,0,1,1,0,7,0,1,0,8,99,0,0.0,-1.8959993124008179,36.10160827636719,33.85881042480469,1.5,0,77,0.0,-1.0,0.0,0,0,0
1780579147.7437248,0,0.3499999940395355,0,0,597,900,423158243,37,77,0.0,0.0,36.497344970703125,28.561872482299805,1,0,0.6000000238418579,0,0,1,1,0,7,0,0,0,8,99,0,0.0,-2.843998908996582,36.10160827636719,33.8035774230957,1.5,0,77,0.0,-1.0,0.0,0,0,0
1780579147.7644305,0,0.3499999940395355,0,0,597,900,423158243,37,77,0.0,0.0,36.497344970703125,28.561872482299805,1,0,0.6000000238418579,0,0,1,1,0,7,0,0,0,8,99,0,0.0,-3.7919986248016357,36.10160827636719,33.72957992553711,1.5,0,77,0.0,-1.0,0.0,0,0,0
1780579147.7850113,0,0.3499999940395355,0,0,597,900,423158243,37,77,0.0,0.0,36.497344970703125,28.561872482299805,1,0,0.6000000238418579,0,0,1,1,0,7,0,0,0,8,99,0,0.0,-4.7399983406066895,36.10160827636719,33.63665771484375,1.5,0,77,0.0,-1.0,0.0,0,0,0
1780579147.80396,0,0.3499999940395355,0,0,597,900,423158243,37,77,0.0,0.0,36.497344970703125,28.561872482299805,1,0,0.6000000238418579,0,0,1,1,0,7,0,0,0,8,99,0,0.0,-5.687997817993164,36.10160827636719,33.52243423461914,1.5,0,77,0.0,-1.0,0.0,0,0,0
1780579147.823745,0,0.3499999940395355,0,0,597,900,423158243,37,77,0.0,0.0,36.497344970703125,28.561872482299805,1,0,0.6000000238418579,0,0,1,1,0,7,0,0,0,8,99,0,0.0,-6.635997295379639,36.10160827636719,33.391265869140625,1.5,0,77,0.0,-1.0,0.0,0,0,0
1780579147.8441954,0,0.3499999940395355,0,0,597,900,423158243,37,77,0.0,0.0,36.497344970703125,28.561872482299805,1,0,0.6000000238418579,0,0,1,1,0,7,0,0,0,8,99,0,0.0,-7.583996772766113,36.10160827636719,33.24118423461914,1.5,0,77,0.0,-1.0,0.0,0,0,0
1780579147.8641427,0,0.3499999940395355,0,0,597,900,423158243,37,77,0.0,0.0,36.497344970703125,28.561872482299805,1,0,0.6000000238418579,0,0,1,1,0,7,0,0,0,8,99,0,0.0,-8.531996726989746,36.10160827636719,33.07217788696289,1.5,0,77,0.0,-1.0,0.0,0,0,0
1780579147.88423,0,0.3499999940395355,0,0,597,900,423158243,37,77,0.0,0.0,36.497344970703125,28.561872482299805,1,0,0.6000000238418579,0,0,1,1,0,7,0,0,0,8,99,0,0.0,-9.479996681213379,36.10160827636719,32.88425064086914,1.5,0,77,0.0,-1.0,0.0,0,0,0
1780579147.9044242,0,0.3499999940395355,0,0,597,900,423158243,37,77,0.0,0.0,36.497344970703125,28.561872482299805,1,0,0.6000000238418579,0,0,1,1,0,7,0,0,0,8,99,0,0.0,-10.427996635437012,36.10160827636719,32.67740249633789,1.5,0,77,0.0,-1.0,0.0,0,0,0
1780579147.924382,0,0.3499999940395355,0,0,597,900,423158243,37,77,0.0,0.0,36.497344970703125,28.561872482299805,1,0,0.6000000238418579,0,0,1,1,0,7,0,0,0,8,99,0,0.0,-11.375996589660645,36.10160827636719,32.451622009277344,1.5,0,77,0.0,-1.0,0.0,0,0,0
1780579147.9439034,0,0.3499999940395355,0,0,597,900,423158243,37,77,0.0,0.0,36.497344970703125,28.561872482299805,1,0,0.6000000238418579,0,0,1,1,0,7,0,0,0,8,99,0,0.0,-12.323996543884277,36.10160827636719,32.206932067871094,1.5,0,77,0.0,-1.0,0.0,0,0,0
1780579147.9643703,1,0.3499999940395355,0,0,597,900,423158243,37,77,0.0,0.0,36.497344970703125,28.561872482299805,0,0,0.6000000238418579,0,0,1,1,0,7,0,1,0,8,99,0,0.0,-13.27199649810791,36.10160827636719,31.943313598632812,1.5,0,77,0.0,-1.0,0.0,0,0,1
1780579147.9843135,1,0.3499999940395355,0,0,597,900,423158243,37,77,0.0,0.0,36.497344970703125,28.561872482299805,0,0,0.6000000238418579,0,0,1,1,0,7,0,1,0,8,99,0,0.0,-14.219996452331543,36.10160827636719,31.660776138305664,1.5,0,77,0.0,-1.0,0.0,0,0,1
1780579148.0042906,1,0.3499999940395355,0,0,576,900,423158243,37,77,0.0,0.0,36.497344970703125,28.561872482299805,0,0,0.6000000238418579,0,0,1,1,0,7,0,1,0,8,99,0,0.0,-15.167996406555176,36.10160827636719,31.359312057495117,1.5,0,88,0.0,-1.0,0.0,0,0,1
1780579148.025001,1,0.3499999940395355,0,0,576,900,423158243,37,77,0.0,0.0,36.497344970703125,28.561872482299805,0,0,0.6000000238418579,0,0,1,0,0,7,0,1,0,8,99,0,0.0,0.0,36.10160827636719,31.535493850708008,1.5,0,88,0.0,-1.0,0.0,0,0,1
1780579148.0447993,1,0.3499999940395355,0,0,576,900,423158243,37,77,0.0,0.0,36.497344970703125,28.561872482299805,0,0,0.6000000238418579,0,0,1,0,0,7,0,1,0,8,99,0,0.0,0.0,36.10160827636719,31.75631332397461,1.5,0,88,-1.0,-1.0,0.0,0,0,1
1780579148.0645201,1,0.3499999940395355,0,0,576,900,423158243,38,77,0.0,0.0,36.497344970703125,28.561872482299805,0,0,0.6000000238418579,0,0,1,0,0,7,0,1,0,8,99,0,0.0,0.0,36.10160827636719,31.977134704589844,1.5,0,88,-1.0,-1.0,0.0,0,0,1
1780579148.0837924,1,0.3499999940395355,0,0,576,900,423158243,38,77,0.0,0.0,36.497344970703125,28.561872482299805,1,0,0.6000000238418579,0,0,1,0,0,7,0,1,0,8,99,0,-8.300000190734863,0.0,35.950401306152344,32.19795227050781,1.5,0,88,-1.0,-1.0,0.0,0,0,1
1780579148.104528,0,0.3499999940395355,0,0,576,900,423158243,38,77,0.0,0.0,36.497344970703125,28.561872482299805,1,0,0.6000000238418579,0,0,0,0,0,7,0,0,0,8,99,0,-8.300000190734863,0.0,35.78456497192383,32.41876983642578,1.5,0,88,-1.0,-1.0,0.0,0,0,0
1780579148.124797,0,0.3499999940395355,0,0,576,900,423158243,38,77,0.0,0.0,36.497344970703125,28.561872482299805,1,0,0.6000000238418579,0,0,0,0,0,7,0,0,0,8,99,0,-8.300000190734863,0.0,35.61873245239258,32.639591217041016,1.5,0,88,-1.0,-1.0,0.0,0,0,0
1780579148.143862,0,0.3499999940395355,0,0,576,900,423158243,38,77,0.0,0.0,36.497344970703125,28.561872482299805,1,0,0.6000000238418579,0,0,0,0,0,7,0,0,0,8,99,0,-8.300000190734863,0.0,35.45289993286133,32.860408782958984,1.5,0,88,-1.0,-1.0,0.0,0,0,0
1780579148.163928,0,0.3499999940395355,0,0,576,900,423158243,38,77,0.0,0.0,36.497344970703125,28.561872482299805,1,0,0.6000000238418579,0,0,0,0,0,7,0,0,0,8,99,0,-8.300000190734863,0.0,35.28706359863281,33.08122634887695,1.5,0,88,-1.0,-1.0,0.0,0,0,0
1780579148.1846972,0,0.3499999940395355,0,0,576,900,423158243,38,77,0.0,0.0,36.497344970703125,28.561872482299805,1,0,0.6000000238418579,0,0,0,0,0,7,0,0,0,8,99,0,-8.300000190734863,0.0,35.12123107910156,33.30204391479492,1.5,0,88,-1.0,-1.0,0.0,0,0,0
1780579148.2042277,0,0.3499999940395355,0,0,576,900,423158243,38,77,0.0,0.0,36.497344970703125,28.561872482299805,1,0,0.6000000238418579,0,0,0,0,0,7,0,0,0,8,99,0,-8.300000190734863,0.0,34.95539474487305,33.522865295410156,1.5,0,88,-1.0,-1.0,0.0,0,0,0
1780579148.224067,0,0.3499999940395355,0,0,576,900,423158243,38,77,0.0,0.0,36.497344970703125,28.561872482299805,1,0,0.6000000238418579,0,0,0,0,0,7,0,0,0,8,99,0,-8.300000190734863,0.0,34.78955841064453,33.743682861328125,1.5,0,88,-1.0,-1.0,0.0,0,0,0
1780579148.244451,0,0.3499999940395355,0,0,576,900,423158243,38,77,0.0,0.0,36.497344970703125,28.561872482299805,1,0,0.6000000238418579,0,0,0,0,0,7,0,0,0,8,99,0,-8.300000190734863,0.0,34.62372589111328,33.964500427246094,1.5,0,88,-1.0,-1.0,0.0,0,0,0
1780579148.2647643,0,0.3499999940395355,0,0,576,900,423158243,38,77,0.0,0.0,36.497344970703125,28.561872482299805,1,0,0.6000000238418579,0,0,0,0,0,7,0,0,0,8,99,0,-8.300000190734863,0.0,34.45759201049805,34.18571472167969,1.5,0,88,-1.0,-1.0,0.0,0,0,0
1780579148.2843392,0,0.3499999940395355,0,0,576,900,423158243,38,77,0.0,0.0,36.497344970703125,28.561872482299805,1,0,0.6000000238418579,0,0,0,1,0,7,0,0,0,8,99,0,-8.300000190734863,-0.9479996562004089,34.29125213623047,34.1898307800293,1.5,0,88,-1.0,0.0,0.0,0,0,0
1780579148.3045504,0,0.3499999940395355,0,0,576,900,423158243,38,77,0.0,0.0,36.497344970703125,28.561872482299805,1,0,0.6000000238418579,0,0,0,1,0,7,0,0,0,8,99,0,-8.300000190734863,-1.8959993124008179,34.12541961669922,34.15373992919922,1.5,0,88,-1.0,0.0,0.0,0,0,0
1780579148.324453,0,0.3499999940395355,0,0,576,900,423158243,38,77,0.0,0.0,36.497344970703125,28.561872482299805,1,0,0.6000000238418579,0,0,0,1,0,7,0,0,0,8,99,0,-8.300000190734863,-2.843998908996582,33.95892333984375,34.09849548339844,1.5,0,88,-1.0,0.0,0.0,0,0,0
1780579148.3445628,0,0.3499999940395355,0,0,576,900,423158243,38,77,0.0,0.0,36.497344970703125,28.561872482299805,1,0,0.6000000238418579,0,0,0,1,0,7,0,0,0,8,99,0,-8.300000190734863,-3.7919986248016357,33.793087005615234,34.02448272705078,1.5,0,88,0.0,0.0,0.0,0,0,0
1780579148.3638768,0,0.3499999940395355,0,0,576,900,423158243,38,77,0.0,0.0,36.497344970703125,28.561872482299805,1,0,0.6000000238418579,0,0,0,1,0,7,0,0,0,8,99,0,-8.300000190734863,-4.7399983406066895,33.627254486083984,33.93154525756836,1.5,0,88,0.0,0.0,0.0,0,0,0
1780579148.3845067,0,0.3499999940395355,0,0,576,900,423158243,38,77,0.0,0.0,36.497344970703125,28.561872482299805,1,0,0.6000000238418579,0,0,0,1,0,7,0,0,0,8,99,0,0.0,-5.687997817993164,33.611602783203125,33.81968688964844,1.5,0,88,0.0,0.0,0.0,0,0,0
1780579148.4043653,0,0.3499999940395355,0,0,576,900,423158243,69,77,0.0,0.0,36.497344970703125,28.561872482299805,1,0,0.6000000238418579,0,0,0,1,0,7,0,0,0,8,99,0,0.0,-6.635997295379639,33.611602783203125,33.688907623291016,1.5,0,88,0.0,0.0,0.0,0,0,0
1780579148.424441,0,0.3499999940395355,0,0,576,900,423158243,69,77,0.0,0.0,36.497344970703125,28.561872482299805,1,0,0.6000000238418579,0,0,0,1,0,7,0,0,0,8,99,0,0.0,-7.583996772766113,33.611602783203125,33.53871154785156,1.5,0,88,0.0,0.0,0.0,0,0,0
1780579148.444116,0,0.3499999940395355,0,0,576,900,423158243,69,77,0.0,0.0,36.497344970703125,28.561872482299805,1,0,0.6000000238418579,0,0,0,1,0,7,0,0,0,8,99,0,0.0,-8.531996726989746,33.611602783203125,33.3697395324707,1.5,0,88,0.0,0.0,0.0,0,0,0
1780579148.464343,0,0.3499999940395355,0,0,576,900,423158243,69,77,0.0,0.0,36.497344970703125,28.561872482299805,1,0,0.6000000238418579,0,0,0,1,0,7,0,0,0,8,99,0,0.0,-9.479996681213379,33.611602783203125,33.18210220336914,1.5,0,88,1.0,0.0,0.0,0,0,0
1780579148.4846601,0,0.3499999940395355,0,0,576,900,423158243,69,77,0.0,0.0,36.497344970703125,28.561872482299805,1,0,0.6000000238418579,0,0,0,1,0,7,0,0,0,8,99,0,0.0,-10.427996635437012,33.611602783203125,32.97553634643555,1.5,0,88,1.0,-1.0,0.0,0,0,0
1780579148.5038106,0,0.3499999940395355,0,0,576,900,423158243,69,77,0.0,0.0,36.497344970703125,28.561872482299805,1,0,0.6000000238418579,0,0,0,1,0,7,0,0,0,8,99,0,0.0,-11.375996589660645,33.611602783203125,32.75005340576172,1.5,0,88,1.0,-1.0,0.0,0,0,0
1780579148.5240448,0,0.3499999940395355,0,0,576,900,423158243,69,77,0.0,0.0,36.497344970703125,28.561872482299805,1,0,0.6000000238418579,0,0,1,1,0,7,0,0,0,8,99,0,8.300000190734863,-12.323996543884277,33.761444091796875,32.505645751953125,1.5,0,88,1.0,0.0,0.0,0,0,0
1780579148.5448575,0,0.3499999940395355,0,0,576,900,423158243,69,77,0.0,0.0,36.497344970703125,28.561872482299805,1,0,0.6000000238418579,0,0,1,1,0,7,0,0,0,8,99,0,8.300000190734863,-13.27199649810791,33.927276611328125,32.24231719970703,1.5,0,88,1.0,0.0,0.0,0,0,0
1780579148.564815,0,0.3499999940395355,0,0,576,900,423158243,69,77,0.0,0.0,36.497344970703125,28.561872482299805,1,0,0.6000000238418579,0,0,1,1,0,7,0,0,0,8,99,0,8.300000190734863,-14.219996452331543,34.094085693359375,31.958404541015625,1.5,0,88,1.0,0.0,0.0,0,0,1
1780579148.584597,0,0.3499999940395355,1,0,576,900,423158243,69,77,0.0,0.0,36.497344970703125,28.561872482299805,0,0,0.6000000238418579,0,0,1,1,0,7,0,1,0,8,99,0,8.300000190734863,-15.167996406555176,34.26060485839844,31.655858993530273,1.5,0,88,1.0,0.0,0.0,0,0,1
1780579148.6042366,0,0.3499999940395355,1,0,576,900,423158243,69,77,0.0,0.0,36.497344970703125,28.561872482299805,0,0,0.6000000238418579,0,0,1,1,0,7,0,1,0,8,99,0,8.300000190734863,-16.115995407104492,34.42644119262695,31.3355770111084,1.5,0,88,1.0,0.0,0.0,0,0,1
1780579148.6248784,0,0.3499999940395355,1,0,576,900,423158243,69,77,0.0,0.0,36.497344970703125,28.561872482299805,0,0,0.6000000238418579,0,0,1,1,0,7,0,1,0,8,99,0,8.300000190734863,-17.063995361328125,34.59227752685547,30.996370315551758,1.5,0,88,0.0,0.0,0.0,0,0,1
1780579148.6443272,0,0.3499999940395355,1,0,555,900,423158243,45,77,-8.0,0.0,36.497344970703125,28.561872482299805,0,0,0.6000000238418579,0,0,1,1,0,7,0,1,0,8,99,0,-3.75,-18.011995315551758,34.7586784362793,30.637008666992188,1.5,0,99,0.0,0.0,0.0,0,0,1
1780579148.664258,0,0.3499999940395355,1,0,555,900,423158243,45,77,-8.0,0.0,36.63734436035156,28.561872482299805,0,0,0.6000000238418579,0,0,1,1,0,7,0,1,0,8,99,0,-3.75,-18.95999526977539,34.70535659790039,30.259544372558594,1.5,0,99,0.0,0.0,0.0,0,0,1
1780579148.6844816,0,0.3499999940395355,1,0,555,900,423158243,45,77,-8.0,0.0,36.77734375,28.561872482299805,1,0,0.6000000238418579,0,0,1,1,0,7,0,1,0,8,99,0,-3.75,-19.907995223999023,34.630428314208984,29.863489151000977,1.5,0,99,0.0,0.0,0.0,0,0,1
1780579148.70437,0,0.3499999940395355,1,0,555,900,423158243,45,77,-8.0,0.0,36.91734313964844,28.561872482299805,1,0,0.6000000238418579,0,0,1,1,0,7,0,1,0,8,99,0,-3.75,-20.855995178222656,34.555503845214844,29.44851303100586,1.5,0,99,0.0,0.0,0.0,0,0,0
1780579148.7242177,0,0.3499999940395355,1,0,555,900,423158243,45,77,-8.0,0.0,37.057342529296875,28.561872482299805,1,0,0.6000000238418579,0,0,1,1,0,7,0,1,0,8,99,0,-3.75,-20.947999954223633,34.4805793762207,29.030139923095703,1.5,0,99,-1.0,0.0,0.0,0,0,0
1780579148.744493,0,0.3499999940395355,1,0,555,900,423158243,45,77,-8.0,0.0,37.19734191894531,28.561872482299805,1,0,0.6000000238418579,0,0,1,1,0,7,0,1,0,8,99,0,-3.75,-20.947999954223633,34.40544509887695,28.61043357849121,1.5,0,99,-1.0,0.0,0.0,0,0,0
1780579148.7647493,0,0.3499999940395355,1,0,555,900,423158243,45,77,-8.0,0.0,37.27259826660156,28.561872482299805,1,0,0.6000000238418579,0,0,1,0,0,7,0,1,0,8,99,1,-3.75,0.0,34.33037567138672,28.422910690307617,1.5,0,99,-1.0,0.0,0.0,0,0,0
1780579148.7844646,0,0.3499999940395355,0,0,555,900,423158243,45,77,-8.0,0.0,37.11259841918945,28.561872482299805,1,0,0.6000000238418579,0,0,0,0,0,7,0,0,0,8,99,1,-12.050000190734863,0.0,34.10460662841797,28.408098220825195,1.5,0,99,-1.0,0.0,0.0,0,0,0
1780579148.8044214,0,0.3499999940395355,0,0,555,900,423158243,45,77,-8.0,0.0,36.952598571777344,28.561872482299805,1,0,0.6000000238418579,0,0,0,0,0,7,0,0,0,8,99,1,-12.050000190734863,0.0,33.86384582519531,28.40810775756836,1.5,0,99,-1.0,0.0,0.0,0,0,0
1780579148.8245625,0,0.3499999940395355,0,0,555,900,423158243,45,77,-8.0,0.0,36.792598724365234,28.561872482299805,1,0,0.6000000238418579,0,0,0,0,0,7,0,0,0,8,99,1,-12.050000190734863,0.0,33.623085021972656,28.40811538696289,1.5,0,99,-1.0,0.0,0.0,0,0,0
1780579148.8443418,0,0.3499999940395355,0,0,555,900,423158243,45,77,-8.0,0.0,36.632598876953125,28.561872482299805,1,0,0.6000000238418579,0,0,0,0,0,7,0,0,0,8,99,1,-8.300000190734863,0.0,33.450252532958984,28.408119201660156,1.5,0,99,-1.0,0.0,0.0,0,0,0
1780579148.8646405,0,0.3499999940395355,0,0,555,900,423158243,45,77,-8.0,0.0,36.472599029541016,28.561872482299805,1,0,0.6000000238418579,0,0,0,0,0,7,0,0,0,8,99,1,-8.300000190734863,0.0,33.284420013427734,28.40812110900879,1.5,0,99,-1.0,0.0,0.0,0,0,0
1780579148.8849037,0,0.3499999940395355,0,0,555,900,423158243,45,77,-8.0,0.0,36.312599182128906,28.561872482299805,1,0,0.6000000238418579,0,0,0,0,0,7,0,0,0,8,99,1,-8.300000190734863,0.0,33.11858367919922,28.40812110900879,1.5,0,99,-1.0,0.0,0.0,0,0,0
1780579148.9043844,0,0.3499999940395355,0,0,555,900,423158243,45,77,-8.0,0.0,36.1525993347168,28.561872482299805,1,0,0.6000000238418579,0,0,0,0,0,7,0,0,0,8,99,1,-8.300000190734863,0.0,32.95275115966797,28.40812110900879,1.5,0,99,-1.0,0.0,0.0,0,0,0
1780579148.9242866,0,0.3499999940395355,0,0,555,900,423158243,45,77,-8.0,0.0,35.99259948730469,28.561872482299805,1,0,0.6000000238418579,0,0,0,0,0,7,0,0,0,8,99,1,-8.300000190734863,0.0,32.786468505859375,28.40812110900879,1.5,0,99,-1.0,0.0,0.0,0,0,0
1780579148.9441097,0,0.3499999940395355,0,0,555,900,423158243,45,77,-8.0,0.0,35.83259963989258,28.561872482299805,1,0,0.6000000238418579,0,0,0,0,0,7,0,0,0,8,99,1,-8.300000190734863,0.0,32.62036895751953,28.40812110900879,1.5,0,99,-1.0,0.0,0.0,0,0,0
1780579148.9642334,0,0.3499999940395355,0,0,555,900,423158243,45,77,-8.0,0.0,35.67259979248047,28.561872482299805,1,0,0.6000000238418579,0,0,0,0,0,7,0,0,0,8,99,1,-8.300000190734863,0.0,32.45453643798828,28.40812110900879,1.5,0,99,-1.0,0.0,0.0,0,0,0
1780579148.983754,0,0.3499999940395355,0,0,555,900,423158243,45,77,-8.0,0.0,35.51259994506836,28.561872482299805,1,0,0.6000000238418579,0,0,0,0,0,7,0,0,0,8,99,1,-8.300000190734863,0.0,32.28870391845703,28.40812110900879,1.5,0,99,-1.0,0.0,0.0,0,0,0
1780579149.0039234,0,0.3499999940395355,0,0,555,900,423158243,45,77,-8.0,0.0,35.35260009765625,28.561872482299805,1,0,0.6000000238418579,0,0,0,0,0,7,0,0,0,8,99,1,-8.300000190734863,0.0,32.122867584228516,28.40812110900879,1.5,0,99,-1.0,0.0,0.0,0,0,0
1780579149.0240605,0,0.3499999940395355,0,0,555,900,423158243,45,77,-8.0,0.0,35.19260025024414,28.561872482299805,1,0,0.6000000238418579,0,0,0,0,0,7,0,0,0,8,99,1,-8.300000190734863,0.0,31.957035064697266,28.40812110900879,1.5,0,99,-1.0,0.0,0.0,0,0,0
1780579149.0441399,0,0.3499999940395355,0,0,555,900,423158243,45,77,-8.0,0.0,35.03260040283203,28.561872482299805,1,0,0.6000000238418579,0,0,0,0,0,7,0,0,0,8,99,1,-8.300000190734863,0.0,31.79097557067871,28.40812110900879,1.5,0,99,-1.0,0.0,0.0,0,0,0
1780579149.0637946,0,0.3499999940395355,0,0,555,900,423158243,45,77,-8.0,0.0,34.87260055541992,28.561872482299805,1,0,0.6000000238418579,0,0,0,0,0,7,0,0,0,8,99,1,-8.300000190734863,0.0,31.624616622924805,28.40812110900879,1.5,0,99,-1.0,0.0,0.0,0,0,0
1780579149.0843964,0,0.3499999940395355,0,0,555,900,423158243,45,77,-8.0,0.0,34.71260070800781,28.561872482299805,1,0,0.6000000238418579,0,0,0,0,0,7,0,0,0,8,99,1,-8.300000190734863,0.0,31.458782196044922,28.40812110900879,1.5,0,99,-1.0,0.0,0.0,0,0,0
1780579149.103858,0,0.3499999940395355,0,0,555,900,423158243,45,77,-8.0,0.0,34.5526008605957,28.561872482299805,1,0,0.6000000238418579,0,0,0,0,0,7,0,0,0,8,99,1,-8.300000190734863,0.0,31.29294776916504,28.40812110900879,1.5,0,99,-1.0,0.0,0.0,0,0,0
1780579149.1243112,0,0.3499999940395355,0,0,555,900,423158243,45,77,-8.0,0.0,34.392601013183594,28.561872482299805,1,0,0.6000000238418579,0,0,0,0,0,7,0,0,0,8,99,1,-8.300000190734863,0.0,31.12674331665039,28.40812110900879,1.5,0,99,-1.0,0.0,0.0,0,0,0
1780579149.1442533,0,0.3499999940395355,0,0,555,900,423158243,45,77,-8.0,0.0,34.232601165771484,28.561872482299805,1,0,0.6000000238418579,0,0,0,0,0,7,0,0,0,8,99,1,-8.300000190734863,0.0,30.960552215576172,28.40812110900879,1.5,0,99,-1.0,0.0,0.0,0,0,0
1780579149.1642134,0,0.3499999940395355,0,0,555,900,423158243,45,77,-8.0,0.0,34.072601318359375,28.561872482299805,1,0,0.6000000238418579,0,0,0,0,0,7,0,0,0,8,99,1,-8.300000190734863,0.0,30.794509887695312,28.40812110900879,1.5,0,99,-1.0,0.0,0.0,0,0,0
1780579149.1844199,0,0.3499999940395355,0,0,555,900,423158243,45,77,-8.0,0.0,33.912601470947266,28.561872482299805,1,0,0.6000000238418579,0,0,0,0,0,7,0,0,0,8,99,1,-8.300000190734863,0.0,30.62843132019043,28.40812110900879,1.5,0,99,-1.0,0.0,0.0,0,0,0
1780579149.2036183,0,0.3499999940395355,0,0,555,900,423158243,45,77,-8.0,0.0,33.752601623535156,28.561872482299805,1,0,0.6000000238418579,0,0,0,0,0,7,0,0,0,8,99,1,-8.300000190734863,0.0,30.462596893310547,28.408123016357422,1.5,0,99,-1.0,0.0,0.0,0,0,0
1780579149.2240305,0,0.3499999940395355,0,0,555,900,423158243,45,77,-8.0,0.0,33.59260177612305,28.561872482299805,1,0,0.6000000238418579,0,0,0,0,0,7,0,0,0,8,99,1,-8.300000190734863,0.0,30.296762466430664,28.408119201660156,1.5,0,99,-1.0,0.0,0.0,0,0,0
1780579149.244401,0,0.3499999940395355,0,0,555,900,423158243,45,77,-8.0,0.0,33.43260192871094,28.561872482299805,1,0,0.6000000238418579,0,0,0,0,0,7,0,0,0,8,99,1,-8.300000190734863,0.0,30.13092803955078,28.40812110900879,1.5,0,99,-1.0,0.0,0.0,0,0,0
1780579149.2643332,0,0.3499999940395355,0,0,555,900,423158243,7,77,0.0,0.0,33.27260208129883,28.561872482299805,1,0,0.6000000238418579,0,0,0,0,0,7,0,0,0,8,99,1,-8.300000190734863,0.0,29.963836669921875,28.40812110900879,1.5,0,99,-1.0,0.0,0.0,0,0,0
1780579149.283985,0,0.3499999940395355,0,0,555,900,423158243,7,77,0.0,0.0,33.27260208129883,28.561872482299805,1,0,0.6000000238418579,0,0,0,0,0,7,0,0,0,8,99,1,-8.300000190734863,0.0,29.798002243041992,28.40812110900879,1.5,0,99,-1.0,0.0,0.0,0,0,0
1780579149.3045404,0,0.3499999940395355,0,0,555,900,423158243,7,77,0.0,0.0,33.27260208129883,28.561872482299805,1,0,0.6000000238418579,0,0,0,0,0,7,0,0,0,8,99,1,-8.300000190734863,0.0,29.63216781616211,28.40812110900879,1.5,0,99,-1.0,0.0,0.0,0,0,0
1780579149.3244073,0,0.3499999940395355,0,0,555,900,423158243,7,77,0.0,0.0,33.27260208129883,28.561872482299805,1,0,0.6000000238418579,0,0,0,0,0,7,0,0,0,8,99,1,-8.300000190734863,0.0,29.46633529663086,28.408119201660156,1.5,0,99,-1.0,1.0,0.0,0,0,0
1780579149.343789,0,0.3499999940395355,0,0,555,900,423158243,7,77,0.0,0.0,33.27260208129883,28.561872482299805,1,0,0.6000000238418579,0,0,0,0,0,7,0,0,0,8,99,1,-8.300000190734863,0.0,29.299888610839844,28.40812110900879,1.5,0,99,-1.0,1.0,0.0,0,0,0
1780579149.363924,0,0.3499999940395355,0,0,555,900,423158243,7,77,0.0,0.0,33.27260208129883,28.561872482299805,1,0,0.6000000238418579,0,0,0,0,0,7,0,0,0,8,99,1,-8.300000190734863,0.0,29.134052276611328,28.40812110900879,1.5,0,99,-1.0,1.0,0.0,0,0,0
1780579149.3846052,0,0.3499999940395355,0,0,555,900,423158243,7,77,0.0,0.0,33.27260208129883,28.561872482299805,1,0,0.6000000238418579,0,0,0,0,0,7,0,0,0,8,99,1,-8.300000190734863,0.0,28.968217849731445,28.40812110900879,1.5,0,99,0.0,0.0,0.0,0,0,0
1780579149.4045742,0,0.3499999940395355,0,0,555,900,423158243,7,77,0.0,0.0,33.27260208129883,28.561872482299805,1,0,0.6000000238418579,0,0,0,0,0,7,0,0,0,8,99,1,-8.300000190734863,0.0,28.802385330200195,28.40812110900879,1.5,0,99,0.0,0.0,0.0,0,0,0
1780579149.424077,0,0.3499999940395355,0,0,555,900,423158243,7,77,0.0,0.0,33.27260208129883,28.561872482299805,1,0,0.6000000238418579,0,0,0,0,0,7,0,0,0,8,99,1,0.0,0.0,28.78658676147461,28.40812110900879,1.5,0,99,0.0,0.0,0.0,0,0,0
1780579149.4443276,0,0.3499999940395355,0,0,555,900,423158243,7,77,0.0,0.0,33.27260208129883,28.561872482299805,1,0,0.6000000238418579,0,0,0,0,0,7,0,0,0,8,99,1,0.0,0.0,28.78658676147461,28.40812110900879,1.5,0,99,0.0,0.0,0.0,0,0,0
1780579149.4645884,0,0.3499999940395355,0,0,555,900,423158243,7,77,0.0,0.0,33.27260208129883,28.561872482299805,1,0,0.6000000238418579,0,0,0,0,0,7,0,0,0,8,99,1,0.0,0.0,28.78658676147461,28.40812110900879,1.5,0,99,0.0,0.0,0.0,0,0,0
1780579149.483815,0,0.3499999940395355,0,0,555,900,423158243,7,77,0.0,0.0,33.27260208129883,28.561872482299805,1,0,0.6000000238418579,0,0,0,0,0,7,0,0,0,8,99,1,0.0,0.0,28.78658676147461,28.408123016357422,1.5,0,99,0.0,0.0,0.0,0,0,0
1780579149.5038092,0,0.3499999940395355,0,0,555,900,423158243,7,77,0.0,0.0,33.27260208129883,28.561872482299805,1,0,0.6000000238418579,0,0,0,0,0,7,0,0,0,8,99,1,0.0,0.0,28.78658676147461,28.40812110900879,1.5,0,99,0.0,0.0,0.0,0,0,0
1780579149.5238116,0,0.3499999940395355,0,0,555,900,423158243,7,77,0.0,0.0,33.27260208129883,28.561872482299805,1,0,0.6000000238418579,0,0,0,0,0,7,0,0,0,8,99,1,0.0,0.0,28.78658676147461,28.40812110900879,1.5,0,99,0.0,0.0,0.0,0,0,0
1780579149.5440197,0,0.3499999940395355,0,0,555,900,423158243,7,77,0.0,0.0,33.27260208129883,28.561872482299805,1,0,0.6000000238418579,0,0,0,0,0,7,0,0,0,8,99,1,0.0,0.0,28.78658676147461,28.40812110900879,1.5,0,99,0.0,0.0,0.0,0,0,0
1780579149.5638053,0,0.3499999940395355,0,0,555,900,423158243,7,77,0.0,0.0,33.27260208129883,28.561872482299805,1,0,0.6000000238418579,0,0,0,0,0,7,0,0,0,8,99,1,0.0,0.0,28.78658676147461,28.40812110900879,1.5,0,99,0.0,0.0,0.0,0,0,0
1780579149.584699,0,0.3499999940395355,0,0,555,900,423158243,9,77,-5.074352264404297,41.0,33.27260208129883,28.561872482299805,1,0,0.6000000238418579,0,0,0,0,0,7,0,0,0,8,99,1,0.0,0.0,28.78658676147461,28.40812110900879,1.5,0,99,0.0,0.0,0.0,0,0,0
1780579149.6040475,0,0.3499999940395355,0,0,555,900,423158243,10,77,-5.074352264404297,39.20000076293945,33.17111587524414,29.34587287902832,1,0,0.6000000238418579,0,0,0,0,0,7,0,0,0,8,99,1,0.0,0.0,28.78658676147461,28.408119201660156,1.5,0,99,0.0,0.0,0.0,0,0,0
1780579149.6244068,0,0.3499999940395355,0,0,555,900,423158243,10,77,-5.074352264404297,37.400001525878906,33.06962966918945,30.0938720703125,1,0,0.6000000238418579,0,0,0,0,0,7,0,0,0,8,99,1,0.0,0.0,28.78658676147461,28.40812110900879,1.5,0,99,0.0,0.0,0.0,0,0,0
1780579149.6444292,0,0.3499999940395355,0,0,555,900,423158243,10,77,-5.074352264404297,35.60000228881836,32.968143463134766,30.805871963500977,1,0,0.6000000238418579,0,0,0,0,0,7,0,0,0,8,99,1,0.0,0.0,28.78658676147461,28.40812110900879,1.5,0,99,0.0,0.0,0.0,0,0,0
1780579149.6641693,0,0.3499999940395355,0,0,555,900,423158243,10,77,-5.074352264404297,33.80000305175781,32.86665725708008,31.48187255859375,1,0,0.6000000238418579,0,0,0,0,0,7,0,0,0,8,99,1,0.0,0.0,28.78658676147461,28.408123016357422,1.5,0,99,0.0,0.0,0.0,0,0,0
1780579149.6841044,0,0.3499999940395355,0,0,555,900,423158243,10,77,-5.074352264404297,32.000003814697266,32.76517105102539,32.12187194824219,1,0,0.6000000238418579,0,0,0,0,0,7,0,0,0,8,99,1,0.0,0.0,28.78658676147461,28.40812110900879,1.5,0,99,0.0,0.0,0.0,0,0,0
1780579149.7039402,0,0.3499999940395355,0,0,555,900,423158243,10,77,-5.074352264404297,30.20000457763672,32.6636848449707,32.72587203979492,1,0,0.6000000238418579,0,0,0,0,0,7,0,0,0,8,99,1,0.0,0.0,28.78658676147461,28.40812110900879,1.5,0,99,0.0,0.0,0.0,0,0,0
1780579149.7247813,0,0.3499999940395355,0,0,555,900,423158243,10,77,-5.074352264404297,28.400005340576172,32.562198638916016,33.29387283325195,1,0,0.6000000238418579,0,0,0,0,0,7,0,0,0,8,99,1,0.0,0.0,28.78658676147461,28.408119201660156,1.5,0,99,0.0,0.0,0.0,0,0,0
1780579149.7437527,0,0.3499999940395355,0,0,555,900,423158243,10,77,-5.074352264404297,26.600006103515625,32.46071243286133,33.82587432861328,1,0,0.6000000238418579,0,0,0,0,0,7,0,0,0,8,99,1,0.0,0.0,28.78658676147461,28.40812110900879,1.5,0,99,0.0,0.0,0.0,0,0,0
1780579149.7644057,0,0.3499999940395355,0,0,555,900,423158243,10,77,-5.074352264404297,24.800006866455078,32.35922622680664,34.32187271118164,1,0,0.6000000238418579,0,0,0,0,0,7,0,0,0,8,99,1,0.0,0.0,28.78658676147461,28.40812110900879,1.5,0,99,0.0,0.0,0.0,0,0,0
1780579149.784026,0,0.3499999940395355,0,0,555,900,423158243,10,77,-5.074352264404297,23.00000762939453,32.25774002075195,34.7818717956543,1,0,0.6000000238418579,0,0,0,0,0,7,0,0,0,8,99,1,0.0,0.0,28.78658676147461,28.40812110900879,1.5,0,99,0.0,0.0,0.0,0,0,0
1780579149.8044684,0,0.3499999940395355,0,0,555,900,423158243,10,77,-5.074352264404297,21.200008392333984,32.156253814697266,35.20587158203125,1,0,0.6000000238418579,0,0,0,0,0,7,0,0,0,8,99,1,0.0,0.0,28.78658676147461,28.40812110900879,1.5,0,99,0.0,0.0,0.0,0,0,0
1780579149.8236516,0,0.3499999940395355,0,0,555,900,423158243,10,77,-5.074352264404297,19.400009155273438,32.05476760864258,35.5938720703125,1,0,0.6000000238418579,0,0,0,0,0,7,0,0,0,8,99,1,0.0,0.0,28.78658676147461,28.40812110900879,1.5,0,99,0.0,0.0,0.0,0,0,0
1780579149.8445537,0,0.3499999940395355,0,0,555,900,423158243,10,77,-5.074352264404297,17.60000991821289,31.95328140258789,35.94587326049805,1,0,0.6000000238418579,0,0,0,0,0,7,0,0,0,8,99,1,0.0,0.0,28.78658676147461,28.40812110900879,1.5,0,99,0.0,0.0,0.0,0,0,0
1780579149.8640332,0,0.3499999940395355,0,0,555,900,423158243,10,77,-5.074352264404297,15.800010681152344,31.851795196533203,36.26187515258789,1,0,0.6000000238418579,0,0,0,0,0,7,0,0,0,8,99,1,0.0,0.0,28.78658676147461,28.40812110900879,1.5,0,99,0.0,0.0,0.0,0,0,0
1780579149.884193,0,0.3499999940395355,0,0,555,900,423158243,10,77,-5.074352264404297,14.000011444091797,31.750308990478516,36.541873931884766,1,0,0.6000000238418579,0,0,0,0,0,7,0,0,0,8,99,1,0.0,0.0,28.78658676147461,28.40812110900879,1.5,0,99,0.0,0.0,0.0,0,0,0
1780579149.9037333,0,0.3499999940395355,0,0,555,900,423158243,10,77,-5.074352264404297,12.20001220703125,31.648822784423828,36.78587341308594,1,0,0.6000000238418579,0,0,0,0,0,7,0,0,0,8,99,1,0.0,0.0,28.78658676147461,28.40812110900879,1.5,0,99,0.0,0.0,0.0,0,0,0
1780579149.924421,0,0.3499999940395355,0,0,555,900,423158243,14,77,-0.0,0.0,31.54733657836914,36.993873596191406,1,0,0.6000000238418579,0,0,0,0,0,7,0,0,0,8,99,1,0.0,0.0,28.78658676147461,28.40812110900879,1.5,0,99,0.0,0.0,0.0,0,0,0
1780579149.9441607,0,0.3499999940395355,0,0,555,900,423158243,14,77,0.0,0.0,31.54733657836914,36.993873596191406,1,0,0.6000000238418579,0,0,0,0,0,7,0,0,0,8,99,1,0.0,0.0,28.78658676147461,28.40812110900879,1.5,0,99,0.0,0.0,0.0,0,0,0
1780579149.9641917,0,0.3499999940395355,0,0,555,900,423158243,14,77,0.0,0.0,31.54733657836914,36.993873596191406,1,0,0.6000000238418579,0,0,0,0,0,7,0,0,0,8,99,1,0.0,0.0,28.78658676147461,28.40812110900879,1.5,0,99,0.0,0.0,0.0,0,0,0
1780579149.983884,0,0.3499999940395355,0,0,555,900,423158243,14,77,0.0,0.0,31.54733657836914,36.993873596191406,1,0,0.6000000238418579,0,0,0,0,0,7,0,0,0,8,99,1,0.0,0.0,28.78658676147461,28.40812110900879,1.5,0,99,0.0,0.0,0.0,0,0,0
1780579150.004373,0,0.3499999940395355,0,0,555,900,423158243,14,77,0.0,0.0,31.54733657836914,36.993873596191406,1,0,0.6000000238418579,0,0,0,0,0,7,0,0,0,8,99,1,0.0,0.0,28.78658676147461,28.40812110900879,1.5,0,99,0.0,0.0,0.0,0,0,0
1780579150.0241928,0,0.3499999940395355,0,0,555,900,423158243,14,77,0.0,0.0,31.54733657836914,36.993873596191406,1,0,0.6000000238418579,0,0,0,0,0,7,0,0,0,8,99,1,0.0,0.0,28.78658676147461,28.40812110900879,1.5,0,99,0.0,0.0,0.0,0,0,0
1780579150.0439034,0,0.3499999940395355,0,0,555,900,423158243,14,77,0.0,0.0,31.54733657836914,36.993873596191406,1,0,0.6000000238418579,0,0,0,0,0,7,0,0,0,8,99,1,0.0,0.0,28.78658676147461,28.40812110900879,1.5,0,99,0.0,0.0,0.0,0,0,0
1780579150.0641482,0,0.3499999940395355,0,0,555,900,423158243,14,77,0.0,0.0,31.54733657836914,36.993873596191406,1,0,0.6000000238418579,0,0,0,0,0,7,0,0,0,8,99,1,0.0,0.0,28.78658676147461,28.40812110900879,1.5,0,99,0.0,0.0,0.0,0,0,0
1780579150.0840824,0,0.3499999940395355,0,0,555,900,423158243,14,77,0.0,0.0,31.54733657836914,36.993873596191406,1,0,0.6000000238418579,0,0,0,0,0,7,0,0,0,8,99,1,0.0,0.0,28.78658676147461,28.40812110900879,1.5,0,99,1.0,0.0,0.0,0,0,0
1780579150.1042407,0,0.3499999940395355,0,0,555,900,423158243,14,77,0.0,0.0,31.54733657836914,36.993873596191406,1,0,0.6000000238418579,0,0,0,0,0,7,0,0,0,8,99,1,0.0,0.0,28.78658676147461,28.40812110900879,1.5,0,99,1.0,0.0,0.0,0,0,0
1780579150.1245892,0,0.3499999940395355,0,0,555,900,423158243,14,77,0.0,0.0,31.54733657836914,36.993873596191406,1,0,0.6000000238418579,0,0,0,0,0,7,0,0,0,8,99,1,0.0,0.0,28.78658676147461,28.40812110900879,1.5,0,99,1.0,0.0,0.0,0,0,0
1780579150.1445715,0,0.3499999940395355,0,0,555,900,423158243,14,77,0.0,0.0,31.54733657836914,36.993873596191406,1,0,0.6000000238418579,0,0,1,0,0,7,0,0,0,8,99,1,8.300000190734863,0.0,28.936954498291016,28.40812110900879,1.5,0,99,1.0,-1.0,0.0,0,0,0
1780579150.1644065,0,0.3499999940395355,0,0,555,900,423158243,14,77,0.0,0.0,31.54733657836914,36.993873596191406,1,0,0.6000000238418579,0,0,1,0,0,7,0,0,0,8,99,1,8.300000190734863,0.0,29.1027889251709,28.40812110900879,1.5,0,99,1.0,-1.0,0.0,0,0,0
1780579150.1847332,0,0.3499999940395355,0,0,555,900,423158243,14,77,0.0,0.0,31.54733657836914,36.993873596191406,1,0,0.6000000238418579,0,0,1,0,0,7,0,0,0,8,99,1,8.300000190734863,0.0,29.26862335205078,28.408123016357422,1.5,0,99,1.0,0.0,0.0,0,0,0
1780579150.2044375,0,0.3499999940395355,0,0,555,900,423158243,14,77,0.0,0.0,31.54733657836914,36.993873596191406,1,0,0.6000000238418579,0,0,1,0,0,7,0,0,0,8,99,1,8.300000190734863,0.0,29.434457778930664,28.408119201660156,1.5,0,99,1.0,0.0,0.0,0,0,0
1780579150.2246087,0,0.3499999940395355,0,0,555,900,423158243,14,77,0.0,0.0,31.54733657836914,36.993873596191406,1,0,0.6000000238418579,0,0,1,0,0,7,0,0,0,8,99,1,8.300000190734863,0.0,29.600292205810547,28.40812110900879,1.5,0,99,1.0,0.0,0.0,0,0,0
1780579150.2442846,0,0.3499999940395355,0,0,555,900,423158243,14,77,0.0,0.0,31.54733657836914,36.993873596191406,1,0,0.6000000238418579,0,0,1,0,0,7,0,0,0,8,99,1,8.300000190734863,0.0,29.766124725341797,28.40812110900879,1.5,0,99,1.0,0.0,0.0,0,0,0
1780579150.2639337,0,0.3499999940395355,0,0,555,900,423158243,14,77,0.0,0.0,31.54733657836914,36.993873596191406,1,0,0.6000000238418579,0,0,1,0,0,7,0,0,0,8,99,1,8.300000190734863,0.0,29.932283401489258,28.40812110900879,1.5,0,99,1.0,0.0,0.0,0,0,0
1780579150.2845094,0,0.3499999940395355,0,0,555,900,423158243,14,77,0.0,0.0,31.54733657836914,36.993873596191406,1,0,0.6000000238418579,0,0,1,0,0,7,0,0,0,8,99,1,8.300000190734863,0.0,30.09811782836914,28.40812110900879,1.5,0,99,1.0,0.0,0.0,0,0,0
1780579150.3043723,0,0.3499999940395355,0,0,555,900,423158243,14,77,0.0,0.0,31.54733657836914,36.993873596191406,1,0,0.6000000238418579,0,0,1,0,0,7,0,0,0,8,99,1,8.300000190734863,0.0,30.26429557800293,28.40812110900879,1.5,0,99,1.0,0.0,0.0,0,0,0
1780579150.3244743,0,0.3499999940395355,0,0,555,900,423158243,14,77,0.0,0.0,31.54733657836914,36.993873596191406,1,0,0.6000000238418579,0,0,1,0,0,7,0,0,0,8,99,1,8.300000190734863,0.0,30.430561065673828,28.408119201660156,1.5,0,99,1.0,0.0,0.0,0,0,0
1780579150.3443146,0,0.3499999940395355,0,0,555,900,423158243,14,77,0.0,0.0,31.54733657836914,36.993873596191406,1,0,0.6000000238418579,0,0,1,0,0,7,0,0,0,8,99,1,8.300000190734863,0.0,30.59716033935547,28.40812110900879,1.5,0,99,1.0,0.0,0.0,0,0,0
1780579150.3646605,0,0.3499999940395355,0,0,555,900,423158243,15,77,-8.721881866455078,-28.704158782958984,31.54733657836914,36.993873596191406,1,0,0.6000000238418579,0,0,1,0,0,7,0,0,0,8,99,1,8.300000190734863,0.0,30.76299476623535,28.40812110900879,1.5,0,99,1.0,0.0,0.0,0,0,0
1780579150.384629,0,0.3499999940395355,0,0,555,900,423158243,15,77,-8.721881866455078,-28.704158782958984,31.37289810180664,36.41979217529297,1,0,0.6000000238418579,0,0,1,0,0,7,0,0,0,8,99,1,8.300000190734863,0.0,30.9288272857666,28.40812110900879,1.5,0,99,1.0,0.0,0.0,0,0,0
1780579150.4039104,0,0.3499999940395355,0,0,555,900,423158243,15,77,-8.721881866455078,-28.704158782958984,31.19845962524414,35.84571075439453,1,0,0.6000000238418579,0,0,1,0,0,7,0,0,0,8,99,1,8.300000190734863,0.0,31.09527587890625,28.40812110900879,1.5,0,99,1.0,0.0,0.0,0,0,0
1780579150.4245198,0,0.3499999940395355,0,0,555,900,423158243,15,77,-8.721881866455078,-28.704158782958984,31.02402114868164,35.271629333496094,1,0,0.6000000238418579,0,0,1,0,0,7,0,0,0,8,99,1,8.300000190734863,0.0,31.261110305786133,28.40812110900879,1.5,0,99,0.0,0.0,0.0,0,0,0
1780579150.444253,0,0.3499999940395355,0,0,555,900,423158243,15,77,-8.721881866455078,-28.704158782958984,30.84958267211914,34.697547912597656,1,0,0.6000000238418579,0,0,1,0,0,7,0,0,0,8,99,1,8.300000190734863,0.0,31.426942825317383,28.40812110900879,1.5,0,99,0.0,0.0,0.0,0,0,0
1780579150.4644537,0,0.3499999940395355,0,0,555,900,423158243,15,77,-8.721881866455078,-28.704158782958984,30.67514419555664,34.12346649169922,1,0,0.6000000238418579,0,0,1,0,0,7,0,0,0,8,99,1,0.0,0.0,31.44259262084961,28.40812110900879,1.5,0,99,0.0,0.0,0.0,0,0,0
1780579150.4844327,0,0.3499999940395355,0,0,555,900,423158243,15,77,-8.721881866455078,-28.704158782958984,30.50070571899414,33.54938507080078,1,0,0.6000000238418579,0,0,1,0,0,7,0,0,0,8,99,1,0.0,0.0,31.44259262084961,28.40812110900879,1.5,0,99,-1.0,0.0,0.0,0,0,0
1780579150.5043838,0,0.3499999940395355,0,0,555,900,423158243,15,77,-8.721881866455078,-28.704158782958984,30.32626724243164,32.975303649902344,1,0,0.6000000238418579,0,0,1,0,0,7,0,0,0,8,99,1,0.0,0.0,31.44259262084961,28.40812110900879,1.5,0,99,-1.0,0.0,0.0,0,0,0
1780579150.524269,0,0.3499999940395355,0,0,555,900,423158243,15,77,-8.721881866455078,-28.704158782958984,30.15182876586914,32.401222229003906,1,0,0.6000000238418579,0,0,1,0,0,7,0,0,0,8,99,1,0.0,0.0,31.44259262084961,28.40812110900879,1.5,0,99,-1.0,0.0,0.0,0,0,0
1780579150.544355,0,0.3499999940395355,0,0,555,900,423158243,15,77,-8.721881866455078,-28.704158782958984,29.97739028930664,31.827138900756836,1,0,0.6000000238418579,0,0,0,0,0,7,0,0,0,8,99,1,-8.300000190734863,0.0,31.292232513427734,28.40812110900879,1.5,0,99,-1.0,0.0,0.0,0,0,0
1780579150.5643382,0,0.3499999940395355,0,0,555,900,423158243,15,77,-8.721881866455078,-28.704158782958984,29.80295181274414,31.253055572509766,1,0,0.6000000238418579,0,0,0,0,0,7,0,0,0,8,99,1,-8.300000190734863,0.0,31.12639808654785,28.40812110900879,1.5,0,99,-1.0,0.0,0.0,0,0,0
1780579150.58437,0,0.3499999940395355,0,0,555,900,423158243,15,77,-8.721881866455078,-28.704158782958984,29.62851333618164,30.678972244262695,1,0,0.6000000238418579,0,0,0,0,0,7,0,0,0,8,99,1,-8.300000190734863,0.0,30.96056365966797,28.40812110900879,1.5,0,99,-1.0,0.0,0.0,0,0,0
1780579150.6037405,0,0.3499999940395355,0,0,555,900,423158243,15,77,-8.721881866455078,-28.704158782958984,29.45407485961914,30.104888916015625,1,0,0.6000000238418579,0,0,0,0,0,7,0,0,0,8,99,1,-8.300000190734863,0.0,30.794452667236328,28.40812110900879,1.5,0,99,-1.0,0.0,0.0,0,0,0
1780579150.625025,0,0.3499999940395355,0,0,555,900,423158243,15,77,-8.721881866455078,-28.704158782958984,29.27963638305664,29.530805587768555,1,0,0.6000000238418579,0,0,0,0,0,7,0,0,0,8,99,1,-8.300000190734863,0.0,30.628618240356445,28.40812110900879,1.5,0,99,-1.0,0.0,0.0,0,0,0
1780579150.6458025,0,0.3499999940395355,0,0,555,900,423158243,15,77,-8.721881866455078,-28.704158782958984,29.10519790649414,28.956722259521484,1,0,0.6000000238418579,0,0,0,0,0,7,0,0,0,8,99,1,-8.300000190734863,0.0,30.461755752563477,28.40812110900879,1.5,0,99,-1.0,0.0,0.0,0,0,0
1780579150.6652918,0,0.3499999940395355,0,0,555,900,423158243,15,77,-8.721881866455078,-28.704158782958984,28.93075942993164,28.382638931274414,1,0,0.6000000238418579,0,0,0,0,0,7,0,0,0,8,99,1,-8.300000190734863,0.0,30.295446395874023,28.40812110900879,1.5,0,99,-1.0,0.0,0.0,0,0,0
1780579150.6853034,0,0.3499999940395355,0,0,555,900,423158243,15,77,-8.721881866455078,-28.704158782958984,28.75632095336914,27.808555603027344,1,0,0.6000000238418579,0,0,0,0,0,7,0,0,0,8,99,1,-8.300000190734863,0.0,30.129610061645508,28.40812110900879,1.5,0,99,-1.0,0.0,0.0,0,0,0
1780579150.7047582,0,0.3499999940395355,0,0,555,900,423158243,47,77,-6.977505683898926,0.0,28.58188247680664,27.549999237060547,1,0,0.6000000238418579,0,0,0,0,0,7,0,0,0,8,99,1,-8.300000190734863,0.0,29.963777542114258,28.40812110900879,1.5,0,99,-1.0,0.0,0.0,0,0,0
1780579150.7243295,0,0.3499999940395355,0,0,555,900,423158243,47,77,-5.582004547119141,0.0,28.47024154663086,28.295839309692383,1,0,0.6000000238418579,0,0,0,0,0,7,0,0,0,8,99,1,-8.300000190734863,0.0,29.797943115234375,28.40812110900879,1.5,0,99,-1.0,0.0,0.0,0,0,1
1780579150.7439291,0,0.3499999940395355,1,0,555,900,423158243,47,77,-4.465603828430176,0.0,28.380929946899414,28.492136001586914,0,0,0.6000000238418579,0,0,0,0,0,7,0,1,0,8,99,1,-8.300000190734863,0.0,29.63167381286621,28.40812110900879,1.5,0,99,-1.0,0.0,0.0,0,0,1
1780579150.763923,0,0.3499999940395355,1,0,555,900,423158243,47,77,-3.5724830627441406,0.0,28.309480667114258,28.54359245300293,0,0,0.6000000238418579,0,0,0,0,0,7,0,1,0,8,99,1,-8.300000190734863,0.0,29.465839385986328,28.40812110900879,1.5,0,99,-1.0,0.0,0.0,0,0,1
1780579151.0753663,0,0.3499999940395355,1,0,534,900,423158243,59,77,-10.0,20.0,28.252321243286133,28.55708122253418,0,0,0.6000000238418579,0,0,0,0,0,7,0,1,0,8,99,1,3.75,0.0,29.291688919067383,28.40812110900879,1.5,0,99,-1.0,0.0,0.0,0,0,0
1780579151.1240587,0,0.3499999940395355,1,0,534,900,423158243,59,77,-10.0,18.200000762939453,27.752321243286133,28.92108154296875,0,0,0.6000000238418579,0,0,0,0,0,7,0,1,0,8,99,1,3.75,0.0,29.356721878051758,28.40812110900879,1.5,0,99,-1.0,0.0,0.0,0,0,0
1780579151.1441731,0,0.3499999940395355,1,0,534,900,423158243,59,77,-10.0,16.400001525878906,27.252321243286133,29.249080657958984,0,0,0.6000000238418579,0,0,0,0,0,7,0,1,0,8,99,1,3.75,0.0,29.413028717041016,28.40812110900879,1.5,0,99,-1.0,0.0,0.0,0,0,0
1780579151.164242,0,0.3499999940395355,1,0,534,900,423158243,59,77,-10.0,14.60000228881836,26.752321243286133,29.541080474853516,1,0,0.6000000238418579,0,0,0,0,0,7,0,1,0,8,99,1,3.75,0.0,29.4842586517334,28.40812110900879,1.5,0,99,-1.0,0.0,0.0,0,0,0
1780579151.1844754,0,0.3499999940395355,1,0,534,900,423158243,59,77,-10.0,12.800003051757812,26.252321243286133,29.797080993652344,1,0,0.6000000238418579,0,0,0,0,0,7,0,1,0,8,99,1,3.75,0.0,29.559185028076172,28.408119201660156,1.5,0,99,-1.0,0.0,0.0,0,0,0
1780579151.2044206,0,0.3499999940395355,1,0,534,900,423158243,59,77,-10.0,11.000003814697266,25.752321243286133,30.017080307006836,1,0,0.6000000238418579,0,0,0,0,0,7,0,1,0,8,99,1,3.75,0.0,29.634708404541016,28.40812110900879,1.5,0,99,-1.0,0.0,0.0,0,0,0
1780579151.2244716,0,0.3499999940395355,1,0,534,900,423158243,59,77,-10.0,9.200004577636719,25.252321243286133,30.201080322265625,1,0,0.6000000238418579,0,0,0,0,0,7,0,1,0,8,99,1,3.75,0.0,29.709632873535156,28.40812110900879,1.5,0,99,-1.0,0.0,0.0,0,0,0
1780579151.2445383,0,0.3499999940395355,1,0,534,900,423158243,59,77,-10.0,7.400005340576172,24.752321243286133,30.34908103942871,1,0,0.6000000238418579,0,0,0,0,0,7,0,1,0,8,99,1,3.75,0.0,29.784561157226562,28.40812110900879,1.5,0,99,-1.0,0.0,0.0,0,0,0
1780579151.2641165,0,0.3499999940395355,1,0,534,900,423158243,59,77,-10.0,5.600006103515625,24.252321243286133,30.46108055114746,1,0,0.6000000238418579,0,0,0,0,0,7,0,1,0,8,99,1,3.75,0.0,29.859485626220703,28.408119201660156,1.5,0,99,-1.0,0.0,0.0,0,0,0
1780579151.284565,0,0.3499999940395355,1,0,534,900,423158243,59,77,-10.0,3.800006866455078,24.05232048034668,30.537080764770508,1,0,0.6000000238418579,0,0,0,0,0,7,0,1,0,8,99,1,3.75,0.0,29.934412002563477,28.408119201660156,1.5,0,99,-1.0,0.0,0.0,0,0,0
1780579151.3038435,0,0.3499999940395355,1,0,534,900,423158243,59,77,-10.0,2.0000076293945312,23.852319717407227,30.57708168029785,1,0,0.6000000238418579,0,0,0,0,0,7,0,1,0,8,99,1,-8.300000190734863,0.0,29.84949493408203,28.408123016357422,1.5,0,99,-1.0,0.0,0.0,0,0,0
1780579151.3239663,0,0.3499999940395355,1,0,534,900,423158243,59,77,-10.0,0.20000839233398438,23.652318954467773,30.58108139038086,1,0,0.6000000238418579,0,0,0,0,0,7,0,1,0,8,99,1,-8.300000190734863,0.0,29.68366241455078,28.40812110900879,1.5,0,99,-1.0,0.0,0.0,0,0,0
1780579151.3446155,0,0.3499999940395355,1,0,534,900,423158243,59,77,-10.0,-1.5999908447265625,23.45231819152832,30.549081802368164,1,0,0.6000000238418579,0,0,0,0,0,7,0,1,0,8,99,1,-8.300000190734863,0.0,29.51782989501953,28.40812110900879,1.5,0,99,0.0,0.0,0.0,0,0,0
1780579151.3642974,0,0.3499999940395355,1,0,534,900,423158243,59,77,-10.0,-3.3999900817871094,23.252317428588867,30.481082916259766,1,0,0.6000000238418579,0,0,0,0,0,7,0,1,0,8,99,1,-8.300000190734863,0.0,29.351438522338867,28.408123016357422,1.5,0,99,0.0,0.0,0.0,0,0,0
1780579151.3844528,0,0.3499999940395355,1,0,534,900,423158243,59,77,-10.0,-5.199989318847656,23.052316665649414,30.37708282470703,1,0,0.6000000238418579,0,0,0,0,0,7,0,1,0,8,99,1,0.0,0.0,29.29559326171875,28.408123016357422,1.5,0,99,0.0,0.0,0.0,0,0,0
1780579151.4043396,0,0.3499999940395355,1,0,534,900,423158243,59,77,-10.0,-6.999988555908203,22.85231590270996,30.237083435058594,1,0,0.6000000238418579,0,0,0,0,0,7,0,1,0,8,99,1,0.0,0.0,29.29559326171875,28.408119201660156,1.5,0,99,0.0,0.0,0.0,0,0,0
1780579151.4240966,0,0.3499999940395355,0,0,534,900,423158243,59,77,-10.0,-8.79998779296875,22.652315139770508,30.06108283996582,1,0,0.6000000238418579,0,0,0,0,0,7,0,0,0,8,99,1,0.0,0.0,29.29559326171875,28.408119201660156,1.5,0,99,0.0,0.0,0.0,0,0,0
1780579151.4442,0,0.3499999940395355,0,0,534,900,423158243,59,77,-10.0,-10.599987030029297,22.452314376831055,29.849082946777344,1,0,0.6000000238418579,0,0,0,0,0,7,0,0,0,8,99,1,0.0,0.0,29.29559326171875,28.408123016357422,1.5,0,99,0.0,0.0,0.0,0,0,0
1780579151.4643862,0,0.3499999940395355,0,0,534,900,423158243,59,77,-10.0,-12.399986267089844,22.2523136138916,29.601083755493164,1,0,0.6000000238418579,0,0,0,0,0,7,0,0,0,8,99,1,0.0,0.0,29.29559326171875,28.40812110900879,1.5,0,99,0.0,0.0,0.0,0,0,0
1780579151.484303,0,0.3499999940395355,0,0,534,900,423158243,59,77,-10.0,-14.19998550415039,22.05231285095215,29.31708335876465,1,0,0.6000000238418579,0,0,0,0,0,7,0,0,0,8,99,1,0.0,0.0,29.29559326171875,28.40812110900879,1.5,0,99,0.0,0.0,0.0,0,1,0
1780579151.504351,0,0.3499999940395355,0,0,534,900,423158243,59,77,-10.0,-15.999984741210938,21.852312088012695,28.99708366394043,1,0,0.6000000238418579,0,0,0,0,0,7,0,0,0,8,99,1,0.0,0.0,29.29559326171875,28.40812110900879,1.5,0,99,0.0,0.0,0.0,0,1,0
1780579151.5241783,0,0.3499999940395355,0,0,534,900,423158243,59,77,-10.0,-17.799983978271484,21.652311325073242,28.641084671020508,1,0,0.6000000238418579,0,0,0,0,0,7,0,0,0,8,99,1,0.0,0.0,29.29559326171875,28.408119201660156,1.5,0,99,0.0,0.0,0.0,0,1,0
1780579151.544266,0,0.3499999940395355,0,0,534,900,423158243,60,77,0.0,0.0,21.45231056213379,28.56183624267578,1,0,0.6000000238418579,0,0,0,0,0,7,0,0,0,8,99,1,0.0,0.0,29.29559326171875,28.408119201660156,1.5,0,99,0.0,0.0,0.0,0,1,0
1780579151.564195,0,0.3499999940395355,0,0,534,900,423158243,60,77,0.0,0.0,21.45231056213379,28.56184959411621,1,0,0.6000000238418579,0,0,0,0,0,7,0,0,0,8,99,1,0.0,0.0,29.29559326171875,28.408119201660156,1.5,0,99,0.0,0.0,0.0,0,1,0
1780579151.5839121,0,0.3499999940395355,0,0,534,900,423158243,60,77,0.0,0.0,21.45231056213379,28.561859130859375,1,0,0.6000000238418579,0,0,0,0,0,7,0,0,0,8,99,1,0.0,0.0,29.29559326171875,28.408119201660156,1.5,0,99,0.0,0.0,0.0,0,1,0
1780579151.6035125,0,0.3499999940395355,0,0,534,900,423158243,60,77,0.0,0.0,21.45231056213379,28.561864852905273,1,0,0.6000000238418579,0,0,0,0,0,7,0,0,0,8,99,1,0.0,0.0,29.29559326171875,28.408123016357422,1.5,0,99,0.0,0.0,0.0,0,1,0
1780579151.6245115,0,0.3499999940395355,0,0,534,900,423158243,60,77,0.0,0.0,21.45231056213379,28.56186866760254,1,0,0.6000000238418579,0,0,0,0,0,7,0,0,0,8,99,1,0.0,0.0,29.29559326171875,28.40812110900879,1.5,0,99,0.0,0.0,0.0,0,1,0
1780579151.644291,0,0.3499999940395355,0,0,534,900,423158243,60,77,0.0,0.0,21.45231056213379,28.561870574951172,1,0,0.6000000238418579,0,0,0,0,0,7,0,0,0,8,99,1,0.0,0.0,29.29559326171875,28.40812110900879,1.5,0,99,0.0,0.0,0.0,0,1,0
1780579151.6642807,0,0.3499999940395355,0,0,534,900,423158243,60,77,0.0,0.0,21.45231056213379,28.561870574951172,1,0,0.6000000238418579,0,0,0,0,0,7,0,0,0,8,99,1,0.0,0.0,29.29559326171875,28.408119201660156,1.5,0,99,0.0,0.0,0.0,0,1,0
1780579151.6842437,0,0.3499999940395355,0,0,534,900,423158243,60,77,0.0,0.0,21.45231056213379,28.561870574951172,1,0,0.6000000238418579,0,0,0,0,0,7,0,0,0,8,99,1,0.0,0.0,29.29559326171875,28.408119201660156,1.5,0,99,0.0,0.0,0.0,0,1,0
1780579151.7041848,0,0.3499999940395355,0,0,534,900,423158243,60,77,0.0,0.0,21.45231056213379,28.561870574951172,1,0,0.6000000238418579,0,0,0,0,0,7,0,0,0,8,99,1,0.0,0.0,29.29559326171875,28.408119201660156,1.5,0,99,0.0,0.0,0.0,0,1,0
1780579151.72438,0,0.3499999940395355,0,0,534,900,423158243,60,77,0.0,0.0,21.45231056213379,28.561870574951172,1,0,0.6000000238418579,0,0,0,0,0,7,0,0,0,8,99,1,0.0,0.0,29.29559326171875,28.408123016357422,1.5,0,99,0.0,0.0,0.0,0,1,0
1780579151.7447426,0,0.3499999940395355,0,0,534,900,423158243,60,77,0.0,0.0,21.45231056213379,28.561870574951172,1,0,0.6000000238418579,0,0,0,0,0,7,0,0,0,8,99,1,0.0,0.0,29.29559326171875,28.408119201660156,1.5,0,99,0.0,0.0,0.0,0,1,0
1780579151.7642236,0,0.3499999940395355,0,0,534,900,423158243,60,77,0.0,0.0,21.45231056213379,28.561870574951172,0,0,0.6000000238418579,0,0,0,0,1,7,0,0,0,8,99,1,0.0,0.0,29.29559326171875,28.408123016357422,1.5,0,99,0.0,0.0,0.0,0,1,0
1780579151.7848868,0,0.3499999940395355,0,0,534,900,423158243,60,77,0.0,0.0,21.45231056213379,28.561870574951172,0,0,0.6000000238418579,0,0,0,0,1,7,0,0,0,8,99,1,0.0,0.0,29.29559326171875,28.408123016357422,1.5,0,99,0.0,0.0,0.0,0,1,0
1780579151.8061934,0,0.3499999940395355,0,0,534,900,423158243,60,77,0.0,0.0,21.45231056213379,28.561870574951172,0,0,0.6000000238418579,0,0,0,0,1,7,0,0,0,8,99,1,0.0,0.0,29.29559326171875,28.40812110900879,1.5,0,99,0.0,0.0,0.0,0,1,0
1780579151.8265991,0,0.3499999940395355,0,0,534,900,423158243,60,77,0.0,0.0,21.45231056213379,28.561870574951172,0,0,0.6000000238418579,0,0,0,0,1,7,0,0,0,8,99,1,0.0,0.0,29.29559326171875,28.40812110900879,1.5,0,99,0.0,0.0,0.0,0,1,0
1780579151.8460412,0,0.3499999940395355,0,0,534,900,423158243,60,77,0.0,0.0,21.45231056213379,28.561870574951172,0,0,0.6000000238418579,0,0,0,0,1,7,0,0,0,8,99,1,0.0,0.0,29.29559326171875,28.40812110900879,1.5,0,99,0.0,0.0,0.0,0,1,0
1780579151.8659449,0,0.3499999940395355,0,0,534,900,423158243,60,77,0.0,0.0,21.45231056213379,28.561870574951172,0,0,0.6000000238418579,0,0,0,0,1,7,0,0,0,8,99,1,0.0,0.0,29.29559326171875,28.408123016357422,1.5,0,99,0.0,0.0,0.0,0,1,0
1780579151.8852954,0,0.3499999940395355,0,0,534,900,423158243,60,77,0.0,0.0,21.45231056213379,28.561870574951172,0,0,0.6000000238418579,0,0,0,0,1,7,0,0,0,8,99,1,0.0,0.0,29.29559326171875,28.408123016357422,1.5,0,99,0.0,0.0,0.0,0,1,0
1780579151.9048953,0,0.3499999940395355,0,0,534,900,423158243,60,77,0.0,0.0,21.45231056213379,28.561870574951172,0,0,0.6000000238418579,0,0,0,0,1,7,0,0,0,8,99,1,0.0,0.0,29.29559326171875,28.40812110900879,1.5,0,99,0.0,0.0,0.0,0,1,0
1780579151.9241483,0,0.3499999940395355,0,0,534,900,423158243,60,77,0.0,0.0,21.45231056213379,28.561870574951172,0,0,0.6000000238418579,0,0,0,0,1,7,0,0,0,8,99,1,0.0,0.0,29.29559326171875,28.408123016357422,1.5,0,99,0.0,0.0,0.0,0,1,0
1780579151.9436877,0,0.3499999940395355,0,0,534,900,423158243,60,77,0.0,0.0,21.45231056213379,28.561870574951172,0,0,0.6000000238418579,0,0,0,0,1,7,0,0,0,8,99,1,0.0,0.0,29.29559326171875,28.40812110900879,1.5,0,99,0.0,0.0,0.0,0,1,0
1780579151.9641068,0,0.3499999940395355,0,0,534,900,423158243,60,77,0.0,0.0,21.45231056213379,28.561870574951172,0,0,0.6000000238418579,0,0,0,0,1,7,0,0,0,8,99,1,0.0,0.0,29.29559326171875,28.40812110900879,1.5,0,99,0.0,0.0,0.0,0,1,0
1780579151.9843678,0,0.3499999940395355,0,0,534,900,423158243,60,77,0.0,0.0,21.45231056213379,28.561870574951172,0,0,0.6000000238418579,0,0,0,0,1,7,0,0,0,8,99,1,0.0,0.0,29.29559326171875,28.40812110900879,1.5,0,99,0.0,0.0,0.0,0,1,0
1780579152.0038924,0,0.3499999940395355,0,0,534,900,423158243,60,77,0.0,0.0,21.45231056213379,28.561870574951172,0,0,0.6000000238418579,0,0,0,0,1,7,0,0,0,8,99,1,0.0,0.0,29.29559326171875,28.408119201660156,1.5,0,99,0.0,0.0,0.0,0,1,0
1780579152.0239646,0,0.3499999940395355,0,0,534,900,423158243,60,77,0.0,0.0,21.45231056213379,28.561870574951172,0,0,0.6000000238418579,0,0,0,0,1,7,0,0,0,8,99,1,0.0,0.0,29.29559326171875,28.408119201660156,1.5,0,98,0.0,0.0,0.0,0,1,0
1780579152.044323,0,0.3499999940395355,0,0,534,900,423158243,60,77,0.0,0.0,21.45231056213379,28.561870574951172,0,0,0.6000000238418579,0,0,0,0,1,7,0,0,0,8,99,1,0.0,0.0,29.29559326171875,28.408123016357422,1.5,0,98,0.0,0.0,0.0,0,1,0
1780579152.0639296,0,0.3499999940395355,0,0,534,900,423158243,60,77,0.0,0.0,21.45231056213379,28.561870574951172,0,0,0.6000000238418579,0,0,0,0,1,7,0,0,0,8,99,1,0.0,0.0,29.29559326171875,28.40812110900879,1.5,0,97,0.0,0.0,0.0,0,1,0
1780579152.0837667,0,0.3499999940395355,0,0,534,900,423158243,60,77,0.0,0.0,21.45231056213379,28.561870574951172,0,0,0.6000000238418579,0,0,0,0,1,7,0,0,0,8,99,1,0.0,0.0,29.29559326171875,28.408123016357422,1.5,0,96,0.0,0.0,0.0,0,1,0
1780579152.1043062,0,0.3499999940395355,0,0,534,900,423158243,60,77,0.0,0.0,21.45231056213379,28.561870574951172,0,0,0.6000000238418579,0,0,0,0,1,7,0,0,0,8,99,1,0.0,0.0,29.29559326171875,28.40812110900879,1.5,0,95,0.0,0.0,0.0,0,1,0
1780579152.1244936,0,0.3499999940395355,0,0,534,900,423158243,60,77,0.0,0.0,21.45231056213379,28.561870574951172,0,0,0.6000000238418579,0,0,0,0,1,7,0,0,0,8,99,1,0.0,0.0,29.29559326171875,28.408119201660156,1.5,0,95,0.0,0.0,0.0,0,1,0
1780579152.1440644,0,0.3499999940395355,0,0,534,900,423158243,60,77,0.0,0.0,21.45231056213379,28.561870574951172,0,0,0.6000000238418579,0,0,0,0,1,7,0,0,0,8,99,1,0.0,0.0,29.29559326171875,28.408123016357422,1.5,0,94,0.0,0.0,0.0,0,1,0
1780579152.1640906,0,0.3499999940395355,0,0,534,900,423158243,60,77,0.0,0.0,21.45231056213379,28.561870574951172,0,0,0.6000000238418579,0,0,0,0,1,7,0,0,0,8,99,1,0.0,0.0,29.29559326171875,28.40812110900879,1.5,0,93,0.0,0.0,0.0,0,1,0
1780579152.1841676,0,0.3499999940395355,0,0,534,900,423158243,60,77,0.0,0.0,21.45231056213379,28.561870574951172,0,0,0.6000000238418579,0,0,0,0,1,7,0,0,0,8,99,1,0.0,0.0,29.29559326171875,28.40812110900879,1.5,0,92,0.0,0.0,0.0,0,1,0
1780579152.2038944,0,0.3499999940395355,0,0,534,900,423158243,60,77,0.0,0.0,21.45231056213379,28.561870574951172,0,0,0.6000000238418579,0,0,0,0,1,7,0,0,0,8,99,1,0.0,0.0,29.29559326171875,28.40812110900879,1.5,0,92,0.0,0.0,0.0,0,1,0
1780579152.223927,0,0.3499999940395355,0,0,534,900,423158243,60,77,0.0,0.0,21.45231056213379,28.561870574951172,0,0,0.6000000238418579,0,0,0,0,1,7,0,0,0,8,99,1,0.0,0.0,29.29559326171875,28.408119201660156,1.5,0,91,0.0,0.0,0.0,0,1,0
1780579152.2444222,0,0.3499999940395355,0,0,534,900,423158243,60,77,0.0,0.0,21.45231056213379,28.561870574951172,0,0,0.6000000238418579,0,0,0,0,1,7,0,0,0,8,99,1,0.0,0.0,29.29559326171875,28.40812110900879,1.5,0,90,0.0,0.0,0.0,0,1,0
1780579152.264519,0,0.3499999940395355,0,0,534,900,423158243,60,77,0.0,0.0,21.45231056213379,28.561870574951172,0,0,0.6000000238418579,0,0,0,0,1,7,0,0,0,8,99,1,0.0,0.0,29.29559326171875,28.40812110900879,1.5,0,90,0.0,0.0,0.0,0,1,0
1780579152.2837288,0,0.3499999940395355,0,0,534,900,423158243,60,77,0.0,0.0,21.45231056213379,28.561870574951172,0,0,0.6000000238418579,0,0,0,0,1,7,0,0,0,8,99,1,0.0,0.0,29.29559326171875,28.40812110900879,1.5,0,89,0.0,0.0,0.0,0,1,0
1780579152.303755,0,0.3499999940395355,0,0,534,900,423158243,60,77,0.0,0.0,21.45231056213379,28.561870574951172,0,0,0.6000000238418579,0,0,0,0,1,7,0,0,0,8,99,1,0.0,0.0,29.29559326171875,28.408119201660156,1.5,0,88,0.0,0.0,0.0,0,1,0
1780579152.3237522,0,0.3499999940395355,0,0,534,900,423158243,60,77,0.0,0.0,21.45231056213379,28.561870574951172,0,0,0.6000000238418579,0,0,0,0,1,7,0,0,0,8,99,1,0.0,0.0,29.29559326171875,28.408123016357422,1.5,0,87,0.0,0.0,0.0,0,1,0
1780579152.3444333,0,0.3499999940395355,0,0,534,900,423158243,60,77,0.0,0.0,21.45231056213379,28.561870574951172,0,0,0.6000000238418579,0,0,0,0,1,7,0,0,0,8,99,1,0.0,0.0,29.29559326171875,28.408123016357422,1.5,0,87,0.0,0.0,0.0,0,1,0
1780579152.3644242,0,0.3499999940395355,0,0,534,900,423158243,60,77,0.0,0.0,21.45231056213379,28.561870574951172,0,0,0.6000000238418579,0,0,0,0,1,7,0,0,0,8,99,1,0.0,0.0,29.29559326171875,28.40812110900879,1.5,0,86,0.0,0.0,0.0,0,1,0
1780579152.3842876,0,0.3499999940395355,0,0,534,900,423158243,60,77,0.0,0.0,21.45231056213379,28.561870574951172,0,0,0.6000000238418579,0,0,0,0,1,7,0,0,0,8,99,1,0.0,0.0,29.29559326171875,28.40812110900879,1.5,0,85,0.0,0.0,0.0,0,1,0
1780579152.404012,0,0.3499999940395355,0,0,534,900,423158243,60,77,0.0,0.0,21.45231056213379,28.561870574951172,0,0,0.6000000238418579,0,0,0,0,1,7,0,0,0,8,99,1,0.0,0.0,29.29559326171875,28.408119201660156,1.5,0,84,0.0,0.0,0.0,0,1,0
1780579152.4235525,0,0.3499999940395355,0,0,534,900,423158243,60,77,0.0,0.0,21.45231056213379,28.561870574951172,0,0,0.6000000238418579,0,0,0,0,1,7,0,0,0,8,99,1,0.0,0.0,29.29559326171875,28.40812110900879,1.5,0,84,0.0,0.0,0.0,0,1,0
1780579152.4441087,0,0.3499999940395355,0,0,534,900,423158243,60,77,0.0,0.0,21.45231056213379,28.561870574951172,0,0,0.6000000238418579,0,0,0,0,1,7,0,0,0,8,99,1,0.0,0.0,29.29559326171875,28.40812110900879,1.5,0,83,0.0,0.0,0.0,0,1,0
1780579152.4642353,0,0.3499999940395355,0,0,534,900,423158243,60,77,0.0,0.0,21.45231056213379,28.561870574951172,0,0,0.6000000238418579,0,0,0,0,1,7,0,0,0,8,99,1,0.0,0.0,29.29559326171875,28.408119201660156,1.5,0,82,0.0,0.0,0.0,0,1,0
1780579152.48409,0,0.3499999940395355,0,0,534,900,423158243,60,77,0.0,0.0,21.45231056213379,28.561870574951172,0,0,0.6000000238418579,0,0,0,0,1,7,0,0,0,8,99,1,0.0,0.0,29.29559326171875,28.408119201660156,1.5,0,81,0.0,0.0,0.0,0,1,0
1780579152.5038395,0,0.3499999940395355,0,0,534,900,423158243,60,77,0.0,0.0,21.45231056213379,28.561870574951172,0,0,0.6000000238418579,0,0,0,0,1,7,0,0,0,8,99,1,0.0,0.0,29.29559326171875,28.408119201660156,1.5,0,81,0.0,0.0,0.0,0,1,0
1780579152.524114,0,0.3499999940395355,0,0,534,900,423158243,60,77,0.0,0.0,21.45231056213379,28.561870574951172,0,0,0.6000000238418579,0,0,0,0,1,7,0,0,0,8,99,1,0.0,0.0,29.29559326171875,28.408123016357422,1.5,0,80,0.0,0.0,0.0,0,1,0
1780579152.5441084,0,0.3499999940395355,0,0,534,900,423158243,60,77,0.0,0.0,21.45231056213379,28.561870574951172,0,0,0.6000000238418579,0,0,0,0,1,7,0,0,0,8,99,1,0.0,0.0,29.29559326171875,28.40812110900879,1.5,0,79,0.0,0.0,0.0,0,1,0
1780579152.5639071,0,0.3499999940395355,0,0,534,900,423158243,60,77,0.0,0.0,21.45231056213379,28.561870574951172,0,0,0.6000000238418579,0,0,0,0,1,7,0,0,0,8,99,1,0.0,0.0,29.29559326171875,28.408119201660156,1.5,0,78,0.0,0.0,0.0,0,1,0
1780579152.5838459,0,0.3499999940395355,0,0,534,900,423158243,60,77,0.0,0.0,21.45231056213379,28.561870574951172,0,0,0.6000000238418579,0,0,0,0,1,7,0,0,0,8,99,1,0.0,0.0,29.29559326171875,28.408123016357422,1.5,0,78,0.0,0.0,0.0,0,1,0
1780579152.604179,0,0.3499999940395355,0,0,534,900,423158243,60,77,0.0,0.0,21.45231056213379,28.561870574951172,0,0,0.6000000238418579,0,0,0,0,1,7,0,0,0,8,99,1,0.0,0.0,29.29559326171875,28.40812110900879,1.5,0,77,0.0,0.0,0.0,0,1,0
1780579152.6236355,0,0.3499999940395355,0,0,534,900,423158243,60,77,0.0,0.0,21.45231056213379,28.561870574951172,0,0,0.6000000238418579,0,0,0,0,1,7,0,0,0,8,99,1,0.0,0.0,29.29559326171875,28.40812110900879,1.5,0,76,0.0,0.0,0.0,0,1,0
1780579152.6437032,0,0.3499999940395355,0,0,534,900,423158243,60,77,0.0,0.0,21.45231056213379,28.561870574951172,0,0,0.6000000238418579,0,0,0,0,1,7,0,0,0,8,99,1,0.0,0.0,29.29559326171875,28.40812110900879,1.5,0,75,0.0,0.0,0.0,0,1,0
1780579152.6638906,0,0.3499999940395355,0,0,534,900,423158243,60,77,0.0,0.0,21.45231056213379,28.561870574951172,0,0,0.6000000238418579,0,0,0,0,1,7,0,0,0,8,99,1,0.0,0.0,29.29559326171875,28.408119201660156,1.5,0,75,0.0,0.0,0.0,0,1,0
1780579152.6841288,0,0.3499999940395355,0,0,534,900,423158243,60,77,0.0,0.0,21.45231056213379,28.561870574951172,0,0,0.6000000238418579,0,0,0,0,1,7,0,0,0,8,99,1,0.0,0.0,29.29559326171875,28.408123016357422,1.5,0,74,0.0,0.0,0.0,0,1,0
1780579152.7036912,0,0.3499999940395355,0,0,534,900,423158243,60,77,0.0,0.0,21.45231056213379,28.561870574951172,0,0,0.6000000238418579,0,0,0,0,1,7,0,0,0,8,99,1,0.0,0.0,29.29559326171875,28.40812110900879,1.5,0,73,0.0,0.0,0.0,0,1,0
1780579152.7240682,0,0.3499999940395355,0,0,534,900,423158243,60,77,0.0,0.0,21.45231056213379,28.561870574951172,0,0,0.6000000238418579,0,0,0,0,1,7,0,0,0,8,99,1,0.0,0.0,29.29559326171875,28.40812110900879,1.5,0,72,0.0,0.0,0.0,0,1,0
1780579152.7440467,0,0.3499999940395355,0,0,534,900,423158243,60,77,0.0,0.0,21.45231056213379,28.561870574951172,0,0,0.6000000238418579,0,0,0,0,1,7,0,0,0,8,99,1,0.0,0.0,29.29559326171875,28.40812110900879,1.5,0,72,0.0,0.0,0.0,0,1,0
1780579152.7639842,0,0.3499999940395355,0,0,534,900,423158243,60,77,0.0,0.0,21.45231056213379,28.561870574951172,0,0,0.6000000238418579,0,0,0,0,1,7,0,0,0,8,99,1,0.0,0.0,29.29559326171875,28.408119201660156,1.5,0,71,0.0,0.0,0.0,0,1,0
1780579152.7838197,0,0.3499999940395355,0,0,534,900,423158243,60,77,0.0,0.0,21.45231056213379,28.561870574951172,0,0,0.6000000238418579,0,0,0,0,1,7,0,0,0,8,99,1,0.0,0.0,29.29559326171875,28.408119201660156,1.5,0,70,0.0,0.0,0.0,0,1,0
1780579152.804283,0,0.3499999940395355,0,0,534,900,423158243,60,77,0.0,0.0,21.45231056213379,28.561870574951172,0,0,0.6000000238418579,0,0,0,0,1,7,0,0,0,8,99,1,0.0,0.0,29.29559326171875,28.408123016357422,1.5,0,70,0.0,0.0,0.0,0,1,0
1780579152.823918,0,0.3499999940395355,0,0,534,900,423158243,60,77,0.0,0.0,21.45231056213379,28.561870574951172,0,0,0.6000000238418579,0,0,0,0,1,7,0,0,0,8,99,1,0.0,0.0,29.29559326171875,28.408119201660156,1.5,0,69,0.0,0.0,0.0,0,1,0
1780579152.8437898,0,0.3499999940395355,0,0,534,900,423158243,60,77,0.0,0.0,21.45231056213379,28.561870574951172,0,0,0.6000000238418579,0,0,0,0,1,7,0,0,0,8,99,1,0.0,0.0,29.29559326171875,28.408123016357422,1.5,0,68,0.0,0.0,0.0,0,1,0
1780579152.8637795,0,0.3499999940395355,0,0,534,900,423158243,60,77,0.0,0.0,21.45231056213379,28.561870574951172,0,0,0.6000000238418579,0,0,0,0,1,7,0,0,0,8,99,1,0.0,0.0,29.29559326171875,28.40812110900879,1.5,0,67,0.0,0.0,0.0,0,1,0
1780579152.884053,0,0.3499999940395355,0,0,534,900,423158243,60,77,0.0,0.0,21.45231056213379,28.561870574951172,0,0,0.6000000238418579,0,0,0,0,1,7,0,0,0,8,99,1,0.0,0.0,29.29559326171875,28.40812110900879,1.5,0,67,0.0,0.0,0.0,0,1,0
1780579152.9042468,0,0.3499999940395355,0,0,534,900,423158243,60,77,0.0,0.0,21.45231056213379,28.561870574951172,0,0,0.6000000238418579,0,0,0,0,1,8,0,0,0,8,99,1,0.0,0.0,29.29559326171875,28.40812110900879,1.5,0,66,0.0,0.0,0.0,0,1,0
1780579152.9241016,0,0.3499999940395355,0,0,534,900,423158243,60,77,0.0,0.0,21.45231056213379,28.561870574951172,0,0,0.6000000238418579,0,0,0,0,1,8,0,0,0,8,99,1,0.0,0.0,29.29559326171875,28.408123016357422,1.5,0,66,0.0,0.0,0.0,0,1,0
1780579152.944271,0,0.3499999940395355,0,0,534,900,423158243,60,77,0.0,0.0,21.45231056213379,28.561870574951172,0,0,0.6000000238418579,0,0,0,0,1,8,0,0,0,8,99,1,0.0,0.0,29.29559326171875,28.40812110900879,1.5,0,66,0.0,0.0,0.0,0,1,0
1780579152.964042,0,0.3499999940395355,0,0,534,900,423158243,60,77,0.0,0.0,21.45231056213379,28.561870574951172,0,0,0.6000000238418579,0,0,0,0,1,8,0,0,0,8,99,1,0.0,0.0,29.29559326171875,28.40812110900879,1.5,0,66,0.0,0.0,0.0,0,1,0
1780579152.9836884,0,0.3499999940395355,0,0,534,900,423158243,60,77,0.0,0.0,21.45231056213379,28.561870574951172,0,0,0.6000000238418579,0,0,0,0,1,8,0,0,0,8,99,1,0.0,0.0,29.29559326171875,28.408119201660156,1.5,0,66,0.0,0.0,0.0,0,1,0
1780579153.003823,0,0.3499999940395355,0,0,534,900,423158243,60,77,0.0,0.0,21.45231056213379,28.561870574951172,0,0,0.6000000238418579,0,0,0,0,1,8,0,0,0,8,99,1,0.0,0.0,29.29559326171875,28.408119201660156,1.5,0,66,0.0,0.0,0.0,0,1,0
1780579153.024242,0,0.3499999940395355,0,0,534,900,423158243,60,77,0.0,0.0,21.45231056213379,28.561870574951172,0,0,0.6000000238418579,0,0,0,0,1,8,0,0,0,8,99,1,0.0,0.0,29.29559326171875,28.408119201660156,1.5,0,66,0.0,0.0,0.0,0,1,0
1780579153.0442874,0,0.3499999940395355,0,0,534,900,423158243,60,77,0.0,0.0,21.45231056213379,28.561870574951172,0,0,0.6000000238418579,0,0,0,0,1,8,0,0,0,8,99,1,0.0,0.0,29.29559326171875,28.408123016357422,1.5,0,66,0.0,0.0,0.0,0,0,0
1780579153.0639844,0,0.3499999940395355,0,0,534,900,423158243,60,77,0.0,0.0,21.45231056213379,28.561870574951172,0,0,0.6000000238418579,0,0,0,0,1,8,0,0,0,8,99,1,0.0,0.0,29.29559326171875,28.408119201660156,1.5,0,66,0.0,0.0,0.0,0,0,0
1780579153.0846808,0,0.3499999940395355,0,0,534,900,423158243,60,77,0.0,0.0,21.45231056213379,28.561870574951172,0,0,0.6000000238418579,0,0,0,0,1,8,0,0,0,8,99,1,0.0,0.0,29.29559326171875,28.40812110900879,1.5,0,66,0.0,0.0,0.0,0,0,0
1780579153.104168,0,0.3499999940395355,0,0,534,900,423158243,60,77,0.0,0.0,21.45231056213379,28.561870574951172,0,0,0.6000000238418579,0,0,0,0,0,8,0,0,0,8,99,1,0.0,0.0,29.29559326171875,28.40812110900879,1.5,0,66,0.0,0.0,0.0,0,0,0
1780579153.124786,0,0.3499999940395355,0,0,534,900,423158243,60,77,0.0,0.0,21.45231056213379,28.561870574951172,0,0,0.6000000238418579,0,0,0,0,0,8,0,0,0,8,99,1,0.0,0.0,29.29559326171875,28.40812110900879,1.5,0,66,0.0,0.0,0.0,0,0,0
1780579153.1440766,0,0.3499999940395355,0,0,534,900,423158243,60,77,0.0,0.0,21.45231056213379,28.561870574951172,0,0,0.6000000238418579,0,0,0,0,0,8,0,0,0,8,99,1,0.0,0.0,29.29559326171875,28.408119201660156,1.5,0,66,0.0,0.0,0.0,0,0,0
1780579153.1643052,0,0.3499999940395355,0,0,534,900,423158243,60,77,0.0,0.0,21.45231056213379,28.561870574951172,0,0,0.6000000238418579,0,0,0,0,0,8,0,0,0,8,99,1,0.0,0.0,29.29559326171875,28.408123016357422,1.5,0,66,0.0,0.0,0.0,0,0,0
1780579153.1841419,0,0.3499999940395355,0,0,534,900,423158243,60,77,0.0,0.0,21.45231056213379,28.561870574951172,0,0,0.6000000238418579,0,0,0,0,0,8,0,0,0,8,99,1,0.0,0.0,29.29559326171875,28.40812110900879,1.5,0,66,0.0,0.0,0.0,0,1,0
1780579153.2041664,0,0.3499999940395355,0,0,534,900,423158243,60,77,0.0,0.0,21.45231056213379,28.561870574951172,0,0,0.6000000238418579,0,0,0,0,0,8,0,0,0,8,99,1,0.0,0.0,29.29559326171875,28.408123016357422,1.5,0,66,0.0,0.0,0.0,0,1,0
1780579153.2243052,0,0.3499999940395355,0,0,534,900,423158243,60,77,0.0,0.0,21.45231056213379,28.561870574951172,0,0,0.6000000238418579,0,0,0,0,0,8,0,0,0,8,99,1,0.0,0.0,29.29559326171875,28.40812110900879,1.5,0,66,0.0,0.0,0.0,0,1,0
1780579153.2445915,0,0.3499999940395355,0,0,534,900,423158243,60,77,0.0,0.0,21.45231056213379,28.561870574951172,0,0,0.6000000238418579,0,0,0,0,0,8,0,0,0,8,99,1,0.0,0.0,29.29559326171875,28.408123016357422,1.5,0,66,0.0,0.0,0.0,0,1,0
1780579153.2639132,0,0.3499999940395355,0,0,534,900,423158243,60,77,0.0,0.0,21.45231056213379,28.561870574951172,0,0,0.6000000238418579,0,0,0,0,0,8,0,0,0,8,99,1,0.0,0.0,29.29559326171875,28.40812110900879,1.5,0,66,0.0,0.0,0.0,0,1,0
1780579153.284275,0,0.3499999940395355,0,0,534,900,423158243,60,77,0.0,0.0,21.45231056213379,28.561870574951172,0,0,0.6000000238418579,0,0,0,0,0,8,0,0,0,8,99,1,0.0,0.0,29.29559326171875,28.40812110900879,1.5,0,66,0.0,0.0,0.0,0,1,0
1780579153.3039043,0,0.3499999940395355,0,0,534,900,423158243,60,77,0.0,0.0,21.45231056213379,28.561870574951172,0,0,0.6000000238418579,0,0,0,0,0,8,0,0,0,8,99,1,0.0,0.0,29.29559326171875,28.40812110900879,1.5,0,66,0.0,0.0,0.0,0,1,0
1780579153.3241644,0,0.3499999940395355,0,0,534,900,423158243,60,77,0.0,0.0,21.45231056213379,28.561870574951172,0,0,0.6000000238418579,0,0,0,0,0,8,0,0,0,8,99,1,0.0,0.0,29.29559326171875,28.408123016357422,1.5,0,66,0.0,0.0,0.0,0,0,0
1780579153.3444576,0,0.3499999940395355,0,0,534,900,423158243,60,77,0.0,0.0,21.45231056213379,28.561870574951172,1,0,0.6000000238418579,0,0,0,0,0,8,0,0,0,8,99,1,0.0,0.0,29.29559326171875,28.40812110900879,1.5,0,66,0.0,0.0,0.0,0,0,0
1780579153.364599,0,0.3499999940395355,0,0,534,900,423158243,60,77,0.0,0.0,21.45231056213379,28.561870574951172,1,0,0.6000000238418579,0,0,0,0,0,8,0,0,0,8,99,1,0.0,0.0,29.29559326171875,28.40812110900879,1.5,0,66,0.0,0.0,0.0,0,0,0
1780579153.3846405,0,0.3499999940395355,0,0,534,900,423158243,60,77,0.0,0.0,21.45231056213379,28.561870574951172,1,0,0.6000000238418579,0,0,0,0,0,8,0,0,0,8,99,1,0.0,0.0,29.29559326171875,28.40812110900879,1.5,0,66,0.0,0.0,0.0,0,0,0
1780579153.4037793,0,0.3499999940395355,0,0,534,900,423158243,60,77,0.0,0.0,21.45231056213379,28.561870574951172,1,0,0.6000000238418579,0,0,0,0,0,8,0,0,0,8,99,1,0.0,0.0,29.29559326171875,28.408119201660156,1.5,0,66,0.0,0.0,0.0,0,1,0
1780579153.4247987,0,0.3499999940395355,0,0,534,900,423158243,60,77,0.0,0.0,21.45231056213379,28.561870574951172,1,0,0.6000000238418579,0,0,0,0,0,8,0,0,0,8,99,1,0.0,0.0,29.29559326171875,28.40812110900879,1.5,0,66,0.0,0.0,0.0,0,1,0
1780579153.444586,0,0.3499999940395355,0,0,534,900,423158243,60,77,0.0,0.0,21.45231056213379,28.561870574951172,1,0,0.6000000238418579,0,0,0,0,0,8,0,0,0,8,99,1,0.0,0.0,29.29559326171875,28.408123016357422,1.5,0,66,0.0,0.0,0.0,0,1,0
1780579153.4646919,0,0.3499999940395355,0,0,534,900,423158243,60,77,0.0,0.0,21.45231056213379,28.561870574951172,1,0,0.6000000238418579,0,0,0,0,0,8,0,0,0,8,99,1,0.0,0.0,29.29559326171875,28.40812110900879,1.5,0,66,0.0,0.0,0.0,0,1,0
1780579153.4843593,0,0.3499999940395355,0,0,534,900,423158243,60,77,0.0,0.0,21.45231056213379,28.561870574951172,1,0,0.6000000238418579,0,0,0,0,0,8,0,0,0,8,99,1,0.0,0.0,29.29559326171875,28.40812110900879,1.5,0,66,0.0,0.0,0.0,0,1,0
1780579153.504183,0,0.3499999940395355,0,0,534,900,423158243,60,77,0.0,0.0,21.45231056213379,28.561870574951172,1,0,0.6000000238418579,0,0,0,0,0,8,0,0,0,8,99,1,0.0,0.0,29.29559326171875,28.408119201660156,1.5,0,66,0.0,0.0,0.0,0,0,0
1780579153.5244038,0,0.3499999940395355,0,0,534,900,423158243,60,77,0.0,0.0,21.45231056213379,28.561870574951172,0,0,0.6000000238418579,0,0,0,0,0,8,0,0,0,8,99,1,0.0,0.0,29.29559326171875,28.408123016357422,1.5,0,66,0.0,0.0,0.0,0,0,0
1780579153.5442834,0,0.3499999940395355,0,0,534,900,423158243,60,77,0.0,0.0,21.45231056213379,28.561870574951172,0,0,0.6000000238418579,0,0,0,0,0,8,0,0,0,8,99,1,0.0,0.0,29.29559326171875,28.408119201660156,1.5,0,66,0.0,0.0,0.0,0,0,0
1780579153.564433,0,0.3499999940395355,0,0,534,900,423158243,60,77,0.0,0.0,21.45231056213379,28.561870574951172,0,0,0.6000000238418579,0,0,0,0,0,8,0,0,0,8,99,1,0.0,0.0,29.29559326171875,28.408123016357422,1.5,0,66,0.0,0.0,0.0,0,0,0
1780579153.584576,0,0.3499999940395355,0,0,534,900,423158243,60,77,0.0,0.0,21.45231056213379,28.561870574951172,0,0,0.6000000238418579,0,0,0,0,0,8,0,0,0,8,99,1,0.0,0.0,29.29559326171875,28.408123016357422,1.5,0,66,0.0,0.0,0.0,0,1,0
1780579153.6039274,0,0.3499999940395355,0,0,534,900,423158243,60,77,0.0,0.0,21.45231056213379,28.561870574951172,0,0,0.6000000238418579,0,0,0,0,0,8,0,0,0,8,99,1,0.0,0.0,29.29559326171875,28.40812110900879,1.5,0,66,0.0,0.0,0.0,0,1,0
1780579153.6245394,0,0.3499999940395355,0,0,534,900,423158243,60,77,0.0,0.0,21.45231056213379,28.561870574951172,0,0,0.6000000238418579,0,0,0,0,0,8,0,0,0,8,99,1,0.0,0.0,29.29559326171875,28.40812110900879,1.5,0,33,0.0,0.0,0.0,0,1,0
1780579153.6440308,0,0.3499999940395355,0,0,534,900,423158243,60,77,0.0,0.0,21.45231056213379,28.561870574951172,0,0,0.6000000238418579,0,0,0,0,0,8,0,0,0,8,99,1,2.0,0.0,29.322063446044922,28.40812110900879,1.5,0,33,0.0,0.0,0.0,0,1,0
1780579153.6640468,0,0.3499999940395355,0,0,534,900,423158243,60,77,0.0,0.0,21.45231056213379,28.561870574951172,0,0,0.6000000238418579,0,0,0,0,0,8,0,0,0,8,99,1,2.0,0.0,29.362159729003906,28.40812110900879,1.5,0,33,0.0,0.0,0.0,0,1,0
1780579153.6847491,0,0.3499999940395355,0,0,504,900,423158243,7,77,0.0,0.0,21.45231056213379,28.561870574951172,0,0,0.6000000238418579,0,0,0,0,0,8,0,0,0,8,99,1,2.0,0.0,29.402172088623047,28.408119201660156,1.5,0,33,0.0,0.0,0.0,0,1,0
1780579153.7043533,0,0.3499999940395355,0,0,504,900,423158243,7,77,0.0,0.0,21.00231170654297,28.561870574951172,0,0,0.6000000238418579,0,0,0,0,0,8,0,0,0,8,99,1,2.0,0.0,29.442367553710938,28.408123016357422,1.5,0,33,0.0,0.0,0.0,0,0,0
1780579153.7247589,0,0.3499999940395355,0,0,504,900,423158243,7,77,0.0,0.0,20.552310943603516,28.561870574951172,0,0,0.6000000238418579,0,0,0,0,0,8,0,0,0,8,99,1,2.0,0.0,29.482328414916992,28.40812110900879,1.5,0,33,0.0,0.0,0.0,0,0,0
1780579153.7443144,0,0.3499999940395355,0,0,504,900,423158243,7,77,0.0,0.0,20.102310180664062,28.561870574951172,0,0,0.6000000238418579,0,0,0,0,0,8,0,0,0,8,99,1,2.0,0.0,29.522289276123047,28.40812110900879,1.5,0,33,0.0,0.0,0.0,0,0,0
1780579153.7640479,0,0.3499999940395355,0,0,504,900,423158243,7,77,0.0,0.0,19.65230941772461,28.561870574951172,0,0,0.6000000238418579,0,0,0,0,0,8,0,0,0,8,99,1,2.0,0.0,29.5622501373291,28.40812110900879,1.5,0,33,0.0,0.0,0.0,0,0,0
1780579153.7841856,0,0.3499999940395355,0,0,504,900,423158243,7,77,0.0,0.0,19.202308654785156,28.561870574951172,0,0,0.6000000238418579,0,0,0,0,0,8,0,0,0,8,99,1,2.0,0.0,29.602210998535156,28.40812110900879,1.5,0,33,0.0,0.0,0.0,0,0,0
1780579153.80408,0,0.3499999940395355,0,0,504,900,423158243,7,77,0.0,0.0,18.752307891845703,28.561870574951172,0,0,0.6000000238418579,0,0,0,0,0,8,0,0,0,8,99,1,2.0,0.0,29.642230987548828,28.408123016357422,1.5,0,33,0.0,0.0,0.0,0,0,0
1780579153.8239064,0,0.3499999940395355,0,0,504,900,423158243,7,77,0.0,0.0,18.30230712890625,28.561870574951172,0,0,0.6000000238418579,0,0,0,0,0,8,0,0,0,8,99,1,2.0,0.0,29.682191848754883,28.40812110900879,1.5,0,33,0.0,0.0,0.0,0,1,0
1780579153.8439143,0,0.3499999940395355,0,0,504,900,423158243,7,77,0.0,0.0,17.852306365966797,28.561870574951172,0,0,0.6000000238418579,0,0,0,0,0,8,0,0,0,8,99,1,2.0,0.0,29.722152709960938,28.40812110900879,1.5,0,33,0.0,0.0,0.0,0,1,0
1780579153.8646314,0,0.3499999940395355,0,0,504,900,423158243,7,77,0.0,0.0,17.852306365966797,28.561870574951172,0,0,0.6000000238418579,0,0,0,0,0,8,0,0,0,8,99,1,2.0,0.0,29.762113571166992,28.40812110900879,1.5,0,33,0.0,0.0,0.0,0,1,0
1780579153.884208,0,0.3499999940395355,0,0,504,900,423158243,7,77,0.0,0.0,17.852306365966797,28.561870574951172,0,0,0.6000000238418579,0,0,0,0,0,8,0,0,0,8,99,1,2.0,0.0,29.80230712890625,28.40812110900879,1.5,0,33,0.0,0.0,0.0,0,0,0
1780579153.903731,0,0.3499999940395355,0,0,504,900,423158243,7,77,0.0,0.0,17.852306365966797,28.561870574951172,0,0,0.6000000238418579,0,0,0,0,0,8,0,0,0,8,99,1,2.0,0.0,29.842266082763672,28.40812110900879,1.5,0,33,0.0,0.0,0.0,0,0,0
1780579153.924234,0,0.3499999940395355,0,0,504,900,423158243,7,77,0.0,0.0,17.852306365966797,28.561870574951172,1,0,0.6000000238418579,0,0,0,0,0,8,0,0,0,8,99,1,2.0,0.0,29.88222885131836,28.408119201660156,1.5,0,33,0.0,0.0,0.0,0,0,0
1780579153.944219,0,0.3499999940395355,0,0,504,900,423158243,7,77,0.0,0.0,17.852306365966797,28.561870574951172,1,0,0.6000000238418579,0,0,0,0,0,8,0,0,0,8,99,1,0.0,0.0,29.895606994628906,28.408123016357422,1.5,0,33,0.0,0.0,0.0,0,0,0
1780579153.964447,0,0.3499999940395355,0,0,504,900,423158243,7,77,0.0,0.0,17.852306365966797,28.561870574951172,1,0,0.6000000238418579,0,0,0,0,0,8,0,0,0,8,99,1,0.0,0.0,29.895606994628906,28.40812110900879,1.5,0,33,0.0,0.0,0.0,0,0,0
1780579153.9841006,0,0.3499999940395355,0,0,504,900,423158243,7,77,0.0,0.0,17.852306365966797,28.561870574951172,1,0,0.6000000238418579,0,0,0,0,0,8,0,0,0,8,99,1,0.0,0.0,29.895606994628906,28.40812110900879,1.5,0,33,0.0,0.0,0.0,0,0,0
1780579154.004186,0,0.3499999940395355,0,0,504,900,423158243,9,77,16.875518798828125,41.0,17.852306365966797,28.561870574951172,1,0,0.6000000238418579,0,0,0,0,0,8,0,0,0,8,99,1,0.0,0.0,29.895606994628906,28.408119201660156,1.5,0,33,0.0,0.0,0.0,0,0,0
1780579154.0242834,0,0.3499999940395355,0,0,504,900,423158243,10,77,16.875518798828125,39.20000076293945,18.189817428588867,29.345870971679688,1,0,0.6000000238418579,0,0,0,0,0,8,0,0,0,8,99,1,0.0,0.0,29.895606994628906,28.40812110900879,1.5,0,33,0.0,0.0,0.0,0,0,0
1780579154.0439234,0,0.3499999940395355,0,0,504,900,423158243,10,77,16.875518798828125,37.400001525878906,18.527328491210938,30.093870162963867,1,0,0.6000000238418579,0,0,0,0,0,8,0,0,0,8,99,1,0.0,0.0,29.895606994628906,28.408119201660156,1.5,0,33,0.0,0.0,0.0,0,0,0
1780579154.06409,0,0.3499999940395355,0,0,504,900,423158243,10,77,16.875518798828125,35.60000228881836,18.864839553833008,30.805870056152344,1,0,0.6000000238418579,0,0,0,0,0,8,0,0,0,8,99,1,0.0,0.0,29.895606994628906,28.408123016357422,1.5,0,33,0.0,0.0,0.0,0,0,0
1780579154.0841012,0,0.3499999940395355,0,0,504,900,423158243,10,77,16.875518798828125,33.80000305175781,19.202350616455078,31.481870651245117,1,0,0.6000000238418579,0,0,0,0,0,8,0,0,0,8,99,1,0.0,0.0,29.895606994628906,28.40812110900879,1.5,0,33,0.0,0.0,0.0,0,0,0
1780579154.1042387,0,0.3499999940395355,0,0,504,900,423158243,10,77,16.875518798828125,32.000003814697266,19.53986167907715,32.12186813354492,1,0,0.6000000238418579,0,0,0,0,0,8,0,0,0,8,99,1,0.0,0.0,29.895606994628906,28.40812110900879,1.5,0,33,0.0,0.0,0.0,0,0,0
1780579154.123961,0,0.3499999940395355,0,0,504,900,423158243,10,77,16.875518798828125,30.20000457763672,19.87737274169922,32.725868225097656,1,0,0.6000000238418579,0,0,0,0,0,8,0,0,0,8,99,1,0.0,0.0,29.895606994628906,28.40812110900879,1.5,0,33,0.0,0.0,0.0,0,0,0
1780579154.1439836,0,0.3499999940395355,0,0,504,900,423158243,10,77,16.875518798828125,28.400005340576172,20.21488380432129,33.29386901855469,1,0,0.6000000238418579,0,0,0,0,0,8,0,0,0,8,99,1,0.0,0.0,29.895606994628906,28.408119201660156,1.5,0,33,0.0,0.0,0.0,0,0,0
1780579154.1641054,0,0.3499999940395355,0,0,504,900,423158243,10,77,16.875518798828125,26.600006103515625,20.55239486694336,33.825870513916016,1,0,0.6000000238418579,0,0,0,0,0,8,0,0,0,8,99,1,0.0,0.0,29.895606994628906,28.40812110900879,1.5,0,33,0.0,0.0,0.0,0,0,0
1780579154.1839497,0,0.3499999940395355,0,0,504,900,423158243,10,77,16.875518798828125,24.800006866455078,20.88990592956543,34.321868896484375,1,0,0.6000000238418579,0,0,0,0,0,8,0,0,0,8,99,1,0.0,0.0,29.895606994628906,28.40812110900879,1.5,0,33,0.0,0.0,0.0,0,0,0
1780579154.2040842,0,0.3499999940395355,0,0,504,900,423158243,10,77,16.875518798828125,23.00000762939453,21.2274169921875,34.78186798095703,1,0,0.6000000238418579,0,0,0,0,0,8,0,0,0,8,99,1,0.0,0.0,29.895606994628906,28.40812110900879,1.5,0,33,0.0,0.0,0.0,0,0,0
1780579154.2238944,0,0.3499999940395355,0,0,504,900,423158243,10,77,16.875518798828125,21.200008392333984,21.56492805480957,35.205867767333984,1,0,0.6000000238418579,0,0,0,0,0,8,0,0,0,8,99,1,0.0,0.0,29.895606994628906,28.408119201660156,1.5,0,33,0.0,0.0,0.0,0,0,0
1780579154.2436824,0,0.3499999940395355,0,0,504,900,423158243,10,77,16.875518798828125,19.400009155273438,21.90243911743164,35.593868255615234,1,0,0.6000000238418579,0,0,0,0,0,8,0,0,0,8,99,1,0.0,0.0,29.895606994628906,28.408119201660156,1.5,0,33,0.0,0.0,0.0,0,0,0
1780579154.2639494,0,0.3499999940395355,0,0,504,900,423158243,10,77,16.875518798828125,17.60000991821289,22.23995018005371,35.94586944580078,1,0,0.6000000238418579,0,0,0,0,0,8,0,0,0,8,99,1,0.0,0.0,29.895606994628906,28.40812110900879,1.5,0,33,0.0,0.0,0.0,0,0,0
1780579154.28406,0,0.3499999940395355,0,0,504,900,423158243,10,77,16.875518798828125,15.800010681152344,22.57746124267578,36.261871337890625,1,0,0.6000000238418579,0,0,0,0,0,8,0,0,0,8,99,1,0.0,0.0,29.895606994628906,28.408119201660156,1.5,0,33,0.0,0.0,0.0,0,0,0
1780579154.30392,0,0.3499999940395355,0,0,504,900,423158243,10,77,16.875518798828125,14.000011444091797,22.91497230529785,36.5418701171875,1,0,0.6000000238418579,0,0,0,0,0,8,0,0,0,8,99,1,0.0,0.0,29.895606994628906,28.40812110900879,1.5,0,33,0.0,0.0,0.0,0,0,0
1780579154.323663,0,0.3499999940395355,0,0,504,900,423158243,10,77,16.875518798828125,12.20001220703125,23.252483367919922,36.78586959838867,1,0,0.6000000238418579,0,0,0,0,0,8,0,0,0,8,99,1,0.0,0.0,29.895606994628906,28.40812110900879,1.5,0,33,0.0,0.0,0.0,0,0,0
1780579154.344073,0,0.3499999940395355,0,0,504,900,423158243,10,77,16.875518798828125,10.400012969970703,23.589994430541992,36.99386978149414,1,0,0.6000000238418579,0,0,0,0,0,8,0,0,0,8,99,1,0.0,0.0,29.895606994628906,28.40812110900879,1.5,0,33,0.0,0.0,0.0,0,0,0
1780579154.3645506,0,0.3499999940395355,0,0,504,900,423158243,10,77,16.875518798828125,8.600013732910156,23.927505493164062,37.165870666503906,1,0,0.6000000238418579,0,0,0,0,0,8,0,0,0,8,99,1,0.0,0.0,29.895606994628906,28.408119201660156,1.5,0,33,0.0,0.0,0.0,0,0,0
1780579154.3836975,0,0.3499999940395355,0,0,504,900,423158243,10,77,16.875518798828125,6.800014495849609,24.265016555786133,37.30187225341797,1,0,0.6000000238418579,0,0,0,0,0,8,0,0,0,8,99,1,0.0,0.0,29.895606994628906,28.40812110900879,1.5,0,33,0.0,0.0,0.0,0,0,0
1780579154.4038868,0,0.3499999940395355,0,0,504,900,423158243,10,77,16.875518798828125,5.0000152587890625,24.602527618408203,37.40187072753906,1,0,0.6000000238418579,0,0,0,0,0,8,0,0,0,8,99,1,0.0,0.0,29.895606994628906,28.408119201660156,1.5,0,33,0.0,0.0,0.0,0,0,0
1780579154.4249072,0,0.3499999940395355,0,0,504,900,423158243,10,77,16.875518798828125,3.2000160217285156,24.940038681030273,37.46586990356445,1,0,0.6000000238418579,0,0,0,0,0,8,0,0,0,8,99,1,0.0,0.0,29.895606994628906,28.408119201660156,1.5,0,33,0.0,0.0,0.0,0,0,0
1780579154.4456668,0,0.3499999940395355,0,0,504,900,423158243,10,77,16.875518798828125,1.4000167846679688,25.277549743652344,37.49386978149414,1,0,0.6000000238418579,0,0,0,0,0,8,0,0,0,8,99,1,0.0,0.0,29.895606994628906,28.408119201660156,1.5,0,33,0.0,0.0,0.0,0,0,0
1780579154.4653199,0,0.3499999940395355,0,0,504,900,423158243,10,77,16.875518798828125,-0.3999824523925781,25.615060806274414,37.485870361328125,1,0,0.6000000238418579,0,0,0,0,0,8,0,0,0,8,99,1,0.0,0.0,29.895606994628906,28.408119201660156,1.5,0,33,0.0,0.0,0.0,0,0,0
1780579154.4848409,0,0.3499999940395355,0,0,504,900,423158243,10,77,16.875518798828125,-2.199981689453125,25.952571868896484,37.441871643066406,1,0,0.6000000238418579,0,0,0,0,0,8,0,0,0,8,99,1,0.0,0.0,29.895606994628906,28.40812110900879,1.5,0,33,1.0,0.0,0.0,0,0,0
1780579154.504228,0,0.3499999940395355,0,0,504,900,423158243,10,77,16.875518798828125,-3.999980926513672,26.290082931518555,37.361873626708984,1,0,0.6000000238418579,0,0,0,0,0,8,0,0,0,8,99,1,0.0,0.0,29.895606994628906,28.40812110900879,1.5,0,33,1.0,0.0,0.0,0,0,0
1780579154.524488,0,0.3499999940395355,0,0,504,900,423158243,10,77,16.875518798828125,-5.799980163574219,26.627593994140625,37.245872497558594,1,0,0.6000000238418579,0,0,0,0,0,8,0,0,0,8,99,1,0.0,0.0,29.895606994628906,28.40812110900879,1.5,0,33,1.0,0.0,0.0,0,0,0
1780579154.5444982,0,0.3499999940395355,0,0,504,900,423158243,10,77,16.875518798828125,-7.599979400634766,26.965105056762695,37.0938720703125,1,0,0.6000000238418579,0,0,1,0,0,8,0,0,0,8,99,1,8.300000190734863,0.0,30.0076904296875,28.408119201660156,1.5,0,33,1.0,0.0,0.0,0,0,0
1780579154.5642984,0,0.3499999940395355,0,0,504,900,423158243,10,77,16.875518798828125,-9.399978637695312,27.302616119384766,36.9058723449707,1,0,0.6000000238418579,0,0,1,0,0,8,0,0,0,8,99,1,8.300000190734863,0.0,30.17352294921875,28.408119201660156,1.5,0,33,1.0,0.0,0.0,0,0,0
1780579154.5838106,0,0.3499999940395355,0,0,504,900,423158243,10,77,16.875518798828125,-11.19997787475586,27.640127182006836,36.6818733215332,1,0,0.6000000238418579,0,0,1,0,0,8,0,0,0,8,99,1,8.300000190734863,0.0,30.339359283447266,28.408123016357422,1.5,0,33,1.0,0.0,0.0,0,0,0
1780579154.6043375,0,0.3499999940395355,0,0,504,900,423158243,10,77,16.875518798828125,-12.999977111816406,27.977638244628906,36.421875,1,0,0.6000000238418579,0,0,1,0,0,8,0,0,0,8,99,1,8.300000190734863,0.0,30.505191802978516,28.408119201660156,1.5,0,33,1.0,0.0,0.0,0,0,0
1780579154.6248045,0,0.3499999940395355,0,0,504,900,423158243,10,77,16.875518798828125,-14.799976348876953,28.315149307250977,36.125877380371094,1,0,0.6000000238418579,0,0,1,0,0,8,0,0,0,8,99,1,8.300000190734863,0.0,30.67102813720703,28.408123016357422,1.5,0,34,1.0,0.0,0.0,0,0,0
1780579154.6440825,0,0.3499999940395355,0,0,504,900,423158243,10,77,16.875518798828125,-16.5999755859375,28.652660369873047,35.79387664794922,1,0,0.6000000238418579,0,0,1,0,0,8,0,0,0,8,99,1,8.300000190734863,0.0,30.83686065673828,28.40812110900879,1.5,0,36,1.0,0.0,0.0,0,0,0
1780579154.663872,0,0.3499999940395355,0,0,504,900,423158243,10,77,16.875518798828125,-18.399974822998047,28.990171432495117,35.42587661743164,1,0,0.6000000238418579,0,0,1,0,0,8,0,0,0,8,99,1,8.300000190734863,0.0,31.002696990966797,28.40812110900879,1.5,0,38,1.0,0.0,0.0,0,0,0
1780579154.6845977,0,0.3499999940395355,0,0,504,900,423158243,10,77,16.875518798828125,-20.199974060058594,29.327682495117188,35.02187728881836,1,0,0.6000000238418579,0,0,1,0,0,8,0,0,0,8,99,1,8.300000190734863,0.0,31.168529510498047,28.40812110900879,1.5,0,39,1.0,0.0,0.0,0,0,0
1780579154.704352,0,0.3499999940395355,0,0,504,900,423158243,10,77,16.875518798828125,-21.99997329711914,29.665193557739258,34.581878662109375,1,0,0.6000000238418579,0,0,1,0,0,8,0,0,0,8,99,1,8.300000190734863,0.0,31.334365844726562,28.40812110900879,1.5,0,39,1.0,0.0,0.0,0,0,0
1780579154.723863,0,0.3499999940395355,0,0,504,900,423158243,10,77,16.875518798828125,-23.799972534179688,30.002704620361328,34.10588073730469,1,0,0.6000000238418579,0,0,1,0,0,8,0,0,0,8,99,1,8.300000190734863,0.0,31.500198364257812,28.40812110900879,1.5,0,39,1.0,0.0,0.0,0,0,0
1780579154.7440102,0,0.3499999940395355,0,0,504,900,423158243,10,77,16.875518798828125,-25.599971771240234,30.3402156829834,33.59387969970703,1,0,0.6000000238418579,0,0,1,0,0,8,0,0,0,8,99,1,8.300000190734863,0.0,31.666032791137695,28.408119201660156,1.5,0,39,1.0,0.0,0.0,0,0,0
1780579154.7644136,0,0.3499999940395355,0,0,504,900,423158243,10,77,16.875518798828125,-27.39997100830078,30.67772674560547,33.04587936401367,0,0,0.6000000238418579,1,0,1,0,0,8,0,0,0,8,99,1,8.300000190734863,0.0,31.83186912536621,28.408119201660156,1.5,1,39,1.0,0.0,1.0,0,0,0
1780579154.7842383,0,0.3499999940395355,0,0,504,900,423158243,10,77,16.875518798828125,-29.199970245361328,31.01523780822754,32.46187973022461,0,0,0.6000000238418579,1,0,1,0,0,8,0,0,0,8,99,1,20.0,0.0,32.15289306640625,28.408123016357422,1.5,1,39,1.0,0.0,1.0,0,0,0
1780579154.8040173,0,0.3499999940395355,0,0,504,900,423158243,10,77,16.875518798828125,-30.999969482421875,31.35274887084961,31.841880798339844,0,0,0.6000000238418579,1,0,1,0,0,8,0,0,0,8,99,1,20.0,0.0,32.552494049072266,28.408123016357422,1.5,1,39,1.0,0.0,1.0,0,0,0
1780579154.8241637,0,0.3499999940395355,0,0,504,900,423158243,10,77,16.875518798828125,-32.79996871948242,31.69025993347168,31.185882568359375,0,0,0.6000000238418579,1,0,1,0,0,8,0,0,0,8,99,1,20.0,0.0,32.95209503173828,28.40812110900879,1.5,1,39,1.0,0.0,1.0,0,0,0
1780579154.8441756,0,0.3499999940395355,0,0,504,900,423158243,10,77,16.875518798828125,-34.59996795654297,32.02777099609375,30.49388313293457,0,0,0.6000000238418579,1,0,1,0,0,8,0,0,0,8,99,1,20.0,0.0,33.35342025756836,28.40812110900879,1.5,1,39,1.0,0.0,1.0,0,0,0
1780579154.8645067,0,0.3499999940395355,0,0,504,900,423158243,10,77,16.875518798828125,-36.399967193603516,32.36528015136719,29.765884399414062,0,0,0.6000000238418579,1,0,1,0,0,8,0,0,0,8,99,1,20.0,0.0,33.753021240234375,28.40812110900879,1.5,1,39,1.0,0.0,1.0,0,0,0
1780579154.8844028,0,0.3499999940395355,0,0,504,900,423158243,10,77,16.875518798828125,-38.19996643066406,32.702789306640625,29.00188446044922,0,0,0.6000000238418579,1,0,1,0,0,8,0,0,0,8,99,1,20.0,0.0,34.152626037597656,28.40812110900879,1.5,1,39,1.0,0.0,1.0,0,0,0
1780579154.904937,0,0.3499999940395355,0,0,504,900,423158243,11,77,0.0,0.0,33.04029846191406,28.56183624267578,0,0,0.6000000238418579,1,0,1,0,0,8,0,0,0,8,99,1,20.0,0.0,34.552223205566406,28.408119201660156,1.5,1,39,1.0,0.0,1.0,0,0,0
1780579154.9238114,0,0.3499999940395355,0,0,504,900,423158243,11,77,0.0,0.0,33.04029846191406,28.56184959411621,0,0,0.6000000238418579,1,0,1,0,0,8,0,0,0,8,99,1,20.0,0.0,34.953521728515625,28.40812110900879,1.5,1,39,1.0,0.0,1.0,0,0,0
1780579154.943841,0,0.3499999940395355,0,0,504,900,423158243,11,77,0.0,0.0,33.04029846191406,28.561859130859375,0,0,0.6000000238418579,1,0,1,0,0,8,0,0,0,8,99,1,20.0,0.0,35.353118896484375,28.408119201660156,1.5,1,39,1.0,0.0,1.0,0,0,0
1780579154.9640703,0,0.3499999940395355,0,0,504,900,423158243,11,77,0.0,0.0,33.04029846191406,28.561864852905273,0,0,0.6000000238418579,1,0,1,0,0,8,0,0,0,8,99,1,20.0,0.0,35.752723693847656,28.408119201660156,1.5,1,39,1.0,0.0,1.0,0,0,0
1780579154.9849985,0,0.3499999940395355,0,0,504,900,423158243,11,77,0.0,0.0,33.04029846191406,28.56186866760254,0,0,0.6000000238418579,1,0,1,0,0,8,0,0,0,8,99,1,20.0,0.0,36.15232467651367,28.408123016357422,1.5,1,39,1.0,0.0,0.0,0,0,0
1780579155.0043406,0,0.3499999940395355,0,0,504,900,423158243,11,77,0.0,0.0,33.04029846191406,28.561870574951172,0,0,0.6000000238418579,1,0,1,0,0,8,0,0,0,8,99,1,20.0,0.0,36.5528450012207,28.40812110900879,1.5,1,39,1.0,0.0,0.0,0,0,0
1780579155.0246835,0,0.3499999940395355,0,0,504,900,423158243,11,77,0.0,0.0,33.04029846191406,28.561870574951172,0,0,0.6000000238418579,1,0,1,0,0,8,0,0,0,8,99,1,20.0,0.0,36.95244598388672,28.408119201660156,1.5,1,39,1.0,0.0,0.0,0,0,0
1780579155.0442717,0,0.3499999940395355,0,0,504,900,423158243,11,77,0.0,0.0,33.04029846191406,28.561870574951172,1,0,0.6000000238418579,0,0,1,0,0,8,0,0,0,8,99,1,20.0,0.0,37.35310363769531,28.40812110900879,1.5,0,39,0.0,0.0,0.0,0,0,0
1780579155.06432,0,0.3499999940395355,0,0,504,900,423158243,11,77,0.0,0.0,33.04029846191406,28.561870574951172,1,0,0.6000000238418579,0,0,1,0,0,8,0,0,0,8,99,1,8.300000190734863,0.0,37.59763717651367,28.408119201660156,1.5,0,39,0.0,0.0,0.0,0,0,0
1780579155.0841348,0,0.3499999940395355,0,0,504,900,423158243,11,77,0.0,0.0,33.04029846191406,28.561870574951172,1,0,0.6000000238418579,0,0,1,0,0,8,0,0,0,8,99,1,0.0,0.0,37.65363311767578,28.408119201660156,1.5,0,39,0.0,0.0,0.0,0,0,0
1780579155.1044695,0,0.3499999940395355,0,0,504,900,423158243,11,77,0.0,0.0,33.04029846191406,28.561870574951172,1,0,0.6000000238418579,0,0,1,0,0,8,0,0,0,8,99,1,0.0,0.0,37.65363311767578,28.408123016357422,1.5,0,39,0.0,0.0,0.0,0,0,0
1780579155.1243312,0,0.3499999940395355,0,0,504,900,423158243,11,77,0.0,0.0,33.04029846191406,28.561870574951172,1,0,0.6000000238418579,0,0,1,0,0,8,0,0,0,8,99,1,0.0,0.0,37.65363311767578,28.408123016357422,1.5,0,39,0.0,0.0,0.0,0,0,0
1780579155.1437228,0,0.3499999940395355,0,0,504,900,423158243,69,77,0.0,0.0,33.04029846191406,28.561870574951172,1,0,0.6000000238418579,0,0,1,0,0,8,0,0,0,8,99,1,0.0,0.0,37.65363311767578,28.40812110900879,1.5,0,39,-1.0,0.0,0.0,0,0,0
1780579155.164267,0,0.3499999940395355,0,0,504,900,423158243,69,77,0.0,0.0,33.04029846191406,28.561870574951172,1,0,0.6000000238418579,0,0,1,0,0,8,0,0,0,8,99,1,0.0,0.0,37.65363311767578,28.408123016357422,1.5,0,39,-1.0,0.0,0.0,0,0,0
1780579155.1845336,0,0.3499999940395355,0,0,504,900,423158243,69,77,0.0,0.0,33.04029846191406,28.561870574951172,1,0,0.6000000238418579,0,0,1,0,0,8,0,0,0,8,99,1,0.0,0.0,37.65363311767578,28.40812110900879,1.5,0,39,-1.0,0.0,0.0,0,0,0
1780579155.204219,0,0.3499999940395355,0,0,504,900,423158243,69,77,0.0,0.0,33.04029846191406,28.561870574951172,1,0,0.6000000238418579,0,0,0,0,0,8,0,0,0,8,99,1,-8.300000190734863,0.0,37.54405975341797,28.40812110900879,1.5,0,39,-1.0,0.0,0.0,0,0,0
1780579155.2244828,0,0.3499999940395355,0,0,504,900,423158243,69,77,0.0,0.0,33.04029846191406,28.561870574951172,1,0,0.6000000238418579,0,0,0,0,0,8,0,0,0,8,99,1,-8.300000190734863,0.0,37.378013610839844,28.40812110900879,1.5,0,39,-1.0,0.0,0.0,0,0,0
1780579155.2440896,0,0.3499999940395355,0,0,504,900,423158243,69,77,0.0,0.0,33.04029846191406,28.561870574951172,1,0,0.6000000238418579,0,0,0,0,0,8,0,0,0,8,99,1,-8.300000190734863,0.0,37.211883544921875,28.408123016357422,1.5,0,39,-1.0,0.0,0.0,0,0,0
1780579155.264256,0,0.3499999940395355,0,0,504,900,423158243,69,77,0.0,0.0,33.04029846191406,28.561870574951172,1,0,0.6000000238418579,0,0,0,0,0,8,0,0,0,8,99,1,-8.300000190734863,0.0,37.04604721069336,28.408119201660156,1.5,0,39,-1.0,0.0,0.0,0,0,0
1780579155.2841058,0,0.3499999940395355,0,0,504,900,423158243,69,77,0.0,0.0,33.04029846191406,28.561870574951172,1,0,0.6000000238418579,0,0,0,0,0,8,0,0,0,8,99,1,-8.300000190734863,0.0,36.880210876464844,28.408123016357422,1.5,0,39,-1.0,0.0,0.0,0,0,0
1780579155.3042867,0,0.3499999940395355,0,0,504,900,423158243,69,77,0.0,0.0,33.04029846191406,28.561870574951172,1,0,0.6000000238418579,0,0,0,0,0,8,0,0,0,8,99,1,-8.300000190734863,0.0,36.71428298950195,28.408119201660156,1.5,0,39,-1.0,0.0,0.0,0,0,1
1780579155.324172,0,0.3499999940395355,1,0,504,900,423158243,69,77,0.0,0.0,33.04029846191406,28.561870574951172,0,0,0.6000000238418579,0,0,0,0,0,8,0,1,0,8,99,1,-8.300000190734863,0.0,36.54793167114258,28.408123016357422,1.5,0,39,-1.0,0.0,0.0,0,0,1
1780579155.3437293,0,0.3499999940395355,1,0,504,900,423158243,69,77,0.0,0.0,33.04029846191406,28.561870574951172,0,0,0.6000000238418579,0,0,0,0,0,8,0,1,0,8,99,1,-8.300000190734863,0.0,36.38209533691406,28.408123016357422,1.5,0,39,-1.0,0.0,0.0,0,0,1
1780579155.3645592,0,0.3499999940395355,1,0,483,900,423158243,69,77,0.0,0.0,33.04029846191406,28.561870574951172,0,0,0.6000000238418579,0,0,0,0,0,8,0,1,0,8,99,1,3.75,0.0,36.21626281738281,28.40812110900879,1.5,0,50,-1.0,0.0,0.0,0,0,1
1780579155.3845673,0,0.3499999940395355,1,0,483,900,423158243,69,77,0.0,0.0,32.740299224853516,28.561870574951172,0,0,0.6000000238418579,0,0,0,0,0,8,0,1,0,8,99,1,3.75,0.0,36.20896911621094,28.408123016357422,1.5,0,50,-1.0,0.0,0.0,0,0,1
1780579155.4042306,0,0.3499999940395355,1,0,483,900,423158243,51,77,0.0,0.0,32.44029998779297,28.561870574951172,0,0,0.6000000238418579,0,0,0,0,0,8,0,1,0,8,99,1,3.75,0.0,36.2841911315918,28.40812110900879,1.5,0,50,-1.0,0.0,0.0,0,0,1
1780579155.4239807,0,0.3499999940395355,1,0,483,900,423158243,51,77,0.0,0.0,32.14030075073242,28.561870574951172,0,0,0.6000000238418579,0,0,0,0,0,8,0,1,0,8,99,1,3.75,0.0,36.35911560058594,28.40812110900879,1.5,0,50,-1.0,0.0,0.0,0,0,1
1780579155.4447074,0,0.3499999940395355,1,0,483,900,423158243,51,77,0.0,0.0,31.840301513671875,28.561870574951172,1,0,0.6000000238418579,0,0,0,0,0,8,0,1,0,8,99,1,3.75,0.0,36.43404006958008,28.408119201660156,1.5,0,50,-1.0,0.0,0.0,0,0,1
1780579155.4645274,0,0.3499999940395355,1,0,483,900,423158243,51,77,0.0,0.0,31.540302276611328,28.561870574951172,1,0,0.6000000238418579,0,0,0,0,0,8,0,1,0,8,99,1,3.75,0.0,36.50910568237305,28.408123016357422,1.5,0,50,-1.0,0.0,0.0,0,0,1
1780579155.484169,0,0.3499999940395355,1,0,483,900,423158243,51,77,0.0,0.0,31.24030303955078,28.561870574951172,1,0,0.6000000238418579,0,0,0,0,0,8,0,1,0,8,99,1,3.75,0.0,36.58487319946289,28.40812110900879,1.5,0,50,-1.0,0.0,0.0,0,0,1
1780579155.5042312,0,0.3499999940395355,1,0,483,900,423158243,51,77,0.0,0.0,30.940303802490234,28.561870574951172,1,0,0.6000000238418579,0,0,0,0,0,8,0,1,0,8,99,1,3.75,0.0,36.65979766845703,28.408119201660156,1.5,0,50,-1.0,0.0,0.0,0,0,1
1780579155.524604,0,0.3499999940395355,1,0,483,900,423158243,51,77,0.0,0.0,30.640304565429688,28.561870574951172,1,0,0.6000000238418579,0,0,0,0,0,8,0,1,0,8,99,1,3.75,0.0,36.73472595214844,28.408119201660156,1.5,0,50,-1.0,0.0,0.0,0,0,0
1780579155.5445783,0,0.3499999940395355,1,0,483,900,423158243,51,77,0.0,0.0,30.640304565429688,28.561870574951172,1,0,0.6000000238418579,0,0,0,0,0,8,0,1,0,8,99,1,3.75,0.0,36.80965042114258,28.408123016357422,1.5,0,50,-1.0,0.0,0.0,0,0,0
1780579155.5638154,0,0.3499999940395355,1,0,483,900,423158243,51,77,0.0,0.0,30.640304565429688,28.561870574951172,1,0,0.6000000238418579,0,0,0,0,0,8,0,1,0,8,99,1,-8.300000190734863,0.0,36.72410583496094,28.40812110900879,1.5,0,50,-1.0,0.0,0.0,0,0,0
1780579155.5843914,0,0.3499999940395355,1,0,483,900,423158243,51,77,0.0,0.0,30.640304565429688,28.561870574951172,1,0,0.6000000238418579,0,0,0,0,0,8,0,1,0,8,99,1,-8.300000190734863,0.0,36.55827331542969,28.408123016357422,1.5,0,50,-1.0,0.0,0.0,0,0,0
1780579155.60449,0,0.3499999940395355,1,0,483,900,423158243,51,77,0.0,0.0,30.640304565429688,28.561870574951172,1,0,0.6000000238418579,0,0,0,0,0,8,0,1,0,8,99,1,-8.300000190734863,0.0,36.39243698120117,28.40812110900879,1.5,0,50,-1.0,0.0,0.0,0,0,0
1780579155.6241748,0,0.3499999940395355,1,0,483,900,423158243,51,77,0.0,0.0,30.640304565429688,28.561870574951172,1,0,0.6000000238418579,0,0,0,0,0,8,0,1,0,8,99,1,-8.300000190734863,0.0,36.22660446166992,28.40812110900879,1.5,0,50,-1.0,0.0,0.0,0,0,0
1780579155.644147,0,0.3499999940395355,1,0,483,900,423158243,52,77,-22.0,0.0,30.640304565429688,28.561870574951172,1,0,0.6000000238418579,0,0,0,0,0,8,0,1,0,8,99,1,-8.300000190734863,0.0,36.060768127441406,28.40812110900879,1.5,0,50,-1.0,0.0,0.0,0,0,0
1780579155.6640985,0,0.3499999940395355,1,0,483,900,423158243,52,77,-22.0,0.0,30.20030403137207,28.561870574951172,1,0,0.6000000238418579,0,0,0,0,0,8,0,1,0,8,99,1,-8.300000190734863,0.0,35.894935607910156,28.408119201660156,1.5,0,50,-1.0,0.0,0.0,0,0,0
1780579155.6842513,0,0.3499999940395355,0,0,483,900,423158243,52,77,-22.0,0.0,29.760303497314453,28.561870574951172,1,0,0.6000000238418579,0,0,0,0,0,8,0,0,0,8,99,1,-8.300000190734863,0.0,35.728946685791016,28.408119201660156,1.5,0,50,-1.0,0.0,0.0,0,0,0
1780579155.703878,0,0.3499999940395355,0,0,483,900,423158243,52,77,-22.0,0.0,29.320302963256836,28.561870574951172,1,0,0.6000000238418579,0,0,0,0,0,8,0,0,0,8,99,1,-8.300000190734863,0.0,35.56287384033203,28.408119201660156,1.5,0,50,-1.0,0.0,0.0,0,0,0
1780579155.7244828,0,0.3499999940395355,0,0,483,900,423158243,52,77,-22.0,0.0,28.88030242919922,28.561870574951172,1,0,0.6000000238418579,0,0,0,0,0,8,0,0,0,8,99,1,-8.300000190734863,0.0,35.39704132080078,28.40812110900879,1.5,0,50,-1.0,0.0,0.0,0,0,0
1780579155.7443233,0,0.3499999940395355,0,0,483,900,423158243,52,77,-22.0,0.0,28.4403018951416,28.561870574951172,1,0,0.6000000238418579,0,0,0,0,0,8,0,0,0,8,99,1,-8.300000190734863,0.0,35.23044967651367,28.40812110900879,1.5,0,50,-1.0,0.0,0.0,0,0,0
1780579155.7635438,0,0.3499999940395355,0,0,483,900,423158243,52,77,-22.0,0.0,28.000301361083984,28.561870574951172,1,0,0.6000000238418579,0,0,0,0,0,8,0,0,0,8,99,1,-8.300000190734863,0.0,35.06461715698242,28.40812110900879,1.5,0,50,-1.0,0.0,0.0,0,0,0
1780579155.7841372,0,0.3499999940395355,0,0,483,900,423158243,52,77,-22.0,0.0,27.560300827026367,28.561870574951172,1,0,0.6000000238418579,0,0,0,0,0,8,0,0,0,8,99,1,-8.300000190734863,0.0,34.898780822753906,28.40812110900879,1.5,0,50,-1.0,0.0,0.0,0,0,0
1780579155.8042762,0,0.3499999940395355,0,0,483,900,423158243,52,77,-22.0,0.0,27.12030029296875,28.561870574951172,1,0,0.6000000238418579,0,0,0,0,0,8,0,0,0,8,99,1,-8.300000190734863,0.0,34.732948303222656,28.40812110900879,1.5,0,50,-1.0,0.0,0.0,0,0,0
1780579155.8239968,0,0.3499999940395355,0,0,483,900,423158243,52,77,-22.0,0.0,26.680299758911133,28.561870574951172,1,0,0.6000000238418579,0,0,0,0,0,8,0,0,0,8,99,1,-8.300000190734863,0.0,34.56711196899414,28.408119201660156,1.5,0,50,-1.0,0.0,0.0,0,0,0
1780579155.8437874,0,0.3499999940395355,0,0,483,900,423158243,52,77,-22.0,0.0,26.240299224853516,28.561870574951172,1,0,0.6000000238418579,0,0,0,0,0,8,0,0,0,8,99,1,-8.300000190734863,0.0,34.40106964111328,28.40812110900879,1.5,0,50,-1.0,0.0,0.0,0,0,0
1780579155.864073,0,0.3499999940395355,0,0,483,900,423158243,52,77,-22.0,0.0,25.8002986907959,28.561870574951172,1,0,0.6000000238418579,0,0,0,0,0,8,0,0,0,8,99,1,-8.300000190734863,0.0,34.23523712158203,28.408119201660156,1.5,0,50,-1.0,0.0,0.0,0,0,0
1780579155.884198,0,0.3499999940395355,0,0,483,900,423158243,52,77,-22.0,0.0,25.36029815673828,28.561870574951172,1,0,0.6000000238418579,0,0,0,0,0,8,0,0,0,8,99,1,-8.300000190734863,0.0,34.069400787353516,28.40812110900879,1.5,0,50,-1.0,0.0,0.0,0,0,0
1780579155.9035866,0,0.3499999940395355,0,0,483,900,423158243,56,77,0.0,0.0,24.920297622680664,28.561870574951172,1,0,0.6000000238418579,0,0,0,0,0,8,0,0,0,8,99,1,-8.300000190734863,0.0,33.903099060058594,28.40812110900879,1.5,0,50,-1.0,0.0,0.0,0,0,0
1780579155.92431,0,0.3499999940395355,0,0,483,900,423158243,56,77,0.0,0.0,24.920297622680664,28.561870574951172,1,0,0.6000000238418579,0,0,0,0,0,8,0,0,0,8,99,1,-8.300000190734863,0.0,33.737266540527344,28.40812110900879,1.5,0,50,-1.0,0.0,0.0,0,0,0
1780579155.9445512,0,0.3499999940395355,0,0,483,900,423158243,56,77,0.0,0.0,24.920297622680664,28.561870574951172,1,0,0.6000000238418579,0,0,0,0,0,8,0,0,0,8,99,1,-8.300000190734863,0.0,33.571434020996094,28.40812110900879,1.5,0,50,-1.0,0.0,0.0,0,0,0
1780579155.9644,0,0.3499999940395355,0,0,483,900,423158243,56,77,0.0,0.0,24.920297622680664,28.561870574951172,1,0,0.6000000238418579,0,0,0,0,0,8,0,0,0,8,99,1,-8.300000190734863,0.0,33.40422058105469,28.408123016357422,1.5,0,50,-1.0,0.0,0.0,0,0,0
1780579155.9840622,0,0.3499999940395355,0,0,483,900,423158243,56,77,0.0,0.0,24.920297622680664,28.561870574951172,1,0,0.6000000238418579,0,0,0,0,0,8,0,0,0,8,99,1,-8.300000190734863,0.0,33.23838806152344,28.40812110900879,1.5,0,50,-1.0,0.0,0.0,0,0,0
1780579156.0041194,0,0.3499999940395355,0,0,483,900,423158243,56,77,0.0,0.0,24.920297622680664,28.561870574951172,1,0,0.6000000238418579,0,0,0,0,0,8,0,0,0,8,99,1,-8.300000190734863,0.0,33.07255172729492,28.40812110900879,1.5,0,50,-1.0,0.0,0.0,0,0,0
1780579156.0245068,0,0.3499999940395355,0,0,483,900,423158243,56,77,0.0,0.0,24.920297622680664,28.561870574951172,1,0,0.6000000238418579,0,0,0,0,0,8,0,0,0,8,99,1,-8.300000190734863,0.0,32.90671920776367,28.40812110900879,1.5,0,50,-1.0,0.0,0.0,0,0,0
1780579156.0436103,0,0.3499999940395355,0,0,483,900,423158243,56,77,0.0,0.0,24.920297622680664,28.561870574951172,1,0,0.6000000238418579,0,0,0,0,0,8,0,0,0,8,99,1,-8.300000190734863,0.0,32.74052429199219,28.408119201660156,1.5,0,50,-1.0,0.0,0.0,0,0,0
1780579156.0642233,0,0.3499999940395355,0,0,483,900,423158243,56,77,0.0,0.0,24.920297622680664,28.561870574951172,1,0,0.6000000238418579,0,0,0,0,0,8,0,0,0,8,99,1,-8.300000190734863,0.0,32.57469177246094,28.40812110900879,1.5,0,50,-1.0,0.0,0.0,0,0,0
1780579156.0841374,0,0.3499999940395355,0,0,483,900,423158243,56,77,0.0,0.0,24.920297622680664,28.561870574951172,1,0,0.6000000238418579,0,0,0,0,0,8,0,0,0,8,99,1,-8.300000190734863,0.0,32.40885925292969,28.408119201660156,1.5,0,50,-1.0,0.0,0.0,0,0,0
1780579156.104559,0,0.3499999940395355,0,0,483,900,423158243,56,77,0.0,0.0,24.920297622680664,28.561870574951172,1,0,0.6000000238418579,0,0,0,0,0,8,0,0,0,8,99,1,-8.300000190734863,0.0,32.24209213256836,28.408119201660156,1.5,0,50,-1.0,0.0,0.0,0,0,0
1780579156.1244118,0,0.3499999940395355,0,0,483,900,423158243,56,77,0.0,0.0,24.920297622680664,28.561870574951172,1,0,0.6000000238418579,0,0,0,0,0,8,0,0,0,8,99,1,-8.300000190734863,0.0,32.07625961303711,28.408119201660156,1.5,0,50,-1.0,0.0,0.0,0,0,0
1780579156.144202,0,0.3499999940395355,0,0,483,900,423158243,2,77,0.0,0.0,24.920297622680664,28.561870574951172,1,0,0.6000000238418579,0,0,0,0,0,8,0,0,0,8,99,1,-8.300000190734863,0.0,31.910425186157227,28.408123016357422,1.5,0,50,-1.0,0.0,0.0,0,0,0
1780579156.164104,0,0.3499999940395355,0,0,483,900,423158243,2,77,0.0,0.0,24.920297622680664,28.561872482299805,1,0,0.6000000238418579,0,0,0,0,0,8,0,0,0,8,99,1,-8.300000190734863,0.0,31.744590759277344,28.40812110900879,1.5,0,50,-1.0,0.0,0.0,0,0,0
1780579156.184007,0,0.3499999940395355,0,0,483,900,423158243,2,77,0.0,0.0,24.920297622680664,28.561872482299805,1,0,0.6000000238418579,0,0,0,0,0,8,0,0,0,8,99,1,-8.300000190734863,0.0,31.578758239746094,28.408123016357422,1.5,0,50,-1.0,0.0,0.0,0,0,0
1780579156.2035992,0,0.3499999940395355,0,0,483,900,423158243,2,77,0.0,0.0,24.920297622680664,28.561872482299805,1,0,0.6000000238418579,0,0,0,0,0,8,0,0,0,8,99,1,-8.300000190734863,0.0,31.412921905517578,28.40812110900879,1.5,0,50,-1.0,0.0,0.0,0,0,0
1780579156.2245135,0,0.3499999940395355,0,0,483,900,423158243,2,77,0.0,0.0,24.920297622680664,28.561872482299805,1,0,0.6000000238418579,0,0,0,0,0,8,0,0,0,8,99,1,-8.300000190734863,0.0,31.246932983398438,28.408119201660156,1.5,0,50,-1.0,0.0,0.0,0,0,0
1780579156.243857,0,0.3499999940395355,0,0,483,900,423158243,2,77,0.0,0.0,24.920297622680664,28.561872482299805,1,0,0.6000000238418579,0,0,0,0,0,8,0,0,0,8,99,1,-8.300000190734863,0.0,31.081098556518555,28.408123016357422,1.5,0,50,-1.0,0.0,0.0,0,0,0
1780579156.263675,0,0.3499999940395355,0,0,483,900,423158243,2,77,0.0,0.0,24.920297622680664,28.561872482299805,1,0,0.6000000238418579,0,0,0,0,0,8,0,0,0,8,99,1,-8.300000190734863,0.0,30.915264129638672,28.408123016357422,1.5,0,50,-1.0,0.0,0.0,0,0,0
1780579156.284032,0,0.3499999940395355,0,0,483,900,423158243,2,77,0.0,0.0,24.920297622680664,28.561872482299805,1,0,0.6000000238418579,0,0,0,0,0,8,0,0,0,8,99,1,-8.300000190734863,0.0,30.749431610107422,28.40812110900879,1.5,0,50,-1.0,0.0,0.0,0,0,0
1780579156.304193,0,0.3499999940395355,0,0,483,900,423158243,2,77,0.0,0.0,24.920297622680664,28.561872482299805,1,0,0.6000000238418579,0,0,0,0,0,8,0,0,0,8,99,1,-8.300000190734863,0.0,30.582990646362305,28.408123016357422,1.5,0,50,-1.0,0.0,0.0,0,0,0
1780579156.3234951,0,0.3499999940395355,0,0,483,900,423158243,2,77,0.0,0.0,24.920297622680664,28.561872482299805,1,0,0.6000000238418579,0,0,0,0,0,8,0,0,0,8,99,1,-8.300000190734863,0.0,30.417156219482422,28.40812110900879,1.5,0,50,-1.0,0.0,0.0,0,0,0
1780579156.3443775,0,0.3499999940395355,0,0,483,900,423158243,2,77,0.0,0.0,24.920297622680664,28.561872482299805,1,0,0.6000000238418579,0,0,0,0,0,8,0,0,0,8,99,1,-8.300000190734863,0.0,30.251323699951172,28.40812110900879,1.5,0,50,-1.0,0.0,0.0,0,0,0
1780579156.3639767,0,0.3499999940395355,0,0,483,900,423158243,2,77,0.0,0.0,24.920297622680664,28.561872482299805,1,0,0.6000000238418579,0,0,0,0,0,8,0,0,0,8,99,1,-8.300000190734863,0.0,30.08485984802246,28.40812110900879,1.5,0,50,-1.0,0.0,0.0,0,0,0
1780579156.3840814,0,0.3499999940395355,0,0,483,900,423158243,2,77,0.0,0.0,24.920297622680664,28.561872482299805,1,0,0.6000000238418579,0,0,0,0,0,8,0,0,0,8,99,1,-8.300000190734863,0.0,29.919025421142578,28.40812110900879,1.5,0,50,-1.0,0.0,0.0,0,0,0
1780579156.4039252,0,0.3499999940395355,0,0,483,900,423158243,2,77,0.0,0.0,24.920297622680664,28.561872482299805,1,0,0.6000000238418579,0,0,0,0,0,8,0,0,0,8,99,1,-8.300000190734863,0.0,29.75310516357422,28.40812110900879,1.5,0,50,-1.0,0.0,0.0,0,0,0
1780579156.4241168,0,0.3499999940395355,0,0,483,900,423158243,2,77,0.0,0.0,24.920297622680664,28.561872482299805,1,0,0.6000000238418579,0,0,0,0,0,8,0,0,0,8,99,1,-8.300000190734863,0.0,29.587270736694336,28.40812110900879,1.5,0,50,-1.0,0.0,0.0,0,0,0
1780579156.4441156,0,0.3499999940395355,0,0,483,900,423158243,2,77,0.0,0.0,24.920297622680664,28.561872482299805,1,0,0.6000000238418579,0,0,0,0,0,8,0,0,0,8,99,1,-8.300000190734863,0.0,29.420825958251953,28.40812110900879,1.5,0,50,-1.0,0.0,0.0,0,0,0
1780579156.463705,0,0.3499999940395355,0,0,483,900,423158243,2,77,0.0,0.0,24.920297622680664,28.561872482299805,1,0,0.6000000238418579,0,0,0,0,0,8,0,0,0,8,99,1,-8.300000190734863,0.0,29.254993438720703,28.40812110900879,1.5,0,50,-1.0,0.0,0.0,0,0,0
1780579156.4839058,0,0.3499999940395355,0,0,483,900,423158243,2,77,0.0,0.0,24.920297622680664,28.561872482299805,1,0,0.6000000238418579,0,0,0,0,0,8,0,0,0,8,99,1,-8.300000190734863,0.0,29.089157104492188,28.40812110900879,1.5,0,50,-1.0,0.0,0.0,0,0,0
1780579156.5042584,0,0.3499999940395355,0,0,483,900,423158243,2,77,0.0,0.0,24.920297622680664,28.561872482299805,1,0,0.6000000238418579,0,0,0,0,0,8,0,0,0,8,99,1,-8.300000190734863,0.0,28.922710418701172,28.408123016357422,1.5,0,50,-1.0,0.0,0.0,0,0,0
1780579156.5240083,0,0.3499999940395355,0,0,483,900,423158243,2,77,0.0,0.0,24.920297622680664,28.561872482299805,1,0,0.6000000238418579,0,0,0,0,0,8,0,0,0,8,99,1,-8.300000190734863,0.0,28.756877899169922,28.40812110900879,1.5,0,50,-1.0,0.0,0.0,0,0,0
1780579156.5443985,0,0.3499999940395355,0,0,483,900,423158243,2,77,0.0,0.0,24.920297622680664,28.561872482299805,1,0,0.6000000238418579,0,0,0,0,0,8,0,0,0,8,99,1,-8.300000190734863,0.0,28.591041564941406,28.40812110900879,1.5,0,50,-1.0,0.0,0.0,0,0,0
1780579156.5642164,0,0.3499999940395355,0,0,483,900,423158243,2,77,0.0,0.0,24.920297622680664,28.561872482299805,1,0,0.6000000238418579,0,0,0,0,0,8,0,0,0,8,99,1,-8.300000190734863,0.0,28.424907684326172,28.40812110900879,1.5,0,50,-1.0,0.0,0.0,0,0,1
1780579156.5843403,0,0.3499999940395355,1,0,483,900,423158243,2,77,0.0,0.0,24.920297622680664,28.561872482299805,0,0,0.6000000238418579,0,0,0,0,0,8,0,1,0,8,99,1,-8.300000190734863,0.0,28.259071350097656,28.40812110900879,1.5,0,50,-1.0,0.0,0.0,0,0,1
1780579156.6043985,0,0.3499999940395355,1,0,483,900,423158243,2,77,0.0,0.0,24.920297622680664,28.561872482299805,0,0,0.6000000238418579,0,0,0,0,0,8,0,1,0,8,99,1,-8.300000190734863,0.0,28.092697143554688,28.408123016357422,1.5,0,50,-1.0,1.0,0.0,0,0,1
1780579156.6245925,0,0.3499999940395355,1,0,483,900,423158243,2,77,0.0,0.0,24.920297622680664,28.561872482299805,0,0,0.6000000238418579,0,0,0,0,0,8,0,1,0,8,99,1,-8.300000190734863,0.0,27.92647933959961,28.40812110900879,1.5,0,50,0.0,0.0,0.0,0,0,1
1780579156.6443377,0,0.3499999940395355,1,0,462,900,423158243,2,77,0.0,0.0,24.920297622680664,28.561872482299805,0,0,0.6000000238418579,0,0,0,0,0,8,0,1,0,8,99,1,3.75,0.0,27.760644912719727,28.40812110900879,1.5,0,61,1.0,1.0,0.0,0,0,1
1780579156.6644974,0,0.3499999940395355,1,0,462,900,423158243,2,77,0.0,0.0,24.620298385620117,28.561872482299805,0,0,0.6000000238418579,0,0,0,0,0,8,0,1,0,8,99,1,3.75,0.0,27.754302978515625,28.40812110900879,1.5,0,61,1.0,1.0,0.0,0,0,0
1780579156.684443,0,0.3499999940395355,1,0,462,900,423158243,2,77,0.0,0.0,24.32029914855957,28.561872482299805,1,0,0.6000000238418579,0,0,0,0,0,8,0,1,0,8,99,1,12.050000190734863,0.0,27.939037322998047,28.40812110900879,1.5,0,61,1.0,1.0,0.0,0,0,0
1780579156.7046275,0,0.3499999940395355,0,0,462,900,423158243,3,77,25.0,0.0,24.020299911499023,28.561872482299805,1,0,0.6000000238418579,0,0,1,0,0,8,0,0,0,8,99,1,12.050000190734863,0.0,28.179794311523438,28.40812110900879,1.5,0,61,1.0,1.0,0.0,0,0,0
1780579156.723756,0,0.3499999940395355,0,0,462,900,423158243,3,77,25.0,0.0,24.220300674438477,28.561872482299805,1,0,0.6000000238418579,0,0,1,0,0,8,0,0,1,8,99,1,12.050000190734863,0.0,28.42181396484375,28.40812110900879,1.5,0,61,1.0,1.0,0.0,1,0,0
1780579156.7439036,0,0.3499999940395355,0,0,462,900,423158243,3,77,25.0,0.0,24.42030143737793,28.561872482299805,1,0,0.6000000238418579,0,0,1,0,0,8,0,0,1,8,99,0,12.050000190734863,15.70199966430664,28.66257095336914,28.616558074951172,1.5,0,61,1.0,1.0,0.0,1,0,0
1780579156.7642379,0,0.3499999940395355,0,0,462,900,423158243,3,77,25.0,0.0,24.620302200317383,28.561872482299805,1,0,0.6000000238418579,0,0,1,0,0,8,0,0,1,8,99,0,12.050000190734863,15.70199966430664,28.903329849243164,28.930280685424805,1.5,0,61,1.0,1.0,0.0,1,0,0
1780579156.784716,0,0.3499999940395355,0,0,462,900,423158243,3,77,25.0,0.0,24.820302963256836,28.561872482299805,1,0,0.6000000238418579,0,0,1,0,0,8,0,0,1,8,99,0,12.050000190734863,15.70199966430664,29.144088745117188,29.244007110595703,1.5,0,61,1.0,1.0,0.0,1,0,0
1780579156.8048434,0,0.3499999940395355,0,0,462,900,423158243,3,77,25.0,0.0,25.02030372619629,28.561872482299805,1,0,0.6000000238418579,0,0,1,0,0,8,0,0,1,8,99,0,12.050000190734863,15.70199966430664,29.384845733642578,29.55773162841797,1.5,0,61,1.0,1.0,0.0,1,0,0
1780579156.8245943,0,0.3499999940395355,0,0,462,900,423158243,3,77,25.0,0.0,25.52030372619629,28.561872482299805,1,0,0.6000000238418579,0,0,1,0,0,8,0,0,1,8,99,0,12.050000190734863,15.70199966430664,29.6256046295166,29.871456146240234,1.5,0,61,1.0,1.0,0.0,1,0,0
1780579156.844834,0,0.3499999940395355,0,0,462,900,423158243,3,77,25.0,0.0,26.02030372619629,28.561872482299805,1,0,0.6000000238418579,0,0,1,0,0,8,0,0,1,8,99,0,8.300000190734863,15.70199966430664,29.817251205444336,30.185733795166016,1.5,0,61,1.0,1.0,0.0,1,0,0
1780579156.8645408,0,0.3499999940395355,0,0,462,900,423158243,3,77,25.0,0.0,26.52030372619629,28.561872482299805,1,0,0.6000000238418579,0,0,1,0,0,8,0,0,1,8,99,0,8.300000190734863,15.70199966430664,29.983192443847656,30.49966049194336,1.5,0,61,1.0,1.0,0.0,1,0,0
1780579156.88457,0,0.3499999940395355,0,0,462,900,423158243,3,77,25.0,0.0,27.02030372619629,28.561872482299805,1,0,0.6000000238418579,0,0,1,0,0,8,0,0,1,8,99,0,8.300000190734863,15.70199966430664,30.149442672729492,30.81417465209961,1.5,0,61,1.0,1.0,0.0,1,0,0
1780579156.9041474,0,0.3499999940395355,0,0,462,900,423158243,3,77,25.0,0.0,27.52030372619629,28.561872482299805,1,0,0.6000000238418579,0,0,1,0,0,8,0,0,1,8,99,0,8.300000190734863,15.70199966430664,30.315658569335938,31.128620147705078,1.5,0,61,1.0,1.0,0.0,1,0,0
1780579156.924357,0,0.3499999940395355,0,0,462,900,423158243,3,77,25.0,0.0,28.02030372619629,28.561872482299805,1,0,0.6000000238418579,0,0,1,0,0,8,0,0,1,8,99,0,8.300000190734863,15.70199966430664,30.48149299621582,31.442344665527344,1.5,0,61,0.0,1.0,0.0,1,0,0
1780579156.9438884,0,0.3499999940395355,0,0,462,900,423158243,3,77,25.0,0.0,28.52030372619629,28.561872482299805,1,0,0.6000000238418579,0,0,1,0,0,8,0,0,0,8,99,0,8.300000190734863,14.753999710083008,30.647327423095703,31.743541717529297,1.5,0,61,-1.0,1.0,0.0,1,0,0
1780579156.9649122,0,0.3499999940395355,0,0,462,900,423158243,3,77,25.0,0.0,29.02030372619629,28.561872482299805,1,0,0.6000000238418579,0,0,1,0,0,8,0,0,0,8,99,0,0.0,13.805999755859375,30.70361328125,32.025814056396484,1.5,0,61,-1.0,1.0,0.0,1,0,0
1780579156.9847744,0,0.3499999940395355,0,0,462,900,423158243,3,77,25.0,0.0,29.52030372619629,28.561872482299805,1,0,0.6000000238418579,0,0,0,0,0,8,0,0,0,8,99,0,-8.300000190734863,12.857999801635742,30.593421936035156,32.2904167175293,1.5,0,61,-1.0,1.0,0.0,1,0,0
1780579157.0044038,0,0.3499999940395355,0,0,462,900,423158243,3,77,25.0,0.0,30.02030372619629,28.561872482299805,1,0,0.6000000238418579,0,0,0,0,0,8,0,0,0,8,99,0,-8.300000190734863,11.90999984741211,30.427587509155273,32.534751892089844,1.5,0,61,-1.0,1.0,0.0,0,0,0
1780579157.0243626,0,0.3499999940395355,0,0,462,900,423158243,3,77,25.0,0.0,30.52030372619629,28.561872482299805,1,0,0.6000000238418579,0,0,0,0,0,8,0,0,0,8,99,0,-8.300000190734863,10.961999893188477,30.26175308227539,32.76016616821289,1.5,0,61,-1.0,0.0,0.0,0,0,0
1780579157.0442185,0,0.3499999940395355,0,0,462,900,423158243,3,77,25.0,0.0,31.02030372619629,28.561872482299805,1,0,0.6000000238418579,0,0,0,1,0,8,0,0,0,8,99,0,-8.300000190734863,-0.9479996562004089,30.09592056274414,32.82178497314453,1.5,0,61,-1.0,0.0,0.0,0,0,0
1780579157.0645628,0,0.3499999940395355,0,0,462,900,423158243,4,77,19.25,0.0,31.52030372619629,28.561872482299805,1,0,0.6000000238418579,0,0,0,1,0,8,0,0,0,8,99,0,-8.300000190734863,-1.8959993124008179,29.929874420166016,32.790287017822266,1.5,0,61,-1.0,0.0,0.0,0,0,0
1780579157.0839007,0,0.3499999940395355,0,0,462,900,423158243,4,77,14.82249927520752,0.0,31.816753387451172,28.561872482299805,1,0,0.6000000238418579,0,0,0,1,0,8,0,0,0,8,99,0,-8.300000190734863,-2.843998908996582,29.76308822631836,32.739566802978516,1.5,0,61,-1.0,0.0,0.0,0,0,0
1780579157.104233,0,0.3499999940395355,0,0,462,900,423158243,4,77,11.413324356079102,0.0,32.04501724243164,28.561872482299805,1,0,0.6000000238418579,0,0,0,1,0,8,0,0,0,8,99,0,-8.300000190734863,-3.7919986248016357,29.59725570678711,32.670135498046875,1.5,0,61,-1.0,0.0,0.0,0,0,0
1780579157.1243095,0,0.3499999940395355,0,0,462,900,423158243,4,77,8.788259506225586,0.0,32.22078323364258,28.561872482299805,1,0,0.6000000238418579,0,0,0,1,0,8,0,0,0,8,99,0,-8.300000190734863,-4.7399983406066895,29.431419372558594,32.581790924072266,1.5,0,61,-1.0,0.0,0.0,0,0,0
1780579157.1444201,0,0.3499999940395355,0,0,462,900,423158243,4,77,6.7669596672058105,0.0,32.35612487792969,28.561872482299805,1,0,0.6000000238418579,0,0,0,1,0,8,0,0,0,8,99,0,-8.300000190734863,-5.687997817993164,29.264686584472656,32.473899841308594,1.5,0,61,-1.0,0.0,0.0,0,0,0
1780579157.1643853,0,0.3499999940395355,0,0,462,900,423158243,4,77,5.210558891296387,0.0,32.46033477783203,28.561872482299805,1,0,0.6000000238418579,0,0,0,1,0,8,0,0,0,8,99,0,-8.300000190734863,-6.635997295379639,29.098852157592773,32.34760284423828,1.5,0,61,0.0,0.0,0.0,0,0,0
1780579157.184215,0,0.3499999940395355,0,0,462,900,423158243,4,77,4.012130260467529,0.0,32.54057693481445,28.561872482299805,1,0,0.6000000238418579,0,0,0,1,0,8,0,0,0,8,99,0,-8.300000190734863,-7.583996772766113,28.93301773071289,32.20238494873047,1.5,0,61,0.0,0.0,0.0,0,0,0
1780579157.2045627,0,0.3499999940395355,0,0,462,900,423158243,4,77,3.0893402099609375,0.0,32.60236358642578,28.561872482299805,1,0,0.6000000238418579,0,0,0,1,0,8,0,0,0,8,99,0,0.0,-8.531996726989746,28.877609252929688,32.038246154785156,1.5,0,61,0.0,0.0,0.0,0,0,0
1780579157.22391,0,0.3499999940395355,0,0,462,900,423158243,4,77,2.3787918090820312,0.0,32.649940490722656,28.561872482299805,1,0,0.6000000238418579,0,0,0,1,0,8,0,0,0,8,99,0,0.0,-9.479996681213379,28.877609252929688,31.855182647705078,1.5,0,61,0.0,0.0,0.0,0,0,0
1780579157.2447748,0,0.3499999940395355,0,0,462,900,423158243,4,77,1.8316696882247925,0.0,32.68657302856445,28.561872482299805,1,0,0.6000000238418579,0,0,0,1,0,8,0,0,0,8,99,0,0.0,-10.427996635437012,28.877609252929688,31.6531982421875,1.5,0,61,0.0,0.0,0.0,0,0,0
1780579157.2640045,0,0.3499999940395355,0,0,462,900,423158243,4,77,1.4103856086730957,0.0,32.714778900146484,28.561872482299805,1,0,0.6000000238418579,0,0,0,1,0,8,0,0,0,8,99,0,0.0,-11.375996589660645,28.877609252929688,31.43204116821289,1.5,0,61,0.0,0.0,0.0,0,0,0
1780579157.2836795,0,0.3499999940395355,0,0,462,900,423158243,5,77,0.8144976496696472,0.0,32.73649978637695,28.561872482299805,1,0,0.6000000238418579,0,0,0,1,0,8,0,0,0,8,99,0,0.0,-12.323996543884277,28.877609252929688,31.19219398498535,1.5,0,61,0.0,0.0,0.0,0,0,0
1780579157.303871,0,0.3499999940395355,0,0,462,900,423158243,5,77,0.6108732223510742,0.0,32.74871826171875,28.561872482299805,1,0,0.6000000238418579,0,0,0,1,0,8,0,0,0,8,99,0,0.0,-13.27199649810791,28.877609252929688,30.933422088623047,1.5,0,61,0.0,0.0,0.0,0,0,0
1780579157.3240595,0,0.3499999940395355,0,0,462,900,423158243,5,77,0.45815491676330566,0.0,32.75788116455078,28.561872482299805,1,0,0.6000000238418579,0,0,0,1,0,8,0,0,0,8,99,0,0.0,-14.219996452331543,28.877609252929688,30.655729293823242,1.5,0,61,0.0,0.0,0.0,0,0,0
1780579157.3443236,0,0.3499999940395355,0,0,462,900,423158243,5,77,0.34361618757247925,0.0,32.76475524902344,28.561872482299805,1,0,0.6000000238418579,0,0,0,1,0,8,0,0,0,8,99,0,0.0,-15.167996406555176,28.877609252929688,30.359111785888672,1.5,0,61,0.0,0.0,0.0,0,0,0
1780579157.3640316,0,0.3499999940395355,0,0,462,900,423158243,5,77,0.25771212577819824,0.0,32.7699089050293,28.561872482299805,1,0,0.6000000238418579,0,0,0,1,0,8,0,0,0,8,99,0,0.0,-16.115995407104492,28.877609252929688,30.04290008544922,1.5,0,61,0.0,0.0,0.0,0,0,0
1780579157.3846114,0,0.3499999940395355,0,0,462,900,423158243,5,77,0.19328409433364868,0.0,32.773773193359375,28.561872482299805,1,0,0.6000000238418579,0,0,0,1,0,8,0,0,0,8,99,0,0.0,-17.063995361328125,28.877609252929688,29.70840072631836,1.5,0,61,1.0,0.0,0.0,0,0,0
1780579157.4045005,0,0.3499999940395355,0,0,462,900,423158243,1,77,0.0,0.0,32.77667236328125,28.561872482299805,1,0,0.6000000238418579,0,0,0,1,0,8,0,0,0,8,99,0,0.0,-18.011995315551758,28.877609252929688,29.353988647460938,1.5,0,61,1.0,-1.0,0.0,0,0,0
1780579157.4241402,0,0.3499999940395355,0,0,462,900,423158243,1,77,0.0,0.0,32.77667236328125,28.561872482299805,1,0,0.6000000238418579,0,0,1,1,0,8,0,0,0,8,99,0,8.300000190734863,-18.95999526977539,28.987972259521484,28.979816436767578,1.5,0,61,1.0,-1.0,0.0,0,0,0
1780579157.4444795,0,0.3499999940395355,0,0,462,900,423158243,1,77,0.0,0.0,32.77667236328125,28.561872482299805,1,0,0.6000000238418579,0,0,1,1,0,8,0,0,0,8,99,0,8.300000190734863,-19.907995223999023,29.15380859375,28.588409423828125,1.5,0,61,1.0,-1.0,0.0,0,0,0
1780579157.464493,0,0.3499999940395355,0,0,462,900,423158243,1,77,0.0,0.0,32.77667236328125,28.561872482299805,1,0,0.6000000238418579,0,0,1,0,0,8,0,0,0,8,99,1,8.300000190734863,0.0,29.319643020629883,28.423757553100586,1.5,0,61,1.0,-1.0,0.0,0,0,1
1780579157.4843538,0,0.3499999940395355,1,0,462,900,423158243,1,77,0.0,0.0,32.77667236328125,28.561872482299805,0,0,0.6000000238418579,0,0,1,0,0,8,0,1,0,8,99,1,8.300000190734863,0.0,29.485713958740234,28.408096313476562,1.5,0,61,1.0,0.0,0.0,0,0,1
1780579157.5037172,0,0.3499999940395355,1,0,462,900,423158243,1,77,0.0,0.0,32.77667236328125,28.561872482299805,0,0,0.6000000238418579,0,0,1,0,0,8,0,1,0,8,99,1,8.300000190734863,0.0,29.651878356933594,28.408105850219727,1.5,0,61,1.0,0.0,0.0,0,0,1
1780579157.523878,0,0.3499999940395355,1,0,441,900,423158243,7,77,0.0,0.0,32.77667236328125,28.561872482299805,0,0,0.6000000238418579,0,0,1,0,0,8,0,1,0,8,99,1,-3.75,0.0,29.817710876464844,28.40811538696289,1.5,0,72,1.0,0.0,0.0,0,0,1
1780579157.5446112,0,0.3499999940395355,1,0,441,900,423158243,7,77,0.0,0.0,33.0766716003418,28.561872482299805,0,0,0.6000000238418579,0,0,1,0,0,8,0,1,0,8,99,1,-3.75,0.0,29.82394027709961,28.408117294311523,1.5,0,72,1.0,0.0,0.0,0,0,1
1780579157.563696,0,0.3499999940395355,1,0,441,900,423158243,7,77,0.0,0.0,33.376670837402344,28.561872482299805,0,0,0.6000000238418579,0,0,1,0,0,8,0,1,0,8,99,1,-3.75,0.0,29.748756408691406,28.40812110900879,1.5,0,72,1.0,0.0,0.0,0,0,1
1780579157.5845103,0,0.3499999940395355,1,0,441,900,423158243,7,77,0.0,0.0,33.67667007446289,28.561872482299805,1,0,0.6000000238418579,0,0,1,0,0,8,0,1,0,8,99,1,-3.75,0.0,29.673830032348633,28.40812110900879,1.5,0,72,1.0,0.0,0.0,0,0,1
1780579157.6040976,0,0.3499999940395355,1,0,441,900,423158243,7,77,0.0,0.0,33.97666931152344,28.561872482299805,1,0,0.6000000238418579,0,0,1,0,0,8,0,1,0,8,99,1,-3.75,0.0,29.598831176757812,28.40812110900879,1.5,0,72,1.0,0.0,0.0,0,0,1
1780579157.6242876,0,0.3499999940395355,1,0,441,900,423158243,7,77,0.0,0.0,34.276668548583984,28.561872482299805,1,0,0.6000000238418579,0,0,1,0,0,8,0,1,0,8,99,1,-3.75,0.0,29.523773193359375,28.40812110900879,1.5,0,72,1.0,0.0,0.0,0,0,1
1780579157.6445239,0,0.3499999940395355,1,0,441,900,423158243,7,77,0.0,0.0,34.57666778564453,28.561872482299805,1,0,0.6000000238418579,0,0,1,0,0,8,0,1,0,8,99,1,-3.75,0.0,29.448780059814453,28.40812110900879,1.5,0,72,1.0,0.0,0.0,0,0,0
1780579157.6643884,0,0.3499999940395355,1,0,441,900,423158243,7,77,0.0,0.0,34.87666702270508,28.561872482299805,1,0,0.6000000238418579,0,0,1,0,0,8,0,1,0,8,99,1,-3.75,0.0,29.373668670654297,28.40812110900879,1.5,0,72,1.0,0.0,0.0,0,0,0
1780579157.6853645,0,0.3499999940395355,1,0,441,900,423158243,7,77,0.0,0.0,35.176666259765625,28.561872482299805,1,0,0.6000000238418579,0,0,1,0,0,8,0,1,0,8,99,1,-3.75,0.0,29.298742294311523,28.40812110900879,1.5,0,72,1.0,0.0,0.0,0,0,0
1780579157.7065814,0,0.3499999940395355,1,0,441,900,423158243,7,77,0.0,0.0,35.176666259765625,28.561872482299805,1,0,0.6000000238418579,0,0,1,0,0,8,0,1,0,8,99,1,-3.75,0.0,29.22347640991211,28.408119201660156,1.5,0,72,1.0,0.0,0.0,0,0,0
1780579157.7265725,0,0.3499999940395355,1,0,441,900,423158243,7,77,0.0,0.0,35.176666259765625,28.561872482299805,1,0,0.6000000238418579,0,0,1,0,0,8,0,1,0,8,99,1,8.300000190734863,0.0,29.30939292907715,28.408123016357422,1.5,0,72,1.0,0.0,0.0,0,0,0
1780579157.7462828,0,0.3499999940395355,1,0,441,900,423158243,7,77,0.0,0.0,35.176666259765625,28.561872482299805,1,0,0.6000000238418579,0,0,1,0,0,8,0,1,0,8,99,1,8.300000190734863,0.0,29.47522735595703,28.408123016357422,1.5,0,72,1.0,0.0,0.0,0,0,0
1780579157.7656653,0,0.3499999940395355,1,0,441,900,423158243,7,77,0.0,0.0,35.176666259765625,28.561872482299805,1,0,0.6000000238418579,0,0,1,0,0,8,0,1,0,8,99,1,8.300000190734863,0.0,29.641061782836914,28.40812110900879,1.5,0,72,1.0,0.0,0.0,0,0,0
1780579157.7852776,0,0.3499999940395355,1,0,441,900,423158243,7,77,0.0,0.0,35.176666259765625,28.561872482299805,1,0,0.6000000238418579,0,0,1,0,0,8,0,1,0,8,99,1,8.300000190734863,0.0,29.806896209716797,28.408123016357422,1.5,0,72,1.0,0.0,0.0,0,0,0
1780579157.8047514,0,0.3499999940395355,1,0,441,900,423158243,7,77,0.0,0.0,35.176666259765625,28.561872482299805,1,0,0.6000000238418579,0,0,1,0,0,8,0,1,0,8,99,1,8.300000190734863,0.0,29.972728729248047,28.40812110900879,1.5,0,72,1.0,0.0,0.0,0,0,0
1780579157.8249292,0,0.3499999940395355,1,0,441,900,423158243,7,77,0.0,0.0,35.176666259765625,28.561872482299805,1,0,0.6000000238418579,0,0,1,0,0,8,0,1,0,8,99,1,8.300000190734863,0.0,30.138565063476562,28.408119201660156,1.5,0,72,1.0,0.0,0.0,0,0,0
1780579157.844814,0,0.3499999940395355,0,0,441,900,423158243,9,77,-6.162792205810547,41.0,35.176666259765625,28.561872482299805,1,0,0.6000000238418579,0,0,1,0,0,8,0,0,0,8,99,1,8.300000190734863,0.0,30.304718017578125,28.408123016357422,1.5,0,72,1.0,0.0,0.0,0,0,0
1780579157.8641944,0,0.3499999940395355,0,0,441,900,423158243,10,77,-6.162792205810547,39.20000076293945,35.053409576416016,29.34587287902832,1,0,0.6000000238418579,0,0,1,0,0,8,0,0,0,8,99,1,8.300000190734863,0.0,30.470552444458008,28.408123016357422,1.5,0,72,1.0,0.0,0.0,0,0,0
1780579157.8842335,0,0.3499999940395355,0,0,441,900,423158243,10,77,-6.162792205810547,37.400001525878906,34.930152893066406,30.0938720703125,1,0,0.6000000238418579,0,0,1,0,0,8,0,0,0,8,99,1,8.300000190734863,0.0,30.63638687133789,28.408123016357422,1.5,0,72,1.0,0.0,0.0,0,0,0
1780579157.9039323,0,0.3499999940395355,0,0,441,900,423158243,10,77,-6.162792205810547,35.60000228881836,34.8068962097168,30.805871963500977,1,0,0.6000000238418579,0,0,1,0,0,8,0,0,0,8,99,1,8.300000190734863,0.0,30.80321502685547,28.408123016357422,1.5,0,72,1.0,0.0,0.0,0,0,0
1780579157.9239936,0,0.3499999940395355,0,0,441,900,423158243,10,77,-6.162792205810547,33.80000305175781,34.68363952636719,31.48187255859375,1,0,0.6000000238418579,0,0,1,0,0,8,0,0,0,8,99,1,8.300000190734863,0.0,30.96904754638672,28.408123016357422,1.5,0,72,1.0,0.0,0.0,0,0,0
1780579157.9440246,0,0.3499999940395355,0,0,441,900,423158243,10,77,-6.162792205810547,32.000003814697266,34.56038284301758,32.12187194824219,1,0,0.6000000238418579,0,0,1,0,0,8,0,0,0,8,99,1,8.300000190734863,0.0,31.1348819732666,28.40812110900879,1.5,0,72,1.0,0.0,0.0,0,0,0
1780579157.9642367,0,0.3499999940395355,0,0,441,900,423158243,10,77,-6.162792205810547,30.20000457763672,34.43712615966797,32.72587203979492,1,0,0.6000000238418579,0,0,1,0,0,8,0,0,0,8,99,1,8.300000190734863,0.0,31.300716400146484,28.40812110900879,1.5,0,72,1.0,0.0,0.0,0,0,0
1780579157.9835725,0,0.3499999940395355,0,0,441,900,423158243,10,77,-6.162792205810547,28.400005340576172,34.31386947631836,33.29387283325195,1,0,0.6000000238418579,0,0,1,0,0,8,0,0,0,8,99,1,8.300000190734863,0.0,31.466859817504883,28.40812110900879,1.5,0,72,1.0,0.0,0.0,0,0,0
1780579158.0036733,0,0.3499999940395355,0,0,441,900,423158243,10,77,-6.162792205810547,26.600006103515625,34.19061279296875,33.82587432861328,1,0,0.6000000238418579,0,0,1,0,0,8,0,0,0,8,99,1,8.300000190734863,0.0,31.632694244384766,28.40812110900879,1.5,0,72,1.0,0.0,0.0,0,0,0
1780579158.023899,0,0.3499999940395355,0,0,441,900,423158243,10,77,-6.162792205810547,24.800006866455078,34.06735610961914,34.32187271118164,1,0,0.6000000238418579,0,0,1,0,0,8,0,0,0,8,99,1,8.300000190734863,0.0,31.79852867126465,28.40812110900879,1.5,0,72,1.0,0.0,0.0,0,0,0
1780579158.0440395,0,0.3499999940395355,0,0,441,900,423158243,10,77,-6.162792205810547,23.00000762939453,33.94409942626953,34.7818717956543,1,0,0.6000000238418579,0,0,1,0,0,8,0,0,0,8,99,1,8.300000190734863,0.0,31.964981079101562,28.40812110900879,1.5,0,72,1.0,0.0,0.0,0,0,0
1780579158.0637367,0,0.3499999940395355,0,0,441,900,423158243,10,77,-6.162792205810547,21.200008392333984,33.82084274291992,35.20587158203125,1,0,0.6000000238418579,0,0,1,0,0,8,0,0,0,8,99,1,8.300000190734863,0.0,32.13081359863281,28.40812110900879,1.5,0,72,1.0,0.0,0.0,0,0,0
1780579158.0842197,0,0.3499999940395355,0,0,441,900,423158243,10,77,-6.162792205810547,19.400009155273438,33.69758605957031,35.5938720703125,1,0,0.6000000238418579,0,0,1,0,0,8,0,0,0,8,99,1,8.300000190734863,0.0,32.29664993286133,28.40812110900879,1.5,0,72,1.0,0.0,0.0,0,0,0
1780579158.1043444,0,0.3499999940395355,0,0,441,900,423158243,10,77,-6.162792205810547,17.60000991821289,33.5743293762207,35.94587326049805,1,0,0.6000000238418579,0,0,1,0,0,8,0,0,0,8,99,1,8.300000190734863,0.0,32.46248245239258,28.408119201660156,1.5,0,72,1.0,0.0,0.0,0,0,0
1780579158.1236887,0,0.3499999940395355,0,0,441,900,423158243,10,77,-6.162792205810547,15.800010681152344,33.451072692871094,36.26187515258789,1,0,0.6000000238418579,0,0,1,0,0,8,0,0,0,8,99,1,8.300000190734863,0.0,32.628318786621094,28.408123016357422,1.5,0,72,1.0,0.0,0.0,0,0,0
1780579158.1439073,0,0.3499999940395355,0,0,441,900,423158243,10,77,-6.162792205810547,14.000011444091797,33.327816009521484,36.541873931884766,1,0,0.6000000238418579,0,0,1,0,0,8,0,0,0,8,99,1,8.300000190734863,0.0,32.79415512084961,28.408123016357422,1.5,0,72,1.0,0.0,0.0,0,0,0
1780579158.1641848,0,0.3499999940395355,0,0,441,900,423158243,10,77,-6.162792205810547,12.20001220703125,33.204559326171875,36.78587341308594,1,0,0.6000000238418579,0,0,1,0,0,8,0,0,0,8,99,1,8.300000190734863,0.0,32.95998764038086,28.40812110900879,1.5,0,72,1.0,0.0,0.0,0,0,0
1780579158.184476,0,0.3499999940395355,0,0,441,900,423158243,10,77,-6.162792205810547,10.400012969970703,33.081302642822266,36.993873596191406,1,0,0.6000000238418579,0,0,1,0,0,8,0,0,0,8,99,1,8.300000190734863,0.0,33.12610626220703,28.408119201660156,1.5,0,72,1.0,0.0,0.0,0,0,0
1780579158.204014,0,0.3499999940395355,0,0,441,900,423158243,10,77,-6.162792205810547,8.600013732910156,32.958045959472656,37.16587448120117,1,0,0.6000000238418579,0,0,1,0,0,8,0,0,0,8,99,1,8.300000190734863,0.0,33.29193878173828,28.408123016357422,1.5,0,72,1.0,0.0,0.0,0,0,0
1780579158.2240715,0,0.3499999940395355,0,0,441,900,423158243,10,77,-6.162792205810547,6.800014495849609,32.83478927612305,37.301876068115234,1,0,0.6000000238418579,0,0,1,0,0,8,0,0,0,8,99,1,8.300000190734863,0.0,33.45835876464844,28.408123016357422,1.5,0,72,1.0,0.0,0.0,0,0,0
1780579158.2442224,0,0.3499999940395355,0,0,441,900,423158243,10,77,-6.162792205810547,5.0000152587890625,32.71153259277344,37.40187454223633,1,0,0.6000000238418579,0,0,1,0,0,8,0,0,0,8,99,1,8.300000190734863,0.0,33.62419128417969,28.40812110900879,1.5,0,72,1.0,0.0,0.0,0,0,0
1780579158.2636614,0,0.3499999940395355,0,0,441,900,423158243,10,77,-6.162792205810547,3.2000160217285156,32.58827590942383,37.46587371826172,1,0,0.6000000238418579,0,0,1,0,0,8,0,0,0,8,99,1,8.300000190734863,0.0,33.79060745239258,28.408123016357422,1.5,0,72,1.0,0.0,0.0,0,0,0
1780579158.2841675,0,0.3499999940395355,0,0,441,900,423158243,10,77,-6.162792205810547,1.4000167846679688,32.46501922607422,37.493873596191406,1,0,0.6000000238418579,0,0,1,0,0,8,0,0,0,8,99,1,8.300000190734863,0.0,33.956443786621094,28.40812110900879,1.5,0,72,1.0,0.0,0.0,0,0,0
1780579158.3041272,0,0.3499999940395355,0,0,441,900,423158243,10,77,-6.162792205810547,-0.3999824523925781,32.34176254272461,37.48587417602539,1,0,0.6000000238418579,0,0,1,0,0,8,0,0,0,8,99,1,8.300000190734863,0.0,34.122276306152344,28.408123016357422,1.5,0,72,1.0,0.0,0.0,0,0,0
1780579158.3243074,0,0.3499999940395355,0,0,441,900,423158243,10,77,-6.162792205810547,-2.199981689453125,32.218505859375,37.44187545776367,1,0,0.6000000238418579,0,0,1,0,0,8,0,0,0,8,99,1,8.300000190734863,0.0,34.28851318359375,28.40812110900879,1.5,0,72,1.0,0.0,0.0,0,0,0
1780579158.3439066,0,0.3499999940395355,0,0,441,900,423158243,10,77,-6.162792205810547,-3.999980926513672,32.09524917602539,37.36187744140625,1,0,0.6000000238418579,0,0,1,0,0,8,0,0,0,8,99,1,8.300000190734863,0.0,34.454345703125,28.408119201660156,1.5,0,72,1.0,0.0,0.0,0,0,0
1780579158.3641484,0,0.3499999940395355,0,0,441,900,423158243,10,77,-6.162792205810547,-5.799980163574219,31.97199249267578,37.24587631225586,1,0,0.6000000238418579,0,0,1,0,0,8,0,0,0,8,99,1,8.300000190734863,0.0,34.620182037353516,28.408119201660156,1.5,0,72,1.0,0.0,0.0,0,0,0
1780579158.3840935,0,0.3499999940395355,0,0,441,900,423158243,10,77,-6.162792205810547,-7.599979400634766,31.848735809326172,37.093875885009766,1,0,0.6000000238418579,0,0,1,0,0,8,0,0,0,8,99,1,8.300000190734863,0.0,34.786415100097656,28.40812110900879,1.5,0,72,1.0,0.0,0.0,0,0,0
1780579158.4034786,0,0.3499999940395355,0,0,441,900,423158243,10,77,-6.162792205810547,-9.399978637695312,31.725479125976562,36.90587615966797,1,0,0.6000000238418579,0,0,1,0,0,8,0,0,0,8,99,1,8.300000190734863,0.0,34.95225143432617,28.40812110900879,1.5,0,72,1.0,0.0,0.0,0,0,0
1780579158.4245307,0,0.3499999940395355,0,0,441,900,423158243,14,77,0.0,0.0,31.602222442626953,36.68187713623047,1,0,0.6000000238418579,0,0,1,0,0,8,0,0,0,8,99,1,8.300000190734863,0.0,35.11808776855469,28.40812110900879,1.5,0,72,1.0,0.0,0.0,0,0,0
1780579158.4446192,0,0.3499999940395355,0,0,441,900,423158243,14,77,0.0,0.0,31.602222442626953,36.68187713623047,1,0,0.6000000238418579,0,0,1,0,0,8,0,0,0,8,99,1,8.300000190734863,0.0,35.28440856933594,28.40812110900879,1.5,0,72,1.0,0.0,0.0,0,0,0
1780579158.4639318,0,0.3499999940395355,0,0,441,900,423158243,14,77,0.0,0.0,31.602222442626953,36.68187713623047,1,0,0.6000000238418579,0,0,1,0,0,8,0,0,0,8,99,1,8.300000190734863,0.0,35.450477600097656,28.40812110900879,1.5,0,72,0.0,0.0,0.0,0,0,0
1780579158.4839358,0,0.3499999940395355,0,0,441,900,423158243,14,77,0.0,0.0,31.602222442626953,36.68187713623047,1,0,0.6000000238418579,0,0,1,0,0,8,0,0,0,8,99,1,8.300000190734863,0.0,35.616310119628906,28.408119201660156,1.5,0,72,0.0,0.0,0.0,0,0,0
1780579158.5042636,0,0.3499999940395355,0,0,441,900,423158243,14,77,0.0,0.0,31.602222442626953,36.68187713623047,1,0,0.6000000238418579,0,0,1,0,0,8,0,0,0,8,99,1,0.0,0.0,35.6726188659668,28.408119201660156,1.5,0,72,0.0,0.0,0.0,0,0,0
1780579158.5242069,0,0.3499999940395355,0,0,441,900,423158243,14,77,0.0,0.0,31.602222442626953,36.68187713623047,1,0,0.6000000238418579,0,0,1,0,0,8,0,0,0,8,99,1,0.0,0.0,35.6726188659668,28.408123016357422,1.5,0,72,0.0,0.0,0.0,0,0,0
1780579158.5438564,0,0.3499999940395355,0,0,441,900,423158243,14,77,0.0,0.0,31.602222442626953,36.68187713623047,1,0,0.6000000238418579,0,0,1,0,0,8,0,0,0,8,99,1,0.0,0.0,35.6726188659668,28.40812110900879,1.5,0,72,0.0,0.0,0.0,0,0,0
1780579158.5644386,0,0.3499999940395355,0,0,441,900,423158243,14,77,0.0,0.0,31.602222442626953,36.68187713623047,1,0,0.6000000238418579,0,0,1,0,0,8,0,0,0,8,99,1,0.0,0.0,35.6726188659668,28.40812110900879,1.5,0,72,0.0,0.0,0.0,0,0,0
1780579158.58443,0,0.3499999940395355,0,0,441,900,423158243,14,77,0.0,0.0,31.602222442626953,36.68187713623047,1,0,0.6000000238418579,0,0,1,0,0,8,0,0,0,8,99,1,0.0,0.0,35.6726188659668,28.40812110900879,1.5,0,72,0.0,0.0,0.0,0,0,0
1780579158.6041238,0,0.3499999940395355,0,0,441,900,423158243,14,77,0.0,0.0,31.602222442626953,36.68187713623047,1,0,0.6000000238418579,0,0,1,0,0,8,0,0,0,8,99,1,0.0,0.0,35.6726188659668,28.408123016357422,1.5,0,72,1.0,0.0,0.0,0,0,0
1780579158.6238806,0,0.3499999940395355,0,0,441,900,423158243,14,77,0.0,0.0,31.602222442626953,36.68187713623047,1,0,0.6000000238418579,0,0,1,0,0,8,0,0,0,8,99,1,0.0,0.0,35.6726188659668,28.40812110900879,1.5,0,72,1.0,0.0,0.0,0,0,0
1780579158.6443534,0,0.3499999940395355,0,0,441,900,423158243,14,77,0.0,0.0,31.602222442626953,36.68187713623047,1,0,0.6000000238418579,0,0,1,0,0,8,0,0,0,8,99,1,8.300000190734863,0.0,35.782981872558594,28.408123016357422,1.5,0,72,1.0,0.0,0.0,0,0,0
1780579158.6641545,0,0.3499999940395355,0,0,441,900,423158243,14,77,0.0,0.0,31.602222442626953,36.68187713623047,1,0,0.6000000238418579,0,0,1,0,0,8,0,0,0,8,99,1,8.300000190734863,0.0,35.94881820678711,28.40812110900879,1.5,0,72,1.0,0.0,0.0,0,0,0
1780579158.6837418,0,0.3499999940395355,0,0,441,900,423158243,14,77,0.0,0.0,31.602222442626953,36.68187713623047,1,0,0.6000000238418579,0,0,1,0,0,8,0,0,0,8,99,1,8.300000190734863,0.0,36.114654541015625,28.40812110900879,1.5,0,72,1.0,0.0,0.0,0,0,0
1780579158.7047112,0,0.3499999940395355,0,0,441,900,423158243,14,77,0.0,0.0,31.602222442626953,36.68187713623047,1,0,0.6000000238418579,0,0,1,0,0,8,0,0,0,8,99,1,8.300000190734863,0.0,36.280487060546875,28.40812110900879,1.5,0,72,1.0,0.0,0.0,0,0,0
1780579158.7241197,0,0.3499999940395355,0,0,441,900,423158243,14,77,0.0,0.0,31.602222442626953,36.68187713623047,1,0,0.6000000238418579,0,0,1,0,0,8,0,0,0,8,99,1,8.300000190734863,0.0,36.4468879699707,28.408119201660156,1.5,0,72,1.0,0.0,0.0,0,0,0
1780579158.744163,0,0.3499999940395355,0,0,441,900,423158243,14,77,0.0,0.0,31.602222442626953,36.68187713623047,1,0,0.6000000238418579,0,0,1,0,0,8,0,0,0,8,99,1,8.300000190734863,0.0,36.61362838745117,28.408123016357422,1.5,0,72,1.0,0.0,0.0,0,0,0
1780579158.7638633,0,0.3499999940395355,0,0,441,900,423158243,14,77,0.0,0.0,31.602222442626953,36.68187713623047,1,0,0.6000000238418579,0,0,1,0,0,8,0,0,0,8,99,1,8.300000190734863,0.0,36.77946472167969,28.40812110900879,1.5,0,72,1.0,0.0,0.0,0,0,0
1780579158.7841222,0,0.3499999940395355,0,0,441,900,423158243,14,77,0.0,0.0,31.602222442626953,36.68187713623047,1,0,0.6000000238418579,0,0,1,0,0,8,0,0,0,8,99,1,8.300000190734863,0.0,36.94529724121094,28.40812110900879,1.5,0,72,1.0,0.0,0.0,0,0,0
1780579158.8042166,0,0.3499999940395355,0,0,441,900,423158243,14,77,0.0,0.0,31.602222442626953,36.68187713623047,1,0,0.6000000238418579,0,0,1,0,0,8,0,0,0,8,99,1,8.300000190734863,0.0,37.11113357543945,28.40812110900879,1.5,0,72,1.0,0.0,0.0,0,0,0
1780579158.823617,0,0.3499999940395355,0,0,441,900,423158243,14,77,0.0,0.0,31.602222442626953,36.68187713623047,1,0,0.6000000238418579,0,0,1,0,0,8,0,0,0,8,99,1,8.300000190734863,0.0,37.27696990966797,28.40812110900879,1.5,0,72,1.0,0.0,0.0,0,0,0
1780579158.8440394,0,0.3499999940395355,0,0,441,900,423158243,14,77,0.0,0.0,31.602222442626953,36.68187713623047,1,0,0.6000000238418579,0,0,1,0,0,8,0,0,0,8,99,1,8.300000190734863,0.0,37.44280242919922,28.40812110900879,1.5,0,72,1.0,0.0,0.0,0,0,0
1780579158.8641884,0,0.3499999940395355,0,0,441,900,423158243,15,77,10.931262016296387,-27.937562942504883,31.602222442626953,36.68187713623047,1,0,0.6000000238418579,0,0,1,0,0,8,0,0,0,8,99,1,8.300000190734863,0.0,37.60863494873047,28.408119201660156,1.5,0,72,1.0,0.0,0.0,0,0,0
1780579158.8838348,0,0.3499999940395355,0,0,441,900,423158243,15,77,10.931262016296387,-27.937562942504883,31.82084846496582,36.12312698364258,1,0,0.6000000238418579,0,0,1,0,0,8,0,0,0,8,99,1,1.1368683772161603e-13,0.0,37.709564208984375,28.408123016357422,1.5,0,72,1.0,0.0,0.0,0,0,0
1780579158.9039197,0,0.3499999940395355,0,0,441,900,423158243,15,77,10.931262016296387,-27.937562942504883,32.03947448730469,35.56437683105469,1,0,0.6000000238418579,0,0,1,0,0,8,0,0,0,8,99,1,1.1368683772161603e-13,0.0,37.73252868652344,28.408124923706055,1.5,0,72,1.0,0.0,0.0,0,0,0
1780579158.9243276,0,0.3499999940395355,0,0,441,900,423158243,15,77,10.931262016296387,-27.937562942504883,32.25809860229492,35.0056266784668,1,0,0.6000000238418579,0,0,1,0,0,8,0,0,0,8,99,1,0.0,0.0,37.732521057128906,28.408124923706055,1.5,0,72,1.0,0.0,0.0,0,0,0
1780579158.9442868,0,0.3499999940395355,0,0,441,900,423158243,15,77,10.931262016296387,-27.937562942504883,32.476722717285156,34.446876525878906,1,0,0.6000000238418579,0,0,1,0,0,8,0,0,0,8,99,1,0.0,0.0,37.732513427734375,28.408124923706055,1.5,0,72,1.0,0.0,0.0,0,0,0
1780579158.9639215,0,0.3499999940395355,0,0,441,900,423158243,15,77,10.931262016296387,-27.937562942504883,32.69534683227539,33.888126373291016,1,0,0.6000000238418579,0,0,1,0,0,8,0,0,0,8,99,1,0.0,0.0,37.732505798339844,28.408126831054688,1.5,0,72,1.0,0.0,0.0,0,0,0
1780579158.9843183,0,0.3499999940395355,0,0,441,900,423158243,15,77,10.931262016296387,-27.937562942504883,32.913970947265625,33.329376220703125,1,0,0.6000000238418579,0,0,1,0,0,8,0,0,0,8,99,1,0.0,0.0,37.732505798339844,28.408124923706055,1.5,0,72,1.0,0.0,0.0,0,0,0
1780579159.0043414,0,0.3499999940395355,0,0,441,900,423158243,15,77,10.931262016296387,-27.937562942504883,33.13259506225586,32.770626068115234,1,0,0.6000000238418579,0,0,1,0,0,8,0,0,0,8,99,1,0.0,0.0,37.732505798339844,28.408124923706055,1.5,0,72,1.0,0.0,0.0,0,0,0
1780579159.0242753,0,0.3499999940395355,0,0,441,900,423158243,15,77,10.931262016296387,-27.937562942504883,33.351219177246094,32.211875915527344,1,0,0.6000000238418579,0,0,1,0,0,8,0,0,0,8,99,1,0.0,0.0,37.732505798339844,28.408124923706055,1.5,0,72,1.0,0.0,0.0,0,0,0
1780579159.0439115,0,0.3499999940395355,0,0,441,900,423158243,15,77,10.931262016296387,-27.937562942504883,33.56984329223633,31.653125762939453,1,0,0.6000000238418579,0,0,1,0,0,8,0,0,0,8,99,1,0.0,0.0,37.732505798339844,28.408124923706055,1.5,0,72,1.0,0.0,0.0,0,0,0
1780579159.064593,0,0.3499999940395355,0,0,441,900,423158243,15,77,10.931262016296387,-27.937562942504883,33.78846740722656,31.094375610351562,1,0,0.6000000238418579,0,0,1,0,0,8,0,0,0,8,99,1,0.0,0.0,37.732505798339844,28.408124923706055,1.5,0,72,1.0,0.0,0.0,0,0,0
1780579159.084196,0,0.3499999940395355,0,0,441,900,423158243,15,77,10.931262016296387,-27.937562942504883,34.0070915222168,30.535625457763672,1,0,0.6000000238418579,0,0,1,0,0,8,0,0,0,8,99,1,0.0,0.0,37.732505798339844,28.408124923706055,1.5,0,72,1.0,0.0,0.0,0,0,0
1780579159.1035633,0,0.3499999940395355,0,0,441,900,423158243,15,77,10.931262016296387,-27.937562942504883,34.22571563720703,29.97687530517578,1,0,0.6000000238418579,0,0,1,0,0,8,0,0,0,8,99,1,0.0,0.0,37.732505798339844,28.408124923706055,1.5,0,72,1.0,0.0,0.0,0,0,0
1780579159.1243973,0,0.3499999940395355,0,0,441,900,423158243,15,77,10.931262016296387,-27.937562942504883,34.444339752197266,29.41812515258789,1,0,0.6000000238418579,0,0,1,0,0,8,0,0,0,8,99,1,0.0,0.0,37.732505798339844,28.408123016357422,1.5,0,72,1.0,0.0,0.0,0,0,0
1780579159.1445389,0,0.3499999940395355,0,0,441,900,423158243,15,77,10.931262016296387,-27.937562942504883,34.6629638671875,28.859375,1,0,0.6000000238418579,0,0,1,0,0,8,0,0,0,8,99,1,0.0,0.0,37.732505798339844,28.408124923706055,1.5,0,72,1.0,0.0,0.0,0,0,0
1780579159.1643207,0,0.3499999940395355,0,0,441,900,423158243,15,77,10.931262016296387,-27.937562942504883,34.881587982177734,28.30062484741211,1,0,0.6000000238418579,0,0,1,0,0,8,0,0,0,8,99,1,0.0,0.0,37.732505798339844,28.408124923706055,1.5,0,72,1.0,0.0,0.0,0,0,0
1780579159.1839175,0,0.3499999940395355,0,0,441,900,423158243,15,77,10.931262016296387,-27.937562942504883,35.10021209716797,27.74187469482422,1,0,0.6000000238418579,0,0,1,0,0,8,0,0,0,8,99,1,0.0,0.0,37.732505798339844,28.408126831054688,1.5,0,72,1.0,0.0,0.0,0,0,0
1780579159.2046223,0,0.3499999940395355,0,0,441,900,423158243,47,77,8.745009422302246,0.0,35.3188362121582,27.549999237060547,1,0,0.6000000238418579,0,0,1,0,0,8,0,0,0,8,99,1,0.0,0.0,37.732505798339844,28.408126831054688,1.5,0,72,0.0,0.0,0.0,0,0,0
1780579159.2243974,0,0.3499999940395355,0,0,441,900,423158243,47,77,6.996007442474365,0.0,35.45875549316406,28.295839309692383,1,0,0.6000000238418579,0,0,1,0,0,8,0,0,0,8,99,1,0.0,0.0,37.732505798339844,28.408124923706055,1.5,0,72,0.0,0.0,0.0,0,0,0
1780579159.2440317,0,0.3499999940395355,0,0,441,900,423158243,47,77,5.596806049346924,0.0,35.5706901550293,28.492136001586914,1,0,0.6000000238418579,0,0,1,0,0,8,0,0,0,8,99,1,-1.1368683772161603e-13,0.0,37.732505798339844,28.408126831054688,1.5,0,72,0.0,0.0,0.0,0,0,0
1780579159.2641618,0,0.3499999940395355,0,0,441,900,423158243,47,77,4.477445125579834,0.0,35.660240173339844,28.54359245300293,1,0,0.6000000238418579,0,0,1,0,0,8,0,0,0,8,99,1,0.0,0.0,37.732505798339844,28.408124923706055,1.5,0,72,0.0,0.0,0.0,0,0,0
1780579159.2843397,0,0.3499999940395355,0,0,441,900,423158243,47,77,3.581956148147583,0.0,35.73188018798828,28.55708122253418,1,0,0.6000000238418579,0,0,1,0,0,8,0,0,0,8,99,1,0.0,0.0,37.732505798339844,28.408124923706055,1.5,0,72,0.0,0.0,0.0,0,0,0
1780579159.3041523,0,0.3499999940395355,0,0,441,900,423158243,47,77,2.865565061569214,0.0,35.78919219970703,28.558807373046875,1,0,0.6000000238418579,0,0,1,0,0,8,0,0,0,8,99,1,0.0,0.0,37.732505798339844,28.408124923706055,1.5,0,72,0.0,0.0,0.0,0,0,0
1780579159.3239434,0,0.3499999940395355,0,0,441,900,423158243,47,77,2.292452096939087,0.0,35.83504104614258,28.559911727905273,1,0,0.6000000238418579,0,0,1,0,0,8,0,0,0,8,99,1,0.0,0.0,37.732505798339844,28.408123016357422,1.5,0,72,0.0,0.0,0.0,0,0,0
1780579159.3438907,0,0.3499999940395355,0,0,441,900,423158243,47,77,1.8339617252349854,0.0,35.87171936035156,28.560619354248047,1,0,0.6000000238418579,0,0,1,0,0,8,0,0,0,8,99,1,0.0,0.0,37.732505798339844,28.408124923706055,1.5,0,72,0.0,0.0,0.0,0,0,0
1780579159.363707,0,0.3499999940395355,0,0,441,900,423158243,47,77,1.4671694040298462,0.0,35.90106201171875,28.561071395874023,1,0,0.6000000238418579,0,0,1,0,0,8,0,0,0,8,99,1,0.0,0.0,37.732505798339844,28.408123016357422,1.5,0,72,0.0,0.0,0.0,0,0,0
1780579159.3839169,0,0.3499999940395355,0,0,441,900,423158243,47,77,1.173735499382019,0.0,35.924537658691406,28.561359405517578,1,0,0.6000000238418579,0,0,1,0,0,8,0,0,0,8,99,1,0.0,0.0,37.732505798339844,28.408123016357422,1.5,0,72,0.0,0.0,0.0,0,0,0
1780579159.4041927,0,0.3499999940395355,0,0,441,900,423158243,47,77,0.9389883875846863,0.0,35.94331741333008,28.56154441833496,1,0,0.6000000238418579,0,0,1,0,0,8,0,0,0,8,99,1,0.0,0.0,37.732505798339844,28.408126831054688,1.5,0,72,0.0,0.0,0.0,0,0,0
1780579159.4242318,0,0.3499999940395355,0,0,441,900,423158243,47,77,0.751190721988678,0.0,35.95833969116211,28.561664581298828,1,0,0.6000000238418579,0,0,1,0,0,8,0,0,0,8,99,1,0.0,0.0,37.732505798339844,28.408123016357422,1.5,0,72,0.0,0.0,0.0,0,0,0
1780579159.443571,0,0.3499999940395355,0,0,441,900,423158243,47,77,0.6009525656700134,0.0,35.970359802246094,28.56174087524414,1,0,0.6000000238418579,0,0,1,0,0,8,0,0,0,8,99,1,0.0,0.0,37.732505798339844,28.408126831054688,1.5,0,72,0.0,0.0,0.0,0,0,0
1780579159.4635413,0,0.3499999940395355,0,0,441,900,423158243,47,77,0.4807620644569397,0.0,35.979976654052734,28.56178855895996,1,0,0.6000000238418579,0,0,1,0,0,8,0,0,0,8,99,1,0.0,0.0,37.732505798339844,28.408124923706055,1.5,0,72,0.0,0.0,0.0,0,0,0
1780579159.4839394,0,0.3499999940395355,0,0,441,900,423158243,47,77,0.3846096694469452,0.0,35.987667083740234,28.561819076538086,1,0,0.6000000238418579,0,0,1,0,0,8,0,0,0,8,99,1,0.0,0.0,37.732505798339844,28.408124923706055,1.5,0,72,0.0,0.0,0.0,0,0,0
1780579159.5041509,0,0.3499999940395355,0,0,441,900,423158243,47,77,0.3076877295970917,0.0,35.99382019042969,28.561840057373047,1,0,0.6000000238418579,0,0,1,0,0,8,0,0,0,8,99,1,0.0,0.0,37.732505798339844,28.408124923706055,1.5,0,72,0.0,0.0,0.0,0,0,0
1780579159.5238042,0,0.3499999940395355,0,0,441,900,423158243,47,77,0.2461501806974411,0.0,35.99874496459961,28.561853408813477,1,0,0.6000000238418579,0,0,1,0,0,8,0,0,0,8,99,1,0.0,0.0,37.732505798339844,28.408123016357422,1.5,0,72,0.0,0.0,0.0,0,0,0
1780579159.5444696,0,0.3499999940395355,0,0,441,900,423158243,47,77,0.19692014157772064,0.0,36.002681732177734,28.561861038208008,1,0,0.6000000238418579,0,0,1,0,0,8,0,0,0,8,99,1,0.0,0.0,37.732505798339844,28.408126831054688,1.5,0,72,0.0,0.0,0.0,0,0,0
1780579159.5640056,0,0.3499999940395355,0,0,441,900,423158243,47,77,0.157536119222641,0.0,36.00583267211914,28.561864852905273,1,0,0.6000000238418579,0,0,1,0,0,8,0,0,0,8,99,1,0.0,0.0,37.732505798339844,28.408124923706055,1.5,0,72,0.0,0.0,0.0,0,0,0
1780579159.5837388,0,0.3499999940395355,0,0,441,900,423158243,47,77,0.1260288953781128,0.0,36.00835418701172,28.56186866760254,1,0,0.6000000238418579,0,0,1,0,0,8,0,0,0,8,99,1,0.0,0.0,37.732505798339844,28.408124923706055,1.5,0,72,0.0,0.0,0.0,0,0,0
1780579159.6036208,0,0.3499999940395355,0,0,441,900,423158243,47,77,0.10082311928272247,0.0,36.010372161865234,28.561870574951172,1,0,0.6000000238418579,0,0,1,0,0,8,0,0,0,8,99,1,0.0,0.0,37.732505798339844,28.408124923706055,1.5,0,72,0.0,0.0,0.0,0,0,0
1780579159.6241968,0,0.3499999940395355,0,0,441,900,423158243,47,77,0.08065849542617798,0.0,36.011985778808594,28.561870574951172,1,0,0.6000000238418579,0,0,1,0,0,8,0,0,0,8,99,1,0.0,0.0,37.732505798339844,28.408124923706055,1.5,0,72,0.0,0.0,0.0,0,0,0
1780579159.643927,0,0.3499999940395355,0,0,441,900,423158243,47,77,0.06452679634094238,0.0,36.013275146484375,28.561870574951172,1,0,0.6000000238418579,0,0,1,0,0,8,0,0,0,8,99,1,0.0,0.0,37.732505798339844,28.408123016357422,1.5,0,72,0.0,0.0,0.0,0,0,0
1780579159.6635048,0,0.3499999940395355,0,0,441,900,423158243,47,77,0.051621437072753906,0.0,36.01430892944336,28.561870574951172,1,0,0.6000000238418579,0,0,1,0,0,8,0,0,0,8,99,1,0.0,0.0,37.732505798339844,28.408124923706055,1.5,0,72,0.0,0.0,0.0,0,0,0
1780579159.684155,0,0.3499999940395355,0,0,441,900,423158243,47,77,0.041297148913145065,0.0,36.01513671875,28.561870574951172,1,0,0.6000000238418579,0,0,1,0,0,8,0,0,0,8,99,1,0.0,0.0,37.732505798339844,28.408124923706055,1.5,0,72,0.0,0.0,0.0,0,0,0
1780579159.7042487,0,0.3499999940395355,0,0,441,900,423158243,1,77,0.0,0.0,36.01579666137695,28.561870574951172,1,0,0.6000000238418579,0,0,1,0,0,8,0,0,0,8,99,1,0.0,0.0,37.732505798339844,28.408124923706055,1.5,0,72,0.0,0.0,0.0,0,0,0
1780579159.724142,0,0.3499999940395355,0,0,441,900,423158243,1,77,0.0,0.0,36.01579666137695,28.561870574951172,1,0,0.6000000238418579,0,0,1,0,0,8,0,0,0,8,99,1,0.0,0.0,37.732505798339844,28.408126831054688,1.5,0,72,-1.0,0.0,0.0,0,0,0
1780579159.7449014,0,0.3499999940395355,0,0,441,900,423158243,1,77,0.0,0.0,36.01579666137695,28.561870574951172,1,0,0.6000000238418579,0,0,1,0,0,8,0,0,0,8,99,1,0.0,0.0,37.732505798339844,28.408126831054688,1.5,0,72,-1.0,0.0,0.0,0,0,0
1780579159.764427,0,0.3499999940395355,0,0,441,900,423158243,1,77,0.0,0.0,36.01579666137695,28.561870574951172,1,0,0.6000000238418579,0,0,1,0,0,8,0,0,0,8,99,1,0.0,0.0,37.732505798339844,28.408124923706055,1.5,0,72,-1.0,0.0,0.0,0,0,0
1780579159.784496,0,0.3499999940395355,0,0,441,900,423158243,1,77,0.0,0.0,36.01579666137695,28.561870574951172,1,0,0.6000000238418579,0,0,0,0,0,8,0,0,0,8,99,1,-8.300000190734863,0.0,37.62279510498047,28.408126831054688,1.5,0,72,-1.0,1.0,0.0,0,0,0
1780579159.8037307,0,0.3499999940395355,0,0,441,900,423158243,1,77,0.0,0.0,36.01579666137695,28.561870574951172,1,0,0.6000000238418579,0,0,0,0,0,8,0,0,0,8,99,1,-8.300000190734863,0.0,37.45696258544922,28.408124923706055,1.5,0,72,-1.0,1.0,0.0,0,0,0
1780579159.8245475,0,0.3499999940395355,0,0,441,900,423158243,1,77,0.0,0.0,36.01579666137695,28.561870574951172,1,0,0.6000000238418579,0,0,0,0,0,8,0,0,0,8,99,1,-8.300000190734863,0.0,37.2911262512207,28.408124923706055,1.5,0,72,0.0,0.0,0.0,0,0,1
1780579159.8444595,0,0.3499999940395355,1,0,441,900,423158243,1,77,0.0,0.0,36.01579666137695,28.561870574951172,0,0,0.6000000238418579,0,0,0,0,0,8,0,1,0,8,99,1,-8.300000190734863,0.0,37.12369155883789,28.408126831054688,1.5,0,72,0.0,0.0,0.0,0,0,1
1780579159.8639379,0,0.3499999940395355,1,0,441,900,423158243,1,77,0.0,0.0,36.01579666137695,28.561870574951172,0,0,0.6000000238418579,0,0,0,0,0,8,0,1,0,8,99,1,0.0,0.0,37.068504333496094,28.408124923706055,1.5,0,72,0.0,0.0,0.0,0,0,1
1780579159.884497,0,0.3499999940395355,1,0,420,900,423158243,2,77,0.0,0.0,36.01579666137695,28.561870574951172,0,0,0.6000000238418579,0,0,0,0,0,8,0,1,0,8,99,1,3.75,0.0,37.068504333496094,28.408124923706055,1.5,0,83,0.0,0.0,0.0,0,0,1
1780579159.9043214,0,0.3499999940395355,1,0,420,900,423158243,2,77,0.0,0.0,35.715797424316406,28.561872482299805,0,0,0.6000000238418579,0,0,0,0,0,8,0,1,0,8,99,1,3.75,0.0,37.11834716796875,28.408124923706055,1.5,0,83,0.0,0.0,0.0,0,0,1
1780579159.9243772,0,0.3499999940395355,1,0,420,900,423158243,2,77,0.0,0.0,35.41579818725586,28.561872482299805,0,0,0.6000000238418579,0,0,0,0,0,8,0,1,0,8,99,1,3.75,0.0,37.193275451660156,28.408123016357422,1.5,0,83,0.0,0.0,0.0,0,0,1
1780579159.943637,0,0.3499999940395355,1,0,420,900,423158243,2,77,0.0,0.0,35.11579895019531,28.561872482299805,1,0,0.6000000238418579,0,0,0,0,0,8,0,1,0,8,99,1,3.75,0.0,37.26819610595703,28.408123016357422,1.5,0,83,0.0,0.0,0.0,0,0,1
1780579159.9640844,0,0.3499999940395355,1,0,420,900,423158243,2,77,0.0,0.0,34.815799713134766,28.561872482299805,1,0,0.6000000238418579,0,0,0,0,0,8,0,1,0,8,99,1,3.75,0.0,37.34312438964844,28.408126831054688,1.5,0,83,0.0,0.0,0.0,0,0,1
1780579159.984268,0,0.3499999940395355,1,0,420,900,423158243,2,77,0.0,0.0,34.51580047607422,28.561872482299805,1,0,0.6000000238418579,0,0,0,0,0,8,0,1,0,8,99,1,3.75,0.0,37.41804885864258,28.408123016357422,1.5,0,83,0.0,0.0,0.0,0,0,0
1780579160.0046592,0,0.3499999940395355,1,0,420,900,423158243,2,77,0.0,0.0,34.21580123901367,28.561872482299805,1,0,0.6000000238418579,0,0,0,0,0,8,0,1,0,8,99,1,3.75,0.0,37.49301528930664,28.408124923706055,1.5,0,83,0.0,0.0,0.0,0,0,0
1780579160.0240843,0,0.3499999940395355,1,0,420,900,423158243,2,77,0.0,0.0,33.915802001953125,28.561872482299805,1,0,0.6000000238418579,0,0,0,0,0,8,0,1,0,8,99,1,3.75,0.0,37.56793975830078,28.408124923706055,1.5,0,83,0.0,0.0,0.0,0,0,0
1780579160.0443995,0,0.3499999940395355,1,0,420,900,423158243,2,77,0.0,0.0,33.61580276489258,28.561872482299805,1,0,0.6000000238418579,0,0,0,0,0,8,0,1,0,8,99,1,3.75,0.0,37.643043518066406,28.408123016357422,1.5,0,83,0.0,0.0,0.0,0,0,0
1780579160.0641134,0,0.3499999940395355,1,0,420,900,423158243,2,77,0.0,0.0,33.61580276489258,28.561872482299805,1,0,0.6000000238418579,0,0,0,0,0,8,0,1,0,8,99,1,3.75,0.0,37.718055725097656,28.408123016357422,1.5,0,83,0.0,0.0,0.0,0,0,0
1780579160.0836854,0,0.3499999940395355,1,0,420,900,423158243,2,77,0.0,0.0,33.61580276489258,28.561872482299805,1,0,0.6000000238418579,0,0,0,0,0,8,0,1,0,8,99,1,0.0,0.0,37.73627853393555,28.408123016357422,1.5,0,83,0.0,0.0,0.0,0,0,0
1780579160.1037805,0,0.3499999940395355,1,0,420,900,423158243,2,77,0.0,0.0,33.61580276489258,28.561872482299805,1,0,0.6000000238418579,0,0,0,0,0,8,0,1,0,8,99,1,0.0,0.0,37.73253631591797,28.408126831054688,1.5,0,83,0.0,0.0,0.0,0,0,0
1780579160.1242793,0,0.3499999940395355,1,0,420,900,423158243,2,77,0.0,0.0,33.61580276489258,28.561872482299805,1,0,0.6000000238418579,0,0,0,0,0,8,0,1,0,8,99,1,0.0,0.0,37.732521057128906,28.408124923706055,1.5,0,83,0.0,0.0,0.0,0,0,0
1780579160.1437514,0,0.3499999940395355,1,0,420,900,423158243,2,77,0.0,0.0,33.61580276489258,28.561872482299805,1,0,0.6000000238418579,0,0,0,0,0,8,0,1,0,8,99,1,0.0,0.0,37.732513427734375,28.408126831054688,1.5,0,83,0.0,0.0,0.0,0,0,0
1780579160.163643,0,0.3499999940395355,1,0,420,900,423158243,2,77,0.0,0.0,33.61580276489258,28.561872482299805,1,0,0.6000000238418579,0,0,0,0,0,8,0,1,0,8,99,1,0.0,0.0,37.732505798339844,28.408126831054688,1.5,0,83,0.0,0.0,0.0,0,0,0
1780579160.1843312,0,0.3499999940395355,1,0,420,900,423158243,2,77,0.0,0.0,33.61580276489258,28.561872482299805,1,0,0.6000000238418579,0,0,0,0,0,8,0,1,0,8,99,1,0.0,0.0,37.732505798339844,28.408124923706055,1.5,0,83,0.0,0.0,0.0,0,0,0
1780579160.2046177,0,0.3499999940395355,0,0,420,900,423158243,2,77,0.0,0.0,33.61580276489258,28.561872482299805,1,0,0.6000000238418579,0,0,0,0,0,8,0,0,0,8,99,1,0.0,0.0,37.732505798339844,28.408126831054688,1.5,0,83,-1.0,0.0,0.0,0,0,0
1780579160.224676,0,0.3499999940395355,0,0,420,900,423158243,2,77,0.0,0.0,33.61580276489258,28.561872482299805,1,0,0.6000000238418579,0,0,0,0,0,8,0,0,0,8,99,1,0.0,0.0,37.732505798339844,28.408124923706055,1.5,0,83,-1.0,0.0,0.0,0,0,0
1780579160.2443538,0,0.3499999940395355,0,0,420,900,423158243,2,77,0.0,0.0,33.61580276489258,28.561872482299805,1,0,0.6000000238418579,0,0,0,0,0,8,0,0,0,8,99,1,-8.300000190734863,0.0,37.622764587402344,28.408126831054688,1.5,0,83,-1.0,0.0,0.0,0,0,0
1780579160.2647214,0,0.3499999940395355,0,0,420,900,423158243,2,77,0.0,0.0,33.61580276489258,28.561872482299805,1,0,0.6000000238418579,0,0,0,0,0,8,0,0,0,8,99,1,-8.300000190734863,0.0,37.456932067871094,28.408124923706055,1.5,0,83,-1.0,0.0,0.0,0,0,0
1780579160.2842877,0,0.3499999940395355,0,0,420,900,423158243,2,77,0.0,0.0,33.61580276489258,28.561872482299805,1,0,0.6000000238418579,0,0,0,0,0,8,0,0,0,8,99,1,-8.300000190734863,0.0,37.29109573364258,28.408124923706055,1.5,0,83,-1.0,0.0,0.0,0,0,0
1780579160.3038485,0,0.3499999940395355,0,0,420,900,423158243,2,77,0.0,0.0,33.61580276489258,28.561872482299805,1,0,0.6000000238418579,0,0,0,0,0,8,0,0,0,8,99,1,-8.300000190734863,0.0,37.123897552490234,28.408126831054688,1.5,0,83,-1.0,0.0,0.0,0,0,0
1780579160.3245459,0,0.3499999940395355,0,0,420,900,423158243,2,77,0.0,0.0,33.61580276489258,28.561872482299805,1,0,0.6000000238418579,0,0,0,0,0,8,0,0,0,8,99,1,-8.300000190734863,0.0,36.95806121826172,28.408124923706055,1.5,0,83,-1.0,0.0,0.0,0,0,0
1780579160.344216,0,0.3499999940395355,0,0,420,900,423158243,2,77,0.0,0.0,33.61580276489258,28.561872482299805,1,0,0.6000000238418579,0,0,0,0,0,8,0,0,0,8,99,1,-8.300000190734863,0.0,36.79222869873047,28.408124923706055,1.5,0,83,-1.0,0.0,0.0,0,0,0
1780579160.3637657,0,0.3499999940395355,0,0,420,900,423158243,2,77,0.0,0.0,33.61580276489258,28.561872482299805,1,0,0.6000000238418579,0,0,0,0,0,8,0,0,0,8,99,1,-8.300000190734863,0.0,36.62639617919922,28.408124923706055,1.5,0,83,-1.0,0.0,0.0,0,0,0
1780579160.3840375,0,0.3499999940395355,0,0,420,900,423158243,2,77,0.0,0.0,33.61580276489258,28.561872482299805,1,0,0.6000000238418579,0,0,0,0,0,8,0,0,0,8,99,1,-8.300000190734863,0.0,36.4605598449707,28.408123016357422,1.5,0,83,-1.0,0.0,0.0,0,0,0
1780579160.4039533,0,0.3499999940395355,0,0,420,900,423158243,2,77,0.0,0.0,33.61580276489258,28.561872482299805,1,0,0.6000000238418579,0,0,0,0,0,8,0,0,0,8,99,1,-8.300000190734863,0.0,36.29472351074219,28.408123016357422,1.5,0,83,-1.0,0.0,0.0,0,0,1
1780579160.4242136,0,0.3499999940395355,1,0,420,900,423158243,3,77,25.0,0.0,33.61580276489258,28.561872482299805,0,0,0.6000000238418579,0,0,0,0,0,8,0,1,0,8,99,1,-8.300000190734863,0.0,36.128684997558594,28.408124923706055,1.5,0,83,-1.0,0.0,0.0,0,0,1
1780579160.7355769,0,0.3499999940395355,0,0,420,900,423158243,3,77,25.0,0.0,34.11579895019531,28.561872482299805,0,0,0.6000000238418579,0,0,0,0,0,7,1,0,0,8,99,1,0.0,0.0,35.912906646728516,28.408124923706055,1.5,0,83,1.0,1.0,0.0,1,0,0
1780579160.7545807,0,0.3499999940395355,0,0,420,900,423158243,3,77,25.0,0.0,34.61579895019531,28.561872482299805,0,0,0.6000000238418579,0,0,0,0,0,7,1,0,0,8,99,1,0.0,0.0,35.90650177001953,28.408123016357422,1.5,0,83,1.0,1.0,0.0,1,0,0
1780579160.7741115,0,0.3499999940395355,0,0,420,900,423158243,3,77,25.0,0.0,35.11579895019531,28.561872482299805,0,0,0.6000000238418579,0,0,0,0,0,7,1,0,0,8,99,1,15.0,7.5,36.10670471191406,28.508224487304688,1.5,0,83,1.0,1.0,0.0,1,0,0
1780579160.7942176,0,0.3499999940395355,0,0,420,900,423158243,3,77,25.0,0.0,35.61579895019531,28.561872482299805,0,0,0.6000000238418579,0,0,0,0,0,7,1,0,0,8,99,1,15.0,7.5,36.406402587890625,28.65807342529297,1.5,0,83,-1.0,1.0,0.0,1,0,0
1780579160.8141675,0,0.3499999940395355,0,0,420,900,423158243,3,77,25.0,0.0,36.11579895019531,28.561872482299805,0,0,0.6000000238418579,0,0,0,0,0,7,1,0,0,8,99,1,15.0,7.5,36.7064208984375,28.808086395263672,1.5,0,83,-1.0,1.0,0.0,1,0,0
1780579160.834365,0,0.3499999940395355,0,0,420,900,423158243,3,77,25.0,0.0,36.61579895019531,28.561872482299805,0,0,0.6000000238418579,0,0,0,0,0,7,1,0,0,8,99,1,15.0,7.5,37.00612258911133,28.957935333251953,1.5,0,83,-1.0,1.0,0.0,0,0,0
1780579160.8544066,0,0.3499999940395355,0,0,420,900,423158243,3,77,25.0,0.0,37.11579895019531,28.561872482299805,0,0,0.6000000238418579,0,0,0,0,0,7,1,0,0,8,99,1,15.0,7.5,37.30638885498047,29.108070373535156,1.5,0,83,-1.0,1.0,0.0,0,0,0
1780579160.8742793,0,0.3499999940395355,0,0,420,900,423158243,4,77,0.0,0.0,37.25379180908203,28.561874389648438,0,0,0.6000000238418579,0,0,0,0,0,7,1,0,0,8,99,1,15.0,7.5,37.6060905456543,29.257919311523438,1.5,0,83,-1.0,0.0,0.0,0,0,0
1780579160.8942535,0,0.3499999940395355,0,0,420,900,423158243,4,77,0.0,0.0,37.25379180908203,28.561874389648438,0,0,0.6000000238418579,0,0,0,0,0,7,1,0,0,8,99,1,1.1368683772161603e-13,7.5,37.72379684448242,29.40776824951172,1.5,0,83,-1.0,0.0,0.0,0,0,0
1780579160.914574,0,0.3499999940395355,0,0,420,900,423158243,4,77,0.0,0.0,37.25379180908203,28.561874389648438,0,0,0.6000000238418579,0,0,0,0,0,7,1,0,0,8,99,1,1.1368683772161603e-13,7.5,37.73252868652344,29.558170318603516,1.5,0,83,-1.0,0.0,0.0,0,0,0
1780579160.9344838,0,0.3499999940395355,0,0,420,900,423158243,4,77,0.0,0.0,37.25379180908203,28.561874389648438,0,0,0.6000000238418579,0,0,0,0,0,7,1,0,0,8,99,1,0.0,7.5,37.732521057128906,29.708019256591797,1.5,0,83,-1.0,0.0,0.0,0,0,0
1780579160.9541552,0,0.3499999940395355,0,0,420,900,423158243,4,77,0.0,0.0,37.25379180908203,28.561874389648438,0,0,0.6000000238418579,0,0,0,0,0,7,1,0,0,8,99,1,0.0,7.5,37.732513427734375,29.85787010192871,1.5,0,83,-1.0,0.0,0.0,0,0,0
1780579160.9742444,0,0.3499999940395355,0,0,420,900,423158243,4,77,0.0,0.0,37.25379180908203,28.561874389648438,1,0,0.6000000238418579,0,0,0,0,0,7,1,0,0,8,99,0,0.0,0.0,37.732505798339844,30.007719039916992,1.5,0,83,-1.0,0.0,0.0,0,0,0
1780579160.9938655,0,0.3499999940395355,0,0,420,900,423158243,4,77,0.0,0.0,37.25379180908203,28.561874389648438,1,0,0.6000000238418579,0,0,0,1,0,7,1,0,0,8,99,0,-8.299999237060547,-0.9479996562004089,37.6224479675293,30.045551300048828,1.5,0,83,-1.0,0.0,0.0,0,0,0
1780579161.0136573,0,0.3499999940395355,0,0,420,900,423158243,4,77,0.0,0.0,37.25379180908203,28.561874389648438,1,0,0.6000000238418579,0,0,0,1,0,7,1,0,0,8,99,0,-8.300000190734863,-1.8959993124008179,37.45646667480469,30.01402473449707,1.5,0,83,0.0,0.0,0.0,0,0,0
1780579161.034546,0,0.3499999940395355,0,0,420,900,423158243,4,77,0.0,0.0,37.25379180908203,28.561874389648438,1,0,0.6000000238418579,0,0,0,1,0,7,1,0,0,8,99,0,-8.300000190734863,-2.843998908996582,37.29063034057617,29.963592529296875,1.5,0,83,0.0,0.0,0.0,0,0,0
1780579161.0539842,0,0.3499999940395355,0,0,420,900,423158243,4,77,0.0,0.0,37.25379180908203,28.561874389648438,1,0,0.6000000238418579,0,0,0,1,0,7,1,0,0,8,99,0,-8.300000190734863,-3.7919986248016357,37.12456130981445,29.894132614135742,1.5,0,83,0.0,0.0,0.0,0,0,0
1780579161.0741434,0,0.3499999940395355,0,0,420,900,423158243,4,77,0.0,0.0,37.25379180908203,28.561874389648438,1,0,0.6000000238418579,0,0,0,1,0,7,1,0,0,8,99,0,0.0,-4.7399983406066895,37.068504333496094,29.80525016784668,1.5,0,83,0.0,0.0,0.0,0,0,0
1780579161.0940182,0,0.3499999940395355,0,0,420,900,423158243,5,77,0.0,0.0,37.25379180908203,28.561874389648438,1,0,0.6000000238418579,0,0,0,1,0,7,1,0,0,8,99,0,0.0,-5.687997817993164,37.068504333496094,29.69791030883789,1.5,0,83,0.0,0.0,0.0,0,0,0
1780579161.1142516,0,0.3499999940395355,0,0,420,900,423158243,5,77,0.0,0.0,37.25379180908203,28.561874389648438,1,0,0.6000000238418579,0,0,0,1,0,7,1,0,0,8,99,0,0.0,-6.635997295379639,37.068504333496094,29.57164764404297,1.5,0,83,0.0,0.0,0.0,0,0,0
1780579161.134421,0,0.3499999940395355,0,0,420,900,423158243,5,77,0.0,0.0,37.25379180908203,28.561874389648438,1,0,0.6000000238418579,0,0,0,1,0,7,1,0,0,8,99,0,0.0,-7.583996772766113,37.068504333496094,29.426462173461914,1.5,0,83,0.0,0.0,0.0,0,0,0
1780579161.1534803,0,0.3499999940395355,0,0,420,900,423158243,5,77,0.0,0.0,37.25379180908203,28.561874389648438,1,0,0.6000000238418579,0,0,0,1,0,7,1,0,0,8,99,0,0.0,-8.531996726989746,37.068504333496094,29.26176643371582,1.5,0,83,0.0,0.0,0.0,0,0,0
1780579161.1737092,0,0.3499999940395355,0,0,420,900,423158243,5,77,0.0,0.0,37.25379180908203,28.561874389648438,1,0,0.6000000238418579,0,0,0,1,0,7,1,0,0,8,99,0,0.0,-9.479996681213379,37.068504333496094,29.078670501708984,1.5,0,83,0.0,0.0,0.0,0,0,0
1780579161.1943853,0,0.3499999940395355,0,0,420,900,423158243,5,77,0.0,0.0,37.25379180908203,28.561874389648438,1,0,0.6000000238418579,0,0,0,1,0,7,1,0,0,8,99,0,0.0,-10.427996635437012,37.068504333496094,28.87665557861328,1.5,0,83,0.0,0.0,0.0,0,0,1
1780579161.21447,0,0.3499999940395355,1,0,420,900,423158243,69,77,0.0,0.0,37.25379180908203,28.561874389648438,0,0,0.6000000238418579,0,0,0,1,0,7,1,1,0,8,99,0,0.0,-11.375996589660645,37.068504333496094,28.6551513671875,1.5,0,83,0.0,0.0,0.0,0,0,1
1780579161.2340744,0,0.3499999940395355,1,0,420,900,423158243,69,77,0.0,0.0,37.25379180908203,28.561874389648438,0,0,0.6000000238418579,0,0,0,0,0,7,1,1,0,8,99,1,0.0,0.0,37.068504333496094,28.465360641479492,1.5,0,83,0.0,0.0,0.0,0,0,1
1780579161.254573,0,0.3499999940395355,1,0,399,900,423158243,69,77,0.0,0.0,37.25379180908203,28.561874389648438,0,0,0.6000000238418579,0,0,0,0,0,7,1,1,0,8,99,1,3.75,0.0,37.068504333496094,28.408096313476562,1.5,0,94,0.0,0.0,0.0,0,0,1
1780579161.2743957,0,0.3499999940395355,1,0,399,900,423158243,69,77,0.0,0.0,36.953792572021484,28.561874389648438,0,0,0.6000000238418579,0,0,0,0,0,7,1,1,0,8,99,1,3.75,0.0,37.118629455566406,28.40810775756836,1.5,0,94,0.0,0.0,0.0,0,0,1
1780579161.2937763,0,0.3499999940395355,1,0,399,900,423158243,69,77,0.0,0.0,36.65379333496094,28.561874389648438,0,0,0.6000000238418579,0,0,0,0,0,7,1,1,0,8,99,1,3.75,0.0,37.19355392456055,28.40811538696289,1.5,0,94,0.0,0.0,0.0,0,0,1
1780579161.3145304,0,0.3499999940395355,1,0,399,900,423158243,69,77,0.0,0.0,36.35379409790039,28.561874389648438,1,0,0.6000000238418579,0,0,0,0,0,7,1,1,0,8,99,1,3.75,0.0,37.26847839355469,28.408117294311523,1.5,0,94,0.0,0.0,0.0,0,0,1
1780579161.334126,0,0.3499999940395355,1,0,399,900,423158243,69,77,0.0,0.0,36.053794860839844,28.561874389648438,1,0,0.6000000238418579,0,0,0,0,0,7,1,1,0,8,99,1,3.75,0.0,37.343448638916016,28.408119201660156,1.5,0,94,0.0,0.0,0.0,0,0,1
1780579161.35424,0,0.3499999940395355,1,0,399,900,423158243,69,77,0.0,0.0,35.7537956237793,28.561874389648438,1,0,0.6000000238418579,0,0,0,0,0,7,1,1,0,8,99,1,3.75,0.0,37.418617248535156,28.40812110900879,1.5,0,94,0.0,0.0,0.0,0,0,0
1780579161.3741615,0,0.3499999940395355,1,0,399,900,423158243,69,77,0.0,0.0,35.45379638671875,28.561874389648438,1,0,0.6000000238418579,0,0,0,0,0,7,1,1,0,8,99,1,3.75,0.0,37.493595123291016,28.408119201660156,1.5,0,94,0.0,0.0,0.0,0,0,0
1780579161.3948774,0,0.3499999940395355,1,0,399,900,423158243,69,77,0.0,0.0,35.1537971496582,28.561874389648438,1,0,0.6000000238418579,0,0,0,0,0,7,1,1,0,8,99,1,3.75,0.0,37.56852340698242,28.408123016357422,1.5,0,94,0.0,0.0,0.0,0,0,0
1780579161.4158084,0,0.3499999940395355,1,0,399,900,423158243,69,77,0.0,0.0,34.853797912597656,28.561874389648438,1,0,0.6000000238418579,0,0,0,0,0,7,1,1,0,8,99,1,3.75,0.0,37.643898010253906,28.408123016357422,1.5,0,94,0.0,0.0,0.0,0,0,0
1780579161.4361415,0,0.3499999940395355,1,0,399,900,423158243,69,77,0.0,0.0,34.853797912597656,28.561874389648438,1,0,0.6000000238418579,0,0,0,0,0,7,1,1,0,8,99,1,3.75,0.0,37.71891784667969,28.408123016357422,1.5,0,94,0.0,0.0,0.0,0,0,0
1780579161.4557686,0,0.3499999940395355,1,0,399,900,423158243,45,77,8.0,0.0,34.853797912597656,28.561874389648438,1,0,0.6000000238418579,0,0,0,0,0,7,1,1,0,8,99,1,0.0,0.0,37.736106872558594,28.408124923706055,1.5,0,94,0.0,0.0,0.0,0,0,0
1780579161.4750025,0,0.3499999940395355,1,0,399,900,423158243,45,77,8.0,0.0,35.013797760009766,28.561874389648438,1,0,0.6000000238418579,0,0,0,0,0,7,1,1,0,8,99,1,0.0,0.0,37.7325325012207,28.408126831054688,1.5,0,94,0.0,0.0,0.0,0,0,0
1780579161.4946506,0,0.3499999940395355,1,0,399,900,423158243,45,77,8.0,0.0,35.173797607421875,28.561874389648438,1,0,0.6000000238418579,0,0,0,0,0,7,1,1,0,8,99,1,0.0,0.0,37.732521057128906,28.408124923706055,1.5,0,94,0.0,0.0,0.0,0,0,0
1780579161.514088,0,0.3499999940395355,1,0,399,900,423158243,45,77,8.0,0.0,35.333797454833984,28.561874389648438,1,0,0.6000000238418579,0,0,0,0,0,7,1,1,0,8,99,1,0.0,0.0,37.732513427734375,28.408124923706055,1.5,0,94,0.0,0.0,0.0,0,0,0
1780579161.5337927,0,0.3499999940395355,1,0,399,900,423158243,45,77,8.0,0.0,35.493797302246094,28.561874389648438,1,0,0.6000000238418579,0,0,0,0,0,7,1,1,0,8,99,1,0.0,0.0,37.732505798339844,28.408124923706055,1.5,0,94,0.0,0.0,0.0,0,0,0
1780579161.5539849,0,0.3499999940395355,0,0,399,900,423158243,45,77,8.0,0.0,35.6537971496582,28.561874389648438,1,0,0.6000000238418579,0,0,0,0,0,7,1,0,0,8,99,1,0.0,0.0,37.732505798339844,28.408124923706055,1.5,0,94,0.0,0.0,0.0,0,0,0
1780579161.574497,0,0.3499999940395355,0,0,399,900,423158243,45,77,8.0,0.0,35.81379699707031,28.561874389648438,1,0,0.6000000238418579,0,0,0,0,0,7,1,0,0,8,99,1,0.0,0.0,37.732505798339844,28.408123016357422,1.5,0,94,0.0,0.0,0.0,0,0,0
1780579161.5939817,0,0.3499999940395355,0,0,399,900,423158243,45,77,8.0,0.0,35.97379684448242,28.561874389648438,1,0,0.6000000238418579,0,0,0,0,0,7,1,0,0,8,99,1,0.0,0.0,37.732505798339844,28.408126831054688,1.5,0,94,0.0,0.0,0.0,0,0,0
1780579161.6141787,0,0.3499999940395355,1,0,399,900,423158243,45,77,8.0,0.0,36.13379669189453,28.561874389648438,0,0,0.6000000238418579,0,0,0,0,0,7,1,1,0,8,99,1,0.0,0.0,37.732505798339844,28.408126831054688,1.5,0,94,0.0,0.0,0.0,0,0,1
1780579161.6341822,0,0.3499999940395355,1,0,399,900,423158243,45,77,8.0,0.0,36.29379653930664,28.561874389648438,0,0,0.6000000238418579,0,0,0,0,0,7,1,1,0,8,99,1,0.0,0.0,37.732505798339844,28.408126831054688,1.5,0,94,-1.0,0.0,0.0,0,0,1
1780579161.6542563,0,0.3499999940395355,1,0,378,900,423158243,54,77,8.0,0.0,36.45379638671875,28.561874389648438,0,0,0.6000000238418579,0,0,0,0,0,7,1,1,0,8,99,1,3.75,0.0,37.732505798339844,28.408123016357422,1.5,0,99,-1.0,0.0,0.0,0,0,1
1780579161.6744652,0,0.3499999940395355,1,0,378,900,423158243,54,77,8.0,0.0,36.31379699707031,28.561874389648438,0,0,0.6000000238418579,0,0,0,0,0,7,1,1,0,8,99,1,2.842170943040401e-14,0.0,37.732505798339844,28.408123016357422,1.5,0,99,-1.0,0.0,0.0,0,0,1
1780579161.6945522,0,0.3499999940395355,1,0,378,900,423158243,54,77,8.0,0.0,36.173797607421875,28.561874389648438,0,0,0.6000000238418579,0,0,0,0,0,7,1,1,0,8,99,1,0.0,0.0,37.732505798339844,28.408126831054688,1.5,0,99,-1.0,0.0,0.0,0,0,1
1780579161.7145216,0,0.3499999940395355,1,0,378,900,423158243,54,77,8.0,0.0,36.03379821777344,28.561874389648438,1,0,0.6000000238418579,0,0,0,0,0,7,1,1,0,8,99,1,0.0,0.0,37.732505798339844,28.408123016357422,1.5,0,99,-1.0,0.0,0.0,0,0,1
1780579161.7340472,0,0.3499999940395355,1,0,378,900,423158243,54,77,8.0,0.0,35.893798828125,28.561874389648438,1,0,0.6000000238418579,0,0,0,0,0,7,1,1,0,8,99,1,0.0,0.0,37.732505798339844,28.408126831054688,1.5,0,99,-1.0,0.0,0.0,0,0,1
1780579161.7546816,0,0.3499999940395355,1,0,378,900,423158243,54,77,8.0,0.0,35.75379943847656,28.561874389648438,1,0,0.6000000238418579,0,0,0,0,0,7,1,1,0,8,99,1,0.0,0.0,37.732505798339844,28.408124923706055,1.5,0,99,-1.0,0.0,0.0,0,0,1
1780579161.7739232,0,0.3499999940395355,1,0,378,900,423158243,54,77,8.0,0.0,35.613800048828125,28.561874389648438,1,0,0.6000000238418579,0,0,0,0,0,7,1,1,0,8,99,1,0.0,0.0,37.732505798339844,28.408124923706055,1.5,0,99,-1.0,0.0,0.0,0,0,1
1780579161.7942617,0,0.3499999940395355,1,0,378,900,423158243,54,77,8.0,0.0,35.47380065917969,28.561874389648438,1,0,0.6000000238418579,0,0,0,0,0,7,1,1,0,8,99,1,0.0,0.0,37.732505798339844,28.408124923706055,1.5,0,99,-1.0,0.0,0.0,0,0,0
1780579161.8145168,0,0.3499999940395355,1,0,378,900,423158243,54,77,8.0,0.0,35.33380126953125,28.561874389648438,1,0,0.6000000238418579,0,0,0,0,0,7,1,1,0,8,99,1,0.0,0.0,37.732505798339844,28.408124923706055,1.5,0,99,-1.0,0.0,0.0,0,0,0
1780579161.8343952,0,0.3499999940395355,1,0,378,900,423158243,54,77,8.0,0.0,35.49380111694336,28.561874389648438,1,0,0.6000000238418579,0,0,0,0,0,7,1,1,0,8,99,1,0.0,0.0,37.732505798339844,28.408124923706055,1.5,0,99,-1.0,0.0,0.0,0,0,0
1780579161.8544853,0,0.3499999940395355,1,0,378,900,423158243,54,77,8.0,0.0,35.65380096435547,28.561874389648438,1,0,0.6000000238418579,0,0,0,0,0,7,1,1,0,8,99,1,-8.300000190734863,0.0,37.62163543701172,28.408123016357422,1.5,0,99,-1.0,0.0,0.0,0,0,0
1780579161.8756874,0,0.3499999940395355,1,0,378,900,423158243,54,77,8.0,0.0,35.81380081176758,28.561874389648438,1,0,0.6000000238418579,0,0,0,0,0,7,1,1,0,8,99,1,-8.300000190734863,0.0,37.45580291748047,28.408126831054688,1.5,0,99,-1.0,0.0,0.0,0,0,0
1780579161.8952355,0,0.3499999940395355,1,0,378,900,423158243,54,77,8.0,0.0,35.97380065917969,28.561874389648438,1,0,0.6000000238418579,0,0,0,0,0,7,1,1,0,8,99,1,-8.300000190734863,0.0,37.28997039794922,28.408124923706055,1.5,0,99,-1.0,0.0,0.0,0,0,0
1780579161.9142225,0,0.3499999940395355,1,0,378,900,423158243,54,77,8.0,0.0,36.1338005065918,28.561874389648438,1,0,0.6000000238418579,0,0,0,0,0,7,1,1,0,8,99,1,-8.300000190734863,0.0,37.12379837036133,28.408123016357422,1.5,0,99,-1.0,0.0,0.0,0,0,0
1780579161.9345646,0,0.3499999940395355,1,0,378,900,423158243,54,77,8.0,0.0,36.293800354003906,28.561874389648438,1,0,0.6000000238418579,0,0,0,0,0,7,1,1,0,8,99,1,-8.300000190734863,0.0,36.95796203613281,28.408123016357422,1.5,0,99,-1.0,0.0,0.0,0,0,0
1780579161.9546356,0,0.3499999940395355,1,0,378,900,423158243,54,77,8.0,0.0,36.453800201416016,28.561874389648438,1,0,0.6000000238418579,0,0,0,0,0,7,1,1,0,8,99,1,-8.300000190734863,0.0,36.79212951660156,28.408126831054688,1.5,0,99,-1.0,0.0,0.0,0,0,0
1780579161.9746869,0,0.3499999940395355,0,0,378,900,423158243,54,77,8.0,0.0,36.613800048828125,28.561874389648438,1,0,0.6000000238418579,0,0,0,0,0,7,1,0,0,8,99,1,-8.300000190734863,0.0,36.62523651123047,28.408124923706055,1.5,0,99,0.0,0.0,0.0,0,0,0
1780579161.9939477,0,0.3499999940395355,0,0,378,900,423158243,35,77,0.0,0.0,36.773799896240234,28.561874389648438,1,0,0.6000000238418579,0,0,0,0,0,7,1,0,0,8,99,1,-8.300000190734863,0.0,36.45940017700195,28.408124923706055,1.5,0,99,0.0,0.0,0.0,0,0,0
1780579162.0142906,0,0.3499999940395355,0,0,378,900,423158243,35,77,0.0,0.0,36.56981658935547,28.561874389648438,1,0,0.6000000238418579,0,0,0,0,0,7,1,0,0,8,99,1,0.0,0.0,36.404502868652344,28.408123016357422,1.5,0,99,0.0,0.0,0.0,0,0,1
1780579162.033552,0,0.3499999940395355,1,0,378,900,423158243,35,77,0.0,0.0,36.51634216308594,28.561874389648438,0,0,0.6000000238418579,0,0,0,0,0,7,0,1,0,8,99,1,0.0,0.0,36.404502868652344,28.408124923706055,1.5,0,99,0.0,0.0,0.0,0,0,1
1780579162.0534248,0,0.3499999940395355,1,0,378,900,423158243,35,77,0.0,0.0,36.5023193359375,28.561874389648438,0,0,0.6000000238418579,0,0,0,0,0,7,0,1,0,8,99,1,0.0,0.0,36.404502868652344,28.408123016357422,1.5,0,99,0.0,0.0,0.0,0,0,1
1780579162.0740023,0,0.3499999940395355,1,0,378,900,423158243,35,77,0.0,0.0,36.500526428222656,28.561874389648438,0,0,0.6000000238418579,0,0,0,0,0,7,0,1,0,8,99,1,0.0,0.0,36.404502868652344,28.408123016357422,1.5,0,99,0.0,0.0,0.0,0,0,1
1780579162.0946584,0,0.3499999940395355,1,0,378,900,423158243,35,77,0.0,0.0,36.49938201904297,28.561874389648438,0,0,0.6000000238418579,0,0,0,0,0,7,0,1,0,8,99,1,0.0,0.0,36.404502868652344,28.408126831054688,1.5,0,99,0.0,0.0,0.0,0,0,1
1780579162.114519,0,0.3499999940395355,1,0,378,900,423158243,35,77,0.0,0.0,36.49864959716797,28.561874389648438,0,0,0.6000000238418579,0,0,0,0,0,7,0,1,0,8,99,1,0.0,0.0,36.404502868652344,28.408124923706055,1.5,0,99,0.0,0.0,0.0,0,0,1
1780579162.1334908,0,0.3499999940395355,1,0,378,900,423158243,35,77,0.0,0.0,36.49817657470703,28.561874389648438,1,0,0.6000000238418579,0,0,0,0,0,7,0,1,0,8,99,1,0.0,0.0,36.404502868652344,28.408123016357422,1.5,0,99,0.0,0.0,0.0,0,0,1
1780579162.1541712,0,0.3499999940395355,1,0,378,900,423158243,35,77,0.0,0.0,36.49787139892578,28.561874389648438,1,0,0.6000000238418579,0,0,0,0,0,7,0,1,0,8,99,1,0.0,0.0,36.404502868652344,28.408126831054688,1.5,0,99,0.0,0.0,0.0,0,0,0
1780579162.1742582,0,0.3499999940395355,1,0,378,900,423158243,35,77,0.0,0.0,36.4976806640625,28.561874389648438,1,0,0.6000000238418579,0,0,0,0,0,7,0,1,0,8,99,1,0.0,0.0,36.404502868652344,28.408124923706055,1.5,0,99,0.0,0.0,0.0,0,0,0
1780579162.1944265,0,0.3499999940395355,1,0,378,900,423158243,35,77,0.0,0.0,36.49755859375,28.561874389648438,1,0,0.6000000238418579,0,0,0,0,0,7,0,1,0,8,99,1,0.0,0.0,36.404502868652344,28.408124923706055,1.5,0,99,0.0,0.0,0.0,0,0,0
1780579162.2139237,0,0.3499999940395355,1,0,378,900,423158243,35,77,0.0,0.0,36.49748229980469,28.561874389648438,1,0,0.6000000238418579,0,0,0,0,0,7,0,1,0,8,99,1,0.0,0.0,36.404502868652344,28.408124923706055,1.5,0,99,0.0,0.0,0.0,0,0,0
1780579162.2345326,0,0.3499999940395355,1,0,378,900,423158243,35,77,0.0,0.0,36.4974365234375,28.561874389648438,1,0,0.6000000238418579,0,0,0,0,0,7,0,1,0,8,99,1,0.0,0.0,36.404502868652344,28.408124923706055,1.5,0,99,0.0,0.0,0.0,0,0,0
1780579162.2544594,0,0.3499999940395355,1,0,378,900,423158243,35,77,0.0,0.0,36.497398376464844,28.561874389648438,1,0,0.6000000238418579,0,0,0,0,0,7,0,1,0,8,99,1,0.0,0.0,36.404502868652344,28.408123016357422,1.5,0,99,0.0,0.0,0.0,0,0,0
1780579162.273493,0,0.3499999940395355,1,0,378,900,423158243,35,77,0.0,0.0,36.49737548828125,28.561874389648438,1,0,0.6000000238418579,0,0,0,0,0,7,0,1,0,8,99,1,0.0,0.0,36.404502868652344,28.408124923706055,1.5,0,99,0.0,0.0,0.0,0,0,0
1780579162.2939227,0,0.3499999940395355,1,0,378,900,423158243,35,77,0.0,0.0,36.49736785888672,28.561874389648438,1,0,0.6000000238418579,0,0,0,0,0,7,0,1,0,8,99,1,0.0,0.0,36.404502868652344,28.408123016357422,1.5,0,99,0.0,0.0,0.0,0,0,0
1780579162.3141766,0,0.3499999940395355,1,0,378,900,423158243,35,77,0.0,0.0,36.49736022949219,28.561874389648438,1,0,0.6000000238418579,0,0,0,0,0,7,0,1,0,8,99,1,0.0,0.0,36.404502868652344,28.408123016357422,1.5,0,99,0.0,0.0,0.0,0,0,0
1780579162.3340104,0,0.3499999940395355,1,0,378,900,423158243,35,77,0.0,0.0,36.497352600097656,28.561874389648438,1,0,0.6000000238418579,0,0,0,0,0,7,0,1,0,8,99,1,0.0,0.0,36.404502868652344,28.408123016357422,1.5,0,99,0.0,0.0,0.0,0,0,0
1780579162.35359,0,0.3499999940395355,1,0,378,900,423158243,35,77,0.0,0.0,36.497344970703125,28.561874389648438,1,0,0.6000000238418579,0,0,0,0,0,7,0,1,0,8,99,1,0.0,0.0,36.404502868652344,28.408124923706055,1.5,0,99,0.0,0.0,0.0,0,0,0
1780579162.373902,0,0.3499999940395355,1,0,378,900,423158243,35,77,0.0,0.0,36.497344970703125,28.561874389648438,1,0,0.6000000238418579,0,0,0,0,0,7,0,1,0,8,99,1,0.0,0.0,36.404502868652344,28.408123016357422,1.5,0,99,0.0,0.0,0.0,0,0,0
1780579162.3939545,0,0.3499999940395355,0,0,378,900,423158243,35,77,0.0,0.0,36.497344970703125,28.561874389648438,1,0,0.6000000238418579,0,0,0,0,0,7,0,0,0,8,99,1,0.0,0.0,36.404502868652344,28.408123016357422,1.5,0,99,0.0,0.0,0.0,0,0,0
1780579162.4142134,0,0.3499999940395355,0,0,378,900,423158243,35,77,0.0,0.0,36.497344970703125,28.561874389648438,1,0,0.6000000238418579,0,0,0,0,0,7,0,0,0,8,99,1,0.0,0.0,36.404502868652344,28.408126831054688,1.5,0,99,0.0,0.0,0.0,0,0,0
1780579162.4338546,0,0.3499999940395355,0,0,378,900,423158243,35,77,0.0,0.0,36.497344970703125,28.561874389648438,1,0,0.6000000238418579,0,0,0,0,0,7,0,0,0,8,99,1,0.0,0.0,36.404502868652344,28.408126831054688,1.5,0,99,0.0,0.0,0.0,0,0,0
1780579162.4540958,0,0.3499999940395355,0,0,378,900,423158243,35,77,0.0,0.0,36.497344970703125,28.561874389648438,1,0,0.6000000238418579,0,0,0,0,0,7,0,0,0,8,99,1,0.0,0.0,36.404502868652344,28.408124923706055,1.5,0,99,0.0,0.0,0.0,0,0,0
1780579162.474314,0,0.3499999940395355,0,0,378,900,423158243,35,77,0.0,0.0,36.497344970703125,28.561874389648438,1,0,0.6000000238418579,0,0,0,0,0,7,0,0,0,8,99,1,0.0,0.0,36.404502868652344,28.408124923706055,1.5,0,99,1.0,0.0,0.0,0,0,0
1780579162.4942713,0,0.3499999940395355,0,0,378,900,423158243,35,77,0.0,0.0,36.497344970703125,28.561874389648438,1,0,0.6000000238418579,0,0,0,0,0,7,0,0,0,8,99,1,0.0,0.0,36.404502868652344,28.408124923706055,1.5,0,99,1.0,0.0,0.0,0,0,0
1780579162.5146196,0,0.3499999940395355,0,0,378,900,423158243,35,77,0.0,0.0,36.497344970703125,28.561874389648438,1,0,0.6000000238418579,0,0,0,0,0,7,0,0,0,8,99,1,0.0,0.0,36.404502868652344,28.408124923706055,1.5,0,99,1.0,0.0,0.0,0,0,0
1780579162.5342064,0,0.3499999940395355,0,0,378,900,423158243,35,77,0.0,0.0,36.497344970703125,28.561874389648438,1,0,0.6000000238418579,0,0,1,0,0,7,0,0,0,8,99,1,8.300000190734863,0.0,36.51527404785156,28.408124923706055,1.5,0,99,1.0,1.0,0.0,0,0,0
1780579162.554125,0,0.3499999940395355,0,0,378,900,423158243,35,77,0.0,0.0,36.497344970703125,28.561874389648438,1,0,0.6000000238418579,0,0,1,0,0,7,0,0,0,8,99,1,8.300000190734863,0.0,36.68111038208008,28.408124923706055,1.5,0,99,1.0,1.0,0.0,0,0,0
1780579162.8659453,0,0.3499999940395355,0,0,378,900,423158243,35,77,0.0,0.0,36.497344970703125,28.561874389648438,0,0,0.6000000238418579,0,0,0,0,0,6,1,0,0,8,99,1,0.0,0.0,36.89687728881836,28.408124923706055,1.5,0,99,1.0,1.0,0.0,1,0,0
1780579162.8852775,0,0.3499999940395355,0,0,378,900,423158243,35,77,0.0,0.0,36.497344970703125,28.561874389648438,0,0,0.6000000238418579,0,0,0,0,0,6,1,0,0,8,99,1,0.0,0.0,36.902503967285156,28.408124923706055,1.5,0,99,1.0,1.0,0.0,1,0,0
1780579162.9044082,0,0.3499999940395355,0,0,378,900,423158243,35,77,0.0,0.0,36.497344970703125,28.561874389648438,0,0,0.6000000238418579,0,0,0,0,0,6,1,0,0,8,99,1,0.0,0.0,36.902503967285156,28.408124923706055,1.5,0,99,1.0,1.0,0.0,1,0,0
1780579162.9244184,0,0.3499999940395355,0,0,378,900,423158243,35,77,0.0,0.0,36.497344970703125,28.561874389648438,0,0,0.6000000238418579,0,0,0,0,0,6,1,0,0,8,99,1,15.0,7.5,37.10370635986328,28.508724212646484,1.5,0,99,1.0,1.0,0.0,1,0,0
1780579162.9444304,0,0.3499999940395355,0,0,378,900,423158243,35,77,0.0,0.0,36.497344970703125,28.561874389648438,0,0,0.6000000238418579,0,0,0,0,0,6,1,0,0,8,99,1,15.0,7.5,37.403404235839844,28.6585750579834,1.5,0,99,1.0,1.0,0.0,1,0,0
1780579162.964372,0,0.3499999940395355,0,0,378,900,423158243,35,77,0.0,0.0,36.497344970703125,28.561874389648438,0,0,0.6000000238418579,0,0,0,0,0,6,1,0,0,8,99,1,1.1368683772161603e-13,7.5,37.65631866455078,28.80842399597168,1.5,0,99,1.0,1.0,0.0,1,0,0
1780579162.9841444,0,0.3499999940395355,0,0,378,900,423158243,35,77,0.0,0.0,36.497344970703125,28.561874389648438,0,0,0.6000000238418579,0,0,0,0,0,6,1,0,0,8,99,1,1.1368683772161603e-13,7.5,37.73252868652344,28.959064483642578,1.5,0,99,1.0,1.0,0.0,1,0,0
1780579163.0036275,0,0.3499999940395355,0,0,378,900,423158243,35,77,0.0,0.0,36.497344970703125,28.561874389648438,0,0,0.6000000238418579,0,0,0,0,0,6,1,0,0,8,99,1,0.0,7.5,37.732521057128906,29.108915328979492,1.5,0,99,1.0,1.0,0.0,1,0,0
1780579163.0236845,0,0.3499999940395355,0,0,378,900,423158243,35,77,0.0,0.0,36.497344970703125,28.561874389648438,0,0,0.6000000238418579,0,0,0,0,0,6,1,0,0,8,99,1,0.0,7.5,37.732513427734375,29.258766174316406,1.5,0,99,1.0,1.0,0.0,1,0,0
1780579163.0440893,0,0.3499999940395355,0,0,378,900,423158243,36,77,0.0,0.0,36.497344970703125,28.561874389648438,0,0,0.6000000238418579,0,0,0,0,0,6,1,0,0,8,99,1,0.0,7.5,37.732505798339844,29.408615112304688,1.5,0,99,1.0,1.0,0.0,1,0,0
1780579163.0642495,0,0.3499999940395355,0,0,378,900,423158243,37,77,0.0,0.0,36.497344970703125,28.561874389648438,0,0,0.6000000238418579,0,0,0,0,0,6,1,0,0,8,99,1,0.0,7.5,37.732505798339844,29.560712814331055,1.5,0,99,1.0,1.0,0.0,1,0,0
1780579163.083921,0,0.3499999940395355,0,0,378,900,423158243,37,77,0.0,0.0,36.497344970703125,28.561874389648438,0,0,0.6000000238418579,0,0,0,0,0,6,1,0,0,8,99,1,0.0,7.5,37.732505798339844,29.710561752319336,1.5,0,99,1.0,1.0,0.0,0,0,0
1780579163.1045363,0,0.3499999940395355,0,0,378,900,423158243,37,77,0.0,0.0,36.497344970703125,28.561874389648438,1,0,0.6000000238418579,0,0,0,0,0,6,1,0,0,8,99,0,0.0,7.5,37.732505798339844,29.86041259765625,1.5,0,99,1.0,1.0,0.0,0,0,0
1780579163.124375,0,0.3499999940395355,0,0,378,900,423158243,37,77,0.0,0.0,36.497344970703125,28.561874389648438,1,0,0.6000000238418579,0,0,1,1,0,6,1,0,0,8,99,0,1.1368683772161603e-13,-0.9479996562004089,37.732505798339844,29.89521026611328,1.5,0,99,1.0,1.0,0.0,0,0,0
1780579163.1444187,0,0.3499999940395355,0,0,378,900,423158243,37,77,0.0,0.0,36.497344970703125,28.561874389648438,1,0,0.6000000238418579,0,0,1,1,0,6,1,0,0,8,99,0,-1.1368683772161603e-13,-1.8959993124008179,37.732505798339844,29.863378524780273,1.5,0,99,1.0,1.0,0.0,0,0,0
1780579163.164235,0,0.3499999940395355,0,0,378,900,423158243,37,77,0.0,0.0,36.497344970703125,28.561874389648438,1,0,0.6000000238418579,0,0,1,1,0,6,1,0,0,8,99,0,-1.1368683772161603e-13,-2.843998908996582,37.732505798339844,29.812625885009766,1.5,0,99,1.0,1.0,0.0,0,0,0
1780579163.1843886,0,0.3499999940395355,0,0,378,900,423158243,37,77,0.0,0.0,36.497344970703125,28.561874389648438,1,0,0.6000000238418579,0,0,1,1,0,6,1,0,0,8,99,0,-1.1368683772161603e-13,-3.7919986248016357,37.732505798339844,29.742948532104492,1.5,0,99,1.0,1.0,0.0,0,0,0
1780579163.2042894,0,0.3499999940395355,0,0,378,900,423158243,37,77,0.0,0.0,36.497344970703125,28.561874389648438,1,0,0.6000000238418579,0,0,1,1,0,6,1,0,0,8,99,0,-1.1368683772161603e-13,-4.7399983406066895,37.732505798339844,29.65435028076172,1.5,0,99,1.0,1.0,0.0,0,0,0
1780579163.2243462,0,0.3499999940395355,0,0,378,900,423158243,37,77,0.0,0.0,36.497344970703125,28.561874389648438,1,0,0.6000000238418579,0,0,1,1,0,6,1,0,0,8,99,0,-1.1368683772161603e-13,-5.687997817993164,37.732505798339844,29.546829223632812,1.5,0,99,1.0,0.0,0.0,0,0,0
1780579163.2445264,0,0.3499999940395355,0,0,378,900,423158243,37,77,0.0,0.0,36.497344970703125,28.561874389648438,1,0,0.6000000238418579,0,0,1,1,0,6,1,0,0,8,99,0,-1.1368683772161603e-13,-6.635997295379639,37.732505798339844,29.420387268066406,1.5,0,99,1.0,0.0,0.0,0,0,0
1780579163.263833,0,0.3499999940395355,0,0,378,900,423158243,37,77,0.0,0.0,36.497344970703125,28.561874389648438,1,0,0.6000000238418579,0,0,1,1,0,6,1,0,0,8,99,0,-1.1368683772161603e-13,-7.583996772766113,37.732505798339844,29.275020599365234,1.5,0,99,1.0,0.0,0.0,0,0,0
1780579163.2842426,0,0.3499999940395355,0,0,378,900,423158243,37,77,0.0,0.0,36.497344970703125,28.561874389648438,1,0,0.6000000238418579,0,0,1,1,0,6,1,0,0,8,99,0,-1.1368683772161603e-13,-8.531996726989746,37.732505798339844,29.110736846923828,1.5,0,99,1.0,-1.0,0.0,0,0,1
1780579163.304925,0,0.3499999940395355,1,0,378,900,423158243,37,77,0.0,0.0,36.497344970703125,28.561874389648438,0,0,0.6000000238418579,0,0,1,1,0,6,1,1,0,8,99,0,-1.1368683772161603e-13,-8.947999954223633,37.732505798339844,28.934675216674805,1.5,0,99,1.0,-1.0,0.0,0,0,1
1780579163.3244727,0,0.3499999940395355,1,0,378,900,423158243,37,77,0.0,0.0,36.497344970703125,28.561874389648438,0,0,0.6000000238418579,0,0,1,1,0,6,1,1,0,8,99,0,-1.1368683772161603e-13,-8.947999954223633,37.732505798339844,28.75533676147461,1.5,0,99,1.0,-1.0,0.0,0,0,1
1780579163.3446226,0,0.3499999940395355,0,0,357,900,423158243,37,77,0.0,0.0,36.497344970703125,28.561874389648438,1,0,0.6000000238418579,0,0,0,0,0,6,1,0,0,8,99,1,3.75,-8.947999954223633,37.732505798339844,28.576553344726562,1.5,0,99,1.0,-1.0,0.0,0,0,1
1780579163.3651235,0,0.3499999940395355,0,0,357,900,423158243,37,77,0.0,0.0,36.497344970703125,28.561874389648438,1,0,0.6000000238418579,0,0,1,0,0,6,1,0,0,8,99,1,6.776263578034403e-21,0.0,37.73250198364258,28.44414520263672,1.5,0,99,1.0,-1.0,0.0,0,0,1
1780579163.3846455,0,0.3499999940395355,0,0,357,900,423158243,37,77,0.0,0.0,36.497344970703125,28.561874389648438,1,0,0.6000000238418579,0,0,1,0,0,6,1,0,0,8,99,1,0.0,0.0,37.73250198364258,28.408096313476562,1.5,0,99,1.0,-1.0,0.0,0,0,1
1780579163.4041753,0,0.3499999940395355,0,0,357,900,423158243,37,77,0.0,0.0,36.497344970703125,28.561874389648438,1,0,0.6000000238418579,0,0,1,0,0,6,1,0,0,8,99,1,0.0,0.0,37.73250198364258,28.40810775756836,1.5,0,99,1.0,-1.0,0.0,0,0,1
1780579163.4243622,0,0.3499999940395355,0,0,357,900,423158243,37,77,0.0,0.0,36.497344970703125,28.561874389648438,1,0,0.6000000238418579,0,0,1,0,0,6,1,0,0,8,99,1,0.0,0.0,37.73250198364258,28.40811538696289,1.5,0,99,1.0,-1.0,0.0,0,0,0
1780579163.4448068,0,0.3499999940395355,0,0,357,900,423158243,37,77,0.0,0.0,36.497344970703125,28.561874389648438,1,0,0.6000000238418579,0,0,1,0,0,6,1,0,0,8,99,1,0.0,0.0,37.73250198364258,28.408119201660156,1.5,0,99,1.0,-1.0,0.0,0,0,0
1780579163.4647343,0,0.3499999940395355,0,0,357,900,423158243,37,77,0.0,0.0,36.497344970703125,28.561874389648438,1,0,0.6000000238418579,0,0,1,0,0,6,1,0,0,8,99,1,0.0,0.0,37.73250198364258,28.40812110900879,1.5,0,99,1.0,-1.0,0.0,0,0,0
1780579163.4841104,0,0.3499999940395355,0,0,357,900,423158243,37,77,0.0,0.0,36.497344970703125,28.561874389648438,1,0,0.6000000238418579,0,0,1,0,0,6,1,0,0,8,99,1,0.0,0.0,37.73250198364258,28.40812110900879,1.5,0,99,1.0,-1.0,0.0,0,0,0
1780579163.5046017,0,0.3499999940395355,0,0,357,900,423158243,37,77,0.0,0.0,36.497344970703125,28.561874389648438,1,0,0.6000000238418579,0,0,1,0,0,6,1,0,0,8,99,1,0.0,0.0,37.73250198364258,28.40812110900879,1.5,0,99,1.0,-1.0,0.0,0,0,0
1780579163.5244544,0,0.3499999940395355,0,0,357,900,423158243,37,77,0.0,0.0,36.497344970703125,28.561874389648438,1,0,0.6000000238418579,0,0,1,0,0,6,1,0,0,8,99,1,0.0,0.0,37.73250198364258,28.40812110900879,1.5,0,99,1.0,-1.0,0.0,0,0,0
1780579163.5442822,0,0.3499999940395355,0,0,357,900,423158243,37,77,0.0,0.0,36.497344970703125,28.561874389648438,1,0,0.6000000238418579,0,0,1,0,0,6,1,0,0,8,99,1,-2.384185791015625e-07,0.0,37.73250198364258,28.40812110900879,1.5,0,99,1.0,-1.0,0.0,0,0,0
1780579163.5641544,0,0.3499999940395355,0,0,357,900,423158243,37,77,0.0,0.0,36.497344970703125,28.561874389648438,1,0,0.6000000238418579,0,0,1,0,0,6,1,0,0,8,99,1,0.0,0.0,37.73250198364258,28.40812110900879,1.5,0,99,1.0,-1.0,0.0,0,0,0
1780579163.5843894,0,0.3499999940395355,0,0,357,900,423158243,37,77,0.0,0.0,36.497344970703125,28.561874389648438,1,0,0.6000000238418579,0,0,1,0,0,6,1,0,0,8,99,1,0.0,0.0,37.73250198364258,28.408119201660156,1.5,0,99,0.0,0.0,0.0,0,0,0
1780579163.6039312,0,0.3499999940395355,0,0,357,900,423158243,37,77,0.0,0.0,36.497344970703125,28.561874389648438,1,0,0.6000000238418579,0,0,1,0,0,6,1,0,0,8,99,1,0.0,0.0,37.73250198364258,28.408123016357422,1.5,0,99,0.0,0.0,0.0,0,0,0
1780579163.6243274,0,0.3499999940395355,0,0,357,900,423158243,37,77,0.0,0.0,36.497344970703125,28.561874389648438,1,0,0.6000000238418579,0,0,1,0,0,6,1,0,0,8,99,1,-1.1368683772161603e-13,0.0,37.73250198364258,28.408123016357422,1.5,0,99,0.0,0.0,0.0,0,0,0
1780579163.6439118,0,0.3499999940395355,0,0,357,900,423158243,37,77,0.0,0.0,36.497344970703125,28.561874389648438,1,0,0.6000000238418579,0,0,1,0,0,6,1,0,0,8,99,1,0.0,0.0,37.73250198364258,28.408123016357422,1.5,0,99,0.0,0.0,0.0,0,0,0
1780579163.6642444,0,0.3499999940395355,0,0,357,900,423158243,37,77,0.0,0.0,36.497344970703125,28.561874389648438,1,0,0.6000000238418579,0,0,1,0,0,6,1,0,0,8,99,1,0.0,0.0,37.73250198364258,28.40812110900879,1.5,0,99,0.0,0.0,0.0,0,0,0
1780579163.6845891,0,0.3499999940395355,0,0,357,900,423158243,37,77,0.0,0.0,36.497344970703125,28.561874389648438,1,0,0.6000000238418579,0,0,1,0,0,6,1,0,0,8,99,1,0.0,0.0,37.73250198364258,28.408119201660156,1.5,0,99,0.0,0.0,0.0,0,0,1
1780579163.7044275,0,0.3499999940395355,0,0,357,900,423158243,37,77,0.0,0.0,36.497344970703125,28.561874389648438,1,0,0.6000000238418579,0,0,1,0,0,6,1,0,0,8,99,1,0.0,0.0,37.73250198364258,28.408119201660156,1.5,0,99,0.0,0.0,0.0,0,0,1
1780579163.7245655,0,0.3499999940395355,1,0,357,900,423158243,37,77,0.0,0.0,36.497344970703125,28.561874389648438,0,0,0.6000000238418579,0,0,1,0,0,6,1,1,0,8,99,1,0.0,0.0,37.73250198364258,28.408123016357422,1.5,0,99,0.0,0.0,0.0,0,0,1
1780579163.7447462,0,0.3499999940395355,1,0,357,900,423158243,37,77,0.0,0.0,36.497344970703125,28.561874389648438,0,0,0.6000000238418579,0,0,1,0,0,6,1,1,0,8,99,1,-3.75,0.0,37.682373046875,28.408119201660156,1.5,0,99,0.0,0.0,0.0,0,0,1
1780579163.7644534,0,0.3499999940395355,1,0,357,900,423158243,37,77,0.0,0.0,36.497344970703125,28.561874389648438,0,0,0.6000000238418579,0,0,1,0,0,6,1,1,0,8,99,1,-3.75,0.0,37.606956481933594,28.408123016357422,1.5,0,99,0.0,0.0,0.0,0,0,1
1780579163.7841752,0,0.3499999940395355,1,0,357,900,423158243,37,77,0.0,0.0,36.497344970703125,28.561874389648438,0,0,0.6000000238418579,0,0,1,0,0,6,1,1,0,8,99,1,-3.75,0.0,37.53203201293945,28.408123016357422,1.5,0,99,0.0,0.0,0.0,0,0,1
1780579163.804003,0,0.3499999940395355,1,0,357,900,423158243,37,77,0.0,0.0,36.497344970703125,28.561874389648438,0,0,0.6000000238418579,0,0,1,0,0,6,1,1,0,8,99,1,-3.75,0.0,37.45710754394531,28.40812110900879,1.5,0,99,0.0,0.0,0.0,0,0,1
1780579163.824033,0,0.3499999940395355,1,0,357,900,423158243,37,77,0.0,0.0,36.497344970703125,28.561874389648438,1,0,0.6000000238418579,0,0,1,0,0,6,1,1,0,8,99,1,-3.75,0.0,37.382179260253906,28.40812110900879,1.5,0,99,0.0,0.0,0.0,0,0,0
1780579163.8441403,0,0.3499999940395355,1,0,357,900,423158243,37,77,0.0,0.0,36.497344970703125,28.561874389648438,1,0,0.6000000238418579,0,0,1,0,0,6,1,1,0,8,99,1,-3.75,0.0,37.307254791259766,28.40812110900879,1.5,0,99,0.0,0.0,0.0,0,0,0
1780579163.8642504,0,0.3499999940395355,1,0,357,900,423158243,37,77,0.0,0.0,36.497344970703125,28.561874389648438,1,0,0.6000000238418579,0,0,1,0,0,6,1,1,0,8,99,1,-3.75,0.0,37.232330322265625,28.408119201660156,1.5,0,99,0.0,0.0,0.0,0,0,0
1780579163.8844697,0,0.3499999940395355,1,0,357,900,423158243,37,77,0.0,0.0,36.497344970703125,28.561874389648438,1,0,0.6000000238418579,0,0,1,0,0,6,1,1,0,8,99,1,-3.75,0.0,37.157318115234375,28.408119201660156,1.5,0,99,0.0,0.0,0.0,0,0,0
1780579163.904386,0,0.3499999940395355,1,0,357,900,423158243,37,77,0.0,0.0,36.497344970703125,28.561874389648438,1,0,0.6000000238418579,0,0,1,0,0,6,1,1,0,8,99,1,-3.75,0.0,37.08209991455078,28.40812110900879,1.5,0,99,0.0,0.0,0.0,0,0,0
1780579163.923761,0,0.3499999940395355,1,0,357,900,423158243,37,77,0.0,0.0,36.497344970703125,28.561874389648438,1,0,0.6000000238418579,0,0,1,0,0,6,1,1,0,8,99,1,0.0,0.0,37.0574951171875,28.40812110900879,1.5,0,99,0.0,0.0,0.0,0,0,0
1780579163.9442236,0,0.3499999940395355,1,0,357,900,423158243,37,77,0.0,0.0,36.497344970703125,28.561874389648438,1,0,0.6000000238418579,0,0,1,0,0,6,1,1,0,8,99,1,0.0,0.0,37.0574951171875,28.40812110900879,1.5,0,99,0.0,0.0,0.0,0,0,0
1780579163.96424,0,0.3499999940395355,1,0,357,900,423158243,37,77,0.0,0.0,36.497344970703125,28.561874389648438,1,0,0.6000000238418579,0,0,1,0,0,6,1,1,0,8,99,1,0.0,0.0,37.0574951171875,28.40812110900879,1.5,0,99,0.0,0.0,0.0,0,0,0
1780579163.9842818,0,0.3499999940395355,1,0,357,900,423158243,37,77,0.0,0.0,36.497344970703125,28.561874389648438,1,0,0.6000000238418579,0,0,1,0,0,6,1,1,0,8,99,1,0.0,0.0,37.0574951171875,28.408123016357422,1.5,0,99,0.0,0.0,0.0,0,0,0
1780579164.0043983,0,0.3499999940395355,1,0,357,900,423158243,37,77,0.0,0.0,36.497344970703125,28.561874389648438,1,0,0.6000000238418579,0,0,1,0,0,6,1,1,0,8,99,1,0.0,0.0,37.0574951171875,28.40812110900879,1.5,0,99,0.0,0.0,0.0,0,0,0
1780579164.0238538,0,0.3499999940395355,1,0,357,900,423158243,37,77,0.0,0.0,36.497344970703125,28.561874389648438,1,0,0.6000000238418579,0,0,1,0,0,6,1,1,0,8,99,1,0.0,0.0,37.0574951171875,28.40812110900879,1.5,0,99,0.0,0.0,0.0,0,0,0
1780579164.0438404,0,0.3499999940395355,1,0,357,900,423158243,37,77,0.0,0.0,36.497344970703125,28.561874389648438,1,0,0.6000000238418579,0,0,1,0,0,6,1,1,0,8,99,1,0.0,0.0,37.0574951171875,28.408119201660156,1.5,0,99,0.0,0.0,0.0,0,0,0
1780579164.0640054,0,0.3499999940395355,1,0,357,900,423158243,37,77,0.0,0.0,36.497344970703125,28.561874389648438,1,0,0.6000000238418579,0,0,1,0,0,6,1,1,0,8,99,1,0.0,0.0,37.0574951171875,28.40812110900879,1.5,0,99,0.0,0.0,0.0,0,0,0
1780579164.0842025,0,0.3499999940395355,0,0,357,900,423158243,37,77,0.0,0.0,36.497344970703125,28.561874389648438,1,0,0.6000000238418579,0,0,1,0,0,6,1,0,0,8,99,1,0.0,0.0,37.0574951171875,28.408119201660156,1.5,0,99,0.0,0.0,0.0,0,0,0
1780579164.1045492,0,0.3499999940395355,0,0,357,900,423158243,37,77,0.0,0.0,36.497344970703125,28.561874389648438,1,0,0.6000000238418579,0,0,1,0,0,6,1,0,0,8,99,1,0.0,0.0,37.0574951171875,28.408119201660156,1.5,0,99,0.0,0.0,0.0,0,0,1
1780579164.123956,0,0.3499999940395355,0,0,357,900,423158243,37,77,0.0,0.0,36.497344970703125,28.561874389648438,1,0,0.6000000238418579,0,0,1,0,0,6,1,0,0,8,99,1,0.0,0.0,37.0574951171875,28.408123016357422,1.5,0,99,0.0,0.0,0.0,0,0,1
1780579164.1440597,0,0.3499999940395355,1,0,357,900,423158243,37,77,0.0,0.0,36.497344970703125,28.561874389648438,0,0,0.6000000238418579,0,0,1,0,0,6,1,1,0,8,99,1,-3.75,0.0,37.0574951171875,28.408119201660156,1.5,0,99,0.0,0.0,0.0,0,0,1
1780579164.1639318,0,0.3499999940395355,1,0,357,900,423158243,37,77,0.0,0.0,36.497344970703125,28.561874389648438,0,0,0.6000000238418579,0,0,1,0,0,6,0,1,0,8,99,1,-3.75,0.0,37.00712585449219,28.40812110900879,1.5,0,99,0.0,0.0,0.0,0,0,1
1780579164.4745686,0,0.3499999940395355,0,0,336,900,423158243,38,77,0.0,0.0,36.497344970703125,28.561874389648438,0,0,0.6000000238418579,0,0,0,0,0,5,1,0,0,8,99,1,-3.75,0.0,36.90974807739258,28.40812110900879,1.5,0,99,0.0,0.0,0.0,0,0,0
1780579164.4945424,0,0.3499999940395355,0,0,336,900,423158243,38,77,0.0,0.0,36.497344970703125,28.561874389648438,0,0,0.6000000238418579,0,0,0,0,0,5,1,0,0,8,99,1,-3.75,0.0,36.85734939575195,28.40812110900879,1.5,0,99,0.0,0.0,0.0,0,0,0
1780579164.514377,0,0.3499999940395355,0,0,336,900,423158243,38,77,0.0,0.0,36.497344970703125,28.561874389648438,0,0,0.6000000238418579,0,0,0,0,0,5,1,0,0,8,99,1,-3.75,0.0,36.782081604003906,28.408119201660156,1.5,0,99,0.0,0.0,0.0,0,0,0
1780579164.5342495,0,0.3499999940395355,0,0,336,900,423158243,38,77,0.0,0.0,36.497344970703125,28.561874389648438,0,0,0.6000000238418579,0,0,0,0,0,5,1,0,0,8,99,1,15.0,7.500000476837158,36.95967102050781,28.50920867919922,1.5,0,99,0.0,0.0,0.0,0,0,0
1780579164.5537984,0,0.3499999940395355,0,0,336,900,423158243,38,77,0.0,0.0,36.497344970703125,28.561874389648438,0,0,0.6000000238418579,0,0,0,0,0,5,1,0,0,8,99,1,15.0,7.5,37.259368896484375,28.659061431884766,1.5,0,99,0.0,0.0,0.0,0,0,0
1780579164.574316,0,0.3499999940395355,0,0,336,900,423158243,38,77,0.0,0.0,36.497344970703125,28.561874389648438,0,0,0.6000000238418579,0,0,0,0,0,5,1,0,0,8,99,1,15.0,7.5,37.55906677246094,28.808910369873047,1.5,0,99,0.0,0.0,0.0,0,0,0
1780579164.5939167,0,0.3499999940395355,0,0,336,900,423158243,38,77,0.0,0.0,36.497344970703125,28.561874389648438,0,0,0.6000000238418579,0,0,0,0,0,5,1,0,0,8,99,1,1.1368683772161603e-13,7.5,37.70784378051758,28.958759307861328,1.5,0,99,0.0,0.0,0.0,0,0,0
1780579164.613898,0,0.3499999940395355,0,0,336,900,423158243,38,77,0.0,0.0,36.497344970703125,28.561874389648438,0,0,0.6000000238418579,0,0,0,0,0,5,1,0,0,8,99,1,1.1368683772161603e-13,7.5,37.73252868652344,29.10860824584961,1.5,0,99,0.0,0.0,0.0,0,0,0
1780579164.634185,0,0.3499999940395355,0,0,336,900,423158243,38,77,0.0,0.0,36.497344970703125,28.561874389648438,0,0,0.6000000238418579,0,0,0,0,0,5,1,0,0,8,99,1,0.0,7.5,37.732521057128906,29.258621215820312,1.5,0,99,0.0,0.0,0.0,0,0,0
1780579164.654183,0,0.3499999940395355,0,0,336,900,423158243,38,77,0.0,0.0,36.497344970703125,28.561874389648438,0,0,0.6000000238418579,0,0,0,0,0,5,1,0,0,8,99,1,0.0,7.5,37.732513427734375,29.40863800048828,1.5,0,99,0.0,0.0,0.0,0,0,0
1780579164.6733806,0,0.3499999940395355,0,0,336,900,423158243,38,77,0.0,0.0,36.497344970703125,28.561874389648438,0,0,0.6000000238418579,0,0,0,0,0,5,1,0,0,8,99,1,0.0,7.5,37.732505798339844,29.558696746826172,1.5,0,99,0.0,0.0,0.0,0,0,0
1780579164.694145,0,0.3499999940395355,0,0,336,900,423158243,38,77,0.0,0.0,36.497344970703125,28.561874389648438,0,0,0.6000000238418579,0,0,0,0,0,5,1,0,0,8,99,1,0.0,7.5,37.732505798339844,29.70854949951172,1.5,0,99,0.0,0.0,0.0,0,0,0
1780579164.7137249,0,0.3499999940395355,0,0,336,900,423158243,38,77,0.0,0.0,36.497344970703125,28.561874389648438,0,0,0.6000000238418579,0,0,0,0,0,5,1,0,0,8,99,1,0.0,7.5,37.732505798339844,29.858781814575195,1.5,0,99,0.0,0.0,0.0,0,0,0
1780579164.7344632,0,0.3499999940395355,0,0,336,900,423158243,38,77,0.0,0.0,36.497344970703125,28.561874389648438,1,0,0.6000000238418579,0,0,0,0,0,5,1,0,0,8,99,0,0.0,0.0,37.732505798339844,30.008752822875977,1.5,0,99,0.0,0.0,0.0,0,0,0
1780579164.753906,0,0.3499999940395355,0,0,336,900,423158243,38,77,0.0,0.0,36.497344970703125,28.561874389648438,1,0,0.6000000238418579,0,0,0,1,0,5,1,0,0,8,99,0,-1.1368683772161603e-13,-0.9479996562004089,37.732505798339844,30.045387268066406,1.5,0,99,0.0,0.0,0.0,0,0,0
1780579164.774366,0,0.3499999940395355,0,0,336,900,423158243,38,77,0.0,0.0,36.497344970703125,28.561874389648438,1,0,0.6000000238418579,0,0,0,1,0,5,1,0,0,8,99,0,0.0,-1.8959993124008179,37.732505798339844,30.013690948486328,1.5,0,99,0.0,0.0,0.0,0,0,0
1780579164.794227,0,0.3499999940395355,0,0,336,900,423158243,38,77,0.0,0.0,36.497344970703125,28.561874389648438,1,0,0.6000000238418579,0,0,0,1,0,5,1,0,0,8,99,0,0.0,-2.843998908996582,37.732505798339844,29.962987899780273,1.5,0,99,0.0,0.0,0.0,0,0,0
1780579164.8144581,0,0.3499999940395355,0,0,336,900,423158243,69,77,0.0,0.0,36.497344970703125,28.561874389648438,1,0,0.6000000238418579,0,0,0,1,0,5,1,0,0,8,99,0,0.0,-3.7919986248016357,37.732505798339844,29.893434524536133,1.5,0,99,0.0,0.0,0.0,0,0,0
1780579164.8337247,0,0.3499999940395355,0,0,336,900,423158243,69,77,0.0,0.0,36.497344970703125,28.561874389648438,1,0,0.6000000238418579,0,0,0,1,0,5,1,0,0,8,99,0,0.0,-4.7399983406066895,37.732505798339844,29.804580688476562,1.5,0,99,0.0,0.0,0.0,0,0,0
1780579164.8539324,0,0.3499999940395355,0,0,336,900,423158243,69,77,0.0,0.0,36.497344970703125,28.561874389648438,1,0,0.6000000238418579,0,0,0,1,0,5,1,0,0,8,99,0,0.0,-5.687997817993164,37.732505798339844,29.697105407714844,1.5,0,99,0.0,0.0,0.0,0,0,0
1780579164.874223,0,0.3499999940395355,0,0,336,900,423158243,69,77,0.0,0.0,36.497344970703125,28.561874389648438,1,0,0.6000000238418579,0,0,0,1,0,5,1,0,0,8,99,0,0.0,-6.635997295379639,37.732505798339844,29.570709228515625,1.5,0,99,0.0,0.0,0.0,0,0,0
1780579164.8935556,0,0.3499999940395355,0,0,336,900,423158243,69,77,0.0,0.0,36.497344970703125,28.561874389648438,1,0,0.6000000238418579,0,0,0,1,0,5,1,0,0,8,99,0,0.0,-7.583996772766113,37.732505798339844,29.425392150878906,1.5,0,99,0.0,0.0,0.0,0,0,0
1780579164.9141476,0,0.3499999940395355,0,0,336,900,423158243,69,77,0.0,0.0,36.497344970703125,28.561874389648438,1,0,0.6000000238418579,0,0,0,1,0,5,1,0,0,8,99,0,0.0,-8.531996726989746,37.732505798339844,29.261150360107422,1.5,0,99,0.0,0.0,0.0,0,0,0
1780579164.9340432,0,0.3499999940395355,0,0,336,900,423158243,69,77,0.0,0.0,36.497344970703125,28.561874389648438,1,0,0.6000000238418579,0,0,0,1,0,5,1,0,0,8,99,0,0.0,-9.479996681213379,37.732505798339844,29.077659606933594,1.5,0,99,0.0,0.0,0.0,0,0,0
1780579164.9542737,0,0.3499999940395355,0,0,336,900,423158243,69,77,0.0,0.0,36.497344970703125,28.561874389648438,1,0,0.6000000238418579,0,0,0,1,0,5,1,0,0,8,99,0,0.0,-10.427996635437012,37.732505798339844,28.874786376953125,1.5,0,99,0.0,0.0,0.0,0,0,0
1780579164.973828,0,0.3499999940395355,0,0,336,900,423158243,69,77,0.0,0.0,36.497344970703125,28.561874389648438,1,0,0.6000000238418579,0,0,0,1,0,5,1,0,0,8,99,0,0.0,-11.375996589660645,37.732505798339844,28.65367889404297,1.5,0,99,0.0,0.0,0.0,0,0,0
1780579164.994009,0,0.3499999940395355,0,0,336,900,423158243,69,77,0.0,0.0,36.497344970703125,28.561874389648438,1,0,0.6000000238418579,0,0,0,0,0,5,1,0,0,8,99,1,0.0,0.0,37.732505798339844,28.464256286621094,1.5,0,99,0.0,0.0,0.0,0,0,0
1780579165.0141745,0,0.3499999940395355,0,0,336,900,423158243,69,77,0.0,0.0,36.497344970703125,28.561874389648438,1,0,0.6000000238418579,0,0,0,0,0,5,1,0,0,8,99,1,0.0,0.0,37.73250198364258,28.40809440612793,1.5,0,99,0.0,0.0,0.0,0,0,0
1780579165.0336926,0,0.3499999940395355,0,0,336,900,423158243,69,77,0.0,0.0,36.497344970703125,28.561874389648438,1,0,0.6000000238418579,0,0,0,0,0,5,1,0,0,8,99,1,0.0,0.0,37.73250198364258,28.408105850219727,1.5,0,99,0.0,0.0,0.0,0,0,0
1780579165.0539439,0,0.3499999940395355,0,0,336,900,423158243,69,77,0.0,0.0,36.497344970703125,28.561874389648438,1,0,0.6000000238418579,0,0,0,0,0,5,1,0,0,8,99,1,0.0,0.0,37.73250198364258,28.40811538696289,1.5,0,99,0.0,0.0,0.0,0,0,0
1780579165.074012,0,0.3499999940395355,0,0,336,900,423158243,45,77,-8.0,0.0,36.497344970703125,28.561874389648438,1,0,0.6000000238418579,0,0,0,0,0,5,1,0,0,8,99,1,0.0,0.0,37.73250198364258,28.408119201660156,1.5,0,99,0.0,0.0,0.0,0,0,0
1780579165.0941138,0,0.3499999940395355,0,0,336,900,423158243,45,77,-8.0,0.0,36.337345123291016,28.561874389648438,1,0,0.6000000238418579,0,0,0,0,0,5,1,0,0,8,99,1,0.0,0.0,37.73250198364258,28.408119201660156,1.5,0,99,0.0,0.0,0.0,0,0,0
1780579165.114084,0,0.3499999940395355,0,0,336,900,423158243,45,77,-8.0,0.0,36.177345275878906,28.561874389648438,1,0,0.6000000238418579,0,0,0,0,0,5,1,0,0,8,99,1,0.0,0.0,37.73250198364258,28.40812110900879,1.5,0,99,0.0,0.0,0.0,0,0,1
1780579165.135319,0,0.3499999940395355,1,0,336,900,423158243,45,77,-8.0,0.0,36.0173454284668,28.561874389648438,0,0,0.6000000238418579,0,0,0,0,0,5,1,1,0,8,99,1,0.0,0.0,37.73250198364258,28.40812110900879,1.5,0,99,0.0,0.0,0.0,0,0,1
1780579165.1562934,0,0.3499999940395355,1,0,336,900,423158243,45,77,-8.0,0.0,35.85734558105469,28.561874389648438,0,0,0.6000000238418579,0,0,0,0,0,5,1,1,0,8,99,1,0.0,0.0,37.73250198364258,28.408119201660156,1.5,0,99,0.0,0.0,0.0,0,0,1
1780579165.17662,0,0.3499999940395355,1,0,315,900,423158243,25,77,0.0,0.0,35.69734573364258,28.561874389648438,0,0,0.6000000238418579,0,0,0,0,0,5,1,1,0,8,99,1,3.75,0.0,37.73250198364258,28.408123016357422,1.5,0,99,0.0,0.0,0.0,0,0,1
1780579165.1961892,0,0.3499999940395355,1,0,315,900,423158243,25,77,0.0,0.0,35.39734649658203,28.561874389648438,0,0,0.6000000238418579,0,0,0,0,0,5,1,1,0,8,99,1,2.842170943040401e-14,0.0,37.73250198364258,28.408123016357422,1.5,0,99,0.0,0.0,0.0,0,0,1
1780579165.2152379,0,0.3499999940395355,1,0,315,900,423158243,25,77,0.0,0.0,35.097347259521484,28.561874389648438,0,0,0.6000000238418579,0,0,0,0,0,5,1,1,0,8,99,1,0.0,0.0,37.73250198364258,28.408119201660156,1.5,0,99,0.0,0.0,0.0,0,0,1
1780579165.2343447,0,0.3499999940395355,1,0,315,900,423158243,25,77,0.0,0.0,34.79734802246094,28.561874389648438,1,0,0.6000000238418579,0,0,0,0,0,5,1,1,0,8,99,1,0.0,0.0,37.73250198364258,28.408119201660156,1.5,0,99,0.0,0.0,0.0,0,0,0
1780579165.2544286,0,0.3499999940395355,1,0,315,900,423158243,25,77,0.0,0.0,34.49734878540039,28.561874389648438,1,0,0.6000000238418579,0,0,0,0,0,5,1,1,0,8,99,1,0.0,0.0,37.73250198364258,28.408123016357422,1.5,0,99,0.0,0.0,0.0,0,0,0
1780579165.2740717,0,0.3499999940395355,1,0,315,900,423158243,25,77,0.0,0.0,34.197349548339844,28.561874389648438,1,0,0.6000000238418579,0,0,0,0,0,5,1,1,0,8,99,1,0.0,0.0,37.73250198364258,28.40812110900879,1.5,0,99,0.0,0.0,0.0,0,0,0
1780579165.294284,0,0.3499999940395355,1,0,315,900,423158243,25,77,0.0,0.0,33.8973503112793,28.561874389648438,1,0,0.6000000238418579,0,0,0,0,0,5,1,1,0,8,99,1,0.0,0.0,37.73250198364258,28.408123016357422,1.5,0,99,0.0,0.0,0.0,0,0,0
1780579165.3142252,0,0.3499999940395355,1,0,315,900,423158243,25,77,0.0,0.0,33.59735107421875,28.561874389648438,1,0,0.6000000238418579,0,0,0,0,0,5,1,1,0,8,99,1,0.0,0.0,37.73250198364258,28.40812110900879,1.5,0,99,-1.0,0.0,0.0,0,0,0
1780579165.334466,0,0.3499999940395355,1,0,315,900,423158243,25,77,0.0,0.0,33.2973518371582,28.561874389648438,1,0,0.6000000238418579,0,0,0,0,0,5,1,1,0,8,99,1,0.0,0.0,37.73250198364258,28.40812110900879,1.5,0,99,-1.0,1.0,0.0,0,0,0
1780579165.3542156,0,0.3499999940395355,1,0,315,900,423158243,25,77,0.0,0.0,33.2973518371582,28.561874389648438,1,0,0.6000000238418579,0,0,0,0,0,5,1,1,0,8,99,1,0.0,0.0,37.73250198364258,28.40812110900879,1.5,0,99,-1.0,1.0,0.0,0,0,0
1780579165.3745975,0,0.3499999940395355,1,0,315,900,423158243,25,77,0.0,0.0,33.2973518371582,28.561874389648438,1,0,0.6000000238418579,0,0,0,0,0,5,1,1,0,8,99,1,-8.300000190734863,0.0,37.62028121948242,28.40812110900879,1.5,0,99,-1.0,1.0,0.0,0,0,0
1780579165.3943605,0,0.3499999940395355,1,0,315,900,423158243,25,77,0.0,0.0,33.2973518371582,28.561874389648438,1,0,0.6000000238418579,0,0,0,0,0,5,1,1,0,8,99,1,-8.300000190734863,0.0,37.45444869995117,28.408119201660156,1.5,0,99,-1.0,1.0,0.0,0,0,0
1780579165.4139364,0,0.3499999940395355,1,0,315,900,423158243,25,77,0.0,0.0,33.2973518371582,28.561874389648438,1,0,0.6000000238418579,0,0,0,0,0,5,1,1,0,8,99,1,-8.300000190734863,0.0,37.288612365722656,28.408123016357422,1.5,0,99,-1.0,1.0,0.0,0,0,0
1780579165.4341238,0,0.3499999940395355,1,0,315,900,423158243,25,77,0.0,0.0,33.2973518371582,28.561874389648438,1,0,0.6000000238418579,0,0,0,0,0,5,1,1,0,8,99,1,-8.300000190734863,0.0,37.122779846191406,28.408119201660156,1.5,0,99,-1.0,1.0,0.0,0,0,0
1780579165.4542344,0,0.3499999940395355,1,0,315,900,423158243,25,77,0.0,0.0,33.2973518371582,28.561874389648438,1,0,0.6000000238418579,0,0,0,0,0,5,1,1,0,8,99,1,-8.300000190734863,0.0,36.956947326660156,28.408123016357422,1.5,0,99,-1.0,1.0,0.0,0,0,0
1780579165.4743795,0,0.3499999940395355,1,0,315,900,423158243,25,77,0.0,0.0,33.2973518371582,28.561874389648438,1,0,0.6000000238418579,0,0,0,0,0,5,1,1,0,8,99,1,-8.300000190734863,0.0,36.790931701660156,28.40812110900879,1.5,0,99,-1.0,1.0,0.0,0,0,0
1780579165.4941087,0,0.3499999940395355,0,0,315,900,423158243,25,77,0.0,0.0,33.2973518371582,28.561874389648438,1,0,0.6000000238418579,0,0,0,0,0,5,1,0,0,8,99,1,-8.300000190734863,0.0,36.624515533447266,28.408119201660156,1.5,0,99,-1.0,1.0,0.0,0,0,0
1780579165.5142388,0,0.3499999940395355,0,0,315,900,423158243,25,77,0.0,0.0,33.2973518371582,28.561874389648438,1,0,0.6000000238418579,0,0,0,0,0,5,1,0,0,8,99,1,-8.300000190734863,0.0,36.45842742919922,28.408119201660156,1.5,0,99,-1.0,1.0,0.0,0,0,0
1780579165.5342922,0,0.3499999940395355,0,0,315,900,423158243,25,77,0.0,0.0,33.2973518371582,28.561874389648438,1,0,0.6000000238418579,0,0,0,0,0,5,1,0,0,8,99,1,-8.300000190734863,0.0,36.29259490966797,28.408119201660156,1.5,0,99,-1.0,1.0,0.0,0,0,0
1780579165.5542784,0,0.3499999940395355,0,0,315,900,423158243,25,77,0.0,0.0,33.2973518371582,28.561874389648438,1,0,0.6000000238418579,0,0,0,0,0,5,1,0,0,8,99,1,-8.300000190734863,0.0,36.12675857543945,28.408123016357422,1.5,0,99,-1.0,0.0,0.0,0,0,0
1780579165.5742333,0,0.3499999940395355,0,0,315,900,423158243,25,77,0.0,0.0,33.2973518371582,28.561874389648438,1,0,0.6000000238418579,0,0,0,0,0,5,1,0,0,8,99,1,-8.300000190734863,0.0,35.960533142089844,28.40812110900879,1.5,0,99,-1.0,0.0,0.0,0,0,0
1780579165.594622,0,0.3499999940395355,0,0,315,900,423158243,25,77,0.0,0.0,33.2973518371582,28.561874389648438,1,0,0.6000000238418579,0,0,0,0,0,5,1,0,0,8,99,1,-8.300000190734863,0.0,35.794700622558594,28.40812110900879,1.5,0,99,-1.0,0.0,0.0,0,0,0
1780579165.614236,0,0.3499999940395355,0,0,315,900,423158243,25,77,0.0,0.0,33.2973518371582,28.561874389648438,1,0,0.6000000238418579,0,0,0,0,0,5,1,0,0,8,99,1,-8.300000190734863,0.0,35.62860107421875,28.40812110900879,1.5,0,99,-1.0,0.0,0.0,0,0,0
1780579165.6340902,0,0.3499999940395355,0,0,315,900,423158243,25,77,0.0,0.0,33.2973518371582,28.561874389648438,1,0,0.6000000238418579,0,0,0,0,0,5,1,0,0,8,99,1,-8.300000190734863,0.0,35.4627685546875,28.40812110900879,1.5,0,99,-1.0,0.0,0.0,0,0,0
1780579165.6544943,0,0.3499999940395355,0,0,315,900,423158243,25,77,0.0,0.0,33.2973518371582,28.561874389648438,1,0,0.6000000238418579,0,0,0,0,0,5,1,0,0,8,99,1,-8.300000190734863,0.0,35.296932220458984,28.40812110900879,1.5,0,99,-1.0,0.0,0.0,1,0,0
1780579165.6744978,0,0.3499999940395355,0,0,315,900,423158243,25,77,0.0,0.0,33.2973518371582,28.561874389648438,1,0,0.6000000238418579,0,0,0,0,0,5,1,0,1,8,99,1,-8.300000190734863,0.0,35.13056182861328,28.40812110900879,1.5,0,99,-1.0,0.0,0.0,1,0,0
1780579165.6941955,0,0.3499999940395355,0,0,315,900,423158243,25,77,0.0,0.0,33.2973518371582,28.561874389648438,1,0,0.6000000238418579,0,0,0,0,0,5,1,0,1,8,99,0,-8.300000190734863,15.70199966430664,34.964725494384766,28.619564056396484,1.5,0,99,-1.0,0.0,0.0,1,0,0
1780579165.7141507,0,0.3499999940395355,0,0,315,900,423158243,25,77,0.0,0.0,33.2973518371582,28.561874389648438,1,0,0.6000000238418579,0,0,0,0,0,5,1,0,1,8,99,0,-8.300000190734863,15.70199966430664,34.79873275756836,28.93359375,1.5,0,99,0.0,0.0,0.0,1,0,0
1780579165.7343578,0,0.3499999940395355,0,0,315,900,423158243,25,77,0.0,0.0,33.2973518371582,28.561874389648438,1,0,0.6000000238418579,0,0,0,0,0,5,1,0,1,8,99,0,0.0,15.70199966430664,34.7444953918457,29.24732208251953,1.5,0,99,0.0,0.0,0.0,1,0,0
1780579165.7544029,0,0.3499999940395355,0,0,315,900,423158243,25,77,0.0,0.0,33.2973518371582,28.561874389648438,1,0,0.6000000238418579,0,0,0,0,0,5,1,0,1,8,99,0,0.0,15.70199966430664,34.7444953918457,29.56186294555664,1.5,0,99,0.0,0.0,0.0,1,0,0
1780579165.7744133,0,0.3499999940395355,0,0,315,900,423158243,25,77,0.0,0.0,33.2973518371582,28.561874389648438,1,0,0.6000000238418579,0,0,0,0,0,5,0,0,1,8,99,0,0.0,15.70199966430664,34.7444953918457,29.875587463378906,1.5,0,99,0.0,0.0,0.0,1,0,0
1780579165.7941961,0,0.3499999940395355,0,0,315,900,423158243,25,77,0.0,0.0,33.2973518371582,28.561874389648438,1,0,0.6000000238418579,0,0,0,0,0,5,0,0,1,8,99,0,0.0,15.70199966430664,34.7444953918457,30.189842224121094,1.5,0,99,1.0,0.0,0.0,1,0,0
1780579165.8145485,0,0.3499999940395355,0,0,315,900,423158243,25,77,0.0,0.0,33.2973518371582,28.561874389648438,1,0,0.6000000238418579,0,0,0,0,0,5,0,0,1,8,99,0,0.0,15.70199966430664,34.7444953918457,30.50356674194336,1.5,0,99,1.0,0.0,0.0,1,0,0
1780579165.8341212,0,0.3499999940395355,0,0,315,900,423158243,25,77,0.0,0.0,33.2973518371582,28.561874389648438,1,0,0.6000000238418579,0,0,0,0,0,5,0,0,1,8,99,0,0.0,15.70199966430664,34.7444953918457,30.817916870117188,1.5,0,99,1.0,1.0,0.0,1,0,0
1780579165.8546295,0,0.3499999940395355,0,0,315,900,423158243,25,77,0.0,0.0,33.2973518371582,28.561874389648438,1,0,0.6000000238418579,0,0,1,0,0,5,0,0,1,8,99,0,8.300000190734863,15.70199966430664,34.85655975341797,31.132434844970703,1.5,0,99,1.0,1.0,0.0,1,0,0
1780579165.8741207,0,0.3499999940395355,0,0,315,900,423158243,25,77,0.0,0.0,33.2973518371582,28.561874389648438,1,0,0.6000000238418579,0,0,1,0,0,5,0,0,1,8,99,0,8.300000190734863,15.70199966430664,35.02259063720703,31.446533203125,1.5,0,99,1.0,1.0,0.0,1,0,0
1780579165.8945243,0,0.3499999940395355,0,0,315,900,423158243,25,77,0.0,0.0,33.2973518371582,28.561874389648438,1,0,0.6000000238418579,0,0,1,0,0,5,0,0,0,8,99,0,8.300000190734863,14.753999710083008,35.18842315673828,31.747474670410156,1.5,0,99,1.0,1.0,0.0,1,0,0
1780579165.9143527,0,0.3499999940395355,0,0,315,900,423158243,25,77,0.0,0.0,33.2973518371582,28.561874389648438,1,0,0.6000000238418579,0,0,1,0,0,5,0,0,0,8,99,0,8.300000190734863,13.805999755859375,35.3542594909668,32.02949523925781,1.5,0,99,1.0,1.0,0.0,1,0,0
1780579165.9340847,0,0.3499999940395355,0,0,315,900,423158243,25,77,0.0,0.0,33.2973518371582,28.561874389648438,1,0,0.6000000238418579,0,0,1,0,0,5,0,0,0,8,99,0,8.300000190734863,12.857999801635742,35.52009201049805,32.2925910949707,1.5,0,99,1.0,1.0,0.0,1,0,0
1780579165.9544754,0,0.3499999940395355,0,0,315,900,423158243,25,77,0.0,0.0,33.2973518371582,28.561874389648438,1,0,0.6000000238418579,0,0,1,0,0,5,0,0,0,8,99,0,8.300000190734863,11.90999984741211,35.68592834472656,32.536766052246094,1.5,0,99,1.0,1.0,0.0,1,0,0
1780579165.974669,0,0.3499999940395355,0,0,315,900,423158243,25,77,0.0,0.0,33.2973518371582,28.561874389648438,1,0,0.6000000238418579,0,0,1,0,0,5,0,0,0,8,99,0,8.300000190734863,10.961999893188477,35.85232925415039,32.76277160644531,1.5,0,99,1.0,1.0,0.0,1,0,0
1780579165.9944878,0,0.3499999940395355,0,0,315,900,423158243,26,77,0.0,0.0,33.2973518371582,28.561874389648438,1,0,0.6000000238418579,0,0,1,0,0,5,0,0,0,8,99,0,8.300000190734863,10.013999938964844,36.01847457885742,32.96941375732422,1.5,0,99,1.0,1.0,0.0,1,0,0
1780579166.0142372,0,0.3499999940395355,0,0,315,900,423158243,26,77,0.0,0.0,33.2973518371582,28.561874389648438,1,0,0.6000000238418579,0,0,1,0,0,5,0,0,0,8,99,0,8.300000190734863,9.065999984741211,36.184566497802734,33.15700149536133,1.5,0,99,1.0,1.0,0.0,1,0,0
1780579166.0340738,0,0.3499999940395355,0,0,315,900,423158243,26,77,0.0,0.0,33.2973518371582,28.561874389648438,1,0,0.6000000238418579,0,0,1,0,0,5,0,0,0,8,99,0,8.300000190734863,8.118000030517578,36.350399017333984,33.32535934448242,1.5,0,99,1.0,1.0,0.0,1,0,0
1780579166.0542865,0,0.3499999940395355,0,0,315,900,423158243,26,77,0.0,0.0,33.2973518371582,28.561874389648438,1,0,0.6000000238418579,0,0,1,0,0,5,0,0,0,8,99,0,8.300000190734863,7.1700005531311035,36.51683807373047,33.475318908691406,1.5,0,99,1.0,1.0,0.0,1,0,0
1780579166.073727,0,0.3499999940395355,0,0,315,900,423158243,26,77,0.0,0.0,33.2973518371582,28.561874389648438,1,0,0.6000000238418579,0,0,1,0,0,5,0,0,0,8,99,0,8.300000190734863,6.222001075744629,36.682674407958984,33.60576248168945,1.5,0,99,1.0,1.0,0.0,1,0,0
1780579166.0943413,0,0.3499999940395355,0,0,315,900,423158243,26,77,0.0,0.0,33.2973518371582,28.561874389648438,1,0,0.6000000238418579,0,0,1,0,0,5,0,0,0,8,99,0,8.300000190734863,5.274001598358154,36.8485107421875,33.71728515625,1.5,0,99,1.0,1.0,0.0,1,0,0
1780579166.1141207,0,0.3499999940395355,0,0,315,900,423158243,26,77,0.0,0.0,33.2973518371582,28.561874389648438,1,0,0.6000000238418579,0,0,1,0,0,5,0,0,0,8,99,0,8.300000190734863,4.32600212097168,37.01434326171875,33.80988311767578,1.5,0,99,1.0,1.0,0.0,1,0,0
1780579166.1335895,0,0.3499999940395355,0,0,315,900,423158243,26,77,0.0,0.0,33.2973518371582,28.561874389648438,1,0,0.6000000238418579,0,0,1,0,0,5,0,0,0,8,99,0,8.300000190734863,3.378002405166626,37.18017578125,33.88356018066406,1.5,0,99,1.0,1.0,0.0,1,0,0
1780579166.1539876,0,0.3499999940395355,0,0,315,900,423158243,26,77,0.0,0.0,33.2973518371582,28.561874389648438,1,0,0.6000000238418579,0,0,1,0,0,5,0,0,0,8,99,0,8.300000190734863,2.4300026893615723,37.346012115478516,33.938316345214844,1.5,0,99,1.0,1.0,0.0,1,0,0
1780579166.173986,0,0.3499999940395355,0,0,315,900,423158243,26,77,0.0,0.0,33.2973518371582,28.561874389648438,1,0,0.6000000238418579,0,0,1,0,0,5,0,0,0,8,99,0,8.300000190734863,1.4820029735565186,37.51197814941406,33.97417449951172,1.5,0,99,1.0,1.0,0.0,1,0,0
1780579166.1939402,0,0.3499999940395355,0,0,315,900,423158243,26,77,0.0,0.0,33.2973518371582,28.561874389648438,1,0,0.6000000238418579,0,0,1,0,0,5,0,0,0,8,99,0,8.300000190734863,0.5340033173561096,37.67781066894531,33.99107360839844,1.5,0,99,1.0,1.0,0.0,1,0,0
1780579166.2144554,0,0.3499999940395355,0,0,315,900,423158243,26,77,0.0,0.0,33.2973518371582,28.561874389648438,1,0,0.6000000238418579,0,0,1,1,0,5,0,0,0,8,99,0,1.1368683772161603e-13,-0.4139963388442993,37.73250198364258,33.989044189453125,1.5,0,99,1.0,1.0,0.0,0,0,0
1780579166.2342129,0,0.3499999940395355,0,0,315,900,423158243,26,77,0.0,0.0,33.2973518371582,28.561874389648438,1,0,0.6000000238418579,0,0,1,1,0,5,0,0,0,8,99,0,0.0,-1.3619959354400635,37.73250198364258,33.96788787841797,1.5,0,99,1.0,1.0,0.0,0,0,0
1780579166.2541828,0,0.3499999940395355,0,0,315,900,423158243,26,77,0.0,0.0,33.2973518371582,28.561874389648438,1,0,0.6000000238418579,0,0,1,1,0,5,0,0,0,8,99,0,-1.1368683772161603e-13,-2.309995651245117,37.73250198364258,33.92787170410156,1.5,0,99,1.0,1.0,0.0,0,0,0
1780579166.2737904,0,0.3499999940395355,0,0,315,900,423158243,26,77,0.0,0.0,33.2973518371582,28.561874389648438,1,0,0.6000000238418579,0,0,1,1,0,5,0,0,0,8,99,0,-1.1368683772161603e-13,-3.257995367050171,37.73250198364258,33.868934631347656,1.5,0,99,1.0,1.0,0.0,0,0,0
1780579166.2941258,0,0.3499999940395355,0,0,315,900,423158243,26,77,0.0,0.0,33.2973518371582,28.561874389648438,1,0,0.6000000238418579,0,0,1,1,0,5,0,0,0,8,99,0,-1.1368683772161603e-13,-4.205995082855225,37.73250198364258,33.79107666015625,1.5,0,99,1.0,1.0,0.0,0,0,0
1780579166.3143241,0,0.3499999940395355,0,0,315,900,423158243,26,77,0.0,0.0,33.2973518371582,28.561874389648438,1,0,0.6000000238418579,0,0,1,1,0,5,0,0,0,8,99,0,-1.1368683772161603e-13,-5.153994560241699,37.73250198364258,33.69429397583008,1.5,0,99,1.0,1.0,0.0,0,0,0
1780579166.3343053,0,0.3499999940395355,0,0,315,900,423158243,26,77,0.0,0.0,33.2973518371582,28.561874389648438,1,0,0.6000000238418579,0,0,1,1,0,5,0,0,0,8,99,0,-1.1368683772161603e-13,-6.101994037628174,37.73250198364258,33.57793045043945,1.5,0,99,1.0,0.0,0.0,0,0,0
1780579166.3541636,0,0.3499999940395355,0,0,315,900,423158243,26,77,0.0,0.0,33.2973518371582,28.561874389648438,1,0,0.6000000238418579,0,0,1,1,0,5,0,0,0,8,99,0,-1.1368683772161603e-13,-7.049993515014648,37.73250198364258,33.44320297241211,1.5,0,99,1.0,0.0,0.0,0,0,0
1780579166.3744626,0,0.3499999940395355,0,0,315,900,423158243,26,77,0.0,0.0,33.2973518371582,28.561874389648438,1,0,0.6000000238418579,0,0,1,1,0,5,0,0,0,8,99,0,-1.1368683772161603e-13,-7.997992992401123,37.73250198364258,33.289554595947266,1.5,0,99,1.0,0.0,0.0,0,0,0
1780579166.3940716,0,0.3499999940395355,0,0,315,900,423158243,26,77,0.0,0.0,33.2973518371582,28.561874389648438,1,0,0.6000000238418579,0,0,1,1,0,5,0,0,0,8,99,0,-1.1368683772161603e-13,-8.945992469787598,37.73250198364258,33.116981506347656,1.5,0,99,1.0,0.0,0.0,0,0,0
1780579166.41393,0,0.3499999940395355,0,0,315,900,423158243,26,77,0.0,0.0,33.2973518371582,28.561874389648438,1,0,0.6000000238418579,0,0,1,1,0,5,0,0,0,8,99,0,-1.1368683772161603e-13,-8.947999954223633,37.73250198364258,32.93821334838867,1.5,0,99,0.0,0.0,0.0,0,0,0
1780579166.4340963,0,0.3499999940395355,0,0,315,900,423158243,26,77,0.0,0.0,33.2973518371582,28.561874389648438,1,0,0.6000000238418579,0,0,1,1,0,5,0,0,0,8,99,0,-1.1368683772161603e-13,-8.947999954223633,37.73250198364258,32.759429931640625,1.5,0,99,0.0,0.0,0.0,0,0,0
1780579166.4543855,0,0.3499999940395355,0,0,315,900,423158243,26,77,0.0,0.0,33.2973518371582,28.561874389648438,1,0,0.6000000238418579,0,0,1,1,0,5,0,0,0,8,99,0,-1.1368683772161603e-13,-8.947999954223633,37.73250198364258,32.580387115478516,1.5,0,99,0.0,0.0,0.0,0,0,0
1780579166.4740794,0,0.3499999940395355,0,0,315,900,423158243,26,77,0.0,0.0,33.2973518371582,28.561874389648438,1,0,0.6000000238418579,0,0,1,1,0,5,0,0,0,8,99,0,-1.1368683772161603e-13,-8.947999954223633,37.73250198364258,32.401390075683594,1.5,0,99,0.0,0.0,0.0,0,0,0
1780579166.4941084,0,0.3499999940395355,0,0,315,900,423158243,26,77,0.0,0.0,33.2973518371582,28.561874389648438,1,0,0.6000000238418579,0,0,1,1,0,5,0,0,0,8,99,0,-1.1368683772161603e-13,-8.947999954223633,37.73250198364258,32.22261047363281,1.5,0,99,0.0,0.0,0.0,0,0,0
1780579166.5141177,0,0.3499999940395355,0,0,315,900,423158243,26,77,0.0,0.0,33.2973518371582,28.561874389648438,1,0,0.6000000238418579,0,0,1,1,0,5,0,0,0,8,99,0,-1.1368683772161603e-13,-8.947999954223633,37.73250198364258,32.04383087158203,1.5,0,99,0.0,0.0,0.0,0,0,0
1780579166.534152,0,0.3499999940395355,0,0,315,900,423158243,26,77,0.0,0.0,33.2973518371582,28.561874389648438,1,0,0.6000000238418579,0,0,1,1,0,5,0,0,0,8,99,0,-1.1368683772161603e-13,-8.947999954223633,37.73250198364258,31.86460304260254,1.5,0,99,0.0,0.0,0.0,0,0,0
1780579166.5535562,0,0.3499999940395355,0,0,315,900,423158243,26,77,0.0,0.0,33.2973518371582,28.561874389648438,1,0,0.6000000238418579,0,0,1,1,0,5,0,0,0,8,99,0,-1.1368683772161603e-13,-8.947999954223633,37.73250198364258,31.685726165771484,1.5,0,99,0.0,0.0,0.0,0,0,0
1780579166.5737886,0,0.3499999940395355,0,0,315,900,423158243,26,77,0.0,0.0,33.2973518371582,28.561874389648438,1,0,0.6000000238418579,0,0,1,1,0,5,0,0,0,8,99,0,-1.1368683772161603e-13,-8.947999954223633,37.73250198364258,31.506942749023438,1.5,0,99,0.0,0.0,0.0,0,0,0
1780579166.5941792,0,0.3499999940395355,0,0,315,900,423158243,26,77,0.0,0.0,33.2973518371582,28.561874389648438,1,0,0.6000000238418579,0,0,1,1,0,5,0,0,0,8,99,0,-1.1368683772161603e-13,-8.947999954223633,37.73250198364258,31.327573776245117,1.5,0,99,0.0,0.0,0.0,0,0,0
1780579166.6138427,0,0.3499999940395355,0,0,315,900,423158243,26,77,0.0,0.0,33.2973518371582,28.561874389648438,1,0,0.6000000238418579,0,0,1,1,0,5,0,0,0,8,99,0,-1.1368683772161603e-13,-8.947999954223633,37.73250198364258,31.14879035949707,1.5,0,99,0.0,0.0,0.0,0,0,0
1780579166.6338804,0,0.3499999940395355,0,0,315,900,423158243,26,77,0.0,0.0,33.2973518371582,28.561874389648438,1,0,0.6000000238418579,0,0,1,1,0,5,0,0,0,8,99,0,-1.1368683772161603e-13,-8.947999954223633,37.73250198364258,30.970008850097656,1.5,0,99,0.0,0.0,0.0,0,0,0
1780579166.6542444,0,0.3499999940395355,0,0,315,900,423158243,26,77,0.0,0.0,33.2973518371582,28.561874389648438,1,0,0.6000000238418579,0,0,1,1,0,5,0,0,0,8,99,0,-1.1368683772161603e-13,-8.947999954223633,37.73250198364258,30.790481567382812,1.5,0,99,0.0,0.0,0.0,0,0,0
1780579166.6741915,0,0.3499999940395355,0,0,315,900,423158243,26,77,0.0,0.0,33.2973518371582,28.561874389648438,1,0,0.6000000238418579,0,0,1,1,0,5,0,0,0,8,99,0,-1.1368683772161603e-13,-8.947999954223633,37.73250198364258,30.6117000579834,1.5,0,99,0.0,0.0,0.0,0,0,0
1780579166.6936004,0,0.3499999940395355,0,0,315,900,423158243,26,77,0.0,0.0,33.2973518371582,28.561874389648438,1,0,0.6000000238418579,0,0,1,1,0,5,0,0,0,8,99,0,-1.1368683772161603e-13,-8.947999954223633,37.73250198364258,30.432918548583984,1.5,0,99,0.0,0.0,0.0,0,0,0
1780579166.7140574,0,0.3499999940395355,0,0,315,900,423158243,26,77,0.0,0.0,33.2973518371582,28.561874389648438,1,0,0.6000000238418579,0,0,1,1,0,5,0,0,0,8,99,0,-1.1368683772161603e-13,-8.947999954223633,37.73250198364258,30.25413703918457,1.5,0,99,0.0,0.0,0.0,0,0,0
1780579166.7337663,0,0.3499999940395355,0,0,315,900,423158243,26,77,0.0,0.0,33.2973518371582,28.561874389648438,1,0,0.6000000238418579,0,0,1,1,0,5,0,0,0,8,99,0,-1.1368683772161603e-13,-8.947999954223633,37.73250198364258,30.075353622436523,1.5,0,99,0.0,0.0,0.0,0,0,0
1780579166.7538133,0,0.3499999940395355,0,0,315,900,423158243,26,77,0.0,0.0,33.2973518371582,28.561874389648438,1,0,0.6000000238418579,0,0,1,1,0,5,0,0,0,8,99,0,-1.1368683772161603e-13,-8.947999954223633,37.73250198364258,29.89657211303711,1.5,0,99,0.0,0.0,0.0,0,0,0
1780579166.7737546,0,0.3499999940395355,0,0,315,900,423158243,26,77,0.0,0.0,33.2973518371582,28.561874389648438,1,0,0.6000000238418579,0,0,1,1,0,5,0,0,0,8,99,0,-1.1368683772161603e-13,-8.947999954223633,37.73250198364258,29.717432022094727,1.5,0,99,0.0,0.0,0.0,0,0,0
1780579166.7942526,0,0.3499999940395355,0,0,315,900,423158243,26,77,0.0,0.0,33.2973518371582,28.561874389648438,1,0,0.6000000238418579,0,0,1,1,0,5,0,0,0,8,99,0,-1.1368683772161603e-13,-8.947999954223633,37.73250198364258,29.538650512695312,1.5,0,99,0.0,0.0,0.0,0,0,0
1780579166.8141599,0,0.3499999940395355,0,0,315,900,423158243,26,77,0.0,0.0,33.2973518371582,28.561874389648438,1,0,0.6000000238418579,0,0,1,1,0,5,0,0,0,8,99,0,-1.1368683772161603e-13,-8.947999954223633,37.73250198364258,29.358951568603516,1.5,0,99,0.0,0.0,0.0,0,0,0
1780579166.8339684,0,0.3499999940395355,0,0,315,900,423158243,26,77,0.0,0.0,33.2973518371582,28.561874389648438,1,0,0.6000000238418579,0,0,1,1,0,5,0,0,0,8,99,0,-1.1368683772161603e-13,-8.947999954223633,37.73250198364258,29.18016815185547,1.5,0,99,0.0,0.0,0.0,0,0,0
1780579166.853663,0,0.3499999940395355,0,0,315,900,423158243,26,77,0.0,0.0,33.2973518371582,28.561874389648438,1,0,0.6000000238418579,0,0,1,1,0,5,0,0,0,8,99,0,-1.1368683772161603e-13,-8.947999954223633,37.73250198364258,29.001386642456055,1.5,0,99,0.0,0.0,0.0,0,0,0
1780579166.8739407,0,0.3499999940395355,0,0,315,900,423158243,26,77,0.0,0.0,33.2973518371582,28.561874389648438,1,0,0.6000000238418579,0,0,1,1,0,5,0,0,0,8,99,0,-1.1368683772161603e-13,-8.947999954223633,37.73250198364258,28.82232666015625,1.5,0,99,0.0,0.0,0.0,0,0,0
1780579166.8942366,0,0.3499999940395355,0,0,315,900,423158243,26,77,0.0,0.0,33.2973518371582,28.561874389648438,1,0,0.6000000238418579,0,0,1,1,0,5,0,0,0,8,99,0,-1.1368683772161603e-13,-8.947999954223633,37.73250198364258,28.642841339111328,1.5,0,99,0.0,0.0,0.0,0,0,0
1780579166.913835,0,0.3499999940395355,0,0,315,900,423158243,26,77,0.0,0.0,33.2973518371582,28.561874389648438,1,0,0.6000000238418579,0,0,0,0,0,5,0,0,0,8,99,1,-1.1368683772161603e-13,-8.947999954223633,37.73250198364258,28.46405792236328,1.5,0,99,0.0,0.0,0.0,0,0,0
1780579166.934059,0,0.3499999940395355,0,0,315,900,423158243,26,77,0.0,0.0,33.2973518371582,28.561874389648438,1,0,0.6000000238418579,0,0,0,0,0,5,0,0,0,8,99,1,0.0,0.0,37.73250198364258,28.406219482421875,1.5,0,99,0.0,0.0,0.0,0,0,0
1780579166.9538274,0,0.3499999940395355,0,0,315,900,423158243,26,77,0.0,0.0,33.2973518371582,28.561874389648438,1,0,0.6000000238418579,0,0,0,0,0,5,0,0,0,8,99,1,0.0,0.0,37.73250198364258,28.406906127929688,1.5,0,99,0.0,0.0,0.0,0,0,0
1780579166.973747,0,0.3499999940395355,0,0,315,900,423158243,26,77,0.0,0.0,33.2973518371582,28.561874389648438,1,0,0.6000000238418579,0,0,0,0,0,5,0,0,0,8,99,1,0.0,0.0,37.73250198364258,28.407344818115234,1.5,0,99,0.0,0.0,0.0,0,0,0
1780579166.9944375,0,0.3499999940395355,0,0,315,900,423158243,26,77,0.0,0.0,33.2973518371582,28.561874389648438,1,0,0.6000000238418579,0,0,0,0,0,5,0,0,0,8,99,1,0.0,0.0,37.73250198364258,28.407623291015625,1.5,0,99,-1.0,0.0,0.0,0,0,0
1780579167.0151122,0,0.3499999940395355,0,0,315,900,423158243,27,77,0.0,0.0,33.2973518371582,28.561874389648438,1,0,0.6000000238418579,0,0,0,0,0,5,0,0,0,8,99,1,0.0,0.0,37.73250198364258,28.40780258178711,1.5,0,99,-1.0,0.0,0.0,0,0,0
1780579167.0341935,0,0.3499999940395355,0,0,315,900,423158243,27,77,0.0,0.0,33.2973518371582,28.561874389648438,1,0,0.6000000238418579,0,0,0,0,0,5,0,0,0,8,99,1,0.0,0.0,37.73250198364258,28.407920837402344,1.5,0,99,-1.0,0.0,0.0,0,0,0
1780579167.054166,0,0.3499999940395355,0,0,315,900,423158243,27,77,0.0,0.0,33.2973518371582,28.561874389648438,1,0,0.6000000238418579,0,0,0,0,0,5,0,0,0,8,99,1,-8.300000190734863,0.0,37.62080383300781,28.40799331665039,1.5,0,99,-1.0,0.0,0.0,0,0,0
1780579167.074058,0,0.3499999940395355,0,0,315,900,423158243,27,77,0.0,0.0,33.2973518371582,28.561874389648438,1,0,0.6000000238418579,0,0,0,0,0,5,0,0,0,8,99,1,-8.300000190734863,0.0,37.45497131347656,28.408042907714844,1.5,0,99,-1.0,0.0,0.0,0,0,0
1780579167.0941262,0,0.3499999940395355,0,0,315,900,423158243,27,77,0.0,0.0,33.2973518371582,28.561874389648438,1,0,0.6000000238418579,0,0,0,0,0,5,0,0,0,8,99,1,-8.300000190734863,0.0,37.28913497924805,28.408071517944336,1.5,0,99,-1.0,0.0,0.0,0,0,0
1780579167.1138823,0,0.3499999940395355,0,0,315,900,423158243,27,77,0.0,0.0,33.2973518371582,28.561874389648438,1,0,0.6000000238418579,0,0,0,0,0,5,0,0,0,8,99,1,-8.300000190734863,0.0,37.1233024597168,28.408092498779297,1.5,0,99,-1.0,0.0,0.0,0,0,0
1780579167.1341217,0,0.3499999940395355,0,0,315,900,423158243,27,77,0.0,0.0,33.2973518371582,28.561874389648438,1,0,0.6000000238418579,0,0,0,0,0,5,0,0,0,8,99,1,-8.300000190734863,0.0,36.95746612548828,28.40810203552246,1.5,0,99,-1.0,0.0,0.0,0,0,0
1780579167.1540961,0,0.3499999940395355,0,0,315,900,423158243,27,77,0.0,0.0,33.2973518371582,28.561874389648438,1,0,0.6000000238418579,0,0,0,0,0,5,0,0,0,8,99,1,-8.300000190734863,0.0,36.79154586791992,28.408111572265625,1.5,0,99,-1.0,0.0,0.0,0,0,0
1780579167.1745133,0,0.3499999940395355,0,0,315,900,423158243,51,77,0.0,0.0,33.2973518371582,28.561874389648438,1,0,0.6000000238418579,0,0,0,0,0,5,0,0,0,8,99,1,-8.300000190734863,0.0,36.62417984008789,28.40811538696289,1.5,0,99,-1.0,0.0,0.0,0,0,1
1780579167.194295,0,0.3499999940395355,1,0,315,900,423158243,51,77,0.0,0.0,33.2973518371582,28.561874389648438,0,0,0.6000000238418579,0,0,0,0,0,5,0,1,0,8,99,1,-8.300000190734863,0.0,36.458343505859375,28.408119201660156,1.5,0,99,-1.0,0.0,0.0,0,0,1
1780579167.2143395,0,0.3499999940395355,1,0,315,900,423158243,51,77,0.0,0.0,33.2973518371582,28.561874389648438,0,0,0.6000000238418579,0,0,0,0,0,5,0,1,0,8,99,1,-8.300000190734863,0.0,36.292510986328125,28.408119201660156,1.5,0,99,-1.0,0.0,0.0,0,0,1
1780579167.5446544,0,0.3499999940395355,1,0,294,900,423158243,59,77,-10.0,20.0,33.2973518371582,28.561874389648438,0,0,0.6000000238418579,0,0,0,0,0,5,0,1,0,8,99,1,3.75,0.0,36.07685089111328,28.40812110900879,1.5,0,99,-1.0,0.0,0.0,0,0,0
1780579167.5741506,0,0.3499999940395355,1,0,294,900,423158243,59,77,-10.0,18.200000762939453,32.7973518371582,28.925874710083008,0,0,0.6000000238418579,0,0,0,0,0,5,0,1,0,8,99,1,3.75,0.0,36.12672805786133,28.408119201660156,1.5,0,99,-1.0,0.0,0.0,0,0,0
1780579167.6042438,0,0.3499999940395355,1,0,294,900,423158243,59,77,-10.0,16.400001525878906,32.2973518371582,29.253873825073242,0,0,0.6000000238418579,0,0,0,0,0,5,0,1,0,8,99,1,3.75,0.0,36.21660614013672,28.40812110900879,1.5,0,99,-1.0,0.0,0.0,0,0,0
1780579167.6241703,0,0.3499999940395355,1,0,294,900,423158243,59,77,-10.0,14.60000228881836,31.797351837158203,29.545873641967773,1,0,0.6000000238418579,0,0,0,0,0,5,0,1,0,8,99,1,3.75,0.0,36.292179107666016,28.40812110900879,1.5,0,99,-1.0,0.0,0.0,0,0,0
1780579167.6441307,0,0.3499999940395355,1,0,294,900,423158243,59,77,-10.0,12.800003051757812,31.297351837158203,29.8018741607666,1,0,0.6000000238418579,0,0,0,0,0,5,0,1,0,8,99,1,3.75,0.0,36.36710739135742,28.40812110900879,1.5,0,99,-1.0,0.0,0.0,0,0,0
1780579167.6643705,0,0.3499999940395355,1,0,294,900,423158243,59,77,-10.0,11.000003814697266,30.797351837158203,30.021873474121094,1,0,0.6000000238418579,0,0,0,0,0,5,0,1,0,8,99,1,3.75,0.0,36.44224166870117,28.40812110900879,1.5,0,99,-1.0,0.0,0.0,0,0,0
1780579167.6840382,0,0.3499999940395355,1,0,294,900,423158243,59,77,-10.0,9.200004577636719,30.297351837158203,30.205873489379883,1,0,0.6000000238418579,0,0,0,0,0,5,0,1,0,8,99,1,3.75,0.0,36.51716613769531,28.40812110900879,1.5,0,99,-1.0,0.0,0.0,0,0,0
1780579167.7038937,0,0.3499999940395355,1,0,294,900,423158243,59,77,-10.0,7.400005340576172,29.797351837158203,30.35387420654297,1,0,0.6000000238418579,0,0,0,0,0,5,0,1,0,8,99,1,3.75,0.0,36.59209060668945,28.40812110900879,1.5,0,99,-1.0,0.0,0.0,0,0,0
1780579167.7241406,0,0.3499999940395355,1,0,294,900,423158243,59,77,-10.0,5.600006103515625,29.297351837158203,30.46587371826172,1,0,0.6000000238418579,0,0,0,0,0,5,0,1,0,8,99,1,3.75,0.0,36.66701889038086,28.408123016357422,1.5,0,99,-1.0,0.0,0.0,0,0,0
1780579167.7442322,0,0.3499999940395355,1,0,294,900,423158243,59,77,-10.0,3.800006866455078,29.09735107421875,30.541873931884766,1,0,0.6000000238418579,0,0,0,0,0,5,0,1,0,8,99,1,3.75,0.0,36.741943359375,28.40812110900879,1.5,0,99,-1.0,0.0,0.0,0,0,0
1780579167.7636087,0,0.3499999940395355,1,0,294,900,423158243,59,77,-10.0,2.0000076293945312,28.897350311279297,30.58187484741211,1,0,0.6000000238418579,0,0,0,0,0,5,0,1,0,8,99,1,-8.300000190734863,0.0,36.59353256225586,28.40812110900879,1.5,0,99,-1.0,0.0,0.0,0,0,0
1780579167.7844362,0,0.3499999940395355,1,0,294,900,423158243,59,77,-10.0,0.20000839233398438,28.697349548339844,30.585874557495117,1,0,0.6000000238418579,0,0,0,0,0,5,0,1,0,8,99,1,-8.300000190734863,0.0,36.427696228027344,28.40812110900879,1.5,0,99,-1.0,0.0,0.0,0,0,0
1780579167.8037863,0,0.3499999940395355,1,0,294,900,423158243,59,77,-10.0,-1.5999908447265625,28.49734878540039,30.553874969482422,1,0,0.6000000238418579,0,0,0,0,0,5,0,1,0,8,99,1,-8.300000190734863,0.0,36.261863708496094,28.40812110900879,1.5,0,99,-1.0,0.0,0.0,0,0,0
1780579167.8235917,0,0.3499999940395355,1,0,294,900,423158243,59,77,-10.0,-3.3999900817871094,28.297348022460938,30.485876083374023,1,0,0.6000000238418579,0,0,0,0,0,5,0,1,0,8,99,1,-8.300000190734863,0.0,36.09580993652344,28.40812110900879,1.5,0,99,-1.0,0.0,0.0,0,0,0
1780579167.8437104,0,0.3499999940395355,1,0,294,900,423158243,59,77,-10.0,-5.199989318847656,28.097347259521484,30.38187599182129,1,0,0.6000000238418579,0,0,0,0,0,5,0,1,0,8,99,1,-8.300000190734863,0.0,35.92997360229492,28.40812110900879,1.5,0,99,-1.0,0.0,0.0,0,0,0
1780579167.864074,0,0.3499999940395355,1,0,294,900,423158243,59,77,-10.0,-6.999988555908203,27.89734649658203,30.24187660217285,1,0,0.6000000238418579,0,0,0,0,0,5,0,1,0,8,99,1,-8.300000190734863,0.0,35.7639045715332,28.40812110900879,1.5,0,99,-1.0,0.0,0.0,0,0,0
1780579167.8842022,0,0.3499999940395355,0,0,294,900,423158243,59,77,-10.0,-8.79998779296875,27.697345733642578,30.065876007080078,1,0,0.6000000238418579,0,0,0,0,0,5,0,0,0,8,99,1,-8.300000190734863,0.0,35.59748840332031,28.40812110900879,1.5,0,99,-1.0,0.0,0.0,0,0,0
1780579167.903535,0,0.3499999940395355,0,0,294,900,423158243,59,77,-10.0,-10.599987030029297,27.497344970703125,29.8538761138916,1,0,0.6000000238418579,0,0,0,0,0,5,0,0,0,8,99,1,-8.300000190734863,0.0,35.431312561035156,28.40812110900879,1.5,0,99,-1.0,0.0,0.0,0,0,0
1780579167.924079,0,0.3499999940395355,0,0,294,900,423158243,59,77,-10.0,-12.399986267089844,27.297344207763672,29.605876922607422,1,0,0.6000000238418579,0,0,0,0,0,5,0,0,0,8,99,1,-8.300000190734863,0.0,35.26547622680664,28.40812110900879,1.5,0,99,-1.0,0.0,0.0,0,0,0
1780579167.9441128,0,0.3499999940395355,0,0,294,900,423158243,59,77,-10.0,-14.19998550415039,27.09734344482422,29.321876525878906,1,0,0.6000000238418579,0,0,0,0,0,5,0,0,0,8,99,1,-8.300000190734863,0.0,35.09952926635742,28.40812110900879,1.5,0,99,-1.0,0.0,0.0,0,0,0
1780579167.9639301,0,0.3499999940395355,0,0,294,900,423158243,59,77,-10.0,-15.999984741210938,26.897342681884766,29.001876831054688,1,0,0.6000000238418579,0,0,0,0,0,5,0,0,0,8,99,1,-8.300000190734863,0.0,34.9334716796875,28.40812110900879,1.5,0,99,-1.0,0.0,0.0,0,0,0
1780579167.984157,0,0.3499999940395355,0,0,294,900,423158243,59,77,-10.0,-17.799983978271484,26.697341918945312,28.645877838134766,1,0,0.6000000238418579,0,0,0,0,0,5,0,0,0,8,99,1,-8.300000190734863,0.0,34.76763916015625,28.40812110900879,1.5,0,99,-1.0,0.0,0.0,0,0,0
1780579168.0038986,0,0.3499999940395355,0,0,294,900,423158243,60,77,0.0,0.0,26.497343063354492,28.56183624267578,1,0,0.6000000238418579,0,0,0,0,0,5,0,0,0,8,99,1,-8.300000190734863,0.0,34.601802825927734,28.40812110900879,1.5,0,99,-1.0,0.0,0.0,0,0,0
1780579168.0239723,0,0.3499999940395355,0,0,294,900,423158243,60,77,0.0,0.0,26.497343063354492,28.56184959411621,1,0,0.6000000238418579,0,0,0,0,0,5,0,0,0,8,99,1,-8.300000190734863,0.0,34.435970306396484,28.40812110900879,1.5,0,99,-1.0,0.0,0.0,0,0,0
1780579168.0440903,0,0.3499999940395355,0,0,294,900,423158243,60,77,0.0,0.0,26.497343063354492,28.561859130859375,1,0,0.6000000238418579,0,0,0,0,0,5,0,0,0,8,99,1,-8.300000190734863,0.0,34.26963424682617,28.40812110900879,1.5,0,99,-1.0,0.0,0.0,0,0,0
1780579168.0638213,0,0.3499999940395355,0,0,294,900,423158243,60,77,0.0,0.0,26.497343063354492,28.561864852905273,1,0,0.6000000238418579,0,0,0,0,0,5,0,0,0,8,99,1,-8.300000190734863,0.0,34.103797912597656,28.40812110900879,1.5,0,99,-1.0,0.0,0.0,0,0,0
1780579168.0842426,0,0.3499999940395355,0,0,294,900,423158243,60,77,0.0,0.0,26.497343063354492,28.56186866760254,1,0,0.6000000238418579,0,0,0,0,0,5,0,0,0,8,99,1,-8.300000190734863,0.0,33.93775177001953,28.40812110900879,1.5,0,99,-1.0,0.0,0.0,0,0,0
1780579168.1041782,0,0.3499999940395355,0,0,294,900,423158243,60,77,0.0,0.0,26.497343063354492,28.561870574951172,1,0,0.6000000238418579,0,0,0,0,0,5,0,0,0,8,99,1,-8.300000190734863,0.0,33.77171325683594,28.408119201660156,1.5,0,99,-1.0,0.0,0.0,0,0,0
1780579168.1236095,0,0.3499999940395355,0,0,294,900,423158243,60,77,0.0,0.0,26.497343063354492,28.561870574951172,1,0,0.6000000238418579,0,0,0,0,0,5,0,0,0,8,99,1,-8.300000190734863,0.0,33.60547637939453,28.40812110900879,1.5,0,99,-1.0,0.0,0.0,0,0,0
1780579168.143896,0,0.3499999940395355,0,0,294,900,423158243,60,77,0.0,0.0,26.497343063354492,28.561870574951172,1,0,0.6000000238418579,0,0,0,0,0,5,0,0,0,8,99,1,-8.300000190734863,0.0,33.43964385986328,28.408119201660156,1.5,0,99,-1.0,0.0,0.0,0,0,0
1780579168.1642528,0,0.3499999940395355,0,0,294,900,423158243,60,77,0.0,0.0,26.497343063354492,28.561870574951172,1,0,0.6000000238418579,0,0,0,0,0,5,0,0,0,8,99,1,-8.300000190734863,0.0,33.273807525634766,28.40812110900879,1.5,0,99,-1.0,0.0,0.0,0,0,0
1780579168.1838024,0,0.3499999940395355,0,0,294,900,423158243,60,77,0.0,0.0,26.497343063354492,28.561870574951172,1,0,0.6000000238418579,0,0,0,0,0,5,0,0,0,8,99,1,-8.300000190734863,0.0,33.10773849487305,28.40812110900879,1.5,0,99,-1.0,0.0,0.0,0,0,0
1780579168.203757,0,0.3499999940395355,0,0,294,900,423158243,60,77,0.0,0.0,26.497343063354492,28.561870574951172,1,0,0.6000000238418579,0,0,0,0,0,5,0,0,0,8,99,1,-8.300000190734863,0.0,32.94174575805664,28.40812110900879,1.5,0,99,-1.0,0.0,0.0,0,0,0
1780579168.2241478,0,0.3499999940395355,0,0,294,900,423158243,60,77,0.0,0.0,26.497343063354492,28.561870574951172,1,0,0.6000000238418579,0,0,0,0,0,5,0,0,0,8,99,1,-8.300000190734863,0.0,32.775909423828125,28.40812110900879,1.5,0,99,-1.0,0.0,0.0,0,0,0
1780579168.2441554,0,0.3499999940395355,0,0,294,900,423158243,60,77,0.0,0.0,26.497343063354492,28.561870574951172,1,0,0.6000000238418579,0,0,0,0,0,5,0,0,0,8,99,1,-8.300000190734863,0.0,32.610076904296875,28.40812110900879,1.5,0,99,-1.0,0.0,0.0,0,0,0
1780579168.263562,0,0.3499999940395355,0,0,294,900,423158243,60,77,0.0,0.0,26.497343063354492,28.561870574951172,1,0,0.6000000238418579,0,0,0,0,0,5,0,0,0,8,99,1,-8.300000190734863,0.0,32.443721771240234,28.40812110900879,1.5,0,99,-1.0,0.0,0.0,0,0,0
1780579168.284288,0,0.3499999940395355,0,0,294,900,423158243,60,77,0.0,0.0,26.497343063354492,28.561870574951172,1,0,0.6000000238418579,0,0,0,0,0,5,0,0,0,8,99,1,-8.300000190734863,0.0,32.277889251708984,28.40812110900879,1.5,0,99,-1.0,0.0,0.0,0,0,0
1780579168.3043318,0,0.3499999940395355,0,0,294,900,423158243,60,77,0.0,0.0,26.497343063354492,28.561870574951172,1,0,0.6000000238418579,0,0,0,0,0,5,0,0,0,8,99,1,-8.300000190734863,0.0,32.110877990722656,28.40812110900879,1.5,0,99,-1.0,0.0,0.0,0,0,0
1780579168.3243022,0,0.3499999940395355,0,0,294,900,423158243,60,77,0.0,0.0,26.497343063354492,28.561870574951172,1,0,0.6000000238418579,0,0,0,0,0,5,0,0,0,8,99,1,-8.300000190734863,0.0,31.945043563842773,28.40812110900879,1.5,0,99,-1.0,0.0,0.0,0,0,0
1780579168.343732,0,0.3499999940395355,0,0,294,900,423158243,60,77,0.0,0.0,26.497343063354492,28.561870574951172,1,0,0.6000000238418579,0,0,0,0,0,5,0,0,0,8,99,1,-8.300000190734863,0.0,31.77920913696289,28.40812110900879,1.5,0,99,-1.0,0.0,0.0,0,0,0
1780579168.364287,0,0.3499999940395355,0,0,294,900,423158243,60,77,0.0,0.0,26.497343063354492,28.561870574951172,1,0,0.6000000238418579,0,0,0,0,0,5,0,0,0,8,99,1,-8.300000190734863,0.0,31.613374710083008,28.40812110900879,1.5,0,99,-1.0,0.0,0.0,0,0,0
1780579168.3843899,0,0.3499999940395355,0,0,294,900,423158243,60,77,0.0,0.0,26.497343063354492,28.561870574951172,1,0,0.6000000238418579,0,0,0,0,0,5,0,0,0,8,99,1,-8.300000190734863,0.0,31.447452545166016,28.40812110900879,1.5,0,99,-1.0,0.0,0.0,0,0,0
1780579168.4040642,0,0.3499999940395355,0,0,294,900,423158243,60,77,0.0,0.0,26.497343063354492,28.561870574951172,1,0,0.6000000238418579,0,0,0,0,0,5,0,0,0,8,99,1,-8.300000190734863,0.0,31.281618118286133,28.40812110900879,1.5,0,99,-1.0,0.0,0.0,0,0,0
1780579168.4243982,0,0.3499999940395355,0,0,294,900,423158243,60,77,0.0,0.0,26.497343063354492,28.561870574951172,1,0,0.6000000238418579,0,0,0,0,0,5,0,0,0,8,99,1,-8.300000190734863,0.0,31.11528205871582,28.40812110900879,1.5,0,99,0.0,0.0,0.0,0,0,0
1780579168.445594,0,0.3499999940395355,0,0,294,900,423158243,60,77,0.0,0.0,26.497343063354492,28.561870574951172,1,0,0.6000000238418579,0,0,0,0,0,5,0,0,0,8,99,1,-8.300000190734863,0.0,30.949447631835938,28.40812110900879,1.5,0,99,0.0,0.0,0.0,0,0,0
1780579168.4661307,0,0.3499999940395355,0,0,294,900,423158243,60,77,0.0,0.0,26.497343063354492,28.561870574951172,1,0,0.6000000238418579,0,0,0,0,0,5,0,0,0,8,99,1,0.0,0.0,30.93749237060547,28.40812110900879,1.5,0,99,0.0,0.0,0.0,0,0,0
1780579168.4863327,0,0.3499999940395355,0,0,294,900,423158243,60,77,0.0,0.0,26.497343063354492,28.561870574951172,1,0,0.6000000238418579,0,0,0,0,0,5,0,0,0,8,99,1,0.0,0.0,30.93749237060547,28.40812110900879,1.5,0,99,0.0,0.0,0.0,0,0,0
1780579168.5058053,0,0.3499999940395355,0,0,294,900,423158243,60,77,0.0,0.0,26.497343063354492,28.561870574951172,1,0,0.6000000238418579,0,0,0,0,0,5,0,0,0,8,99,1,0.0,0.0,30.93749237060547,28.40812110900879,1.5,0,99,0.0,0.0,0.0,0,0,0
1780579168.525378,0,0.3499999940395355,0,0,294,900,423158243,60,77,0.0,0.0,26.497343063354492,28.561870574951172,1,0,0.6000000238418579,0,0,0,0,0,5,0,0,0,8,99,1,0.0,0.0,30.93749237060547,28.40812110900879,1.5,0,99,0.0,0.0,0.0,0,0,0
1780579168.54478,0,0.3499999940395355,0,0,294,900,423158243,60,77,0.0,0.0,26.497343063354492,28.561870574951172,1,0,0.6000000238418579,0,0,0,0,0,5,0,0,0,8,99,1,0.0,0.0,30.93749237060547,28.40812110900879,1.5,0,99,0.0,0.0,0.0,0,0,0
1780579168.5640855,0,0.3499999940395355,0,0,294,900,423158243,60,77,0.0,0.0,26.497343063354492,28.561870574951172,1,0,0.6000000238418579,0,0,0,0,0,5,0,0,0,8,99,1,0.0,0.0,30.93749237060547,28.408123016357422,1.5,0,99,0.0,0.0,0.0,0,0,0
1780579168.5843108,0,0.3499999940395355,0,0,294,900,423158243,60,77,0.0,0.0,26.497343063354492,28.561870574951172,1,0,0.6000000238418579,0,0,0,0,0,5,0,0,0,8,99,1,0.0,0.0,30.93749237060547,28.40812110900879,1.5,0,99,0.0,0.0,0.0,0,0,0
1780579168.6041355,0,0.3499999940395355,0,0,294,900,423158243,60,77,0.0,0.0,26.497343063354492,28.561870574951172,1,0,0.6000000238418579,0,0,0,0,0,5,0,0,0,8,99,1,0.0,0.0,30.93749237060547,28.40812110900879,1.5,0,99,0.0,0.0,0.0,0,0,0
1780579168.6243775,0,0.3499999940395355,0,0,294,900,423158243,60,77,0.0,0.0,26.497343063354492,28.561870574951172,1,0,0.6000000238418579,0,0,0,0,0,5,0,0,0,8,99,1,0.0,0.0,30.93749237060547,28.40812110900879,1.5,0,99,-1.0,0.0,0.0,0,0,0
1780579168.6444077,0,0.3499999940395355,0,0,294,900,423158243,60,77,0.0,0.0,26.497343063354492,28.561870574951172,1,0,0.6000000238418579,0,0,0,0,0,5,0,0,0,8,99,1,0.0,0.0,30.93749237060547,28.40812110900879,1.5,0,99,-1.0,0.0,0.0,0,0,0
1780579168.664526,0,0.3499999940395355,0,0,294,900,423158243,60,77,0.0,0.0,26.497343063354492,28.561870574951172,1,0,0.6000000238418579,0,0,0,0,0,5,0,0,0,8,99,1,-8.300000190734863,0.0,30.782575607299805,28.40812110900879,1.5,0,99,-1.0,0.0,0.0,0,0,0
1780579168.683973,0,0.3499999940395355,0,0,294,900,423158243,60,77,0.0,0.0,26.497343063354492,28.561870574951172,1,0,0.6000000238418579,0,0,0,0,0,5,0,0,0,8,99,1,-8.300000190734863,0.0,30.616741180419922,28.40812110900879,1.5,0,99,-1.0,0.0,0.0,1,0,0
1780579168.7042713,0,0.3499999940395355,0,0,294,900,423158243,60,77,0.0,0.0,26.497343063354492,28.561870574951172,1,0,0.6000000238418579,0,0,0,0,0,5,0,0,1,8,99,1,-8.300000190734863,0.0,30.45090675354004,28.40812110900879,1.5,0,99,-1.0,0.0,0.0,1,0,0
1780579168.7243276,0,0.3499999940395355,0,0,294,900,423158243,60,77,0.0,0.0,26.497343063354492,28.561870574951172,1,0,0.6000000238418579,0,0,0,0,0,5,0,0,1,8,99,0,-8.300000190734863,15.70199966430664,30.285072326660156,28.70024871826172,1.5,0,99,-1.0,0.0,0.0,1,0,0
1780579168.7443318,0,0.3499999940395355,0,0,294,900,423158243,60,77,0.0,0.0,26.497343063354492,28.561870574951172,1,0,0.6000000238418579,0,0,0,0,0,5,0,0,1,8,99,0,-8.300000190734863,15.70199966430664,30.119237899780273,29.013975143432617,1.5,0,99,-1.0,0.0,0.0,1,0,0
1780579168.7655869,0,0.3499999940395355,0,0,294,900,423158243,60,77,0.0,0.0,26.497343063354492,28.561870574951172,1,0,0.6000000238418579,0,0,0,0,0,5,0,0,1,8,99,0,-8.300000190734863,15.70199966430664,29.95305824279785,29.328357696533203,1.5,0,99,-1.0,0.0,0.0,1,0,0
1780579168.7852168,0,0.3499999940395355,0,0,294,900,423158243,60,77,0.0,0.0,26.497343063354492,28.561870574951172,1,0,0.6000000238418579,0,0,0,0,0,5,0,0,1,8,99,0,-8.300000190734863,15.70199966430664,29.787221908569336,29.642080307006836,1.5,0,99,-1.0,0.0,0.0,1,0,0
1780579168.8044503,0,0.3499999940395355,0,0,294,900,423158243,60,77,0.0,0.0,26.497343063354492,28.561870574951172,1,0,0.6000000238418579,0,0,0,0,0,5,0,0,1,8,99,0,-8.300000190734863,15.70199966430664,29.621387481689453,29.955808639526367,1.5,0,99,-1.0,0.0,0.0,1,0,0
1780579168.8237886,0,0.3499999940395355,0,0,294,900,423158243,60,77,0.0,0.0,26.497343063354492,28.561870574951172,1,0,0.6000000238418579,0,0,0,0,0,5,0,0,1,8,99,0,-8.300000190734863,15.70199966430664,29.455554962158203,30.269533157348633,1.5,0,99,-1.0,0.0,0.0,1,0,0
1780579168.8441288,0,0.3499999940395355,0,0,294,900,423158243,60,77,0.0,0.0,26.497343063354492,28.561870574951172,1,0,0.6000000238418579,0,0,0,0,0,5,0,0,1,8,99,0,-8.300000190734863,15.70199966430664,29.289718627929688,30.5832576751709,1.5,0,99,-1.0,0.0,0.0,1,0,0
1780579168.8641744,0,0.3499999940395355,0,0,294,900,423158243,60,77,0.0,0.0,26.497343063354492,28.561870574951172,1,0,0.6000000238418579,0,0,0,0,0,5,0,0,1,8,99,0,-8.300000190734863,15.70199966430664,29.123178482055664,30.898319244384766,1.5,0,99,-1.0,0.0,0.0,1,0,0
1780579168.8844156,0,0.3499999940395355,0,0,294,900,423158243,60,77,0.0,0.0,26.497343063354492,28.561870574951172,1,0,0.6000000238418579,0,0,0,0,0,5,0,0,1,8,99,0,-8.300000190734863,15.70199966430664,28.957151412963867,31.2124080657959,1.5,0,99,-1.0,0.0,0.0,1,0,0
1780579168.9040182,0,0.3499999940395355,0,0,294,900,423158243,60,77,0.0,0.0,26.497343063354492,28.561870574951172,1,0,0.6000000238418579,0,0,0,0,0,5,0,0,1,8,99,0,-8.300000190734863,15.70199966430664,28.790864944458008,31.526988983154297,1.5,0,99,-1.0,0.0,0.0,1,0,0
1780579168.924155,0,0.3499999940395355,0,0,294,900,423158243,60,77,0.0,0.0,26.497343063354492,28.561870574951172,1,0,0.6000000238418579,0,0,0,0,0,5,0,0,0,8,99,0,-8.300000190734863,14.753999710083008,28.625030517578125,31.823074340820312,1.5,0,99,-1.0,0.0,0.0,1,0,0
1780579168.9443023,0,0.3499999940395355,0,0,294,900,423158243,60,77,0.0,0.0,26.497343063354492,28.561870574951172,1,0,0.6000000238418579,0,0,0,0,0,5,0,0,0,8,99,0,-8.300000190734863,13.805999755859375,28.459196090698242,32.10023498535156,1.5,0,99,-1.0,0.0,0.0,1,0,0
1780579168.9642074,0,0.3499999940395355,0,0,294,900,423158243,60,77,0.0,0.0,26.497343063354492,28.561870574951172,1,0,0.6000000238418579,0,0,0,0,0,5,0,0,0,8,99,0,-8.300000190734863,12.857999801635742,28.29247283935547,32.35985565185547,1.5,0,99,-1.0,-1.0,0.0,1,0,0
1780579168.984151,0,0.3499999940395355,0,0,294,900,423158243,60,77,0.0,0.0,26.497343063354492,28.561870574951172,1,0,0.6000000238418579,0,0,0,0,0,5,0,0,0,8,99,0,-8.300000190734863,11.90999984741211,28.126638412475586,32.59907150268555,1.5,0,99,-1.0,-1.0,0.0,1,0,0
1780579169.0042634,0,0.3499999940395355,0,0,294,900,423158243,60,77,0.0,0.0,26.497343063354492,28.561870574951172,1,0,0.6000000238418579,0,0,0,0,0,5,0,0,0,8,99,0,-8.300000190734863,10.961999893188477,27.960803985595703,32.819366455078125,1.5,0,99,-1.0,-1.0,0.0,1,0,0
1780579169.0246184,0,0.3499999940395355,0,0,294,900,423158243,60,77,0.0,0.0,26.497343063354492,28.561870574951172,1,0,0.6000000238418579,0,0,0,0,0,5,0,0,0,8,99,0,-8.300000190734863,10.013999938964844,27.79496955871582,33.02073669433594,1.5,0,99,-1.0,-1.0,0.0,1,0,0
1780579169.0438821,0,0.3499999940395355,0,0,294,900,423158243,60,77,0.0,0.0,26.497343063354492,28.561870574951172,1,0,0.6000000238418579,0,0,0,0,0,5,0,0,0,8,99,0,-8.300000190734863,9.065999984741211,27.629135131835938,33.20318603515625,1.5,0,99,-1.0,-1.0,0.0,0,0,0
1780579169.0637693,0,0.3499999940395355,0,0,294,900,423158243,60,77,0.0,0.0,26.497343063354492,28.561870574951172,1,0,0.6000000238418579,0,0,0,0,0,5,0,0,0,8,99,0,-8.300000190734863,0.0,27.463300704956055,33.36671829223633,1.5,0,99,-1.0,-1.0,0.0,0,0,0
1780579169.0845013,0,0.3499999940395355,0,0,294,900,423158243,60,77,0.0,0.0,26.497343063354492,28.561870574951172,1,0,0.6000000238418579,0,0,0,1,0,5,0,0,0,8,99,0,-8.300000190734863,-0.9479996562004089,27.297466278076172,33.36068344116211,1.5,0,99,-1.0,-1.0,0.0,0,0,0
1780579169.104196,0,0.3499999940395355,0,0,294,900,423158243,60,77,0.0,0.0,26.497343063354492,28.561870574951172,1,0,0.6000000238418579,0,0,0,1,0,5,0,0,0,8,99,0,-8.300000190734863,-1.8959993124008179,27.131345748901367,33.32410430908203,1.5,0,99,-1.0,-1.0,0.0,0,1,0
1780579169.124476,0,0.3499999940395355,0,0,294,900,423158243,60,77,0.0,0.0,26.497343063354492,28.561870574951172,1,0,0.6000000238418579,0,0,0,1,0,5,0,0,0,8,99,0,-8.300000190734863,-2.843998908996582,26.965381622314453,33.268592834472656,1.5,0,99,-1.0,-1.0,0.0,0,1,0
1780579169.144321,0,0.3499999940395355,0,0,294,900,423158243,60,77,0.0,0.0,26.497343063354492,28.561870574951172,1,0,0.6000000238418579,0,0,0,1,0,5,0,0,0,8,99,0,-8.300000190734863,-3.7919986248016357,26.79954719543457,33.19418716430664,1.5,0,99,-1.0,-1.0,0.0,0,1,0
1780579169.1642847,0,0.3499999940395355,0,0,294,900,423158243,60,77,0.0,0.0,26.497343063354492,28.561870574951172,1,0,0.6000000238418579,0,0,0,1,0,5,0,0,0,8,99,0,0.0,-4.7399983406066895,26.78748321533203,33.10041427612305,1.5,0,99,-1.0,-1.0,0.0,0,1,0
1780579169.1839833,0,0.3499999940395355,0,0,294,900,423158243,60,77,0.0,0.0,26.497343063354492,28.561870574951172,1,0,0.6000000238418579,0,0,0,1,0,5,0,0,0,8,99,0,0.0,-5.687997817993164,26.78748321533203,32.98807907104492,1.5,0,99,0.0,-1.0,0.0,0,1,0
1780579169.203937,0,0.3499999940395355,0,0,294,900,423158243,60,77,0.0,0.0,26.497343063354492,28.561870574951172,1,0,0.6000000238418579,0,0,0,1,0,5,0,0,0,8,99,0,0.0,-6.635997295379639,26.78748321533203,32.85681915283203,1.5,0,99,0.0,-1.0,0.0,0,0,0
1780579169.224326,0,0.3499999940395355,0,0,294,900,423158243,60,77,0.0,0.0,26.497343063354492,28.561870574951172,1,0,0.6000000238418579,0,0,0,1,0,5,0,0,0,8,99,0,0.0,-7.583996772766113,26.78748321533203,32.706634521484375,1.5,0,99,0.0,-1.0,0.0,0,0,0
1780579169.2444155,0,0.3499999940395355,0,0,294,900,423158243,60,77,0.0,0.0,26.497343063354492,28.561870574951172,0,0,0.6000000238418579,0,0,0,0,0,5,0,0,0,8,99,0,0.0,0.0,26.78748321533203,32.536712646484375,1.5,0,99,0.0,-1.0,0.0,0,0,0
1780579169.2640414,0,0.3499999940395355,0,0,294,900,423158243,60,77,0.0,0.0,26.497343063354492,28.561870574951172,0,0,0.6000000238418579,0,0,0,0,0,5,0,0,0,8,99,0,0.0,0.0,26.78748321533203,32.52507781982422,1.5,0,99,0.0,0.0,0.0,0,0,0
1780579169.2845373,0,0.3499999940395355,0,0,294,900,423158243,60,77,0.0,0.0,26.497343063354492,28.561870574951172,0,0,0.6000000238418579,0,0,0,0,0,5,0,0,0,8,99,0,0.0,0.0,26.78748321533203,32.52507781982422,1.5,0,99,0.0,0.0,0.0,0,0,0
1780579169.3041186,0,0.3499999940395355,0,0,294,900,423158243,60,77,0.0,0.0,26.497343063354492,28.561870574951172,0,0,0.6000000238418579,0,0,0,0,0,5,0,0,0,8,99,0,0.0,0.0,26.78748321533203,32.52507781982422,1.5,0,99,0.0,0.0,0.0,0,0,0
1780579169.323761,0,0.3499999940395355,0,0,294,900,423158243,60,77,0.0,0.0,26.497343063354492,28.561870574951172,0,0,0.6000000238418579,0,0,0,0,0,5,0,0,0,8,99,0,0.0,0.0,26.78748321533203,32.52507781982422,1.5,0,99,0.0,0.0,0.0,0,0,0
1780579169.3443658,0,0.3499999940395355,0,0,294,900,423158243,60,77,0.0,0.0,26.497343063354492,28.561870574951172,0,0,0.6000000238418579,0,0,0,0,0,5,0,0,0,8,99,0,0.0,0.0,26.78748321533203,32.52507781982422,1.5,0,99,0.0,0.0,0.0,0,0,0
1780579169.363907,0,0.3499999940395355,0,0,294,900,423158243,60,77,0.0,0.0,26.497343063354492,28.561870574951172,0,0,0.6000000238418579,0,0,0,0,0,5,0,0,0,8,99,0,0.0,0.0,26.78748321533203,32.52507781982422,1.5,0,99,0.0,0.0,0.0,0,0,0
1780579169.38404,0,0.3499999940395355,0,0,294,900,423158243,60,77,0.0,0.0,26.497343063354492,28.561870574951172,0,0,0.6000000238418579,0,0,0,0,0,5,0,0,0,8,99,0,0.0,0.0,26.78748321533203,32.52507781982422,1.5,0,99,0.0,0.0,0.0,0,0,0
1780579169.4041932,0,0.3499999940395355,0,0,294,900,423158243,60,77,0.0,0.0,26.497343063354492,28.561870574951172,0,0,0.6000000238418579,0,0,0,0,0,5,0,0,0,8,99,0,0.0,0.0,26.78748321533203,32.52507781982422,1.5,0,99,0.0,0.0,0.0,0,0,0
1780579169.4241736,0,0.3499999940395355,0,0,294,900,423158243,60,77,0.0,0.0,26.497343063354492,28.561870574951172,0,0,0.6000000238418579,0,0,0,0,0,5,0,0,0,8,99,0,0.0,0.0,26.78748321533203,32.52507781982422,1.5,0,99,0.0,0.0,0.0,0,0,0
1780579169.4439287,0,0.3499999940395355,0,0,294,900,423158243,60,77,0.0,0.0,26.497343063354492,28.561870574951172,0,0,0.6000000238418579,0,0,0,0,0,5,0,0,0,8,99,0,0.0,0.0,26.78748321533203,32.52507781982422,1.5,0,99,0.0,0.0,0.0,0,0,0
1780579169.4635863,0,0.3499999940395355,0,0,294,900,423158243,60,77,0.0,0.0,26.497343063354492,28.561870574951172,0,0,0.6000000238418579,0,0,0,0,0,5,0,0,0,8,99,0,0.0,0.0,26.78748321533203,32.52507781982422,1.5,0,99,0.0,0.0,0.0,0,0,0
1780579169.4842014,0,0.3499999940395355,0,0,294,900,423158243,60,77,0.0,0.0,26.497343063354492,28.561870574951172,0,0,0.6000000238418579,0,0,0,1,0,5,0,0,0,8,99,0,0.0,-50.0,26.78748321533203,32.52507781982422,1.5,0,66,0.0,0.0,0.0,0,0,0
1780579169.5044892,0,0.3499999940395355,0,0,294,900,423158243,60,77,0.0,0.0,26.497343063354492,28.561870574951172,0,0,0.6000000238418579,0,0,0,1,0,5,0,0,0,8,99,0,0.0,-50.0,26.78748321533203,31.589231491088867,1.5,0,66,0.0,0.0,0.0,0,0,0
1780579169.5240567,0,0.3499999940395355,0,0,279,900,423158243,7,77,0.0,0.0,26.497343063354492,28.561870574951172,0,0,0.6000000238418579,0,0,0,1,0,5,0,0,0,8,99,0,0.0,-50.0,26.78748321533203,30.586795806884766,1.5,0,66,0.0,0.0,0.0,0,0,0
1780579169.5441568,0,0.3499999940395355,0,0,279,900,423158243,7,77,0.0,0.0,26.497343063354492,28.561870574951172,0,0,0.6000000238418579,0,0,0,1,0,5,0,0,0,8,99,0,0.0,-50.0,26.78748321533203,29.58779525756836,1.5,0,66,0.0,0.0,0.0,0,0,0
1780579169.564138,0,0.3499999940395355,0,0,279,900,423158243,7,77,0.0,0.0,26.497343063354492,28.561870574951172,0,0,0.6000000238418579,0,0,0,1,0,5,0,0,0,8,99,0,0.0,-50.0,26.78748321533203,28.58879280090332,1.5,0,66,0.0,0.0,0.0,0,0,0
1780579169.5844135,0,0.3499999940395355,0,0,279,900,423158243,7,77,0.0,0.0,26.497343063354492,28.561870574951172,0,0,0.6000000238418579,0,0,0,0,0,5,0,0,0,8,99,1,0.0,0.0,26.78748321533203,28.41565704345703,1.5,0,66,0.0,0.0,0.0,0,0,0
1780579169.603749,0,0.3499999940395355,0,0,279,900,423158243,7,77,0.0,0.0,26.497343063354492,28.561870574951172,0,0,0.6000000238418579,0,0,0,0,0,5,0,0,0,8,99,1,0.0,0.0,26.78748321533203,28.408100128173828,1.5,0,66,0.0,0.0,0.0,0,0,0
1780579169.6241674,0,0.3499999940395355,0,0,279,900,423158243,7,77,0.0,0.0,26.497343063354492,28.561870574951172,0,0,0.6000000238418579,0,0,0,0,0,5,0,0,0,8,99,1,0.0,0.0,26.78748321533203,28.408109664916992,1.5,0,66,0.0,0.0,0.0,0,0,0
1780579169.6443245,0,0.3499999940395355,0,0,279,900,423158243,7,77,0.0,0.0,26.497343063354492,28.561870574951172,0,0,0.6000000238418579,0,0,0,0,0,5,0,0,0,8,99,1,0.0,0.0,26.78748321533203,28.408113479614258,1.5,0,66,0.0,0.0,0.0,0,0,0
1780579169.6644175,0,0.3499999940395355,0,0,279,900,423158243,7,77,0.0,0.0,26.497343063354492,28.561870574951172,0,0,0.6000000238418579,0,0,0,0,0,5,0,0,0,8,99,1,0.0,0.0,26.78748321533203,28.408117294311523,1.5,0,66,0.0,0.0,0.0,0,0,0
1780579169.6840549,0,0.3499999940395355,0,0,279,900,423158243,7,77,0.0,0.0,26.497343063354492,28.561870574951172,0,0,0.6000000238418579,0,0,0,0,0,5,0,0,0,8,99,1,0.0,0.0,26.78748321533203,28.40812110900879,1.5,0,66,0.0,0.0,0.0,0,0,0
1780579169.7038617,0,0.3499999940395355,0,0,279,900,423158243,7,77,0.0,0.0,26.497343063354492,28.561870574951172,0,0,0.6000000238418579,0,0,0,0,0,5,0,0,0,8,99,1,0.0,0.0,26.78748321533203,28.40812110900879,1.5,0,66,0.0,0.0,0.0,0,0,0
1780579169.7240179,0,0.3499999940395355,0,0,244,900,423158243,7,77,0.0,0.0,26.497343063354492,28.561870574951172,0,0,0.6000000238418579,0,0,0,0,0,5,0,0,0,8,99,1,0.0,0.0,26.78748321533203,28.40812110900879,1.5,0,66,0.0,0.0,0.0,0,0,0
1780579169.7444034,0,0.3499999940395355,0,0,244,900,423158243,7,77,0.0,0.0,25.897342681884766,28.561870574951172,0,0,0.6000000238418579,0,0,0,0,0,5,0,0,0,8,99,1,0.0,0.0,26.78748321533203,28.40812110900879,1.5,0,66,0.0,0.0,0.0,0,0,0
1780579169.763999,0,0.3499999940395355,0,0,244,900,423158243,7,77,0.0,0.0,25.29734230041504,28.561870574951172,0,0,0.6000000238418579,0,0,0,0,0,5,0,0,0,8,99,1,0.0,0.0,26.78748321533203,28.40812110900879,1.5,0,66,0.0,0.0,0.0,0,0,0
1780579169.784505,0,0.3499999940395355,0,0,244,900,423158243,7,77,0.0,0.0,24.697341918945312,28.561870574951172,0,0,0.6000000238418579,0,0,0,0,0,5,0,0,0,8,99,1,0.0,0.0,26.78748321533203,28.40812110900879,1.5,0,66,0.0,0.0,0.0,0,0,0
1780579169.8044543,0,0.3499999940395355,0,0,244,900,423158243,7,77,0.0,0.0,24.097341537475586,28.561870574951172,0,0,0.6000000238418579,0,0,0,0,0,5,0,0,0,8,99,1,0.0,0.0,26.78748321533203,28.40812110900879,1.5,0,66,0.0,0.0,0.0,0,0,0
1780579169.8236403,0,0.3499999940395355,0,0,244,900,423158243,7,77,0.0,0.0,23.49734115600586,28.561870574951172,0,0,0.6000000238418579,0,0,0,0,0,5,0,0,0,8,99,1,0.0,0.0,26.78748321533203,28.40812110900879,1.5,0,66,0.0,0.0,0.0,0,0,0
1780579169.8442078,0,0.3499999940395355,0,0,244,900,423158243,9,77,11.139909744262695,41.0,22.897340774536133,28.561870574951172,0,0,0.6000000238418579,0,0,0,0,0,5,0,0,0,8,99,1,0.0,0.0,26.78748321533203,28.408123016357422,1.5,0,66,0.0,0.0,0.0,0,0,0
1780579169.8645253,0,0.3499999940395355,0,0,244,900,423158243,10,77,11.139909744262695,39.20000076293945,22.520137786865234,29.345870971679688,0,0,0.6000000238418579,0,0,0,0,0,5,0,0,0,8,99,1,0.0,0.0,26.78748321533203,28.40812110900879,1.5,0,66,0.0,0.0,0.0,0,0,0
1780579169.8838098,0,0.3499999940395355,0,0,244,900,423158243,10,77,11.139909744262695,37.400001525878906,22.142934799194336,30.093870162963867,0,0,0.6000000238418579,0,0,0,0,0,5,0,0,0,8,99,1,0.0,0.0,26.78748321533203,28.40812110900879,1.5,0,66,0.0,0.0,0.0,0,0,0
1780579169.904313,0,0.3499999940395355,0,0,244,900,423158243,10,77,11.139909744262695,35.60000228881836,22.365732192993164,30.805870056152344,0,0,0.6000000238418579,0,0,0,0,0,5,0,0,0,8,99,1,0.0,0.0,26.78748321533203,28.40812110900879,1.5,0,66,0.0,0.0,0.0,0,0,0
1780579169.9242442,0,0.3499999940395355,0,0,244,900,423158243,10,77,11.139909744262695,33.80000305175781,22.588529586791992,31.481870651245117,0,0,0.6000000238418579,0,0,0,0,0,5,0,0,0,8,99,1,0.0,0.0,26.78748321533203,28.40812110900879,1.5,0,66,0.0,0.0,0.0,0,0,0
1780579169.944501,0,0.3499999940395355,0,0,244,900,423158243,10,77,11.139909744262695,32.000003814697266,22.81132698059082,32.12186813354492,0,0,0.6000000238418579,0,0,0,0,0,5,0,0,0,8,99,1,0.0,0.0,26.78748321533203,28.40812110900879,1.5,0,66,0.0,0.0,0.0,0,0,0
1780579169.9637275,0,0.3499999940395355,0,0,244,900,423158243,10,77,11.139909744262695,30.20000457763672,23.03412437438965,32.725868225097656,0,0,0.6000000238418579,0,0,0,0,0,5,0,0,0,8,99,1,0.0,0.0,26.78748321533203,28.40812110900879,1.5,0,66,0.0,0.0,0.0,0,0,0
1780579169.9844286,0,0.3499999940395355,0,0,244,900,423158243,10,77,11.139909744262695,28.400005340576172,23.256921768188477,33.29386901855469,0,0,0.6000000238418579,0,0,0,0,0,5,0,0,0,8,99,1,0.0,0.0,26.78748321533203,28.40812110900879,1.5,0,66,0.0,0.0,0.0,0,0,0
1780579170.0043173,0,0.3499999940395355,0,0,244,900,423158243,10,77,11.139909744262695,26.600006103515625,23.479719161987305,33.825870513916016,0,0,0.6000000238418579,0,0,0,0,0,5,0,0,0,8,99,1,0.0,0.0,26.78748321533203,28.40812110900879,1.5,0,66,0.0,0.0,0.0,0,0,0
1780579170.0240088,0,0.3499999940395355,0,0,244,900,423158243,10,77,11.139909744262695,24.800006866455078,23.702516555786133,34.321868896484375,0,0,0.6000000238418579,0,0,0,0,0,5,0,0,0,8,99,1,0.0,0.0,26.78748321533203,28.40812110900879,1.5,0,66,0.0,0.0,0.0,0,0,0
1780579170.0437632,0,0.3499999940395355,0,0,229,900,423158243,10,77,11.139909744262695,23.00000762939453,23.92531394958496,34.78186798095703,0,0,0.6000000238418579,0,0,0,0,0,5,0,0,0,8,99,1,0.0,0.0,26.78748321533203,28.40812110900879,1.5,0,66,0.0,0.0,0.0,0,0,0
1780579170.063952,0,0.3499999940395355,0,0,229,900,423158243,10,77,11.139909744262695,21.200008392333984,23.548110961914062,35.205867767333984,0,0,0.6000000238418579,0,0,0,0,0,5,0,0,0,8,99,1,0.0,0.0,26.78748321533203,28.40812110900879,1.5,0,66,0.0,0.0,0.0,0,0,0
1780579170.0842729,0,0.3499999940395355,0,0,229,900,423158243,10,77,11.139909744262695,19.400009155273438,23.170907974243164,35.593868255615234,0,0,0.6000000238418579,0,0,0,0,0,5,0,0,0,8,99,1,0.0,0.0,26.78748321533203,28.40812110900879,1.5,0,66,0.0,0.0,0.0,0,0,0
1780579170.1036005,0,0.3499999940395355,0,0,229,900,423158243,10,77,11.139909744262695,17.60000991821289,22.793704986572266,35.94586944580078,0,0,0.6000000238418579,0,0,0,0,0,5,0,0,0,8,99,1,0.0,0.0,26.78748321533203,28.40812110900879,1.5,0,66,0.0,0.0,0.0,0,0,0
1780579170.1243198,0,0.3499999940395355,0,0,229,900,423158243,10,77,11.139909744262695,15.800010681152344,22.416501998901367,36.261871337890625,0,0,0.6000000238418579,0,0,0,0,0,5,0,0,0,8,99,1,0.0,0.0,26.78748321533203,28.40812110900879,1.5,0,66,0.0,0.0,0.0,0,0,0
1780579170.1440978,0,0.3499999940395355,0,0,229,900,423158243,10,77,11.139909744262695,14.000011444091797,22.03929901123047,36.5418701171875,0,0,0.6000000238418579,0,0,0,0,0,5,0,0,0,8,99,1,0.0,0.0,26.78748321533203,28.40812110900879,1.5,0,66,0.0,0.0,0.0,0,0,0
1780579170.1643114,0,0.3499999940395355,0,0,229,900,423158243,10,77,11.139909744262695,12.20001220703125,21.66209602355957,36.78586959838867,0,0,0.6000000238418579,0,0,0,0,0,5,0,0,0,8,99,1,0.0,0.0,26.78748321533203,28.40812110900879,1.5,0,66,0.0,0.0,0.0,0,0,0
1780579170.1839526,0,0.3499999940395355,0,0,229,900,423158243,10,77,11.139909744262695,10.400012969970703,21.284893035888672,36.99386978149414,0,0,0.6000000238418579,0,0,0,0,0,5,0,0,0,8,99,1,0.0,0.0,26.78748321533203,28.40812110900879,1.5,0,66,0.0,0.0,0.0,0,0,0
1780579170.2044368,0,0.3499999940395355,0,0,229,900,423158243,10,77,11.139909744262695,8.600013732910156,20.907690048217773,37.165870666503906,0,0,0.6000000238418579,0,0,0,0,0,5,0,0,0,8,99,1,0.0,0.0,26.78748321533203,28.40812110900879,1.5,0,66,0.0,0.0,0.0,0,0,0
1780579170.224421,0,0.3499999940395355,0,0,229,900,423158243,10,77,11.139909744262695,6.800014495849609,21.1304874420166,37.30187225341797,0,0,0.6000000238418579,0,0,0,0,0,5,0,0,0,8,99,1,0.0,0.0,26.78748321533203,28.40812110900879,1.5,0,66,0.0,0.0,0.0,0,0,0
1780579170.2438598,0,0.3499999940395355,0,0,229,900,423158243,10,77,11.139909744262695,5.0000152587890625,21.35328483581543,37.40187072753906,0,0,0.6000000238418579,0,0,0,0,0,5,0,0,0,8,99,1,0.0,0.0,26.78748321533203,28.40812110900879,1.5,0,66,0.0,0.0,0.0,0,0,0
1780579170.2641842,0,0.3499999940395355,0,0,229,900,423158243,10,77,11.139909744262695,3.2000160217285156,21.576082229614258,37.46586990356445,0,0,0.6000000238418579,0,0,0,0,0,5,0,0,0,8,99,1,0.0,0.0,26.78748321533203,28.40812110900879,1.5,0,66,0.0,0.0,0.0,0,0,0
1780579170.2844772,0,0.3499999940395355,0,0,229,900,423158243,10,77,11.139909744262695,1.4000167846679688,21.798879623413086,37.49386978149414,1,0,0.6000000238418579,0,0,0,0,0,5,0,0,0,8,99,1,0.0,0.0,26.78748321533203,28.40812110900879,1.5,0,66,0.0,0.0,0.0,0,0,0
1780579170.3041468,0,0.3499999940395355,0,0,229,900,423158243,10,77,11.139909744262695,-0.3999824523925781,22.021677017211914,37.485870361328125,1,0,0.6000000238418579,0,0,0,0,0,5,0,0,0,8,99,1,0.0,0.0,26.78748321533203,28.40812110900879,1.5,0,66,0.0,0.0,0.0,0,0,0
1780579170.3239906,0,0.3499999940395355,0,0,229,900,423158243,10,77,11.139909744262695,-2.199981689453125,22.244474411010742,37.441871643066406,1,0,0.6000000238418579,0,0,0,0,0,5,0,0,0,8,99,1,0.0,0.0,26.78748321533203,28.40812110900879,1.5,0,66,0.0,0.0,0.0,0,0,0
1780579170.3438945,0,0.3499999940395355,0,0,229,900,423158243,10,77,11.139909744262695,-3.999980926513672,22.46727180480957,37.361873626708984,1,0,0.6000000238418579,0,0,0,0,0,5,0,0,0,8,99,1,0.0,0.0,26.78748321533203,28.40812110900879,1.5,0,66,0.0,0.0,0.0,0,0,0
1780579170.3641078,0,0.3499999940395355,0,0,229,900,423158243,10,77,11.139909744262695,-5.799980163574219,22.6900691986084,37.245872497558594,1,0,0.6000000238418579,0,0,0,0,0,5,0,0,0,8,99,1,0.0,0.0,26.78748321533203,28.40812110900879,1.5,0,66,0.0,0.0,0.0,0,0,0
1780579170.384078,0,0.3499999940395355,0,0,229,900,423158243,10,77,11.139909744262695,-7.599979400634766,22.912866592407227,37.0938720703125,1,0,0.6000000238418579,0,0,0,0,0,5,0,0,0,8,99,1,0.0,0.0,26.78748321533203,28.40812110900879,1.5,0,66,0.0,0.0,0.0,0,0,0
1780579170.404145,0,0.3499999940395355,0,0,229,900,423158243,10,77,11.139909744262695,-9.399978637695312,23.135663986206055,36.9058723449707,1,0,0.6000000238418579,0,0,0,0,0,5,0,0,0,8,99,1,0.0,0.0,26.78748321533203,28.40812110900879,1.5,0,66,0.0,0.0,0.0,0,0,0
1780579170.4242957,0,0.3499999940395355,0,0,229,900,423158243,10,77,11.139909744262695,-11.19997787475586,23.358461380004883,36.6818733215332,1,0,0.6000000238418579,0,0,0,0,0,5,0,0,0,8,99,1,0.0,0.0,26.78748321533203,28.40812110900879,1.5,0,66,0.0,0.0,0.0,0,0,0
1780579170.4440658,0,0.3499999940395355,0,0,229,900,423158243,10,77,11.139909744262695,-12.999977111816406,23.58125877380371,36.421875,1,0,0.6000000238418579,0,0,0,0,0,5,0,0,0,8,99,1,0.0,0.0,26.78748321533203,28.40812110900879,1.5,0,66,0.0,0.0,0.0,0,0,0
1780579170.4642847,0,0.3499999940395355,0,0,229,900,423158243,10,77,11.139909744262695,-14.799976348876953,23.80405616760254,36.125877380371094,1,0,0.6000000238418579,0,0,0,0,0,5,0,0,0,8,99,1,0.0,0.0,26.78748321533203,28.40812110900879,1.5,0,66,0.0,0.0,0.0,0,0,0
1780579170.4838927,0,0.3499999940395355,0,0,229,900,423158243,10,77,11.139909744262695,-16.5999755859375,24.026853561401367,35.79387664794922,1,0,0.6000000238418579,0,0,0,0,0,5,0,0,0,8,99,1,0.0,0.0,26.78748321533203,28.40812110900879,1.5,0,68,0.0,0.0,0.0,0,0,0
1780579170.5037506,0,0.3499999940395355,0,0,229,900,423158243,10,77,11.139909744262695,-18.399974822998047,24.249650955200195,35.42587661743164,1,0,0.6000000238418579,0,0,0,0,0,5,0,0,0,8,99,1,0.0,0.0,26.78748321533203,28.40812110900879,1.5,0,70,0.0,0.0,0.0,0,0,0
1780579170.5243008,0,0.3499999940395355,0,0,229,900,423158243,10,77,11.139909744262695,-20.199974060058594,24.472448348999023,35.02187728881836,1,0,0.6000000238418579,0,0,0,0,0,5,0,0,0,8,99,1,0.0,0.0,26.78748321533203,28.40812110900879,1.5,0,72,0.0,0.0,0.0,0,0,0
1780579170.54393,0,0.3499999940395355,0,0,229,900,423158243,10,77,11.139909744262695,-21.99997329711914,24.69524574279785,34.581878662109375,1,0,0.6000000238418579,0,0,0,0,0,5,0,0,0,8,99,1,0.0,0.0,26.78748321533203,28.40812110900879,1.5,0,74,0.0,0.0,0.0,0,0,0
1780579170.5643606,0,0.3499999940395355,0,0,229,900,423158243,10,77,11.139909744262695,-23.799972534179688,24.91804313659668,34.10588073730469,1,0,0.6000000238418579,0,0,0,0,0,5,0,0,0,8,99,1,0.0,0.0,26.78748321533203,28.40812110900879,1.5,0,76,0.0,0.0,0.0,0,0,0
1780579170.5835013,0,0.3499999940395355,0,0,229,900,423158243,10,77,11.139909744262695,-25.599971771240234,25.140840530395508,33.59387969970703,1,0,0.6000000238418579,0,0,0,0,0,5,0,0,0,8,99,1,0.0,0.0,26.78748321533203,28.40812110900879,1.5,0,78,0.0,0.0,0.0,0,0,0
1780579170.6035311,0,0.3499999940395355,0,0,229,900,423158243,10,77,11.139909744262695,-27.39997100830078,25.363637924194336,33.04587936401367,1,0,0.6000000238418579,0,0,0,0,0,5,0,0,0,8,99,1,0.0,0.0,26.78748321533203,28.408123016357422,1.5,0,80,0.0,0.0,0.0,0,0,0
1780579170.625074,0,0.3499999940395355,0,0,229,900,423158243,10,77,11.139909744262695,-29.199970245361328,25.586435317993164,32.46187973022461,1,0,0.6000000238418579,0,0,0,0,0,5,0,0,0,8,99,1,0.0,0.0,26.78748321533203,28.40812110900879,1.5,0,82,0.0,0.0,0.0,0,0,0
1780579170.644482,0,0.3499999940395355,0,0,229,900,423158243,10,77,11.139909744262695,-30.999969482421875,25.809232711791992,31.841880798339844,1,0,0.6000000238418579,0,0,0,0,0,5,0,0,0,8,99,1,0.0,0.0,26.78748321533203,28.40812110900879,1.5,0,84,0.0,0.0,0.0,0,0,0
1780579170.663742,0,0.3499999940395355,0,0,229,900,423158243,10,77,11.139909744262695,-32.79996871948242,26.03203010559082,31.185882568359375,1,0,0.6000000238418579,0,0,0,0,0,5,0,0,0,8,99,1,0.0,0.0,26.78748321533203,28.408123016357422,1.5,0,86,0.0,0.0,0.0,0,0,0
1780579170.6839645,0,0.3499999940395355,0,0,229,900,423158243,10,77,11.139909744262695,-34.59996795654297,26.25482749938965,30.49388313293457,1,0,0.6000000238418579,0,0,0,0,0,5,0,0,0,8,99,1,0.0,0.0,26.78748321533203,28.40812110900879,1.5,0,88,0.0,0.0,0.0,0,0,0
1780579170.9748466,0,0.3499999940395355,0,0,229,900,423158243,10,77,11.139909744262695,-36.399967193603516,26.477624893188477,29.765884399414062,0,0,0.6000000238418579,0,0,0,0,0,4,1,0,0,8,99,1,0.0,0.0,26.78748321533203,28.40812110900879,1.5,0,90,0.0,0.0,0.0,0,0,0
1780579171.0135498,0,0.3499999940395355,0,0,229,900,423158243,10,77,11.139909744262695,-38.19996643066406,26.700422286987305,29.00188446044922,0,0,0.6000000238418579,0,0,0,0,0,4,1,0,0,8,99,1,0.0,0.0,26.78748321533203,28.40812110900879,1.5,0,93,0.0,0.0,0.0,0,0,0
1780579171.0342329,0,0.3499999940395355,0,0,229,900,423158243,11,77,0.0,0.0,26.923219680786133,28.56183624267578,0,0,0.6000000238418579,0,0,0,0,0,4,1,0,0,8,99,1,0.0,0.0,26.78748321533203,28.40812110900879,1.5,0,95,0.0,0.0,0.0,0,0,0
1780579171.053485,0,0.3499999940395355,0,0,229,900,423158243,11,77,0.0,0.0,26.923219680786133,28.56184959411621,0,0,0.6000000238418579,0,0,0,0,0,4,1,0,0,8,99,1,15.0,7.5,27.0664005279541,28.547578811645508,1.5,0,96,0.0,0.0,0.0,0,0,0
1780579171.073509,0,0.3499999940395355,0,0,229,900,423158243,11,77,0.0,0.0,26.923219680786133,28.561859130859375,0,0,0.6000000238418579,0,0,0,0,0,4,1,0,0,8,99,1,15.0,7.5,27.366098403930664,28.697429656982422,1.5,0,96,0.0,0.0,0.0,0,0,0
1780579171.0941174,0,0.3499999940395355,0,0,229,900,423158243,11,77,0.0,0.0,26.923219680786133,28.561864852905273,0,0,0.6000000238418579,0,0,0,0,0,4,1,0,0,8,99,1,15.0,7.5,27.66579818725586,28.847278594970703,1.5,0,96,0.0,0.0,0.0,0,0,0
1780579171.114291,0,0.3499999940395355,0,0,229,900,423158243,11,77,0.0,0.0,26.923219680786133,28.56186866760254,0,0,0.6000000238418579,0,0,0,0,0,4,1,0,0,8,99,1,15.0,7.5,27.966400146484375,28.99757957458496,1.5,0,96,0.0,0.0,0.0,0,0,0
1780579171.133556,0,0.3499999940395355,0,0,229,900,423158243,11,77,0.0,0.0,26.923219680786133,28.561870574951172,0,0,0.6000000238418579,0,0,0,0,0,4,1,0,0,8,99,1,15.0,7.5,28.266357421875,29.147558212280273,1.5,0,96,0.0,0.0,0.0,0,0,0
1780579171.1542935,0,0.3499999940395355,0,0,229,900,423158243,11,77,0.0,0.0,26.923219680786133,28.561870574951172,0,0,0.6000000238418579,0,0,0,0,0,4,1,0,0,8,99,1,15.0,7.5,28.566850662231445,29.29780387878418,1.5,0,96,0.0,0.0,0.0,0,0,0
1780579171.1744142,0,0.3499999940395355,0,0,229,900,423158243,11,77,0.0,0.0,26.923219680786133,28.561870574951172,0,0,0.6000000238418579,0,0,0,0,0,4,1,0,0,8,99,1,15.0,7.5,28.870101928710938,29.449430465698242,1.5,0,96,0.0,0.0,0.0,0,0,0
1780579171.1936684,0,0.3499999940395355,0,0,229,900,423158243,11,77,0.0,0.0,26.923219680786133,28.561870574951172,0,0,0.6000000238418579,0,0,0,0,0,4,1,0,0,8,99,1,15.0,7.5,29.169801712036133,29.599281311035156,1.5,0,96,0.0,0.0,0.0,0,0,0
1780579171.2145712,0,0.3499999940395355,0,0,229,900,423158243,11,77,0.0,0.0,26.923219680786133,28.561870574951172,0,0,0.6000000238418579,0,0,0,0,0,4,1,0,0,8,99,1,15.0,7.5,29.469499588012695,29.749130249023438,1.5,0,96,0.0,0.0,0.0,0,0,0
1780579171.2340353,0,0.3499999940395355,0,0,229,900,423158243,11,77,0.0,0.0,26.923219680786133,28.561870574951172,1,0,0.6000000238418579,0,0,0,0,0,4,1,0,0,8,99,0,15.0,7.5,29.76919937133789,29.89897918701172,1.5,0,96,1.0,0.0,0.0,0,0,0
1780579171.254103,0,0.3499999940395355,0,0,229,900,423158243,11,77,0.0,0.0,26.923219680786133,28.561870574951172,1,0,0.6000000238418579,0,0,0,1,0,4,1,0,0,8,99,0,0.0,-0.9479996562004089,29.7874755859375,29.890331268310547,1.5,0,96,1.0,-1.0,0.0,0,0,0
1780579171.274545,0,0.3499999940395355,0,0,229,900,423158243,51,77,0.0,0.0,26.923219680786133,28.561870574951172,1,0,0.6000000238418579,0,0,0,1,0,4,1,0,0,8,99,0,0.0,-1.8959993124008179,29.7874755859375,29.85362434387207,1.5,0,96,1.0,-1.0,0.0,0,0,0
1780579171.2948802,0,0.3499999940395355,0,0,229,900,423158243,51,77,0.0,0.0,26.923219680786133,28.561870574951172,1,0,0.6000000238418579,0,0,1,1,0,4,1,0,0,8,99,0,8.300000190734863,-2.843998908996582,29.9428653717041,29.79799461364746,1.5,0,96,1.0,-1.0,0.0,0,0,0
1780579171.314161,0,0.3499999940395355,0,0,229,900,423158243,51,77,0.0,0.0,26.923219680786133,28.561870574951172,1,0,0.6000000238418579,0,0,1,1,0,4,1,0,0,8,99,0,8.300000190734863,-3.7919986248016357,30.108699798583984,29.72344207763672,1.5,0,96,1.0,-1.0,0.0,0,0,0
1780579171.3343344,0,0.3499999940395355,0,0,229,900,423158243,51,77,0.0,0.0,26.923219680786133,28.561870574951172,1,0,0.6000000238418579,0,0,1,1,0,4,1,0,0,8,99,0,8.300000190734863,-4.7399983406066895,30.274534225463867,29.62997055053711,1.5,0,96,1.0,-1.0,0.0,0,0,0
1780579171.3538983,0,0.3499999940395355,0,0,229,900,423158243,51,77,0.0,0.0,26.923219680786133,28.561870574951172,1,0,0.6000000238418579,0,0,1,1,0,4,1,0,0,8,99,0,8.300000190734863,-5.687997817993164,30.44036865234375,29.5175724029541,1.5,0,96,1.0,-1.0,0.0,0,0,1
1780579171.3743975,0,0.3499999940395355,1,0,229,900,423158243,51,77,0.0,0.0,26.923219680786133,28.561870574951172,0,0,0.6000000238418579,0,0,1,1,0,4,1,1,0,8,99,0,8.300000190734863,-6.635997295379639,30.606203079223633,29.386255264282227,1.5,0,96,1.0,-1.0,0.0,0,0,1
1780579171.3940268,0,0.3499999940395355,1,0,229,900,423158243,51,77,0.0,0.0,26.923219680786133,28.561870574951172,0,0,0.6000000238418579,0,0,1,1,0,4,1,1,0,8,99,0,8.300000190734863,-7.583996772766113,30.772037506103516,29.23601531982422,1.5,0,96,1.0,0.0,0.0,0,0,1
1780579171.4144337,0,0.3499999940395355,1,0,229,900,423158243,51,77,0.0,0.0,26.923219680786133,28.561870574951172,0,0,0.6000000238418579,0,0,1,1,0,4,1,1,0,8,99,0,8.300000190734863,-8.531996726989746,30.93787384033203,29.066852569580078,1.5,0,96,0.0,0.0,0.0,0,0,1
1780579171.4341352,0,0.3499999940395355,1,0,229,900,423158243,51,77,0.0,0.0,26.923219680786133,28.561870574951172,0,0,0.6000000238418579,0,0,1,1,0,4,1,1,0,8,99,0,8.300000190734863,-9.479996681213379,31.104351043701172,28.87803077697754,1.5,0,96,0.0,0.0,0.0,0,0,1
1780579171.4545782,0,0.3499999940395355,1,0,229,900,423158243,51,77,0.0,0.0,26.923219680786133,28.561870574951172,0,0,0.6000000238418579,0,0,1,1,0,4,1,1,0,8,99,0,0.0,-10.427996635437012,31.115478515625,28.670949935913086,1.5,0,96,0.0,0.0,0.0,0,0,1
1780579171.4742582,0,0.3499999940395355,1,0,229,900,423158243,51,77,0.0,0.0,26.923219680786133,28.561870574951172,1,0,0.6000000238418579,0,0,1,1,0,4,1,1,0,8,99,0,0.0,-11.375996589660645,31.115478515625,28.444948196411133,1.5,0,96,0.0,0.0,0.0,0,0,1
1780579171.494314,0,0.3499999940395355,1,0,229,900,423158243,51,77,0.0,0.0,26.923219680786133,28.561870574951172,1,0,0.6000000238418579,0,0,1,0,0,4,1,1,0,8,99,1,0.0,0.0,31.115478515625,28.40956687927246,1.5,0,96,0.0,0.0,0.0,0,0,1
1780579171.5144525,0,0.3499999940395355,1,0,229,900,423158243,51,77,0.0,0.0,26.923219680786133,28.561870574951172,1,0,0.6000000238418579,0,0,1,0,0,4,1,1,0,8,99,1,0.0,0.0,31.115478515625,28.408100128173828,1.5,0,96,0.0,0.0,0.0,0,0,1
1780579171.533673,0,0.3499999940395355,1,0,229,900,423158243,52,77,-22.0,0.0,26.923219680786133,28.561870574951172,1,0,0.6000000238418579,0,0,1,0,0,4,1,1,0,8,99,1,0.0,0.0,31.115478515625,28.408109664916992,1.5,0,96,-1.0,0.0,0.0,0,0,1
1780579171.5539455,0,0.3499999940395355,1,0,229,900,423158243,52,77,-22.0,0.0,26.483219146728516,28.561870574951172,1,0,0.6000000238418579,0,0,1,0,0,4,1,1,0,8,99,1,0.0,0.0,31.115478515625,28.408113479614258,1.5,0,96,-1.0,1.0,0.0,0,0,0
1780579171.5742285,0,0.3499999940395355,0,0,229,900,423158243,52,77,-22.0,0.0,26.0432186126709,28.561870574951172,1,0,0.6000000238418579,0,0,0,0,0,4,1,0,0,8,99,1,-8.300000190734863,0.0,30.960729598999023,28.408119201660156,1.5,0,96,-1.0,0.0,0.0,0,0,0
1780579171.5940058,0,0.3499999940395355,0,0,229,900,423158243,52,77,-22.0,0.0,25.60321807861328,28.561870574951172,1,0,0.6000000238418579,0,0,0,0,0,4,1,0,0,8,99,1,-8.300000190734863,0.0,30.794897079467773,28.40812110900879,1.5,0,96,-1.0,0.0,0.0,0,0,0
1780579171.61399,0,0.3499999940395355,0,0,229,900,423158243,52,77,-22.0,0.0,25.163217544555664,28.561870574951172,1,0,0.6000000238418579,0,0,0,0,0,4,1,0,0,8,99,1,-8.300000190734863,0.0,30.62906265258789,28.408119201660156,1.5,0,96,-1.0,0.0,0.0,0,0,0
1780579171.6340754,0,0.3499999940395355,0,0,229,900,423158243,52,77,-22.0,0.0,24.723217010498047,28.561870574951172,1,0,0.6000000238418579,0,0,0,0,0,4,1,0,0,8,99,1,-8.300000190734863,0.0,30.46253204345703,28.408119201660156,1.5,0,96,-1.0,0.0,0.0,0,0,0
1780579171.6544685,0,0.3499999940395355,0,0,229,900,423158243,52,77,-22.0,0.0,24.28321647644043,28.561870574951172,1,0,0.6000000238418579,0,0,0,0,0,4,1,0,0,8,99,1,-8.300000190734863,0.0,30.29669761657715,28.40812110900879,1.5,0,96,-1.0,0.0,0.0,0,0,0
1780579171.6737304,0,0.3499999940395355,0,0,229,900,423158243,52,77,-22.0,0.0,23.843215942382812,28.561870574951172,1,0,0.6000000238418579,0,0,0,0,0,4,1,0,0,8,99,1,-8.300000190734863,0.0,30.130863189697266,28.40812110900879,1.5,0,96,-1.0,0.0,0.0,0,0,0
1780579171.6940691,0,0.3499999940395355,0,0,229,900,423158243,52,77,-22.0,0.0,23.403215408325195,28.561870574951172,1,0,0.6000000238418579,0,0,0,0,0,4,1,0,0,8,99,1,-8.300000190734863,0.0,29.965028762817383,28.40812110900879,1.5,0,96,-1.0,0.0,0.0,0,0,0
1780579171.7141364,0,0.3499999940395355,0,0,229,900,423158243,52,77,-22.0,0.0,22.963214874267578,28.561870574951172,1,0,0.6000000238418579,0,0,0,0,0,4,1,0,0,8,99,1,-8.300000190734863,0.0,29.7991943359375,28.40812110900879,1.5,0,96,-1.0,0.0,0.0,0,0,0
1780579171.734032,0,0.3499999940395355,0,0,229,900,423158243,52,77,-22.0,0.0,22.52321434020996,28.561870574951172,1,0,0.6000000238418579,0,0,0,0,0,4,1,0,0,8,99,1,-8.300000190734863,0.0,29.63288116455078,28.40812110900879,1.5,0,96,-1.0,0.0,0.0,0,0,0
1780579171.7540767,0,0.3499999940395355,0,0,229,900,423158243,52,77,-22.0,0.0,22.083213806152344,28.561870574951172,1,0,0.6000000238418579,0,0,0,0,0,4,1,0,0,8,99,1,-8.300000190734863,0.0,29.4670467376709,28.40812110900879,1.5,0,96,-1.0,0.0,0.0,0,0,0
1780579171.7742233,0,0.3499999940395355,0,0,229,900,423158243,56,77,0.0,0.0,21.643213272094727,28.561870574951172,1,0,0.6000000238418579,0,0,0,0,0,4,1,0,0,8,99,1,-8.300000190734863,0.0,29.30006217956543,28.40812110900879,1.5,0,96,-1.0,0.0,0.0,0,0,0
1780579171.7942739,0,0.3499999940395355,0,0,229,900,423158243,56,77,0.0,0.0,21.643213272094727,28.561870574951172,1,0,0.6000000238418579,0,0,0,0,0,4,1,0,0,8,99,1,-8.300000190734863,0.0,29.134227752685547,28.40812110900879,1.5,0,96,-1.0,0.0,0.0,0,0,0
1780579171.8138897,0,0.3499999940395355,0,0,229,900,423158243,56,77,0.0,0.0,21.643213272094727,28.561870574951172,1,0,0.6000000238418579,0,0,0,0,0,4,1,0,0,8,99,1,-8.300000190734863,0.0,28.968393325805664,28.40812110900879,1.5,0,96,-1.0,0.0,0.0,0,0,0
1780579171.8339329,0,0.3499999940395355,0,0,229,900,423158243,56,77,0.0,0.0,21.643213272094727,28.561870574951172,1,0,0.6000000238418579,0,0,0,0,0,4,1,0,0,8,99,1,-8.300000190734863,0.0,28.80255889892578,28.40812110900879,1.5,0,96,-1.0,0.0,0.0,0,0,0
1780579171.8540306,0,0.3499999940395355,0,0,229,900,423158243,56,77,0.0,0.0,21.643213272094727,28.561870574951172,1,0,0.6000000238418579,0,0,0,0,0,4,1,0,0,8,99,1,-8.300000190734863,0.0,28.6367244720459,28.40812110900879,1.5,0,96,-1.0,0.0,0.0,0,0,0
1780579171.8743296,0,0.3499999940395355,0,0,229,900,423158243,56,77,0.0,0.0,21.643213272094727,28.561870574951172,1,0,0.6000000238418579,0,0,0,0,0,4,1,0,0,8,99,1,-8.300000190734863,0.0,28.470518112182617,28.40812110900879,1.5,0,96,-1.0,0.0,0.0,0,0,0
1780579171.8940933,0,0.3499999940395355,0,0,229,900,423158243,56,77,0.0,0.0,21.643213272094727,28.561870574951172,1,0,0.6000000238418579,0,0,0,0,0,4,1,0,0,8,99,1,-8.300000190734863,0.0,28.304683685302734,28.40812110900879,1.5,0,96,-1.0,0.0,0.0,0,0,0
1780579171.9142113,0,0.3499999940395355,0,0,229,900,423158243,56,77,0.0,0.0,21.643213272094727,28.561870574951172,1,0,0.6000000238418579,0,0,0,0,0,4,1,0,0,8,99,1,-8.300000190734863,0.0,28.13884925842285,28.40812110900879,1.5,0,96,-1.0,0.0,0.0,0,0,0
1780579171.9342525,0,0.3499999940395355,0,0,229,900,423158243,56,77,0.0,0.0,21.643213272094727,28.561870574951172,1,0,0.6000000238418579,0,0,0,0,0,4,1,0,0,8,99,1,-8.300000190734863,0.0,27.97301483154297,28.40812110900879,1.5,0,96,-1.0,0.0,0.0,0,0,0
1780579171.9537737,0,0.3499999940395355,0,0,229,900,423158243,56,77,0.0,0.0,21.643213272094727,28.561870574951172,1,0,0.6000000238418579,0,0,0,0,0,4,1,0,0,8,99,1,-8.300000190734863,0.0,27.806915283203125,28.40812110900879,1.5,0,96,-1.0,0.0,0.0,0,0,0
1780579171.974536,0,0.3499999940395355,0,0,229,900,423158243,56,77,0.0,0.0,21.643213272094727,28.561870574951172,1,0,0.6000000238418579,0,0,0,0,0,4,1,0,0,8,99,1,-8.300000190734863,0.0,27.641080856323242,28.40812110900879,1.5,0,96,-1.0,0.0,0.0,0,0,0
1780579171.9954898,0,0.3499999940395355,0,0,229,900,423158243,56,77,0.0,0.0,21.643213272094727,28.561870574951172,1,0,0.6000000238418579,0,0,0,0,0,4,1,0,0,8,99,1,-8.300000190734863,0.0,27.474966049194336,28.40812110900879,1.5,0,96,-1.0,0.0,0.0,0,0,0
1780579172.0161595,0,0.3499999940395355,0,0,229,900,423158243,7,77,0.0,0.0,21.643213272094727,28.561870574951172,1,0,0.6000000238418579,0,0,0,0,0,4,1,0,0,8,99,1,-8.300000190734863,0.0,27.30785369873047,28.40812110900879,1.5,0,96,-1.0,0.0,0.0,0,0,0
1780579172.0359867,0,0.3499999940395355,0,0,229,900,423158243,7,77,0.0,0.0,21.643213272094727,28.561870574951172,1,0,0.6000000238418579,0,0,0,0,0,4,1,0,0,8,99,1,-8.300000190734863,0.0,27.142019271850586,28.40812110900879,1.5,0,96,-1.0,0.0,0.0,0,0,0
1780579172.0548792,0,0.3499999940395355,0,0,229,900,423158243,7,77,0.0,0.0,21.643213272094727,28.561870574951172,1,0,0.6000000238418579,0,0,0,0,0,4,1,0,0,8,99,1,-8.300000190734863,0.0,26.976184844970703,28.40812110900879,1.5,0,96,-1.0,0.0,0.0,0,0,0
1780579172.073978,0,0.3499999940395355,0,0,229,900,423158243,7,77,0.0,0.0,21.643213272094727,28.561870574951172,1,0,0.6000000238418579,0,0,0,0,0,4,1,0,0,8,99,1,-8.300000190734863,0.0,26.81035041809082,28.40812110900879,1.5,0,96,-1.0,0.0,0.0,0,0,0
1780579172.0941796,0,0.3499999940395355,0,0,229,900,423158243,7,77,0.0,0.0,21.643213272094727,28.561870574951172,1,0,0.6000000238418579,0,0,0,0,0,4,1,0,0,8,99,1,-8.300000190734863,0.0,26.644515991210938,28.40812110900879,1.5,0,96,-1.0,0.0,0.0,0,0,0
1780579172.1136951,0,0.3499999940395355,0,0,229,900,423158243,7,77,0.0,0.0,21.643213272094727,28.561870574951172,1,0,0.6000000238418579,0,0,0,0,0,4,1,0,0,8,99,1,-8.300000190734863,0.0,26.478681564331055,28.40812110900879,1.5,0,96,-1.0,0.0,0.0,0,0,0
1780579172.1339047,0,0.3499999940395355,0,0,229,900,423158243,7,77,0.0,0.0,21.643213272094727,28.561870574951172,1,0,0.6000000238418579,0,0,0,0,0,4,1,0,0,8,99,1,-8.300000190734863,0.0,26.312849044799805,28.40812110900879,1.5,0,96,-1.0,0.0,0.0,0,0,0
1780579172.1543007,0,0.3499999940395355,0,0,229,900,423158243,7,77,0.0,0.0,21.643213272094727,28.561870574951172,1,0,0.6000000238418579,0,0,0,0,0,4,1,0,0,8,99,1,-8.300000190734863,0.0,26.14701271057129,28.40812110900879,1.5,0,96,-1.0,0.0,0.0,0,0,0
1780579172.1742282,0,0.3499999940395355,0,0,229,900,423158243,7,77,0.0,0.0,21.643213272094727,28.561870574951172,1,0,0.6000000238418579,0,0,0,0,0,4,1,0,0,8,99,1,-8.300000190734863,0.0,25.980432510375977,28.40812110900879,1.5,0,96,-1.0,0.0,0.0,0,0,0
1780579172.1940608,0,0.3499999940395355,0,0,229,900,423158243,7,77,0.0,0.0,21.643213272094727,28.561870574951172,1,0,0.6000000238418579,0,0,0,0,0,4,1,0,0,8,99,1,-8.300000190734863,0.0,25.81459617614746,28.40812110900879,1.5,0,96,-1.0,0.0,0.0,0,0,0
1780579172.2142053,0,0.3499999940395355,0,0,229,900,423158243,7,77,0.0,0.0,21.643213272094727,28.561870574951172,1,0,0.6000000238418579,0,0,0,0,0,4,1,0,0,8,99,1,-8.300000190734863,0.0,25.648761749267578,28.40812110900879,1.5,0,96,-1.0,0.0,0.0,0,0,0
1780579172.2338266,0,0.3499999940395355,0,0,229,900,423158243,7,77,0.0,0.0,21.643213272094727,28.561870574951172,1,0,0.6000000238418579,0,0,0,0,0,4,1,0,0,8,99,1,-8.300000190734863,0.0,25.482927322387695,28.40812110900879,1.5,0,96,-1.0,0.0,0.0,0,0,0
1780579172.2537892,0,0.3499999940395355,0,0,229,900,423158243,7,77,0.0,0.0,21.643213272094727,28.561870574951172,1,0,0.6000000238418579,0,0,0,0,0,4,1,0,0,8,99,1,-8.300000190734863,0.0,25.317094802856445,28.40812110900879,1.5,0,96,-1.0,0.0,0.0,0,0,0
1780579172.2745786,0,0.3499999940395355,0,0,229,900,423158243,7,77,0.0,0.0,21.643213272094727,28.561870574951172,1,0,0.6000000238418579,0,0,0,0,0,4,1,0,0,8,99,1,-8.300000190734863,0.0,25.151260375976562,28.40812110900879,1.5,0,96,-1.0,0.0,0.0,0,0,1
1780579172.2940838,0,0.3499999940395355,1,0,229,900,423158243,7,77,0.0,0.0,21.643213272094727,28.561870574951172,0,0,0.6000000238418579,0,0,0,0,0,4,0,1,0,8,99,1,-8.300000190734863,0.0,24.984600067138672,28.40812110900879,1.5,0,96,-1.0,0.0,0.0,0,0,1
1780579172.3138707,0,0.3499999940395355,1,0,229,900,423158243,7,77,0.0,0.0,21.643213272094727,28.561870574951172,0,0,0.6000000238418579,0,0,0,0,0,4,0,1,0,8,99,1,-8.300000190734863,0.0,24.81876564025879,28.408119201660156,1.5,0,96,-1.0,0.0,0.0,0,0,1
1780579172.3342292,0,0.3499999940395355,1,0,208,900,423158243,7,77,0.0,0.0,21.643213272094727,28.561870574951172,0,0,0.6000000238418579,0,0,0,0,0,4,0,1,0,8,99,1,3.75,0.0,24.652931213378906,28.40812110900879,1.5,0,99,-1.0,0.0,0.0,0,0,1
1780579172.3541832,0,0.3499999940395355,1,0,208,900,423158243,9,77,12.240018844604492,41.0,21.34321403503418,28.561870574951172,0,0,0.6000000238418579,0,0,0,0,0,4,0,1,0,8,99,1,3.75,0.0,24.711349487304688,28.40812110900879,1.5,0,99,-1.0,0.0,0.0,0,0,1
1780579172.3737984,0,0.3499999940395355,1,0,208,900,423158243,10,77,12.240018844604492,39.20000076293945,21.288015365600586,29.345870971679688,0,0,0.6000000238418579,0,0,0,0,0,4,0,1,0,8,99,1,3.75,0.0,24.786273956298828,28.40812110900879,1.5,0,99,-1.0,0.0,0.0,0,0,1
1780579172.3941927,0,0.3499999940395355,1,0,208,900,423158243,10,77,12.240018844604492,37.400001525878906,21.232816696166992,30.093870162963867,0,0,0.6000000238418579,0,0,0,0,0,4,0,1,0,8,99,1,3.75,0.0,24.8612003326416,28.40812110900879,1.5,0,99,-1.0,0.0,0.0,0,0,1
1780579172.41435,0,0.3499999940395355,1,0,208,900,423158243,10,77,12.240018844604492,35.60000228881836,21.1776180267334,30.805870056152344,1,0,0.6000000238418579,0,0,0,0,0,4,0,1,0,8,99,1,3.75,0.0,24.936126708984375,28.40812110900879,1.5,0,99,-1.0,0.0,0.0,0,0,1
1780579172.433527,0,0.3499999940395355,1,0,208,900,423158243,10,77,12.240018844604492,33.80000305175781,21.122419357299805,31.481870651245117,1,0,0.6000000238418579,0,0,0,0,0,4,0,1,0,8,99,1,3.75,0.0,25.011253356933594,28.40812110900879,1.5,0,99,-1.0,0.0,0.0,0,0,0
1780579172.4538357,0,0.3499999940395355,1,0,208,900,423158243,10,77,12.240018844604492,32.000003814697266,21.06722068786621,32.12186813354492,1,0,0.6000000238418579,0,0,0,0,0,4,0,1,0,8,99,1,3.75,0.0,25.086177825927734,28.40812110900879,1.5,0,99,-1.0,0.0,0.0,0,0,0
1780579172.4743679,0,0.3499999940395355,1,0,208,900,423158243,10,77,12.240018844604492,30.20000457763672,21.012022018432617,32.725868225097656,1,0,0.6000000238418579,0,0,0,0,0,4,0,1,0,8,99,1,3.75,0.0,25.16120719909668,28.40812110900879,1.5,0,99,-1.0,0.0,0.0,0,0,0
1780579172.4941504,0,0.3499999940395355,1,0,208,900,423158243,10,77,12.240018844604492,28.400005340576172,20.956823348999023,33.29386901855469,1,0,0.6000000238418579,0,0,0,0,0,4,0,1,0,8,99,1,3.75,0.0,25.236499786376953,28.40812110900879,1.5,0,99,-1.0,0.0,0.0,0,0,0
1780579172.5144408,0,0.3499999940395355,1,0,208,900,423158243,10,77,12.240018844604492,26.600006103515625,21.201623916625977,33.825870513916016,1,0,0.6000000238418579,0,0,0,0,0,4,0,1,0,8,99,1,3.75,0.0,25.311424255371094,28.40812110900879,1.5,0,99,-1.0,0.0,0.0,0,0,0
1780579172.533895,0,0.3499999940395355,1,0,208,900,423158243,10,77,12.240018844604492,24.800006866455078,21.44642448425293,34.321868896484375,1,0,0.6000000238418579,0,0,0,0,0,4,0,1,0,8,99,1,-8.300000190734863,0.0,25.16180419921875,28.40812110900879,1.5,0,99,-1.0,0.0,0.0,0,0,0
1780579172.5539784,0,0.3499999940395355,1,0,208,900,423158243,10,77,12.240018844604492,23.00000762939453,21.691225051879883,34.78186798095703,1,0,0.6000000238418579,0,0,0,0,0,4,0,1,0,8,99,1,-8.300000190734863,0.0,24.995969772338867,28.40812110900879,1.5,0,99,-1.0,0.0,0.0,0,0,0
1780579172.5744,0,0.3499999940395355,1,0,208,900,423158243,10,77,12.240018844604492,21.200008392333984,21.936025619506836,35.205867767333984,1,0,0.6000000238418579,0,0,0,0,0,4,0,1,0,8,99,1,-8.300000190734863,0.0,24.830135345458984,28.40812110900879,1.5,0,99,-1.0,0.0,0.0,0,0,0
1780579172.5942767,0,0.3499999940395355,1,0,208,900,423158243,10,77,12.240018844604492,19.400009155273438,22.18082618713379,35.593868255615234,1,0,0.6000000238418579,0,0,0,0,0,4,0,1,0,8,99,1,-8.300000190734863,0.0,24.664161682128906,28.40812110900879,1.5,0,99,-1.0,0.0,0.0,0,0,0
1780579172.6141737,0,0.3499999940395355,1,0,208,900,423158243,10,77,12.240018844604492,17.60000991821289,22.425626754760742,35.94586944580078,1,0,0.6000000238418579,0,0,0,0,0,4,0,1,0,8,99,1,-8.300000190734863,0.0,24.49799156188965,28.40812110900879,1.5,0,99,-1.0,0.0,0.0,0,0,0
1780579172.634079,0,0.3499999940395355,1,0,208,900,423158243,10,77,12.240018844604492,15.800010681152344,22.670427322387695,36.261871337890625,1,0,0.6000000238418579,0,0,0,0,0,4,0,1,0,8,99,1,-8.300000190734863,0.0,24.332157135009766,28.40812110900879,1.5,0,99,-1.0,0.0,0.0,0,0,0
1780579172.6538224,0,0.3499999940395355,0,0,208,900,423158243,10,77,12.240018844604492,14.000011444091797,22.91522789001465,36.5418701171875,1,0,0.6000000238418579,0,0,0,0,0,4,0,0,0,8,99,1,-8.300000190734863,0.0,24.166088104248047,28.40812110900879,1.5,0,99,-1.0,0.0,0.0,0,0,0
1780579172.6742823,0,0.3499999940395355,0,0,208,900,423158243,10,77,12.240018844604492,12.20001220703125,23.1600284576416,36.78586959838867,1,0,0.6000000238418579,0,0,0,0,0,4,0,0,0,8,99,1,-8.300000190734863,0.0,24.000255584716797,28.40812110900879,1.5,0,99,-1.0,0.0,0.0,0,0,0
1780579172.6938398,0,0.3499999940395355,0,0,208,900,423158243,10,77,12.240018844604492,10.400012969970703,23.404829025268555,36.99386978149414,1,0,0.6000000238418579,0,0,0,0,0,4,0,0,0,8,99,1,-8.300000190734863,0.0,23.83441925048828,28.40812110900879,1.5,0,99,-1.0,0.0,0.0,0,0,0
1780579172.7141151,0,0.3499999940395355,0,0,208,900,423158243,10,77,12.240018844604492,8.600013732910156,23.649629592895508,37.165870666503906,1,0,0.6000000238418579,0,0,0,0,0,4,0,0,0,8,99,1,-8.300000190734863,0.0,23.6685848236084,28.40812110900879,1.5,0,99,-1.0,0.0,0.0,0,0,0
1780579172.7337587,0,0.3499999940395355,0,0,208,900,423158243,10,77,12.240018844604492,6.800014495849609,23.89443016052246,37.30187225341797,1,0,0.6000000238418579,0,0,0,0,0,4,0,0,0,8,99,1,-8.300000190734863,0.0,23.502588272094727,28.408123016357422,1.5,0,99,-1.0,0.0,0.0,0,0,0
1780579172.7541437,0,0.3499999940395355,0,0,208,900,423158243,10,77,12.240018844604492,5.0000152587890625,24.139230728149414,37.40187072753906,1,0,0.6000000238418579,0,0,0,0,0,4,0,0,0,8,99,1,-8.300000190734863,0.0,23.33675193786621,28.40812110900879,1.5,0,99,-1.0,0.0,0.0,0,0,0
1780579172.7742722,0,0.3499999940395355,0,0,208,900,423158243,10,77,12.240018844604492,3.2000160217285156,24.384031295776367,37.46586990356445,1,0,0.6000000238418579,0,0,0,0,0,4,0,0,0,8,99,1,-8.300000190734863,0.0,23.170551300048828,28.40812110900879,1.5,0,99,-1.0,0.0,0.0,0,0,0
1780579172.793624,0,0.3499999940395355,0,0,208,900,423158243,10,77,12.240018844604492,1.4000167846679688,24.62883186340332,37.49386978149414,1,0,0.6000000238418579,0,0,0,0,0,4,0,0,0,8,99,1,-8.300000190734863,0.0,23.004131317138672,28.40812110900879,1.5,0,99,-1.0,0.0,0.0,0,0,0
1780579172.814223,0,0.3499999940395355,0,0,208,900,423158243,10,77,12.240018844604492,-0.3999824523925781,24.873632431030273,37.485870361328125,1,0,0.6000000238418579,0,0,0,0,0,4,0,0,0,8,99,1,-8.300000190734863,0.0,22.838298797607422,28.408119201660156,1.5,0,99,-1.0,0.0,0.0,0,0,0
1780579172.834284,0,0.3499999940395355,0,0,208,900,423158243,10,77,12.240018844604492,-2.199981689453125,25.118432998657227,37.441871643066406,1,0,0.6000000238418579,0,0,0,0,0,4,0,0,0,8,99,1,-8.300000190734863,0.0,22.672462463378906,28.40812110900879,1.5,0,99,-1.0,0.0,0.0,0,0,0
1780579172.8540835,0,0.3499999940395355,0,0,208,900,423158243,10,77,12.240018844604492,-3.999980926513672,25.36323356628418,37.361873626708984,1,0,0.6000000238418579,0,0,0,0,0,4,0,0,0,8,99,1,-8.300000190734863,0.0,22.505592346191406,28.40812110900879,1.5,0,99,-1.0,0.0,0.0,0,0,0
1780579172.8737803,0,0.3499999940395355,0,0,208,900,423158243,10,77,12.240018844604492,-5.799980163574219,25.608034133911133,37.245872497558594,1,0,0.6000000238418579,0,0,0,0,0,4,0,0,0,8,99,1,-8.300000190734863,0.0,22.33975601196289,28.40812110900879,1.5,0,99,-1.0,0.0,0.0,0,0,0
1780579172.894115,0,0.3499999940395355,0,0,208,900,423158243,10,77,12.240018844604492,-7.599979400634766,25.852834701538086,37.0938720703125,1,0,0.6000000238418579,0,0,0,0,0,4,0,0,0,8,99,1,-8.300000190734863,0.0,22.173921585083008,28.40812110900879,1.5,0,99,-1.0,0.0,0.0,0,0,0
1780579172.9140902,0,0.3499999940395355,0,0,208,900,423158243,10,77,12.240018844604492,-9.399978637695312,26.09763526916504,36.9058723449707,1,0,0.6000000238418579,0,0,0,0,0,4,0,0,0,8,99,1,-8.300000190734863,0.0,22.008089065551758,28.40812110900879,1.5,0,99,-1.0,0.0,0.0,0,0,0
1780579172.9335327,0,0.3499999940395355,0,0,208,900,423158243,10,77,12.240018844604492,-11.19997787475586,26.342435836791992,36.6818733215332,1,0,0.6000000238418579,0,0,0,0,0,4,0,0,0,8,99,1,-8.300000190734863,0.0,21.842252731323242,28.408119201660156,1.5,0,99,-1.0,0.0,0.0,0,0,0
1780579172.9540527,0,0.3499999940395355,0,0,208,900,423158243,10,77,12.240018844604492,-12.999977111816406,26.587236404418945,36.421875,1,0,0.6000000238418579,0,0,0,0,0,4,0,0,0,8,99,1,-8.300000190734863,0.0,21.676420211791992,28.40812110900879,1.5,0,99,-1.0,0.0,0.0,0,0,0
1780579172.974047,0,0.3499999940395355,0,0,208,900,423158243,10,77,12.240018844604492,-14.799976348876953,26.8320369720459,36.125877380371094,1,0,0.6000000238418579,0,0,0,0,0,4,0,0,0,8,99,1,-8.300000190734863,0.0,21.51041030883789,28.40812110900879,1.5,0,99,-1.0,0.0,0.0,0,0,0
1780579172.994163,0,0.3499999940395355,0,0,208,900,423158243,10,77,12.240018844604492,-16.5999755859375,27.07683753967285,35.79387664794922,1,0,0.6000000238418579,0,0,0,0,0,4,0,0,0,8,99,1,-8.300000190734863,0.0,21.344173431396484,28.40812110900879,1.5,0,99,-1.0,0.0,0.0,0,0,0
1780579173.0139945,0,0.3499999940395355,0,0,208,900,423158243,10,77,12.240018844604492,-18.399974822998047,27.321638107299805,35.42587661743164,1,0,0.6000000238418579,0,0,0,0,0,4,0,0,0,8,99,1,-8.300000190734863,0.0,21.1783390045166,28.40812110900879,1.5,0,99,-1.0,0.0,0.0,0,0,0
1780579173.0340617,0,0.3499999940395355,0,0,208,900,423158243,10,77,12.240018844604492,-20.199974060058594,27.566438674926758,35.02187728881836,1,0,0.6000000238418579,0,0,0,0,0,4,0,0,0,8,99,1,-8.300000190734863,0.0,21.01235580444336,28.40812110900879,1.5,0,99,-1.0,0.0,0.0,0,0,0
1780579173.0542002,0,0.3499999940395355,0,0,208,900,423158243,10,77,12.240018844604492,-21.99997329711914,27.81123924255371,34.581878662109375,1,0,0.6000000238418579,0,0,0,0,0,4,0,0,0,8,99,1,-8.300000190734863,0.0,20.84629249572754,28.40812110900879,1.5,0,99,-1.0,0.0,0.0,0,0,0
1780579173.07363,0,0.3499999940395355,0,0,208,900,423158243,10,77,12.240018844604492,-23.799972534179688,28.056039810180664,34.10588073730469,1,0,0.6000000238418579,0,0,0,0,0,4,0,0,0,8,99,1,-8.300000190734863,0.0,20.680042266845703,28.40812110900879,1.5,0,99,-1.0,0.0,0.0,0,0,0
1780579173.0942643,0,0.3499999940395355,0,0,208,900,423158243,10,77,12.240018844604492,-25.599971771240234,28.300840377807617,33.59387969970703,1,0,0.6000000238418579,0,0,0,0,0,4,0,0,0,8,99,1,-8.300000190734863,0.0,20.51420783996582,28.40812110900879,1.5,0,99,-1.0,0.0,0.0,0,0,0
1780579173.1149905,0,0.3499999940395355,0,0,208,900,423158243,10,77,12.240018844604492,-27.39997100830078,28.54564094543457,33.04587936401367,1,0,0.6000000238418579,0,0,0,0,0,4,0,0,0,8,99,1,-8.300000190734863,0.0,20.348373413085938,28.40812110900879,1.5,0,99,-1.0,0.0,0.0,0,0,0
1780579173.1345096,0,0.3499999940395355,0,0,208,900,423158243,10,77,12.240018844604492,-29.199970245361328,28.790441513061523,32.46187973022461,1,0,0.6000000238418579,0,0,0,0,0,4,0,0,0,8,99,1,-8.300000190734863,0.0,20.18174934387207,28.40812110900879,1.5,0,99,-1.0,0.0,0.0,0,0,0
1780579173.1539383,0,0.3499999940395355,0,0,208,900,423158243,10,77,12.240018844604492,-30.999969482421875,29.035242080688477,31.841880798339844,1,0,0.6000000238418579,0,0,0,0,0,4,0,0,0,8,99,1,-8.300000190734863,0.0,20.015914916992188,28.40812110900879,1.5,0,99,-1.0,0.0,0.0,0,0,0
1780579173.17408,0,0.3499999940395355,0,0,208,900,423158243,10,77,12.240018844604492,-32.79996871948242,29.28004264831543,31.185882568359375,1,0,0.6000000238418579,0,0,0,0,0,4,0,0,0,8,99,1,-8.300000190734863,0.0,19.850078582763672,28.40812110900879,1.5,0,99,-1.0,0.0,0.0,0,0,0
1780579173.194465,0,0.3499999940395355,0,0,208,900,423158243,10,77,12.240018844604492,-34.59996795654297,29.524843215942383,30.49388313293457,1,0,0.6000000238418579,0,0,0,0,0,4,0,0,0,8,99,1,-8.300000190734863,0.0,19.683521270751953,28.40812110900879,1.5,0,99,-1.0,1.0,0.0,0,0,0
1780579173.2140453,0,0.3499999940395355,0,0,208,900,423158243,10,77,12.240018844604492,-36.399967193603516,29.769643783569336,29.765884399414062,1,0,0.6000000238418579,0,0,0,0,0,4,0,0,0,8,99,1,-8.300000190734863,0.0,19.517684936523438,28.40812110900879,1.5,0,99,-1.0,1.0,0.0,0,0,0
1780579173.2343445,0,0.3499999940395355,0,0,208,900,423158243,10,77,12.240018844604492,-38.19996643066406,30.01444435119629,29.00188446044922,1,0,0.6000000238418579,0,0,0,0,0,4,0,0,0,8,99,1,-8.300000190734863,0.0,19.351852416992188,28.40812110900879,1.5,0,99,-1.0,1.0,0.0,0,0,0
1780579173.254251,0,0.3499999940395355,0,0,208,900,423158243,11,77,0.0,0.0,30.259244918823242,28.56183624267578,1,0,0.6000000238418579,0,0,0,0,0,4,0,0,0,8,99,1,-8.300000190734863,0.0,19.186016082763672,28.40812110900879,1.5,0,99,-1.0,1.0,0.0,0,0,0
1780579173.2745736,0,0.3499999940395355,0,0,208,900,423158243,11,77,0.0,0.0,30.259244918823242,28.56184959411621,1,0,0.6000000238418579,0,0,0,0,0,4,0,0,0,8,99,1,-8.300000190734863,0.0,19.019697189331055,28.40812110900879,1.5,0,99,-1.0,1.0,0.0,0,0,0
1780579173.294334,0,0.3499999940395355,0,0,208,900,423158243,11,77,0.0,0.0,30.259244918823242,28.561859130859375,1,0,0.6000000238418579,0,0,0,0,0,4,0,0,0,8,99,1,-8.300000190734863,0.0,18.853862762451172,28.40812110900879,1.5,0,99,-1.0,1.0,0.0,0,0,0
1780579173.3142211,0,0.3499999940395355,0,0,208,900,423158243,11,77,0.0,0.0,30.259244918823242,28.561864852905273,1,0,0.6000000238418579,0,0,0,0,0,4,0,0,0,8,99,1,-8.300000190734863,0.0,18.68802833557129,28.40812110900879,1.5,0,99,-1.0,1.0,0.0,0,0,0
1780579173.3340685,0,0.3499999940395355,0,0,208,900,423158243,11,77,0.0,0.0,30.259244918823242,28.56186866760254,1,0,0.6000000238418579,0,0,0,0,0,4,0,0,0,8,99,1,-8.300000190734863,0.0,18.522193908691406,28.40812110900879,1.5,0,99,-1.0,1.0,0.0,0,0,0
1780579173.35413,0,0.3499999940395355,0,0,208,900,423158243,11,77,0.0,0.0,30.259244918823242,28.561870574951172,1,0,0.6000000238418579,0,0,0,0,0,4,0,0,0,8,99,1,-8.300000190734863,0.0,18.356182098388672,28.408123016357422,1.5,0,99,0.0,1.0,0.0,0,0,0
1780579173.374374,0,0.3499999940395355,0,0,208,900,423158243,11,77,0.0,0.0,30.259244918823242,28.561870574951172,1,0,0.6000000238418579,0,0,0,0,0,4,0,0,0,8,99,1,-8.300000190734863,0.0,18.19034767150879,28.40812110900879,1.5,0,99,1.0,1.0,0.0,0,0,0
1780579173.394262,0,0.3499999940395355,0,0,208,900,423158243,11,77,0.0,0.0,30.259244918823242,28.561870574951172,1,0,0.6000000238418579,0,0,0,0,0,4,0,0,0,8,99,1,0.0,0.0,18.178455352783203,28.40812110900879,1.5,0,99,1.0,0.0,0.0,0,0,0
1780579173.4138734,0,0.3499999940395355,0,0,208,900,423158243,11,77,0.0,0.0,30.259244918823242,28.561870574951172,1,0,0.6000000238418579,0,0,1,0,0,4,0,0,0,8,99,1,8.300000190734863,0.0,18.332454681396484,28.40812110900879,1.5,0,99,1.0,0.0,0.0,0,0,0
1780579173.4338205,0,0.3499999940395355,0,0,208,900,423158243,11,77,0.0,0.0,30.259244918823242,28.561870574951172,1,0,0.6000000238418579,0,0,1,0,0,4,0,0,0,8,99,1,8.300000190734863,0.0,18.498727798461914,28.40812110900879,1.5,0,99,1.0,0.0,0.0,0,0,0
1780579173.4543016,0,0.3499999940395355,0,0,208,900,423158243,11,77,0.0,0.0,30.259244918823242,28.561870574951172,1,0,0.6000000238418579,0,0,1,0,0,4,0,0,0,8,99,1,8.300000190734863,0.0,18.664560317993164,28.40812110900879,1.5,0,99,1.0,0.0,0.0,0,0,0
1780579173.4740229,0,0.3499999940395355,0,0,208,900,423158243,11,77,0.0,0.0,30.259244918823242,28.561870574951172,1,0,0.6000000238418579,0,0,1,0,0,4,0,0,0,8,99,1,8.300000190734863,0.0,18.832063674926758,28.40812110900879,1.5,0,99,1.0,0.0,0.0,0,0,0
1780579173.4939203,0,0.3499999940395355,0,0,208,900,423158243,69,77,0.0,0.0,30.259244918823242,28.561870574951172,1,0,0.6000000238418579,0,0,1,0,0,4,0,0,0,8,99,1,8.300000190734863,0.0,18.99789810180664,28.40812110900879,1.5,0,99,1.0,0.0,0.0,0,0,0
1780579173.5144985,0,0.3499999940395355,0,0,208,900,423158243,69,77,0.0,0.0,30.259244918823242,28.561870574951172,1,0,0.6000000238418579,0,0,1,0,0,4,0,0,0,8,99,1,8.300000190734863,0.0,19.163732528686523,28.40812110900879,1.5,0,99,1.0,0.0,0.0,0,0,0
1780579173.534062,0,0.3499999940395355,0,0,208,900,423158243,69,77,0.0,0.0,30.259244918823242,28.561870574951172,1,0,0.6000000238418579,0,0,1,0,0,4,0,0,0,8,99,1,8.300000190734863,0.0,19.329566955566406,28.40812110900879,1.5,0,99,1.0,0.0,0.0,0,0,0
1780579173.553769,0,0.3499999940395355,0,0,208,900,423158243,69,77,0.0,0.0,30.259244918823242,28.561870574951172,1,0,0.6000000238418579,0,0,1,0,0,4,0,0,0,8,99,1,8.300000190734863,0.0,19.49540138244629,28.40812110900879,1.5,0,99,1.0,0.0,0.0,0,0,0
1780579173.5743155,0,0.3499999940395355,0,0,208,900,423158243,69,77,0.0,0.0,30.259244918823242,28.561870574951172,1,0,0.6000000238418579,0,0,1,0,0,4,0,0,0,8,99,1,8.300000190734863,0.0,19.661235809326172,28.40812110900879,1.5,0,99,0.0,0.0,0.0,0,1,0
1780579173.5942044,0,0.3499999940395355,0,0,208,900,423158243,69,77,0.0,0.0,30.259244918823242,28.561870574951172,1,0,0.6000000238418579,0,0,1,0,0,4,0,0,0,8,99,1,8.300000190734863,0.0,19.827070236206055,28.40812110900879,1.5,0,99,0.0,0.0,0.0,0,1,0
1780579173.6143851,0,0.3499999940395355,0,0,208,900,423158243,69,77,0.0,0.0,30.259244918823242,28.561870574951172,1,0,0.6000000238418579,0,0,1,0,0,4,0,0,0,8,99,1,0.0,0.0,19.838459014892578,28.40812110900879,1.5,0,99,0.0,0.0,0.0,0,1,0
1780579173.6344416,0,0.3499999940395355,0,0,208,900,423158243,69,77,0.0,0.0,30.259244918823242,28.561870574951172,1,0,0.6000000238418579,0,0,1,0,0,4,0,0,0,8,99,1,0.0,0.0,19.838459014892578,28.40812110900879,1.5,0,99,0.0,0.0,0.0,0,1,0
1780579173.6542768,0,0.3499999940395355,0,0,208,900,423158243,69,77,0.0,0.0,30.259244918823242,28.561870574951172,1,0,0.6000000238418579,0,0,1,0,0,4,0,0,0,8,99,1,0.0,0.0,19.838459014892578,28.40812110900879,1.5,0,99,0.0,0.0,0.0,0,1,0
1780579173.6742582,0,0.3499999940395355,0,0,208,900,423158243,69,77,0.0,0.0,30.259244918823242,28.561870574951172,1,0,0.6000000238418579,0,0,1,0,0,4,0,0,0,8,99,1,0.0,0.0,19.838459014892578,28.40812110900879,1.5,0,99,0.0,0.0,0.0,0,1,0
1780579173.6940947,0,0.3499999940395355,0,0,208,900,423158243,69,77,0.0,0.0,30.259244918823242,28.561870574951172,1,0,0.6000000238418579,0,0,1,0,0,4,0,0,0,8,99,1,0.0,0.0,19.838459014892578,28.40812110900879,1.5,0,99,0.0,0.0,0.0,0,1,0
1780579173.7140775,0,0.3499999940395355,0,0,208,900,423158243,69,77,0.0,0.0,30.259244918823242,28.561870574951172,1,0,0.6000000238418579,0,0,1,0,0,4,0,0,0,8,99,1,0.0,0.0,19.838459014892578,28.408123016357422,1.5,0,99,0.0,0.0,0.0,0,0,0
1780579173.7342887,0,0.3499999940395355,0,0,208,900,423158243,69,77,0.0,0.0,30.259244918823242,28.561870574951172,0,0,0.6000000238418579,0,0,1,0,0,4,0,0,0,8,99,1,0.0,0.0,19.838459014892578,28.40812110900879,1.5,0,99,0.0,0.0,0.0,0,0,0
1780579173.754102,0,0.3499999940395355,0,0,208,900,423158243,45,77,8.0,0.0,30.259244918823242,28.561870574951172,0,0,0.6000000238418579,0,0,1,0,0,4,0,0,0,8,99,1,0.0,0.0,19.838459014892578,28.40812110900879,1.5,0,99,0.0,0.0,0.0,0,0,0
1780579173.7740104,0,0.3499999940395355,0,0,208,900,423158243,45,77,8.0,0.0,30.41924476623535,28.561870574951172,0,0,0.6000000238418579,0,0,1,0,0,4,0,0,0,8,99,1,0.0,0.0,19.838459014892578,28.40812110900879,1.5,0,99,0.0,0.0,0.0,0,0,0
1780579173.793931,0,0.3499999940395355,0,0,208,900,423158243,45,77,8.0,0.0,30.57924461364746,28.561870574951172,0,0,0.6000000238418579,0,0,1,0,0,4,0,0,0,8,99,1,0.0,0.0,19.838459014892578,28.40812110900879,1.5,0,99,0.0,0.0,0.0,0,0,0
1780579173.8139746,0,0.3499999940395355,0,0,208,900,423158243,45,77,8.0,0.0,30.73924446105957,28.561870574951172,0,0,0.6000000238418579,0,0,1,0,0,4,0,0,0,8,99,1,0.0,0.0,19.838459014892578,28.40812110900879,1.5,0,99,0.0,0.0,0.0,0,0,0
1780579173.8335917,0,0.3499999940395355,0,0,208,900,423158243,45,77,8.0,0.0,30.89924430847168,28.561870574951172,0,0,0.6000000238418579,0,0,1,0,0,4,0,0,0,8,99,1,0.0,0.0,19.838459014892578,28.40812110900879,1.5,0,66,0.0,0.0,0.0,0,0,0
1780579173.8541977,0,0.3499999940395355,0,0,208,900,423158243,45,77,8.0,0.0,31.05924415588379,28.561870574951172,0,0,0.6000000238418579,0,0,1,0,0,4,0,0,0,8,99,1,-2.0,0.0,19.80128288269043,28.40812110900879,1.5,0,66,0.0,0.0,0.0,0,0,0
1780579173.87406,0,0.3499999940395355,0,0,208,900,423158243,45,77,8.0,0.0,31.2192440032959,28.561870574951172,0,0,0.6000000238418579,0,0,1,0,0,4,0,0,0,8,99,1,-2.0,0.0,19.761322021484375,28.40812110900879,1.5,0,66,0.0,0.0,0.0,0,0,0
1780579173.894433,0,0.3499999940395355,0,0,208,900,423158243,45,77,8.0,0.0,31.379243850708008,28.561870574951172,0,0,0.6000000238418579,0,0,1,0,0,4,0,0,0,8,99,1,-2.0,0.0,19.72136116027832,28.40812110900879,1.5,0,66,0.0,0.0,0.0,0,0,0
1780579173.9138677,0,0.3499999940395355,0,0,208,900,423158243,45,77,8.0,0.0,31.539243698120117,28.561870574951172,0,0,0.6000000238418579,0,0,1,0,0,4,0,0,0,8,99,1,-2.0,0.0,19.68120002746582,28.40812110900879,1.5,0,66,0.0,0.0,0.0,0,0,0
1780579173.9342203,0,0.3499999940395355,0,0,208,900,423158243,45,77,8.0,0.0,31.699243545532227,28.561870574951172,0,0,0.6000000238418579,0,0,1,0,0,4,0,0,0,8,99,1,-2.0,0.0,19.641237258911133,28.40812110900879,1.5,0,66,0.0,0.0,0.0,0,0,0
1780579173.9543178,0,0.3499999940395355,0,0,208,900,423158243,45,77,8.0,0.0,31.859243392944336,28.561870574951172,0,0,0.6000000238418579,0,0,1,0,0,4,0,0,0,8,99,1,-2.0,0.0,19.601276397705078,28.40812110900879,1.5,0,66,0.0,0.0,0.0,0,0,0
1780579173.973559,0,0.3499999940395355,0,0,208,900,423158243,45,77,8.0,0.0,32.01924133300781,28.561870574951172,0,0,0.6000000238418579,0,0,1,0,0,4,0,0,0,8,99,1,-2.0,0.0,19.561315536499023,28.40812110900879,1.5,0,66,0.0,0.0,0.0,0,0,0
1780579173.9944136,0,0.3499999940395355,0,0,178,900,423158243,54,77,8.0,0.0,32.17924499511719,28.561870574951172,0,0,0.6000000238418579,0,0,1,0,0,4,0,0,0,8,99,1,-2.0,0.0,19.52135467529297,28.40812110900879,1.5,0,66,0.0,0.0,0.0,0,0,0
1780579174.0140727,0,0.3499999940395355,0,0,178,900,423158243,54,77,8.0,0.0,32.78924560546875,28.561870574951172,0,0,0.6000000238418579,0,0,1,0,0,4,0,0,0,8,99,1,-2.0,0.0,19.48126792907715,28.408123016357422,1.5,0,66,0.0,0.0,0.0,0,0,0
1780579174.0335326,0,0.3499999940395355,0,0,178,900,423158243,54,77,8.0,0.0,33.39924621582031,28.561870574951172,0,0,0.6000000238418579,0,0,1,0,0,4,0,0,0,8,99,1,-2.0,0.0,19.44130516052246,28.40812110900879,1.5,0,66,0.0,0.0,0.0,0,0,0
1780579174.053578,0,0.3499999940395355,0,0,178,900,423158243,54,77,8.0,0.0,34.009246826171875,28.561870574951172,0,0,0.6000000238418579,0,0,1,0,0,4,0,0,0,8,99,1,-2.0,0.0,19.40134620666504,28.40812110900879,1.5,0,66,0.0,0.0,0.0,0,0,0
1780579174.0736718,0,0.3499999940395355,0,0,178,900,423158243,54,77,8.0,0.0,34.61924743652344,28.561870574951172,0,0,0.6000000238418579,0,0,1,0,0,4,0,0,0,8,99,1,-2.0,0.0,19.361385345458984,28.40812110900879,1.5,0,66,0.0,0.0,0.0,0,0,0
1780579174.0943646,0,0.3499999940395355,0,0,178,900,423158243,54,77,8.0,0.0,35.229248046875,28.561870574951172,0,0,0.6000000238418579,0,0,1,0,0,4,0,0,0,8,99,1,-2.0,0.0,19.321361541748047,28.40812110900879,1.5,0,66,0.0,0.0,0.0,0,0,0
1780579174.113515,0,0.3499999940395355,0,0,178,900,423158243,54,77,8.0,0.0,35.83924865722656,28.561870574951172,0,0,0.6000000238418579,0,0,1,0,0,4,0,0,0,8,99,1,-2.0,0.0,19.281314849853516,28.40812110900879,1.5,0,66,0.0,0.0,0.0,0,0,0
1780579174.1341922,0,0.3499999940395355,0,0,178,900,423158243,54,77,8.0,0.0,36.449249267578125,28.561870574951172,0,0,0.6000000238418579,0,0,1,0,0,4,0,0,0,8,99,1,-2.0,0.0,19.24135398864746,28.40812110900879,1.5,0,66,0.0,0.0,0.0,0,0,0
1780579174.1540868,0,0.3499999940395355,0,0,178,900,423158243,54,77,8.0,0.0,37.05924987792969,28.561870574951172,1,0,0.6000000238418579,0,0,1,0,0,4,0,0,0,8,99,1,0.0,0.0,19.201393127441406,28.40812110900879,1.5,0,66,0.0,0.0,0.0,0,0,0
1780579174.1738825,0,0.3499999940395355,0,0,178,900,423158243,54,77,8.0,0.0,37.2192497253418,28.561870574951172,1,0,0.6000000238418579,0,0,1,0,0,4,0,0,0,8,99,1,0.0,0.0,19.198444366455078,28.40812110900879,1.5,0,66,0.0,0.0,0.0,0,0,0
1780579174.1933553,0,0.3499999940395355,0,0,178,900,423158243,54,77,8.0,0.0,37.379249572753906,28.561870574951172,1,0,0.6000000238418579,0,0,1,0,0,4,0,0,0,8,99,1,0.0,0.0,19.198444366455078,28.40812110900879,1.5,0,66,0.0,0.0,0.0,0,0,0
1780579174.5043314,0,0.3499999940395355,0,0,148,900,423158243,59,77,10.0,20.0,37.539249420166016,28.561870574951172,0,0,0.6000000238418579,0,0,1,0,0,4,0,0,0,8,99,1,0.0,0.0,19.198444366455078,28.40812110900879,1.5,0,66,0.0,0.0,0.0,0,0,0
1780579174.5536625,0,0.3499999940395355,0,0,148,900,423158243,59,77,0.0,18.200000762939453,37.48447036743164,28.925870895385742,0,0,0.6000000238418579,0,0,1,0,0,4,0,0,0,8,99,1,0.0,0.0,19.198444366455078,28.40812110900879,1.5,0,66,0.0,0.0,0.0,0,0,0
1780579174.573757,0,0.3499999940395355,0,0,148,900,423158243,59,77,0.0,16.400001525878906,37.43512725830078,29.253870010375977,0,0,0.6000000238418579,0,0,1,0,0,4,0,0,0,8,99,1,0.0,0.0,19.198444366455078,28.40812110900879,1.5,0,66,0.0,0.0,0.0,0,0,0
1780579174.5936043,0,0.3499999940395355,0,0,148,900,423158243,59,77,0.0,14.60000228881836,37.42219543457031,29.545869827270508,0,0,0.6000000238418579,0,0,1,0,0,4,0,0,0,8,99,1,0.0,0.0,19.198444366455078,28.40812110900879,1.5,0,66,0.0,0.0,0.0,0,0,0
1780579174.614104,0,0.3499999940395355,0,0,148,900,423158243,59,77,0.0,12.800003051757812,37.42053985595703,29.801870346069336,0,0,0.6000000238418579,0,0,1,0,0,4,0,0,0,8,99,1,0.0,0.0,19.198444366455078,28.408119201660156,1.5,0,66,0.0,0.0,0.0,0,0,0
1780579174.634201,0,0.3499999940395355,0,0,148,900,423158243,59,77,0.0,11.000003814697266,37.41948318481445,30.021869659423828,0,0,0.6000000238418579,0,0,1,0,0,4,0,0,0,8,99,1,0.0,0.0,19.198444366455078,28.408119201660156,1.5,0,66,0.0,0.0,0.0,0,0,0
1780579174.6541605,0,0.3499999940395355,0,0,148,900,423158243,59,77,0.0,9.200004577636719,37.41880416870117,30.205869674682617,0,0,0.6000000238418579,0,0,1,0,0,4,0,0,0,8,99,1,-2.0,0.0,19.198444366455078,28.408119201660156,1.5,0,33,0.0,0.0,0.0,0,0,0
1780579174.6734006,0,0.3499999940395355,0,0,148,900,423158243,59,77,0.0,7.400005340576172,37.41836929321289,30.353870391845703,0,0,0.6000000238418579,0,0,1,0,0,4,0,0,0,8,99,1,-2.0,0.0,19.171213150024414,28.408119201660156,1.5,0,33,0.0,0.0,0.0,0,0,0
1780579174.6941118,0,0.3499999940395355,0,0,148,900,423158243,59,77,0.0,5.600006103515625,37.418094635009766,30.465869903564453,0,0,0.6000000238418579,0,0,1,0,0,4,0,0,0,8,99,1,-2.0,0.0,19.13125228881836,28.408119201660156,1.5,0,33,0.0,0.0,0.0,0,0,0
1780579174.7142665,0,0.3499999940395355,0,0,148,900,423158243,59,77,0.0,3.800006866455078,37.41791534423828,30.5418701171875,0,0,0.6000000238418579,0,0,1,0,0,4,0,0,0,8,99,1,-2.0,0.0,19.091293334960938,28.408119201660156,1.5,0,33,0.0,0.0,0.0,0,0,0
1780579174.734043,0,0.3499999940395355,0,0,148,900,423158243,59,77,0.0,2.0000076293945312,37.41780090332031,30.581871032714844,0,0,0.6000000238418579,0,0,1,0,0,4,0,0,0,8,99,1,-2.0,0.0,19.051185607910156,28.408123016357422,1.5,0,33,0.0,0.0,0.0,0,0,0
1780579174.753998,0,0.3499999940395355,0,0,148,900,423158243,59,77,0.0,0.20000839233398438,37.417728424072266,30.58587074279785,0,0,0.6000000238418579,0,0,1,0,0,4,0,0,0,8,99,1,-2.0,0.0,19.011198043823242,28.408123016357422,1.5,0,33,0.0,0.0,0.0,0,0,0
1780579174.7739582,0,0.3499999940395355,0,0,148,900,423158243,59,77,0.0,-1.5999908447265625,37.41768264770508,30.553871154785156,0,0,0.6000000238418579,0,0,1,0,0,4,0,0,0,8,99,1,-2.0,0.0,18.971214294433594,28.408119201660156,1.5,0,33,0.0,0.0,0.0,0,0,0
1780579174.7941039,0,0.3499999940395355,0,0,148,900,423158243,59,77,0.0,-3.3999900817871094,37.41765213012695,30.485872268676758,0,0,0.6000000238418579,0,0,1,0,0,4,0,0,0,8,99,1,-2.0,0.0,18.93121337890625,28.40812110900879,1.5,0,33,0.0,0.0,0.0,0,0,0
1780579174.813415,0,0.3499999940395355,0,0,148,900,423158243,59,77,0.0,-5.199989318847656,37.417633056640625,30.381872177124023,0,0,0.6000000238418579,0,0,1,0,0,4,0,0,0,8,99,1,-2.0,0.0,18.891252517700195,28.408119201660156,1.5,0,33,0.0,0.0,0.0,0,0,0
1780579174.8342187,0,0.3499999940395355,0,0,148,900,423158243,59,77,0.0,-6.999988555908203,37.41762161254883,30.241872787475586,0,0,0.6000000238418579,0,0,1,0,0,4,0,0,0,8,99,1,-2.0,0.0,18.85129165649414,28.408119201660156,1.5,0,33,0.0,0.0,0.0,0,0,0
1780579174.8537762,0,0.3499999940395355,0,0,148,900,423158243,59,77,0.0,-8.79998779296875,37.4176139831543,30.065872192382812,0,0,0.6000000238418579,0,0,1,0,0,4,0,0,0,8,99,1,-2.0,0.0,18.811019897460938,28.408123016357422,1.5,0,33,0.0,0.0,0.0,0,0,0
1780579174.8740594,0,0.3499999940395355,0,0,148,900,423158243,59,77,0.0,-10.599987030029297,37.417606353759766,29.853872299194336,0,0,0.6000000238418579,0,0,1,0,0,4,0,0,0,8,99,1,-2.0,0.0,18.771059036254883,28.408123016357422,1.5,0,33,0.0,0.0,0.0,0,0,0
1780579174.893779,0,0.3499999940395355,0,0,148,900,423158243,59,77,0.0,-12.399986267089844,37.417606353759766,29.605873107910156,0,0,0.6000000238418579,0,0,1,0,0,4,0,0,0,8,99,1,-2.0,0.0,18.731063842773438,28.40812110900879,1.5,0,33,0.0,0.0,0.0,0,0,0
1780579174.914371,0,0.3499999940395355,0,0,148,900,423158243,59,77,0.0,-14.19998550415039,37.417606353759766,29.32187271118164,0,0,0.6000000238418579,0,0,1,0,0,4,0,0,0,8,99,1,-2.0,0.0,18.69110107421875,28.40812110900879,1.5,0,33,0.0,0.0,0.0,0,0,0
1780579174.9340136,0,0.3499999940395355,0,0,148,900,423158243,59,77,0.0,-15.999984741210938,37.417606353759766,29.001873016357422,0,0,0.6000000238418579,0,0,1,0,0,4,0,0,0,8,99,1,-2.0,0.0,18.651012420654297,28.408123016357422,1.5,0,33,0.0,0.0,0.0,0,0,0
1780579174.9535599,0,0.3499999940395355,0,0,118,900,423158243,59,77,0.0,-17.799983978271484,37.417606353759766,28.6458740234375,1,0,0.6000000238418579,0,0,1,0,0,4,0,0,0,8,99,1,0.0,0.0,18.611051559448242,28.40812110900879,1.5,0,33,0.0,0.0,0.0,0,0,0
1780579174.9742396,0,0.3499999940395355,0,0,118,900,423158243,60,77,0.0,0.0,37.417598724365234,28.56183624267578,1,0,0.6000000238418579,0,0,1,0,0,4,0,0,0,8,99,1,0.0,0.0,18.598430633544922,28.40812110900879,1.5,0,33,0.0,0.0,0.0,0,0,0
1780579174.9935918,0,0.3499999940395355,0,0,118,900,423158243,60,77,0.0,0.0,37.417598724365234,28.56184959411621,1,0,0.6000000238418579,0,0,1,0,0,4,0,0,0,8,99,1,0.0,0.0,18.598430633544922,28.40812110900879,1.5,0,33,0.0,0.0,0.0,0,0,0
1780579175.0135815,0,0.3499999940395355,0,0,118,900,423158243,60,77,0.0,0.0,37.417598724365234,28.561859130859375,1,0,0.6000000238418579,0,0,1,0,0,4,0,0,0,8,99,1,0.0,0.0,18.598430633544922,28.408119201660156,1.5,0,33,0.0,0.0,0.0,0,0,0
1780579175.0342255,0,0.3499999940395355,0,0,118,900,423158243,60,77,0.0,0.0,37.417598724365234,28.561864852905273,1,0,0.6000000238418579,0,0,1,0,0,4,0,0,0,8,99,1,0.0,0.0,18.598430633544922,28.408119201660156,1.5,0,33,0.0,0.0,0.0,0,0,0
1780579175.053636,0,0.3499999940395355,0,0,118,900,423158243,60,77,0.0,0.0,37.417598724365234,28.56186866760254,1,0,0.6000000238418579,0,0,1,0,0,4,0,0,0,8,99,1,0.0,0.0,18.598430633544922,28.40812110900879,1.5,0,33,0.0,0.0,0.0,0,0,0
1780579175.0742598,0,0.3499999940395355,0,0,118,900,423158243,60,77,0.0,0.0,37.417598724365234,28.561870574951172,1,0,0.6000000238418579,0,0,1,0,0,4,0,0,0,8,99,1,0.0,0.0,18.598430633544922,28.40812110900879,1.5,0,33,0.0,0.0,0.0,0,0,0
1780579175.093369,0,0.3499999940395355,0,0,118,900,423158243,60,77,0.0,0.0,37.417598724365234,28.561870574951172,1,0,0.6000000238418579,0,0,1,0,0,4,0,0,0,8,99,1,0.0,0.0,18.598430633544922,28.408123016357422,1.5,0,33,0.0,0.0,0.0,0,0,0
1780579175.1142914,0,0.3499999940395355,0,0,118,900,423158243,60,77,0.0,0.0,37.417598724365234,28.561870574951172,1,0,0.6000000238418579,0,0,1,0,0,4,0,0,0,8,99,1,0.0,0.0,18.598430633544922,28.40812110900879,1.5,0,33,0.0,0.0,0.0,0,0,0
1780579175.1343908,0,0.3499999940395355,0,0,118,900,423158243,60,77,0.0,0.0,37.417598724365234,28.561870574951172,1,0,0.6000000238418579,0,0,1,0,0,4,0,0,0,8,99,1,0.0,0.0,18.598430633544922,28.40812110900879,1.5,0,33,0.0,0.0,0.0,0,0,0
1780579175.154105,0,0.3499999940395355,0,0,118,900,423158243,60,77,0.0,0.0,37.417598724365234,28.561870574951172,1,0,0.6000000238418579,0,0,1,0,0,4,0,0,0,8,99,1,0.0,0.0,18.598430633544922,28.40812110900879,1.5,0,33,0.0,0.0,0.0,0,0,0
1780579175.173718,0,0.3499999940395355,0,0,118,900,423158243,60,77,0.0,0.0,37.417598724365234,28.561870574951172,1,0,0.6000000238418579,0,0,1,0,0,4,0,0,0,8,99,1,0.0,0.0,18.598430633544922,28.408119201660156,1.5,0,33,0.0,0.0,0.0,0,0,0
1780579175.194127,0,0.3499999940395355,0,0,118,900,423158243,60,77,0.0,0.0,37.417598724365234,28.561870574951172,1,0,0.6000000238418579,0,0,1,0,0,4,0,0,0,8,99,1,0.0,0.0,18.598430633544922,28.40812110900879,1.5,0,33,0.0,0.0,0.0,0,0,0
1780579175.2141588,0,0.3499999940395355,0,0,118,900,423158243,60,77,0.0,0.0,37.417598724365234,28.561870574951172,1,0,0.6000000238418579,0,0,1,0,0,4,0,0,0,8,99,1,0.0,0.0,18.598430633544922,28.408119201660156,1.5,0,33,0.0,0.0,0.0,0,0,0
1780579175.2334666,0,0.3499999940395355,0,0,118,900,423158243,60,77,0.0,0.0,37.417598724365234,28.561870574951172,1,0,0.6000000238418579,0,0,1,0,0,4,0,0,0,8,99,1,0.0,0.0,18.598430633544922,28.408119201660156,1.5,0,33,0.0,0.0,0.0,0,0,0
1780579175.2536151,0,0.3499999940395355,0,0,118,900,423158243,60,77,0.0,0.0,37.417598724365234,28.561870574951172,1,0,0.6000000238418579,0,0,1,0,0,4,0,0,0,8,99,1,0.0,0.0,18.598430633544922,28.408123016357422,1.5,0,33,0.0,0.0,0.0,0,0,0
1780579175.2741005,0,0.3499999940395355,0,0,118,900,423158243,60,77,0.0,0.0,37.417598724365234,28.561870574951172,1,0,0.6000000238418579,0,0,1,0,0,4,0,0,0,8,99,1,0.0,0.0,18.598430633544922,28.408119201660156,1.5,0,33,0.0,0.0,0.0,0,1,0
1780579175.2940702,0,0.3499999940395355,0,0,118,900,423158243,60,77,0.0,0.0,37.417598724365234,28.561870574951172,1,0,0.6000000238418579,0,0,1,0,0,4,0,0,0,8,99,1,0.0,0.0,18.598430633544922,28.40812110900879,1.5,0,33,0.0,0.0,0.0,0,1,0
1780579175.3140106,0,0.3499999940395355,0,0,118,900,423158243,60,77,0.0,0.0,37.417598724365234,28.561870574951172,1,0,0.6000000238418579,0,0,1,0,0,4,0,0,0,8,99,1,0.0,0.0,18.598430633544922,28.408119201660156,1.5,0,33,0.0,0.0,0.0,0,1,0
1780579175.3342905,0,0.3499999940395355,0,0,118,900,423158243,60,77,0.0,0.0,37.417598724365234,28.561870574951172,1,0,0.6000000238418579,0,0,1,0,0,4,0,0,0,8,99,1,0.0,0.0,18.598430633544922,28.408123016357422,1.5,0,33,0.0,0.0,0.0,0,1,0
1780579175.3542912,0,0.3499999940395355,0,0,118,900,423158243,60,77,0.0,0.0,37.417598724365234,28.561870574951172,1,0,0.6000000238418579,0,0,1,0,0,4,0,0,0,8,99,1,0.0,0.0,18.598430633544922,28.408123016357422,1.5,0,33,0.0,0.0,0.0,0,1,0
1780579175.3736932,0,0.3499999940395355,0,0,118,900,423158243,60,77,0.0,0.0,37.417598724365234,28.561870574951172,1,0,0.6000000238418579,0,0,1,0,0,4,0,0,0,8,99,1,0.0,0.0,18.598430633544922,28.408119201660156,1.5,0,33,0.0,0.0,0.0,0,1,0
1780579175.3936388,0,0.3499999940395355,0,0,118,900,423158243,60,77,0.0,0.0,37.417598724365234,28.561870574951172,1,0,0.6000000238418579,0,0,1,0,0,4,0,0,0,8,99,1,0.0,0.0,18.598430633544922,28.408123016357422,1.5,0,33,0.0,0.0,0.0,0,1,0
1780579175.414041,0,0.3499999940395355,0,0,118,900,423158243,60,77,0.0,0.0,37.417598724365234,28.561870574951172,1,0,0.6000000238418579,0,0,1,0,0,4,0,0,0,8,99,1,0.0,0.0,18.598430633544922,28.40812110900879,1.5,0,33,0.0,0.0,0.0,0,1,0
1780579175.4341874,0,0.3499999940395355,0,0,118,900,423158243,60,77,0.0,0.0,37.417598724365234,28.561870574951172,1,0,0.6000000238418579,0,0,1,0,0,4,0,0,0,8,99,1,0.0,0.0,18.598430633544922,28.40812110900879,1.5,0,33,0.0,0.0,0.0,0,0,0
1780579175.454112,0,0.3499999940395355,0,0,118,900,423158243,60,77,0.0,0.0,37.417598724365234,28.561870574951172,0,0,0.6000000238418579,0,0,1,0,0,4,0,0,0,8,99,1,0.0,0.0,18.598430633544922,28.40812110900879,1.5,0,33,0.0,0.0,0.0,0,0,0
1780579175.4742382,0,0.3499999940395355,0,0,118,900,423158243,60,77,0.0,0.0,37.417598724365234,28.561870574951172,0,0,0.6000000238418579,0,0,1,0,0,4,0,0,0,8,99,1,0.0,0.0,18.598430633544922,28.40812110900879,1.5,0,33,0.0,0.0,0.0,0,0,0
1780579175.4944477,0,0.3499999940395355,0,0,118,900,423158243,60,77,0.0,0.0,37.417598724365234,28.561870574951172,0,0,0.6000000238418579,0,0,1,0,0,4,0,0,0,8,99,1,0.0,0.0,18.598430633544922,28.40812110900879,1.5,0,33,0.0,0.0,0.0,0,0,0
1780579175.513913,0,0.3499999940395355,0,0,118,900,423158243,60,77,0.0,0.0,37.417598724365234,28.561870574951172,0,0,0.6000000238418579,0,0,1,0,0,4,0,0,0,8,99,1,0.0,0.0,18.598430633544922,28.40812110900879,1.5,0,33,0.0,0.0,0.0,0,0,0
1780579175.5336578,0,0.3499999940395355,0,0,118,900,423158243,60,77,0.0,0.0,37.417598724365234,28.561870574951172,0,0,0.6000000238418579,0,0,1,0,0,4,0,0,0,8,99,1,0.0,0.0,18.598430633544922,28.408119201660156,1.5,0,33,0.0,0.0,0.0,0,0,0
1780579175.553949,0,0.3499999940395355,0,0,118,900,423158243,60,77,0.0,0.0,37.417598724365234,28.561870574951172,0,0,0.6000000238418579,0,0,1,0,0,4,0,0,0,8,99,1,0.0,0.0,18.598430633544922,28.408119201660156,1.5,0,0,0.0,0.0,0.0,0,0,0
1780579175.5737557,0,0.3499999940395355,0,0,118,900,423158243,60,77,0.0,0.0,37.417598724365234,28.561870574951172,0,0,0.6000000238418579,0,0,1,0,0,4,0,0,0,8,99,1,-2.0,0.0,18.57111358642578,28.408123016357422,1.5,0,0,0.0,0.0,0.0,0,0,0
1780579175.5934763,0,0.3499999940395355,0,0,118,900,423158243,60,77,0.0,0.0,37.417598724365234,28.561870574951172,0,0,0.6000000238418579,0,0,1,0,0,4,0,0,0,8,99,1,-2.0,0.0,18.531152725219727,28.408123016357422,1.5,0,0,0.0,0.0,0.0,0,0,0
1780579175.6145623,0,0.3499999940395355,0,0,118,900,423158243,60,77,0.0,0.0,37.417598724365234,28.561870574951172,0,0,0.6000000238418579,0,0,1,0,0,4,0,0,0,8,99,1,-2.0,0.0,18.491191864013672,28.408123016357422,1.5,0,0,0.0,0.0,0.0,0,0,0
1780579175.6356165,0,0.3499999940395355,0,0,118,900,423158243,60,77,0.0,0.0,37.417598724365234,28.561870574951172,0,0,0.6000000238418579,0,0,1,0,0,4,0,0,0,8,99,1,-2.0,0.0,18.450925827026367,28.408119201660156,1.5,0,0,0.0,0.0,0.0,0,0,0
1780579175.656883,0,0.3499999940395355,0,0,118,900,423158243,60,77,0.0,0.0,37.417598724365234,28.561870574951172,0,0,0.6000000238418579,0,0,1,0,0,4,0,0,0,8,99,1,-2.0,0.0,18.410964965820312,28.40812110900879,1.5,0,0,0.0,0.0,0.0,0,0,0
1780579175.6761744,0,0.3499999940395355,0,0,118,900,423158243,60,77,0.0,0.0,37.417598724365234,28.561870574951172,0,0,0.6000000238418579,0,0,1,0,0,4,0,0,0,8,99,1,-2.0,0.0,18.37095069885254,28.408123016357422,1.5,0,0,0.0,0.0,0.0,0,0,0
1780579175.6956127,0,0.3499999940395355,0,0,118,900,423158243,60,77,0.0,0.0,37.417598724365234,28.561870574951172,0,0,0.6000000238418579,0,0,1,0,0,4,0,0,0,8,99,1,-2.0,0.0,18.330989837646484,28.40812110900879,1.5,0,0,0.0,0.0,0.0,0,0,0
1780579175.7144883,0,0.3499999940395355,0,0,118,900,423158243,60,77,0.0,0.0,37.417598724365234,28.561870574951172,0,0,0.6000000238418579,0,0,1,0,0,4,0,0,0,8,99,1,-2.0,0.0,18.29102897644043,28.408123016357422,1.5,0,0,0.0,0.0,0.0,0,0,0
1780579175.7337527,0,0.3499999940395355,0,0,118,900,423158243,60,77,0.0,0.0,37.417598724365234,28.561870574951172,0,0,0.6000000238418579,0,0,1,0,0,4,0,0,0,8,99,1,-2.0,0.0,18.251068115234375,28.40812110900879,1.5,0,0,0.0,0.0,0.0,0,0,0
1780579175.7541912,0,0.3499999940395355,0,0,118,900,423158243,60,77,0.0,0.0,37.417598724365234,28.561870574951172,0,0,0.6000000238418579,0,0,1,0,0,4,0,0,0,8,99,1,-2.0,0.0,18.21110725402832,28.40812110900879,1.5,0,0,0.0,0.0,0.0,0,0,0
1780579175.774158,0,0.3499999940395355,0,0,118,900,423158243,60,77,0.0,0.0,37.417598724365234,28.561870574951172,0,0,0.6000000238418579,0,0,1,0,0,4,0,0,0,8,99,1,-2.0,0.0,18.171106338500977,28.40812110900879,1.5,0,0,0.0,0.0,0.0,0,0,0
1780579175.7935581,0,0.3499999940395355,0,0,118,900,423158243,60,77,0.0,0.0,37.417598724365234,28.561870574951172,0,0,0.6000000238418579,0,0,1,0,0,4,0,0,0,8,99,1,-2.0,0.0,18.131099700927734,28.408119201660156,1.5,0,0,0.0,0.0,0.0,0,0,0
1780579175.8134737,0,0.3499999940395355,0,0,118,900,423158243,60,77,0.0,0.0,37.417598724365234,28.561870574951172,0,0,0.6000000238418579,0,0,1,0,0,4,0,0,0,8,99,1,-2.0,0.0,18.091136932373047,28.408123016357422,1.5,0,0,0.0,0.0,0.0,0,0,0
1780579175.8336465,0,0.3499999940395355,0,0,118,900,423158243,60,77,0.0,0.0,37.417598724365234,28.561870574951172,0,0,0.6000000238418579,0,0,1,0,0,4,0,0,0,8,99,1,-2.0,0.0,18.051177978515625,28.408119201660156,1.5,0,0,0.0,0.0,0.0,0,0,0
1780579175.853849,0,0.3499999940395355,0,0,88,900,423158243,7,77,0.0,0.0,37.417598724365234,28.561870574951172,1,0,0.6000000238418579,0,0,1,0,0,4,0,0,0,8,99,1,-2.0,0.0,18.01116371154785,28.40812110900879,1.5,0,0,0.0,0.0,0.0,0,0,0
1780579175.8737073,0,0.3499999940395355,0,0,88,900,423158243,7,77,0.0,0.0,37.41765594482422,28.561874389648438,1,0,0.6000000238418579,0,0,1,0,0,4,0,0,0,8,99,1,0.0,0.0,17.998416900634766,28.40812110900879,1.5,0,0,0.0,0.0,0.0,0,0,0
1780579175.8942776,0,0.3499999940395355,0,0,88,900,423158243,7,77,0.0,0.0,37.41763687133789,28.561874389648438,1,0,0.6000000238418579,0,0,1,0,0,4,0,0,0,8,99,1,0.0,0.0,17.998416900634766,28.408119201660156,1.5,0,0,0.0,0.0,0.0,0,0,0
1780579175.9142692,0,0.3499999940395355,0,0,88,900,423158243,7,77,0.0,0.0,37.41762161254883,28.561874389648438,1,0,0.6000000238418579,0,0,1,0,0,4,0,0,0,8,99,1,0.0,0.0,17.998416900634766,28.408119201660156,1.5,0,0,0.0,0.0,0.0,0,0,0
1780579175.934157,0,0.3499999940395355,0,0,88,900,423158243,7,77,0.0,0.0,37.4176139831543,28.561874389648438,1,0,0.6000000238418579,0,0,1,0,0,4,0,0,0,8,99,1,0.0,0.0,17.998416900634766,28.408123016357422,1.5,0,0,0.0,0.0,0.0,0,0,0
1780579175.9535406,0,0.3499999940395355,0,0,88,900,423158243,7,77,0.0,0.0,37.417606353759766,28.561874389648438,1,0,0.6000000238418579,0,0,1,0,0,4,0,0,0,8,99,1,0.0,0.0,17.998416900634766,28.40812110900879,1.5,0,0,0.0,0.0,0.0,0,0,0
1780579175.9740884,0,0.3499999940395355,0,0,88,900,423158243,7,77,0.0,0.0,37.417606353759766,28.561874389648438,1,0,0.6000000238418579,0,0,1,0,0,4,0,0,0,8,99,1,0.0,0.0,17.998416900634766,28.40812110900879,1.5,0,0,0.0,0.0,0.0,0,0,0
1780579175.9941146,0,0.3499999940395355,0,0,88,900,423158243,7,77,0.0,0.0,37.417606353759766,28.561874389648438,1,0,0.6000000238418579,0,0,1,0,0,4,0,0,0,8,99,1,0.0,0.0,17.998416900634766,28.40812110900879,1.5,0,0,0.0,0.0,0.0,0,0,0
1780579176.0135994,0,0.3499999940395355,0,0,88,900,423158243,7,77,0.0,0.0,37.417606353759766,28.561874389648438,1,0,0.6000000238418579,0,0,1,0,0,4,0,0,0,8,99,1,0.0,0.0,17.998416900634766,28.408119201660156,1.5,0,0,0.0,0.0,0.0,0,0,0
1780579176.0337772,0,0.3499999940395355,0,0,88,900,423158243,7,77,0.0,0.0,37.417606353759766,28.561874389648438,1,0,0.6000000238418579,0,0,1,0,0,4,0,0,0,8,99,1,0.0,0.0,17.998416900634766,28.408119201660156,1.5,0,0,0.0,0.0,0.0,0,0,0
1780579176.0540519,0,0.3499999940395355,0,0,88,900,423158243,7,77,0.0,0.0,37.417606353759766,28.561874389648438,1,0,0.6000000238418579,0,0,1,0,0,4,0,0,0,8,99,1,0.0,0.0,17.998416900634766,28.408123016357422,1.5,0,0,0.0,0.0,0.0,0,0,0
1780579176.073939,0,0.3499999940395355,0,0,88,900,423158243,7,77,0.0,0.0,37.417606353759766,28.561874389648438,1,0,0.6000000238418579,0,0,1,0,0,4,0,0,0,8,99,1,0.0,0.0,17.998416900634766,28.40812110900879,1.5,0,0,0.0,0.0,0.0,0,0,0
1780579176.094368,0,0.3499999940395355,0,0,88,900,423158243,7,77,0.0,0.0,37.417606353759766,28.561874389648438,1,0,0.6000000238418579,0,0,1,0,0,4,0,0,0,8,99,1,0.0,0.0,17.998416900634766,28.40812110900879,1.5,0,0,0.0,0.0,0.0,0,0,0
1780579176.114267,0,0.3499999940395355,0,0,88,900,423158243,7,77,0.0,0.0,37.417606353759766,28.561874389648438,1,0,0.6000000238418579,0,0,1,0,0,4,0,0,0,8,99,1,0.0,0.0,17.998416900634766,28.40812110900879,1.5,0,0,0.0,0.0,0.0,0,0,0
1780579176.1344414,0,0.3499999940395355,0,0,88,900,423158243,7,77,0.0,0.0,37.417606353759766,28.561874389648438,1,0,0.6000000238418579,0,0,1,0,0,4,0,0,0,8,99,1,0.0,0.0,17.998416900634766,28.408123016357422,1.5,0,0,0.0,0.0,0.0,0,0,0
1780579176.1536798,0,0.3499999940395355,0,0,88,900,423158243,7,77,0.0,0.0,37.417606353759766,28.561874389648438,1,0,0.6000000238418579,0,0,1,0,0,4,0,0,0,8,99,1,0.0,0.0,17.998416900634766,28.40812110900879,1.5,0,0,0.0,0.0,0.0,0,0,0
1780579176.174223,0,0.3499999940395355,0,0,88,900,423158243,9,77,-10.315130233764648,41.0,37.417606353759766,28.561874389648438,1,0,0.6000000238418579,0,0,1,0,0,4,0,0,0,8,99,1,0.0,0.0,17.998416900634766,28.40812110900879,1.5,0,0,0.0,0.0,0.0,0,0,0
1780579176.1940958,0,0.3499999940395355,0,0,88,900,423158243,10,77,-10.315130233764648,39.20000076293945,37.2113037109375,29.345874786376953,1,0,0.6000000238418579,0,0,1,0,0,4,0,0,0,8,99,1,0.0,0.0,17.998416900634766,28.40812110900879,1.5,0,0,0.0,0.0,0.0,0,0,0
1780579176.2135804,0,0.3499999940395355,0,0,88,900,423158243,10,77,-10.315130233764648,37.400001525878906,37.005001068115234,30.093873977661133,1,0,0.6000000238418579,0,0,1,0,0,4,0,0,0,8,99,1,0.0,0.0,17.998416900634766,28.40812110900879,1.5,0,0,0.0,0.0,0.0,0,0,0
1780579176.2339447,0,0.3499999940395355,0,0,88,900,423158243,10,77,-10.315130233764648,35.60000228881836,36.79869842529297,30.80587387084961,1,0,0.6000000238418579,0,0,1,0,0,4,0,0,0,8,99,1,0.0,0.0,17.998416900634766,28.40812110900879,1.5,0,0,0.0,0.0,0.0,0,0,0
1780579176.2540517,0,0.3499999940395355,0,0,88,900,423158243,10,77,-10.315130233764648,33.80000305175781,36.5923957824707,31.481874465942383,1,0,0.6000000238418579,0,0,1,0,0,4,0,0,0,8,99,1,0.0,0.0,17.998416900634766,28.40812110900879,1.5,0,0,0.0,0.0,0.0,0,0,0
1780579176.2742527,0,0.3499999940395355,0,0,88,900,423158243,10,77,-10.315130233764648,32.000003814697266,36.38609313964844,32.12187194824219,1,0,0.6000000238418579,0,0,1,0,0,4,0,0,0,8,99,1,0.0,0.0,17.998416900634766,28.40812110900879,1.5,0,0,0.0,0.0,0.0,0,0,0
1780579176.293679,0,0.3499999940395355,0,0,88,900,423158243,10,77,-10.315130233764648,30.20000457763672,36.17979049682617,32.72587203979492,1,0,0.6000000238418579,0,0,1,0,0,4,0,0,0,8,99,1,0.0,0.0,17.998416900634766,28.40812110900879,1.5,0,0,0.0,0.0,0.0,0,0,0
1780579176.3140724,0,0.3499999940395355,0,0,88,900,423158243,10,77,-10.315130233764648,28.400005340576172,35.973487854003906,33.29387283325195,1,0,0.6000000238418579,0,0,1,0,0,4,0,0,0,8,99,1,0.0,0.0,17.998416900634766,28.408119201660156,1.5,0,0,0.0,0.0,0.0,0,0,0
1780579176.334176,0,0.3499999940395355,0,0,88,900,423158243,10,77,-10.315130233764648,26.600006103515625,35.76718521118164,33.82587432861328,1,0,0.6000000238418579,0,0,1,0,0,4,0,0,0,8,99,1,0.0,0.0,17.998416900634766,28.40812110900879,1.5,0,0,0.0,0.0,0.0,0,0,0
1780579176.3535368,0,0.3499999940395355,0,0,88,900,423158243,10,77,-10.315130233764648,24.800006866455078,35.560882568359375,34.32187271118164,1,0,0.6000000238418579,0,0,1,0,0,4,0,0,0,8,99,1,0.0,0.0,17.998416900634766,28.40812110900879,1.5,0,0,0.0,0.0,0.0,0,0,0
1780579176.3738961,0,0.3499999940395355,0,0,88,900,423158243,10,77,-10.315130233764648,23.00000762939453,35.35457992553711,34.7818717956543,1,0,0.6000000238418579,0,0,1,0,0,4,0,0,0,8,99,1,0.0,0.0,17.998416900634766,28.408119201660156,1.5,0,0,0.0,0.0,0.0,0,0,0
1780579176.3939817,0,0.3499999940395355,0,0,88,900,423158243,10,77,-10.315130233764648,21.200008392333984,35.148277282714844,35.20587158203125,1,0,0.6000000238418579,0,0,1,0,0,4,0,0,0,8,99,1,0.0,0.0,17.998416900634766,28.408123016357422,1.5,0,0,0.0,0.0,0.0,0,0,0
1780579176.4143217,0,0.3499999940395355,0,0,88,900,423158243,10,77,-10.315130233764648,19.400009155273438,34.94197463989258,35.5938720703125,1,0,0.6000000238418579,0,0,1,0,0,4,0,0,0,8,99,1,0.0,0.0,17.998416900634766,28.408119201660156,1.5,0,0,0.0,0.0,0.0,0,0,0
1780579176.4336305,0,0.3499999940395355,0,0,88,900,423158243,10,77,-10.315130233764648,17.60000991821289,34.73567199707031,35.94587326049805,1,0,0.6000000238418579,0,0,1,0,0,4,0,0,0,8,99,1,0.0,0.0,17.998416900634766,28.408123016357422,1.5,0,0,0.0,0.0,0.0,0,0,0
1780579176.4538767,0,0.3499999940395355,0,0,88,900,423158243,10,77,-10.315130233764648,15.800010681152344,34.52936935424805,36.26187515258789,1,0,0.6000000238418579,0,0,1,0,0,4,0,0,0,8,99,1,0.0,0.0,17.998416900634766,28.408123016357422,1.5,0,0,0.0,0.0,0.0,0,0,0
1780579176.4739964,0,0.3499999940395355,0,0,88,900,423158243,10,77,-10.315130233764648,14.000011444091797,34.32306671142578,36.541873931884766,1,0,0.6000000238418579,0,0,1,0,0,4,0,0,0,8,99,1,0.0,0.0,17.998416900634766,28.40812110900879,1.5,0,0,0.0,0.0,0.0,0,0,0
1780579176.4935904,0,0.3499999940395355,0,0,88,900,423158243,10,77,-10.315130233764648,12.20001220703125,34.116764068603516,36.78587341308594,1,0,0.6000000238418579,0,0,1,0,0,4,0,0,0,8,99,1,0.0,0.0,17.998416900634766,28.408119201660156,1.5,0,0,0.0,0.0,0.0,0,0,0
1780579176.513678,0,0.3499999940395355,0,0,88,900,423158243,10,77,-10.315130233764648,10.400012969970703,33.91046142578125,36.993873596191406,1,0,0.6000000238418579,0,0,1,0,0,4,0,0,0,8,99,1,0.0,0.0,17.998416900634766,28.40812110900879,1.5,0,0,0.0,0.0,0.0,0,0,0
1780579176.5338562,0,0.3499999940395355,0,0,88,900,423158243,10,77,-10.315130233764648,8.600013732910156,33.704158782958984,37.16587448120117,1,0,0.6000000238418579,0,0,1,0,0,4,0,0,0,8,99,1,0.0,0.0,17.998416900634766,28.408119201660156,1.5,0,0,0.0,0.0,0.0,0,0,0
1780579176.5537083,0,0.3499999940395355,0,0,88,900,423158243,10,77,-10.315130233764648,6.800014495849609,33.49785614013672,37.301876068115234,1,0,0.6000000238418579,0,0,1,0,0,4,0,0,0,8,99,1,0.0,0.0,17.998416900634766,28.408119201660156,1.5,0,1,0.0,0.0,0.0,0,0,0
1780579176.57351,0,0.3499999940395355,0,0,88,900,423158243,10,77,-10.315130233764648,5.0000152587890625,33.29155349731445,37.40187454223633,1,0,0.6000000238418579,0,0,1,0,0,4,0,0,0,8,99,1,0.0,0.0,17.998416900634766,28.408123016357422,1.5,0,3,0.0,0.0,0.0,0,0,0
1780579176.594455,0,0.3499999940395355,0,0,88,900,423158243,10,77,-10.315130233764648,3.2000160217285156,33.08525085449219,37.46587371826172,1,0,0.6000000238418579,0,0,1,0,0,4,0,0,0,8,99,1,0.0,0.0,17.998416900634766,28.40812110900879,1.5,0,5,0.0,0.0,0.0,0,0,0
1780579176.6143444,0,0.3499999940395355,0,0,88,900,423158243,10,77,-10.315130233764648,1.4000167846679688,32.87894821166992,37.493873596191406,1,0,0.6000000238418579,0,0,1,0,0,4,0,0,0,8,99,1,0.0,0.0,17.998416900634766,28.40812110900879,1.5,0,7,0.0,0.0,0.0,0,0,0
1780579176.6335335,0,0.3499999940395355,0,0,88,900,423158243,10,77,-10.315130233764648,-0.3999824523925781,32.672645568847656,37.48587417602539,1,0,0.6000000238418579,0,0,1,0,0,4,0,0,0,8,99,1,0.0,0.0,17.998416900634766,28.408123016357422,1.5,0,8,0.0,0.0,0.0,0,0,0
1780579176.6536217,0,0.3499999940395355,0,0,88,900,423158243,10,77,-10.315130233764648,-2.199981689453125,32.46634292602539,37.44187545776367,1,0,0.6000000238418579,0,0,1,0,0,4,0,0,0,8,99,1,0.0,0.0,17.998416900634766,28.408123016357422,1.5,0,8,0.0,0.0,0.0,0,0,0
1780579176.6739075,0,0.3499999940395355,0,0,88,900,423158243,10,77,-10.315130233764648,-3.999980926513672,32.260040283203125,37.36187744140625,1,0,0.6000000238418579,0,0,1,0,0,4,0,0,0,8,99,1,0.0,0.0,17.998416900634766,28.40812110900879,1.5,0,8,0.0,0.0,0.0,0,0,0
1780579176.6941295,0,0.3499999940395355,0,0,88,900,423158243,10,77,-10.315130233764648,-5.799980163574219,32.05373764038086,37.24587631225586,1,0,0.6000000238418579,0,0,1,0,0,4,0,0,0,8,99,1,0.0,0.0,17.998416900634766,28.40812110900879,1.5,0,8,0.0,0.0,0.0,0,0,0
1780579176.7136767,0,0.3499999940395355,0,0,88,900,423158243,10,77,-10.315130233764648,-7.599979400634766,31.847434997558594,37.093875885009766,1,0,0.6000000238418579,0,0,1,0,0,4,0,0,0,8,99,1,0.0,0.0,17.998416900634766,28.40812110900879,1.5,0,8,0.0,0.0,0.0,0,0,0
1780579176.733902,0,0.3499999940395355,0,0,88,900,423158243,10,77,-10.315130233764648,-9.399978637695312,31.641132354736328,36.90587615966797,1,0,0.6000000238418579,0,0,1,0,0,4,0,0,0,8,99,1,0.0,0.0,17.998416900634766,28.40812110900879,1.5,0,8,0.0,0.0,0.0,0,0,0
1780579176.75407,0,0.3499999940395355,0,0,88,900,423158243,10,77,-10.315130233764648,-11.19997787475586,31.434829711914062,36.68187713623047,1,0,0.6000000238418579,0,0,1,0,0,4,0,0,0,8,99,1,0.0,0.0,17.998416900634766,28.408123016357422,1.5,0,8,0.0,0.0,0.0,0,0,0
1780579176.773553,0,0.3499999940395355,0,0,88,900,423158243,10,77,-10.315130233764648,-12.999977111816406,31.228527069091797,36.421878814697266,1,0,0.6000000238418579,0,0,1,0,0,4,0,0,0,8,99,1,0.0,0.0,17.998416900634766,28.40812110900879,1.5,0,8,0.0,0.0,0.0,0,0,0
1780579176.7936418,0,0.3499999940395355,0,0,88,900,423158243,10,77,-10.315130233764648,-14.799976348876953,31.02222442626953,36.12588119506836,1,0,0.6000000238418579,0,0,1,0,0,4,0,0,0,8,99,1,0.0,0.0,17.998416900634766,28.40812110900879,1.5,0,8,0.0,0.0,0.0,0,0,0
1780579176.8142967,0,0.3499999940395355,0,0,88,900,423158243,10,77,-10.315130233764648,-16.5999755859375,30.815921783447266,35.793880462646484,1,0,0.6000000238418579,0,0,1,0,0,4,0,0,0,8,99,1,0.0,0.0,17.998416900634766,28.408119201660156,1.5,0,8,0.0,0.0,0.0,0,0,0
1780579176.833865,0,0.3499999940395355,0,0,88,900,423158243,10,77,-10.315130233764648,-18.399974822998047,30.609619140625,35.425880432128906,1,0,0.6000000238418579,0,0,1,0,0,4,0,0,0,8,99,1,0.0,0.0,17.998416900634766,28.408123016357422,1.5,0,8,0.0,0.0,0.0,0,0,0
1780579176.8537438,0,0.3499999940395355,0,0,88,900,423158243,10,77,-10.315130233764648,-20.199974060058594,30.403316497802734,35.021881103515625,1,0,0.6000000238418579,0,0,1,0,0,4,0,0,0,8,99,1,0.0,0.0,17.998416900634766,28.408123016357422,1.5,0,8,0.0,0.0,0.0,0,0,0
1780579176.8744338,0,0.3499999940395355,0,0,88,900,423158243,10,77,-10.315130233764648,-21.99997329711914,30.19701385498047,34.58188247680664,1,0,0.6000000238418579,0,0,1,0,0,4,0,0,0,8,99,1,0.0,0.0,17.998416900634766,28.40812110900879,1.5,0,8,0.0,0.0,0.0,0,0,0
1780579176.8943386,0,0.3499999940395355,0,0,88,900,423158243,10,77,-10.315130233764648,-23.799972534179688,29.990711212158203,34.10588455200195,1,0,0.6000000238418579,0,0,1,0,0,4,0,0,0,8,99,1,0.0,0.0,17.998416900634766,28.40812110900879,1.5,0,8,0.0,0.0,0.0,0,0,0
1780579176.9137099,0,0.3499999940395355,0,0,88,900,423158243,10,77,-10.315130233764648,-25.599971771240234,29.784408569335938,33.5938835144043,1,0,0.6000000238418579,0,0,1,0,0,4,0,0,0,8,99,1,0.0,0.0,17.998416900634766,28.40812110900879,1.5,0,8,0.0,0.0,0.0,0,0,0
1780579176.934298,0,0.3499999940395355,0,0,88,900,423158243,10,77,-10.315130233764648,-27.39997100830078,29.578105926513672,33.04588317871094,1,0,0.6000000238418579,0,0,1,0,0,4,0,0,0,8,99,1,0.0,0.0,17.998416900634766,28.408119201660156,1.5,0,8,0.0,0.0,0.0,0,0,0
1780579176.953829,0,0.3499999940395355,0,0,88,900,423158243,10,77,-10.315130233764648,-29.199970245361328,29.371803283691406,32.461883544921875,1,0,0.6000000238418579,0,0,1,0,0,4,0,0,0,8,99,1,0.0,0.0,17.998416900634766,28.40812110900879,1.5,0,8,0.0,0.0,0.0,0,0,0
1780579176.9739463,0,0.3499999940395355,0,0,88,900,423158243,10,77,-10.315130233764648,-30.999969482421875,29.16550064086914,31.84188461303711,1,0,0.6000000238418579,0,0,1,0,0,4,0,0,0,8,99,1,0.0,0.0,17.998416900634766,28.408119201660156,1.5,0,8,0.0,0.0,0.0,0,0,0
1780579176.9936252,0,0.3499999940395355,0,0,88,900,423158243,10,77,-10.315130233764648,-32.79996871948242,28.959197998046875,31.18588638305664,1,0,0.6000000238418579,0,0,1,0,0,4,0,0,0,8,99,1,0.0,0.0,17.998416900634766,28.408123016357422,1.5,0,8,0.0,0.0,0.0,0,0,0
1780579177.014006,0,0.3499999940395355,0,0,88,900,423158243,10,77,-10.315130233764648,-34.59996795654297,28.75289535522461,30.493886947631836,1,0,0.6000000238418579,0,0,1,0,0,4,0,0,0,8,99,1,0.0,0.0,17.998416900634766,28.408123016357422,1.5,0,8,0.0,0.0,0.0,0,0,0
1780579177.0340698,0,0.3499999940395355,0,0,88,900,423158243,10,77,-10.315130233764648,-36.399967193603516,28.546592712402344,29.765888214111328,1,0,0.6000000238418579,0,0,1,0,0,4,0,0,0,8,99,1,0.0,0.0,17.998416900634766,28.40812110900879,1.5,0,8,0.0,0.0,0.0,0,0,0
1780579177.0536747,0,0.3499999940395355,0,0,88,900,423158243,10,77,-10.315130233764648,-38.19996643066406,28.340290069580078,29.001888275146484,1,0,0.6000000238418579,0,0,1,0,0,4,0,0,0,8,99,1,0.0,0.0,17.998416900634766,28.408119201660156,1.5,0,8,0.0,0.0,0.0,0,0,0
1780579177.073529,0,0.3499999940395355,0,0,88,900,423158243,11,77,0.0,0.0,28.133987426757812,28.56183624267578,1,0,0.6000000238418579,0,0,1,0,0,4,0,0,0,8,99,1,0.0,0.0,17.998416900634766,28.408119201660156,1.5,0,8,0.0,0.0,0.0,0,0,0
1780579177.0939415,0,0.3499999940395355,0,0,88,900,423158243,11,77,0.0,0.0,28.133987426757812,28.56184959411621,1,0,0.6000000238418579,0,0,1,0,0,4,0,0,0,8,99,1,0.0,0.0,17.998416900634766,28.408119201660156,1.5,0,8,1.0,0.0,0.0,0,0,0
1780579177.114198,0,0.3499999940395355,0,0,88,900,423158243,11,77,0.0,0.0,28.133987426757812,28.561859130859375,1,0,0.6000000238418579,0,0,1,0,0,4,0,0,0,8,99,1,0.0,0.0,17.998416900634766,28.408123016357422,1.5,0,8,1.0,-1.0,0.0,0,0,0
1780579177.1338549,0,0.3499999940395355,0,0,88,900,423158243,11,77,0.0,0.0,28.133987426757812,28.561864852905273,1,0,0.6000000238418579,0,0,1,0,0,4,0,0,0,8,99,1,0.0,0.0,17.998416900634766,28.40812110900879,1.5,0,8,1.0,-1.0,0.0,0,0,0
1780579177.1538975,0,0.3499999940395355,0,0,88,900,423158243,11,77,0.0,0.0,28.133987426757812,28.56186866760254,1,0,0.6000000238418579,0,0,1,0,0,4,0,0,0,8,99,1,8.300000190734863,0.0,18.111873626708984,28.40812110900879,1.5,0,8,1.0,-1.0,0.0,0,0,0
1780579177.1741042,0,0.3499999940395355,0,0,88,900,423158243,11,77,0.0,0.0,28.133987426757812,28.561870574951172,1,0,0.6000000238418579,0,0,1,0,0,4,0,0,0,8,99,1,8.300000190734863,0.0,18.277708053588867,28.40812110900879,1.5,0,8,1.0,-1.0,0.0,0,0,0
1780579177.1937406,0,0.3499999940395355,0,0,88,900,423158243,11,77,0.0,0.0,28.133987426757812,28.561870574951172,1,0,0.6000000238418579,0,0,1,0,0,4,0,0,0,8,99,1,8.300000190734863,0.0,18.44386863708496,28.408119201660156,1.5,0,8,1.0,-1.0,0.0,0,0,0
1780579177.213995,0,0.3499999940395355,0,0,88,900,423158243,11,77,0.0,0.0,28.133987426757812,28.561870574951172,1,0,0.6000000238418579,0,0,1,0,0,4,0,0,0,8,99,1,8.300000190734863,0.0,18.609703063964844,28.408123016357422,1.5,0,8,1.0,-1.0,0.0,0,0,0
1780579177.2339485,0,0.3499999940395355,0,0,88,900,423158243,11,77,0.0,0.0,28.133987426757812,28.561870574951172,1,0,0.6000000238418579,0,0,1,0,0,4,0,0,0,8,99,1,8.300000190734863,0.0,18.775684356689453,28.40812110900879,1.5,0,8,1.0,-1.0,0.0,0,0,0
1780579177.2545457,0,0.3499999940395355,0,0,88,900,423158243,11,77,0.0,0.0,28.133987426757812,28.561870574951172,1,0,0.6000000238418579,0,0,1,0,0,4,0,0,0,8,99,1,8.300000190734863,0.0,18.941909790039062,28.40812110900879,1.5,0,8,1.0,-1.0,0.0,0,0,0
1780579177.2743087,0,0.3499999940395355,0,0,88,900,423158243,11,77,0.0,0.0,28.133987426757812,28.561870574951172,1,0,0.6000000238418579,0,0,1,0,0,4,0,0,0,8,99,1,8.300000190734863,0.0,19.107934951782227,28.40812110900879,1.5,0,8,1.0,0.0,0.0,0,0,0
1780579177.2943387,0,0.3499999940395355,0,0,88,900,423158243,11,77,0.0,0.0,28.133987426757812,28.561870574951172,1,0,0.6000000238418579,0,0,1,0,0,4,0,0,0,8,99,1,8.300000190734863,0.0,19.27376937866211,28.408119201660156,1.5,0,8,1.0,0.0,0.0,0,0,0
1780579177.3138971,0,0.3499999940395355,0,0,88,900,423158243,69,77,0.0,0.0,28.133987426757812,28.561870574951172,1,0,0.6000000238418579,0,0,1,0,0,4,0,0,0,8,99,1,8.300000190734863,0.0,19.439603805541992,28.408119201660156,1.5,0,8,1.0,0.0,0.0,0,0,0
1780579177.3336902,0,0.3499999940395355,0,0,88,900,423158243,69,77,0.0,0.0,28.133987426757812,28.561870574951172,1,0,0.6000000238418579,0,0,1,0,0,4,0,0,0,8,99,1,8.300000190734863,0.0,19.605438232421875,28.408119201660156,1.5,0,8,1.0,0.0,0.0,0,0,0
1780579177.354089,0,0.3499999940395355,0,0,88,900,423158243,69,77,0.0,0.0,28.133987426757812,28.561870574951172,1,0,0.6000000238418579,0,0,1,0,0,4,0,0,0,8,99,1,8.300000190734863,0.0,19.771272659301758,28.408123016357422,1.5,0,8,1.0,0.0,0.0,0,0,0
1780579177.3740766,0,0.3499999940395355,0,0,88,900,423158243,69,77,0.0,0.0,28.133987426757812,28.561870574951172,1,0,0.6000000238418579,0,0,1,0,0,4,0,0,0,8,99,1,8.300000190734863,0.0,19.937610626220703,28.40812110900879,1.5,0,8,1.0,0.0,0.0,0,0,0
1780579177.3939254,0,0.3499999940395355,0,0,88,900,423158243,69,77,0.0,0.0,28.133987426757812,28.561870574951172,1,0,0.6000000238418579,0,0,1,0,0,4,0,0,0,8,99,1,8.300000190734863,0.0,20.1038818359375,28.408123016357422,1.5,0,8,1.0,0.0,0.0,0,0,0
1780579177.4143112,0,0.3499999940395355,0,0,88,900,423158243,69,77,0.0,0.0,28.133987426757812,28.561870574951172,1,0,0.6000000238418579,0,0,1,0,0,4,0,0,0,8,99,1,8.300000190734863,0.0,20.269718170166016,28.408119201660156,1.5,0,8,1.0,0.0,0.0,0,0,0
1780579177.4341257,0,0.3499999940395355,0,0,88,900,423158243,69,77,0.0,0.0,28.133987426757812,28.561870574951172,1,0,0.6000000238418579,0,0,1,0,0,4,0,0,0,8,99,1,8.300000190734863,0.0,20.43595314025879,28.408123016357422,1.5,0,8,1.0,0.0,0.0,0,0,0
1780579177.454142,0,0.3499999940395355,0,0,88,900,423158243,69,77,0.0,0.0,28.133987426757812,28.561870574951172,1,0,0.6000000238418579,0,0,1,0,0,4,0,0,0,8,99,1,8.300000190734863,0.0,20.601787567138672,28.40812110900879,1.5,0,8,1.0,0.0,0.0,0,0,0
1780579177.473765,0,0.3499999940395355,0,0,88,900,423158243,69,77,0.0,0.0,28.133987426757812,28.561870574951172,1,0,0.6000000238418579,0,0,1,0,0,4,0,0,0,8,99,1,8.300000190734863,0.0,20.767621994018555,28.408123016357422,1.5,0,8,1.0,0.0,0.0,0,0,0
1780579177.494227,0,0.3499999940395355,0,0,88,900,423158243,69,77,0.0,0.0,28.133987426757812,28.561870574951172,1,0,0.6000000238418579,0,0,1,0,0,4,0,0,0,8,99,1,8.300000190734863,0.0,20.933456420898438,28.40812110900879,1.5,0,8,1.0,0.0,0.0,0,0,0
1780579177.5142806,0,0.3499999940395355,0,0,88,900,423158243,69,77,0.0,0.0,28.133987426757812,28.561870574951172,1,0,0.6000000238418579,0,0,1,0,0,4,0,0,0,8,99,1,8.300000190734863,0.0,21.100093841552734,28.408119201660156,1.5,0,8,1.0,0.0,0.0,0,0,0
1780579177.5337029,0,0.3499999940395355,0,0,88,900,423158243,69,77,0.0,0.0,28.133987426757812,28.561870574951172,1,0,0.6000000238418579,0,0,1,0,0,4,0,0,0,8,99,1,8.300000190734863,0.0,21.266206741333008,28.40812110900879,1.5,0,8,1.0,0.0,0.0,0,0,0
1780579177.5537412,0,0.3499999940395355,0,0,88,900,423158243,69,77,0.0,0.0,28.133987426757812,28.561870574951172,1,0,0.6000000238418579,0,0,1,0,0,4,0,0,0,8,99,1,8.300000190734863,0.0,21.43204116821289,28.408119201660156,1.5,0,8,1.0,0.0,0.0,0,0,0
1780579177.574374,0,0.3499999940395355,0,0,88,900,423158243,45,77,-8.0,0.0,28.133987426757812,28.561870574951172,1,0,0.6000000238418579,0,0,1,0,0,4,0,0,0,8,99,1,8.300000190734863,0.0,21.597875595092773,28.408119201660156,1.5,0,8,1.0,0.0,0.0,0,0,0
1780579177.5940204,0,0.3499999940395355,0,0,88,900,423158243,45,77,-8.0,0.0,27.973987579345703,28.561870574951172,1,0,0.6000000238418579,0,0,1,0,0,4,0,0,0,8,99,1,8.300000190734863,0.0,21.763996124267578,28.40812110900879,1.5,0,8,1.0,0.0,0.0,0,0,0
1780579177.613537,0,0.3499999940395355,0,0,88,900,423158243,45,77,-8.0,0.0,27.813987731933594,28.561870574951172,1,0,0.6000000238418579,0,0,1,0,0,4,0,0,0,8,99,1,8.300000190734863,0.0,21.929828643798828,28.40812110900879,1.5,0,8,1.0,0.0,0.0,0,0,0
1780579177.6348033,0,0.3499999940395355,0,0,88,900,423158243,45,77,-8.0,0.0,27.653987884521484,28.561870574951172,1,0,0.6000000238418579,0,0,1,0,0,4,0,0,0,8,99,1,8.300000190734863,0.0,22.095664978027344,28.408119201660156,1.5,0,8,1.0,0.0,0.0,0,0,0
1780579177.6543643,0,0.3499999940395355,0,0,88,900,423158243,45,77,-8.0,0.0,27.493988037109375,28.561870574951172,1,0,0.6000000238418579,0,0,1,0,0,4,0,0,0,8,99,1,8.300000190734863,0.0,22.262739181518555,28.40812110900879,1.5,0,8,1.0,0.0,0.0,0,0,0
1780579177.6738443,0,0.3499999940395355,0,0,88,900,423158243,45,77,-8.0,0.0,27.333988189697266,28.561870574951172,1,0,0.6000000238418579,0,0,1,0,0,4,0,0,0,8,99,1,8.300000190734863,0.0,22.428573608398438,28.40812110900879,1.5,0,8,1.0,0.0,0.0,0,0,0
1780579177.6942,0,0.3499999940395355,0,0,88,900,423158243,45,77,-8.0,0.0,27.173988342285156,28.561870574951172,1,0,0.6000000238418579,0,0,1,0,0,4,0,0,0,8,99,1,8.300000190734863,0.0,22.59440803527832,28.408119201660156,1.5,0,8,1.0,0.0,0.0,0,0,0
1780579177.71488,0,0.3499999940395355,0,0,88,900,423158243,45,77,-8.0,0.0,27.013988494873047,28.561870574951172,1,0,0.6000000238418579,0,0,1,0,0,4,0,0,0,8,99,1,8.300000190734863,0.0,22.760242462158203,28.40812110900879,1.5,0,8,1.0,0.0,0.0,0,0,0
1780579177.7344034,0,0.3499999940395355,0,0,88,900,423158243,45,77,-8.0,0.0,26.853988647460938,28.561870574951172,1,0,0.6000000238418579,0,0,1,0,0,4,0,0,0,8,99,1,8.300000190734863,0.0,22.926883697509766,28.40812110900879,1.5,0,8,1.0,0.0,0.0,0,0,0
1780579177.7542684,0,0.3499999940395355,0,0,88,900,423158243,45,77,-8.0,0.0,26.693988800048828,28.561870574951172,1,0,0.6000000238418579,0,0,1,0,0,4,0,0,0,8,99,1,8.300000190734863,0.0,23.09271812438965,28.40812110900879,1.5,0,8,1.0,0.0,0.0,0,0,0
1780579177.774046,0,0.3499999940395355,0,0,88,900,423158243,45,77,-8.0,0.0,26.53398895263672,28.561870574951172,1,0,0.6000000238418579,0,0,1,0,0,4,0,0,0,8,99,1,8.300000190734863,0.0,23.25855255126953,28.408119201660156,1.5,0,8,1.0,0.0,0.0,0,0,0
1780579177.7939787,0,0.3499999940395355,0,0,88,900,423158243,45,77,-8.0,0.0,26.37398910522461,28.561870574951172,1,0,0.6000000238418579,0,0,1,0,0,4,0,0,0,8,99,1,8.300000190734863,0.0,23.424501419067383,28.408123016357422,1.5,0,8,1.0,0.0,0.0,0,0,1
1780579177.8142936,0,0.3499999940395355,1,0,88,900,423158243,45,77,-8.0,0.0,26.2139892578125,28.561870574951172,0,0,0.6000000238418579,0,0,1,0,0,4,0,1,0,8,99,1,8.300000190734863,0.0,23.591434478759766,28.40812110900879,1.5,0,8,1.0,0.0,0.0,0,0,1
1780579177.8342679,0,0.3499999940395355,1,0,88,900,423158243,45,77,-8.0,0.0,26.05398941040039,28.561870574951172,0,0,0.6000000238418579,0,0,1,0,0,4,0,1,0,8,99,1,8.300000190734863,0.0,23.75726890563965,28.40812110900879,1.5,0,8,1.0,0.0,0.0,0,0,1
1780579177.8541772,0,0.3499999940395355,1,0,67,900,423158243,7,77,0.0,0.0,25.89398956298828,28.561870574951172,0,0,0.6000000238418579,0,0,1,0,0,4,0,1,0,8,99,1,-3.75,0.0,23.92310333251953,28.40812110900879,1.5,0,19,1.0,0.0,0.0,0,0,1
1780579177.8742688,0,0.3499999940395355,1,0,67,900,423158243,7,77,0.0,0.0,26.193988800048828,28.561870574951172,0,0,0.6000000238418579,0,0,1,0,0,4,0,1,0,8,99,1,-3.75,0.0,23.92269515991211,28.40812110900879,1.5,0,19,1.0,0.0,0.0,0,0,1
1780579177.8939018,0,0.3499999940395355,1,0,67,900,423158243,7,77,0.0,0.0,26.493988037109375,28.561870574951172,0,0,0.6000000238418579,0,0,1,0,0,4,0,1,0,8,99,1,-3.75,0.0,23.847768783569336,28.40812110900879,1.5,0,19,1.0,0.0,0.0,0,0,1
1780579177.9144495,0,0.3499999940395355,1,0,67,900,423158243,7,77,0.0,0.0,26.793987274169922,28.561870574951172,0,0,0.6000000238418579,0,0,1,0,0,4,0,1,0,8,99,1,-3.75,0.0,23.772842407226562,28.408119201660156,1.5,0,19,1.0,0.0,0.0,0,0,1
1780579177.9342427,0,0.3499999940395355,1,0,67,900,423158243,7,77,0.0,0.0,27.09398651123047,28.561870574951172,1,0,0.6000000238418579,0,0,1,0,0,4,0,1,0,8,99,1,-3.75,0.0,23.697513580322266,28.40812110900879,1.5,0,19,1.0,0.0,0.0,0,0,0
1780579177.9540846,0,0.3499999940395355,1,0,67,900,423158243,7,77,0.0,0.0,27.393985748291016,28.561870574951172,1,0,0.6000000238418579,0,0,1,0,0,4,0,1,0,8,99,1,-3.75,0.0,23.622589111328125,28.408119201660156,1.5,0,19,1.0,0.0,0.0,0,0,0
1780579177.97427,0,0.3499999940395355,1,0,67,900,423158243,7,77,0.0,0.0,27.693984985351562,28.561870574951172,1,0,0.6000000238418579,0,0,1,0,0,4,0,1,0,8,99,1,-3.75,0.0,23.54766082763672,28.408119201660156,1.5,0,19,1.0,0.0,0.0,0,0,0
1780579177.9942992,0,0.3499999940395355,1,0,67,900,423158243,7,77,0.0,0.0,27.99398422241211,28.561870574951172,1,0,0.6000000238418579,0,0,1,0,0,4,0,1,0,8,99,1,-3.75,0.0,23.472736358642578,28.408123016357422,1.5,0,19,1.0,0.0,0.0,0,0,0
1780579178.0144107,0,0.3499999940395355,1,0,67,900,423158243,7,77,0.0,0.0,28.293983459472656,28.561870574951172,1,0,0.6000000238418579,0,0,1,0,0,4,0,1,0,8,99,1,-3.75,0.0,23.397809982299805,28.408123016357422,1.5,0,19,1.0,0.0,0.0,0,0,0
1780579178.0336754,0,0.3499999940395355,1,0,67,900,423158243,7,77,0.0,0.0,28.293983459472656,28.561870574951172,1,0,0.6000000238418579,0,0,1,0,0,4,0,1,0,8,99,1,-3.75,0.0,23.322885513305664,28.40812110900879,1.5,0,19,1.0,0.0,0.0,0,0,0
1780579178.0540142,0,0.3499999940395355,1,0,67,900,423158243,7,77,0.0,0.0,28.293983459472656,28.561870574951172,1,0,0.6000000238418579,0,0,1,0,0,4,0,1,0,8,99,1,8.300000190734863,0.0,23.413330078125,28.40812110900879,1.5,0,19,1.0,0.0,0.0,0,0,0
1780579178.0739574,0,0.3499999940395355,1,0,67,900,423158243,7,77,0.0,0.0,28.293983459472656,28.561870574951172,1,0,0.6000000238418579,0,0,1,0,0,4,0,1,0,8,99,1,8.300000190734863,0.0,23.579164505004883,28.40812110900879,1.5,0,19,1.0,0.0,0.0,0,0,0
1780579178.0943754,0,0.3499999940395355,1,0,67,900,423158243,7,77,0.0,0.0,28.293983459472656,28.561870574951172,1,0,0.6000000238418579,0,0,1,0,0,4,0,1,0,8,99,1,8.300000190734863,0.0,23.744998931884766,28.40812110900879,1.5,0,19,1.0,0.0,0.0,0,0,0
1780579178.113916,0,0.3499999940395355,1,0,67,900,423158243,7,77,0.0,0.0,28.293983459472656,28.561870574951172,1,0,0.6000000238418579,0,0,1,0,0,4,0,1,0,8,99,1,8.300000190734863,0.0,23.91132164001465,28.40812110900879,1.5,0,19,1.0,0.0,0.0,0,0,0
1780579178.1339667,0,0.3499999940395355,1,0,67,900,423158243,7,77,0.0,0.0,28.293983459472656,28.561870574951172,1,0,0.6000000238418579,0,0,1,0,0,4,0,1,0,8,99,1,8.300000190734863,0.0,24.07715606689453,28.40812110900879,1.5,0,19,1.0,0.0,0.0,0,0,0
1780579178.1540937,0,0.3499999940395355,1,0,67,900,423158243,7,77,0.0,0.0,28.293983459472656,28.561870574951172,1,0,0.6000000238418579,0,0,1,0,0,4,0,1,0,8,99,1,8.300000190734863,0.0,24.242990493774414,28.40812110900879,1.5,0,19,1.0,0.0,0.0,0,0,0
1780579178.17348,0,0.3499999940395355,0,0,67,900,423158243,9,77,3.188749313354492,41.0,28.293983459472656,28.561870574951172,1,0,0.6000000238418579,0,0,1,0,0,4,0,0,0,8,99,1,8.300000190734863,0.0,24.408824920654297,28.40812110900879,1.5,0,19,1.0,0.0,0.0,0,0,0
1780579178.1946497,0,0.3499999940395355,0,0,67,900,423158243,10,77,3.188749313354492,39.20000076293945,28.357757568359375,29.345870971679688,1,0,0.6000000238418579,0,0,1,0,0,4,0,0,0,8,99,1,8.300000190734863,0.0,24.57465934753418,28.408119201660156,1.5,0,19,1.0,0.0,0.0,0,0,0
1780579178.2140868,0,0.3499999940395355,0,0,67,900,423158243,10,77,3.188749313354492,37.400001525878906,28.421531677246094,30.093870162963867,1,0,0.6000000238418579,0,0,1,0,0,4,0,0,0,8,99,1,8.300000190734863,0.0,24.740493774414062,28.408119201660156,1.5,0,19,1.0,0.0,0.0,0,0,0
1780579178.2334523,0,0.3499999940395355,0,0,67,900,423158243,10,77,3.188749313354492,35.60000228881836,28.485305786132812,30.805870056152344,1,0,0.6000000238418579,0,0,1,0,0,4,0,0,0,8,99,1,8.300000190734863,0.0,24.906784057617188,28.40812110900879,1.5,0,19,1.0,0.0,0.0,0,0,0
1780579178.253801,0,0.3499999940395355,0,0,67,900,423158243,10,77,3.188749313354492,33.80000305175781,28.54907989501953,31.481870651245117,1,0,0.6000000238418579,0,0,1,0,0,4,0,0,0,8,99,1,8.300000190734863,0.0,25.07261848449707,28.408119201660156,1.5,0,19,1.0,0.0,0.0,0,0,1
1780579178.2743542,0,0.3499999940395355,1,0,67,900,423158243,10,77,3.188749313354492,32.000003814697266,28.61285400390625,32.12186813354492,0,0,0.6000000238418579,0,0,1,0,0,4,0,1,0,8,99,1,8.300000190734863,0.0,25.238588333129883,28.408119201660156,1.5,0,19,1.0,0.0,0.0,0,0,1
1780579178.2941766,0,0.3499999940395355,1,0,67,900,423158243,10,77,3.188749313354492,30.20000457763672,28.67662811279297,32.725868225097656,0,0,0.6000000238418579,0,0,1,0,0,4,0,1,0,8,99,1,8.300000190734863,0.0,25.405189514160156,28.408123016357422,1.5,0,19,1.0,0.0,0.0,0,0,1
1780579178.3137438,0,0.3499999940395355,1,0,67,900,423158243,10,77,3.188749313354492,28.400005340576172,28.740402221679688,33.29386901855469,0,0,0.6000000238418579,0,0,1,0,0,4,0,1,0,8,99,1,8.300000190734863,0.0,25.57102394104004,28.408123016357422,1.5,0,19,1.0,0.0,0.0,0,0,1
1780579178.3340347,0,0.3499999940395355,1,0,67,900,423158243,10,77,3.188749313354492,26.600006103515625,28.804176330566406,33.825870513916016,0,0,0.6000000238418579,0,0,1,0,0,4,0,1,0,8,99,1,8.300000190734863,0.0,25.736858367919922,28.40812110900879,1.5,0,19,1.0,0.0,0.0,0,0,1
1780579178.3542626,0,0.3499999940395355,1,0,67,900,423158243,10,77,3.188749313354492,24.800006866455078,28.867950439453125,34.321868896484375,0,0,0.6000000238418579,0,0,1,0,0,4,0,1,0,8,99,1,8.300000190734863,0.0,25.903085708618164,28.408123016357422,1.5,0,19,1.0,0.0,0.0,0,0,1
1780579178.3739493,0,0.3499999940395355,1,0,67,900,423158243,10,77,3.188749313354492,23.00000762939453,28.931724548339844,34.78186798095703,1,0,0.6000000238418579,0,0,1,0,0,4,0,1,0,8,99,1,8.300000190734863,0.0,26.068920135498047,28.408123016357422,1.5,0,19,1.0,0.0,0.0,0,0,1
1780579178.3938563,0,0.3499999940395355,1,0,67,900,423158243,10,77,3.188749313354492,21.200008392333984,28.995498657226562,35.205867767333984,1,0,0.6000000238418579,0,0,1,0,0,4,0,1,0,8,99,1,8.300000190734863,0.0,26.234756469726562,28.40812110900879,1.5,0,19,1.0,0.0,0.0,0,0,1
1780579178.4142487,0,0.3499999940395355,1,0,67,900,423158243,10,77,3.188749313354492,19.400009155273438,29.05927276611328,35.593868255615234,1,0,0.6000000238418579,0,0,1,0,0,4,0,1,0,8,99,1,8.300000190734863,0.0,26.400901794433594,28.40812110900879,1.5,0,19,1.0,0.0,0.0,0,0,0
1780579178.4341812,0,0.3499999940395355,1,0,67,900,423158243,10,77,3.188749313354492,17.60000991821289,29.123046875,35.94586944580078,1,0,0.6000000238418579,0,0,1,0,0,4,0,1,0,8,99,1,8.300000190734863,0.0,26.566736221313477,28.408123016357422,1.5,0,19,1.0,0.0,0.0,0,0,0
1780579178.4536104,0,0.3499999940395355,1,0,67,900,423158243,10,77,3.188749313354492,15.800010681152344,29.18682098388672,36.261871337890625,1,0,0.6000000238418579,0,0,1,0,0,4,0,1,0,8,99,1,8.300000190734863,0.0,26.73334503173828,28.40812110900879,1.5,0,19,1.0,0.0,0.0,0,0,0
1780579178.4738333,0,0.3499999940395355,1,0,67,900,423158243,10,77,3.188749313354492,14.000011444091797,29.250595092773438,36.5418701171875,1,0,0.6000000238418579,0,0,1,0,0,4,0,1,0,8,99,1,8.300000190734863,0.0,26.899179458618164,28.408119201660156,1.5,0,19,1.0,0.0,0.0,0,0,0
1780579178.4943824,0,0.3499999940395355,1,0,67,900,423158243,10,77,3.188749313354492,12.20001220703125,29.314369201660156,36.78586959838867,1,0,0.6000000238418579,0,0,1,0,0,4,0,1,0,8,99,1,8.300000190734863,0.0,27.065013885498047,28.408123016357422,1.5,0,19,1.0,0.0,0.0,0,0,0
1780579178.5141423,0,0.3499999940395355,1,0,67,900,423158243,10,77,3.188749313354492,10.400012969970703,29.378143310546875,36.99386978149414,1,0,0.6000000238418579,0,0,1,0,0,4,0,1,0,8,99,1,8.300000190734863,0.0,27.230945587158203,28.40812110900879,1.5,0,19,1.0,0.0,0.0,0,0,0
1780579178.5337727,0,0.3499999940395355,1,0,67,900,423158243,10,77,3.188749313354492,8.600013732910156,29.441917419433594,37.165870666503906,1,0,0.6000000238418579,0,0,1,0,0,4,0,1,0,8,99,1,8.300000190734863,0.0,27.396778106689453,28.408119201660156,1.5,0,19,1.0,0.0,0.0,0,0,0
1780579178.5541272,0,0.3499999940395355,1,0,67,900,423158243,10,77,3.188749313354492,6.800014495849609,29.505691528320312,37.30187225341797,1,0,0.6000000238418579,0,0,1,0,0,4,0,1,0,8,99,1,8.300000190734863,0.0,27.562612533569336,28.408119201660156,1.5,0,19,1.0,0.0,0.0,0,0,0
1780579178.5742004,0,0.3499999940395355,1,0,67,900,423158243,10,77,3.188749313354492,5.0000152587890625,29.56946563720703,37.40187072753906,1,0,0.6000000238418579,0,0,1,0,0,4,0,1,0,8,99,1,8.300000190734863,0.0,27.72844886779785,28.408123016357422,1.5,0,19,1.0,0.0,0.0,0,0,0
1780579178.593752,0,0.3499999940395355,1,0,67,900,423158243,10,77,3.188749313354492,3.2000160217285156,29.63323974609375,37.46586990356445,1,0,0.6000000238418579,0,0,1,0,0,4,0,1,0,8,99,1,8.300000190734863,0.0,27.895099639892578,28.408123016357422,1.5,0,19,1.0,0.0,0.0,0,0,0
1780579178.614273,0,0.3499999940395355,0,0,67,900,423158243,10,77,3.188749313354492,1.4000167846679688,29.69701385498047,37.49386978149414,1,0,0.6000000238418579,0,0,1,0,0,4,0,0,0,8,99,1,8.300000190734863,0.0,28.06093406677246,28.408123016357422,1.5,0,19,1.0,0.0,0.0,0,0,0
1780579178.634056,0,0.3499999940395355,0,0,67,900,423158243,10,77,3.188749313354492,-0.3999824523925781,29.760787963867188,37.485870361328125,1,0,0.6000000238418579,0,0,1,0,0,4,0,0,0,8,99,1,8.300000190734863,0.0,28.227455139160156,28.40812110900879,1.5,0,19,1.0,0.0,0.0,0,0,0
1780579178.6541684,0,0.3499999940395355,0,0,67,900,423158243,10,77,3.188749313354492,-2.199981689453125,29.824562072753906,37.441871643066406,1,0,0.6000000238418579,0,0,1,0,0,4,0,0,0,8,99,1,8.300000190734863,0.0,28.39354133605957,28.40812110900879,1.5,0,19,1.0,0.0,0.0,0,0,0
1780579178.6738338,0,0.3499999940395355,0,0,67,900,423158243,10,77,3.188749313354492,-3.999980926513672,29.888336181640625,37.361873626708984,1,0,0.6000000238418579,0,0,1,0,0,4,0,0,0,8,99,1,8.300000190734863,0.0,28.559375762939453,28.40812110900879,1.5,0,19,1.0,0.0,0.0,0,0,0
1780579178.6943362,0,0.3499999940395355,0,0,67,900,423158243,10,77,3.188749313354492,-5.799980163574219,29.952110290527344,37.245872497558594,1,0,0.6000000238418579,0,0,1,0,0,4,0,0,0,8,99,1,8.300000190734863,0.0,28.72521209716797,28.408119201660156,1.5,0,19,1.0,0.0,0.0,0,0,0
1780579178.7140648,0,0.3499999940395355,0,0,67,900,423158243,10,77,3.188749313354492,-7.599979400634766,30.015884399414062,37.0938720703125,1,0,0.6000000238418579,0,0,1,0,0,4,0,0,0,8,99,1,8.300000190734863,0.0,28.89104461669922,28.40812110900879,1.5,0,19,1.0,0.0,0.0,0,0,0
1780579178.7341237,0,0.3499999940395355,0,0,67,900,423158243,10,77,3.188749313354492,-9.399978637695312,30.07965850830078,36.9058723449707,1,0,0.6000000238418579,0,0,1,0,0,4,0,0,0,8,99,1,8.300000190734863,0.0,29.056880950927734,28.408119201660156,1.5,0,19,1.0,0.0,0.0,0,0,0
1780579178.7540073,0,0.3499999940395355,0,0,67,900,423158243,10,77,3.188749313354492,-11.19997787475586,30.1434326171875,36.6818733215332,1,0,0.6000000238418579,0,0,1,0,0,4,0,0,0,8,99,1,8.300000190734863,0.0,29.222713470458984,28.408119201660156,1.5,0,19,1.0,0.0,0.0,0,0,0
1780579178.7742763,0,0.3499999940395355,0,0,67,900,423158243,10,77,3.188749313354492,-12.999977111816406,30.20720672607422,36.421875,1,0,0.6000000238418579,0,0,1,0,0,4,0,0,0,8,99,1,8.300000190734863,0.0,29.388547897338867,28.408123016357422,1.5,0,19,1.0,0.0,0.0,0,0,0
1780579178.7934937,0,0.3499999940395355,0,0,67,900,423158243,10,77,3.188749313354492,-14.799976348876953,30.270980834960938,36.125877380371094,1,0,0.6000000238418579,0,0,1,0,0,4,0,0,0,8,99,1,8.300000190734863,0.0,29.554725646972656,28.40812110900879,1.5,0,19,1.0,0.0,0.0,0,0,0
1780579178.813588,0,0.3499999940395355,0,0,67,900,423158243,10,77,3.188749313354492,-16.5999755859375,30.334754943847656,35.79387664794922,1,0,0.6000000238418579,0,0,1,0,0,4,0,0,0,8,99,1,8.300000190734863,0.0,29.720558166503906,28.40812110900879,1.5,0,19,1.0,0.0,0.0,0,0,0
1780579178.8339581,0,0.3499999940395355,0,0,67,900,423158243,10,77,3.188749313354492,-18.399974822998047,30.398529052734375,35.42587661743164,1,0,0.6000000238418579,0,0,1,0,0,4,0,0,0,8,99,1,8.300000190734863,0.0,29.88639259338379,28.40812110900879,1.5,0,19,1.0,0.0,0.0,0,0,0
1780579178.8540807,0,0.3499999940395355,0,0,67,900,423158243,10,77,3.188749313354492,-20.199974060058594,30.462303161621094,35.02187728881836,1,0,0.6000000238418579,0,0,1,0,0,4,0,0,0,8,99,1,8.300000190734863,0.0,30.052806854248047,28.408123016357422,1.5,0,19,1.0,0.0,0.0,0,0,0
1780579178.873811,0,0.3499999940395355,0,0,67,900,423158243,10,77,3.188749313354492,-21.99997329711914,30.526077270507812,34.581878662109375,1,0,0.6000000238418579,0,0,1,0,0,4,0,0,0,8,99,1,8.300000190734863,0.0,30.21864128112793,28.408119201660156,1.5,0,19,1.0,0.0,0.0,0,0,0
1780579178.8941314,0,0.3499999940395355,0,0,67,900,423158243,10,77,3.188749313354492,-23.799972534179688,30.58985137939453,34.10588073730469,1,0,0.6000000238418579,0,0,1,0,0,4,0,0,0,8,99,1,8.300000190734863,0.0,30.384475708007812,28.408123016357422,1.5,0,19,1.0,0.0,0.0,0,0,0
1780579178.914683,0,0.3499999940395355,0,0,67,900,423158243,10,77,3.188749313354492,-25.599971771240234,30.65362548828125,33.59387969970703,1,0,0.6000000238418579,0,0,1,0,0,4,0,0,0,8,99,1,8.300000190734863,0.0,30.550708770751953,28.408119201660156,1.5,0,19,1.0,0.0,0.0,0,0,0
1780579178.934083,0,0.3499999940395355,0,0,67,900,423158243,10,77,3.188749313354492,-27.39997100830078,30.71739959716797,33.04587936401367,1,0,0.6000000238418579,0,0,1,0,0,4,0,0,0,8,99,1,8.300000190734863,0.0,30.71739959716797,28.40812110900879,1.5,0,19,1.0,0.0,0.0,0,0,0
1780579178.953902,0,0.3499999940395355,0,0,67,900,423158243,10,77,3.188749313354492,-29.199970245361328,30.781173706054688,32.46187973022461,1,0,0.6000000238418579,0,0,1,0,0,4,0,0,0,8,99,1,8.300000190734863,0.0,30.88323211669922,28.40812110900879,1.5,0,19,1.0,0.0,0.0,0,0,0
1780579178.9739048,0,0.3499999940395355,0,0,67,900,423158243,10,77,3.188749313354492,-30.999969482421875,30.844947814941406,31.841880798339844,1,0,0.6000000238418579,0,0,1,0,0,4,0,0,0,8,99,1,8.300000190734863,0.0,31.049068450927734,28.408119201660156,1.5,0,19,1.0,0.0,0.0,0,0,0
1780579178.9950662,0,0.3499999940395355,0,0,67,900,423158243,10,77,3.188749313354492,-32.79996871948242,30.908721923828125,31.185882568359375,1,0,0.6000000238418579,0,0,1,0,0,4,0,0,0,8,99,1,8.300000190734863,0.0,31.214902877807617,28.408119201660156,1.5,0,19,1.0,0.0,0.0,0,0,0
1780579179.0154483,0,0.3499999940395355,0,0,67,900,423158243,10,77,3.188749313354492,-34.59996795654297,30.972496032714844,30.49388313293457,1,0,0.6000000238418579,0,0,1,0,0,4,0,0,0,8,99,1,8.300000190734863,0.0,31.382240295410156,28.40812110900879,1.5,0,19,1.0,0.0,0.0,0,0,0
1780579179.324096,0,0.3499999940395355,0,0,67,900,423158243,10,77,3.188749313354492,-36.399967193603516,31.036270141601562,29.765884399414062,0,0,0.6000000238418579,0,0,0,0,0,3,1,0,0,8,99,1,0.0,0.0,31.597774505615234,28.40812110900879,1.5,0,19,1.0,0.0,0.0,0,0,0
1780579179.343895,0,0.3499999940395355,0,0,67,900,423158243,10,77,3.188749313354492,-38.19996643066406,31.10004425048828,29.00188446044922,0,0,0.6000000238418579,0,0,0,0,0,3,1,0,0,8,99,1,0.0,0.0,31.599441528320312,28.408119201660156,1.5,0,19,0.0,0.0,0.0,0,0,0
1780579179.3644726,0,0.3499999940395355,0,0,67,900,423158243,11,77,0.0,0.0,31.163818359375,28.56183624267578,0,0,0.6000000238418579,0,0,0,0,0,3,1,0,0,8,99,1,0.0,0.0,31.599441528320312,28.408119201660156,1.5,0,19,0.0,0.0,0.0,0,0,0
1780579179.384207,0,0.3499999940395355,0,0,67,900,423158243,11,77,0.0,0.0,31.163818359375,28.56184959411621,0,0,0.6000000238418579,0,0,0,0,0,3,1,0,0,8,99,1,15.0,7.5,31.80754852294922,28.512176513671875,1.5,0,19,-1.0,0.0,0.0,0,0,0
1780579179.4038126,0,0.3499999940395355,0,0,67,900,423158243,11,77,0.0,0.0,31.163818359375,28.561859130859375,0,0,0.6000000238418579,0,0,0,0,0,3,1,0,0,8,99,1,15.0,7.5,32.107421875,28.662111282348633,1.5,0,19,-1.0,0.0,0.0,0,0,0
1780579179.424195,0,0.3499999940395355,0,0,67,900,423158243,11,77,0.0,0.0,31.163818359375,28.561864852905273,0,0,0.6000000238418579,0,0,0,0,0,3,1,0,0,8,99,1,15.0,7.5,32.40711975097656,28.81195831298828,1.5,0,19,-1.0,0.0,0.0,0,0,0
1780579179.4440525,0,0.3499999940395355,0,0,67,900,423158243,11,77,0.0,0.0,31.163818359375,28.56186866760254,0,0,0.6000000238418579,0,0,0,0,0,3,1,0,0,8,99,1,15.0,7.5,32.707149505615234,28.96197509765625,1.5,0,19,-1.0,0.0,0.0,0,0,0
1780579179.4640307,0,0.3499999940395355,0,0,67,900,423158243,11,77,0.0,0.0,31.163818359375,28.561870574951172,0,0,0.6000000238418579,0,0,0,0,0,3,1,0,0,8,99,1,15.0,7.5,33.00685119628906,29.11182403564453,1.5,0,19,-1.0,0.0,0.0,0,0,0
1780579179.4847977,0,0.3499999940395355,0,0,67,900,423158243,11,77,0.0,0.0,31.163818359375,28.561870574951172,0,0,0.6000000238418579,0,0,0,0,0,3,1,0,0,8,99,1,15.0,7.5,33.306549072265625,29.261676788330078,1.5,0,19,-1.0,0.0,0.0,0,0,0
1780579179.504181,0,0.3499999940395355,0,0,67,900,423158243,11,77,0.0,0.0,31.163818359375,28.561870574951172,0,0,0.6000000238418579,0,0,0,0,0,3,1,0,0,8,99,1,15.0,7.5,33.60735321044922,29.412076950073242,1.5,0,19,-1.0,0.0,0.0,0,0,0
1780579179.523951,0,0.3499999940395355,0,0,67,900,423158243,11,77,0.0,0.0,31.163818359375,28.561870574951172,0,0,0.6000000238418579,0,0,0,0,0,3,1,0,0,8,99,1,15.0,7.5,33.90705108642578,29.561927795410156,1.5,0,19,-1.0,0.0,0.0,0,0,1
1780579179.5438688,0,0.3499999940395355,0,0,67,900,423158243,11,77,0.0,0.0,31.163818359375,28.561870574951172,0,0,0.6000000238418579,0,0,0,0,0,3,1,0,0,8,99,1,15.0,7.5,34.20675277709961,29.711776733398438,1.5,0,19,-1.0,0.0,0.0,0,0,1
1780579179.564066,0,0.3499999940395355,1,0,67,900,423158243,11,77,0.0,0.0,31.163818359375,28.561870574951172,0,0,0.6000000238418579,0,0,0,0,0,3,1,1,0,8,99,0,15.0,7.5,34.50645446777344,29.86162567138672,1.5,0,19,-1.0,0.0,0.0,0,0,1
1780579179.5841062,0,0.3499999940395355,1,0,67,900,423158243,11,77,0.0,0.0,31.163818359375,28.561870574951172,0,0,0.6000000238418579,0,0,0,1,0,3,1,1,0,8,99,0,8.300000190734863,-0.9479996562004089,34.714447021484375,29.894981384277344,1.5,0,19,-1.0,0.0,0.0,0,0,1
1780579179.60353,0,0.3499999940395355,1,0,46,900,423158243,51,77,0.0,0.0,31.163818359375,28.561870574951172,0,0,0.6000000238418579,0,0,0,1,0,3,1,1,0,8,99,0,3.75,-1.8959993124008179,34.650291442871094,29.86285400390625,1.5,0,30,-1.0,0.0,0.0,0,0,1
1780579179.6238394,0,0.3499999940395355,1,0,46,900,423158243,51,77,0.0,0.0,30.863819122314453,28.561870574951172,0,0,0.6000000238418579,0,0,0,1,0,3,1,1,0,8,99,0,3.75,-2.843998908996582,34.65138244628906,29.811843872070312,1.5,0,30,-1.0,0.0,0.0,0,0,1
1780579179.644299,0,0.3499999940395355,1,0,46,900,423158243,51,77,0.0,0.0,30.563819885253906,28.561870574951172,0,0,0.6000000238418579,0,0,0,1,0,3,1,1,0,8,99,0,3.75,-3.7919986248016357,34.726402282714844,29.741811752319336,1.5,0,30,-1.0,0.0,0.0,0,0,1
1780579179.664012,0,0.3499999940395355,1,0,46,900,423158243,51,77,0.0,0.0,30.26382064819336,28.561870574951172,1,0,0.6000000238418579,0,0,0,1,0,3,1,1,0,8,99,0,3.75,-4.7399983406066895,34.80132293701172,29.652931213378906,1.5,0,30,-1.0,0.0,0.0,0,0,1
1780579179.6840622,0,0.3499999940395355,1,0,46,900,423158243,51,77,0.0,0.0,29.963821411132812,28.561870574951172,1,0,0.6000000238418579,0,0,0,1,0,3,1,1,0,8,99,0,3.75,-5.687997817993164,34.87635040283203,29.544979095458984,1.5,0,30,-1.0,0.0,0.0,0,0,1
1780579179.7040107,0,0.3499999940395355,1,0,46,900,423158243,51,77,0.0,0.0,29.663822174072266,28.561870574951172,1,0,0.6000000238418579,0,0,0,1,0,3,1,1,0,8,99,0,3.75,-6.635997295379639,34.95127487182617,29.418230056762695,1.5,0,30,-1.0,0.0,0.0,0,0,1
1780579179.72409,0,0.3499999940395355,1,0,46,900,423158243,51,77,0.0,0.0,29.36382293701172,28.561870574951172,1,0,0.6000000238418579,0,0,0,1,0,3,1,1,0,8,99,0,3.75,-7.583996772766113,35.02641677856445,29.27212142944336,1.5,0,30,-1.0,0.0,0.0,0,0,1
1780579179.7442698,0,0.3499999940395355,1,0,46,900,423158243,51,77,0.0,0.0,29.063823699951172,28.561870574951172,1,0,0.6000000238418579,0,0,0,1,0,3,1,1,0,8,99,0,3.75,-8.531996726989746,35.101341247558594,29.107471466064453,1.5,0,30,-1.0,0.0,0.0,0,0,0
1780579179.7638338,0,0.3499999940395355,1,0,46,900,423158243,51,77,0.0,0.0,28.763824462890625,28.561870574951172,1,0,0.6000000238418579,0,0,0,1,0,3,1,1,0,8,99,0,3.75,-9.479996681213379,35.17626953125,28.923900604248047,1.5,0,30,-1.0,0.0,0.0,0,0,0
1780579179.7844608,0,0.3499999940395355,1,0,46,900,423158243,51,77,0.0,0.0,28.763824462890625,28.561870574951172,1,0,0.6000000238418579,0,0,0,1,0,3,1,1,0,8,99,0,3.75,-10.427996635437012,35.25126647949219,28.72119903564453,1.5,0,30,-1.0,0.0,0.0,0,0,0
1780579179.8040705,0,0.3499999940395355,1,0,46,900,423158243,51,77,0.0,0.0,28.763824462890625,28.561870574951172,1,0,0.6000000238418579,0,0,0,1,0,3,1,1,0,8,99,0,-8.300000190734863,-11.375996589660645,35.1595573425293,28.499305725097656,1.5,0,30,-1.0,0.0,0.0,0,0,0
1780579179.823616,0,0.3499999940395355,1,0,46,900,423158243,51,77,0.0,0.0,28.763824462890625,28.561870574951172,1,0,0.6000000238418579,0,0,0,0,0,3,1,1,0,8,99,1,-8.300000190734863,0.0,34.993595123291016,28.41460609436035,1.5,0,30,-1.0,0.0,0.0,0,0,0
1780579179.8437195,0,0.3499999940395355,1,0,46,900,423158243,51,77,0.0,0.0,28.763824462890625,28.561870574951172,1,0,0.6000000238418579,0,0,0,0,0,3,1,1,0,8,99,1,-8.300000190734863,0.0,34.8277587890625,28.408096313476562,1.5,0,30,-1.0,0.0,0.0,0,0,0
1780579179.8642647,0,0.3499999940395355,1,0,46,900,423158243,52,77,-22.0,0.0,28.763824462890625,28.561870574951172,1,0,0.6000000238418579,0,0,0,0,0,3,1,1,0,8,99,1,-8.300000190734863,0.0,34.66131591796875,28.40810775756836,1.5,0,30,-1.0,0.0,0.0,0,0,0
1780579179.884036,0,0.3499999940395355,1,0,46,900,423158243,52,77,-22.0,0.0,28.323823928833008,28.561870574951172,1,0,0.6000000238418579,0,0,0,0,0,3,1,1,0,8,99,1,-8.300000190734863,0.0,34.4954833984375,28.40811538696289,1.5,0,30,-1.0,0.0,0.0,0,0,0
1780579179.9034653,0,0.3499999940395355,1,0,46,900,423158243,52,77,-22.0,0.0,27.88382339477539,28.561870574951172,1,0,0.6000000238418579,0,0,0,0,0,3,1,1,0,8,99,1,-8.300000190734863,0.0,34.329471588134766,28.408119201660156,1.5,0,30,-1.0,0.0,0.0,0,0,0
1780579179.9240637,0,0.3499999940395355,0,0,46,900,423158243,52,77,-22.0,0.0,27.443822860717773,28.561870574951172,1,0,0.6000000238418579,0,0,0,0,0,3,1,0,0,8,99,1,-8.300000190734863,0.0,34.163639068603516,28.408119201660156,1.5,0,30,-1.0,0.0,0.0,0,0,0
1780579179.9441116,0,0.3499999940395355,0,0,46,900,423158243,52,77,-22.0,0.0,27.003822326660156,28.561870574951172,1,0,0.6000000238418579,0,0,0,0,0,3,1,0,0,8,99,1,-8.300000190734863,0.0,33.99762725830078,28.40812110900879,1.5,0,30,-1.0,0.0,0.0,0,0,0
1780579179.9641416,0,0.3499999940395355,0,0,46,900,423158243,52,77,-22.0,0.0,26.56382179260254,28.561870574951172,1,0,0.6000000238418579,0,0,0,0,0,3,1,0,0,8,99,1,-8.300000190734863,0.0,33.83146667480469,28.40812110900879,1.5,0,30,-1.0,0.0,0.0,0,0,0
1780579179.9839506,0,0.3499999940395355,0,0,46,900,423158243,52,77,-22.0,0.0,26.123821258544922,28.561870574951172,1,0,0.6000000238418579,0,0,0,0,0,3,1,0,0,8,99,1,-8.300000190734863,0.0,33.66563034057617,28.40812110900879,1.5,0,30,-1.0,0.0,0.0,0,0,0
1780579180.0039723,0,0.3499999940395355,0,0,46,900,423158243,52,77,-22.0,0.0,25.683820724487305,28.561870574951172,1,0,0.6000000238418579,0,0,0,0,0,3,1,0,0,8,99,1,-8.300000190734863,0.0,33.49953842163086,28.40812110900879,1.5,0,30,-1.0,0.0,0.0,0,0,0
1780579180.02395,0,0.3499999940395355,0,0,46,900,423158243,52,77,-22.0,0.0,25.243820190429688,28.561870574951172,1,0,0.6000000238418579,0,0,0,0,0,3,1,0,0,8,99,1,-8.300000190734863,0.0,33.333229064941406,28.40812110900879,1.5,0,30,-1.0,0.0,0.0,0,0,0
1780579180.0436819,0,0.3499999940395355,0,0,46,900,423158243,52,77,-22.0,0.0,24.80381965637207,28.561870574951172,1,0,0.6000000238418579,0,0,0,0,0,3,1,0,0,8,99,1,-8.300000190734863,0.0,33.16739273071289,28.40812110900879,1.5,0,30,-1.0,0.0,0.0,0,0,0
1780579180.063988,0,0.3499999940395355,0,0,46,900,423158243,52,77,-22.0,0.0,24.363819122314453,28.561870574951172,1,0,0.6000000238418579,0,0,0,0,0,3,1,0,0,8,99,1,-8.300000190734863,0.0,33.001556396484375,28.408119201660156,1.5,0,30,-1.0,0.0,0.0,0,0,0
1780579180.0840113,0,0.3499999940395355,0,0,46,900,423158243,52,77,-22.0,0.0,23.923818588256836,28.561870574951172,1,0,0.6000000238418579,0,0,0,0,0,3,1,0,0,8,99,1,-8.300000190734863,0.0,32.83515930175781,28.408123016357422,1.5,0,30,-1.0,0.0,0.0,0,0,0
1780579180.10363,0,0.3499999940395355,0,0,46,900,423158243,52,77,-22.0,0.0,23.48381805419922,28.561870574951172,1,0,0.6000000238418579,0,0,0,0,0,3,1,0,0,8,99,1,-8.300000190734863,0.0,32.6693229675293,28.408123016357422,1.5,0,30,-1.0,0.0,0.0,0,0,0
1780579180.1240218,0,0.3499999940395355,0,0,46,900,423158243,56,77,0.0,0.0,23.0438175201416,28.561870574951172,1,0,0.6000000238418579,0,0,0,0,0,3,1,0,0,8,99,1,-8.300000190734863,0.0,32.50349044799805,28.40812110900879,1.5,0,30,-1.0,0.0,0.0,0,0,0
1780579180.1442945,0,0.3499999940395355,0,0,46,900,423158243,56,77,0.0,0.0,23.0438175201416,28.561870574951172,1,0,0.6000000238418579,0,0,0,0,0,3,1,0,0,8,99,1,-8.300000190734863,0.0,32.33765411376953,28.408123016357422,1.5,0,30,-1.0,0.0,0.0,0,0,0
1780579180.1640875,0,0.3499999940395355,0,0,46,900,423158243,56,77,0.0,0.0,23.0438175201416,28.561870574951172,1,0,0.6000000238418579,0,0,0,0,0,3,1,0,0,8,99,1,-8.300000190734863,0.0,32.17133331298828,28.40812110900879,1.5,0,30,-1.0,0.0,0.0,0,0,0
1780579180.1838682,0,0.3499999940395355,0,0,46,900,423158243,56,77,0.0,0.0,23.0438175201416,28.561870574951172,1,0,0.6000000238418579,0,0,0,0,0,3,1,0,0,8,99,1,-8.300000190734863,0.0,32.00517272949219,28.40812110900879,1.5,0,30,-1.0,0.0,0.0,0,0,0
1780579180.2039776,0,0.3499999940395355,0,0,46,900,423158243,56,77,0.0,0.0,23.0438175201416,28.561870574951172,1,0,0.6000000238418579,0,0,0,0,0,3,1,0,0,8,99,1,-8.300000190734863,0.0,31.839340209960938,28.408119201660156,1.5,0,30,-1.0,0.0,0.0,0,0,0
1780579180.2237844,0,0.3499999940395355,0,0,46,900,423158243,56,77,0.0,0.0,23.0438175201416,28.561870574951172,1,0,0.6000000238418579,0,0,0,0,0,3,1,0,0,8,99,1,-8.300000190734863,0.0,31.673507690429688,28.40812110900879,1.5,0,30,-1.0,0.0,0.0,0,0,0
1780579180.2437456,0,0.3499999940395355,0,0,46,900,423158243,56,77,0.0,0.0,23.0438175201416,28.561870574951172,1,0,0.6000000238418579,0,0,0,0,0,3,1,0,0,8,99,1,-8.300000190734863,0.0,31.507339477539062,28.40812110900879,1.5,0,30,-1.0,0.0,0.0,0,0,0
1780579180.2636445,0,0.3499999940395355,0,0,46,900,423158243,56,77,0.0,0.0,23.0438175201416,28.561870574951172,1,0,0.6000000238418579,0,0,0,0,0,3,1,0,0,8,99,1,-8.300000190734863,0.0,31.341506958007812,28.40812110900879,1.5,0,30,-1.0,0.0,0.0,0,0,0
1780579180.2838917,0,0.3499999940395355,0,0,46,900,423158243,56,77,0.0,0.0,23.0438175201416,28.561870574951172,1,0,0.6000000238418579,0,0,0,0,0,3,1,0,0,8,99,1,-8.300000190734863,0.0,31.175670623779297,28.40812110900879,1.5,0,30,-1.0,0.0,0.0,0,0,0
1780579180.3042438,0,0.3499999940395355,0,0,46,900,423158243,56,77,0.0,0.0,23.0438175201416,28.561870574951172,1,0,0.6000000238418579,0,0,0,0,0,3,1,0,0,8,99,1,-8.300000190734863,0.0,31.009836196899414,28.40812110900879,1.5,0,30,-1.0,0.0,0.0,0,0,0
1780579180.323765,0,0.3499999940395355,0,0,46,900,423158243,56,77,0.0,0.0,23.0438175201416,28.561870574951172,1,0,0.6000000238418579,0,0,0,0,0,3,1,0,0,8,99,1,-8.300000190734863,0.0,30.843364715576172,28.408123016357422,1.5,0,30,-1.0,0.0,0.0,0,0,0
1780579180.343973,0,0.3499999940395355,0,0,46,900,423158243,56,77,0.0,0.0,23.0438175201416,28.561870574951172,1,0,0.6000000238418579,0,0,0,0,0,3,1,0,0,8,99,1,-8.300000190734863,0.0,30.677528381347656,28.40812110900879,1.5,0,30,-1.0,0.0,0.0,0,0,0
1780579180.3639748,0,0.3499999940395355,0,0,46,900,423158243,69,77,0.0,0.0,23.0438175201416,28.561870574951172,1,0,0.6000000238418579,0,0,0,0,0,3,1,0,0,8,99,1,-8.300000190734863,0.0,30.511192321777344,28.408119201660156,1.5,0,30,-1.0,0.0,0.0,0,0,0
1780579180.3838944,0,0.3499999940395355,0,0,46,900,423158243,69,77,0.0,0.0,23.0438175201416,28.561870574951172,1,0,0.6000000238418579,0,0,0,0,0,3,1,0,0,8,99,1,-8.300000190734863,0.0,30.345355987548828,28.408123016357422,1.5,0,30,-1.0,0.0,0.0,0,0,0
1780579180.403645,0,0.3499999940395355,0,0,46,900,423158243,69,77,0.0,0.0,23.0438175201416,28.561870574951172,1,0,0.6000000238418579,0,0,0,0,0,3,1,0,0,8,99,1,-8.300000190734863,0.0,30.179363250732422,28.408119201660156,1.5,0,30,-1.0,0.0,0.0,0,0,0
1780579180.4240515,0,0.3499999940395355,0,0,46,900,423158243,69,77,0.0,0.0,23.0438175201416,28.561870574951172,1,0,0.6000000238418579,0,0,0,0,0,3,1,0,0,8,99,1,-8.300000190734863,0.0,30.01352882385254,28.408123016357422,1.5,0,30,-1.0,0.0,0.0,0,0,0
1780579180.4438832,0,0.3499999940395355,0,0,46,900,423158243,69,77,0.0,0.0,23.0438175201416,28.561870574951172,1,0,0.6000000238418579,0,0,0,0,0,3,1,0,0,8,99,1,-8.300000190734863,0.0,29.847694396972656,28.408119201660156,1.5,0,30,-1.0,0.0,0.0,0,0,0
1780579180.4635818,0,0.3499999940395355,0,0,46,900,423158243,69,77,0.0,0.0,23.0438175201416,28.561870574951172,1,0,0.6000000238418579,0,0,0,0,0,3,1,0,0,8,99,1,-8.300000190734863,0.0,29.68185806274414,28.408123016357422,1.5,0,30,-1.0,0.0,0.0,0,0,0
1780579180.4841893,0,0.3499999940395355,0,0,46,900,423158243,69,77,0.0,0.0,23.0438175201416,28.561870574951172,1,0,0.6000000238418579,0,0,0,0,0,3,1,0,0,8,99,1,-8.300000190734863,0.0,29.51602554321289,28.408123016357422,1.5,0,30,-1.0,0.0,0.0,0,0,0
1780579180.5040338,0,0.3499999940395355,0,0,46,900,423158243,69,77,0.0,0.0,23.0438175201416,28.561870574951172,1,0,0.6000000238418579,0,0,0,0,0,3,1,0,0,8,99,1,-8.300000190734863,0.0,29.350006103515625,28.40812110900879,1.5,0,30,-1.0,0.0,0.0,0,0,0
1780579180.523742,0,0.3499999940395355,0,0,46,900,423158243,69,77,0.0,0.0,23.0438175201416,28.561870574951172,1,0,0.6000000238418579,0,0,0,0,0,3,1,0,0,8,99,1,-8.300000190734863,0.0,29.183090209960938,28.40812110900879,1.5,0,30,-1.0,0.0,0.0,0,0,0
1780579180.5435743,0,0.3499999940395355,0,0,46,900,423158243,69,77,0.0,0.0,23.0438175201416,28.561870574951172,1,0,0.6000000238418579,0,0,0,0,0,3,1,0,0,8,99,1,-8.300000190734863,0.0,29.017253875732422,28.40812110900879,1.5,0,30,-1.0,0.0,0.0,0,0,0
1780579180.5637615,0,0.3499999940395355,0,0,46,900,423158243,69,77,0.0,0.0,23.0438175201416,28.561870574951172,1,0,0.6000000238418579,0,0,0,0,0,3,1,0,0,8,99,1,-8.300000190734863,0.0,28.85141944885254,28.40812110900879,1.5,0,30,-1.0,0.0,0.0,0,0,0
1780579180.5842476,0,0.3499999940395355,0,0,46,900,423158243,69,77,0.0,0.0,23.0438175201416,28.561870574951172,1,0,0.6000000238418579,0,0,0,0,0,3,1,0,0,8,99,1,-8.300000190734863,0.0,28.685585021972656,28.40812110900879,1.5,0,30,-1.0,0.0,0.0,0,0,0
1780579180.603488,0,0.3499999940395355,0,0,46,900,423158243,69,77,0.0,0.0,23.0438175201416,28.561870574951172,1,0,0.6000000238418579,0,0,0,0,0,3,1,0,0,8,99,1,-8.300000190734863,0.0,28.51930809020996,28.40812110900879,1.5,0,30,-1.0,0.0,0.0,0,0,0
1780579180.6241317,0,0.3499999940395355,0,0,46,900,423158243,45,77,-8.0,0.0,23.0438175201416,28.561870574951172,1,0,0.6000000238418579,0,0,0,0,0,3,0,0,0,8,99,1,-8.300000190734863,0.0,28.353473663330078,28.408123016357422,1.5,0,30,-1.0,0.0,0.0,0,0,0
1780579180.6436572,0,0.3499999940395355,0,0,46,900,423158243,45,77,-8.0,0.0,22.883817672729492,28.561870574951172,1,0,0.6000000238418579,0,0,0,0,0,3,0,0,0,8,99,1,-8.300000190734863,0.0,28.18716049194336,28.40812110900879,1.5,0,30,-1.0,0.0,0.0,0,0,0
1780579180.663571,0,0.3499999940395355,0,0,46,900,423158243,45,77,-8.0,0.0,22.723817825317383,28.561870574951172,1,0,0.6000000238418579,0,0,0,0,0,3,0,0,0,8,99,1,-8.300000190734863,0.0,28.021326065063477,28.40812110900879,1.5,0,30,-1.0,0.0,0.0,0,0,0
1780579180.683726,0,0.3499999940395355,0,0,46,900,423158243,45,77,-8.0,0.0,22.563817977905273,28.561870574951172,1,0,0.6000000238418579,0,0,0,0,0,3,0,0,0,8,99,1,-8.300000190734863,0.0,27.855491638183594,28.40812110900879,1.5,0,30,-1.0,0.0,0.0,0,0,0
1780579180.704111,0,0.3499999940395355,0,0,46,900,423158243,45,77,-8.0,0.0,22.403818130493164,28.561870574951172,1,0,0.6000000238418579,0,0,0,0,0,3,0,0,0,8,99,1,-8.300000190734863,0.0,27.689659118652344,28.40812110900879,1.5,0,30,-1.0,0.0,0.0,0,0,0
1780579180.7240303,0,0.3499999940395355,0,0,46,900,423158243,45,77,-8.0,0.0,22.243818283081055,28.561870574951172,1,0,0.6000000238418579,0,0,0,0,0,3,0,0,0,8,99,1,-8.300000190734863,0.0,27.52337646484375,28.40812110900879,1.5,0,30,-1.0,0.0,0.0,0,0,0
1780579180.7435894,0,0.3499999940395355,0,0,46,900,423158243,45,77,-8.0,0.0,22.083818435668945,28.561870574951172,1,0,0.6000000238418579,0,0,0,0,0,3,0,0,0,8,99,1,-8.300000190734863,0.0,27.357542037963867,28.408119201660156,1.5,0,30,-1.0,0.0,0.0,0,0,0
1780579180.7636073,0,0.3499999940395355,0,0,46,900,423158243,45,77,-8.0,0.0,21.923818588256836,28.561870574951172,1,0,0.6000000238418579,0,0,0,0,0,3,0,0,0,8,99,1,-8.300000190734863,0.0,27.191707611083984,28.408119201660156,1.5,0,30,-1.0,0.0,0.0,0,0,0
1780579180.7841928,0,0.3499999940395355,0,0,46,900,423158243,45,77,-8.0,0.0,21.763818740844727,28.561870574951172,1,0,0.6000000238418579,0,0,0,0,0,3,0,0,0,8,99,1,-8.300000190734863,0.0,27.025875091552734,28.408123016357422,1.5,0,30,-1.0,0.0,0.0,0,0,0
1780579180.803871,0,0.3499999940395355,0,0,46,900,423158243,45,77,-8.0,0.0,21.603818893432617,28.561870574951172,1,0,0.6000000238418579,0,0,0,0,0,3,0,0,0,8,99,1,-8.300000190734863,0.0,26.858867645263672,28.408123016357422,1.5,0,30,-1.0,0.0,0.0,0,0,0
1780579180.8237295,0,0.3499999940395355,0,0,46,900,423158243,45,77,-8.0,0.0,21.443819046020508,28.561870574951172,1,0,0.6000000238418579,0,0,0,0,0,3,0,0,0,8,99,1,-8.300000190734863,0.0,26.693031311035156,28.408123016357422,1.5,0,30,-1.0,0.0,0.0,0,0,0
1780579180.8438485,0,0.3499999940395355,0,0,46,900,423158243,45,77,-8.0,0.0,21.2838191986084,28.561870574951172,1,0,0.6000000238418579,0,0,0,0,0,3,0,0,0,8,99,1,-8.300000190734863,0.0,26.527198791503906,28.40812110900879,1.5,0,30,-1.0,0.0,0.0,0,0,0
1780579180.864131,0,0.3499999940395355,0,0,46,900,423158243,45,77,-8.0,0.0,21.12381935119629,28.561870574951172,1,0,0.6000000238418579,0,0,0,0,0,3,0,0,0,8,99,1,-8.300000190734863,0.0,26.36136245727539,28.408123016357422,1.5,0,30,-1.0,0.0,0.0,0,0,0
1780579180.8835623,0,0.3499999940395355,0,0,46,900,423158243,45,77,-8.0,0.0,20.96381950378418,28.561870574951172,1,0,0.6000000238418579,0,0,0,0,0,3,0,0,0,8,99,1,-8.300000190734863,0.0,26.19552993774414,28.40812110900879,1.5,0,30,-1.0,0.0,0.0,0,0,0
1780579180.9039972,0,0.3499999940395355,0,0,46,900,423158243,45,77,-8.0,0.0,20.80381965637207,28.561870574951172,1,0,0.6000000238418579,0,0,0,0,0,3,0,0,0,8,99,1,-8.300000190734863,0.0,26.029695510864258,28.40812110900879,1.5,0,30,-1.0,0.0,0.0,0,0,0
1780579180.9239411,0,0.3499999940395355,0,0,46,900,423158243,45,77,-8.0,0.0,20.64381980895996,28.561870574951172,1,0,0.6000000238418579,0,0,0,0,0,3,0,0,0,8,99,1,-8.300000190734863,0.0,25.863632202148438,28.408123016357422,1.5,0,30,-1.0,0.0,0.0,0,0,0
1780579180.943458,0,0.3499999940395355,0,0,46,900,423158243,45,77,-8.0,0.0,20.48381996154785,28.561870574951172,1,0,0.6000000238418579,0,0,0,0,0,3,0,0,0,8,99,1,-8.300000190734863,0.0,25.697797775268555,28.40812110900879,1.5,0,30,-1.0,0.0,0.0,0,0,0
1780579180.9638467,0,0.3499999940395355,0,0,46,900,423158243,45,77,-8.0,0.0,20.323820114135742,28.561870574951172,1,0,0.6000000238418579,0,0,0,0,0,3,0,0,0,8,99,1,-8.300000190734863,0.0,25.531963348388672,28.40812110900879,1.5,0,30,-1.0,0.0,0.0,0,0,0
1780579180.984639,0,0.3499999940395355,0,0,46,900,423158243,45,77,-8.0,0.0,20.163820266723633,28.561870574951172,1,0,0.6000000238418579,0,0,0,0,0,3,0,0,0,8,99,1,-8.300000190734863,0.0,25.365554809570312,28.408123016357422,1.5,0,30,-1.0,0.0,0.0,0,0,0
1780579181.0047653,0,0.3499999940395355,0,0,46,900,423158243,45,77,-8.0,0.0,20.003820419311523,28.561870574951172,1,0,0.6000000238418579,0,0,0,0,0,3,0,0,0,8,99,1,-8.300000190734863,0.0,25.196134567260742,28.408119201660156,1.5,0,30,-1.0,0.0,0.0,0,0,0
1780579181.024504,0,0.3499999940395355,0,0,46,900,423158243,45,77,-8.0,0.0,19.843820571899414,28.561870574951172,1,0,0.6000000238418579,0,0,0,0,0,3,0,0,0,8,99,1,-8.300000190734863,0.0,25.03030014038086,28.40812110900879,1.5,0,30,-1.0,0.0,0.0,0,0,0
1780579181.0440474,0,0.3499999940395355,0,0,46,900,423158243,45,77,-8.0,0.0,19.683820724487305,28.561870574951172,1,0,0.6000000238418579,0,0,0,0,0,3,0,0,0,8,99,1,-8.300000190734863,0.0,24.864465713500977,28.408119201660156,1.5,0,30,-1.0,0.0,0.0,0,0,0
1780579181.0642335,0,0.3499999940395355,0,0,46,900,423158243,35,77,0.0,0.0,19.523820877075195,28.561870574951172,1,0,0.6000000238418579,0,0,0,0,0,3,0,0,0,8,99,1,-8.300000190734863,0.0,24.698631286621094,28.40812110900879,1.5,0,30,-1.0,0.0,0.0,0,0,0
1780579181.0834856,0,0.3499999940395355,0,0,46,900,423158243,35,77,0.0,0.0,19.523820877075195,28.561870574951172,1,0,0.6000000238418579,0,0,0,0,0,3,0,0,0,8,99,1,-8.300000190734863,0.0,24.532798767089844,28.408123016357422,1.5,0,30,-1.0,0.0,0.0,0,0,0
1780579181.1036017,0,0.3499999940395355,0,0,46,900,423158243,35,77,0.0,0.0,19.523820877075195,28.561870574951172,1,0,0.6000000238418579,0,0,0,0,0,3,0,0,0,8,99,1,-8.300000190734863,0.0,24.36696434020996,28.40812110900879,1.5,0,30,-1.0,0.0,0.0,0,0,0
1780579181.123844,0,0.3499999940395355,0,0,46,900,423158243,35,77,0.0,0.0,19.523820877075195,28.561870574951172,1,0,0.6000000238418579,0,0,0,0,0,3,0,0,0,8,99,1,-8.300000190734863,0.0,24.201129913330078,28.40812110900879,1.5,0,30,-1.0,0.0,0.0,0,0,0
1780579181.1442537,0,0.3499999940395355,0,0,46,900,423158243,35,77,0.0,0.0,19.523820877075195,28.561870574951172,1,0,0.6000000238418579,0,0,0,0,0,3,0,0,0,8,99,1,-8.300000190734863,0.0,24.035295486450195,28.40812110900879,1.5,0,30,-1.0,0.0,0.0,0,0,0
1780579181.1637335,0,0.3499999940395355,0,0,46,900,423158243,35,77,0.0,0.0,19.523820877075195,28.561870574951172,1,0,0.6000000238418579,0,0,0,0,0,3,0,0,0,8,99,1,-8.300000190734863,0.0,23.86945915222168,28.408119201660156,1.5,0,30,-1.0,0.0,0.0,0,0,0
1780579181.1839495,0,0.3499999940395355,0,0,46,900,423158243,35,77,0.0,0.0,19.523820877075195,28.561870574951172,1,0,0.6000000238418579,0,0,0,0,0,3,0,0,0,8,99,1,-8.300000190734863,0.0,23.70362663269043,28.40812110900879,1.5,0,30,-1.0,0.0,0.0,0,0,0
1780579181.2040768,0,0.3499999940395355,0,0,46,900,423158243,35,77,0.0,0.0,19.523820877075195,28.561870574951172,1,0,0.6000000238418579,0,0,0,0,0,3,0,0,0,8,99,1,-8.300000190734863,0.0,23.537792205810547,28.408119201660156,1.5,0,30,-1.0,0.0,0.0,0,0,0
1780579181.223584,0,0.3499999940395355,0,0,46,900,423158243,35,77,0.0,0.0,19.523820877075195,28.561870574951172,1,0,0.6000000238418579,0,0,0,0,0,3,0,0,0,8,99,1,-8.300000190734863,0.0,23.37195587158203,28.408119201660156,1.5,0,30,-1.0,0.0,0.0,0,0,0
1780579181.2436745,0,0.3499999940395355,0,0,46,900,423158243,35,77,0.0,0.0,19.523820877075195,28.561870574951172,1,0,0.6000000238418579,0,0,0,0,0,3,0,0,0,8,99,1,-8.300000190734863,0.0,23.20612335205078,28.408123016357422,1.5,0,30,-1.0,0.0,0.0,0,0,0
1780579181.2638807,0,0.3499999940395355,0,0,46,900,423158243,35,77,0.0,0.0,19.523820877075195,28.561870574951172,1,0,0.6000000238418579,0,0,0,0,0,3,0,0,0,8,99,1,-8.300000190734863,0.0,23.040287017822266,28.40812110900879,1.5,0,30,-1.0,0.0,0.0,0,0,0
1780579181.2840238,0,0.3499999940395355,0,0,46,900,423158243,35,77,0.0,0.0,19.523820877075195,28.561870574951172,1,0,0.6000000238418579,0,0,0,0,0,3,0,0,0,8,99,1,-8.300000190734863,0.0,22.874454498291016,28.40812110900879,1.5,0,30,-1.0,0.0,0.0,0,0,0
1780579181.3036897,0,0.3499999940395355,0,0,46,900,423158243,35,77,0.0,0.0,19.523820877075195,28.561870574951172,1,0,0.6000000238418579,0,0,0,0,0,3,0,0,0,8,99,1,-8.300000190734863,0.0,22.708620071411133,28.40812110900879,1.5,0,30,-1.0,0.0,0.0,0,0,0
1780579181.323817,0,0.3499999940395355,0,0,46,900,423158243,35,77,0.0,0.0,19.523820877075195,28.561870574951172,1,0,0.6000000238418579,0,0,0,0,0,3,0,0,0,8,99,1,-8.300000190734863,0.0,22.54278564453125,28.40812110900879,1.5,0,30,-1.0,0.0,0.0,0,0,0
1780579181.344192,0,0.3499999940395355,0,0,46,900,423158243,35,77,0.0,0.0,19.523820877075195,28.561870574951172,1,0,0.6000000238418579,0,0,0,0,0,3,0,0,0,8,99,1,-8.300000190734863,0.0,22.376951217651367,28.40812110900879,1.5,0,30,-1.0,0.0,0.0,0,0,0
1780579181.3638246,0,0.3499999940395355,0,0,46,900,423158243,35,77,0.0,0.0,19.523820877075195,28.561870574951172,1,0,0.6000000238418579,0,0,0,0,0,3,0,0,0,8,99,1,-8.300000190734863,0.0,22.211027145385742,28.40812110900879,1.5,0,30,-1.0,0.0,0.0,0,0,1
1780579181.3840168,0,0.3499999940395355,1,0,46,900,423158243,35,77,0.0,0.0,19.523820877075195,28.561870574951172,0,0,0.6000000238418579,0,0,0,0,0,3,0,1,0,8,99,1,-8.300000190734863,0.0,22.04519271850586,28.40812110900879,1.5,0,30,-1.0,0.0,0.0,0,0,1
1780579181.4045813,0,0.3499999940395355,1,0,46,900,423158243,35,77,0.0,0.0,19.523820877075195,28.561870574951172,0,0,0.6000000238418579,0,0,0,0,0,3,0,1,0,8,99,1,-8.300000190734863,0.0,21.879358291625977,28.40812110900879,1.5,0,30,-1.0,0.0,0.0,0,0,1
1780579181.4238088,0,0.3499999940395355,1,0,25,900,423158243,35,77,0.0,0.0,19.523820877075195,28.561870574951172,0,0,0.6000000238418579,0,0,0,0,0,3,0,1,0,8,99,1,3.75,0.0,21.713523864746094,28.40812110900879,1.5,0,41,-1.0,0.0,0.0,0,0,1
1780579181.4441843,0,0.3499999940395355,1,0,25,900,423158243,35,77,0.0,0.0,19.22382164001465,28.561870574951172,0,0,0.6000000238418579,0,0,0,0,0,3,0,1,0,8,99,1,3.75,0.0,21.714242935180664,28.408119201660156,1.5,0,41,-1.0,0.0,0.0,0,0,1
1780579181.4640555,0,0.3499999940395355,1,0,25,900,423158243,35,77,0.0,0.0,18.9238224029541,28.561870574951172,0,0,0.6000000238418579,0,0,0,0,0,3,0,1,0,8,99,1,3.75,0.0,21.789169311523438,28.408123016357422,1.5,0,41,-1.0,0.0,0.0,0,0,1
1780579181.4843416,0,0.3499999940395355,1,0,25,900,423158243,35,77,0.0,0.0,18.623823165893555,28.561870574951172,1,0,0.6000000238418579,0,0,0,0,0,3,0,1,0,8,99,1,3.75,0.0,21.86424446105957,28.40812110900879,1.5,0,41,-1.0,1.0,0.0,0,0,1
1780579181.5041547,0,0.3499999940395355,1,0,25,900,423158243,35,77,0.0,0.0,18.323823928833008,28.561870574951172,1,0,0.6000000238418579,0,0,0,0,0,3,0,1,0,8,99,1,3.75,0.0,21.939208984375,28.408123016357422,1.5,0,41,-1.0,1.0,0.0,0,0,0
1780579181.524283,0,0.3499999940395355,1,0,25,900,423158243,35,77,0.0,0.0,18.02382469177246,28.561870574951172,1,0,0.6000000238418579,0,0,0,0,0,3,0,1,0,8,99,1,3.75,0.0,22.014320373535156,28.408123016357422,1.5,0,41,-1.0,1.0,0.0,0,0,0
1780579181.5442727,0,0.3499999940395355,1,0,25,900,423158243,35,77,0.0,0.0,17.723825454711914,28.561870574951172,1,0,0.6000000238418579,0,0,0,0,0,3,0,1,0,8,99,1,3.75,0.0,22.08924674987793,28.40812110900879,1.5,0,41,-1.0,1.0,0.0,0,0,0
1780579181.563682,0,0.3499999940395355,1,0,25,900,423158243,35,77,0.0,0.0,17.423826217651367,28.561870574951172,1,0,0.6000000238418579,0,0,0,0,0,3,0,1,0,8,99,1,3.75,0.0,22.164459228515625,28.40812110900879,1.5,0,41,-1.0,1.0,0.0,0,0,0
1780579181.584308,0,0.3499999940395355,1,0,25,900,423158243,35,77,0.0,0.0,17.12382698059082,28.561870574951172,1,0,0.6000000238418579,0,0,0,0,0,3,0,1,0,8,99,1,3.75,0.0,22.2393856048584,28.408119201660156,1.5,0,41,-1.0,1.0,0.0,1,0,0
1780579181.6039062,0,0.3499999940395355,1,0,25,900,423158243,35,77,0.0,0.0,17.12382698059082,28.561870574951172,1,0,0.6000000238418579,0,0,0,0,0,3,0,1,1,8,99,1,3.75,0.0,22.31431007385254,28.408119201660156,1.5,0,41,-1.0,1.0,0.0,1,0,0
1780579181.6242034,0,0.3499999940395355,1,0,25,900,423158243,35,77,0.0,0.0,17.12382698059082,28.561870574951172,1,0,0.6000000238418579,0,0,0,0,0,3,0,1,1,8,99,0,-8.300000190734863,15.70199966430664,22.22245216369629,28.625612258911133,1.5,0,41,-1.0,1.0,0.0,1,0,0
1780579181.6441586,0,0.3499999940395355,1,0,25,900,423158243,35,77,0.0,0.0,17.12382698059082,28.561870574951172,1,0,0.6000000238418579,0,0,0,0,0,3,0,1,1,8,99,0,-8.300000190734863,15.70199966430664,22.056617736816406,28.93933868408203,1.5,0,41,-1.0,1.0,0.0,1,0,0
1780579181.664074,0,0.3499999940395355,1,0,25,900,423158243,35,77,0.0,0.0,17.12382698059082,28.561870574951172,1,0,0.6000000238418579,0,0,0,0,0,3,0,1,1,8,99,0,-8.300000190734863,15.70199966430664,21.89078140258789,29.253063201904297,1.5,0,41,-1.0,1.0,0.0,1,0,0
1780579181.6842496,0,0.3499999940395355,1,0,25,900,423158243,35,77,0.0,0.0,17.12382698059082,28.561870574951172,1,0,0.6000000238418579,0,0,0,0,0,3,0,1,1,8,99,0,-8.300000190734863,15.70199966430664,21.72494888305664,29.566789627075195,1.5,0,41,-1.0,1.0,0.0,1,0,0
1780579181.7042336,0,0.3499999940395355,1,0,25,900,423158243,35,77,0.0,0.0,17.12382698059082,28.561870574951172,1,0,0.6000000238418579,0,0,0,0,0,3,0,1,1,8,99,0,-8.300000190734863,15.70199966430664,21.559011459350586,29.880708694458008,1.5,0,41,-1.0,0.0,0.0,1,0,0
1780579181.7250943,0,0.3499999940395355,1,0,25,900,423158243,35,77,0.0,0.0,17.12382698059082,28.561870574951172,1,0,0.6000000238418579,0,0,0,0,0,3,0,1,1,8,99,0,-8.300000190734863,15.70199966430664,21.393177032470703,30.194435119628906,1.5,0,41,-1.0,0.0,0.0,1,0,0
1780579181.745201,0,0.3499999940395355,0,0,25,900,423158243,35,77,0.0,0.0,17.12382698059082,28.561870574951172,1,0,0.6000000238418579,0,0,0,0,0,3,0,0,1,8,99,0,-8.300000190734863,15.70199966430664,21.226314544677734,30.51010513305664,1.5,0,41,-1.0,0.0,0.0,1,0,0
1780579181.7649953,0,0.3499999940395355,0,0,25,900,423158243,35,77,0.0,0.0,17.12382698059082,28.561870574951172,1,0,0.6000000238418579,0,0,0,0,0,3,0,0,1,8,99,0,-8.300000190734863,15.70199966430664,21.060359954833984,30.824054718017578,1.5,0,41,-1.0,0.0,0.0,1,0,0
1780579181.7848167,0,0.3499999940395355,0,0,25,900,423158243,35,77,0.0,0.0,17.12382698059082,28.561870574951172,1,0,0.6000000238418579,0,0,0,0,0,3,0,0,1,8,99,0,-8.300000190734863,15.70199966430664,20.8945255279541,31.137781143188477,1.5,0,41,-1.0,0.0,0.0,1,0,0
1780579181.804034,0,0.3499999940395355,0,0,25,900,423158243,35,77,0.0,0.0,17.12382698059082,28.561870574951172,1,0,0.6000000238418579,0,0,0,0,0,3,0,0,1,8,99,0,-8.300000190734863,15.70199966430664,20.72869110107422,31.451505661010742,1.5,0,41,-1.0,-1.0,0.0,1,0,0
1780579181.8241332,0,0.3499999940395355,0,0,25,900,423158243,36,77,0.0,0.0,17.12382698059082,28.561870574951172,1,0,0.6000000238418579,0,0,0,0,0,3,0,0,0,8,99,0,-8.300000190734863,14.753999710083008,20.562498092651367,31.75278663635254,1.5,0,41,-1.0,-1.0,0.0,1,0,0
1780579181.8439543,0,0.3499999940395355,0,0,25,900,423158243,37,77,0.0,0.0,17.12382698059082,28.561870574951172,1,0,0.6000000238418579,0,0,0,0,0,3,0,0,0,8,99,0,-8.300000190734863,13.805999755859375,20.396663665771484,32.034461975097656,1.5,0,41,-1.0,-1.0,0.0,1,0,0
1780579181.863849,0,0.3499999940395355,0,0,25,900,423158243,37,77,0.0,0.0,17.12382698059082,28.561870574951172,1,0,0.6000000238418579,0,0,0,0,0,3,0,0,0,8,99,0,-8.300000190734863,12.857999801635742,20.230220794677734,32.29816436767578,1.5,0,41,-1.0,-1.0,0.0,1,0,0
1780579181.8839462,0,0.3499999940395355,0,0,25,900,423158243,37,77,0.0,0.0,17.12382698059082,28.561870574951172,1,0,0.6000000238418579,0,0,0,0,0,3,0,0,0,8,99,0,-8.300000190734863,11.90999984741211,20.06438636779785,32.54193115234375,1.5,0,41,-1.0,-1.0,0.0,1,0,0
1780579181.9039192,0,0.3499999940395355,0,0,25,900,423158243,37,77,0.0,0.0,17.12382698059082,28.561870574951172,1,0,0.6000000238418579,0,0,0,0,0,3,0,0,0,8,99,0,-8.300000190734863,10.961999893188477,19.89855194091797,32.76676940917969,1.5,0,41,-1.0,-1.0,0.0,1,0,0
1780579181.9240818,0,0.3499999940395355,0,0,25,900,423158243,37,77,0.0,0.0,17.12382698059082,28.561870574951172,1,0,0.6000000238418579,0,0,0,0,0,3,0,0,0,8,99,0,-8.300000190734863,10.013999938964844,19.732717514038086,32.97269058227539,1.5,0,41,-1.0,-1.0,0.0,1,0,0
1780579181.9440424,0,0.3499999940395355,0,0,25,900,423158243,37,77,0.0,0.0,17.12382698059082,28.561870574951172,1,0,0.6000000238418579,0,0,0,0,0,3,0,0,0,8,99,0,-8.300000190734863,9.065999984741211,19.566883087158203,33.159690856933594,1.5,0,41,-1.0,-1.0,0.0,1,0,0
1780579181.9641511,0,0.3499999940395355,0,0,25,900,423158243,37,77,0.0,0.0,17.12382698059082,28.561870574951172,1,0,0.6000000238418579,0,0,0,0,0,3,0,0,0,8,99,0,-8.300000190734863,8.118000030517578,19.400846481323242,33.327964782714844,1.5,0,41,-1.0,-1.0,0.0,1,0,0
1780579181.9838707,0,0.3499999940395355,0,0,25,900,423158243,37,77,0.0,0.0,17.12382698059082,28.561870574951172,1,0,0.6000000238418579,0,0,0,0,0,3,0,0,0,8,99,0,-8.300000190734863,7.1700005531311035,19.234455108642578,33.477577209472656,1.5,0,41,-1.0,-1.0,0.0,0,0,0
1780579182.003939,0,0.3499999940395355,0,0,25,900,423158243,37,77,0.0,0.0,17.12382698059082,28.561870574951172,1,0,0.6000000238418579,0,0,0,0,0,3,0,0,0,8,99,0,-8.300000190734863,0.0,19.068620681762695,33.60771942138672,1.5,0,41,-1.0,-1.0,0.0,0,0,0
1780579182.0240426,0,0.3499999940395355,0,0,25,900,423158243,37,77,0.0,0.0,17.12382698059082,28.561870574951172,1,0,0.6000000238418579,0,0,0,1,0,3,0,0,0,8,99,0,-8.300000190734863,-0.9479996562004089,18.902786254882812,33.633018493652344,1.5,0,41,-1.0,-1.0,0.0,0,0,0
1780579182.0441606,0,0.3499999940395355,0,0,25,900,423158243,37,77,0.0,0.0,17.12382698059082,28.561870574951172,1,0,0.6000000238418579,0,0,0,1,0,3,0,0,0,8,99,0,-8.300000190734863,-1.8959993124008179,18.73663330078125,33.60093307495117,1.5,0,41,-1.0,-1.0,0.0,0,0,0
1780579182.063851,0,0.3499999940395355,0,0,25,900,423158243,37,77,0.0,0.0,17.12382698059082,28.561870574951172,1,0,0.6000000238418579,0,0,0,1,0,3,0,0,0,8,99,0,-8.300000190734863,-2.843998908996582,18.57054901123047,33.54987716674805,1.5,0,41,-1.0,-1.0,0.0,0,0,0
1780579182.084079,0,0.3499999940395355,0,0,25,900,423158243,37,77,0.0,0.0,17.12382698059082,28.561870574951172,1,0,0.6000000238418579,0,0,0,1,0,3,0,0,0,8,99,0,-8.300000190734863,-3.7919986248016357,18.404712677001953,33.47995376586914,1.5,0,41,0.0,-1.0,0.0,0,0,0
1780579182.1044378,0,0.3499999940395355,0,0,25,900,423158243,37,77,0.0,0.0,17.12382698059082,28.561870574951172,1,0,0.6000000238418579,0,0,0,1,0,3,0,0,0,8,99,0,-8.300000190734863,-4.7399983406066895,18.238771438598633,33.39104461669922,1.5,0,41,0.0,-1.0,0.0,0,0,0
1780579182.1240435,0,0.3499999940395355,0,0,25,900,423158243,37,77,0.0,0.0,17.12382698059082,28.561870574951172,1,0,0.6000000238418579,0,0,0,1,0,3,0,0,0,8,99,0,0.0,-5.687997817993164,18.187408447265625,33.283203125,1.5,0,41,0.0,-1.0,0.0,0,0,0
1780579182.1439579,0,0.3499999940395355,0,0,25,900,423158243,37,77,0.0,0.0,17.12382698059082,28.561870574951172,1,0,0.6000000238418579,0,0,0,1,0,3,0,0,0,8,99,0,0.0,-6.635997295379639,18.187408447265625,33.15648651123047,1.5,0,41,0.0,-1.0,0.0,0,0,0
1780579182.16425,0,0.3499999940395355,0,0,25,900,423158243,37,77,0.0,0.0,17.12382698059082,28.561870574951172,1,0,0.6000000238418579,0,0,0,1,0,3,0,0,0,8,99,0,0.0,-7.583996772766113,18.187408447265625,33.01053237915039,1.5,0,41,0.0,-1.0,0.0,0,0,0
1780579182.184245,0,0.3499999940395355,0,0,25,900,423158243,37,77,0.0,0.0,17.12382698059082,28.561870574951172,1,0,0.6000000238418579,0,0,0,1,0,3,0,0,0,8,99,0,0.0,-8.531996726989746,18.187408447265625,32.84525680541992,1.5,0,41,0.0,-1.0,0.0,0,0,0
1780579182.2041175,0,0.3499999940395355,0,0,25,900,423158243,37,77,0.0,0.0,17.12382698059082,28.561870574951172,1,0,0.6000000238418579,0,0,0,1,0,3,0,0,0,8,99,0,0.0,-9.479996681213379,18.187408447265625,32.66128158569336,1.5,0,41,0.0,-1.0,0.0,0,0,0
1780579182.2241397,0,0.3499999940395355,0,0,25,900,423158243,37,77,0.0,0.0,17.12382698059082,28.561870574951172,1,0,0.6000000238418579,0,0,0,1,0,3,0,0,0,8,99,0,0.0,-10.427996635437012,18.187408447265625,32.45872497558594,1.5,0,41,0.0,-1.0,0.0,0,0,0
1780579182.2438986,0,0.3499999940395355,0,0,25,900,423158243,37,77,0.0,0.0,17.12382698059082,28.561870574951172,1,0,0.6000000238418579,0,0,0,1,0,3,0,0,0,8,99,0,0.0,-11.375996589660645,18.187408447265625,32.236793518066406,1.5,0,41,0.0,-1.0,0.0,0,0,1
1780579182.2638397,1,0.3499999940395355,0,0,25,900,423158243,37,77,0.0,0.0,17.12382698059082,28.561870574951172,0,0,0.6000000238418579,0,0,0,1,0,3,0,1,0,8,99,0,0.0,-12.323996543884277,18.187408447265625,31.995941162109375,1.5,0,41,0.0,-1.0,0.0,0,0,1
1780579182.2842116,1,0.3499999940395355,0,0,25,900,423158243,37,77,0.0,0.0,17.12382698059082,28.561870574951172,0,0,0.6000000238418579,0,0,0,1,0,3,0,1,0,8,99,0,0.0,-13.27199649810791,18.187408447265625,31.736549377441406,1.5,0,41,0.0,-1.0,0.0,0,0,1
1780579182.3040426,1,0.3499999940395355,0,0,4,900,423158243,37,77,0.0,0.0,17.12382698059082,28.561870574951172,0,0,0.6000000238418579,0,0,0,1,0,3,0,1,0,8,99,0,0.0,-14.219996452331543,18.187408447265625,31.458236694335938,1.5,0,52,0.0,-1.0,0.0,0,0,1
1780579182.324242,1,0.3499999940395355,0,0,4,900,423158243,37,77,0.0,0.0,17.12382698059082,28.561870574951172,0,0,0.6000000238418579,0,0,0,0,0,3,0,1,0,8,99,0,0.0,0.0,18.187408447265625,31.52387237548828,1.5,0,52,0.0,-1.0,0.0,0,0,1
1780579182.3437228,1,0.3499999940395355,0,0,4,900,423158243,37,77,0.0,0.0,17.12382698059082,28.561870574951172,0,0,0.6000000238418579,0,0,0,0,0,3,0,1,0,8,99,0,0.0,0.0,18.187408447265625,31.745521545410156,1.5,0,52,0.0,-1.0,0.0,0,0,1
1780579182.3636644,1,0.3499999940395355,0,0,4,900,423158243,37,77,0.0,0.0,17.12382698059082,28.561870574951172,0,0,0.6000000238418579,0,0,0,0,0,3,0,1,0,8,99,0,0.0,0.0,18.187408447265625,31.966344833374023,1.5,0,52,0.0,-1.0,0.0,0,0,1
1780579182.38409,1,0.3499999940395355,0,0,4,900,423158243,37,77,0.0,0.0,17.12382698059082,28.561870574951172,1,0,0.6000000238418579,0,0,0,0,0,3,0,1,0,8,99,0,0.0,0.0,18.187408447265625,32.187164306640625,1.5,0,52,0.0,-1.0,0.0,0,0,1
1780579182.4043062,1,0.3499999940395355,0,0,4,900,423158243,37,77,0.0,0.0,17.12382698059082,28.561870574951172,1,0,0.6000000238418579,0,0,0,0,0,3,0,1,0,8,99,0,0.0,0.0,18.187408447265625,32.40822219848633,1.5,0,52,0.0,-1.0,0.0,0,0,0
1780579182.4235704,1,0.3499999940395355,0,0,4,900,423158243,37,77,0.0,0.0,17.12382698059082,28.561870574951172,1,0,0.6000000238418579,0,0,0,0,0,3,0,1,0,8,99,0,0.0,0.0,18.187408447265625,32.62904357910156,1.5,0,52,0.0,-1.0,0.0,0,0,0
1780579182.443968,1,0.3499999940395355,0,0,4,900,423158243,37,77,0.0,0.0,17.12382698059082,28.561870574951172,1,0,0.6000000238418579,0,0,0,0,0,3,0,1,0,8,99,0,0.0,0.0,18.187408447265625,32.84986114501953,1.5,0,52,0.0,-1.0,0.0,0,0,0
1780579182.4639645,1,0.3499999940395355,0,0,4,900,423158243,37,77,0.0,0.0,17.12382698059082,28.561870574951172,1,0,0.6000000238418579,0,0,0,0,0,3,0,1,0,8,99,0,0.0,0.0,18.187408447265625,33.07188034057617,1.5,0,52,0.0,-1.0,0.0,0,0,0
1780579182.4846752,1,0.3499999940395355,0,0,4,900,423158243,37,77,0.0,0.0,17.12382698059082,28.561870574951172,1,0,0.6000000238418579,0,0,0,0,0,3,0,1,0,8,99,0,0.0,0.0,18.187408447265625,33.29269790649414,1.5,0,52,0.0,-1.0,0.0,0,0,0
1780579182.5039268,1,0.3499999940395355,0,0,4,900,423158243,37,77,0.0,0.0,17.12382698059082,28.561870574951172,1,0,0.6000000238418579,0,0,0,0,0,3,0,1,0,8,99,0,0.0,0.0,18.187408447265625,33.51351547241211,1.5,0,52,0.0,-1.0,0.0,0,0,0
1780579182.5240426,1,0.3499999940395355,0,0,4,900,423158243,37,77,0.0,0.0,17.12382698059082,28.561870574951172,1,0,0.6000000238418579,0,0,0,0,0,3,0,1,0,8,99,0,0.0,0.0,18.187408447265625,33.73432922363281,1.5,0,52,0.0,-1.0,0.0,0,0,0
1780579182.5440307,1,0.3499999940395355,0,0,4,900,423158243,37,77,0.0,0.0,17.12382698059082,28.561870574951172,1,0,0.6000000238418579,0,0,0,0,0,3,0,1,0,8,99,0,0.0,0.0,18.187408447265625,33.95515060424805,1.5,0,52,0.0,-1.0,0.0,0,0,0
1780579182.5635757,1,0.3499999940395355,0,0,4,900,423158243,37,77,0.0,0.0,17.12382698059082,28.561870574951172,1,0,0.6000000238418579,0,0,0,0,0,3,0,1,0,8,99,0,0.0,0.0,18.187408447265625,34.175968170166016,1.5,0,52,0.0,-1.0,0.0,0,0,0
1780579182.5840619,1,0.3499999940395355,0,0,4,900,423158243,37,77,0.0,0.0,17.12382698059082,28.561870574951172,1,0,0.6000000238418579,0,0,0,1,0,3,0,1,0,8,99,0,0.0,-0.9479996562004089,18.187408447265625,34.23136901855469,1.5,0,52,0.0,-1.0,0.0,0,0,0
1780579182.6042268,1,0.3499999940395355,0,0,4,900,423158243,37,77,0.0,0.0,17.12382698059082,28.561870574951172,1,0,0.6000000238418579,0,0,0,1,0,3,0,1,0,8,99,0,0.0,-1.8959993124008179,18.187408447265625,34.19938278198242,1.5,0,52,0.0,-1.0,0.0,0,0,0
1780579182.6252165,0,0.3499999940395355,0,0,4,900,423158243,37,77,0.0,0.0,17.12382698059082,28.561870574951172,1,0,0.6000000238418579,0,0,0,1,0,3,0,0,0,8,99,0,0.0,-2.843998908996582,18.187408447265625,34.14820861816406,1.5,0,52,0.0,-1.0,0.0,0,0,0
1780579182.6462622,0,0.3499999940395355,0,0,4,900,423158243,37,77,0.0,0.0,17.12382698059082,28.561870574951172,1,0,0.6000000238418579,0,0,0,1,0,3,0,0,0,8,99,0,0.0,-3.7919986248016357,18.187408447265625,34.07811737060547,1.5,0,52,0.0,-1.0,0.0,0,0,0
1780579182.6658773,0,0.3499999940395355,0,0,4,900,423158243,37,77,0.0,0.0,17.12382698059082,28.561870574951172,1,0,0.6000000238418579,0,0,0,1,0,3,0,0,0,8,99,0,0.0,-4.7399983406066895,18.187408447265625,33.989227294921875,1.5,0,52,0.0,-1.0,0.0,0,0,0
1780579182.6857088,0,0.3499999940395355,0,0,4,900,423158243,37,77,0.0,0.0,17.12382698059082,28.561870574951172,1,0,0.6000000238418579,0,0,0,1,0,3,0,0,0,8,99,0,0.0,-5.687997817993164,18.187408447265625,33.88124084472656,1.5,0,52,0.0,-1.0,0.0,0,0,0
1780579182.7054825,0,0.3499999940395355,0,0,4,900,423158243,37,77,0.0,0.0,17.12382698059082,28.561870574951172,1,0,0.6000000238418579,0,0,0,1,0,3,0,0,0,8,99,0,0.0,-6.635997295379639,18.187408447265625,33.754478454589844,1.5,0,52,0.0,-1.0,0.0,0,0,0
1780579182.7253053,0,0.3499999940395355,0,0,4,900,423158243,37,77,0.0,0.0,17.12382698059082,28.561870574951172,1,0,0.6000000238418579,0,0,0,1,0,3,0,0,0,8,99,0,0.0,-7.583996772766113,18.187408447265625,33.608795166015625,1.5,0,52,-1.0,-1.0,0.0,0,0,0
1780579182.7450771,0,0.3499999940395355,0,0,4,900,423158243,37,77,0.0,0.0,17.12382698059082,28.561870574951172,1,0,0.6000000238418579,0,0,0,1,0,3,0,0,0,8,99,0,0.0,-8.531996726989746,18.187408447265625,33.44419479370117,1.5,0,52,-1.0,-1.0,0.0,0,0,0
1780579182.764779,0,0.3499999940395355,0,0,4,900,423158243,37,77,0.0,0.0,17.12382698059082,28.561870574951172,1,0,0.6000000238418579,0,0,0,1,0,3,0,0,0,8,99,0,0.0,-9.479996681213379,18.187408447265625,33.26023864746094,1.5,0,52,-1.0,-1.0,0.0,0,0,0
1780579182.7839916,0,0.3499999940395355,0,0,4,900,423158243,37,77,0.0,0.0,17.12382698059082,28.561870574951172,1,0,0.6000000238418579,0,0,0,1,0,3,0,0,0,8,99,0,0.0,-10.427996635437012,18.187408447265625,33.05774688720703,1.5,0,52,-1.0,-1.0,0.0,0,0,0
1780579182.8041906,0,0.3499999940395355,0,0,4,900,423158243,37,77,0.0,0.0,17.12382698059082,28.561870574951172,1,0,0.6000000238418579,0,0,0,1,0,3,0,0,0,8,99,0,0.0,-11.375996589660645,18.187408447265625,32.836334228515625,1.5,0,52,-1.0,-1.0,0.0,0,0,1
1780579182.824038,1,0.3499999940395355,0,0,4,900,423158243,37,77,0.0,0.0,17.12382698059082,28.561870574951172,0,0,0.6000000238418579,0,0,0,1,0,3,0,1,0,8,99,0,0.0,-12.323996543884277,18.187408447265625,32.59528732299805,1.5,0,52,-1.0,-1.0,0.0,0,0,1
1780579182.8441927,1,0.3499999940395355,0,0,4,900,423158243,37,77,0.0,0.0,17.12382698059082,28.561870574951172,0,0,0.6000000238418579,0,0,0,1,0,3,0,1,0,8,99,0,0.0,-13.27199649810791,18.187408447265625,32.33546447753906,1.5,0,52,-1.0,-1.0,0.0,0,0,1
1780579182.864057,1,0.3499999940395355,0,0,4,900,423158243,37,77,0.0,0.0,17.12382698059082,28.561870574951172,0,0,0.6000000238418579,0,0,0,1,0,3,0,1,0,8,99,0,0.0,-14.219996452331543,18.187408447265625,32.05719757080078,1.5,0,52,-1.0,-1.0,0.0,0,0,1
1780579182.8839836,1,0.3499999940395355,0,0,4,900,423158243,37,77,0.0,0.0,17.12382698059082,28.561870574951172,0,0,0.6000000238418579,0,0,0,1,0,3,0,1,0,8,99,0,0.0,-15.167996406555176,18.187408447265625,31.7600040435791,1.5,0,52,-1.0,-1.0,0.0,0,0,1
1780579183.376069,1,0.3499999940395355,0,0,4,900,423158243,37,77,0.0,0.0,17.12382698059082,28.561870574951172,0,0,0.6000000238418579,0,0,0,1,0,3,0,1,0,8,99,0,0.0,-16.115995407104492,18.187408447265625,31.44388771057129,1.5,0,63,1.0,0.0,0.0,0,0,0
1780579183.3954546,1,0.3499999940395355,0,0,4,900,423158243,37,77,0.0,0.0,17.12382698059082,28.561870574951172,1,0,0.6000000238418579,0,0,0,0,0,3,0,1,0,8,99,0,8.300000190734863,0.0,18.301576614379883,31.49559211730957,1.5,0,63,1.0,0.0,0.0,0,0,0
1780579183.4147556,0,0.3499999940395355,0,0,4,900,423158243,37,77,0.0,0.0,17.12382698059082,28.561870574951172,1,0,0.6000000238418579,0,0,1,0,0,3,0,0,0,8,99,0,8.300000190734863,0.0,18.467411041259766,31.716411590576172,1.5,0,63,0.0,0.0,0.0,0,0,0
1780579183.4339318,0,0.3499999940395355,0,0,4,900,423158243,37,77,0.0,0.0,17.12382698059082,28.561870574951172,1,0,0.6000000238418579,0,0,1,0,0,3,0,0,0,8,99,0,8.300000190734863,0.0,18.634136199951172,31.93841552734375,1.5,0,63,0.0,0.0,0.0,0,0,0
1780579183.4540675,0,0.3499999940395355,0,0,4,900,423158243,37,77,0.0,0.0,17.12382698059082,28.561870574951172,1,0,0.6000000238418579,0,0,1,0,0,3,0,0,0,8,99,0,0.0,0.0,18.685409545898438,32.15923309326172,1.5,0,63,0.0,0.0,0.0,0,0,0
1780579183.473811,0,0.3499999940395355,0,0,4,900,423158243,37,77,0.0,0.0,17.12382698059082,28.561870574951172,1,0,0.6000000238418579,0,0,1,0,0,3,0,0,0,8,99,0,0.0,0.0,18.685409545898438,32.38084411621094,1.5,0,63,0.0,0.0,0.0,0,0,0
1780579183.4936526,0,0.3499999940395355,0,0,4,900,423158243,37,77,0.0,0.0,17.12382698059082,28.561870574951172,1,0,0.6000000238418579,0,0,1,0,0,3,0,0,0,8,99,0,0.0,0.0,18.685409545898438,32.601661682128906,1.5,0,63,0.0,0.0,0.0,0,0,0
1780579183.513821,0,0.3499999940395355,0,0,4,900,423158243,37,77,0.0,0.0,17.12382698059082,28.561870574951172,1,0,0.6000000238418579,0,0,1,0,0,3,0,0,0,8,99,0,0.0,0.0,18.685409545898438,32.822479248046875,1.5,0,63,0.0,0.0,0.0,0,0,0
1780579183.5338862,0,0.3499999940395355,0,0,4,900,423158243,37,77,0.0,0.0,17.12382698059082,28.561870574951172,1,0,0.6000000238418579,0,0,1,0,0,3,0,0,0,8,99,0,0.0,0.0,18.685409545898438,33.04330062866211,1.5,0,63,0.0,0.0,0.0,0,0,0
1780579183.5537636,0,0.3499999940395355,0,0,4,900,423158243,37,77,0.0,0.0,17.12382698059082,28.561870574951172,1,0,0.6000000238418579,0,0,1,0,0,3,0,0,0,8,99,0,0.0,0.0,18.685409545898438,33.26476287841797,1.5,0,63,0.0,0.0,0.0,0,0,0
1780579183.573921,0,0.3499999940395355,0,0,4,900,423158243,37,77,0.0,0.0,17.12382698059082,28.561870574951172,1,0,0.6000000238418579,0,0,1,0,0,3,0,0,0,8,99,0,0.0,0.0,18.685409545898438,33.48558044433594,1.5,0,63,0.0,0.0,0.0,0,0,0
1780579183.594035,0,0.3499999940395355,0,0,4,900,423158243,37,77,0.0,0.0,17.12382698059082,28.561870574951172,1,0,0.6000000238418579,0,0,1,0,0,3,0,0,0,8,99,0,0.0,0.0,18.685409545898438,33.706398010253906,1.5,0,63,0.0,0.0,0.0,0,0,0
1780579183.6139963,0,0.3499999940395355,0,0,4,900,423158243,37,77,0.0,0.0,17.12382698059082,28.561870574951172,1,0,0.6000000238418579,0,0,1,0,0,3,0,0,0,8,99,0,0.0,0.0,18.685409545898438,33.927921295166016,1.5,0,63,0.0,0.0,0.0,0,0,0
1780579183.6338313,0,0.3499999940395355,0,0,4,900,423158243,37,77,0.0,0.0,17.12382698059082,28.561870574951172,1,0,0.6000000238418579,0,0,1,0,0,3,0,0,0,8,99,0,0.0,0.0,18.685409545898438,34.148738861083984,1.5,0,63,0.0,0.0,0.0,0,0,0
1780579183.6536753,0,0.3499999940395355,0,0,4,900,423158243,37,77,0.0,0.0,17.12382698059082,28.561870574951172,1,0,0.6000000238418579,0,0,1,1,0,3,0,0,0,8,99,0,0.0,-0.9479996562004089,18.685409545898438,34.203956604003906,1.5,0,63,0.0,0.0,0.0,0,0,0
1780579183.6740575,0,0.3499999940395355,0,0,4,900,423158243,37,77,0.0,0.0,17.12382698059082,28.561870574951172,1,0,0.6000000238418579,0,0,1,1,0,3,0,0,0,8,99,0,0.0,-1.8959993124008179,18.685409545898438,34.17190933227539,1.5,0,63,0.0,0.0,0.0,0,0,0
1780579183.6941442,0,0.3499999940395355,0,0,4,900,423158243,37,77,0.0,0.0,17.12382698059082,28.561870574951172,1,0,0.6000000238418579,0,0,1,1,0,3,0,0,0,8,99,0,0.0,-2.843998908996582,18.685409545898438,34.12093734741211,1.5,0,63,0.0,0.0,0.0,0,0,0
1780579183.7134056,0,0.3499999940395355,0,0,4,900,423158243,37,77,0.0,0.0,17.12382698059082,28.561870574951172,1,0,0.6000000238418579,0,0,1,1,0,3,0,0,0,8,99,0,0.0,-3.7919986248016357,18.685409545898438,34.05076599121094,1.5,0,63,0.0,0.0,0.0,0,0,0
1780579183.7335393,0,0.3499999940395355,0,0,4,900,423158243,37,77,0.0,0.0,17.12382698059082,28.561870574951172,1,0,0.6000000238418579,0,0,1,1,0,3,0,0,0,8,99,0,0.0,-4.7399983406066895,18.685409545898438,33.961883544921875,1.5,0,63,0.0,0.0,0.0,0,0,0
1780579183.7540188,0,0.3499999940395355,0,0,4,900,423158243,37,77,0.0,0.0,17.12382698059082,28.561870574951172,1,0,0.6000000238418579,0,0,1,1,0,3,0,0,0,8,99,0,0.0,-5.687997817993164,18.685409545898438,33.85407638549805,1.5,0,63,0.0,0.0,0.0,0,0,0
1780579183.7739387,0,0.3499999940395355,0,0,4,900,423158243,37,77,0.0,0.0,17.12382698059082,28.561870574951172,1,0,0.6000000238418579,0,0,1,1,0,3,0,0,0,8,99,0,0.0,-6.635997295379639,18.685409545898438,33.72734832763672,1.5,0,63,0.0,0.0,0.0,0,0,0
1780579183.7939596,0,0.3499999940395355,0,0,4,900,423158243,37,77,0.0,0.0,17.12382698059082,28.561870574951172,1,0,0.6000000238418579,0,0,1,1,0,3,0,0,0,8,99,0,0.0,-7.583996772766113,18.685409545898438,33.581695556640625,1.5,0,63,0.0,0.0,0.0,0,0,0
1780579183.8137355,0,0.3499999940395355,0,0,4,900,423158243,37,77,0.0,0.0,17.12382698059082,28.561870574951172,1,0,0.6000000238418579,0,0,1,1,0,3,0,0,0,8,99,0,0.0,-8.531996726989746,18.685409545898438,33.4168701171875,1.5,0,63,0.0,0.0,0.0,0,0,0
1780579183.834425,0,0.3499999940395355,0,0,4,900,423158243,37,77,0.0,0.0,17.12382698059082,28.561870574951172,1,0,0.6000000238418579,0,0,1,1,0,3,0,0,0,8,99,0,0.0,-9.479996681213379,18.685409545898438,33.232872009277344,1.5,0,63,0.0,0.0,0.0,0,0,0
1780579183.8535302,0,0.3499999940395355,0,0,4,900,423158243,37,77,0.0,0.0,17.12382698059082,28.561870574951172,1,0,0.6000000238418579,0,0,1,1,0,3,0,0,0,8,99,0,0.0,-10.427996635437012,18.685409545898438,33.03010559082031,1.5,0,63,0.0,0.0,0.0,0,0,0
1780579183.8740468,0,0.3499999940395355,0,0,4,900,423158243,37,77,0.0,0.0,17.12382698059082,28.561870574951172,1,0,0.6000000238418579,0,0,1,1,0,3,0,0,0,8,99,0,0.0,-11.375996589660645,18.685409545898438,32.80866622924805,1.5,0,63,0.0,0.0,0.0,0,0,0
1780579183.8939223,0,0.3499999940395355,0,0,4,900,423158243,37,77,0.0,0.0,17.12382698059082,28.561870574951172,1,0,0.6000000238418579,0,0,1,1,0,3,0,0,0,8,99,0,0.0,-12.323996543884277,18.685409545898438,32.56721496582031,1.5,0,63,0.0,0.0,0.0,0,0,0
1780579183.9139383,0,0.3499999940395355,0,0,4,900,423158243,37,77,0.0,0.0,17.12382698059082,28.561870574951172,1,0,0.6000000238418579,0,0,1,1,0,3,0,0,0,8,99,0,0.0,-13.27199649810791,18.685409545898438,32.30784606933594,1.5,0,63,0.0,0.0,0.0,0,0,0
1780579183.9338243,0,0.3499999940395355,0,0,4,900,423158243,37,77,0.0,0.0,17.12382698059082,28.561870574951172,1,0,0.6000000238418579,0,0,1,1,0,3,0,0,0,8,99,0,0.0,-14.219996452331543,18.685409545898438,32.02955627441406,1.5,0,63,0.0,0.0,0.0,0,0,0
1780579183.9538634,0,0.3499999940395355,0,0,4,900,423158243,37,77,0.0,0.0,17.12382698059082,28.561870574951172,1,0,0.6000000238418579,0,0,1,1,0,3,0,0,0,8,99,0,0.0,-15.167996406555176,18.685409545898438,31.732341766357422,1.5,0,63,0.0,0.0,0.0,0,0,0
1780579183.9740286,0,0.3499999940395355,0,0,4,900,423158243,37,77,0.0,0.0,17.12382698059082,28.561870574951172,1,0,0.6000000238418579,0,0,1,1,0,3,0,0,0,8,99,0,0.0,-16.115995407104492,18.685409545898438,31.415538787841797,1.5,0,63,0.0,0.0,0.0,0,0,0
1780579183.993559,0,0.3499999940395355,0,0,4,900,423158243,37,77,0.0,0.0,17.12382698059082,28.561870574951172,1,0,0.6000000238418579,0,0,1,1,0,3,0,0,0,8,99,0,0.0,-17.063995361328125,18.685409545898438,31.080440521240234,1.5,0,63,0.0,0.0,0.0,0,0,0
1780579184.0143268,0,0.3499999940395355,0,0,4,900,423158243,37,77,0.0,0.0,17.12382698059082,28.561870574951172,1,0,0.6000000238418579,0,0,1,1,0,3,0,0,0,8,99,0,0.0,-18.011995315551758,18.685409545898438,30.726423263549805,1.5,0,63,0.0,0.0,0.0,0,0,0
1780579184.033888,0,0.3499999940395355,0,0,4,900,423158243,37,77,0.0,0.0,17.12382698059082,28.561870574951172,1,0,0.6000000238418579,0,0,1,1,0,3,0,0,0,8,99,0,0.0,-18.95999526977539,18.685409545898438,30.351421356201172,1.5,0,63,0.0,0.0,0.0,0,0,0
1780579184.0535095,0,0.3499999940395355,0,0,4,900,423158243,37,77,0.0,0.0,17.12382698059082,28.561870574951172,1,0,0.6000000238418579,0,0,1,1,0,3,0,0,0,8,99,0,0.0,-19.907995223999023,18.685409545898438,29.959457397460938,1.5,0,63,0.0,0.0,0.0,0,0,0
1780579184.0736713,0,0.3499999940395355,0,0,4,900,423158243,37,77,0.0,0.0,17.12382698059082,28.561870574951172,1,0,0.6000000238418579,0,0,1,1,0,3,0,0,0,8,99,0,0.0,-20.855995178222656,18.685409545898438,29.548566818237305,1.5,0,63,0.0,0.0,0.0,0,0,0
1780579184.094323,0,0.3499999940395355,0,0,4,900,423158243,37,77,0.0,0.0,17.12382698059082,28.561870574951172,1,0,0.6000000238418579,0,0,1,1,0,3,0,0,0,8,99,0,0.0,-20.947999954223633,18.685409545898438,29.130592346191406,1.5,0,63,0.0,0.0,0.0,0,0,0
1780579184.1140006,0,0.3499999940395355,0,0,4,900,423158243,37,77,0.0,0.0,17.12382698059082,28.561870574951172,1,0,0.6000000238418579,0,0,1,1,0,3,0,0,0,8,99,0,0.0,-20.947999954223633,18.685409545898438,28.71097183227539,1.5,0,63,0.0,0.0,0.0,0,0,0
1780579184.1335974,0,0.3499999940395355,0,0,4,900,423158243,37,77,0.0,0.0,17.12382698059082,28.561870574951172,1,0,0.6000000238418579,0,0,1,0,0,3,0,0,0,8,99,1,0.0,0.0,18.685409545898438,28.46176528930664,1.5,0,63,0.0,0.0,0.0,0,0,0
1780579184.1540356,0,0.3499999940395355,0,0,4,900,423158243,37,77,0.0,0.0,17.12382698059082,28.561870574951172,1,0,0.6000000238418579,0,0,1,0,0,3,0,0,0,8,99,1,0.0,0.0,18.685409545898438,28.408096313476562,1.5,0,63,0.0,0.0,0.0,0,0,0
1780579184.1738944,0,0.3499999940395355,0,0,4,900,423158243,37,77,0.0,0.0,17.12382698059082,28.561870574951172,1,0,0.6000000238418579,0,0,1,0,0,3,0,0,0,8,99,1,0.0,0.0,18.685409545898438,28.408105850219727,1.5,0,63,0.0,0.0,0.0,0,0,0
1780579184.1933498,0,0.3499999940395355,0,0,4,900,423158243,37,77,0.0,0.0,17.12382698059082,28.561870574951172,1,0,0.6000000238418579,0,0,1,0,0,3,0,0,0,8,99,1,0.0,0.0,18.685409545898438,28.40811538696289,1.5,0,63,0.0,0.0,0.0,0,0,0
1780579184.213701,0,0.3499999940395355,0,0,4,900,423158243,37,77,0.0,0.0,17.12382698059082,28.561870574951172,1,0,0.6000000238418579,0,0,1,0,0,3,0,0,0,8,99,1,0.0,0.0,18.685409545898438,28.408117294311523,1.5,0,63,0.0,0.0,0.0,0,0,0
1780579184.234245,0,0.3499999940395355,0,0,4,900,423158243,37,77,0.0,0.0,17.12382698059082,28.561870574951172,1,0,0.6000000238418579,0,0,1,0,0,3,0,0,0,8,99,1,0.0,0.0,18.685409545898438,28.408119201660156,1.5,0,63,0.0,0.0,0.0,0,0,0
1780579184.254031,0,0.3499999940395355,0,0,4,900,423158243,37,77,0.0,0.0,17.12382698059082,28.561870574951172,1,0,0.6000000238418579,0,0,1,0,0,3,0,0,0,8,99,1,0.0,0.0,18.685409545898438,28.408123016357422,1.5,0,63,0.0,0.0,0.0,0,0,0
1780579184.2735121,0,0.3499999940395355,0,0,4,900,423158243,37,77,0.0,0.0,17.12382698059082,28.561870574951172,1,0,0.6000000238418579,0,0,1,0,0,3,0,0,0,8,99,1,0.0,0.0,18.685409545898438,28.40812110900879,1.5,0,63,0.0,0.0,0.0,0,0,0
1780579184.2939026,0,0.3499999940395355,0,0,4,900,423158243,37,77,0.0,0.0,17.12382698059082,28.561870574951172,1,0,0.6000000238418579,0,0,1,0,0,3,0,0,0,8,99,1,0.0,0.0,18.685409545898438,28.40812110900879,1.5,0,63,0.0,0.0,0.0,0,0,0
1780579184.3143673,0,0.3499999940395355,0,0,4,900,423158243,37,77,0.0,0.0,17.12382698059082,28.561870574951172,1,0,0.6000000238418579,0,0,1,0,0,3,0,0,0,8,99,1,0.0,0.0,18.685409545898438,28.408123016357422,1.5,0,63,0.0,0.0,0.0,0,0,0
1780579184.3334374,0,0.3499999940395355,0,0,4,900,423158243,37,77,0.0,0.0,17.12382698059082,28.561870574951172,1,0,0.6000000238418579,0,0,1,0,0,3,0,0,0,8,99,1,0.0,0.0,18.685409545898438,28.408123016357422,1.5,0,63,0.0,0.0,0.0,0,0,0
1780579184.3540096,0,0.3499999940395355,0,0,4,900,423158243,37,77,0.0,0.0,17.12382698059082,28.561870574951172,1,0,0.6000000238418579,0,0,1,0,0,3,0,0,0,8,99,1,0.0,0.0,18.685409545898438,28.408123016357422,1.5,0,63,0.0,0.0,0.0,0,0,0
1780579184.374222,0,0.3499999940395355,0,0,4,900,423158243,37,77,0.0,0.0,17.12382698059082,28.561870574951172,1,0,0.6000000238418579,0,0,1,0,0,3,0,0,0,8,99,1,0.0,0.0,18.685409545898438,28.40812110900879,1.5,0,63,0.0,0.0,0.0,0,0,0
1780579184.3938594,0,0.3499999940395355,0,0,4,900,423158243,37,77,0.0,0.0,17.12382698059082,28.561870574951172,1,0,0.6000000238418579,0,0,1,0,0,3,0,0,0,8,99,1,0.0,0.0,18.685409545898438,28.40812110900879,1.5,0,63,0.0,0.0,0.0,0,0,0
1780579184.4137633,0,0.3499999940395355,0,0,4,900,423158243,37,77,0.0,0.0,17.12382698059082,28.561870574951172,1,0,0.6000000238418579,0,0,1,0,0,3,0,0,0,8,99,1,0.0,0.0,18.685409545898438,28.40812110900879,1.5,0,63,0.0,0.0,0.0,0,0,0
1780579184.433783,0,0.3499999940395355,0,0,4,900,423158243,37,77,0.0,0.0,17.12382698059082,28.561870574951172,1,0,0.6000000238418579,0,0,1,0,0,3,0,0,0,8,99,1,0.0,0.0,18.685409545898438,28.408119201660156,1.5,0,63,0.0,0.0,0.0,0,0,0
1780579184.453872,0,0.3499999940395355,0,0,4,900,423158243,37,77,0.0,0.0,17.12382698059082,28.561870574951172,1,0,0.6000000238418579,0,0,1,0,0,3,0,0,0,8,99,1,0.0,0.0,18.685409545898438,28.408119201660156,1.5,0,63,0.0,0.0,0.0,0,0,0
1780579184.473435,0,0.3499999940395355,0,0,4,900,423158243,37,77,0.0,0.0,17.12382698059082,28.561870574951172,1,0,0.6000000238418579,0,0,1,0,0,3,0,0,0,8,99,1,0.0,0.0,18.685409545898438,28.408123016357422,1.5,0,63,0.0,0.0,0.0,0,0,0
1780579184.4935312,0,0.3499999940395355,0,0,4,900,423158243,37,77,0.0,0.0,17.12382698059082,28.561870574951172,1,0,0.6000000238418579,0,0,1,0,0,3,0,0,0,8,99,1,0.0,0.0,18.685409545898438,28.408123016357422,1.5,0,63,0.0,0.0,0.0,0,0,0
1780579184.514216,0,0.3499999940395355,0,0,4,900,423158243,37,77,0.0,0.0,17.12382698059082,28.561870574951172,1,0,0.6000000238418579,0,0,1,0,0,3,0,0,0,8,99,1,0.0,0.0,18.685409545898438,28.408123016357422,1.5,0,63,0.0,0.0,0.0,0,0,0
1780579184.5340962,0,0.3499999940395355,0,0,4,900,423158243,37,77,0.0,0.0,17.12382698059082,28.561870574951172,1,0,0.6000000238418579,0,0,1,0,0,3,0,0,0,8,99,1,0.0,0.0,18.685409545898438,28.408119201660156,1.5,0,63,0.0,0.0,0.0,0,0,0
1780579184.5538182,0,0.3499999940395355,0,0,4,900,423158243,37,77,0.0,0.0,17.12382698059082,28.561870574951172,1,0,0.6000000238418579,0,0,1,0,0,3,0,0,0,8,99,1,0.0,0.0,18.685409545898438,28.408123016357422,1.5,0,63,0.0,0.0,0.0,0,0,0
1780579184.573982,0,0.3499999940395355,0,0,4,900,423158243,37,77,0.0,0.0,17.12382698059082,28.561870574951172,1,0,0.6000000238418579,0,0,1,0,0,3,0,0,0,8,99,1,0.0,0.0,18.685409545898438,28.408123016357422,1.5,0,63,0.0,0.0,0.0,0,0,0
1780579184.5941684,0,0.3499999940395355,0,0,4,900,423158243,37,77,0.0,0.0,17.12382698059082,28.561870574951172,1,0,0.6000000238418579,0,0,1,0,0,3,0,0,0,8,99,1,0.0,0.0,18.685409545898438,28.40812110900879,1.5,0,63,0.0,0.0,0.0,0,0,0
1780579184.613473,0,0.3499999940395355,0,0,4,900,423158243,37,77,0.0,0.0,17.12382698059082,28.561870574951172,1,0,0.6000000238418579,0,0,1,0,0,3,0,0,0,8,99,1,0.0,0.0,18.685409545898438,28.408119201660156,1.5,0,63,0.0,0.0,0.0,0,0,0
1780579184.6335003,0,0.3499999940395355,0,0,4,900,423158243,37,77,0.0,0.0,17.12382698059082,28.561870574951172,1,0,0.6000000238418579,0,0,1,0,0,3,0,0,0,8,99,1,0.0,0.0,18.685409545898438,28.408119201660156,1.5,0,63,0.0,0.0,0.0,0,0,0
1780579184.6539419,0,0.3499999940395355,0,0,4,900,423158243,37,77,0.0,0.0,17.12382698059082,28.561870574951172,1,0,0.6000000238418579,0,0,1,0,0,3,0,0,0,8,99,1,0.0,0.0,18.685409545898438,28.408123016357422,1.5,0,63,0.0,0.0,0.0,0,0,0
1780579184.6738946,0,0.3499999940395355,0,0,4,900,423158243,37,77,0.0,0.0,17.12382698059082,28.561870574951172,1,0,0.6000000238418579,0,0,1,0,0,3,0,0,0,8,99,1,0.0,0.0,18.685409545898438,28.408119201660156,1.5,0,63,0.0,0.0,0.0,0,0,0
1780579184.6936862,0,0.3499999940395355,0,0,4,900,423158243,37,77,0.0,0.0,17.12382698059082,28.561870574951172,1,0,0.6000000238418579,0,0,1,0,0,3,0,0,0,8,99,1,0.0,0.0,18.685409545898438,28.408119201660156,1.5,0,63,0.0,0.0,0.0,0,0,0
1780579184.7141378,0,0.3499999940395355,0,0,4,900,423158243,37,77,0.0,0.0,17.12382698059082,28.561870574951172,1,0,0.6000000238418579,0,0,1,0,0,3,0,0,0,8,99,1,0.0,0.0,18.685409545898438,28.408119201660156,1.5,0,63,0.0,0.0,0.0,0,0,0
1780579184.7340872,0,0.3499999940395355,0,0,4,900,423158243,37,77,0.0,0.0,17.12382698059082,28.561870574951172,1,0,0.6000000238418579,0,0,1,0,0,3,0,0,0,8,99,1,0.0,0.0,18.685409545898438,28.40812110900879,1.5,0,63,0.0,0.0,0.0,0,0,0
1780579184.7533462,0,0.3499999940395355,0,0,4,900,423158243,37,77,0.0,0.0,17.12382698059082,28.561870574951172,1,0,0.6000000238418579,0,0,1,0,0,3,0,0,0,8,99,1,0.0,0.0,18.685409545898438,28.40812110900879,1.5,0,63,0.0,0.0,0.0,0,0,0
1780579184.7734737,0,0.3499999940395355,0,0,4,900,423158243,37,77,0.0,0.0,17.12382698059082,28.561870574951172,1,0,0.6000000238418579,0,0,1,0,0,3,0,0,0,8,99,1,0.0,0.0,18.685409545898438,28.40812110900879,1.5,0,63,0.0,0.0,0.0,0,0,0
1780579184.7938316,0,0.3499999940395355,0,0,4,900,423158243,37,77,0.0,0.0,17.12382698059082,28.561870574951172,1,0,0.6000000238418579,0,0,1,0,0,3,0,0,0,8,99,1,0.0,0.0,18.685409545898438,28.408119201660156,1.5,0,63,0.0,0.0,0.0,0,0,0
1780579184.8139167,0,0.3499999940395355,0,0,4,900,423158243,37,77,0.0,0.0,17.12382698059082,28.561870574951172,1,0,0.6000000238418579,0,0,1,0,0,3,0,0,0,8,99,1,0.0,0.0,18.685409545898438,28.40812110900879,1.5,0,63,0.0,0.0,0.0,0,0,0
1780579184.8336854,0,0.3499999940395355,0,0,4,900,423158243,37,77,0.0,0.0,17.12382698059082,28.561870574951172,1,0,0.6000000238418579,0,0,1,0,0,3,0,0,0,8,99,1,0.0,0.0,18.685409545898438,28.40812110900879,1.5,0,63,0.0,0.0,0.0,0,0,0
1780579184.85369,0,0.3499999940395355,0,0,4,900,423158243,37,77,0.0,0.0,17.12382698059082,28.561870574951172,1,0,0.6000000238418579,0,0,1,0,0,3,0,0,0,8,99,1,0.0,0.0,18.685409545898438,28.40812110900879,1.5,0,63,0.0,0.0,0.0,0,0,0
1780579184.873533,0,0.3499999940395355,0,0,4,900,423158243,37,77,0.0,0.0,17.12382698059082,28.561870574951172,1,0,0.6000000238418579,0,0,1,0,0,3,0,0,0,8,99,1,0.0,0.0,18.685409545898438,28.408119201660156,1.5,0,63,0.0,0.0,0.0,0,0,0
1780579184.8937128,0,0.3499999940395355,0,0,4,900,423158243,37,77,0.0,0.0,17.12382698059082,28.561870574951172,1,0,0.6000000238418579,0,0,1,0,0,3,0,0,0,8,99,1,0.0,0.0,18.685409545898438,28.408123016357422,1.5,0,63,0.0,0.0,0.0,0,0,0
1780579184.913883,0,0.3499999940395355,0,0,4,900,423158243,37,77,0.0,0.0,17.12382698059082,28.561870574951172,1,0,0.6000000238418579,0,0,1,0,0,3,0,0,0,8,99,1,0.0,0.0,18.685409545898438,28.408119201660156,1.5,0,63,0.0,0.0,0.0,0,0,0
1780579184.9335203,0,0.3499999940395355,0,0,4,900,423158243,37,77,0.0,0.0,17.12382698059082,28.561870574951172,1,0,0.6000000238418579,0,0,1,0,0,3,0,0,0,8,99,1,0.0,0.0,18.685409545898438,28.40812110900879,1.5,0,63,0.0,0.0,0.0,0,0,0
1780579184.953938,0,0.3499999940395355,0,0,4,900,423158243,37,77,0.0,0.0,17.12382698059082,28.561870574951172,1,0,0.6000000238418579,0,0,1,0,0,3,0,0,0,8,99,1,0.0,0.0,18.685409545898438,28.40812110900879,1.5,0,63,0.0,0.0,0.0,0,0,0
1780579184.973848,0,0.3499999940395355,0,0,4,900,423158243,37,77,0.0,0.0,17.12382698059082,28.561870574951172,1,0,0.6000000238418579,0,0,1,0,0,3,0,0,0,8,99,1,0.0,0.0,18.685409545898438,28.408123016357422,1.5,0,63,0.0,0.0,0.0,0,0,0
1780579184.9938924,0,0.3499999940395355,0,0,4,900,423158243,37,77,0.0,0.0,17.12382698059082,28.561870574951172,1,0,0.6000000238418579,0,0,1,0,0,3,0,0,0,8,99,1,0.0,0.0,18.685409545898438,28.40812110900879,1.5,0,63,0.0,0.0,0.0,0,0,0
1780579185.013944,0,0.3499999940395355,0,0,4,900,423158243,37,77,0.0,0.0,17.12382698059082,28.561870574951172,1,0,0.6000000238418579,0,0,1,0,0,3,0,0,0,8,99,1,0.0,0.0,18.685409545898438,28.408119201660156,1.5,0,63,0.0,0.0,0.0,0,0,0
1780579185.033736,0,0.3499999940395355,0,0,4,900,423158243,37,77,0.0,0.0,17.12382698059082,28.561870574951172,1,0,0.6000000238418579,0,0,1,0,0,3,0,0,0,8,99,1,0.0,0.0,18.685409545898438,28.408123016357422,1.5,0,63,0.0,0.0,0.0,0,0,0
1780579185.0537539,0,0.3499999940395355,0,0,4,900,423158243,37,77,0.0,0.0,17.12382698059082,28.561870574951172,1,0,0.6000000238418579,0,0,1,0,0,3,0,0,0,8,99,1,0.0,0.0,18.685409545898438,28.408123016357422,1.5,0,63,0.0,0.0,0.0,0,0,0
1780579185.0738103,0,0.3499999940395355,0,0,4,900,423158243,37,77,0.0,0.0,17.12382698059082,28.561870574951172,1,0,0.6000000238418579,0,0,1,0,0,3,0,0,0,8,99,1,0.0,0.0,18.685409545898438,28.408123016357422,1.5,0,63,0.0,0.0,0.0,0,0,0
1780579185.0937228,0,0.3499999940395355,0,0,4,900,423158243,37,77,0.0,0.0,17.12382698059082,28.561870574951172,1,0,0.6000000238418579,0,0,1,0,0,3,0,0,0,8,99,1,0.0,0.0,18.685409545898438,28.408123016357422,1.5,0,63,0.0,0.0,0.0,0,0,0
1780579185.1136518,0,0.3499999940395355,0,0,4,900,423158243,37,77,0.0,0.0,17.12382698059082,28.561870574951172,1,0,0.6000000238418579,0,0,1,0,0,3,0,0,0,8,99,1,0.0,0.0,18.685409545898438,28.408123016357422,1.5,0,63,0.0,0.0,0.0,0,0,0
1780579185.1339765,0,0.3499999940395355,0,0,4,900,423158243,37,77,0.0,0.0,17.12382698059082,28.561870574951172,1,0,0.6000000238418579,0,0,1,0,0,3,0,0,0,8,99,1,0.0,0.0,18.685409545898438,28.40812110900879,1.5,0,63,0.0,0.0,0.0,0,0,0
1780579185.154324,0,0.3499999940395355,0,0,4,900,423158243,37,77,0.0,0.0,17.12382698059082,28.561870574951172,1,0,0.6000000238418579,0,0,1,0,0,3,0,0,0,8,99,1,0.0,0.0,18.685409545898438,28.40812110900879,1.5,0,63,0.0,0.0,0.0,0,0,0
1780579185.173339,0,0.3499999940395355,0,0,4,900,423158243,37,77,0.0,0.0,17.12382698059082,28.561870574951172,1,0,0.6000000238418579,0,0,1,0,0,3,0,0,0,8,99,1,0.0,0.0,18.685409545898438,28.408123016357422,1.5,0,63,0.0,0.0,0.0,0,0,0
1780579185.1934981,0,0.3499999940395355,0,0,4,900,423158243,37,77,0.0,0.0,17.12382698059082,28.561870574951172,1,0,0.6000000238418579,0,0,1,0,0,3,0,0,0,8,99,1,0.0,0.0,18.685409545898438,28.40812110900879,1.5,0,63,0.0,0.0,0.0,0,0,0
1780579185.214084,0,0.3499999940395355,0,0,4,900,423158243,37,77,0.0,0.0,17.12382698059082,28.561870574951172,1,0,0.6000000238418579,0,0,1,0,0,3,0,0,0,8,99,1,0.0,0.0,18.685409545898438,28.40812110900879,1.5,0,63,0.0,0.0,0.0,0,0,0
1780579185.2341518,0,0.3499999940395355,0,0,4,900,423158243,37,77,0.0,0.0,17.12382698059082,28.561870574951172,1,0,0.6000000238418579,0,0,1,0,0,3,0,0,0,8,99,1,0.0,0.0,18.685409545898438,28.40812110900879,1.5,0,63,0.0,0.0,0.0,0,0,0
1780579185.2537732,0,0.3499999940395355,0,0,4,900,423158243,37,77,0.0,0.0,17.12382698059082,28.561870574951172,1,0,0.6000000238418579,0,0,1,0,0,3,0,0,0,8,99,1,0.0,0.0,18.685409545898438,28.40812110900879,1.5,0,63,0.0,0.0,0.0,0,0,0
1780579185.2738795,0,0.3499999940395355,0,0,4,900,423158243,37,77,0.0,0.0,17.12382698059082,28.561870574951172,1,0,0.6000000238418579,0,0,1,0,0,3,0,0,0,8,99,1,0.0,0.0,18.685409545898438,28.40812110900879,1.5,0,63,0.0,0.0,0.0,0,0,0
1780579185.2942507,0,0.3499999940395355,0,0,4,900,423158243,37,77,0.0,0.0,17.12382698059082,28.561870574951172,1,0,0.6000000238418579,0,0,1,0,0,3,0,0,0,8,99,1,0.0,0.0,18.685409545898438,28.408119201660156,1.5,0,63,0.0,0.0,0.0,0,0,0
1780579185.3135707,0,0.3499999940395355,0,0,4,900,423158243,37,77,0.0,0.0,17.12382698059082,28.561870574951172,1,0,0.6000000238418579,0,0,1,0,0,3,0,0,0,8,99,1,0.0,0.0,18.685409545898438,28.40812110900879,1.5,0,63,0.0,0.0,0.0,0,0,0
1780579185.3335605,0,0.3499999940395355,0,0,4,900,423158243,37,77,0.0,0.0,17.12382698059082,28.561870574951172,1,0,0.6000000238418579,0,0,1,0,0,3,0,0,0,8,99,1,0.0,0.0,18.685409545898438,28.40812110900879,1.5,0,63,0.0,0.0,0.0,0,0,0
1780579185.353892,0,0.3499999940395355,0,0,4,900,423158243,37,77,0.0,0.0,17.12382698059082,28.561870574951172,1,0,0.6000000238418579,0,0,1,0,0,3,0,0,0,8,99,1,0.0,0.0,18.685409545898438,28.408119201660156,1.5,0,63,0.0,0.0,0.0,0,0,0
1780579185.3738863,0,0.3499999940395355,0,0,4,900,423158243,37,77,0.0,0.0,17.12382698059082,28.561870574951172,1,0,0.6000000238418579,0,0,1,0,0,3,0,0,0,8,99,1,0.0,0.0,18.685409545898438,28.40812110900879,1.5,0,63,0.0,0.0,0.0,0,0,0
1780579185.3937628,0,0.3499999940395355,0,0,4,900,423158243,37,77,0.0,0.0,17.12382698059082,28.561870574951172,1,0,0.6000000238418579,0,0,1,0,0,3,0,0,0,8,99,1,0.0,0.0,18.685409545898438,28.408123016357422,1.5,0,63,0.0,0.0,0.0,0,0,0
1780579185.4143243,0,0.3499999940395355,0,0,4,900,423158243,37,77,0.0,0.0,17.12382698059082,28.561870574951172,1,0,0.6000000238418579,0,0,1,0,0,3,0,0,0,8,99,1,0.0,0.0,18.685409545898438,28.40812110900879,1.5,0,63,0.0,0.0,0.0,0,0,0
1780579185.434306,0,0.3499999940395355,0,0,4,900,423158243,37,77,0.0,0.0,17.12382698059082,28.561870574951172,1,0,0.6000000238418579,0,0,1,0,0,3,0,0,0,8,99,1,0.0,0.0,18.685409545898438,28.40812110900879,1.5,0,63,0.0,0.0,0.0,0,0,0
1780579185.454024,0,0.3499999940395355,0,0,4,900,423158243,37,77,0.0,0.0,17.12382698059082,28.561870574951172,1,0,0.6000000238418579,0,0,1,0,0,3,0,0,0,8,99,1,0.0,0.0,18.685409545898438,28.40812110900879,1.5,0,63,0.0,0.0,0.0,0,0,0
1780579185.4744549,0,0.3499999940395355,0,0,4,900,423158243,37,77,0.0,0.0,17.12382698059082,28.561870574951172,1,0,0.6000000238418579,0,0,1,0,0,3,0,0,0,8,99,1,0.0,0.0,18.685409545898438,28.40812110900879,1.5,0,63,0.0,0.0,0.0,0,0,0
1780579185.4940383,0,0.3499999940395355,0,0,4,900,423158243,37,77,0.0,0.0,17.12382698059082,28.561870574951172,1,0,0.6000000238418579,0,0,1,0,0,3,0,0,0,8,99,1,0.0,0.0,18.685409545898438,28.408123016357422,1.5,0,63,0.0,0.0,0.0,0,0,0
1780579185.513507,0,0.3499999940395355,0,0,4,900,423158243,37,77,0.0,0.0,17.12382698059082,28.561870574951172,1,0,0.6000000238418579,0,0,1,0,0,3,0,0,0,8,99,1,0.0,0.0,18.685409545898438,28.408123016357422,1.5,0,63,0.0,0.0,0.0,0,0,0
1780579185.5342908,0,0.3499999940395355,0,0,4,900,423158243,37,77,0.0,0.0,17.12382698059082,28.561870574951172,1,0,0.6000000238418579,0,0,1,0,0,3,0,0,0,8,99,1,0.0,0.0,18.685409545898438,28.40812110900879,1.5,0,63,0.0,0.0,0.0,0,0,0
1780579185.5541816,0,0.3499999940395355,0,0,4,900,423158243,37,77,0.0,0.0,17.12382698059082,28.561870574951172,1,0,0.6000000238418579,0,0,1,0,0,3,0,0,0,8,99,1,0.0,0.0,18.685409545898438,28.40812110900879,1.5,0,63,0.0,0.0,0.0,0,0,0
1780579185.573998,0,0.3499999940395355,0,0,4,900,423158243,37,77,0.0,0.0,17.12382698059082,28.561870574951172,1,0,0.6000000238418579,0,0,1,0,0,3,0,0,0,8,99,1,0.0,0.0,18.685409545898438,28.40812110900879,1.5,0,63,0.0,0.0,0.0,0,0,0
1780579185.5939846,0,0.3499999940395355,0,0,4,900,423158243,37,77,0.0,0.0,17.12382698059082,28.561870574951172,1,0,0.6000000238418579,0,0,1,0,0,3,0,0,0,8,99,1,0.0,0.0,18.685409545898438,28.408119201660156,1.5,0,63,0.0,0.0,0.0,0,0,0
1780579185.6140616,0,0.3499999940395355,0,0,4,900,423158243,37,77,0.0,0.0,17.12382698059082,28.561870574951172,1,0,0.6000000238418579,0,0,1,0,0,3,0,0,0,8,99,1,0.0,0.0,18.685409545898438,28.40812110900879,1.5,0,63,0.0,0.0,0.0,0,0,0
1780579185.634149,0,0.3499999940395355,0,0,4,900,423158243,37,77,0.0,0.0,17.12382698059082,28.561870574951172,1,0,0.6000000238418579,0,0,1,0,0,3,0,0,0,8,99,1,0.0,0.0,18.685409545898438,28.408119201660156,1.5,0,63,0.0,0.0,0.0,0,0,0
1780579185.6539845,0,0.3499999940395355,0,0,4,900,423158243,37,77,0.0,0.0,17.12382698059082,28.561870574951172,1,0,0.6000000238418579,0,0,1,0,0,3,0,0,0,8,99,1,0.0,0.0,18.685409545898438,28.40812110900879,1.5,0,63,0.0,0.0,0.0,0,0,0
1780579185.6742523,0,0.3499999940395355,0,0,4,900,423158243,37,77,0.0,0.0,17.12382698059082,28.561870574951172,1,0,0.6000000238418579,0,0,1,0,0,3,0,0,0,8,99,1,0.0,0.0,18.685409545898438,28.40812110900879,1.5,0,63,0.0,0.0,0.0,0,0,0
1780579185.6940992,0,0.3499999940395355,0,0,4,900,423158243,37,77,0.0,0.0,17.12382698059082,28.561870574951172,1,0,0.6000000238418579,0,0,1,0,0,3,0,0,0,8,99,1,0.0,0.0,18.685409545898438,28.408123016357422,1.5,0,63,0.0,0.0,0.0,0,0,0
1780579185.7137656,0,0.3499999940395355,0,0,4,900,423158243,37,77,0.0,0.0,17.12382698059082,28.561870574951172,1,0,0.6000000238418579,0,0,1,0,0,3,0,0,0,8,99,1,0.0,0.0,18.685409545898438,28.408123016357422,1.5,0,63,0.0,0.0,0.0,0,0,0
1780579185.733931,0,0.3499999940395355,0,0,4,900,423158243,37,77,0.0,0.0,17.12382698059082,28.561870574951172,1,0,0.6000000238418579,0,0,1,0,0,3,0,0,0,8,99,1,0.0,0.0,18.685409545898438,28.40812110900879,1.5,0,63,0.0,0.0,0.0,0,0,0
1780579185.754023,0,0.3499999940395355,0,0,4,900,423158243,37,77,0.0,0.0,17.12382698059082,28.561870574951172,1,0,0.6000000238418579,0,0,1,0,0,3,0,0,0,8,99,1,0.0,0.0,18.685409545898438,28.408123016357422,1.5,0,63,0.0,0.0,0.0,0,0,0
1780579185.7740748,0,0.3499999940395355,0,0,4,900,423158243,37,77,0.0,0.0,17.12382698059082,28.561870574951172,1,0,0.6000000238418579,0,0,1,0,0,3,0,0,0,8,99,1,0.0,0.0,18.685409545898438,28.40812110900879,1.5,0,63,0.0,0.0,0.0,0,0,0
1780579185.7941024,0,0.3499999940395355,0,0,4,900,423158243,37,77,0.0,0.0,17.12382698059082,28.561870574951172,1,0,0.6000000238418579,0,0,1,0,0,3,0,0,0,8,99,1,0.0,0.0,18.685409545898438,28.408119201660156,1.5,0,63,0.0,0.0,0.0,0,0,0
1780579185.8138602,0,0.3499999940395355,0,0,4,900,423158243,37,77,0.0,0.0,17.12382698059082,28.561870574951172,1,0,0.6000000238418579,0,0,1,0,0,3,0,0,0,8,99,1,0.0,0.0,18.685409545898438,28.40812110900879,1.5,0,63,0.0,0.0,0.0,0,0,0
1780579185.8343651,0,0.3499999940395355,0,0,4,900,423158243,37,77,0.0,0.0,17.12382698059082,28.561870574951172,1,0,0.6000000238418579,0,0,1,0,0,3,0,0,0,8,99,1,0.0,0.0,18.685409545898438,28.408119201660156,1.5,0,63,0.0,0.0,0.0,0,0,0
1780579185.854076,0,0.3499999940395355,0,0,4,900,423158243,37,77,0.0,0.0,17.12382698059082,28.561870574951172,1,0,0.6000000238418579,0,0,1,0,0,3,0,0,0,8,99,1,0.0,0.0,18.685409545898438,28.408119201660156,1.5,0,63,0.0,0.0,0.0,0,0,0
1780579185.8740118,0,0.3499999940395355,0,0,4,900,423158243,37,77,0.0,0.0,17.12382698059082,28.561870574951172,1,0,0.6000000238418579,0,0,1,0,0,3,0,0,0,8,99,1,0.0,0.0,18.685409545898438,28.408123016357422,1.5,0,63,0.0,0.0,0.0,0,0,0
1780579185.8940492,0,0.3499999940395355,0,0,4,900,423158243,37,77,0.0,0.0,17.12382698059082,28.561870574951172,1,0,0.6000000238418579,0,0,1,0,0,3,0,0,0,8,99,1,0.0,0.0,18.685409545898438,28.408123016357422,1.5,0,63,0.0,0.0,0.0,0,0,0
1780579185.9140463,0,0.3499999940395355,0,0,4,900,423158243,37,77,0.0,0.0,17.12382698059082,28.561870574951172,1,0,0.6000000238418579,0,0,1,0,0,3,0,0,0,8,99,1,0.0,0.0,18.685409545898438,28.40812110900879,1.5,0,63,0.0,0.0,0.0,0,0,0
1780579185.9336464,0,0.3499999940395355,0,0,4,900,423158243,37,77,0.0,0.0,17.12382698059082,28.561870574951172,1,0,0.6000000238418579,0,0,1,0,0,3,0,0,0,8,99,1,0.0,0.0,18.685409545898438,28.408123016357422,1.5,0,63,0.0,0.0,0.0,0,0,0
1780579185.9536188,0,0.3499999940395355,0,0,4,900,423158243,37,77,0.0,0.0,17.12382698059082,28.561870574951172,1,0,0.6000000238418579,0,0,1,0,0,3,0,0,0,8,99,1,0.0,0.0,18.685409545898438,28.40812110900879,1.5,0,63,0.0,0.0,0.0,0,0,0
1780579185.973988,0,0.3499999940395355,0,0,4,900,423158243,37,77,0.0,0.0,17.12382698059082,28.561870574951172,1,0,0.6000000238418579,0,0,1,0,0,3,0,0,0,8,99,1,0.0,0.0,18.685409545898438,28.40812110900879,1.5,0,63,0.0,0.0,0.0,0,0,0
1780579185.9939415,0,0.3499999940395355,0,0,4,900,423158243,37,77,0.0,0.0,17.12382698059082,28.561870574951172,1,0,0.6000000238418579,0,0,1,0,0,3,0,0,0,8,99,1,0.0,0.0,18.685409545898438,28.40812110900879,1.5,0,63,0.0,0.0,0.0,0,0,0
1780579186.0141313,0,0.3499999940395355,0,0,4,900,423158243,37,77,0.0,0.0,17.12382698059082,28.561870574951172,1,0,0.6000000238418579,0,0,1,0,0,3,0,0,0,8,99,1,0.0,0.0,18.685409545898438,28.408119201660156,1.5,0,63,0.0,0.0,0.0,0,0,0
1780579186.0340195,0,0.3499999940395355,0,0,4,900,423158243,37,77,0.0,0.0,17.12382698059082,28.561870574951172,1,0,0.6000000238418579,0,0,1,0,0,3,0,0,0,8,99,1,0.0,0.0,18.685409545898438,28.408119201660156,1.5,0,63,0.0,0.0,0.0,0,0,0
1780579186.0540862,0,0.3499999940395355,0,0,4,900,423158243,37,77,0.0,0.0,17.12382698059082,28.561870574951172,1,0,0.6000000238418579,0,0,1,0,0,3,0,0,0,8,99,1,0.0,0.0,18.685409545898438,28.408123016357422,1.5,0,63,0.0,0.0,0.0,0,0,0
1780579186.0736666,0,0.3499999940395355,0,0,4,900,423158243,37,77,0.0,0.0,17.12382698059082,28.561870574951172,1,0,0.6000000238418579,0,0,1,0,0,3,0,0,0,8,99,1,0.0,0.0,18.685409545898438,28.40812110900879,1.5,0,63,0.0,0.0,0.0,0,0,0
1780579186.0939329,0,0.3499999940395355,0,0,4,900,423158243,37,77,0.0,0.0,17.12382698059082,28.561870574951172,1,0,0.6000000238418579,0,0,1,0,0,3,0,0,0,8,99,1,0.0,0.0,18.685409545898438,28.408119201660156,1.5,0,63,0.0,0.0,0.0,0,0,0
1780579186.1139758,0,0.3499999940395355,0,0,4,900,423158243,37,77,0.0,0.0,17.12382698059082,28.561870574951172,1,0,0.6000000238418579,0,0,1,0,0,3,0,0,0,8,99,1,0.0,0.0,18.685409545898438,28.40812110900879,1.5,0,63,0.0,0.0,0.0,0,0,0
1780579186.1340578,0,0.3499999940395355,0,0,4,900,423158243,37,77,0.0,0.0,17.12382698059082,28.561870574951172,1,0,0.6000000238418579,0,0,1,0,0,3,0,0,0,8,99,1,0.0,0.0,18.685409545898438,28.408119201660156,1.5,0,63,0.0,0.0,0.0,0,0,0
1780579186.153855,0,0.3499999940395355,0,0,4,900,423158243,37,77,0.0,0.0,17.12382698059082,28.561870574951172,1,0,0.6000000238418579,0,0,1,0,0,3,0,0,0,8,99,1,0.0,0.0,18.685409545898438,28.408123016357422,1.5,0,63,0.0,0.0,0.0,0,0,0
1780579186.1741517,0,0.3499999940395355,0,0,4,900,423158243,37,77,0.0,0.0,17.12382698059082,28.561870574951172,1,0,0.6000000238418579,0,0,1,0,0,3,0,0,0,8,99,1,0.0,0.0,18.685409545898438,28.408123016357422,1.5,0,63,0.0,0.0,0.0,0,0,0
1780579186.1940255,0,0.3499999940395355,0,0,4,900,423158243,37,77,0.0,0.0,17.12382698059082,28.561870574951172,1,0,0.6000000238418579,0,0,1,0,0,3,0,0,0,8,99,1,0.0,0.0,18.685409545898438,28.40812110900879,1.5,0,63,0.0,0.0,0.0,0,0,0
1780579186.2136781,0,0.3499999940395355,0,0,4,900,423158243,37,77,0.0,0.0,17.12382698059082,28.561870574951172,1,0,0.6000000238418579,0,0,1,0,0,3,0,0,0,8,99,1,0.0,0.0,18.685409545898438,28.40812110900879,1.5,0,63,0.0,0.0,0.0,0,0,0
1780579186.2337532,0,0.3499999940395355,0,0,4,900,423158243,37,77,0.0,0.0,17.12382698059082,28.561870574951172,1,0,0.6000000238418579,0,0,1,0,0,3,0,0,0,8,99,1,0.0,0.0,18.685409545898438,28.408119201660156,1.5,0,63,0.0,0.0,0.0,0,0,0
1780579186.2541237,0,0.3499999940395355,0,0,4,900,423158243,37,77,0.0,0.0,17.12382698059082,28.561870574951172,1,0,0.6000000238418579,0,0,1,0,0,3,0,0,0,8,99,1,0.0,0.0,18.685409545898438,28.408119201660156,1.5,0,63,0.0,0.0,0.0,0,0,0
1780579186.2739213,0,0.3499999940395355,0,0,4,900,423158243,37,77,0.0,0.0,17.12382698059082,28.561870574951172,1,0,0.6000000238418579,0,0,1,0,0,3,0,0,0,8,99,1,0.0,0.0,18.685409545898438,28.40812110900879,1.5,0,63,0.0,0.0,0.0,0,0,0
1780579186.293646,0,0.3499999940395355,0,0,4,900,423158243,37,77,0.0,0.0,17.12382698059082,28.561870574951172,1,0,0.6000000238418579,0,0,1,0,0,3,0,0,0,8,99,1,0.0,0.0,18.685409545898438,28.40812110900879,1.5,0,63,0.0,0.0,0.0,0,0,0
1780579186.314262,0,0.3499999940395355,0,0,4,900,423158243,37,77,0.0,0.0,17.12382698059082,28.561870574951172,1,0,0.6000000238418579,0,0,1,0,0,3,0,0,0,8,99,1,0.0,0.0,18.685409545898438,28.40812110900879,1.5,0,63,0.0,0.0,0.0,0,0,0
1780579186.3343163,0,0.3499999940395355,0,0,4,900,423158243,37,77,0.0,0.0,17.12382698059082,28.561870574951172,1,0,0.6000000238418579,0,0,1,0,0,3,0,0,0,8,99,1,0.0,0.0,18.685409545898438,28.40812110900879,1.5,0,63,0.0,0.0,0.0,0,0,0
1780579186.3542285,0,0.3499999940395355,0,0,4,900,423158243,37,77,0.0,0.0,17.12382698059082,28.561870574951172,1,0,0.6000000238418579,0,0,1,0,0,3,0,0,0,8,99,1,0.0,0.0,18.685409545898438,28.40812110900879,1.5,0,63,0.0,0.0,0.0,0,0,0
1780579186.3743052,0,0.3499999940395355,0,0,4,900,423158243,37,77,0.0,0.0,17.12382698059082,28.561870574951172,1,0,0.6000000238418579,0,0,1,0,0,3,0,0,0,8,99,1,0.0,0.0,18.685409545898438,28.40812110900879,1.5,0,63,0.0,0.0,0.0,0,0,0
1780579186.3940597,0,0.3499999940395355,0,0,4,900,423158243,37,77,0.0,0.0,17.12382698059082,28.561870574951172,1,0,0.6000000238418579,0,0,1,0,0,3,0,0,0,8,99,1,0.0,0.0,18.685409545898438,28.40812110900879,1.5,0,63,0.0,0.0,0.0,0,0,0
1780579186.414419,0,0.3499999940395355,0,0,4,900,423158243,37,77,0.0,0.0,17.12382698059082,28.561870574951172,1,0,0.6000000238418579,0,0,1,0,0,3,0,0,0,8,99,1,0.0,0.0,18.685409545898438,28.408119201660156,1.5,0,63,0.0,0.0,0.0,0,0,0
1780579186.4335814,0,0.3499999940395355,0,0,4,900,423158243,37,77,0.0,0.0,17.12382698059082,28.561870574951172,1,0,0.6000000238418579,0,0,1,0,0,3,0,0,0,8,99,1,0.0,0.0,18.685409545898438,28.408123016357422,1.5,0,63,0.0,0.0,0.0,0,0,0
1780579186.4543498,0,0.3499999940395355,0,0,4,900,423158243,37,77,0.0,0.0,17.12382698059082,28.561870574951172,1,0,0.6000000238418579,0,0,1,0,0,3,0,0,0,8,99,1,0.0,0.0,18.685409545898438,28.40812110900879,1.5,0,63,0.0,0.0,0.0,0,0,0
1780579186.4743137,0,0.3499999940395355,0,0,4,900,423158243,37,77,0.0,0.0,17.12382698059082,28.561870574951172,1,0,0.6000000238418579,0,0,1,0,0,3,0,0,0,8,99,1,0.0,0.0,18.685409545898438,28.408123016357422,1.5,0,63,0.0,0.0,0.0,0,0,0
1780579186.4945893,0,0.3499999940395355,0,0,4,900,423158243,37,77,0.0,0.0,17.12382698059082,28.561870574951172,1,0,0.6000000238418579,0,0,1,0,0,3,0,0,0,8,99,1,0.0,0.0,18.685409545898438,28.408119201660156,1.5,0,63,0.0,0.0,0.0,0,0,0
1780579186.515569,0,0.3499999940395355,0,0,4,900,423158243,37,77,0.0,0.0,17.12382698059082,28.561870574951172,1,0,0.6000000238418579,0,0,1,0,0,3,0,0,0,8,99,1,0.0,0.0,18.685409545898438,28.40812110900879,1.5,0,63,0.0,0.0,0.0,0,0,0
1780579186.535837,0,0.3499999940395355,0,0,4,900,423158243,37,77,0.0,0.0,17.12382698059082,28.561870574951172,1,0,0.6000000238418579,0,0,1,0,0,3,0,0,0,8,99,1,0.0,0.0,18.685409545898438,28.408119201660156,1.5,0,63,0.0,0.0,0.0,0,0,0
1780579186.5553598,0,0.3499999940395355,0,0,4,900,423158243,37,77,0.0,0.0,17.12382698059082,28.561870574951172,1,0,0.6000000238418579,0,0,1,0,0,3,0,0,0,8,99,1,0.0,0.0,18.685409545898438,28.40812110900879,1.5,0,63,0.0,0.0,0.0,0,0,0
1780579186.5749867,0,0.3499999940395355,0,0,4,900,423158243,37,77,0.0,0.0,17.12382698059082,28.561870574951172,1,0,0.6000000238418579,0,0,1,0,0,3,0,0,0,8,99,1,0.0,0.0,18.685409545898438,28.408119201660156,1.5,0,63,0.0,0.0,0.0,0,0,0
1780579186.5947585,0,0.3499999940395355,0,0,4,900,423158243,37,77,0.0,0.0,17.12382698059082,28.561870574951172,1,0,0.6000000238418579,0,0,1,0,0,3,0,0,0,8,99,1,0.0,0.0,18.685409545898438,28.40812110900879,1.5,0,63,0.0,0.0,0.0,0,0,0
1780579186.6141481,0,0.3499999940395355,0,0,4,900,423158243,37,77,0.0,0.0,17.12382698059082,28.561870574951172,1,0,0.6000000238418579,0,0,1,0,0,3,0,0,0,8,99,1,0.0,0.0,18.685409545898438,28.40812110900879,1.5,0,63,0.0,0.0,0.0,0,0,0
1780579186.6342337,0,0.3499999940395355,0,0,4,900,423158243,37,77,0.0,0.0,17.12382698059082,28.561870574951172,1,0,0.6000000238418579,0,0,1,0,0,3,0,0,0,8,99,1,0.0,0.0,18.685409545898438,28.408119201660156,1.5,0,63,0.0,0.0,0.0,0,0,0
1780579186.6542153,0,0.3499999940395355,0,0,4,900,423158243,37,77,0.0,0.0,17.12382698059082,28.561870574951172,1,0,0.6000000238418579,0,0,1,0,0,3,0,0,0,8,99,1,0.0,0.0,18.685409545898438,28.408119201660156,1.5,0,63,0.0,0.0,0.0,0,0,0
1780579186.673706,0,0.3499999940395355,0,0,4,900,423158243,37,77,0.0,0.0,17.12382698059082,28.561870574951172,1,0,0.6000000238418579,0,0,1,0,0,3,0,0,0,8,99,1,0.0,0.0,18.685409545898438,28.408119201660156,1.5,0,63,0.0,0.0,0.0,0,0,0
1780579186.6942275,0,0.3499999940395355,0,0,4,900,423158243,37,77,0.0,0.0,17.12382698059082,28.561870574951172,1,0,0.6000000238418579,0,0,1,0,0,3,0,0,0,8,99,1,0.0,0.0,18.685409545898438,28.408119201660156,1.5,0,63,0.0,0.0,0.0,0,0,0
1780579186.7142966,0,0.3499999940395355,0,0,4,900,423158243,37,77,0.0,0.0,17.12382698059082,28.561870574951172,1,0,0.6000000238418579,0,0,1,0,0,3,0,0,0,8,99,1,0.0,0.0,18.685409545898438,28.40812110900879,1.5,0,63,0.0,0.0,0.0,0,0,0
1780579186.7344055,0,0.3499999940395355,0,0,4,900,423158243,37,77,0.0,0.0,17.12382698059082,28.561870574951172,1,0,0.6000000238418579,0,0,1,0,0,3,0,0,0,8,99,1,0.0,0.0,18.685409545898438,28.408119201660156,1.5,0,63,0.0,0.0,0.0,0,0,0
1780579186.754016,0,0.3499999940395355,0,0,4,900,423158243,37,77,0.0,0.0,17.12382698059082,28.561870574951172,1,0,0.6000000238418579,0,0,1,0,0,3,0,0,0,8,99,1,0.0,0.0,18.685409545898438,28.408123016357422,1.5,0,63,0.0,0.0,0.0,0,0,0
1780579186.7740657,0,0.3499999940395355,0,0,4,900,423158243,37,77,0.0,0.0,17.12382698059082,28.561870574951172,1,0,0.6000000238418579,0,0,1,0,0,3,0,0,0,8,99,1,0.0,0.0,18.685409545898438,28.40812110900879,1.5,0,63,0.0,0.0,0.0,0,0,0
1780579186.7936738,0,0.3499999940395355,0,0,4,900,423158243,37,77,0.0,0.0,17.12382698059082,28.561870574951172,1,0,0.6000000238418579,0,0,1,0,0,3,0,0,0,8,99,1,0.0,0.0,18.685409545898438,28.40812110900879,1.5,0,63,0.0,0.0,0.0,0,0,0
1780579186.8141518,0,0.3499999940395355,0,0,4,900,423158243,37,77,0.0,0.0,17.12382698059082,28.561870574951172,1,0,0.6000000238418579,0,0,1,0,0,3,0,0,0,8,99,1,0.0,0.0,18.685409545898438,28.40812110900879,1.5,0,63,0.0,0.0,0.0,0,0,0
1780579186.8340445,0,0.3499999940395355,0,0,4,900,423158243,37,77,0.0,0.0,17.12382698059082,28.561870574951172,1,0,0.6000000238418579,0,0,1,0,0,3,0,0,0,8,99,1,0.0,0.0,18.685409545898438,28.408119201660156,1.5,0,63,0.0,0.0,0.0,0,0,0
1780579186.854121,0,0.3499999940395355,0,0,4,900,423158243,37,77,0.0,0.0,17.12382698059082,28.561870574951172,1,0,0.6000000238418579,0,0,1,0,0,3,0,0,0,8,99,1,0.0,0.0,18.685409545898438,28.408119201660156,1.5,0,63,0.0,0.0,0.0,0,0,0
1780579186.8739016,0,0.3499999940395355,0,0,4,900,423158243,37,77,0.0,0.0,17.12382698059082,28.561870574951172,1,0,0.6000000238418579,0,0,1,0,0,8,0,0,0,8,99,1,0.0,0.0,18.685409545898438,28.408123016357422,1.5,0,63,0.0,0.0,0.0,0,0,0
1780579186.894163,0,0.3499999940395355,0,0,4,900,423158243,37,77,0.0,0.0,17.12382698059082,28.561870574951172,0,0,0.6000000238418579,0,0,1,0,0,8,0,0,0,8,99,1,0.0,0.0,18.685409545898438,28.40812110900879,1.5,0,63,0.0,0.0,0.0,0,0,0
1780579186.9141028,0,0.3499999940395355,0,0,4,900,423158243,37,77,0.0,0.0,17.12382698059082,28.561870574951172,0,0,0.6000000238418579,0,0,1,0,0,8,0,0,0,8,99,1,0.0,0.0,18.685409545898438,28.408123016357422,1.5,0,63,0.0,0.0,0.0,0,0,0
1780579186.9331803,0,0.3499999940395355,0,0,4,900,423158243,37,77,0.0,0.0,17.12382698059082,28.561870574951172,0,0,0.6000000238418579,0,0,1,0,0,8,0,0,0,8,99,1,0.0,0.0,18.685409545898438,28.40812110900879,1.5,0,63,0.0,0.0,0.0,0,0,0
1780579186.9525664,0,0.3499999940395355,0,0,4,900,423158243,37,77,0.0,0.0,17.12382698059082,28.561870574951172,0,0,0.6000000238418579,0,0,1,0,0,8,0,0,0,8,99,1,0.0,0.0,18.685409545898438,28.40812110900879,1.5,0,63,0.0,0.0,0.0,0,0,0
1780579186.9724877,0,0.3499999940395355,0,0,4,900,423158243,37,77,0.0,0.0,17.12382698059082,28.561870574951172,0,0,0.6000000238418579,0,0,1,0,0,8,0,0,0,8,99,1,0.0,0.0,18.685409545898438,28.40812110900879,1.5,0,63,0.0,0.0,0.0,0,0,0
1780579186.992597,0,0.3499999940395355,0,0,4,900,423158243,37,77,0.0,0.0,17.12382698059082,28.561870574951172,0,0,0.6000000238418579,0,0,1,0,0,8,0,0,0,8,99,1,0.0,0.0,18.685409545898438,28.408119201660156,1.5,0,63,0.0,0.0,0.0,0,0,0
1780579187.0120742,0,0.3499999940395355,0,0,4,900,423158243,37,77,0.0,0.0,17.12382698059082,28.561870574951172,0,0,0.6000000238418579,0,0,1,0,0,8,0,0,0,8,99,1,0.0,0.0,18.685409545898438,28.408119201660156,1.5,0,63,0.0,0.0,0.0,0,0,0
1780579187.0326014,0,0.3499999940395355,0,0,4,900,423158243,37,77,0.0,0.0,17.12382698059082,28.561870574951172,0,0,0.6000000238418579,0,0,1,0,0,8,0,0,0,8,99,1,0.0,0.0,18.685409545898438,28.408123016357422,1.5,0,63,0.0,0.0,0.0,0,0,0
1780579187.0525358,0,0.3499999940395355,0,0,4,900,423158243,37,77,0.0,0.0,17.12382698059082,28.561870574951172,0,0,0.6000000238418579,0,0,1,0,0,8,0,0,0,8,99,1,0.0,0.0,18.685409545898438,28.408119201660156,1.5,0,63,0.0,0.0,0.0,0,0,0
1780579187.0723662,0,0.3499999940395355,0,0,4,900,423158243,37,77,0.0,0.0,17.12382698059082,28.561870574951172,0,0,0.6000000238418579,0,0,1,0,0,8,0,0,0,8,99,1,0.0,0.0,18.685409545898438,28.408123016357422,1.5,0,63,0.0,0.0,0.0,0,0,0
1780579187.0924633,0,0.3499999940395355,0,0,4,900,423158243,37,77,0.0,0.0,17.12382698059082,28.561870574951172,0,0,0.6000000238418579,0,0,1,0,0,8,0,0,0,8,99,1,0.0,0.0,18.685409545898438,28.40812110900879,1.5,0,63,0.0,0.0,0.0,0,0,0
1780579187.1122823,0,0.3499999940395355,0,0,4,900,423158243,37,77,0.0,0.0,17.12382698059082,28.561870574951172,0,0,0.6000000238418579,0,0,1,0,0,8,0,0,0,8,99,1,0.0,0.0,18.685409545898438,28.40812110900879,1.5,0,63,0.0,0.0,0.0,0,0,0
1780579187.1325526,0,0.3499999940395355,0,0,4,900,423158243,37,77,0.0,0.0,17.12382698059082,28.561870574951172,0,0,0.6000000238418579,0,0,1,0,0,8,0,0,0,8,99,1,0.0,0.0,18.685409545898438,28.40812110900879,1.5,0,63,0.0,0.0,0.0,0,0,0
1780579187.1522079,0,0.3499999940395355,0,0,4,900,423158243,37,77,0.0,0.0,17.12382698059082,28.561870574951172,0,0,0.6000000238418579,0,0,1,0,0,8,0,0,0,8,99,1,0.0,0.0,18.685409545898438,28.40812110900879,1.5,0,63,0.0,0.0,0.0,0,0,0
1780579187.172103,0,0.3499999940395355,0,0,4,900,423158243,37,77,0.0,0.0,17.12382698059082,28.561870574951172,0,0,0.6000000238418579,0,0,1,0,0,8,0,0,0,8,99,1,0.0,0.0,18.685409545898438,28.40812110900879,1.5,0,63,0.0,0.0,0.0,0,0,0
1780579187.1922414,0,0.3499999940395355,0,0,4,900,423158243,37,77,0.0,0.0,17.12382698059082,28.561870574951172,0,0,0.6000000238418579,0,0,1,0,0,8,0,0,0,8,99,1,0.0,0.0,18.685409545898438,28.408119201660156,1.5,0,63,0.0,0.0,0.0,0,0,0
1780579187.212693,0,0.3499999940395355,0,0,4,900,423158243,37,77,0.0,0.0,17.12382698059082,28.561870574951172,0,0,0.6000000238418579,0,0,1,0,0,8,0,0,0,8,99,1,0.0,0.0,18.685409545898438,28.408119201660156,1.5,0,63,0.0,0.0,0.0,0,0,0
