timestamp,attackDown,attackDuration,attackForward,attackUp,bossHp,bossMaxHp,bossScene,bossState,bossStateAmount,bvx,bvy,bx,by,canCast,casting,dashCoolDown,dashing,doubleJumping,facingRight,falling,focusing,hp,invulnerable,isAttacking,jumping,maxHp,maxSoul,onGround,pvx,pvy,px,py,shadowDashCoolDown,shadowDashing,soul,gp_axis_left_x,gp_axis_left_y,gp_trigger_right,gp_btn_a,gp_btn_b,gp_btn_x,gp_btn_back,gp_btn_start
1779673775.3805408,0,0.3499999940395355,0,0,900,900,423158243,73,77,0.0,0.0,31.1200008392334,44.59476089477539,0,0,0.6000000238418579,0,0,1,0,0,8,0,0,0,8,99,1,0.0,0.0,22.540000915527344,28.40812110900879,1.5,0,0,1.0,0.0,0.0,0,0,0,0,0
1779673775.40067,0,0.3499999940395355,0,0,900,900,423158243,73,77,0.0,0.0,31.1200008392334,44.59476089477539,0,0,0.6000000238418579,0,0,1,0,0,8,0,0,0,8,99,1,0.0,0.0,22.540000915527344,28.40812110900879,1.5,0,0,1.0,0.0,0.0,0,0,0,0,0
1779673775.4203758,0,0.3499999940395355,0,0,900,900,423158243,73,77,0.0,0.0,31.1200008392334,44.59476089477539,0,0,0.6000000238418579,0,0,1,0,0,8,0,0,0,8,99,1,0.0,0.0,22.540000915527344,28.40812110900879,1.5,0,0,1.0,0.0,0.0,0,0,0,0,0
1779673775.4404895,0,0.3499999940395355,0,0,900,900,423158243,73,77,0.0,0.0,31.1200008392334,44.59476089477539,0,0,0.6000000238418579,0,0,1,0,0,8,0,0,0,8,99,1,0.0,0.0,22.540000915527344,28.40812110900879,1.5,0,0,1.0,0.0,0.0,0,0,0,0,0
1779673775.4604163,0,0.3499999940395355,0,0,900,900,423158243,73,77,0.0,0.0,31.1200008392334,44.59476089477539,0,0,0.6000000238418579,0,0,1,0,0,8,0,0,0,8,99,1,0.0,0.0,22.540000915527344,28.40812110900879,1.5,0,0,1.0,0.0,0.0,0,0,0,0,0
1779673775.4807966,0,0.3499999940395355,0,0,900,900,423158243,73,77,0.0,0.0,31.1200008392334,44.59476089477539,0,0,0.6000000238418579,0,0,1,0,0,8,0,0,0,8,99,1,0.0,0.0,22.540000915527344,28.40812110900879,1.5,0,0,1.0,0.0,0.0,0,0,0,0,0
1779673775.500687,0,0.3499999940395355,0,0,900,900,423158243,73,77,0.0,0.0,31.1200008392334,44.59476089477539,0,0,0.6000000238418579,0,0,1,0,0,8,0,0,0,8,99,1,0.0,0.0,22.540000915527344,28.40812110900879,1.5,0,0,1.0,0.0,0.0,0,0,0,0,0
1779673775.5207202,0,0.3499999940395355,0,0,900,900,423158243,73,77,0.0,0.0,31.1200008392334,44.59476089477539,0,0,0.6000000238418579,0,0,1,0,0,8,0,0,0,8,99,1,0.0,0.0,22.540000915527344,28.40812110900879,1.5,0,0,1.0,0.0,0.0,0,0,0,0,0
1779673775.5402513,0,0.3499999940395355,0,0,900,900,423158243,73,77,0.0,0.0,31.1200008392334,44.59476089477539,0,0,0.6000000238418579,0,0,1,0,0,8,0,0,0,8,99,1,0.0,0.0,22.540000915527344,28.40812110900879,1.5,0,0,1.0,0.0,0.0,0,0,0,0,0
1779673775.560686,0,0.3499999940395355,0,0,900,900,423158243,73,77,0.0,0.0,31.1200008392334,44.59476089477539,0,0,0.6000000238418579,0,0,1,0,0,8,0,0,0,8,99,1,0.0,0.0,22.540000915527344,28.40812110900879,1.5,0,0,1.0,0.0,0.0,0,0,0,0,0
1779673775.5805106,0,0.3499999940395355,0,0,900,900,423158243,73,77,0.0,0.0,31.1200008392334,44.59476089477539,0,0,0.6000000238418579,0,0,1,0,0,8,0,0,0,8,99,1,0.0,0.0,22.540000915527344,28.40812110900879,1.5,0,0,1.0,0.0,0.0,0,0,0,0,0
1779673775.6007876,0,0.3499999940395355,0,0,900,900,423158243,73,77,0.0,0.0,31.1200008392334,44.59476089477539,0,0,0.6000000238418579,0,0,1,0,0,8,0,0,0,8,99,1,0.0,0.0,22.540000915527344,28.40812110900879,1.5,0,0,1.0,0.0,0.0,0,0,0,0,0
1779673775.6206498,0,0.3499999940395355,0,0,900,900,423158243,73,77,0.0,0.0,31.1200008392334,44.59476089477539,0,0,0.6000000238418579,0,0,1,0,0,8,0,0,0,8,99,1,0.0,0.0,22.540000915527344,28.40812110900879,1.5,0,0,1.0,0.0,0.0,0,0,0,0,0
1779673775.6406193,0,0.3499999940395355,0,0,900,900,423158243,73,77,0.0,0.0,31.1200008392334,44.59476089477539,0,0,0.6000000238418579,0,0,1,0,0,8,0,0,0,8,99,1,0.0,0.0,22.540000915527344,28.40812110900879,1.5,0,0,1.0,0.0,0.0,0,0,0,0,0
1779673775.6603403,0,0.3499999940395355,0,0,900,900,423158243,73,77,0.0,0.0,31.1200008392334,44.59476089477539,0,0,0.6000000238418579,0,0,1,0,0,8,0,0,0,8,99,1,0.0,0.0,22.540000915527344,28.40812110900879,1.5,0,0,1.0,0.0,0.0,0,0,0,0,0
1779673775.6805618,0,0.3499999940395355,0,0,900,900,423158243,73,77,0.0,0.0,31.1200008392334,44.59476089477539,0,0,0.6000000238418579,0,0,1,0,0,8,0,0,0,8,99,1,0.0,0.0,22.540000915527344,28.40812110900879,1.5,0,0,1.0,0.0,0.0,0,0,0,0,0
1779673775.7004068,0,0.3499999940395355,0,0,900,900,423158243,73,77,0.0,0.0,31.1200008392334,44.59476089477539,1,0,0.6000000238418579,0,0,1,0,0,8,0,0,0,8,99,1,0.0,0.0,22.540000915527344,28.40812110900879,1.5,0,0,1.0,0.0,0.0,0,0,0,0,0
1779673775.7206852,0,0.3499999940395355,0,0,900,900,423158243,73,77,0.0,0.0,31.1200008392334,44.59476089477539,1,0,0.6000000238418579,0,0,1,0,0,8,0,0,0,8,99,1,8.300000190734863,0.0,22.625160217285156,28.40812110900879,1.5,0,0,1.0,0.0,0.0,0,0,0,0,0
1779673775.7404675,0,0.3499999940395355,0,0,900,900,423158243,73,77,0.0,0.0,31.1200008392334,44.59476089477539,1,0,0.6000000238418579,0,0,1,0,0,8,0,0,0,8,99,1,8.300000190734863,0.0,22.79115867614746,28.40812110900879,1.5,0,0,1.0,0.0,0.0,0,0,0,0,0
1779673775.7609274,0,0.3499999940395355,0,0,900,900,423158243,73,77,0.0,0.0,31.1200008392334,44.59476089477539,1,0,0.6000000238418579,0,0,1,0,0,8,0,0,0,8,99,1,8.300000190734863,0.0,22.95716094970703,28.40812110900879,1.5,0,0,1.0,0.0,0.0,0,0,0,0,0
1779673775.780423,0,0.3499999940395355,0,0,900,900,423158243,73,77,0.0,0.0,31.1200008392334,44.59476089477539,1,0,0.6000000238418579,0,0,1,0,0,8,0,0,0,8,99,1,8.300000190734863,0.0,23.12315559387207,28.40812110900879,1.5,0,0,1.0,0.0,0.0,0,0,0,0,0
1779673775.8010862,0,0.3499999940395355,0,0,900,900,423158243,73,77,0.0,0.0,31.1200008392334,44.59476089477539,1,0,0.6000000238418579,0,0,1,0,0,8,0,0,0,8,99,1,8.300000190734863,0.0,23.289073944091797,28.40812110900879,1.5,0,0,1.0,0.0,0.0,0,0,0,0,0
1779673775.8204815,0,0.3499999940395355,0,0,900,900,423158243,73,77,0.0,0.0,31.1200008392334,44.59476089477539,1,0,0.6000000238418579,0,0,1,0,0,8,0,0,0,8,99,1,8.300000190734863,0.0,23.455074310302734,28.40812110900879,1.5,0,0,1.0,0.0,0.0,0,0,0,0,0
1779673775.8405232,0,0.3499999940395355,0,0,900,900,423158243,73,77,0.0,0.0,31.1200008392334,44.59476089477539,1,0,0.6000000238418579,0,0,1,0,0,8,0,0,0,8,99,1,8.300000190734863,0.0,23.62116050720215,28.40812110900879,1.5,0,0,1.0,0.0,0.0,0,0,0,0,0
1779673775.861478,0,0.3499999940395355,0,0,900,900,423158243,73,77,0.0,0.0,31.1200008392334,44.59476089477539,1,0,0.6000000238418579,0,0,1,0,0,8,0,0,0,8,99,1,8.300000190734863,0.0,23.78716278076172,28.40812110900879,1.5,0,0,1.0,0.0,0.0,0,0,0,0,0
1779673775.8860705,0,0.3499999940395355,0,0,900,900,423158243,73,77,0.0,0.0,31.1200008392334,44.59476089477539,1,0,0.6000000238418579,0,0,1,0,0,8,0,0,0,8,99,1,8.300000190734863,0.0,23.953163146972656,28.40812110900879,1.5,0,0,1.0,0.0,0.0,0,0,0,0,0
1779673775.9044545,0,0.3499999940395355,0,0,900,900,423158243,73,77,0.0,0.0,31.1200008392334,44.59476089477539,1,0,0.6000000238418579,0,0,1,0,0,8,0,0,0,8,99,1,8.300000190734863,0.0,24.119171142578125,28.40812110900879,1.5,0,0,1.0,0.0,0.0,0,0,0,0,0
1779673775.9235866,0,0.3499999940395355,0,0,900,900,423158243,73,77,0.0,0.0,31.1200008392334,44.59476089477539,1,0,0.6000000238418579,0,0,1,0,0,8,0,0,0,8,99,1,8.300000190734863,0.0,24.285167694091797,28.40812110900879,1.5,0,0,1.0,0.0,0.0,0,0,0,0,0
1779673775.942688,0,0.3499999940395355,0,0,900,900,423158243,73,77,0.0,0.0,31.1200008392334,44.59476089477539,1,0,0.6000000238418579,0,0,1,0,0,8,0,0,0,8,99,1,8.300000190734863,0.0,24.45108413696289,28.40812110900879,1.5,0,0,1.0,0.0,0.0,0,0,0,0,0
1779673775.9616187,0,0.3499999940395355,0,0,900,900,423158243,73,77,0.0,0.0,31.1200008392334,44.59476089477539,1,0,0.6000000238418579,0,0,1,0,0,8,0,0,0,8,99,1,8.300000190734863,0.0,24.617080688476562,28.40812110900879,1.5,0,0,1.0,0.0,0.0,0,0,0,0,0
1779673775.983094,0,0.3499999940395355,0,0,900,900,423158243,73,77,0.0,0.0,31.1200008392334,44.59476089477539,1,0,0.6000000238418579,0,0,1,0,0,8,0,0,0,8,99,1,8.300000190734863,0.0,24.783164978027344,28.40812110900879,1.5,0,0,1.0,0.0,0.0,0,0,0,0,0
1779673776.0037045,0,0.3499999940395355,0,0,900,900,423158243,73,77,0.0,0.0,31.1200008392334,44.59476089477539,1,0,0.6000000238418579,0,0,1,0,0,8,0,0,0,8,99,1,8.300000190734863,0.0,24.949081420898438,28.40812110900879,1.5,0,0,1.0,0.0,0.0,0,0,0,0,0
1779673776.0226357,0,0.3499999940395355,0,0,900,900,423158243,73,77,0.0,0.0,31.1200008392334,44.59476089477539,1,0,0.6000000238418579,0,0,1,0,0,8,0,0,0,8,99,1,8.300000190734863,0.0,25.11507797241211,28.40812110900879,1.5,0,0,1.0,0.0,0.0,0,0,0,0,0
1779673776.041563,0,0.3499999940395355,0,0,900,900,423158243,73,77,0.0,0.0,31.1200008392334,44.59476089477539,1,0,0.6000000238418579,0,0,1,0,0,8,0,0,0,8,99,1,8.300000190734863,0.0,25.281076431274414,28.40812110900879,1.5,0,0,1.0,0.0,0.0,0,0,0,0,0
1779673776.0613065,0,0.3499999940395355,0,0,900,900,423158243,73,77,0.0,0.0,31.1200008392334,44.59476089477539,1,0,0.6000000238418579,0,0,1,0,0,8,0,0,0,8,99,1,8.300000190734863,0.0,25.447166442871094,28.40812110900879,1.5,0,0,1.0,0.0,0.0,0,0,0,0,0
1779673776.0806422,0,0.3499999940395355,0,0,900,900,423158243,73,77,0.0,0.0,31.1200008392334,44.59476089477539,1,0,0.6000000238418579,0,0,1,0,0,8,0,0,0,8,99,1,8.300000190734863,0.0,25.613162994384766,28.40812110900879,1.5,0,0,1.0,0.0,0.0,0,0,0,0,0
1779673776.1007302,0,0.3499999940395355,0,0,900,900,423158243,73,77,0.0,0.0,31.1200008392334,44.59476089477539,1,0,0.6000000238418579,0,0,1,0,0,8,0,0,0,8,99,1,8.300000190734863,0.0,25.77916145324707,28.40812110900879,1.5,0,0,1.0,0.0,0.0,0,0,0,0,0
1779673776.120846,0,0.3499999940395355,0,0,900,900,423158243,73,77,0.0,0.0,31.1200008392334,44.59476089477539,1,0,0.6000000238418579,0,0,1,0,0,8,0,0,0,8,99,1,8.300000190734863,0.0,25.94516372680664,28.40812110900879,1.5,0,0,1.0,0.0,0.0,0,0,0,0,0
1779673776.1404316,0,0.3499999940395355,0,0,900,900,423158243,73,77,0.0,0.0,31.1200008392334,44.59476089477539,1,0,0.6000000238418579,0,0,1,0,0,8,0,0,0,8,99,1,8.300000190734863,0.0,26.111080169677734,28.40812110900879,1.5,0,0,1.0,0.0,0.0,0,0,0,0,0
1779673776.1609905,0,0.3499999940395355,0,0,900,900,423158243,73,77,0.0,0.0,31.1200008392334,44.59476089477539,1,0,0.6000000238418579,0,0,1,0,0,8,0,0,0,8,99,1,8.300000190734863,0.0,26.277080535888672,28.40812110900879,1.5,0,0,1.0,0.0,0.0,0,0,0,0,0
1779673776.1802924,0,0.3499999940395355,0,0,900,900,423158243,73,77,0.0,0.0,31.1200008392334,44.59476089477539,1,0,0.6000000238418579,0,0,1,0,0,8,0,0,0,8,99,1,8.300000190734863,0.0,26.44308090209961,28.40812110900879,1.5,0,0,1.0,0.0,0.0,0,0,0,0,0
1779673776.2006414,0,0.3499999940395355,0,0,900,900,423158243,73,77,0.0,0.0,31.1200008392334,44.59476089477539,1,0,0.6000000238418579,0,0,1,0,0,8,0,0,0,8,99,1,8.300000190734863,0.0,26.60907745361328,28.40812110900879,1.5,0,0,1.0,0.0,0.0,0,0,0,0,0
1779673776.2203228,0,0.3499999940395355,0,0,900,900,423158243,73,77,0.0,0.0,31.1200008392334,44.59476089477539,1,0,0.6000000238418579,0,0,1,0,0,8,0,0,0,8,99,1,8.300000190734863,0.0,26.77507781982422,28.40812110900879,1.5,0,0,1.0,0.0,0.0,0,0,0,0,0
1779673776.2408736,0,0.3499999940395355,0,0,900,900,423158243,73,77,0.0,0.0,31.1200008392334,44.59476089477539,1,0,0.6000000238418579,0,0,1,0,0,8,0,0,0,8,99,1,8.300000190734863,0.0,26.941162109375,28.40812110900879,1.5,0,0,1.0,0.0,0.0,0,0,0,0,0
1779673776.2604504,0,0.3499999940395355,0,0,900,900,423158243,73,77,0.0,0.0,31.1200008392334,44.59476089477539,1,0,0.6000000238418579,0,0,1,0,0,8,0,0,0,8,99,1,8.300000190734863,0.0,27.107160568237305,28.40812110900879,1.5,0,0,1.0,0.0,0.0,0,0,0,0,0
1779673776.2806184,0,0.3499999940395355,0,0,900,900,423158243,73,77,0.0,0.0,31.1200008392334,44.59476089477539,1,0,0.6000000238418579,0,0,1,0,0,8,0,0,0,8,99,1,8.300000190734863,0.0,27.273160934448242,28.40812110900879,1.5,0,0,1.0,0.0,0.0,0,0,0,0,0
1779673776.300309,0,0.3499999940395355,0,0,900,900,423158243,73,77,0.0,0.0,31.1200008392334,44.59476089477539,1,0,0.6000000238418579,0,0,1,0,0,8,0,0,0,8,99,1,8.300000190734863,0.0,27.43907928466797,28.40812110900879,1.5,0,0,1.0,0.0,0.0,0,0,0,0,0
1779673776.3209183,0,0.3499999940395355,0,0,900,900,423158243,73,77,0.0,0.0,31.1200008392334,44.59476089477539,1,0,0.6000000238418579,0,0,1,0,0,8,0,0,0,8,99,1,8.300000190734863,0.0,27.605079650878906,28.40812110900879,1.5,0,0,1.0,0.0,0.0,0,0,0,0,0
1779673776.3403473,0,0.3499999940395355,0,0,900,900,423158243,73,77,0.0,0.0,31.1200008392334,44.59476089477539,1,0,0.6000000238418579,0,0,1,0,0,8,0,0,0,8,99,1,8.300000190734863,0.0,27.771080017089844,28.40812110900879,1.5,0,0,1.0,0.0,0.0,0,0,0,0,0
1779673776.360612,0,0.3499999940395355,0,0,900,900,423158243,73,77,0.0,0.0,31.1200008392334,44.59476089477539,1,0,0.6000000238418579,0,0,1,0,0,8,0,0,0,8,99,1,8.300000190734863,0.0,27.937164306640625,28.40812110900879,1.5,0,0,0.0,0.0,0.0,0,0,0,0,0
1779673776.3802104,0,0.3499999940395355,0,0,900,900,423158243,73,77,0.0,0.0,31.1200008392334,44.59476089477539,1,0,0.6000000238418579,0,0,1,0,0,8,0,0,0,8,99,1,8.300000190734863,0.0,28.103160858154297,28.40812110900879,1.5,0,0,0.0,0.0,0.0,0,0,0,0,0
1779673776.4011357,0,0.3499999940395355,0,0,900,900,423158243,73,77,0.0,0.0,31.1200008392334,44.59476089477539,1,0,0.6000000238418579,0,0,1,0,0,8,0,0,0,8,99,1,0.0,0.0,28.18401336669922,28.40812110900879,1.5,0,0,0.0,0.0,0.0,0,0,0,0,0
1779673776.4203231,0,0.3499999940395355,0,0,900,900,423158243,74,77,0.0,0.0,31.1200008392334,44.59476089477539,1,0,0.6000000238418579,0,0,1,0,0,8,0,0,0,8,99,1,0.0,0.0,28.18401336669922,28.40812110900879,1.5,0,0,0.0,0.0,0.0,0,0,0,0,0
1779673776.440615,0,0.3499999940395355,0,0,900,900,423158243,74,77,0.0,-1.7999992370605469,31.1200008392334,44.55876159667969,1,0,0.6000000238418579,0,0,1,0,0,8,0,0,0,8,99,1,0.0,0.0,28.18401336669922,28.40812110900879,1.5,0,0,0.0,0.0,0.0,0,0,0,0,0
1779673776.4608996,0,0.3499999940395355,0,0,900,900,423158243,74,77,0.0,-3.5999984741210938,31.1200008392334,44.48676300048828,1,0,0.6000000238418579,0,0,1,0,0,8,0,0,0,8,99,1,0.0,0.0,28.18401336669922,28.40812110900879,1.5,0,0,0.0,0.0,0.0,0,0,0,0,0
1779673776.481142,0,0.3499999940395355,0,0,900,900,423158243,74,77,0.0,-5.399997711181641,31.1200008392334,44.378761291503906,1,0,0.6000000238418579,0,0,1,0,0,8,0,0,0,8,99,1,0.0,0.0,28.18401336669922,28.40812110900879,1.5,0,0,0.0,0.0,0.0,0,0,0,0,0
1779673776.5003119,0,0.3499999940395355,0,0,900,900,423158243,74,77,0.0,-7.1999969482421875,31.1200008392334,44.23476028442383,1,0,0.6000000238418579,0,0,1,0,0,8,0,0,0,8,99,1,0.0,0.0,28.18401336669922,28.40812110900879,1.5,0,0,0.0,0.0,0.0,0,0,0,0,0
1779673776.5207577,0,0.3499999940395355,0,0,900,900,423158243,74,77,0.0,-8.999996185302734,31.1200008392334,44.05475997924805,1,0,0.6000000238418579,0,0,1,0,0,8,0,0,0,8,99,1,0.0,0.0,28.18401336669922,28.40812110900879,1.5,0,0,0.0,0.0,0.0,0,0,0,0,0
1779673776.5405664,0,0.3499999940395355,0,0,900,900,423158243,74,77,0.0,-10.799995422363281,31.1200008392334,43.83876037597656,1,0,0.6000000238418579,0,0,1,0,0,8,0,0,0,8,99,1,0.0,0.0,28.18401336669922,28.40812110900879,1.5,0,0,0.0,0.0,0.0,0,0,0,0,0
1779673776.5606039,0,0.3499999940395355,0,0,900,900,423158243,74,77,0.0,-12.599994659423828,31.1200008392334,43.586761474609375,1,0,0.6000000238418579,0,0,1,0,0,8,0,0,0,8,99,1,0.0,0.0,28.18401336669922,28.40812110900879,1.5,0,0,0.0,0.0,0.0,0,0,0,0,0
1779673776.5803995,0,0.3499999940395355,0,0,900,900,423158243,74,77,0.0,-14.399993896484375,31.1200008392334,43.298763275146484,1,0,0.6000000238418579,0,0,1,0,0,8,0,0,0,8,99,1,0.0,0.0,28.18401336669922,28.40812110900879,1.5,0,0,0.0,0.0,0.0,0,0,0,0,0
1779673776.6004739,0,0.3499999940395355,0,0,900,900,423158243,74,77,0.0,-16.199993133544922,31.1200008392334,42.974761962890625,1,0,0.6000000238418579,0,0,1,0,0,8,0,0,0,8,99,1,0.0,0.0,28.18401336669922,28.40812110900879,1.5,0,0,0.0,0.0,0.0,0,0,0,0,0
1779673776.6203487,0,0.3499999940395355,0,0,900,900,423158243,74,77,0.0,-17.99999237060547,31.1200008392334,42.61476135253906,1,0,0.6000000238418579,0,0,1,0,0,8,0,0,0,8,99,1,0.0,0.0,28.18401336669922,28.40812110900879,1.5,0,0,0.0,0.0,0.0,0,0,0,0,0
1779673776.640631,0,0.3499999940395355,0,0,900,900,423158243,74,77,0.0,-19.799991607666016,31.1200008392334,42.2187614440918,1,0,0.6000000238418579,0,0,1,0,0,8,0,0,0,8,99,1,0.0,0.0,28.18401336669922,28.40812110900879,1.5,0,0,0.0,0.0,0.0,0,0,0,0,0
1779673776.6605146,0,0.3499999940395355,0,0,900,900,423158243,74,77,0.0,-21.599990844726562,31.1200008392334,41.78676223754883,1,0,0.6000000238418579,0,0,1,0,0,8,0,0,0,8,99,1,0.0,0.0,28.18401336669922,28.40812110900879,1.5,0,0,0.0,0.0,0.0,0,0,0,0,0
1779673776.6805613,0,0.3499999940395355,0,0,900,900,423158243,74,77,0.0,-23.39999008178711,31.1200008392334,41.318763732910156,1,0,0.6000000238418579,0,0,1,0,0,8,0,0,0,8,99,1,0.0,0.0,28.18401336669922,28.40812110900879,1.5,0,0,0.0,0.0,0.0,0,0,0,0,0
1779673776.7003222,0,0.3499999940395355,0,0,900,900,423158243,74,77,0.0,-25.199989318847656,31.1200008392334,40.81476593017578,1,0,0.6000000238418579,0,0,1,0,0,8,0,0,0,8,99,1,0.0,0.0,28.18401336669922,28.40812110900879,1.5,0,0,0.0,0.0,0.0,0,0,0,0,0
1779673776.7205336,0,0.3499999940395355,0,0,900,900,423158243,74,77,0.0,-26.999988555908203,31.1200008392334,40.27476501464844,1,0,0.6000000238418579,0,0,1,0,0,8,0,0,0,8,99,1,0.0,0.0,28.18401336669922,28.40812110900879,1.5,0,0,0.0,0.0,0.0,0,0,0,0,0
1779673776.7402349,0,0.3499999940395355,0,0,900,900,423158243,74,77,0.0,-28.79998779296875,31.1200008392334,39.69876480102539,1,0,0.6000000238418579,0,0,1,0,0,8,0,0,0,8,99,1,0.0,0.0,28.18401336669922,28.40812110900879,1.5,0,0,0.0,0.0,0.0,0,0,0,0,0
1779673776.7605667,0,0.3499999940395355,0,0,900,900,423158243,74,77,0.0,-30.599987030029297,31.1200008392334,39.08676528930664,1,0,0.6000000238418579,0,0,1,0,0,8,0,0,0,8,99,1,0.0,0.0,28.18401336669922,28.40812110900879,1.5,0,0,0.0,0.0,0.0,0,0,0,0,0
1779673776.7805552,0,0.3499999940395355,0,0,900,900,423158243,74,77,0.0,-32.399986267089844,31.1200008392334,38.43876647949219,1,0,0.6000000238418579,0,0,1,0,0,8,0,0,0,8,99,1,0.0,0.0,28.18401336669922,28.40812110900879,1.5,0,0,0.0,0.0,0.0,0,0,0,0,0
1779673776.8007789,0,0.3499999940395355,0,0,900,900,423158243,74,77,0.0,-34.19998550415039,31.1200008392334,37.75476837158203,1,0,0.6000000238418579,0,0,1,0,0,8,0,0,0,8,99,1,0.0,0.0,28.18401336669922,28.40812110900879,1.5,0,0,0.0,0.0,0.0,0,0,0,0,0
1779673776.8205001,0,0.3499999940395355,0,0,900,900,423158243,74,77,0.0,-35.99998474121094,31.1200008392334,37.034767150878906,1,0,0.6000000238418579,0,0,1,0,0,8,0,0,0,8,99,1,0.0,0.0,28.18401336669922,28.40812110900879,1.5,0,0,0.0,0.0,0.0,0,0,0,0,0
1779673776.8407965,0,0.3499999940395355,0,0,900,900,423158243,74,77,0.0,-37.799983978271484,31.1200008392334,36.27876663208008,1,0,0.6000000238418579,0,0,1,0,0,8,0,0,0,8,99,1,0.0,0.0,28.18401336669922,28.40812110900879,1.5,0,0,0.0,0.0,0.0,0,0,0,0,0
1779673776.8605578,0,0.3499999940395355,0,0,900,900,423158243,74,77,0.0,-39.59998321533203,31.1200008392334,35.48676681518555,1,0,0.6000000238418579,0,0,1,0,0,8,0,0,0,8,99,1,0.0,0.0,28.18401336669922,28.40812110900879,1.5,0,0,0.0,0.0,0.0,0,0,0,0,0
1779673776.8808465,0,0.3499999940395355,0,0,900,900,423158243,74,77,0.0,-41.39998245239258,31.1200008392334,34.65876770019531,1,0,0.6000000238418579,0,0,1,0,0,8,0,0,0,8,99,1,0.0,0.0,28.18401336669922,28.40812110900879,1.5,0,0,0.0,0.0,0.0,0,0,0,0,0
1779673776.9004283,0,0.3499999940395355,0,0,900,900,423158243,74,77,0.0,-43.199981689453125,31.1200008392334,33.794769287109375,1,0,0.6000000238418579,0,0,1,0,0,8,0,0,0,8,99,1,0.0,0.0,28.18401336669922,28.40812110900879,1.5,0,0,0.0,0.0,0.0,0,0,0,0,0
1779673776.9206898,0,0.3499999940395355,0,0,900,900,423158243,74,77,0.0,-44.99998092651367,31.1200008392334,32.894771575927734,1,0,0.6000000238418579,0,0,1,0,0,8,0,0,0,8,99,1,0.0,0.0,28.18401336669922,28.40812110900879,1.5,0,0,0.0,0.0,0.0,0,0,0,0,0
1779673776.9402058,0,0.3499999940395355,0,0,900,900,423158243,74,77,0.0,-46.79998016357422,31.1200008392334,31.958770751953125,1,0,0.6000000238418579,0,0,1,0,0,8,0,0,0,8,99,1,0.0,0.0,28.18401336669922,28.40812110900879,1.5,0,0,0.0,0.0,0.0,0,0,0,0,0
1779673776.960505,0,0.3499999940395355,0,0,900,900,423158243,74,77,0.0,-48.599979400634766,31.1200008392334,30.986770629882812,1,0,0.6000000238418579,0,0,1,0,0,8,0,0,0,8,99,1,0.0,0.0,28.18401336669922,28.40812110900879,1.5,0,0,0.0,0.0,0.0,0,0,0,0,0
1779673776.9804585,0,0.3499999940395355,0,0,900,900,423158243,74,77,0.0,-50.39997863769531,31.1200008392334,29.978771209716797,1,0,0.6000000238418579,0,0,1,0,0,8,0,0,0,8,99,1,0.0,0.0,28.18401336669922,28.40812110900879,1.5,0,0,0.0,0.0,0.0,0,0,0,0,0
1779673777.0008733,0,0.3499999940395355,0,0,900,900,423158243,74,77,0.0,-52.19997787475586,31.1200008392334,28.934772491455078,1,0,0.6000000238418579,0,0,1,0,0,8,0,0,0,8,99,1,0.0,0.0,28.18401336669922,28.40812110900879,1.5,0,0,0.0,0.0,0.0,0,0,0,0,0
1779673777.020501,0,0.3499999940395355,0,0,900,900,423158243,75,77,0.0,0.0,31.1200008392334,28.56183433532715,1,0,0.6000000238418579,0,0,1,0,0,8,0,0,0,8,99,1,0.0,0.0,28.18401336669922,28.40812110900879,1.5,0,0,0.0,0.0,0.0,0,0,0,0,0
1779673777.0408168,0,0.3499999940395355,0,0,900,900,423158243,75,77,0.0,0.0,31.1200008392334,28.561847686767578,1,0,0.6000000238418579,0,0,1,0,0,8,0,0,0,8,99,1,0.0,0.0,28.18401336669922,28.40812110900879,1.5,0,0,0.0,0.0,0.0,0,0,0,0,0
1779673777.0604503,0,0.3499999940395355,0,0,900,900,423158243,75,77,0.0,0.0,31.1200008392334,28.561857223510742,1,0,0.6000000238418579,0,0,1,0,0,8,0,0,0,8,99,1,0.0,0.0,28.18401336669922,28.40812110900879,1.5,0,0,0.0,0.0,0.0,0,0,0,0,0
1779673777.080829,0,0.3499999940395355,0,0,900,900,423158243,75,77,0.0,0.0,31.1200008392334,28.56186294555664,1,0,0.6000000238418579,0,0,1,0,0,8,0,0,0,8,99,1,0.0,0.0,28.18401336669922,28.40812110900879,1.5,0,0,0.0,0.0,0.0,0,0,0,0,0
1779673777.100613,0,0.3499999940395355,0,0,900,900,423158243,75,77,0.0,0.0,31.1200008392334,28.561866760253906,1,0,0.6000000238418579,0,0,1,0,0,8,0,0,0,8,99,1,0.0,0.0,28.18401336669922,28.40812110900879,1.5,0,0,0.0,0.0,0.0,0,0,1,0,0
1779673777.120749,0,0.3499999940395355,0,0,900,900,423158243,75,77,0.0,0.0,31.1200008392334,28.561870574951172,1,0,0.6000000238418579,0,0,1,0,0,8,0,0,0,8,99,1,0.0,0.0,28.18401336669922,28.40812110900879,1.5,0,0,0.0,0.0,0.0,0,0,1,0,0
1779673777.140516,0,0.3499999940395355,1,0,900,900,423158243,75,77,0.0,0.0,31.1200008392334,28.561870574951172,0,0,0.6000000238418579,0,0,1,0,0,8,0,1,0,8,99,1,0.0,0.0,28.18401336669922,28.40812110900879,1.5,0,0,0.0,0.0,0.0,0,0,1,0,0
1779673777.1618123,0,0.3499999940395355,1,0,900,900,423158243,75,77,0.0,0.0,31.1200008392334,28.561870574951172,0,0,0.6000000238418579,0,0,1,0,0,8,0,1,0,8,99,1,0.0,0.0,28.18401336669922,28.40812110900879,1.5,0,0,0.0,0.0,0.0,0,0,1,0,0
1779673777.180523,0,0.3499999940395355,1,0,900,900,423158243,75,77,0.0,0.0,31.1200008392334,28.561870574951172,0,0,0.6000000238418579,0,0,1,0,0,8,0,1,0,8,99,1,-3.75,0.0,28.18401336669922,28.40812110900879,1.5,0,0,1.0,0.0,0.0,0,0,1,0,0
1779673777.2015624,0,0.3499999940395355,1,0,900,900,423158243,75,77,0.0,0.0,31.1200008392334,28.561870574951172,0,0,0.6000000238418579,0,0,1,0,0,8,0,1,0,8,99,1,-3.75,0.0,28.145545959472656,28.40812110900879,1.5,0,0,1.0,0.0,0.0,0,0,1,0,0
1779673777.220895,0,0.3499999940395355,1,0,900,900,423158243,75,77,0.0,0.0,31.1200008392334,28.561870574951172,0,0,0.6000000238418579,0,0,1,0,0,8,0,1,0,8,99,1,-3.75,0.0,28.07058334350586,28.40812110900879,1.5,0,0,1.0,0.0,0.0,0,0,0,0,0
1779673777.240638,0,0.3499999940395355,1,0,900,900,423158243,75,77,0.0,0.0,31.1200008392334,28.561870574951172,1,0,0.6000000238418579,0,0,1,0,0,8,0,1,0,8,99,1,-3.75,0.0,27.995582580566406,28.40812110900879,1.5,0,0,1.0,0.0,0.0,0,0,0,0,0
1779673777.2603555,0,0.3499999940395355,1,0,900,900,423158243,68,77,0.0,0.0,31.1200008392334,28.561870574951172,1,0,0.6000000238418579,0,0,1,0,0,8,0,1,0,8,99,1,-3.75,0.0,27.920581817626953,28.40812110900879,1.5,0,0,1.0,0.0,0.0,0,0,0,0,0
1779673777.2807038,0,0.3499999940395355,1,0,900,900,423158243,68,77,0.0,0.0,31.1200008392334,28.561870574951172,1,0,0.6000000238418579,0,0,1,0,0,8,0,1,0,8,99,1,-3.75,0.0,27.845582962036133,28.40812110900879,1.5,0,0,1.0,0.0,0.0,0,0,0,0,0
1779673777.3004768,0,0.3499999940395355,1,0,900,900,423158243,68,77,0.0,0.0,31.1200008392334,28.561870574951172,1,0,0.6000000238418579,0,0,1,0,0,8,0,1,0,8,99,1,-3.75,0.0,27.770584106445312,28.40812110900879,1.5,0,0,1.0,0.0,0.0,0,0,0,0,0
1779673777.320749,0,0.3499999940395355,1,0,900,900,423158243,68,77,0.0,0.0,31.1200008392334,28.561870574951172,1,0,0.6000000238418579,0,0,1,0,0,8,0,1,0,8,99,1,-3.75,0.0,27.69558334350586,28.40812110900879,1.5,0,0,1.0,0.0,0.0,0,0,0,0,0
1779673777.3403633,0,0.3499999940395355,1,0,900,900,423158243,68,77,0.0,0.0,31.1200008392334,28.561870574951172,1,0,0.6000000238418579,0,0,1,0,0,8,0,1,0,8,99,1,-3.75,0.0,27.620582580566406,28.40812110900879,1.5,0,0,1.0,0.0,0.0,0,0,0,0,0
1779673777.3608668,0,0.3499999940395355,1,0,900,900,423158243,68,77,0.0,0.0,31.1200008392334,28.561870574951172,1,0,0.6000000238418579,0,0,1,0,0,8,0,1,0,8,99,1,-3.75,0.0,27.545543670654297,28.40812110900879,1.5,0,0,1.0,0.0,0.0,0,0,0,0,0
1779673777.3804116,0,0.3499999940395355,1,0,900,900,423158243,68,77,0.0,0.0,31.1200008392334,28.561870574951172,1,0,0.6000000238418579,0,0,1,0,0,8,0,1,0,8,99,1,8.300000190734863,0.0,27.594133377075195,28.40812110900879,1.5,0,0,1.0,0.0,0.0,0,0,0,0,0
1779673777.4012265,0,0.3499999940395355,1,0,900,900,423158243,68,77,0.0,0.0,31.1200008392334,28.561870574951172,1,0,0.6000000238418579,0,0,1,0,0,8,0,1,0,8,99,1,8.300000190734863,0.0,27.7601318359375,28.40812110900879,1.5,0,0,1.0,0.0,0.0,0,0,0,0,0
1779673777.4205754,0,0.3499999940395355,1,0,900,900,423158243,68,77,0.0,0.0,31.1200008392334,28.561870574951172,1,0,0.6000000238418579,0,0,1,0,0,8,0,1,0,8,99,1,8.300000190734863,0.0,27.926130294799805,28.40812110900879,1.5,0,0,1.0,0.0,0.0,0,0,0,0,0
1779673777.4413102,0,0.3499999940395355,1,0,900,900,423158243,68,77,0.0,0.0,31.1200008392334,28.561870574951172,1,0,0.6000000238418579,0,0,1,0,0,8,0,1,0,8,99,1,8.300000190734863,0.0,28.092130661010742,28.40812110900879,1.5,0,0,1.0,0.0,0.0,0,0,0,0,0
1779673777.4605813,0,0.3499999940395355,1,0,900,900,423158243,68,77,0.0,0.0,31.1200008392334,28.561870574951172,1,0,0.6000000238418579,0,0,1,0,0,8,0,1,0,8,99,1,8.300000190734863,0.0,28.258129119873047,28.40812110900879,1.5,0,0,1.0,0.0,0.0,0,0,1,0,0
1779673777.4808943,0,0.3499999940395355,1,0,900,900,423158243,68,77,0.0,0.0,31.1200008392334,28.561870574951172,1,0,0.6000000238418579,0,0,1,0,0,8,0,1,0,8,99,1,8.300000190734863,0.0,28.42412757873535,28.40812110900879,1.5,0,0,1.0,0.0,0.0,0,0,1,0,0
1779673777.502445,0,0.3499999940395355,0,0,900,900,423158243,68,77,0.0,0.0,31.1200008392334,28.561870574951172,1,0,0.6000000238418579,0,0,1,0,0,8,0,0,0,8,99,1,8.300000190734863,0.0,28.590124130249023,28.40812110900879,1.5,0,0,1.0,0.0,0.0,0,0,1,0,0
1779673777.5215242,0,0.3499999940395355,0,0,900,900,423158243,68,77,0.0,0.0,31.1200008392334,28.561870574951172,1,0,0.6000000238418579,0,0,1,0,0,8,0,0,0,8,99,1,8.300000190734863,0.0,28.756046295166016,28.40812110900879,1.5,0,0,1.0,0.0,0.0,0,0,1,0,0
1779673777.5403953,0,0.3499999940395355,1,0,900,900,423158243,68,77,0.0,0.0,31.1200008392334,28.561870574951172,0,0,0.6000000238418579,0,0,1,0,0,8,0,1,0,8,99,1,8.300000190734863,0.0,28.922042846679688,28.40812110900879,1.5,0,0,1.0,0.0,0.0,0,0,1,0,0
1779673777.5606785,0,0.3499999940395355,1,0,900,900,423158243,68,77,0.0,0.0,31.1200008392334,28.561870574951172,0,0,0.6000000238418579,0,0,1,0,0,8,0,1,0,8,99,1,8.300000190734863,0.0,29.08803939819336,28.40812110900879,1.5,0,0,1.0,0.0,0.0,0,0,0,0,0
1779673777.5803008,0,0.3499999940395355,1,0,879,900,423158243,68,77,0.0,0.0,31.1200008392334,28.561870574951172,0,0,0.6000000238418579,0,0,1,0,0,8,0,1,0,8,99,1,-3.75,0.0,29.25403594970703,28.40812110900879,1.5,0,11,1.0,0.0,0.0,0,0,0,0,0
1779673777.600856,0,0.3499999940395355,1,0,879,900,423158243,68,77,0.0,0.0,31.420000076293945,28.561870574951172,0,0,0.6000000238418579,0,0,1,0,0,8,0,1,0,8,99,1,-3.75,0.0,29.29659652709961,28.40812110900879,1.5,0,11,0.0,0.0,0.0,0,0,0,0,0
1779673777.6206112,0,0.3499999940395355,1,0,879,900,423158243,68,77,0.0,0.0,31.719999313354492,28.561870574951172,0,0,0.6000000238418579,0,0,1,0,0,8,0,1,0,8,99,1,-3.75,0.0,29.22159767150879,28.40812110900879,1.5,0,11,0.0,0.0,0.0,0,0,0,0,0
1779673777.6406105,0,0.3499999940395355,1,0,879,900,423158243,68,77,0.0,0.0,32.02000045776367,28.561870574951172,0,0,0.6000000238418579,0,0,1,0,0,8,0,1,0,8,99,1,-3.75,0.0,29.146596908569336,28.40812110900879,1.5,0,11,0.0,0.0,0.0,0,0,0,0,0
1779673777.6605883,0,0.3499999940395355,1,0,879,900,423158243,68,77,0.0,0.0,32.31999969482422,28.561870574951172,1,0,0.6000000238418579,0,0,1,0,0,8,0,1,0,8,99,1,-3.75,0.0,29.071561813354492,28.40812110900879,1.5,0,11,0.0,0.0,0.0,0,0,0,0,0
1779673777.6804674,0,0.3499999940395355,1,0,879,900,423158243,68,77,0.0,0.0,32.619998931884766,28.561870574951172,1,0,0.6000000238418579,0,0,1,0,0,8,0,1,0,8,99,1,-3.75,0.0,28.996562957763672,28.40812110900879,1.5,0,11,0.0,0.0,0.0,0,0,0,0,0
1779673777.700554,0,0.3499999940395355,1,0,879,900,423158243,68,77,0.0,0.0,32.91999816894531,28.561870574951172,1,0,0.6000000238418579,0,0,1,0,0,8,0,1,0,8,99,1,-3.75,0.0,28.92156219482422,28.40812110900879,1.5,0,11,0.0,0.0,0.0,0,0,0,0,0
1779673777.720769,0,0.3499999940395355,1,0,879,900,423158243,68,77,0.0,0.0,33.21999740600586,28.561870574951172,1,0,0.6000000238418579,0,0,1,0,0,8,0,1,0,8,99,1,-3.75,0.0,28.846599578857422,28.40812110900879,1.5,0,11,0.0,0.0,0.0,0,0,0,0,0
1779673777.7407346,0,0.3499999940395355,1,0,879,900,423158243,68,77,0.0,0.0,33.519996643066406,28.561870574951172,1,0,0.6000000238418579,0,0,1,0,0,8,0,1,0,8,99,1,-3.75,0.0,28.77159881591797,28.40812110900879,1.5,0,11,0.0,0.0,0.0,0,0,0,0,0
1779673777.7610116,0,0.3499999940395355,1,0,879,900,423158243,68,77,0.0,0.0,33.519996643066406,28.561870574951172,1,0,0.6000000238418579,0,0,1,0,0,8,0,1,0,8,99,1,-3.75,0.0,28.69655990600586,28.40812110900879,1.5,0,11,0.0,0.0,0.0,0,0,0,0,0
1779673777.780466,0,0.3499999940395355,1,0,879,900,423158243,68,77,0.0,0.0,33.519996643066406,28.561870574951172,1,0,0.6000000238418579,0,0,1,0,0,8,0,1,0,8,99,1,0.0,0.0,28.660003662109375,28.40812110900879,1.5,0,11,0.0,0.0,0.0,0,0,0,0,0
1779673777.8004537,0,0.3499999940395355,1,0,879,900,423158243,68,77,0.0,0.0,33.519996643066406,28.561870574951172,1,0,0.6000000238418579,0,0,1,0,0,8,0,1,0,8,99,1,0.0,0.0,28.660003662109375,28.40812110900879,1.5,0,11,0.0,0.0,0.0,0,0,0,0,0
1779673777.8205698,0,0.3499999940395355,1,0,879,900,423158243,68,77,0.0,0.0,33.519996643066406,28.561870574951172,1,0,0.6000000238418579,0,0,1,0,0,8,0,1,0,8,99,1,0.0,0.0,28.660003662109375,28.40812110900879,1.5,0,11,0.0,0.0,0.0,0,0,0,0,0
1779673777.8408668,0,0.3499999940395355,1,0,879,900,423158243,68,77,0.0,0.0,33.519996643066406,28.561870574951172,1,0,0.6000000238418579,0,0,1,0,0,8,0,1,0,8,99,1,0.0,0.0,28.660003662109375,28.40812110900879,1.5,0,11,0.0,0.0,0.0,0,0,0,0,0
1779673777.8606348,0,0.3499999940395355,1,0,879,900,423158243,68,77,0.0,0.0,33.519996643066406,28.561870574951172,1,0,0.6000000238418579,0,0,1,0,0,8,0,1,0,8,99,1,0.0,0.0,28.660003662109375,28.40812110900879,1.5,0,11,0.0,0.0,0.0,0,0,0,0,0
1779673777.8807037,0,0.3499999940395355,1,0,879,900,423158243,68,77,0.0,0.0,33.519996643066406,28.561870574951172,1,0,0.6000000238418579,0,0,1,0,0,8,0,1,0,8,99,1,0.0,0.0,28.660003662109375,28.40812110900879,1.5,0,11,1.0,0.0,0.0,0,0,0,0,0
1779673777.9012022,0,0.3499999940395355,0,0,879,900,423158243,68,77,0.0,0.0,33.519996643066406,28.561870574951172,1,0,0.6000000238418579,0,0,1,0,0,8,0,0,0,8,99,1,0.0,0.0,28.660003662109375,28.40812110900879,1.5,0,11,1.0,0.0,0.0,0,0,0,0,0
1779673777.92086,0,0.3499999940395355,0,0,879,900,423158243,68,77,0.0,0.0,33.519996643066406,28.561870574951172,1,0,0.6000000238418579,0,0,1,0,0,8,0,0,0,8,99,1,0.0,0.0,28.660003662109375,28.40812110900879,1.5,0,11,1.0,0.0,0.0,0,0,1,0,0
1779673777.9403667,0,0.3499999940395355,0,0,879,900,423158243,68,77,0.0,0.0,33.519996643066406,28.561870574951172,1,0,0.6000000238418579,0,0,1,0,0,8,0,0,0,8,99,1,8.300000190734863,0.0,28.74506950378418,28.40812110900879,1.5,0,11,1.0,0.0,0.0,0,0,1,0,0
1779673777.9606662,0,0.3499999940395355,1,0,879,900,423158243,68,77,0.0,0.0,33.519996643066406,28.561870574951172,0,0,0.6000000238418579,0,0,1,0,0,8,0,1,0,8,99,1,8.300000190734863,0.0,28.911069869995117,28.40812110900879,1.5,0,11,1.0,0.0,0.0,0,0,1,0,0
1779673777.9804564,0,0.3499999940395355,1,0,879,900,423158243,68,77,0.0,0.0,33.519996643066406,28.561870574951172,0,0,0.6000000238418579,0,0,1,0,0,8,0,1,0,8,99,1,8.300000190734863,0.0,29.077068328857422,28.40812110900879,1.5,0,11,1.0,0.0,0.0,0,0,1,0,0
1779673778.001121,0,0.3499999940395355,1,0,879,900,423158243,68,77,0.0,0.0,33.519996643066406,28.561870574951172,0,0,0.6000000238418579,0,0,1,0,0,8,0,1,0,8,99,1,8.300000190734863,0.0,29.24306869506836,28.40812110900879,1.5,0,11,1.0,0.0,0.0,0,0,1,0,0
1779673778.0205867,0,0.3499999940395355,1,0,879,900,423158243,68,77,0.0,0.0,33.519996643066406,28.561870574951172,0,0,0.6000000238418579,0,0,1,0,0,8,0,1,0,8,99,1,8.300000190734863,0.0,29.40906524658203,28.40812110900879,1.5,0,11,1.0,0.0,0.0,0,0,1,0,0
1779673778.0409832,0,0.3499999940395355,1,0,879,900,423158243,68,77,0.0,0.0,33.519996643066406,28.561870574951172,0,0,0.6000000238418579,0,0,1,0,0,8,0,1,0,8,99,1,8.300000190734863,0.0,29.57506561279297,28.40812110900879,1.5,0,11,1.0,0.0,0.0,0,0,1,0,0
1779673778.0609865,0,0.3499999940395355,1,0,879,900,423158243,68,77,0.0,0.0,33.519996643066406,28.561870574951172,0,0,0.6000000238418579,0,0,1,0,0,8,0,1,0,8,99,1,8.300000190734863,0.0,29.741064071655273,28.40812110900879,1.5,0,11,1.0,0.0,0.0,0,0,0,0,0
1779673778.0808694,0,0.3499999940395355,1,0,879,900,423158243,68,77,0.0,0.0,33.519996643066406,28.561870574951172,1,0,0.6000000238418579,0,0,1,0,0,8,0,1,0,8,99,1,8.300000190734863,0.0,29.90706443786621,28.40812110900879,1.5,0,11,1.0,0.0,0.0,0,0,0,0,0
1779673778.100756,0,0.3499999940395355,1,0,879,900,423158243,68,77,0.0,0.0,33.519996643066406,28.561870574951172,1,0,0.6000000238418579,0,0,1,0,0,8,0,1,0,8,99,1,8.300000190734863,0.0,30.073062896728516,28.40812110900879,1.5,0,11,1.0,0.0,0.0,0,0,0,0,0
1779673778.1208565,0,0.3499999940395355,1,0,879,900,423158243,68,77,0.0,0.0,33.519996643066406,28.561870574951172,1,0,0.6000000238418579,0,0,1,0,0,8,0,1,0,8,99,1,8.300000190734863,0.0,30.238983154296875,28.40812110900879,1.5,0,11,1.0,0.0,0.0,0,0,0,0,0
1779673778.1404195,0,0.3499999940395355,1,0,879,900,423158243,68,77,0.0,0.0,33.519996643066406,28.561870574951172,1,0,0.6000000238418579,0,0,1,0,0,8,0,1,0,8,99,1,8.300000190734863,0.0,30.40498161315918,28.40812110900879,1.5,0,11,1.0,0.0,0.0,0,0,0,0,0
1779673778.161383,0,0.3499999940395355,1,0,879,900,423158243,68,77,0.0,0.0,33.519996643066406,28.561870574951172,1,0,0.6000000238418579,0,0,1,0,0,8,0,1,0,8,99,1,8.300000190734863,0.0,30.571067810058594,28.40812110900879,1.5,0,11,1.0,0.0,0.0,0,0,0,0,0
1779673778.1813269,0,0.3499999940395355,1,0,879,900,423158243,68,77,0.0,0.0,33.519996643066406,28.561870574951172,1,0,0.6000000238418579,0,0,1,0,0,8,0,1,0,8,99,1,8.300000190734863,0.0,30.737064361572266,28.40812110900879,1.5,0,11,1.0,0.0,0.0,0,0,0,0,0
1779673778.200894,0,0.3499999940395355,1,0,879,900,423158243,68,77,0.0,0.0,33.519996643066406,28.561870574951172,1,0,0.6000000238418579,0,0,1,0,0,8,0,1,0,8,99,1,8.300000190734863,0.0,30.902984619140625,28.40812110900879,1.5,0,11,1.0,0.0,0.0,0,0,0,0,0
1779673778.2206411,0,0.3499999940395355,1,0,879,900,423158243,68,77,0.0,0.0,33.519996643066406,28.561870574951172,1,0,0.6000000238418579,0,0,1,0,0,8,0,1,0,8,99,1,8.300000190734863,0.0,31.069063186645508,28.40812110900879,1.5,0,11,1.0,0.0,0.0,0,0,0,0,0
1779673778.2409327,0,0.3499999940395355,1,0,879,900,423158243,68,77,0.0,0.0,33.519996643066406,28.561870574951172,1,0,0.6000000238418579,0,0,1,0,0,8,0,1,0,8,99,1,8.300000190734863,0.0,31.235063552856445,28.40812110900879,1.5,0,11,1.0,0.0,0.0,0,0,0,0,0
1779673778.2605102,0,0.3499999940395355,1,0,879,900,423158243,68,77,0.0,0.0,33.519996643066406,28.561870574951172,1,0,0.6000000238418579,0,0,1,0,0,8,0,1,0,8,99,1,8.300000190734863,0.0,31.40106201171875,28.40812110900879,1.5,0,11,1.0,0.0,0.0,0,0,0,0,0
1779673778.2808053,0,0.3499999940395355,1,0,879,900,423158243,68,77,0.0,0.0,33.519996643066406,28.561870574951172,1,0,0.6000000238418579,0,0,1,0,0,8,0,1,0,8,99,1,8.300000190734863,0.0,31.567062377929688,28.40812110900879,1.5,0,11,1.0,0.0,0.0,0,0,0,0,0
1779673778.3004885,0,0.3499999940395355,1,0,879,900,423158243,68,77,0.0,0.0,33.519996643066406,28.561870574951172,1,0,0.6000000238418579,0,0,1,0,0,8,0,1,0,8,99,1,8.300000190734863,0.0,31.73305892944336,28.40812110900879,1.5,0,11,1.0,0.0,0.0,0,0,0,0,0
1779673778.3207738,0,0.3499999940395355,0,0,879,900,423158243,68,77,0.0,0.0,33.519996643066406,28.561870574951172,1,0,0.6000000238418579,0,0,1,0,0,8,0,0,0,8,99,1,8.300000190734863,0.0,31.89906120300293,28.40812110900879,1.5,0,11,1.0,0.0,0.0,0,0,1,0,0
1779673778.3407094,0,0.3499999940395355,0,0,879,900,423158243,68,77,0.0,0.0,33.519996643066406,28.561870574951172,1,0,0.6000000238418579,0,0,1,0,0,8,0,0,0,8,99,1,8.300000190734863,0.0,32.06505584716797,28.40812110900879,1.5,0,11,1.0,0.0,0.0,0,0,1,0,0
1779673778.3617234,0,0.3499999940395355,0,0,879,900,423158243,68,77,0.0,0.0,33.519996643066406,28.561870574951172,1,0,0.6000000238418579,0,0,1,0,0,8,0,0,0,8,99,1,8.300000190734863,0.0,32.23106002807617,28.40812110900879,1.5,0,11,0.0,0.0,0.0,0,0,1,0,0
1779673778.3823228,0,0.3499999940395355,1,0,879,900,423158243,68,77,0.0,0.0,33.519996643066406,28.561870574951172,0,0,0.6000000238418579,0,0,1,0,0,8,0,1,0,8,99,1,8.300000190734863,0.0,32.397056579589844,28.40812110900879,1.5,0,11,0.0,0.0,0.0,0,0,1,0,0
1779673778.4010432,0,0.3499999940395355,1,0,879,900,423158243,68,77,0.0,0.0,33.519996643066406,28.561870574951172,0,0,0.6000000238418579,0,0,1,0,0,8,0,1,0,8,99,1,0.0,0.0,32.47801208496094,28.40812110900879,1.5,0,11,0.0,0.0,0.0,0,0,0,0,0
1779673778.4204059,0,0.3499999940395355,1,0,858,900,423158243,51,77,0.0,0.0,33.519996643066406,28.561870574951172,0,0,0.6000000238418579,0,0,1,0,0,8,0,1,0,8,99,1,-3.75,0.0,32.47801208496094,28.40812110900879,1.5,0,22,0.0,0.0,0.0,0,0,0,0,0
1779673778.4404693,0,0.3499999940395355,1,0,858,900,423158243,51,77,0.0,0.0,33.81999588012695,28.561870574951172,0,0,0.6000000238418579,0,0,1,0,0,8,0,1,0,8,99,1,-3.75,0.0,32.43962478637695,28.40812110900879,1.5,0,22,0.0,0.0,0.0,0,0,0,0,0
1779673778.460496,0,0.3499999940395355,1,0,858,900,423158243,51,77,0.0,0.0,34.1199951171875,28.561870574951172,0,0,0.6000000238418579,0,0,1,0,0,8,0,1,0,8,99,1,-3.75,0.0,32.3646240234375,28.40812110900879,1.5,0,22,0.0,0.0,0.0,0,0,0,0,0
1779673778.4804459,0,0.3499999940395355,1,0,858,900,423158243,51,77,0.0,0.0,34.41999435424805,28.561870574951172,1,0,0.6000000238418579,0,0,1,0,0,8,0,1,0,8,99,1,-3.75,0.0,32.28962707519531,28.40812110900879,1.5,0,22,0.0,0.0,0.0,0,0,0,0,0
1779673778.5004418,0,0.3499999940395355,1,0,858,900,423158243,51,77,0.0,0.0,34.719993591308594,28.561870574951172,1,0,0.6000000238418579,0,0,1,0,0,8,0,1,0,8,99,1,-3.75,0.0,32.21462631225586,28.40812110900879,1.5,0,22,0.0,0.0,0.0,0,0,0,0,0
1779673778.5206585,0,0.3499999940395355,1,0,858,900,423158243,51,77,0.0,0.0,35.01999282836914,28.561870574951172,1,0,0.6000000238418579,0,0,1,0,0,8,0,1,0,8,99,1,-3.75,0.0,32.139625549316406,28.40812110900879,1.5,0,22,0.0,0.0,0.0,0,0,0,0,0
1779673778.5403123,0,0.3499999940395355,1,0,858,900,423158243,51,77,0.0,0.0,35.31999206542969,28.561870574951172,1,0,0.6000000238418579,0,0,1,0,0,8,0,1,0,8,99,1,-3.75,0.0,32.06462478637695,28.40812110900879,1.5,0,22,0.0,0.0,0.0,0,0,0,0,0
1779673778.5604975,0,0.3499999940395355,1,0,858,900,423158243,51,77,0.0,0.0,35.619991302490234,28.561870574951172,1,0,0.6000000238418579,0,0,1,0,0,8,0,1,0,8,99,1,-3.75,0.0,31.989627838134766,28.40812110900879,1.5,0,22,0.0,0.0,0.0,0,0,0,0,0
1779673778.5803072,0,0.3499999940395355,1,0,858,900,423158243,51,77,0.0,0.0,35.91999053955078,28.561870574951172,1,0,0.6000000238418579,0,0,1,0,0,8,0,1,0,8,99,1,-3.75,0.0,31.914627075195312,28.40812110900879,1.5,0,22,0.0,0.0,0.0,0,0,0,0,0
1779673778.600504,0,0.3499999940395355,1,0,858,900,423158243,51,77,0.0,0.0,35.91999053955078,28.561870574951172,1,0,0.6000000238418579,0,0,1,0,0,8,0,1,0,8,99,1,-3.75,0.0,31.839628219604492,28.40812110900879,1.5,0,22,0.0,0.0,0.0,0,0,0,0,0
1779673778.6206071,0,0.3499999940395355,1,0,858,900,423158243,51,77,0.0,0.0,35.91999053955078,28.561870574951172,1,0,0.6000000238418579,0,0,1,0,0,8,0,1,0,8,99,1,0.0,0.0,31.80300521850586,28.40812110900879,1.5,0,22,0.0,0.0,0.0,0,0,0,0,0
1779673778.640849,0,0.3499999940395355,1,0,858,900,423158243,51,77,0.0,0.0,35.91999053955078,28.561870574951172,1,0,0.6000000238418579,0,0,1,0,0,8,0,1,0,8,99,1,0.0,0.0,31.80300521850586,28.40812110900879,1.5,0,22,1.0,0.0,0.0,0,0,0,0,0
1779673778.6606655,0,0.3499999940395355,1,0,858,900,423158243,51,77,0.0,0.0,35.91999053955078,28.561870574951172,1,0,0.6000000238418579,0,0,1,0,0,8,0,1,0,8,99,1,0.0,0.0,31.80300521850586,28.40812110900879,1.5,0,22,1.0,0.0,0.0,0,0,0,0,0
1779673778.6808457,0,0.3499999940395355,1,0,858,900,423158243,52,77,22.0,0.0,35.91999053955078,28.561870574951172,1,0,0.6000000238418579,0,0,1,0,0,8,0,1,0,8,99,1,8.300000190734863,0.0,31.887950897216797,28.40812110900879,1.5,0,22,1.0,0.0,0.0,0,0,0,0,0
1779673778.7008035,0,0.3499999940395355,1,0,858,900,423158243,52,77,22.0,0.0,36.359989166259766,28.561870574951172,1,0,0.6000000238418579,0,0,1,0,0,8,0,1,0,8,99,1,8.300000190734863,0.0,32.05394744873047,28.40812110900879,1.5,0,22,1.0,0.0,0.0,0,0,0,0,0
1779673778.720889,0,0.3499999940395355,1,0,858,900,423158243,52,77,22.0,0.0,36.79998779296875,28.561870574951172,1,0,0.6000000238418579,0,0,1,0,0,8,0,1,0,8,99,1,8.300000190734863,0.0,32.219947814941406,28.40812110900879,1.5,0,22,1.0,0.0,0.0,0,0,1,0,0
1779673778.740549,0,0.3499999940395355,0,0,858,900,423158243,52,77,22.0,0.0,37.239986419677734,28.561870574951172,1,0,0.6000000238418579,0,0,1,0,0,8,0,0,0,8,99,1,8.300000190734863,0.0,32.385948181152344,28.40812110900879,1.5,0,22,1.0,0.0,0.0,0,0,1,0,0
1779673778.7607024,0,0.3499999940395355,0,0,858,900,423158243,56,77,0.0,0.0,37.41763687133789,28.561874389648438,1,0,0.6000000238418579,0,0,1,0,0,8,0,0,0,8,99,1,8.300000190734863,0.0,32.552032470703125,28.40812110900879,1.5,0,22,1.0,0.0,0.0,0,0,1,0,0
1779673778.7804725,0,0.3499999940395355,0,0,858,900,423158243,56,77,0.0,0.0,37.41762161254883,28.561874389648438,1,0,0.6000000238418579,0,0,1,0,0,8,0,0,0,8,99,1,8.300000190734863,0.0,32.71794891357422,28.40812110900879,1.5,0,22,1.0,0.0,0.0,0,0,1,0,0
1779673778.8008075,0,0.3499999940395355,1,0,858,900,423158243,56,77,0.0,0.0,37.4176139831543,28.561874389648438,0,0,0.6000000238418579,0,0,1,0,0,8,0,1,0,8,99,1,8.300000190734863,0.0,32.883949279785156,28.40812110900879,1.5,0,22,1.0,0.0,0.0,0,0,1,0,0
1779673778.8207157,0,0.3499999940395355,1,0,858,900,423158243,56,77,0.0,0.0,37.417606353759766,28.561874389648438,0,0,0.6000000238418579,0,0,1,0,0,8,0,1,0,8,99,1,8.300000190734863,0.0,33.049949645996094,28.40812110900879,1.5,0,22,1.0,0.0,0.0,0,0,1,0,0
1779673778.8406038,0,0.3499999940395355,1,0,858,900,423158243,56,77,0.0,0.0,37.417606353759766,28.561874389648438,0,0,0.6000000238418579,0,0,1,0,0,8,0,1,0,8,99,1,8.300000190734863,0.0,33.215946197509766,28.40812110900879,1.5,0,22,1.0,0.0,0.0,0,0,0,0,0
1779673778.8604603,0,0.3499999940395355,1,0,858,900,423158243,56,77,0.0,0.0,37.417606353759766,28.561874389648438,0,0,0.6000000238418579,0,0,1,0,0,8,0,1,0,8,99,1,8.300000190734863,0.0,33.3819465637207,28.40812110900879,1.5,0,22,1.0,0.0,0.0,0,0,0,0,0
1779673778.8807454,0,0.3499999940395355,1,0,858,900,423158243,56,77,0.0,0.0,37.417606353759766,28.561874389648438,0,0,0.6000000238418579,0,0,1,0,0,8,0,1,0,8,99,1,8.300000190734863,0.0,33.54794692993164,28.40812110900879,1.5,0,22,1.0,0.0,0.0,0,0,0,0,0
1779673778.900705,0,0.3499999940395355,1,0,837,900,423158243,56,77,0.0,0.0,37.417606353759766,28.561874389648438,1,0,0.6000000238418579,0,0,1,0,0,8,0,1,0,8,99,1,-3.75,0.0,33.71394348144531,28.40812110900879,1.5,0,33,1.0,0.0,0.0,0,0,0,0,0
1779673778.9207644,0,0.3499999940395355,1,0,837,900,423158243,56,77,0.0,0.0,37.423744201660156,28.561874389648438,1,0,0.6000000238418579,0,0,1,0,0,8,0,1,0,8,99,1,-3.75,0.0,33.75663757324219,28.40812110900879,1.5,0,33,1.0,0.0,0.0,0,0,0,0,0
1779673778.9404092,0,0.3499999940395355,1,0,837,900,423158243,56,77,0.0,0.0,37.421531677246094,28.561874389648438,1,0,0.6000000238418579,0,0,1,0,0,8,0,1,0,8,99,1,-3.75,0.0,33.68163299560547,28.40812110900879,1.5,0,33,1.0,0.0,0.0,0,0,0,0,0
1779673778.960732,0,0.3499999940395355,1,0,837,900,423158243,56,77,0.0,0.0,37.42011642456055,28.561874389648438,1,0,0.6000000238418579,0,0,1,0,0,8,0,1,0,8,99,1,-3.75,0.0,33.60663604736328,28.40812110900879,1.5,0,33,1.0,0.0,0.0,0,0,0,0,0
1779673778.9803355,0,0.3499999940395355,1,0,837,900,423158243,56,77,0.0,0.0,37.41920852661133,28.561874389648438,1,0,0.6000000238418579,0,0,1,0,0,8,0,1,0,8,99,1,-3.75,0.0,33.53163528442383,28.40812110900879,1.5,0,33,1.0,0.0,0.0,0,0,0,0,0
1779673779.0006673,0,0.3499999940395355,1,0,837,900,423158243,7,77,0.0,0.0,37.41862869262695,28.561874389648438,1,0,0.6000000238418579,0,0,1,0,0,8,0,1,0,8,99,1,-3.75,0.0,33.456634521484375,28.40812110900879,1.5,0,33,1.0,0.0,0.0,0,0,0,0,0
1779673779.0203807,0,0.3499999940395355,1,0,837,900,423158243,7,77,0.0,0.0,37.41825866699219,28.561874389648438,1,0,0.6000000238418579,0,0,1,0,0,8,0,1,0,8,99,1,-3.75,0.0,33.381629943847656,28.40812110900879,1.5,0,33,1.0,0.0,0.0,0,0,0,0,0
1779673779.0407856,0,0.3499999940395355,1,0,837,900,423158243,7,77,0.0,0.0,37.41801834106445,28.561874389648438,1,0,0.6000000238418579,0,0,1,0,0,8,0,1,0,8,99,1,-3.75,0.0,33.30663299560547,28.40812110900879,1.5,0,33,1.0,0.0,0.0,0,0,0,0,0
1779673779.060443,0,0.3499999940395355,1,0,837,900,423158243,7,77,0.0,0.0,37.41786575317383,28.561874389648438,1,0,0.6000000238418579,0,0,1,0,0,8,0,1,0,8,99,1,-3.75,0.0,33.231632232666016,28.40812110900879,1.5,0,33,1.0,0.0,0.0,0,0,0,0,0
1779673779.081066,0,0.3499999940395355,1,0,837,900,423158243,7,77,0.0,0.0,37.41777038574219,28.561874389648438,1,0,0.6000000238418579,0,0,1,0,0,8,0,1,0,8,99,1,-3.75,0.0,33.15663146972656,28.40812110900879,1.5,0,33,1.0,0.0,0.0,0,0,0,0,0
1779673779.1005855,0,0.3499999940395355,1,0,837,900,423158243,7,77,0.0,0.0,37.41770935058594,28.561874389648438,1,0,0.6000000238418579,0,0,1,0,0,8,0,1,0,8,99,1,8.300000190734863,0.0,33.20492935180664,28.40812110900879,1.5,0,33,1.0,0.0,0.0,0,0,0,0,0
1779673779.1205733,0,0.3499999940395355,1,0,837,900,423158243,7,77,0.0,0.0,37.417667388916016,28.561874389648438,1,0,0.6000000238418579,0,0,1,0,0,8,0,1,0,8,99,1,8.300000190734863,0.0,33.37092971801758,28.40812110900879,1.5,0,33,0.0,0.0,0.0,0,0,0,0,0
1779673779.140368,0,0.3499999940395355,1,0,837,900,423158243,7,77,0.0,0.0,37.417640686035156,28.561874389648438,1,0,0.6000000238418579,0,0,1,0,0,8,0,1,0,8,99,1,8.300000190734863,0.0,33.536930084228516,28.40812110900879,1.5,0,33,0.0,0.0,0.0,0,0,1,0,0
1779673779.1621428,0,0.3499999940395355,0,0,837,900,423158243,7,77,0.0,0.0,37.417625427246094,28.561874389648438,1,0,0.6000000238418579,0,0,1,0,0,8,0,0,0,8,99,1,0.0,0.0,33.618003845214844,28.40812110900879,1.5,0,33,0.0,0.0,0.0,0,0,1,0,0
1779673779.180814,0,0.3499999940395355,0,0,837,900,423158243,7,77,0.0,0.0,37.41761779785156,28.561874389648438,1,0,0.6000000238418579,0,0,1,0,0,8,0,0,0,8,99,1,0.0,0.0,33.618003845214844,28.40812110900879,1.5,0,33,0.0,0.0,0.0,0,0,1,0,0
1779673779.2012882,0,0.3499999940395355,1,0,837,900,423158243,7,77,0.0,0.0,37.41761016845703,28.561874389648438,0,0,0.6000000238418579,0,0,1,0,0,8,0,1,0,8,99,1,0.0,0.0,33.618003845214844,28.40812110900879,1.5,0,33,0.0,0.0,0.0,0,0,1,0,0
1779673779.2205064,0,0.3499999940395355,1,0,837,900,423158243,7,77,0.0,0.0,37.417606353759766,28.561874389648438,0,0,0.6000000238418579,0,0,1,0,0,8,0,1,0,8,99,1,0.0,0.0,33.618003845214844,28.40812110900879,1.5,0,33,0.0,0.0,0.0,0,0,1,0,0
1779673779.2403183,0,0.3499999940395355,1,0,837,900,423158243,7,77,0.0,0.0,37.417606353759766,28.561874389648438,0,0,0.6000000238418579,0,0,1,0,0,8,0,1,0,8,99,1,0.0,0.0,33.618003845214844,28.40812110900879,1.5,0,33,0.0,0.0,0.0,0,0,0,0,0
1779673779.2606432,0,0.3499999940395355,1,0,837,900,423158243,7,77,0.0,0.0,37.417606353759766,28.561874389648438,0,0,0.6000000238418579,0,0,1,0,0,8,0,1,0,8,99,1,0.0,0.0,33.618003845214844,28.40812110900879,1.5,0,33,0.0,0.0,0.0,0,0,0,0,0
1779673779.280711,0,0.3499999940395355,1,0,837,900,423158243,7,77,0.0,0.0,37.417606353759766,28.561874389648438,0,0,0.6000000238418579,0,0,1,0,0,8,0,1,0,8,99,1,0.0,0.0,33.618003845214844,28.40812110900879,1.5,0,33,0.0,0.0,0.0,0,0,0,0,0
1779673779.3004875,0,0.3499999940395355,1,0,837,900,423158243,7,77,0.0,0.0,37.417606353759766,28.561874389648438,0,0,0.6000000238418579,0,0,1,0,0,8,0,1,0,8,99,1,0.0,0.0,33.618003845214844,28.40812110900879,1.5,0,33,0.0,0.0,0.0,0,0,0,0,0
1779673779.3207052,0,0.3499999940395355,1,0,837,900,423158243,7,77,0.0,0.0,37.417606353759766,28.561874389648438,1,0,0.6000000238418579,0,0,1,0,0,8,0,1,0,8,99,1,0.0,0.0,33.618003845214844,28.40812110900879,1.5,0,33,0.0,0.0,0.0,0,0,0,0,0
1779673779.3403165,0,0.3499999940395355,1,0,837,900,423158243,10,77,-19.079235076904297,41.0,37.417606353759766,28.561874389648438,1,0,0.6000000238418579,0,0,1,0,0,8,0,1,0,8,99,1,0.0,0.0,33.618003845214844,28.40812110900879,1.5,0,33,0.0,0.0,0.0,0,0,0,0,0
1779673779.360619,0,0.3499999940395355,1,0,837,900,423158243,10,77,-19.079235076904297,39.20000076293945,37.0360221862793,29.345874786376953,1,0,0.6000000238418579,0,0,1,0,0,8,0,1,0,8,99,1,0.0,0.0,33.618003845214844,28.40812110900879,1.5,0,33,0.0,0.0,0.0,0,0,0,0,0
1779673779.3805873,0,0.3499999940395355,1,0,837,900,423158243,10,77,-19.079235076904297,37.400001525878906,36.65443801879883,30.093873977661133,1,0,0.6000000238418579,0,0,1,0,0,8,0,1,0,8,99,1,0.0,0.0,33.618003845214844,28.40812110900879,1.5,0,33,0.0,0.0,0.0,0,0,0,0,0
1779673779.400519,0,0.3499999940395355,1,0,837,900,423158243,10,77,-19.079235076904297,35.60000228881836,36.27285385131836,30.80587387084961,1,0,0.6000000238418579,0,0,1,0,0,8,0,1,0,8,99,1,0.0,0.0,33.618003845214844,28.40812110900879,1.5,0,33,0.0,0.0,0.0,0,0,0,0,0
1779673779.4206333,0,0.3499999940395355,1,0,837,900,423158243,10,77,-19.079235076904297,33.80000305175781,35.89126968383789,31.481874465942383,1,0,0.6000000238418579,0,0,1,0,0,8,0,1,0,8,99,1,0.0,0.0,33.618003845214844,28.40812110900879,1.5,0,33,0.0,0.0,0.0,0,0,0,0,0
1779673779.4407482,0,0.3499999940395355,1,0,837,900,423158243,10,77,-19.079235076904297,32.000003814697266,35.50968551635742,32.12187194824219,1,0,0.6000000238418579,0,0,1,0,0,8,0,1,0,8,99,1,0.0,0.0,33.618003845214844,28.40812110900879,1.5,0,33,0.0,0.0,0.0,0,0,0,0,0
1779673779.4606118,0,0.3499999940395355,1,0,837,900,423158243,10,77,-19.079235076904297,30.20000457763672,35.12810134887695,32.72587203979492,1,0,0.6000000238418579,0,0,1,0,0,8,0,1,0,8,99,1,0.0,0.0,33.618003845214844,28.40812110900879,1.5,0,33,0.0,0.0,0.0,0,0,0,0,0
1779673779.4805148,0,0.3499999940395355,1,0,837,900,423158243,10,77,-19.079235076904297,28.400005340576172,34.746517181396484,33.29387283325195,1,0,0.6000000238418579,0,0,1,0,0,8,0,1,0,8,99,1,0.0,0.0,33.618003845214844,28.40812110900879,1.5,0,33,0.0,0.0,0.0,0,0,0,0,0
1779673779.5005615,0,0.3499999940395355,1,0,837,900,423158243,10,77,-19.079235076904297,26.600006103515625,34.364933013916016,33.82587432861328,1,0,0.6000000238418579,0,0,1,0,0,8,0,1,0,8,99,1,0.0,0.0,33.618003845214844,28.40812110900879,1.5,0,33,0.0,0.0,0.0,0,0,0,0,0
1779673779.5210388,0,0.3499999940395355,1,0,837,900,423158243,10,77,-19.079235076904297,24.800006866455078,33.98334884643555,34.32187271118164,1,0,0.6000000238418579,0,0,1,0,0,8,0,1,0,8,99,1,0.0,0.0,33.618003845214844,28.40812110900879,1.5,0,33,0.0,0.0,0.0,0,0,0,0,0
1779673779.540513,0,0.3499999940395355,1,0,837,900,423158243,10,77,-19.079235076904297,23.00000762939453,33.60176467895508,34.7818717956543,1,0,0.6000000238418579,0,0,1,0,0,8,0,1,0,8,99,1,0.0,0.0,33.618003845214844,28.40812110900879,1.5,0,33,0.0,0.0,0.0,0,0,0,0,0
1779673779.5609188,0,0.3499999940395355,0,0,837,900,423158243,10,77,-19.079235076904297,21.200008392333984,33.22018051147461,35.20587158203125,1,0,0.6000000238418579,0,0,1,0,0,8,0,0,0,8,99,1,0.0,0.0,33.618003845214844,28.40812110900879,1.5,0,33,0.0,0.0,0.0,0,0,0,0,0
1779673779.580745,0,0.3499999940395355,0,0,837,900,423158243,10,77,-19.079235076904297,19.400009155273438,32.83859634399414,35.5938720703125,1,0,0.6000000238418579,0,0,1,0,0,8,0,0,0,8,99,1,0.0,0.0,33.618003845214844,28.40812110900879,1.5,0,33,0.0,0.0,0.0,0,0,0,0,0
1779673779.6010525,0,0.3499999940395355,0,0,837,900,423158243,10,77,-19.079235076904297,17.60000991821289,32.45701217651367,35.94587326049805,1,0,0.6000000238418579,0,0,1,0,0,8,0,0,0,8,99,1,0.0,0.0,33.618003845214844,28.40812110900879,1.5,0,33,0.0,0.0,0.0,0,0,0,0,0
1779673779.62059,0,0.3499999940395355,0,0,837,900,423158243,10,77,-19.079235076904297,15.800010681152344,32.0754280090332,36.26187515258789,1,0,0.6000000238418579,0,0,1,0,0,8,0,0,0,8,99,1,0.0,0.0,33.618003845214844,28.40812110900879,1.5,0,33,0.0,0.0,0.0,0,0,0,0,0
1779673779.640723,0,0.3499999940395355,0,0,837,900,423158243,10,77,-19.079235076904297,14.000011444091797,31.693843841552734,36.541873931884766,1,0,0.6000000238418579,0,0,1,0,0,8,0,0,0,8,99,1,0.0,0.0,33.618003845214844,28.40812110900879,1.5,0,33,0.0,0.0,0.0,0,0,0,0,0
1779673779.660903,0,0.3499999940395355,0,0,837,900,423158243,10,77,-19.079235076904297,12.20001220703125,31.312259674072266,36.78587341308594,1,0,0.6000000238418579,0,0,1,0,0,8,0,0,0,8,99,1,0.0,0.0,33.618003845214844,28.40812110900879,1.5,0,33,0.0,0.0,0.0,0,0,0,0,0
1779673779.6804214,0,0.3499999940395355,0,0,837,900,423158243,10,77,-19.079235076904297,10.400012969970703,30.930675506591797,36.993873596191406,1,0,0.6000000238418579,0,0,1,0,0,8,0,0,0,8,99,1,0.0,0.0,33.618003845214844,28.40812110900879,1.5,0,33,0.0,0.0,0.0,0,0,0,0,0
1779673779.7004516,0,0.3499999940395355,0,0,837,900,423158243,10,77,-19.079235076904297,8.600013732910156,30.549091339111328,37.16587448120117,1,0,0.6000000238418579,0,0,1,0,0,8,0,0,0,8,99,1,0.0,0.0,33.618003845214844,28.40812110900879,1.5,0,33,1.0,0.0,0.0,0,0,0,0,0
1779673779.720827,0,0.3499999940395355,0,0,837,900,423158243,14,77,-0.0,0.0,30.16750717163086,37.301876068115234,1,0,0.6000000238418579,0,0,1,0,0,8,0,0,0,8,99,1,0.0,0.0,33.618003845214844,28.40812110900879,1.5,0,33,1.0,0.0,0.0,0,0,0,0,0
1779673779.7405953,0,0.3499999940395355,0,0,837,900,423158243,14,77,0.0,0.0,30.16750717163086,37.301876068115234,1,0,0.6000000238418579,0,0,1,0,0,8,0,0,0,8,99,1,0.0,0.0,33.618003845214844,28.40812110900879,1.5,0,33,1.0,0.0,0.0,0,0,0,0,0
1779673779.7607324,0,0.3499999940395355,0,0,837,900,423158243,14,77,0.0,0.0,30.16750717163086,37.301876068115234,1,0,0.6000000238418579,0,0,1,0,0,8,0,0,0,8,99,1,8.300000190734863,0.0,33.702911376953125,28.40812110900879,1.5,0,33,1.0,0.0,0.0,0,0,0,0,0
1779673779.780696,0,0.3499999940395355,0,0,837,900,423158243,14,77,0.0,0.0,30.16750717163086,37.301876068115234,1,0,0.6000000238418579,0,0,1,0,0,8,0,0,0,8,99,1,8.300000190734863,0.0,33.86891174316406,28.40812110900879,1.5,0,33,1.0,0.0,0.0,0,0,0,0,0
1779673779.80081,0,0.3499999940395355,0,0,837,900,423158243,14,77,0.0,0.0,30.16750717163086,37.301876068115234,1,0,0.6000000238418579,0,0,1,0,0,8,0,0,0,8,99,1,8.300000190734863,0.0,34.034912109375,28.40812110900879,1.5,0,33,1.0,0.0,0.0,0,0,0,0,0
1779673779.8207364,0,0.3499999940395355,0,0,837,900,423158243,14,77,0.0,0.0,30.16750717163086,37.301876068115234,1,0,0.6000000238418579,0,0,1,0,0,8,0,0,0,8,99,1,8.300000190734863,0.0,34.20091247558594,28.40812110900879,1.5,0,33,0.0,0.0,0.0,0,0,0,0,0
1779673779.8405535,0,0.3499999940395355,0,0,837,900,423158243,14,77,0.0,0.0,30.16750717163086,37.301876068115234,1,0,0.6000000238418579,0,0,1,0,0,8,0,0,0,8,99,1,8.300000190734863,0.0,34.366912841796875,28.40812110900879,1.5,0,33,0.0,0.0,0.0,0,0,0,0,0
1779673779.8604586,0,0.3499999940395355,0,0,837,900,423158243,14,77,0.0,0.0,30.16750717163086,37.301876068115234,1,0,0.6000000238418579,0,0,1,0,0,8,0,0,0,8,99,1,0.0,0.0,34.44800567626953,28.40812110900879,1.5,0,33,0.0,0.0,0.0,0,0,0,0,0
1779673779.8803582,0,0.3499999940395355,0,0,837,900,423158243,14,77,0.0,0.0,30.16750717163086,37.301876068115234,1,0,0.6000000238418579,0,0,1,0,0,8,0,0,0,8,99,1,0.0,0.0,34.44800567626953,28.40812110900879,1.5,0,33,0.0,0.0,0.0,0,0,0,0,0
1779673779.9005466,0,0.3499999940395355,0,0,837,900,423158243,14,77,0.0,0.0,30.16750717163086,37.301876068115234,1,0,0.6000000238418579,0,0,1,0,0,8,0,0,0,8,99,1,0.0,0.0,34.44800567626953,28.40812110900879,1.5,0,33,0.0,0.0,0.0,0,0,0,0,0
1779673779.9205484,0,0.3499999940395355,0,0,837,900,423158243,14,77,0.0,0.0,30.16750717163086,37.301876068115234,1,0,0.6000000238418579,0,0,1,0,0,8,0,0,0,8,99,1,0.0,0.0,34.44800567626953,28.40812110900879,1.5,0,33,0.0,0.0,0.0,0,0,0,0,0
1779673779.9405284,0,0.3499999940395355,0,0,837,900,423158243,14,77,0.0,0.0,30.16750717163086,37.301876068115234,1,0,0.6000000238418579,0,0,1,0,0,8,0,0,0,8,99,1,0.0,0.0,34.44800567626953,28.40812110900879,1.5,0,33,0.0,0.0,0.0,0,0,0,0,0
1779673779.9606361,0,0.3499999940395355,0,0,837,900,423158243,14,77,0.0,0.0,30.16750717163086,37.301876068115234,1,0,0.6000000238418579,0,0,1,0,0,8,0,0,0,8,99,1,0.0,0.0,34.44800567626953,28.40812110900879,1.5,0,33,0.0,0.0,0.0,0,0,0,0,0
1779673779.9803863,0,0.3499999940395355,0,0,837,900,423158243,14,77,0.0,0.0,30.16750717163086,37.301876068115234,1,0,0.6000000238418579,0,0,1,0,0,8,0,0,0,8,99,1,0.0,0.0,34.44800567626953,28.40812110900879,1.5,0,33,0.0,0.0,0.0,0,0,0,0,0
1779673780.000757,0,0.3499999940395355,0,0,837,900,423158243,14,77,0.0,0.0,30.16750717163086,37.301876068115234,1,0,0.6000000238418579,0,0,1,0,0,8,0,0,0,8,99,1,0.0,0.0,34.44800567626953,28.40812110900879,1.5,0,33,0.0,0.0,0.0,0,0,0,0,0
1779673780.0203393,0,0.3499999940395355,0,0,837,900,423158243,14,77,0.0,0.0,30.16750717163086,37.301876068115234,1,0,0.6000000238418579,0,0,1,0,0,8,0,0,0,8,99,1,0.0,0.0,34.44800567626953,28.40812110900879,1.5,0,33,0.0,0.0,0.0,0,0,0,0,0
1779673780.0404956,0,0.3499999940395355,0,0,837,900,423158243,14,77,0.0,0.0,30.16750717163086,37.301876068115234,1,0,0.6000000238418579,0,0,1,0,0,8,0,0,0,8,99,1,0.0,0.0,34.44800567626953,28.40812110900879,1.5,0,33,0.0,0.0,0.0,0,0,0,0,0
1779673780.0605297,0,0.3499999940395355,0,0,837,900,423158243,14,77,0.0,0.0,30.16750717163086,37.301876068115234,1,0,0.6000000238418579,0,0,1,0,0,8,0,0,0,8,99,1,0.0,0.0,34.44800567626953,28.40812110900879,1.5,0,33,0.0,0.0,0.0,0,0,0,0,0
1779673780.080536,0,0.3499999940395355,0,0,837,900,423158243,14,77,0.0,0.0,30.16750717163086,37.301876068115234,1,0,0.6000000238418579,0,0,1,0,0,8,0,0,0,8,99,1,0.0,0.0,34.44800567626953,28.40812110900879,1.5,0,33,0.0,0.0,0.0,0,0,0,0,0
1779673780.1007104,0,0.3499999940395355,0,0,837,900,423158243,14,77,0.0,0.0,30.16750717163086,37.301876068115234,1,0,0.6000000238418579,0,0,1,0,0,8,0,0,0,8,99,1,0.0,0.0,34.44800567626953,28.40812110900879,1.5,0,33,1.0,0.0,0.0,0,0,0,0,0
1779673780.1206303,0,0.3499999940395355,0,0,837,900,423158243,14,77,0.0,0.0,30.16750717163086,37.301876068115234,1,0,0.6000000238418579,0,0,1,0,0,8,0,0,0,8,99,1,0.0,0.0,34.44800567626953,28.40812110900879,1.5,0,33,1.0,0.0,0.0,0,0,0,0,0
1779673780.1403685,0,0.3499999940395355,0,0,837,900,423158243,14,77,0.0,0.0,30.16750717163086,37.301876068115234,1,0,0.6000000238418579,0,0,1,0,0,8,0,0,0,8,99,1,8.300000190734863,0.0,34.53290557861328,28.40812110900879,1.5,0,33,1.0,0.0,0.0,0,0,0,0,0
1779673780.160704,0,0.3499999940395355,0,0,837,900,423158243,14,77,0.0,0.0,30.16750717163086,37.301876068115234,1,0,0.6000000238418579,0,0,1,0,0,8,0,0,0,8,99,1,8.300000190734863,0.0,34.69898986816406,28.40812110900879,1.5,0,33,1.0,0.0,0.0,0,0,0,0,0
1779673780.180627,0,0.3499999940395355,0,0,837,900,423158243,15,77,10.343807220458984,-28.160356521606445,30.16750717163086,37.301876068115234,1,0,0.6000000238418579,0,0,1,0,0,8,0,0,0,8,99,1,8.300000190734863,0.0,34.86498260498047,28.40812110900879,1.5,0,33,1.0,0.0,0.0,0,0,0,0,0
1779673780.2008266,0,0.3499999940395355,0,0,837,900,423158243,15,77,10.343807220458984,-28.160356521606445,30.3743839263916,36.738670349121094,1,0,0.6000000238418579,0,0,1,0,0,8,0,0,0,8,99,1,8.300000190734863,0.0,35.03090286254883,28.40812110900879,1.5,0,33,1.0,0.0,0.0,0,0,0,0,0
1779673780.2207053,0,0.3499999940395355,0,0,837,900,423158243,15,77,10.343807220458984,-28.160356521606445,30.581260681152344,36.17546463012695,1,0,0.6000000238418579,0,0,1,0,0,8,0,0,0,8,99,1,8.300000190734863,0.0,35.1968994140625,28.40812110900879,1.5,0,33,1.0,0.0,0.0,0,0,0,0,0
1779673780.2405894,0,0.3499999940395355,0,0,837,900,423158243,15,77,10.343807220458984,-28.160356521606445,30.788137435913086,35.61225891113281,1,0,0.6000000238418579,0,0,1,0,0,8,0,0,0,8,99,1,8.300000190734863,0.0,35.36289978027344,28.40812110900879,1.5,0,33,1.0,0.0,0.0,0,0,0,0,0
1779673780.2610834,0,0.3499999940395355,0,0,837,900,423158243,15,77,10.343807220458984,-28.160356521606445,30.995014190673828,35.04905319213867,1,0,0.6000000238418579,0,0,1,0,0,8,0,0,0,8,99,1,8.300000190734863,0.0,35.528900146484375,28.40812110900879,1.5,0,33,1.0,0.0,0.0,0,0,0,0,0
1779673780.28106,0,0.3499999940395355,0,0,837,900,423158243,15,77,10.343807220458984,-28.160356521606445,31.20189094543457,34.48584747314453,1,0,0.6000000238418579,0,0,1,0,0,8,0,0,0,8,99,1,8.300000190734863,0.0,35.69490432739258,28.40812110900879,1.5,0,33,1.0,0.0,0.0,0,0,0,0,0
1779673780.300621,0,0.3499999940395355,0,0,837,900,423158243,15,77,10.343807220458984,-28.160356521606445,31.408767700195312,33.92264175415039,1,0,0.6000000238418579,0,0,1,0,0,8,0,0,0,8,99,1,8.300000190734863,0.0,35.86090087890625,28.40812110900879,1.5,0,33,1.0,0.0,0.0,0,0,0,0,0
1779673780.3207207,0,0.3499999940395355,0,0,837,900,423158243,15,77,10.343807220458984,-28.160356521606445,31.615644454956055,33.35943603515625,1,0,0.6000000238418579,0,0,1,0,0,8,0,0,0,8,99,1,8.300000190734863,0.0,36.02690124511719,28.40812110900879,1.5,0,33,1.0,0.0,0.0,0,0,0,0,0
1779673780.340575,0,0.3499999940395355,0,0,837,900,423158243,15,77,10.343807220458984,-28.160356521606445,31.822521209716797,32.79623031616211,1,0,0.6000000238418579,0,0,1,0,0,8,0,0,0,8,99,1,8.300000190734863,0.0,36.192901611328125,28.40812110900879,1.5,0,33,1.0,0.0,0.0,0,0,0,0,0
1779673780.3607566,0,0.3499999940395355,0,0,837,900,423158243,15,77,10.343807220458984,-28.160356521606445,32.029396057128906,32.23302459716797,1,0,0.6000000238418579,0,0,1,0,0,8,0,0,0,8,99,1,8.300000190734863,0.0,36.3588981628418,28.40812110900879,1.5,0,33,1.0,0.0,0.0,0,0,0,0,0
1779673780.3804004,0,0.3499999940395355,0,0,837,900,423158243,15,77,10.343807220458984,-28.160356521606445,32.236270904541016,31.669816970825195,1,0,0.6000000238418579,0,0,1,0,0,8,0,0,0,8,99,1,8.300000190734863,0.0,36.52490234375,28.40812110900879,1.5,0,33,1.0,0.0,0.0,0,0,0,0,0
1779673780.401354,0,0.3499999940395355,0,0,837,900,423158243,15,77,10.343807220458984,-28.160356521606445,32.443145751953125,31.106609344482422,1,0,0.6000000238418579,0,0,1,0,0,8,0,0,0,8,99,1,8.300000190734863,0.0,36.69089889526367,28.40812110900879,1.5,0,33,1.0,0.0,0.0,0,0,0,0,0
1779673780.420538,0,0.3499999940395355,0,0,837,900,423158243,15,77,10.343807220458984,-28.160356521606445,32.650020599365234,30.54340171813965,1,0,0.6000000238418579,0,0,1,0,0,8,0,0,0,8,99,1,8.300000190734863,0.0,36.856895446777344,28.40812110900879,1.5,0,33,1.0,0.0,0.0,0,0,0,0,0
1779673780.440629,0,0.3499999940395355,0,0,837,900,423158243,15,77,10.343807220458984,-28.160356521606445,32.856895446777344,29.980194091796875,1,0,0.6000000238418579,0,0,1,0,0,8,0,0,0,8,99,1,8.300000190734863,0.0,37.022979736328125,28.40812110900879,1.5,0,33,1.0,0.0,0.0,0,0,0,0,0
1779673780.460634,0,0.3499999940395355,0,0,837,900,423158243,15,77,10.343807220458984,-28.160356521606445,33.06377029418945,29.4169864654541,1,0,0.6000000238418579,0,0,1,0,0,8,0,0,0,8,99,1,8.300000190734863,0.0,37.188899993896484,28.40812110900879,1.5,0,33,1.0,0.0,0.0,0,0,0,0,0
1779673780.48044,0,0.3499999940395355,0,0,837,900,423158243,15,77,10.343807220458984,-28.160356521606445,33.27064514160156,28.853778839111328,1,0,0.6000000238418579,0,0,1,0,0,8,0,0,0,8,99,1,8.300000190734863,0.0,37.354896545410156,28.40812110900879,1.5,0,33,1.0,0.0,0.0,0,0,0,0,0
1779673780.5003328,0,0.3499999940395355,0,0,837,900,423158243,15,77,10.343807220458984,-28.160356521606445,33.47751998901367,28.290571212768555,1,0,0.6000000238418579,0,0,1,0,0,8,0,0,0,8,99,1,8.300000190734863,0.0,37.520896911621094,28.40812110900879,1.5,0,33,1.0,0.0,0.0,0,0,0,0,0
1779673780.5207973,0,0.3499999940395355,0,0,837,900,423158243,15,77,10.343807220458984,-28.160356521606445,33.68439483642578,27.72736358642578,1,0,0.6000000238418579,0,0,1,0,0,8,0,0,0,8,99,1,1.1368683772161603e-13,0.0,37.66876220703125,28.408123016357422,1.5,0,33,1.0,0.0,0.0,0,0,0,0,0
1779673780.5403905,0,0.3499999940395355,0,0,837,900,423158243,47,77,8.275046348571777,0.0,33.89126968383789,27.549999237060547,1,0,0.6000000238418579,0,0,1,0,0,8,0,0,0,8,99,1,1.1368683772161603e-13,0.0,37.7325325012207,28.408124923706055,1.5,0,33,1.0,0.0,0.0,0,0,0,0,0
1779673780.5609407,0,0.3499999940395355,0,0,837,900,423158243,47,77,6.620037078857422,0.0,34.0236701965332,28.295839309692383,1,0,0.6000000238418579,0,0,1,0,0,8,0,0,0,8,99,1,0.0,0.0,37.732521057128906,28.408124923706055,1.5,0,33,1.0,0.0,0.0,0,0,0,0,0
1779673780.5808113,0,0.3499999940395355,0,0,837,900,423158243,47,77,5.296029567718506,0.0,34.12958908081055,28.492136001586914,1,0,0.6000000238418579,0,0,1,0,0,8,0,0,0,8,99,1,0.0,0.0,37.732513427734375,28.408124923706055,1.5,0,33,0.0,0.0,0.0,0,0,0,0,0
1779673780.6006546,0,0.3499999940395355,0,0,837,900,423158243,47,77,4.236823558807373,0.0,34.214324951171875,28.54359245300293,1,0,0.6000000238418579,0,0,1,0,0,8,0,0,0,8,99,1,0.0,0.0,37.732505798339844,28.408124923706055,1.5,0,33,0.0,0.0,0.0,0,0,0,0,0
1779673780.6205583,0,0.3499999940395355,0,0,837,900,423158243,47,77,3.3894588947296143,0.0,34.2821159362793,28.55708122253418,1,0,0.6000000238418579,0,0,1,0,0,8,0,0,0,8,99,1,-1.1368683772161603e-13,0.0,37.732505798339844,28.408124923706055,1.5,0,33,0.0,0.0,0.0,0,0,0,0,0
1779673780.640358,0,0.3499999940395355,0,0,837,900,423158243,47,77,2.7115671634674072,0.0,34.33634567260742,28.558807373046875,1,0,0.6000000238418579,0,0,1,0,0,8,0,0,0,8,99,1,0.0,0.0,37.732505798339844,28.408124923706055,1.5,0,33,0.0,0.0,0.0,0,0,0,0,0
1779673780.6603358,0,0.3499999940395355,0,0,837,900,423158243,47,77,2.1692538261413574,0.0,34.379730224609375,28.559911727905273,1,0,0.6000000238418579,0,0,1,0,0,8,0,0,0,8,99,1,0.0,0.0,37.732505798339844,28.408124923706055,1.5,0,33,0.0,0.0,0.0,0,0,0,0,0
1779673780.6802907,0,0.3499999940395355,0,0,837,900,423158243,47,77,1.735403060913086,0.0,34.4144401550293,28.560619354248047,1,0,0.6000000238418579,0,0,1,0,0,8,0,0,0,8,99,1,0.0,0.0,37.732505798339844,28.408124923706055,1.5,0,33,0.0,0.0,0.0,0,0,0,0,0
1779673780.700455,0,0.3499999940395355,0,0,837,900,423158243,47,77,1.3883224725723267,0.0,34.44220733642578,28.561071395874023,1,0,0.6000000238418579,0,0,1,0,0,8,0,0,0,8,99,1,0.0,0.0,37.732505798339844,28.408124923706055,1.5,0,33,-1.0,0.0,0.0,0,0,0,0,0
1779673780.720993,0,0.3499999940395355,0,0,837,900,423158243,47,77,1.110658049583435,0.0,34.464420318603516,28.561359405517578,1,0,0.6000000238418579,0,0,1,0,0,8,0,0,0,8,99,1,0.0,0.0,37.732505798339844,28.408124923706055,1.5,0,33,-1.0,0.0,0.0,0,0,0,0,0
1779673780.7403932,0,0.3499999940395355,0,0,837,900,423158243,47,77,0.888526439666748,0.0,34.4821891784668,28.56154441833496,1,0,0.6000000238418579,0,0,0,0,0,8,0,0,0,8,99,1,-8.300000190734863,0.0,37.647544860839844,28.408124923706055,1.5,0,33,-1.0,0.0,0.0,0,0,0,0,0
1779673780.760585,0,0.3499999940395355,0,0,837,900,423158243,47,77,0.7108211517333984,0.0,34.49640655517578,28.561664581298828,1,0,0.6000000238418579,0,0,0,0,0,8,0,0,0,8,99,1,-8.300000190734863,0.0,37.481544494628906,28.408124923706055,1.5,0,33,-1.0,0.0,0.0,0,0,0,0,0
1779673780.7806046,0,0.3499999940395355,0,0,837,900,423158243,47,77,0.5686569213867188,0.0,34.50777816772461,28.56174087524414,1,0,0.6000000238418579,0,0,0,0,0,8,0,0,0,8,99,1,-8.300000190734863,0.0,37.31554412841797,28.408124923706055,1.5,0,33,-1.0,0.0,0.0,0,0,0,0,0
1779673780.8005161,0,0.3499999940395355,0,0,837,900,423158243,47,77,0.454925537109375,0.0,34.516876220703125,28.56178855895996,1,0,0.6000000238418579,0,0,0,0,0,8,0,0,0,8,99,1,-8.300000190734863,0.0,37.1495475769043,28.408124923706055,1.5,0,33,-1.0,0.0,0.0,0,0,0,0,0
1779673780.8205714,0,0.3499999940395355,0,0,837,900,423158243,47,77,0.36394044756889343,0.0,34.52415466308594,28.561819076538086,1,0,0.6000000238418579,0,0,0,0,0,8,0,0,0,8,99,1,-8.300000190734863,0.0,36.983543395996094,28.408124923706055,1.5,0,33,-1.0,0.0,0.0,0,0,0,0,0
1779673780.8404398,0,0.3499999940395355,0,0,837,900,423158243,47,77,0.29115235805511475,0.0,34.52997589111328,28.561840057373047,1,0,0.6000000238418579,0,0,0,0,0,8,0,0,0,8,99,1,-8.300000190734863,0.0,36.81754684448242,28.408124923706055,1.5,0,33,-1.0,0.0,0.0,0,0,0,0,0
1779673780.8606765,0,0.3499999940395355,0,0,837,900,423158243,47,77,0.23292188346385956,0.0,34.53463363647461,28.561853408813477,1,0,0.6000000238418579,0,0,0,0,0,8,0,0,0,8,99,1,-8.300000190734863,0.0,36.65155029296875,28.408124923706055,1.5,0,33,-1.0,0.0,0.0,0,0,0,0,0
1779673780.8806367,0,0.3499999940395355,0,0,837,900,423158243,47,77,0.18633751571178436,0.0,34.538360595703125,28.561861038208008,1,0,0.6000000238418579,0,0,0,0,0,8,0,0,0,8,99,1,-8.300000190734863,0.0,36.48554611206055,28.408124923706055,1.5,0,33,-1.0,0.0,0.0,0,0,1,0,0
1779673780.9004467,0,0.3499999940395355,1,0,837,900,423158243,47,77,0.14907000958919525,0.0,34.541343688964844,28.561864852905273,0,0,0.6000000238418579,0,0,0,0,0,8,0,1,0,8,99,1,-8.300000190734863,0.0,36.31954574584961,28.408124923706055,1.5,0,33,-1.0,0.0,0.0,0,0,1,0,0
1779673780.920752,0,0.3499999940395355,1,0,837,900,423158243,47,77,0.11925601214170456,0.0,34.54372787475586,28.56186866760254,0,0,0.6000000238418579,0,0,0,0,0,8,0,1,0,8,99,1,-8.300000190734863,0.0,36.15354919433594,28.408124923706055,1.5,0,33,-1.0,0.0,0.0,0,0,1,0,0
1779673780.9407122,0,0.3499999940395355,1,0,816,900,423158243,47,77,0.09540481120347977,0.0,34.54563522338867,28.561870574951172,0,0,0.6000000238418579,0,0,0,0,0,8,0,1,0,8,99,1,3.75,0.0,35.987548828125,28.408124923706055,1.5,0,44,-1.0,0.0,0.0,0,0,1,0,0
1779673780.9608397,0,0.3499999940395355,1,0,816,900,423158243,47,77,0.07632385194301605,0.0,34.247161865234375,28.561870574951172,0,0,0.6000000238418579,0,0,0,0,0,8,0,1,0,8,99,1,3.75,0.0,35.94488525390625,28.408124923706055,1.5,0,44,-1.0,0.0,0.0,0,0,1,0,0
1779673780.9806602,0,0.3499999940395355,1,0,816,900,423158243,47,77,0.06105908378958702,0.0,33.94838333129883,28.561870574951172,0,0,0.6000000238418579,0,0,0,0,0,8,0,1,0,8,99,1,3.75,0.0,36.01988220214844,28.408124923706055,1.5,0,44,-1.0,0.0,0.0,0,0,0,0,0
1779673781.0008886,0,0.3499999940395355,1,0,816,900,423158243,47,77,0.048847269266843796,0.0,33.64936065673828,28.561870574951172,0,0,0.6000000238418579,0,0,0,0,0,8,0,1,0,8,99,1,3.75,0.0,36.094879150390625,28.408124923706055,1.5,0,44,-1.0,0.0,0.0,0,0,0,0,0
1779673781.0206027,0,0.3499999940395355,1,0,816,900,423158243,51,77,0.0,0.0,33.35014343261719,28.561870574951172,1,0,0.6000000238418579,0,0,0,0,0,8,0,1,0,8,99,1,3.75,0.0,36.169883728027344,28.408124923706055,1.5,0,44,-1.0,0.0,0.0,0,0,0,0,0
1779673781.0405924,0,0.3499999940395355,1,0,816,900,423158243,51,77,0.0,0.0,33.05014419555664,28.561870574951172,1,0,0.6000000238418579,0,0,0,0,0,8,0,1,0,8,99,1,3.75,0.0,36.24484634399414,28.408124923706055,1.5,0,44,-1.0,0.0,0.0,0,0,0,0,0
1779673781.0604963,0,0.3499999940395355,1,0,816,900,423158243,51,77,0.0,0.0,32.750144958496094,28.561870574951172,1,0,0.6000000238418579,0,0,0,0,0,8,0,1,0,8,99,1,3.75,0.0,36.319881439208984,28.408124923706055,1.5,0,44,-1.0,0.0,0.0,0,0,0,0,0
1779673781.0806856,0,0.3499999940395355,1,0,816,900,423158243,51,77,0.0,0.0,32.45014572143555,28.561870574951172,1,0,0.6000000238418579,0,0,0,0,0,8,0,1,0,8,99,1,3.75,0.0,36.39488220214844,28.408124923706055,1.5,0,44,-1.0,0.0,0.0,0,0,0,0,0
1779673781.1006088,0,0.3499999940395355,1,0,816,900,423158243,51,77,0.0,0.0,32.150146484375,28.561870574951172,1,0,0.6000000238418579,0,0,0,0,0,8,0,1,0,8,99,1,3.75,0.0,36.4698486328125,28.408124923706055,1.5,0,44,-1.0,0.0,0.0,0,0,0,0,0
1779673781.120693,0,0.3499999940395355,1,0,816,900,423158243,51,77,0.0,0.0,32.150146484375,28.561870574951172,1,0,0.6000000238418579,0,0,0,0,0,8,0,1,0,8,99,1,3.75,0.0,36.54484558105469,28.408124923706055,1.5,0,44,-1.0,0.0,0.0,0,0,0,0,0
1779673781.1407995,0,0.3499999940395355,1,0,816,900,423158243,51,77,0.0,0.0,32.150146484375,28.561870574951172,1,0,0.6000000238418579,0,0,0,0,0,8,0,1,0,8,99,1,-8.300000190734863,0.0,36.49665069580078,28.408124923706055,1.5,0,44,-1.0,0.0,0.0,0,0,0,0,0
1779673781.1615274,0,0.3499999940395355,1,0,816,900,423158243,51,77,0.0,0.0,32.150146484375,28.561870574951172,1,0,0.6000000238418579,0,0,0,0,0,8,0,1,0,8,99,1,-8.300000190734863,0.0,36.33065414428711,28.408124923706055,1.5,0,44,-1.0,0.0,0.0,0,0,0,0,0
1779673781.180478,0,0.3499999940395355,1,0,816,900,423158243,51,77,0.0,0.0,32.150146484375,28.561870574951172,1,0,0.6000000238418579,0,0,0,0,0,8,0,1,0,8,99,1,-8.300000190734863,0.0,36.164649963378906,28.408124923706055,1.5,0,44,-1.0,0.0,0.0,0,0,0,0,0
1779673781.2005472,0,0.3499999940395355,1,0,816,900,423158243,51,77,0.0,0.0,32.150146484375,28.561870574951172,1,0,0.6000000238418579,0,0,0,0,0,8,0,1,0,8,99,1,-8.300000190734863,0.0,35.99864959716797,28.408124923706055,1.5,0,44,-1.0,0.0,0.0,0,0,0,0,0
1779673781.2206419,0,0.3499999940395355,1,0,816,900,423158243,51,77,0.0,0.0,32.150146484375,28.561870574951172,1,0,0.6000000238418579,0,0,0,0,0,8,0,1,0,8,99,1,-8.300000190734863,0.0,35.83264923095703,28.408124923706055,1.5,0,44,-1.0,0.0,0.0,0,0,0,0,0
1779673781.2408495,0,0.3499999940395355,1,0,816,900,423158243,51,77,0.0,0.0,32.150146484375,28.561870574951172,1,0,0.6000000238418579,0,0,0,0,0,8,0,1,0,8,99,1,-8.300000190734863,0.0,35.666648864746094,28.408124923706055,1.5,0,44,-1.0,0.0,0.0,0,0,0,0,0
1779673781.260723,0,0.3499999940395355,0,0,816,900,423158243,51,77,0.0,0.0,32.150146484375,28.561870574951172,1,0,0.6000000238418579,0,0,0,0,0,8,0,0,0,8,99,1,-8.300000190734863,0.0,35.500648498535156,28.408124923706055,1.5,0,44,-1.0,0.0,0.0,0,0,1,0,0
1779673781.2807665,0,0.3499999940395355,0,0,816,900,423158243,52,77,-22.0,0.0,32.150146484375,28.561870574951172,1,0,0.6000000238418579,0,0,0,0,0,8,0,0,0,8,99,1,-8.300000190734863,0.0,35.334651947021484,28.408124923706055,1.5,0,44,-1.0,0.0,0.0,0,0,1,0,0
1779673781.30108,0,0.3499999940395355,0,0,816,900,423158243,52,77,-22.0,0.0,31.710145950317383,28.561870574951172,1,0,0.6000000238418579,0,0,0,0,0,8,0,0,0,8,99,1,-8.300000190734863,0.0,35.16865539550781,28.408124923706055,1.5,0,44,-1.0,0.0,0.0,0,0,1,0,0
1779673781.320717,0,0.3499999940395355,1,0,816,900,423158243,52,77,-22.0,0.0,31.270145416259766,28.561870574951172,0,0,0.6000000238418579,0,0,0,0,0,8,0,1,0,8,99,1,-8.300000190734863,0.0,35.00257110595703,28.408124923706055,1.5,0,44,-1.0,0.0,0.0,0,0,1,0,0
1779673781.3406117,0,0.3499999940395355,1,0,816,900,423158243,52,77,-22.0,0.0,30.83014488220215,28.561870574951172,0,0,0.6000000238418579,0,0,0,0,0,8,0,1,0,8,99,1,-8.300000190734863,0.0,34.83665084838867,28.408124923706055,1.5,0,44,-1.0,0.0,0.0,0,0,1,0,0
1779673781.3610911,0,0.3499999940395355,1,0,816,900,423158243,52,77,-22.0,0.0,30.39014434814453,28.561870574951172,0,0,0.6000000238418579,0,0,0,0,0,8,0,1,0,8,99,1,-8.300000190734863,0.0,34.670570373535156,28.408124923706055,1.5,0,44,-1.0,0.0,0.0,0,0,1,0,0
1779673781.3807287,0,0.3499999940395355,1,0,816,900,423158243,52,77,-22.0,0.0,29.950143814086914,28.561870574951172,0,0,0.6000000238418579,0,0,0,0,0,8,0,1,0,8,99,1,-8.300000190734863,0.0,34.504573822021484,28.408124923706055,1.5,0,44,-1.0,0.0,0.0,0,0,1,0,0
1779673781.4011009,0,0.3499999940395355,1,0,816,900,423158243,52,77,-22.0,0.0,29.510143280029297,28.561870574951172,0,0,0.6000000238418579,0,0,0,0,0,8,0,1,0,8,99,1,-8.300000190734863,0.0,34.33857345581055,28.408124923706055,1.5,0,44,-1.0,0.0,0.0,0,0,0,0,0
1779673781.421081,0,0.3499999940395355,1,0,816,900,423158243,52,77,-22.0,0.0,29.07014274597168,28.561870574951172,0,0,0.6000000238418579,0,0,0,0,0,8,0,1,0,8,99,1,-8.300000190734863,0.0,34.172576904296875,28.408124923706055,1.5,0,44,-1.0,0.0,0.0,0,0,0,0,0
1779673781.4408083,0,0.3499999940395355,1,0,816,900,423158243,52,77,-22.0,0.0,28.630142211914062,28.561870574951172,1,0,0.6000000238418579,0,0,0,0,0,8,0,1,0,8,99,1,-8.300000190734863,0.0,34.00657653808594,28.408124923706055,1.5,0,44,-1.0,0.0,0.0,0,0,0,0,0
1779673781.4605894,0,0.3499999940395355,1,0,816,900,423158243,52,77,-22.0,0.0,28.190141677856445,28.561870574951172,1,0,0.6000000238418579,0,0,0,0,0,8,0,1,0,8,99,1,-8.300000190734863,0.0,33.840576171875,28.408124923706055,1.5,0,44,-1.0,0.0,0.0,0,0,0,0,0
1779673781.4807072,0,0.3499999940395355,1,0,816,900,423158243,52,77,-22.0,0.0,27.750141143798828,28.561870574951172,1,0,0.6000000238418579,0,0,0,0,0,8,0,1,0,8,99,1,-8.300000190734863,0.0,33.67457580566406,28.408124923706055,1.5,0,44,-1.0,0.0,0.0,0,0,0,0,0
1779673781.5005243,0,0.3499999940395355,1,0,816,900,423158243,52,77,-22.0,0.0,27.31014060974121,28.561870574951172,1,0,0.6000000238418579,0,0,0,0,0,8,0,1,0,8,99,1,-8.300000190734863,0.0,33.508575439453125,28.408124923706055,1.5,0,44,-1.0,0.0,0.0,0,0,0,0,0
1779673781.5210872,0,0.3499999940395355,1,0,816,900,423158243,52,77,-22.0,0.0,26.870140075683594,28.561870574951172,1,0,0.6000000238418579,0,0,0,0,0,8,0,1,0,8,99,1,-8.300000190734863,0.0,33.34257888793945,28.408124923706055,1.5,0,44,-1.0,0.0,0.0,0,0,0,0,0
1779673781.5408773,0,0.3499999940395355,1,0,816,900,423158243,56,77,0.0,0.0,26.430139541625977,28.561870574951172,1,0,0.6000000238418579,0,0,0,0,0,8,0,1,0,8,99,1,-8.300000190734863,0.0,33.176658630371094,28.408124923706055,1.5,0,44,-1.0,0.0,0.0,0,0,0,0,0
1779673781.5608125,0,0.3499999940395355,1,0,816,900,423158243,56,77,0.0,0.0,26.430139541625977,28.561870574951172,1,0,0.6000000238418579,0,0,0,0,0,8,0,1,0,8,99,1,-8.300000190734863,0.0,33.01057434082031,28.408124923706055,1.5,0,44,-1.0,0.0,0.0,0,0,0,0,0
1779673781.580532,0,0.3499999940395355,1,0,816,900,423158243,56,77,0.0,0.0,26.430139541625977,28.561870574951172,1,0,0.6000000238418579,0,0,0,0,0,8,0,1,0,8,99,1,-8.300000190734863,0.0,32.84465789794922,28.408124923706055,1.5,0,44,-1.0,0.0,0.0,0,0,0,0,0
1779673781.600964,0,0.3499999940395355,1,0,816,900,423158243,56,77,0.0,0.0,26.430139541625977,28.561870574951172,1,0,0.6000000238418579,0,0,0,0,0,8,0,1,0,8,99,1,-8.300000190734863,0.0,32.67865753173828,28.408124923706055,1.5,0,44,-1.0,0.0,0.0,0,0,0,0,0
1779673781.620792,0,0.3499999940395355,1,0,816,900,423158243,56,77,0.0,0.0,26.430139541625977,28.561870574951172,1,0,0.6000000238418579,0,0,0,0,0,8,0,1,0,8,99,1,-8.300000190734863,0.0,32.51266098022461,28.408124923706055,1.5,0,44,-1.0,0.0,0.0,0,0,0,0,0
1779673781.640773,0,0.3499999940395355,1,0,816,900,423158243,56,77,0.0,0.0,26.430139541625977,28.561870574951172,1,0,0.6000000238418579,0,0,0,0,0,8,0,1,0,8,99,1,-8.300000190734863,0.0,32.346656799316406,28.408124923706055,1.5,0,44,-1.0,0.0,0.0,0,0,0,0,0
1779673781.6605392,0,0.3499999940395355,1,0,816,900,423158243,56,77,0.0,0.0,26.430139541625977,28.561870574951172,1,0,0.6000000238418579,0,0,0,0,0,8,0,1,0,8,99,1,-8.300000190734863,0.0,32.180660247802734,28.408124923706055,1.5,0,44,-1.0,0.0,0.0,0,0,0,0,0
1779673781.6805475,0,0.3499999940395355,0,0,816,900,423158243,56,77,0.0,0.0,26.430139541625977,28.561870574951172,1,0,0.6000000238418579,0,0,0,0,0,8,0,0,0,8,99,1,-8.300000190734863,0.0,32.0146598815918,28.408124923706055,1.5,0,44,-1.0,0.0,0.0,0,0,0,0,0
1779673781.7006493,0,0.3499999940395355,0,0,816,900,423158243,56,77,0.0,0.0,26.430139541625977,28.561870574951172,1,0,0.6000000238418579,0,0,0,0,0,8,0,0,0,8,99,1,-8.300000190734863,0.0,31.848575592041016,28.408124923706055,1.5,0,44,-1.0,0.0,0.0,0,0,0,0,0
1779673781.7206962,0,0.3499999940395355,0,0,816,900,423158243,56,77,0.0,0.0,26.430139541625977,28.561870574951172,1,0,0.6000000238418579,0,0,0,0,0,8,0,0,0,8,99,1,-8.300000190734863,0.0,31.682579040527344,28.408124923706055,1.5,0,44,-1.0,0.0,0.0,0,0,0,0,0
1779673781.7408268,0,0.3499999940395355,0,0,816,900,423158243,56,77,0.0,0.0,26.430139541625977,28.561870574951172,1,0,0.6000000238418579,0,0,0,0,0,8,0,0,0,8,99,1,-8.300000190734863,0.0,31.51665496826172,28.408124923706055,1.5,0,44,-1.0,0.0,0.0,0,0,0,0,0
1779673781.7605157,0,0.3499999940395355,0,0,816,900,423158243,56,77,0.0,0.0,26.430139541625977,28.561870574951172,1,0,0.6000000238418579,0,0,0,0,0,8,0,0,0,8,99,1,-8.300000190734863,0.0,31.350658416748047,28.408124923706055,1.5,0,44,-1.0,0.0,0.0,0,0,0,0,0
1779673781.7808268,0,0.3499999940395355,0,0,816,900,423158243,7,77,0.0,0.0,26.430139541625977,28.561870574951172,1,0,0.6000000238418579,0,0,0,0,0,8,0,0,0,8,99,1,-8.300000190734863,0.0,31.18465805053711,28.408124923706055,1.5,0,44,-1.0,0.0,0.0,0,0,0,0,0
1779673781.8011413,0,0.3499999940395355,0,0,816,900,423158243,7,77,0.0,0.0,26.430139541625977,28.561870574951172,1,0,0.6000000238418579,0,0,0,0,0,8,0,0,0,8,99,1,-8.300000190734863,0.0,31.018657684326172,28.408124923706055,1.5,0,44,-1.0,0.0,0.0,0,0,0,0,0
1779673781.821081,0,0.3499999940395355,0,0,816,900,423158243,7,77,0.0,0.0,26.430139541625977,28.561870574951172,1,0,0.6000000238418579,0,0,0,0,0,8,0,0,0,8,99,1,-8.300000190734863,0.0,30.852664947509766,28.408124923706055,1.5,0,44,-1.0,0.0,0.0,0,0,0,0,0
1779673781.84101,0,0.3499999940395355,0,0,816,900,423158243,7,77,0.0,0.0,26.430139541625977,28.561870574951172,1,0,0.6000000238418579,0,0,0,0,0,8,0,0,0,8,99,1,-8.300000190734863,0.0,30.686664581298828,28.408124923706055,1.5,0,44,-1.0,0.0,0.0,0,0,0,0,0
1779673781.8608513,0,0.3499999940395355,0,0,816,900,423158243,7,77,0.0,0.0,26.430139541625977,28.561870574951172,1,0,0.6000000238418579,0,0,0,0,0,8,0,0,0,8,99,1,-8.300000190734863,0.0,30.52066421508789,28.408124923706055,1.5,0,44,-1.0,0.0,0.0,0,0,0,0,0
1779673781.8809419,0,0.3499999940395355,0,0,816,900,423158243,7,77,0.0,0.0,26.430139541625977,28.561870574951172,1,0,0.6000000238418579,0,0,0,0,0,8,0,0,0,8,99,1,-8.300000190734863,0.0,30.354665756225586,28.408124923706055,1.5,0,44,-1.0,0.0,0.0,0,0,0,0,0
1779673781.9006681,0,0.3499999940395355,0,0,816,900,423158243,7,77,0.0,0.0,26.430139541625977,28.561870574951172,1,0,0.6000000238418579,0,0,0,0,0,8,0,0,0,8,99,1,-8.300000190734863,0.0,30.188669204711914,28.408124923706055,1.5,0,44,-1.0,0.0,0.0,0,0,1,0,0
1779673781.9209547,0,0.3499999940395355,1,0,816,900,423158243,7,77,0.0,0.0,26.430139541625977,28.561870574951172,0,0,0.6000000238418579,0,0,0,0,0,8,0,1,0,8,99,1,-8.300000190734863,0.0,30.02267074584961,28.408124923706055,1.5,0,44,-1.0,0.0,0.0,0,0,1,0,0
1779673781.9404979,0,0.3499999940395355,1,0,816,900,423158243,7,77,0.0,0.0,26.430139541625977,28.561870574951172,0,0,0.6000000238418579,0,0,0,0,0,8,0,1,0,8,99,1,-8.300000190734863,0.0,29.856670379638672,28.408124923706055,1.5,0,44,-1.0,0.0,0.0,0,0,1,0,0
1779673781.9604704,0,0.3499999940395355,1,0,795,900,423158243,7,77,0.0,0.0,26.430139541625977,28.561870574951172,0,0,0.6000000238418579,0,0,0,0,0,8,0,1,0,8,99,1,3.75,0.0,29.690673828125,28.408124923706055,1.5,0,55,-1.0,0.0,0.0,0,0,1,0,0
1779673781.9803782,0,0.3499999940395355,1,0,795,900,423158243,7,77,0.0,0.0,26.13014030456543,28.561870574951172,0,0,0.6000000238418579,0,0,0,0,0,8,0,1,0,8,99,1,3.75,0.0,29.647815704345703,28.408124923706055,1.5,0,55,-1.0,0.0,0.0,0,0,1,0,0
1779673782.0005026,0,0.3499999940395355,1,0,795,900,423158243,7,77,0.0,0.0,25.830141067504883,28.561870574951172,0,0,0.6000000238418579,0,0,0,0,0,8,0,1,0,8,99,1,3.75,0.0,29.722814559936523,28.408124923706055,1.5,0,55,-1.0,0.0,0.0,0,0,1,0,0
1779673782.0204012,0,0.3499999940395355,1,0,795,900,423158243,7,77,0.0,0.0,25.530141830444336,28.561870574951172,1,0,0.6000000238418579,0,0,0,0,0,8,0,1,0,8,99,1,3.75,0.0,29.797815322875977,28.408124923706055,1.5,0,55,-1.0,0.0,0.0,0,0,1,0,0
1779673782.0406332,0,0.3499999940395355,1,0,795,900,423158243,7,77,0.0,0.0,25.23014259338379,28.561870574951172,1,0,0.6000000238418579,0,0,0,0,0,8,0,1,0,8,99,1,3.75,0.0,29.872814178466797,28.408124923706055,1.5,0,55,-1.0,0.0,0.0,0,0,0,0,0
1779673782.060681,0,0.3499999940395355,1,0,795,900,423158243,7,77,0.0,0.0,24.930143356323242,28.561870574951172,1,0,0.6000000238418579,0,0,0,0,0,8,0,1,0,8,99,1,3.75,0.0,29.94781494140625,28.408124923706055,1.5,0,55,-1.0,0.0,0.0,0,0,0,0,0
1779673782.0805972,0,0.3499999940395355,1,0,795,900,423158243,7,77,0.0,0.0,24.630144119262695,28.561870574951172,1,0,0.6000000238418579,0,0,0,0,0,8,0,1,0,8,99,1,3.75,0.0,30.022815704345703,28.408124923706055,1.5,0,55,-1.0,0.0,0.0,0,0,0,0,0
1779673782.1007373,0,0.3499999940395355,1,0,795,900,423158243,7,77,0.0,0.0,24.33014488220215,28.561870574951172,1,0,0.6000000238418579,0,0,0,0,0,8,0,1,0,8,99,1,3.75,0.0,30.097816467285156,28.408124923706055,1.5,0,55,-1.0,0.0,0.0,0,0,0,0,0
1779673782.1204438,0,0.3499999940395355,1,0,795,900,423158243,9,77,7.932304382324219,41.0,24.0301456451416,28.561870574951172,1,0,0.6000000238418579,0,0,0,0,0,8,0,1,0,8,99,1,3.75,0.0,30.172815322875977,28.408124923706055,1.5,0,55,-1.0,0.0,0.0,0,0,0,0,0
1779673782.140505,0,0.3499999940395355,1,0,795,900,423158243,10,77,7.932304382324219,39.20000076293945,24.188791275024414,29.345870971679688,1,0,0.6000000238418579,0,0,0,0,0,8,0,1,0,8,99,1,3.75,0.0,30.247814178466797,28.408124923706055,1.5,0,55,-1.0,0.0,0.0,0,0,0,0,0
1779673782.1607423,0,0.3499999940395355,1,0,795,900,423158243,10,77,7.932304382324219,37.400001525878906,24.347436904907227,30.093870162963867,1,0,0.6000000238418579,0,0,0,0,0,8,0,1,0,8,99,1,-8.300000190734863,0.0,30.19961166381836,28.408124923706055,1.5,0,55,-1.0,0.0,0.0,0,0,0,0,0
1779673782.1804554,0,0.3499999940395355,1,0,795,900,423158243,10,77,7.932304382324219,35.60000228881836,24.50608253479004,30.805870056152344,1,0,0.6000000238418579,0,0,0,0,0,8,0,1,0,8,99,1,-8.300000190734863,0.0,30.033615112304688,28.408124923706055,1.5,0,55,-1.0,0.0,0.0,0,0,0,0,0
1779673782.2003624,0,0.3499999940395355,1,0,795,900,423158243,10,77,7.932304382324219,33.80000305175781,24.66472816467285,31.481870651245117,1,0,0.6000000238418579,0,0,0,0,0,8,0,1,0,8,99,1,-8.300000190734863,0.0,29.86761474609375,28.408124923706055,1.5,0,55,-1.0,0.0,0.0,0,0,0,0,0
1779673782.2206016,0,0.3499999940395355,1,0,795,900,423158243,10,77,7.932304382324219,32.000003814697266,24.823373794555664,32.12186813354492,1,0,0.6000000238418579,0,0,0,0,0,8,0,1,0,8,99,1,-8.300000190734863,0.0,29.701618194580078,28.408124923706055,1.5,0,55,-1.0,0.0,0.0,0,0,0,0,0
1779673782.240699,0,0.3499999940395355,1,0,795,900,423158243,10,77,7.932304382324219,30.20000457763672,24.982019424438477,32.725868225097656,1,0,0.6000000238418579,0,0,0,0,0,8,0,1,0,8,99,1,-8.300000190734863,0.0,29.535621643066406,28.408124923706055,1.5,0,55,-1.0,0.0,0.0,0,0,0,0,0
1779673782.2603822,0,0.3499999940395355,1,0,795,900,423158243,10,77,7.932304382324219,28.400005340576172,25.14066505432129,33.29386901855469,1,0,0.6000000238418579,0,0,0,0,0,8,0,1,0,8,99,1,-8.300000190734863,0.0,29.3696231842041,28.408124923706055,1.5,0,55,-1.0,0.0,0.0,0,0,0,0,0
1779673782.2805421,0,0.3499999940395355,0,0,795,900,423158243,10,77,7.932304382324219,26.600006103515625,25.2993106842041,33.825870513916016,1,0,0.6000000238418579,0,0,0,0,0,8,0,0,0,8,99,1,-8.300000190734863,0.0,29.203624725341797,28.408124923706055,1.5,0,55,-1.0,0.0,0.0,0,0,0,0,0
1779673782.3004646,0,0.3499999940395355,0,0,795,900,423158243,10,77,7.932304382324219,24.800006866455078,25.457956314086914,34.321868896484375,1,0,0.6000000238418579,0,0,0,0,0,8,0,0,0,8,99,1,-8.300000190734863,0.0,29.03762435913086,28.408124923706055,1.5,0,55,-1.0,0.0,0.0,0,0,0,0,0
1779673782.320579,0,0.3499999940395355,0,0,795,900,423158243,10,77,7.932304382324219,23.00000762939453,25.616601943969727,34.78186798095703,1,0,0.6000000238418579,0,0,0,0,0,8,0,0,0,8,99,1,-8.300000190734863,0.0,28.871623992919922,28.408124923706055,1.5,0,55,-1.0,0.0,0.0,0,0,0,0,0
1779673782.3403766,0,0.3499999940395355,0,0,795,900,423158243,10,77,7.932304382324219,21.200008392333984,25.77524757385254,35.205867767333984,1,0,0.6000000238418579,0,0,0,0,0,8,0,0,0,8,99,1,-8.300000190734863,0.0,28.705705642700195,28.408124923706055,1.5,0,55,-1.0,0.0,0.0,0,0,0,0,0
1779673782.3610458,0,0.3499999940395355,0,0,795,900,423158243,10,77,7.932304382324219,19.400009155273438,25.93389320373535,35.593868255615234,1,0,0.6000000238418579,0,0,0,0,0,8,0,0,0,8,99,1,-8.300000190734863,0.0,28.53970718383789,28.408124923706055,1.5,0,55,-1.0,0.0,0.0,0,0,0,0,0
1779673782.3805947,0,0.3499999940395355,0,0,795,900,423158243,10,77,7.932304382324219,17.60000991821289,26.092538833618164,35.94586944580078,1,0,0.6000000238418579,0,0,0,0,0,8,0,0,0,8,99,1,-8.300000190734863,0.0,28.373706817626953,28.408124923706055,1.5,0,55,-1.0,0.0,0.0,0,0,0,0,0
1779673782.4008148,0,0.3499999940395355,0,0,795,900,423158243,10,77,7.932304382324219,15.800010681152344,26.251184463500977,36.261871337890625,1,0,0.6000000238418579,0,0,0,0,0,8,0,0,0,8,99,1,-8.300000190734863,0.0,28.20771026611328,28.408124923706055,1.5,0,55,-1.0,0.0,0.0,0,0,0,0,0
1779673782.4206147,0,0.3499999940395355,0,0,795,900,423158243,10,77,7.932304382324219,14.000011444091797,26.40983009338379,36.5418701171875,1,0,0.6000000238418579,0,0,0,0,0,8,0,0,0,8,99,1,-8.300000190734863,0.0,28.041709899902344,28.408124923706055,1.5,0,55,-1.0,0.0,0.0,0,0,0,0,0
1779673782.4403613,0,0.3499999940395355,0,0,795,900,423158243,10,77,7.932304382324219,12.20001220703125,26.5684757232666,36.78586959838867,1,0,0.6000000238418579,0,0,0,0,0,8,0,0,0,8,99,1,-8.300000190734863,0.0,27.875713348388672,28.408124923706055,1.5,0,55,-1.0,0.0,0.0,0,0,0,0,0
1779673782.4603124,0,0.3499999940395355,0,0,795,900,423158243,10,77,7.932304382324219,10.400012969970703,26.727121353149414,36.99386978149414,1,0,0.6000000238418579,0,0,0,0,0,8,0,0,0,8,99,1,-8.300000190734863,0.0,27.709714889526367,28.408124923706055,1.5,0,55,-1.0,0.0,0.0,0,0,0,0,0
1779673782.4804459,0,0.3499999940395355,0,0,795,900,423158243,10,77,7.932304382324219,8.600013732910156,26.885766983032227,37.165870666503906,1,0,0.6000000238418579,0,0,0,0,0,8,0,0,0,8,99,1,-8.300000190734863,0.0,27.543716430664062,28.408124923706055,1.5,0,55,-1.0,0.0,0.0,0,0,0,0,0
1779673782.5008504,0,0.3499999940395355,0,0,795,900,423158243,10,77,7.932304382324219,6.800014495849609,27.04441261291504,37.30187225341797,1,0,0.6000000238418579,0,0,0,0,0,8,0,0,0,8,99,1,-8.300000190734863,0.0,27.377717971801758,28.408124923706055,1.5,0,55,-1.0,0.0,0.0,0,0,0,0,0
1779673782.5209997,0,0.3499999940395355,0,0,795,900,423158243,10,77,7.932304382324219,5.0000152587890625,27.20305824279785,37.40187072753906,1,0,0.6000000238418579,0,0,0,0,0,8,0,0,0,8,99,1,-8.300000190734863,0.0,27.211719512939453,28.408124923706055,1.5,0,55,-1.0,0.0,0.0,0,0,0,0,0
1779673782.5402532,0,0.3499999940395355,0,0,795,900,423158243,10,77,7.932304382324219,3.2000160217285156,27.361703872680664,37.46586990356445,1,0,0.6000000238418579,0,0,0,0,0,8,0,0,0,8,99,1,-8.300000190734863,0.0,27.04571533203125,28.408124923706055,1.5,0,55,-1.0,0.0,0.0,0,0,0,0,0
1779673782.560371,0,0.3499999940395355,0,0,795,900,423158243,10,77,7.932304382324219,1.4000167846679688,27.520349502563477,37.49386978149414,1,0,0.6000000238418579,0,0,0,0,0,8,0,0,0,8,99,1,-8.300000190734863,0.0,26.879718780517578,28.408124923706055,1.5,0,55,-1.0,0.0,0.0,0,0,0,0,0
1779673782.5802655,0,0.3499999940395355,0,0,795,900,423158243,10,77,7.932304382324219,-0.3999824523925781,27.67899513244629,37.485870361328125,1,0,0.6000000238418579,0,0,0,0,0,8,0,0,0,8,99,1,-8.300000190734863,0.0,26.713720321655273,28.408124923706055,1.5,0,55,-1.0,0.0,0.0,0,0,0,0,0
1779673782.6004488,0,0.3499999940395355,0,0,795,900,423158243,10,77,7.932304382324219,-2.199981689453125,27.8376407623291,37.441871643066406,1,0,0.6000000238418579,0,0,0,0,0,8,0,0,0,8,99,1,-8.300000190734863,0.0,26.547718048095703,28.408124923706055,1.5,0,55,-1.0,0.0,0.0,0,0,0,0,0
1779673782.620297,0,0.3499999940395355,0,0,795,900,423158243,10,77,7.932304382324219,-3.999980926513672,27.996286392211914,37.361873626708984,1,0,0.6000000238418579,0,0,0,0,0,8,0,0,0,8,99,1,-8.300000190734863,0.0,26.381717681884766,28.408124923706055,1.5,0,55,-1.0,0.0,0.0,0,0,0,0,0
1779673782.6406517,0,0.3499999940395355,0,0,795,900,423158243,10,77,7.932304382324219,-5.799980163574219,28.154932022094727,37.245872497558594,1,0,0.6000000238418579,0,0,0,0,0,8,0,0,0,8,99,1,-8.300000190734863,0.0,26.21571922302246,28.408124923706055,1.5,0,55,-1.0,0.0,0.0,0,0,0,0,0
1779673782.6604323,0,0.3499999940395355,0,0,795,900,423158243,10,77,7.932304382324219,-7.599979400634766,28.31357765197754,37.0938720703125,1,0,0.6000000238418579,0,0,0,0,0,8,0,0,0,8,99,1,-8.300000190734863,0.0,26.049720764160156,28.408124923706055,1.5,0,55,-1.0,0.0,0.0,0,0,0,0,0
1779673782.680358,0,0.3499999940395355,0,0,795,900,423158243,10,77,7.932304382324219,-9.399978637695312,28.47222328186035,36.9058723449707,1,0,0.6000000238418579,0,0,0,0,0,8,0,0,0,8,99,1,-8.300000190734863,0.0,25.88372039794922,28.408124923706055,1.5,0,55,-1.0,0.0,0.0,0,0,0,0,0
1779673782.70039,0,0.3499999940395355,0,0,795,900,423158243,10,77,7.932304382324219,-11.19997787475586,28.630868911743164,36.6818733215332,1,0,0.6000000238418579,0,0,0,0,0,8,0,0,0,8,99,1,-8.300000190734863,0.0,25.717636108398438,28.408124923706055,1.5,0,55,-1.0,0.0,0.0,0,0,0,0,0
1779673782.7204232,0,0.3499999940395355,0,0,795,900,423158243,10,77,7.932304382324219,-12.999977111816406,28.789514541625977,36.421875,1,0,0.6000000238418579,0,0,0,0,0,8,0,0,0,8,99,1,-8.300000190734863,0.0,25.551637649536133,28.408124923706055,1.5,0,55,-1.0,0.0,0.0,0,0,0,0,0
1779673782.7402618,0,0.3499999940395355,0,0,795,900,423158243,10,77,7.932304382324219,-14.799976348876953,28.94816017150879,36.125877380371094,1,0,0.6000000238418579,0,0,0,0,0,8,0,0,0,8,99,1,-8.300000190734863,0.0,25.38564109802246,28.408124923706055,1.5,0,55,-1.0,0.0,0.0,0,0,0,0,0
1779673782.7604012,0,0.3499999940395355,0,0,795,900,423158243,10,77,7.932304382324219,-16.5999755859375,29.1068058013916,35.79387664794922,1,0,0.6000000238418579,0,0,0,0,0,8,0,0,0,8,99,1,-8.300000190734863,0.0,25.219642639160156,28.408124923706055,1.5,0,55,-1.0,0.0,0.0,0,0,0,0,0
1779673782.7806108,0,0.3499999940395355,0,0,795,900,423158243,10,77,7.932304382324219,-18.399974822998047,29.265451431274414,35.42587661743164,1,0,0.6000000238418579,0,0,0,0,0,8,0,0,0,8,99,1,-8.300000190734863,0.0,25.05364418029785,28.408124923706055,1.5,0,55,-1.0,0.0,0.0,0,0,0,0,0
1779673782.8008149,0,0.3499999940395355,0,0,795,900,423158243,10,77,7.932304382324219,-20.199974060058594,29.424097061157227,35.02187728881836,1,0,0.6000000238418579,0,0,0,0,0,8,0,0,0,8,99,1,-8.300000190734863,0.0,24.88764762878418,28.408124923706055,1.5,0,55,-1.0,0.0,0.0,0,0,0,0,0
1779673782.8205345,0,0.3499999940395355,0,0,795,900,423158243,10,77,7.932304382324219,-21.99997329711914,29.58274269104004,34.581878662109375,1,0,0.6000000238418579,0,0,0,0,0,8,0,0,0,8,99,1,-8.300000190734863,0.0,24.721729278564453,28.408124923706055,1.5,0,55,0.0,0.0,0.0,0,0,0,0,0
1779673782.840237,0,0.3499999940395355,0,0,795,900,423158243,10,77,7.932304382324219,-23.799972534179688,29.74138832092285,34.10588073730469,1,0,0.6000000238418579,0,0,0,0,0,8,0,0,0,8,99,1,-8.300000190734863,0.0,24.555727005004883,28.408124923706055,1.5,0,55,0.0,0.0,0.0,0,0,0,0,0
1779673782.8603024,0,0.3499999940395355,0,0,795,900,423158243,30,77,6.187197208404541,-19.96797752380371,29.900033950805664,33.59387969970703,1,0,0.6000000238418579,0,0,0,0,0,8,0,0,0,8,99,1,0.0,0.0,24.4744873046875,28.408124923706055,1.5,0,55,0.0,0.0,0.0,0,0,0,0,0
1779673782.880298,0,0.3499999940395355,0,0,795,900,423158243,30,77,4.826013565063477,-15.575021743774414,29.996553421020508,33.282379150390625,1,0,0.6000000238418579,0,0,0,0,0,8,0,0,0,8,99,1,0.0,0.0,24.4744873046875,28.408124923706055,1.5,0,55,0.0,0.0,0.0,0,0,0,0,0
1779673782.9005048,0,0.3499999940395355,0,0,795,900,423158243,30,77,3.7642903327941895,-12.148516654968262,30.07183837890625,33.03940963745117,1,0,0.6000000238418579,0,0,0,0,0,8,0,0,0,8,99,1,0.0,0.0,24.4744873046875,28.408124923706055,1.5,0,55,0.0,0.0,0.0,0,0,0,0,0
1779673782.9206738,0,0.3499999940395355,0,0,795,900,423158243,30,77,2.9361462593078613,-9.475842475891113,30.13056182861328,32.849891662597656,1,0,0.6000000238418579,0,0,0,0,0,8,0,0,0,8,99,1,0.0,0.0,24.4744873046875,28.408124923706055,1.5,0,55,0.0,0.0,0.0,0,0,0,0,0
1779673782.9405508,0,0.3499999940395355,0,0,795,900,423158243,30,77,2.290194034576416,-7.3911566734313965,30.17636489868164,32.70206832885742,1,0,0.6000000238418579,0,0,0,0,0,8,0,0,0,8,99,1,0.0,0.0,24.4744873046875,28.408124923706055,1.5,0,55,0.0,0.0,0.0,0,0,0,0,0
1779673782.960349,0,0.3499999940395355,0,0,795,900,423158243,30,77,1.7863513231277466,-5.765101909637451,30.21209144592285,32.58676528930664,1,0,0.6000000238418579,0,0,0,0,0,8,0,0,0,8,99,1,0.0,0.0,24.4744873046875,28.408124923706055,1.5,0,55,0.0,0.0,0.0,0,0,0,0,0
1779673782.9803302,0,0.3499999940395355,0,0,795,900,423158243,30,77,1.3933539390563965,-4.496779441833496,30.239957809448242,32.496829986572266,1,0,0.6000000238418579,0,0,0,0,0,8,0,0,0,8,99,1,0.0,0.0,24.4744873046875,28.408124923706055,1.5,0,55,0.0,0.0,0.0,0,0,0,0,0
1779673783.0007038,0,0.3499999940395355,0,0,795,900,423158243,30,77,1.0868160724639893,-3.5074877738952637,30.261693954467773,32.42668151855469,1,0,0.6000000238418579,0,0,0,0,0,8,0,0,0,8,99,1,0.0,0.0,24.4744873046875,28.408124923706055,1.5,0,55,0.0,0.0,0.0,0,0,0,0,0
1779673783.0203319,0,0.3499999940395355,0,0,795,900,423158243,30,77,0.8477165102958679,-2.735840320587158,30.278648376464844,32.37196350097656,1,0,0.6000000238418579,0,0,0,0,0,8,0,0,0,8,99,1,0.0,0.0,24.4744873046875,28.408124923706055,1.5,0,55,0.0,0.0,0.0,0,0,0,0,0
1779673783.04033,0,0.3499999940395355,0,0,795,900,423158243,30,77,0.6612188816070557,-2.133955478668213,30.291872024536133,32.32928466796875,1,0,0.6000000238418579,0,0,0,0,0,8,0,0,0,8,99,1,0.0,0.0,24.4744873046875,28.408124923706055,1.5,0,55,0.0,0.0,0.0,0,0,0,0,0
1779673783.0603406,0,0.3499999940395355,0,0,795,900,423158243,30,77,0.5157507061958313,-1.664485216140747,30.302186965942383,32.29599380493164,1,0,0.6000000238418579,0,0,0,0,0,8,0,0,0,8,99,1,0.0,0.0,24.4744873046875,28.408124923706055,1.5,0,55,0.0,0.0,0.0,0,0,0,0,0
1779673783.0802627,0,0.3499999940395355,0,0,795,900,423158243,30,77,0.40228554606437683,-1.2982984781265259,30.310232162475586,32.27002716064453,1,0,0.6000000238418579,0,0,0,0,0,8,0,0,0,8,99,1,0.0,0.0,24.4744873046875,28.408124923706055,1.5,0,55,0.0,0.0,0.0,0,0,0,0,0
1779673783.1002603,0,0.3499999940395355,0,0,795,900,423158243,30,77,0.3137827217578888,-1.012672781944275,30.31650733947754,32.24977111816406,1,0,0.6000000238418579,0,0,0,0,0,8,0,0,0,8,99,1,0.0,0.0,24.4744873046875,28.408124923706055,1.5,0,55,0.0,0.0,0.0,0,0,0,0,0
1779673783.1202772,0,0.3499999940395355,0,0,795,900,423158243,30,77,0.244750514626503,-0.7898847460746765,30.321401596069336,32.23397445678711,1,0,0.6000000238418579,0,0,0,0,0,8,0,0,0,8,99,1,0.0,0.0,24.4744873046875,28.408124923706055,1.5,0,55,0.0,0.0,0.0,0,0,0,0,0
1779673783.1402204,0,0.3499999940395355,0,0,795,900,423158243,30,77,0.1909053921699524,-0.61611008644104,30.325220108032227,32.22165298461914,1,0,0.6000000238418579,0,0,0,0,0,8,0,0,0,8,99,1,0.0,0.0,24.4744873046875,28.408124923706055,1.5,0,55,0.0,0.0,0.0,0,0,0,0,0
1779673783.1621253,0,0.3499999940395355,0,0,795,900,423158243,30,77,0.14890620112419128,-0.4805658459663391,30.328197479248047,32.212039947509766,1,0,0.6000000238418579,0,0,0,0,0,8,0,0,0,8,99,1,0.0,0.0,24.4744873046875,28.408124923706055,1.5,0,55,0.0,0.0,0.0,0,0,0,0,0
1779673783.1817985,0,0.3499999940395355,0,0,795,900,423158243,30,77,0.11614683270454407,-0.3748413324356079,30.330520629882812,32.20454406738281,1,0,0.6000000238418579,0,0,0,0,0,8,0,0,0,8,99,1,0.0,0.0,24.4744873046875,28.408124923706055,1.5,0,55,-1.0,0.0,0.0,0,0,0,0,0
1779673783.2004263,0,0.3499999940395355,0,0,795,900,423158243,30,77,0.09059452265501022,-0.29237622022628784,30.332332611083984,32.19869613647461,1,0,0.6000000238418579,0,0,0,0,0,8,0,0,0,8,99,1,0.0,0.0,24.4744873046875,28.408124923706055,1.5,0,55,-1.0,0.0,0.0,0,0,0,0,0
1779673783.2205439,0,0.3499999940395355,0,0,795,900,423158243,30,77,0.07066372781991959,-0.22805345058441162,30.3337459564209,32.19413757324219,1,0,0.6000000238418579,0,0,0,0,0,8,0,0,0,8,99,1,-8.300000190734863,0.0,24.38976287841797,28.408124923706055,1.5,0,55,-1.0,0.0,0.0,0,0,0,0,0
1779673783.2402594,0,0.3499999940395355,0,0,795,900,423158243,30,77,0.05511770397424698,-0.17788168787956238,30.334848403930664,32.19057846069336,1,0,0.6000000238418579,0,0,0,0,0,8,0,0,0,8,99,1,-8.300000190734863,0.0,24.22376251220703,28.408124923706055,1.5,0,55,-1.0,0.0,0.0,0,0,0,0,0
1779673783.2603867,0,0.3499999940395355,0,0,795,900,423158243,30,77,0.04299180582165718,-0.1387477070093155,30.335708618164062,32.18780517578125,1,0,0.6000000238418579,0,0,0,0,0,8,0,0,0,8,99,1,-8.300000190734863,0.0,24.057762145996094,28.408124923706055,1.5,0,55,-1.0,0.0,0.0,0,0,0,0,0
1779673783.2805727,0,0.3499999940395355,0,0,795,900,423158243,30,77,0.03353360667824745,-0.10822320729494095,30.336380004882812,32.185638427734375,1,0,0.6000000238418579,0,0,0,0,0,8,0,0,0,8,99,1,-8.300000190734863,0.0,23.89176368713379,28.408124923706055,1.5,0,55,-1.0,0.0,0.0,0,0,0,0,0
1779673783.3006172,0,0.3499999940395355,0,0,795,900,423158243,30,77,0.026156213134527206,-0.08441410213708878,30.336902618408203,32.18395233154297,1,0,0.6000000238418579,0,0,0,0,0,8,0,0,0,8,99,1,-8.300000190734863,0.0,23.725765228271484,28.408124923706055,1.5,0,55,-1.0,0.0,0.0,0,0,0,0,0
1779673783.3205569,0,0.3499999940395355,0,0,795,900,423158243,30,77,0.0204018447548151,-0.06584299355745316,30.337310791015625,32.18263626098633,1,0,0.6000000238418579,0,0,0,0,0,8,0,0,0,8,99,1,-8.300000190734863,0.0,23.559764862060547,28.408124923706055,1.5,0,55,-1.0,0.0,0.0,0,0,0,0,0
1779673783.3405864,0,0.3499999940395355,0,0,795,900,423158243,30,77,0.01591343805193901,-0.051357533782720566,30.337629318237305,32.18160629272461,1,0,0.6000000238418579,0,0,0,0,0,8,0,0,0,8,99,1,-8.300000190734863,0.0,23.39376449584961,28.408124923706055,1.5,0,55,-1.0,0.0,0.0,0,0,0,0,0
1779673783.3606615,0,0.3499999940395355,0,0,795,900,423158243,30,77,0.012412481009960175,-0.04005887359380722,30.33787727355957,32.18080520629883,1,0,0.6000000238418579,0,0,0,0,0,8,0,0,0,8,99,1,-8.300000190734863,0.0,23.227764129638672,28.408124923706055,1.5,0,55,-1.0,0.0,0.0,0,0,0,0,0
1779673783.380407,0,0.3499999940395355,0,0,795,900,423158243,30,77,0.009681735187768936,-0.031245920807123184,30.338071823120117,32.180179595947266,1,0,0.6000000238418579,0,0,0,0,0,8,0,0,0,8,99,1,-8.300000190734863,0.0,23.061763763427734,28.408124923706055,1.5,0,55,-1.0,0.0,0.0,0,0,0,0,0
1779673783.4005291,0,0.3499999940395355,0,0,795,900,423158243,30,77,0.007551752962172031,-0.024371817708015442,30.33822250366211,32.179691314697266,1,0,0.6000000238418579,0,0,0,0,0,8,0,0,0,8,99,1,-8.300000190734863,0.0,22.89576530456543,28.408124923706055,1.5,0,55,-1.0,0.0,0.0,0,0,0,0,0
1779673783.42028,0,0.3499999940395355,0,0,795,900,423158243,30,77,0.005890367086976767,-0.019010016694664955,30.338340759277344,32.17931365966797,1,0,0.6000000238418579,0,0,0,0,0,8,0,0,0,8,99,1,-8.300000190734863,0.0,22.729764938354492,28.408124923706055,1.5,0,55,0.0,0.0,0.0,0,0,0,0,0
1779673783.4401855,0,0.3499999940395355,0,0,795,900,423158243,31,77,0.0035836989991366863,-0.011565692722797394,30.33843231201172,32.17901611328125,1,0,0.6000000238418579,0,0,0,0,0,8,0,0,0,8,99,1,-8.300000190734863,0.0,22.563766479492188,28.408124923706055,1.5,0,55,0.0,0.0,0.0,0,0,0,0,0
1779673783.4603765,0,0.3499999940395355,0,0,795,900,423158243,31,77,0.002795285079628229,-0.009021240286529064,30.33848762512207,32.1788330078125,1,0,0.6000000238418579,0,0,0,0,0,8,0,0,0,8,99,1,-8.300000190734863,0.0,22.397769927978516,28.408124923706055,1.5,0,55,0.0,0.0,0.0,0,0,0,0,0
1779673783.48038,0,0.3499999940395355,0,0,795,900,423158243,31,77,0.0021803223062306643,-0.007036567199975252,30.338531494140625,32.17869186401367,1,0,0.6000000238418579,0,0,0,0,0,8,0,0,0,8,99,1,0.0,0.0,22.316482543945312,28.408124923706055,1.5,0,55,0.0,0.0,0.0,0,0,0,0,0
1779673783.5002258,0,0.3499999940395355,0,0,795,900,423158243,31,77,0.001700651366263628,-0.0054885223507881165,30.338565826416016,32.17858123779297,1,0,0.6000000238418579,0,0,0,0,0,8,0,0,0,8,99,1,0.0,0.0,22.316482543945312,28.408124923706055,1.5,0,55,0.0,0.0,0.0,0,0,0,0,0
1779673783.520336,0,0.3499999940395355,0,0,795,900,423158243,31,77,0.0013265080051496625,-0.004281047265976667,30.338592529296875,32.17849349975586,1,0,0.6000000238418579,0,0,0,0,0,8,0,0,0,8,99,1,0.0,0.0,22.316482543945312,28.408124923706055,1.5,0,55,0.0,0.0,0.0,0,0,0,0,0
1779673783.5402765,0,0.3499999940395355,0,0,795,900,423158243,31,77,0.001034676213748753,-0.003339216811582446,30.338613510131836,32.17842483520508,1,0,0.6000000238418579,0,0,0,0,0,8,0,0,0,8,99,1,0.0,0.0,22.316482543945312,28.408124923706055,1.5,0,55,0.0,0.0,0.0,0,0,0,0,0
1779673783.5603986,0,0.3499999940395355,0,0,795,900,423158243,31,77,0.0008070474141277373,-0.0026045890990644693,30.3386287689209,32.17837142944336,1,0,0.6000000238418579,0,0,0,0,0,8,0,0,0,8,99,1,0.0,0.0,22.316482543945312,28.408124923706055,1.5,0,55,0.0,0.0,0.0,0,0,0,0,0
1779673783.5803354,0,0.3499999940395355,0,0,795,900,423158243,31,77,0.0006294969352893531,-0.0020315793808549643,30.338642120361328,32.17832946777344,1,0,0.6000000238418579,0,0,0,0,0,8,0,0,0,8,99,1,0.0,0.0,22.316482543945312,28.408124923706055,1.5,0,55,0.0,0.0,0.0,0,0,0,0,0
1779673783.600348,0,0.3499999940395355,0,0,795,900,423158243,31,77,0.000491007580421865,-0.0015846318565309048,30.338651657104492,32.17829513549805,1,0,0.6000000238418579,0,0,0,0,0,8,0,0,0,8,99,1,0.0,0.0,22.316482543945312,28.408124923706055,1.5,0,55,0.0,0.0,0.0,0,0,0,0,0
1779673783.6204455,0,0.3499999940395355,0,0,795,900,423158243,31,77,0.00038298589061014354,-0.0012360127875581384,30.338659286499023,32.17826843261719,1,0,0.6000000238418579,0,0,0,0,0,8,0,0,0,8,99,1,0.0,0.0,22.316482543945312,28.408124923706055,1.5,0,55,0.0,0.0,0.0,0,0,0,0,0
1779673783.6404498,0,0.3499999940395355,0,0,795,900,423158243,31,77,0.0002987289917655289,-0.0009640899370424449,30.338665008544922,32.17824935913086,1,0,0.6000000238418579,0,0,0,0,0,8,0,0,0,8,99,1,0.0,0.0,22.316482543945312,28.408124923706055,1.5,0,55,0.0,0.0,0.0,0,0,0,0,0
1779673783.660665,0,0.3499999940395355,0,0,795,900,423158243,31,77,0.00023300859902519733,-0.0007519901264458895,30.338668823242188,32.1782341003418,1,0,0.6000000238418579,0,0,0,0,0,8,0,0,0,8,99,1,0.0,0.0,22.316482543945312,28.408124923706055,1.5,0,55,0.0,0.0,0.0,0,0,0,0,0
1779673783.680498,0,0.3499999940395355,0,0,795,900,423158243,31,77,0.00018174669821746647,-0.0005865522543899715,30.338672637939453,32.17822265625,1,0,0.6000000238418579,0,0,0,0,0,8,0,0,0,8,99,1,0.0,0.0,22.316482543945312,28.408124923706055,1.5,0,55,0.0,0.0,0.0,0,0,0,0,0
1779673783.7005303,0,0.3499999940395355,0,0,795,900,423158243,31,77,0.0001417624152963981,-0.00045751073048450053,30.338674545288086,32.1782112121582,1,0,0.6000000238418579,0,0,0,0,0,8,0,0,0,8,99,1,0.0,0.0,22.316482543945312,28.408124923706055,1.5,0,55,0.0,0.0,0.0,0,0,0,0,0
1779673783.7204258,0,0.3499999940395355,0,0,795,900,423158243,31,77,0.00011057467781938612,-0.0003568583633750677,30.33867645263672,32.17820358276367,1,0,0.6000000238418579,0,0,0,0,0,8,0,0,0,8,99,1,0.0,0.0,22.316482543945312,28.408124923706055,1.5,0,55,0.0,0.0,0.0,0,0,0,0,0
1779673783.7403696,0,0.3499999940395355,0,0,795,900,423158243,31,77,8.624824840808287e-05,-0.00027834950014948845,30.33867835998535,32.17819595336914,1,0,0.6000000238418579,0,0,0,0,0,8,0,0,0,8,99,1,0.0,0.0,22.316482543945312,28.408124923706055,1.5,0,55,0.0,0.0,0.0,0,0,0,0,0
1779673783.7602546,0,0.3499999940395355,0,0,795,900,423158243,31,77,6.72736277920194e-05,-0.00021711259614676237,30.338680267333984,32.178192138671875,1,0,0.6000000238418579,0,0,0,0,0,8,0,0,0,8,99,1,0.0,0.0,22.316482543945312,28.408124923706055,1.5,0,55,0.0,0.0,0.0,0,0,0,0,0
1779673783.7804096,0,0.3499999940395355,0,0,795,900,423158243,31,77,5.247342778602615e-05,-0.00016934781160671264,30.338682174682617,32.17818832397461,1,0,0.6000000238418579,0,0,0,0,0,8,0,0,0,8,99,1,0.0,0.0,22.316482543945312,28.408124923706055,1.5,0,55,0.0,0.0,0.0,0,0,0,0,0
1779673783.8002603,0,0.3499999940395355,0,0,795,900,423158243,31,77,4.092927338206209e-05,-0.00013209128519520164,30.338682174682617,32.17818832397461,1,0,0.6000000238418579,0,0,0,0,0,8,0,0,0,8,99,1,0.0,0.0,22.316482543945312,28.408124923706055,1.5,0,55,0.0,0.0,0.0,0,0,0,0,0
1779673783.8204577,0,0.3499999940395355,0,0,795,900,423158243,31,77,3.192483200109564e-05,-0.0001030311977956444,30.338682174682617,32.178184509277344,1,0,0.6000000238418579,0,0,0,0,0,8,0,0,0,8,99,1,0.0,0.0,22.316482543945312,28.408124923706055,1.5,0,55,0.0,0.0,0.0,0,0,0,0,0
1779673783.840194,0,0.3499999940395355,0,0,795,900,423158243,31,77,2.4901368306018412e-05,-8.036433428060263e-05,30.338682174682617,32.178184509277344,1,0,0.6000000238418579,0,0,0,0,0,8,0,0,0,8,99,1,0.0,0.0,22.316482543945312,28.408124923706055,1.5,0,55,0.0,0.0,0.0,0,0,0,0,0
1779673783.860355,0,0.3499999940395355,0,0,795,900,423158243,31,77,1.9423066987656057e-05,-6.268417928367853e-05,30.338682174682617,32.17818069458008,1,0,0.6000000238418579,0,0,0,0,0,8,0,0,0,8,99,1,0.0,0.0,22.316482543945312,28.408124923706055,1.5,0,55,0.0,0.0,0.0,0,0,0,0,0
1779673783.880308,0,0.3499999940395355,0,0,795,900,423158243,31,77,1.5149991668295115e-05,-4.8893656639847904e-05,30.338682174682617,32.17818069458008,1,0,0.6000000238418579,0,0,0,0,0,8,0,0,0,8,99,1,0.0,0.0,22.316482543945312,28.408124923706055,1.5,0,55,0.0,0.0,0.0,0,0,0,0,0
1779673783.9004297,0,0.3499999940395355,0,0,795,900,423158243,31,77,1.1816992810054217e-05,-3.813705188804306e-05,30.338682174682617,32.17818069458008,1,0,0.6000000238418579,0,0,0,0,0,8,0,0,0,8,99,1,0.0,0.0,22.316482543945312,28.408124923706055,1.5,0,55,0.0,0.0,0.0,0,0,0,0,0
1779673783.9207778,0,0.3499999940395355,0,0,795,900,423158243,31,77,9.217254046234302e-06,-2.9746899599558674e-05,30.338682174682617,32.17818069458008,1,0,0.6000000238418579,0,0,0,0,0,8,0,0,0,8,99,1,0.0,0.0,22.316482543945312,28.408124923706055,1.5,0,55,0.0,0.0,0.0,0,0,0,0,0
1779673783.9403758,0,0.3499999940395355,0,0,795,900,423158243,31,77,7.189457846834557e-06,-2.3202581360237673e-05,30.338682174682617,32.17818069458008,1,0,0.6000000238418579,0,0,0,0,0,8,0,0,0,8,99,1,0.0,0.0,22.316482543945312,28.408124923706055,1.5,0,55,0.0,0.0,0.0,0,0,0,0,0
1779673783.9602883,0,0.3499999940395355,0,0,795,900,423158243,31,77,5.607776984106749e-06,-1.8098013242706656e-05,30.338682174682617,32.17818069458008,1,0,0.6000000238418579,0,0,0,0,0,8,0,0,0,8,99,1,0.0,0.0,22.316482543945312,28.408124923706055,1.5,0,55,0.0,0.0,0.0,0,0,0,0,0
1779673783.9801948,0,0.3499999940395355,0,0,795,900,423158243,31,77,4.3740660657931585e-06,-1.4116450074652676e-05,30.338682174682617,32.17818069458008,1,0,0.6000000238418579,0,0,0,0,0,8,0,0,0,8,99,1,0.0,0.0,22.316482543945312,28.408124923706055,1.5,0,55,0.0,0.0,0.0,0,0,0,0,0
1779673784.0005646,0,0.3499999940395355,0,0,795,900,423158243,31,77,3.4117713312298292e-06,-1.101083034882322e-05,30.338682174682617,32.17818069458008,1,0,0.6000000238418579,0,0,0,0,0,8,0,0,0,8,99,1,0.0,0.0,22.316482543945312,28.408124923706055,1.5,0,55,0.0,0.0,0.0,0,0,0,0,0
1779673784.020528,0,0.3499999940395355,0,0,795,900,423158243,31,77,2.661181497387588e-06,-8.588447599322535e-06,30.338682174682617,32.17818069458008,1,0,0.6000000238418579,0,0,0,0,0,8,0,0,0,8,99,1,0.0,0.0,22.316482543945312,28.408124923706055,1.5,0,55,0.0,0.0,0.0,0,0,0,0,0
1779673784.04027,0,0.3499999940395355,0,0,795,900,423158243,31,77,2.0757215679623187e-06,-6.698988727293909e-06,30.338682174682617,32.17818069458008,1,0,0.6000000238418579,0,0,0,0,0,8,0,0,0,8,99,1,0.0,0.0,22.316482543945312,28.408124923706055,1.5,0,55,0.0,0.0,0.0,0,0,0,0,0
1779673784.0605853,0,0.3499999940395355,0,0,795,900,423158243,31,77,1.619062800273241e-06,-5.225211225479143e-06,30.338682174682617,32.17818069458008,1,0,0.6000000238418579,0,0,0,0,0,8,0,0,0,8,99,1,0.0,0.0,22.316482543945312,28.408124923706055,1.5,0,55,0.0,0.0,0.0,0,0,0,0,0
1779673784.0804942,0,0.3499999940395355,0,0,795,900,423158243,31,77,1.2628689773919177e-06,-4.075664492120268e-06,30.338682174682617,32.17818069458008,1,0,0.6000000238418579,0,0,0,0,0,8,0,0,0,8,99,1,0.0,0.0,22.316482543945312,28.408124923706055,1.5,0,55,0.0,0.0,0.0,0,0,0,0,0
1779673784.1005685,0,0.3499999940395355,0,0,795,900,423158243,31,77,9.850377864495385e-07,-3.1790182219992857e-06,30.338682174682617,32.17818069458008,1,0,0.6000000238418579,0,0,0,0,0,8,0,0,0,8,99,1,0.0,0.0,22.316482543945312,28.408124923706055,1.5,0,55,0.0,0.0,0.0,0,0,0,0,0
1779673784.1206114,0,0.3499999940395355,0,0,795,900,423158243,31,77,7.683294711569033e-07,-2.4796340767352376e-06,30.338682174682617,32.17818069458008,1,0,0.6000000238418579,0,0,0,0,0,8,0,0,0,8,99,1,0.0,0.0,22.316482543945312,28.408124923706055,1.5,0,55,0.0,0.0,0.0,0,0,0,0,0
1779673784.1403131,0,0.3499999940395355,0,0,795,900,423158243,31,77,5.992969818180427e-07,-1.9341146071383264e-06,30.338682174682617,32.17818069458008,1,0,0.6000000238418579,0,0,0,0,0,8,0,0,0,8,99,1,0.0,0.0,22.316482543945312,28.408124923706055,1.5,0,55,0.0,0.0,0.0,0,0,0,0,0
1779673784.1616092,0,0.3499999940395355,0,0,795,900,423158243,31,77,4.6745162762817927e-07,-1.5086093299032655e-06,30.338682174682617,32.17818069458008,1,0,0.6000000238418579,0,0,0,0,0,8,0,0,0,8,99,1,0.0,0.0,22.316482543945312,28.408124923706055,1.5,0,55,0.0,0.0,0.0,0,0,0,0,0
1779673784.1809967,0,0.3499999940395355,0,0,795,900,423158243,31,77,3.6461224794948066e-07,-1.1767152727770736e-06,30.338682174682617,32.17818069458008,1,0,0.6000000238418579,0,0,0,0,0,8,0,0,0,8,99,1,0.0,0.0,22.316482543945312,28.408124923706055,1.5,0,55,0.0,0.0,0.0,0,0,0,0,0
1779673784.2004192,0,0.3499999940395355,0,0,795,900,423158243,31,77,2.843975437372137e-07,-9.178378945762233e-07,30.338682174682617,32.17818069458008,1,0,0.6000000238418579,0,0,0,0,0,8,0,0,0,8,99,1,0.0,0.0,22.316482543945312,28.408124923706055,1.5,0,55,0.0,0.0,0.0,0,0,0,0,0
1779673784.2208765,0,0.3499999940395355,0,0,795,900,423158243,31,77,2.2183007786225062e-07,-7.159135293477448e-07,30.338682174682617,32.17818069458008,1,0,0.6000000238418579,0,0,0,0,0,8,0,0,0,8,99,1,0.0,0.0,22.316482543945312,28.408124923706055,1.5,0,55,0.0,0.0,0.0,0,0,0,0,0
1779673784.2405016,0,0.3499999940395355,0,0,795,900,423158243,31,77,1.7302745902725292e-07,-5.584125233326631e-07,30.338682174682617,32.17818069458008,1,0,0.6000000238418579,0,0,0,0,0,8,0,0,0,8,99,1,0.0,0.0,22.316482543945312,28.408124923706055,1.5,0,55,0.0,0.0,0.0,0,0,0,0,0
1779673784.2609003,0,0.3499999940395355,0,0,795,900,423158243,31,77,1.3496141093582992e-07,-4.355617591045302e-07,30.338682174682617,32.17818069458008,1,0,0.6000000238418579,0,0,0,0,0,8,0,0,0,8,99,1,0.0,0.0,22.316482543945312,28.408124923706055,1.5,0,55,0.0,0.0,0.0,0,0,0,0,0
1779673784.2803059,0,0.3499999940395355,0,0,795,900,423158243,31,77,1.0526989768777639e-07,-3.397381647118891e-07,30.338682174682617,32.17818069458008,1,0,0.6000000238418579,0,0,0,0,0,8,0,0,0,8,99,1,0.0,0.0,22.316482543945312,28.408124923706055,1.5,0,55,0.0,0.0,0.0,0,0,0,0,0
1779673784.3004434,0,0.3499999940395355,0,0,795,900,423158243,31,77,8.211051749640319e-08,-2.649957480116427e-07,30.338682174682617,32.17818069458008,1,0,0.6000000238418579,0,0,0,0,0,8,0,0,0,8,99,1,0.0,0.0,22.316482543945312,28.408124923706055,1.5,0,55,0.0,0.0,0.0,0,0,0,0,0
1779673784.3203585,0,0.3499999940395355,0,0,795,900,423158243,31,77,6.404620478406287e-08,-2.0669668288064713e-07,30.338682174682617,32.17818069458008,1,0,0.6000000238418579,0,0,0,0,0,8,0,0,0,8,99,1,0.0,0.0,22.316482543945312,28.408124923706055,1.5,0,55,1.0,0.0,0.0,0,0,0,0,0
1779673784.3403666,0,0.3499999940395355,0,0,795,900,423158243,31,77,4.9956039305243394e-08,-1.6122341151003639e-07,30.338682174682617,32.17818069458008,1,0,0.6000000238418579,0,0,0,0,0,8,0,0,0,8,99,1,0.0,0.0,22.316482543945312,28.408124923706055,1.5,0,55,1.0,0.0,0.0,0,0,0,0,0
1779673784.3605235,0,0.3499999940395355,0,0,795,900,423158243,31,77,3.896570888173301e-08,-1.257542550092694e-07,30.338682174682617,32.17818069458008,1,0,0.6000000238418579,0,0,0,0,0,8,0,0,0,8,99,1,0.0,0.0,22.316482543945312,28.408124923706055,1.5,0,55,1.0,0.0,0.0,0,0,0,0,0
1779673784.380219,0,0.3499999940395355,0,0,795,900,423158243,31,77,3.039325235931756e-08,-9.808831435975662e-08,30.338682174682617,32.17818069458008,1,0,0.6000000238418579,0,0,1,0,0,8,0,0,0,8,99,1,8.300000190734863,0.0,22.401172637939453,28.408124923706055,1.5,0,55,1.0,0.0,0.0,0,0,0,0,0
1779673784.4006011,0,0.3499999940395355,0,0,795,900,423158243,31,77,2.370673612972496e-08,-7.650888278476486e-08,30.338682174682617,32.17818069458008,1,0,0.6000000238418579,0,0,1,0,0,8,0,0,0,8,99,1,8.300000190734863,0.0,22.56717300415039,28.408124923706055,1.5,0,55,1.0,0.0,0.0,0,0,0,0,0
1779673784.4205656,0,0.3499999940395355,0,0,795,900,423158243,31,77,1.8491252973262817e-08,-5.96769282878995e-08,30.338682174682617,32.17818069458008,1,0,0.6000000238418579,0,0,1,0,0,8,0,0,0,8,99,1,8.300000190734863,0.0,22.733173370361328,28.408124923706055,1.5,0,55,1.0,0.0,0.0,0,0,0,0,0
1779673784.440619,0,0.3499999940395355,0,0,795,900,423158243,32,77,1.4423176430966578e-08,-4.6548002785584686e-08,30.338682174682617,32.17818069458008,1,0,0.6000000238418579,0,0,1,0,0,8,0,0,0,8,99,1,8.300000190734863,0.0,22.899173736572266,28.408124923706055,1.5,0,55,1.0,0.0,0.0,0,0,0,0,0
1779673784.4602473,0,0.3499999940395355,0,0,795,900,423158243,32,77,1.4423176430966578e-08,-4.6548002785584686e-08,30.338682174682617,32.17818069458008,1,0,0.6000000238418579,0,0,1,0,0,8,0,0,0,8,99,1,8.300000190734863,0.0,23.065174102783203,28.408124923706055,1.5,0,55,1.0,0.0,0.0,0,0,0,0,0
1779673784.4803486,0,0.3499999940395355,0,0,795,900,423158243,32,77,1.4423176430966578e-08,-4.6548002785584686e-08,30.338682174682617,32.17818069458008,1,0,0.6000000238418579,0,0,1,0,0,8,0,0,0,8,99,1,8.300000190734863,0.0,23.231170654296875,28.408124923706055,1.5,0,55,1.0,0.0,0.0,0,0,0,0,0
1779673784.500538,0,0.3499999940395355,0,0,795,900,423158243,32,77,1.4423176430966578e-08,-4.6548002785584686e-08,30.338682174682617,32.17818069458008,1,0,0.6000000238418579,0,0,1,0,0,8,0,0,0,8,99,1,8.300000190734863,0.0,23.397171020507812,28.408124923706055,1.5,0,55,1.0,0.0,0.0,0,0,0,0,0
1779673784.5205324,0,0.3499999940395355,0,0,795,900,423158243,32,77,1.4423176430966578e-08,-4.6548002785584686e-08,30.338682174682617,32.17818069458008,1,0,0.6000000238418579,0,0,1,0,0,8,0,0,0,8,99,1,8.300000190734863,0.0,23.563169479370117,28.408124923706055,1.5,0,55,1.0,0.0,0.0,0,0,0,0,0
1779673784.5403676,0,0.3499999940395355,0,0,795,900,423158243,32,77,1.4423176430966578e-08,-4.6548002785584686e-08,30.338682174682617,32.17818069458008,1,0,0.6000000238418579,0,0,1,0,0,8,0,0,0,8,99,1,8.300000190734863,0.0,23.729171752929688,28.408124923706055,1.5,0,55,1.0,0.0,0.0,0,0,0,0,0
1779673784.560433,0,0.3499999940395355,0,0,795,900,423158243,32,77,1.4423176430966578e-08,-4.6548002785584686e-08,30.338682174682617,32.17818069458008,1,0,0.6000000238418579,0,0,1,0,0,8,0,0,0,8,99,1,8.300000190734863,0.0,23.89516830444336,28.408124923706055,1.5,0,55,1.0,0.0,0.0,0,0,0,0,0
1779673784.5804548,0,0.3499999940395355,0,0,795,900,423158243,32,77,1.4423176430966578e-08,-4.6548002785584686e-08,30.338682174682617,32.17818069458008,1,0,0.6000000238418579,0,0,1,0,0,8,0,0,0,8,99,1,8.300000190734863,0.0,24.06117057800293,28.408124923706055,1.5,0,55,1.0,0.0,0.0,0,0,0,0,0
1779673784.6004076,0,0.3499999940395355,0,0,795,900,423158243,32,77,1.4423176430966578e-08,-4.6548002785584686e-08,30.338682174682617,32.17818069458008,1,0,0.6000000238418579,0,0,1,0,0,8,0,0,0,8,99,1,8.300000190734863,0.0,24.227169036865234,28.408124923706055,1.5,0,55,1.0,0.0,0.0,0,0,0,0,0
1779673784.6203218,0,0.3499999940395355,0,0,795,900,423158243,32,77,1.4423176430966578e-08,-4.6548002785584686e-08,30.338682174682617,32.17818069458008,1,0,0.6000000238418579,0,0,1,0,0,8,0,0,0,8,99,1,8.300000190734863,0.0,24.393169403076172,28.408124923706055,1.5,0,55,1.0,0.0,0.0,0,0,0,0,0
1779673784.6403043,0,0.3499999940395355,0,0,795,900,423158243,32,77,1.4423176430966578e-08,-4.6548002785584686e-08,30.338682174682617,32.17818069458008,1,0,0.6000000238418579,0,0,1,0,0,8,0,0,0,8,99,1,8.300000190734863,0.0,24.55916976928711,28.408124923706055,1.5,0,55,1.0,0.0,0.0,0,0,0,0,0
1779673784.660459,0,0.3499999940395355,0,0,795,900,423158243,32,77,1.4423176430966578e-08,-4.6548002785584686e-08,30.338682174682617,32.17818069458008,1,0,0.6000000238418579,0,0,1,0,0,8,0,0,0,8,99,1,8.300000190734863,0.0,24.725170135498047,28.408124923706055,1.5,0,55,1.0,0.0,0.0,0,0,0,0,0
1779673784.6809163,0,0.3499999940395355,0,0,795,900,423158243,32,77,1.4423176430966578e-08,-4.6548002785584686e-08,30.338682174682617,32.17818069458008,1,0,0.6000000238418579,0,0,1,0,0,8,0,0,0,8,99,1,8.300000190734863,0.0,24.891170501708984,28.408124923706055,1.5,0,55,1.0,0.0,0.0,0,0,0,0,0
1779673784.7002587,0,0.3499999940395355,0,0,795,900,423158243,10,77,1.4423176430966578e-08,-4.6548002785584686e-08,30.338682174682617,32.17818069458008,1,0,0.6000000238418579,0,0,1,0,0,8,0,0,0,8,99,1,8.300000190734863,0.0,25.057170867919922,28.408124923706055,1.5,0,55,1.0,0.0,0.0,0,0,0,0,0
1779673784.7204323,0,0.3499999940395355,0,0,795,900,423158243,10,77,1.4423176430966578e-08,-1.7999992370605469,30.338682174682617,32.142181396484375,1,0,0.6000000238418579,0,0,1,0,0,8,0,0,0,8,99,1,8.300000190734863,0.0,25.22325325012207,28.408124923706055,1.5,0,55,1.0,0.0,0.0,0,0,0,0,0
1779673784.7401888,0,0.3499999940395355,0,0,795,900,423158243,10,77,1.4423176430966578e-08,-3.5999984741210938,30.338682174682617,32.0701789855957,1,0,0.6000000238418579,0,0,1,0,0,8,0,0,0,8,99,1,8.300000190734863,0.0,25.389251708984375,28.408124923706055,1.5,0,55,1.0,0.0,0.0,0,0,0,0,0
1779673784.7603614,0,0.3499999940395355,0,0,795,900,423158243,10,77,1.4423176430966578e-08,-5.399997711181641,30.338682174682617,31.962181091308594,1,0,0.6000000238418579,0,0,1,0,0,8,0,0,0,8,99,1,8.300000190734863,0.0,25.555252075195312,28.408124923706055,1.5,0,55,1.0,0.0,0.0,0,0,0,0,0
1779673784.7806115,0,0.3499999940395355,0,0,795,900,423158243,10,77,1.4423176430966578e-08,-7.1999969482421875,30.338682174682617,31.81818199157715,1,0,0.6000000238418579,0,0,1,0,0,8,0,0,0,8,99,1,8.300000190734863,0.0,25.721250534057617,28.408124923706055,1.5,0,55,1.0,0.0,0.0,0,0,0,0,0
1779673784.800574,0,0.3499999940395355,0,0,795,900,423158243,10,77,1.4423176430966578e-08,-8.999996185302734,30.338682174682617,31.638181686401367,1,0,0.6000000238418579,0,0,1,0,0,8,0,0,0,8,99,1,8.300000190734863,0.0,25.887248992919922,28.408124923706055,1.5,0,55,1.0,0.0,0.0,0,0,0,0,0
1779673784.8204353,0,0.3499999940395355,0,0,795,900,423158243,10,77,1.4423176430966578e-08,-10.799995422363281,30.338682174682617,31.422182083129883,1,0,0.6000000238418579,0,0,1,0,0,8,0,0,0,8,99,1,8.300000190734863,0.0,26.053247451782227,28.408124923706055,1.5,0,55,1.0,0.0,0.0,0,0,0,0,0
1779673784.8402638,0,0.3499999940395355,0,0,795,900,423158243,10,77,1.4423176430966578e-08,-12.599994659423828,30.338682174682617,31.170183181762695,1,0,0.6000000238418579,0,0,1,0,0,8,0,0,0,8,99,1,8.300000190734863,0.0,26.219165802001953,28.408124923706055,1.5,0,55,1.0,0.0,0.0,0,0,0,0,0
1779673784.8603323,0,0.3499999940395355,0,0,795,900,423158243,10,77,1.4423176430966578e-08,-14.399993896484375,30.338682174682617,30.882183074951172,1,0,0.6000000238418579,0,0,1,0,0,8,0,0,0,8,99,1,8.300000190734863,0.0,26.38516616821289,28.408124923706055,1.5,0,55,1.0,0.0,0.0,0,0,0,0,0
1779673784.8805115,0,0.3499999940395355,0,0,795,900,423158243,10,77,1.4423176430966578e-08,-16.199993133544922,30.338682174682617,30.558183670043945,1,0,0.6000000238418579,0,0,1,0,0,8,0,0,0,8,99,1,8.300000190734863,0.0,26.551166534423828,28.408124923706055,1.5,0,55,1.0,0.0,0.0,0,0,0,0,0
1779673784.900553,0,0.3499999940395355,0,0,795,900,423158243,10,77,1.4423176430966578e-08,-17.99999237060547,30.338682174682617,30.198183059692383,1,0,0.6000000238418579,0,0,1,0,0,8,0,0,0,8,99,1,8.300000190734863,0.0,26.717164993286133,28.408124923706055,1.5,0,55,1.0,0.0,0.0,0,0,0,0,0
1779673784.9204834,0,0.3499999940395355,0,0,795,900,423158243,10,77,1.4423176430966578e-08,-19.799991607666016,30.338682174682617,29.802183151245117,1,0,0.6000000238418579,0,0,1,0,0,8,0,0,0,8,99,1,8.300000190734863,0.0,26.883163452148438,28.408124923706055,1.5,0,55,1.0,0.0,0.0,0,0,1,0,0
1779673784.9404097,0,0.3499999940395355,1,0,795,900,423158243,10,77,1.4423176430966578e-08,-21.599990844726562,30.338682174682617,29.37018394470215,0,0,0.6000000238418579,0,0,1,0,0,8,0,1,0,8,99,1,8.300000190734863,0.0,27.049163818359375,28.408124923706055,1.5,0,55,1.0,0.0,0.0,0,0,1,0,0
1779673784.9607503,0,0.3499999940395355,1,0,795,900,423158243,10,77,1.4423176430966578e-08,-23.39999008178711,30.338682174682617,28.902183532714844,0,0,0.6000000238418579,0,0,1,0,0,8,0,1,0,8,99,1,8.300000190734863,0.0,27.21524429321289,28.408124923706055,1.5,0,55,1.0,0.0,0.0,0,0,1,0,0
1779673784.9803226,0,0.3499999940395355,1,0,774,900,423158243,11,77,0.0,0.0,30.338682174682617,28.56183624267578,0,0,0.6000000238418579,0,0,1,0,0,8,0,1,0,8,99,1,-3.75,0.0,27.381240844726562,28.408124923706055,1.5,0,66,1.0,0.0,0.0,0,0,1,0,0
1779673785.000495,0,0.3499999940395355,1,0,774,900,423158243,11,77,0.0,0.0,30.638681411743164,28.56184959411621,0,0,0.6000000238418579,0,0,1,0,0,8,0,1,0,8,99,1,-3.75,0.0,27.424205780029297,28.408124923706055,1.5,0,66,1.0,0.0,0.0,0,0,0,0,0
1779673785.0205235,0,0.3499999940395355,1,0,774,900,423158243,11,77,0.0,0.0,30.93868064880371,28.561859130859375,0,0,0.6000000238418579,0,0,1,0,0,8,0,1,0,8,99,1,-3.75,0.0,27.349206924438477,28.408124923706055,1.5,0,66,1.0,0.0,0.0,0,0,0,0,0
1779673785.0403633,0,0.3499999940395355,1,0,774,900,423158243,11,77,0.0,0.0,31.238679885864258,28.561864852905273,1,0,0.6000000238418579,0,0,1,0,0,8,0,1,0,8,99,1,-3.75,0.0,27.274206161499023,28.408124923706055,1.5,0,66,1.0,0.0,0.0,0,0,0,0,0
1779673785.0604053,0,0.3499999940395355,1,0,774,900,423158243,11,77,0.0,0.0,31.538679122924805,28.56186866760254,1,0,0.6000000238418579,0,0,1,0,0,8,0,1,0,8,99,1,-3.75,0.0,27.199241638183594,28.408124923706055,1.5,0,66,1.0,0.0,0.0,0,0,0,0,0
1779673785.0804627,0,0.3499999940395355,1,0,774,900,423158243,11,77,0.0,0.0,31.83867835998535,28.561870574951172,1,0,0.6000000238418579,0,0,1,0,0,8,0,1,0,8,99,1,-3.75,0.0,27.12424087524414,28.408124923706055,1.5,0,66,1.0,0.0,0.0,0,0,0,0,0
1779673785.1004415,0,0.3499999940395355,1,0,774,900,423158243,11,77,0.0,0.0,32.13867950439453,28.561870574951172,1,0,0.6000000238418579,0,0,1,0,0,8,0,1,0,8,99,1,-3.75,0.0,27.049240112304688,28.408124923706055,1.5,0,66,1.0,0.0,0.0,0,0,0,0,0
1779673785.1203454,0,0.3499999940395355,1,0,774,900,423158243,11,77,0.0,0.0,32.43867874145508,28.561870574951172,1,0,0.6000000238418579,0,0,1,0,0,8,0,1,0,8,99,1,-3.75,0.0,26.9742431640625,28.408124923706055,1.5,0,66,1.0,0.0,0.0,0,0,0,0,0
1779673785.1405194,0,0.3499999940395355,1,0,774,900,423158243,11,77,0.0,0.0,32.738677978515625,28.561870574951172,1,0,0.6000000238418579,0,0,1,0,0,8,0,1,0,8,99,1,-3.75,0.0,26.899240493774414,28.408124923706055,1.5,0,66,1.0,0.0,0.0,0,0,0,0,0
1779673785.1606565,0,0.3499999940395355,1,0,774,900,423158243,11,77,0.0,0.0,32.738677978515625,28.561870574951172,1,0,0.6000000238418579,0,0,1,0,0,8,0,1,0,8,99,1,-3.75,0.0,26.82423973083496,28.408124923706055,1.5,0,66,1.0,0.0,0.0,0,0,0,0,0
1779673785.1804616,0,0.3499999940395355,1,0,774,900,423158243,11,77,0.0,0.0,32.738677978515625,28.561870574951172,1,0,0.6000000238418579,0,0,1,0,0,8,0,1,0,8,99,1,8.300000190734863,0.0,26.87214469909668,28.408124923706055,1.5,0,66,1.0,0.0,0.0,0,0,0,0,0
1779673785.2007551,0,0.3499999940395355,1,0,774,900,423158243,11,77,0.0,0.0,32.738677978515625,28.561870574951172,1,0,0.6000000238418579,0,0,1,0,0,8,0,1,0,8,99,1,8.300000190734863,0.0,27.038232803344727,28.408124923706055,1.5,0,66,1.0,0.0,0.0,0,0,0,0,0
1779673785.22062,0,0.3499999940395355,1,0,774,900,423158243,69,77,0.0,0.0,32.738677978515625,28.561870574951172,1,0,0.6000000238418579,0,0,1,0,0,8,0,1,0,8,99,1,8.300000190734863,0.0,27.204235076904297,28.408124923706055,1.5,0,66,1.0,0.0,0.0,0,0,0,0,0
1779673785.2406769,0,0.3499999940395355,1,0,774,900,423158243,69,77,0.0,0.0,32.738677978515625,28.561870574951172,1,0,0.6000000238418579,0,0,1,0,0,8,0,1,0,8,99,1,8.300000190734863,0.0,27.370235443115234,28.408124923706055,1.5,0,66,1.0,0.0,0.0,0,0,0,0,0
1779673785.260462,0,0.3499999940395355,1,0,774,900,423158243,69,77,0.0,0.0,32.738677978515625,28.561870574951172,1,0,0.6000000238418579,0,0,1,0,0,8,0,1,0,8,99,1,8.300000190734863,0.0,27.536235809326172,28.408124923706055,1.5,0,66,1.0,0.0,0.0,0,0,0,0,0
1779673785.2805278,0,0.3499999940395355,1,0,774,900,423158243,69,77,0.0,0.0,32.738677978515625,28.561870574951172,1,0,0.6000000238418579,0,0,1,0,0,8,0,1,0,8,99,1,8.300000190734863,0.0,27.70223617553711,28.408124923706055,1.5,0,66,1.0,0.0,0.0,0,0,0,0,0
1779673785.3004713,0,0.3499999940395355,0,0,774,900,423158243,69,77,0.0,0.0,32.738677978515625,28.561870574951172,1,0,0.6000000238418579,0,0,1,0,0,8,0,0,0,8,99,1,8.300000190734863,0.0,27.86823272705078,28.408124923706055,1.5,0,66,1.0,0.0,0.0,0,0,0,0,0
1779673785.3206484,0,0.3499999940395355,0,0,774,900,423158243,69,77,0.0,0.0,32.738677978515625,28.561870574951172,1,0,0.6000000238418579,0,0,1,0,0,8,0,0,0,8,99,1,8.300000190734863,0.0,28.03423309326172,28.408124923706055,1.5,0,66,1.0,0.0,0.0,0,0,0,0,0
1779673785.3402917,0,0.3499999940395355,0,0,774,900,423158243,69,77,0.0,0.0,32.738677978515625,28.561870574951172,1,0,0.6000000238418579,0,0,1,0,0,8,0,0,0,8,99,1,8.300000190734863,0.0,28.200153350830078,28.408124923706055,1.5,0,66,1.0,0.0,0.0,0,0,0,0,0
1779673785.3604705,0,0.3499999940395355,0,0,774,900,423158243,69,77,0.0,0.0,32.738677978515625,28.561870574951172,1,0,0.6000000238418579,0,0,1,0,0,8,0,0,0,8,99,1,8.300000190734863,0.0,28.366146087646484,28.408124923706055,1.5,0,66,1.0,0.0,0.0,0,0,1,0,0
1779673785.3803415,0,0.3499999940395355,1,0,774,900,423158243,69,77,0.0,0.0,32.738677978515625,28.561870574951172,0,0,0.6000000238418579,0,0,1,0,0,8,0,1,0,8,99,1,8.300000190734863,0.0,28.532146453857422,28.408124923706055,1.5,0,66,1.0,0.0,0.0,0,0,1,0,0
1779673785.4005978,0,0.3499999940395355,1,0,774,900,423158243,69,77,0.0,0.0,32.738677978515625,28.561870574951172,0,0,0.6000000238418579,0,0,1,0,0,8,0,1,0,8,99,1,8.300000190734863,0.0,28.698143005371094,28.408124923706055,1.5,0,66,1.0,0.0,0.0,0,0,1,0,0
1779673785.4204764,0,0.3499999940395355,1,0,774,900,423158243,69,77,0.0,0.0,32.738677978515625,28.561870574951172,0,0,0.6000000238418579,0,0,1,0,0,8,0,1,0,8,99,1,8.300000190734863,0.0,28.86414337158203,28.408124923706055,1.5,0,66,1.0,0.0,0.0,0,0,1,0,0
1779673785.4404676,0,0.3499999940395355,1,0,774,900,423158243,69,77,0.0,0.0,32.738677978515625,28.561870574951172,0,0,0.6000000238418579,0,0,1,0,0,8,0,1,0,8,99,1,8.300000190734863,0.0,29.03014373779297,28.408124923706055,1.5,0,66,1.0,0.0,0.0,0,0,1,0,0
1779673785.460611,0,0.3499999940395355,1,0,753,900,423158243,69,77,0.0,0.0,32.738677978515625,28.561870574951172,0,0,0.6000000238418579,0,0,1,0,0,8,0,1,0,8,99,1,-3.75,0.0,29.196144104003906,28.408124923706055,1.5,0,77,1.0,0.0,0.0,0,0,1,0,0
1779673785.480268,0,0.3499999940395355,1,0,753,900,423158243,45,77,-8.0,0.0,33.03867721557617,28.561870574951172,1,0,0.6000000238418579,0,0,1,0,0,8,0,1,0,8,99,1,-3.75,0.0,29.239246368408203,28.408124923706055,1.5,0,77,1.0,0.0,0.0,0,0,1,0,0
1779673785.5006168,0,0.3499999940395355,1,0,753,900,423158243,45,77,-8.0,0.0,33.17867660522461,28.561870574951172,1,0,0.6000000238418579,0,0,1,0,0,8,0,1,0,8,99,1,-3.75,0.0,29.164247512817383,28.408124923706055,1.5,0,77,1.0,0.0,0.0,0,0,0,0,0
1779673785.5203078,0,0.3499999940395355,1,0,753,900,423158243,45,77,-8.0,0.0,33.31867599487305,28.561870574951172,1,0,0.6000000238418579,0,0,1,0,0,8,0,1,0,8,99,1,-3.75,0.0,29.089248657226562,28.408124923706055,1.5,0,77,1.0,0.0,0.0,0,0,0,0,0
1779673785.5401063,0,0.3499999940395355,1,0,753,900,423158243,45,77,-8.0,0.0,33.458675384521484,28.561870574951172,1,0,0.6000000238418579,0,0,1,0,0,8,0,1,0,8,99,1,-3.75,0.0,29.01424789428711,28.408124923706055,1.5,0,77,1.0,0.0,0.0,0,0,0,0,0
1779673785.5602996,0,0.3499999940395355,1,0,753,900,423158243,45,77,-8.0,0.0,33.59867477416992,28.561870574951172,1,0,0.6000000238418579,0,0,1,0,0,8,0,1,0,8,99,1,-3.75,0.0,28.939247131347656,28.408124923706055,1.5,0,77,1.0,0.0,0.0,0,0,0,0,0
1779673785.580351,0,0.3499999940395355,1,0,753,900,423158243,45,77,-8.0,0.0,33.73867416381836,28.561870574951172,1,0,0.6000000238418579,0,0,1,0,0,8,0,1,0,8,99,1,-3.75,0.0,28.864246368408203,28.408124923706055,1.5,0,77,1.0,0.0,0.0,0,0,0,0,0
1779673785.600745,0,0.3499999940395355,1,0,753,900,423158243,45,77,-8.0,0.0,33.8786735534668,28.561870574951172,1,0,0.6000000238418579,0,0,1,0,0,8,0,1,0,8,99,1,-3.75,0.0,28.789247512817383,28.408124923706055,1.5,0,77,1.0,0.0,0.0,0,0,0,0,0
1779673785.620311,0,0.3499999940395355,1,0,753,900,423158243,45,77,-8.0,0.0,34.018672943115234,28.561870574951172,1,0,0.6000000238418579,0,0,1,0,0,8,0,1,0,8,99,1,-3.75,0.0,28.71424674987793,28.408124923706055,1.5,0,77,1.0,0.0,0.0,0,0,0,0,0
1779673785.64083,0,0.3499999940395355,1,0,753,900,423158243,45,77,-8.0,0.0,33.858673095703125,28.561870574951172,1,0,0.6000000238418579,0,0,1,0,0,8,0,1,0,8,99,1,-3.75,0.0,28.639245986938477,28.408124923706055,1.5,0,77,1.0,0.0,0.0,0,0,0,0,0
1779673785.6604533,0,0.3499999940395355,1,0,753,900,423158243,45,77,-8.0,0.0,33.698673248291016,28.561870574951172,1,0,0.6000000238418579,0,0,1,0,0,8,0,1,0,8,99,1,8.300000190734863,0.0,28.68712043762207,28.408124923706055,1.5,0,77,1.0,0.0,0.0,0,0,0,0,0
1779673785.6802852,0,0.3499999940395355,1,0,753,900,423158243,45,77,-8.0,0.0,33.538673400878906,28.561870574951172,1,0,0.6000000238418579,0,0,1,0,0,8,0,1,0,8,99,1,8.300000190734863,0.0,28.853118896484375,28.408124923706055,1.5,0,77,1.0,0.0,0.0,0,0,0,0,0
1779673785.7004964,0,0.3499999940395355,1,0,753,900,423158243,45,77,-8.0,0.0,33.3786735534668,28.561870574951172,1,0,0.6000000238418579,0,0,1,0,0,8,0,1,0,8,99,1,8.300000190734863,0.0,29.01911735534668,28.408124923706055,1.5,0,77,1.0,0.0,0.0,0,0,0,0,0
1779673785.7203386,0,0.3499999940395355,1,0,753,900,423158243,45,77,-8.0,0.0,33.21867370605469,28.561870574951172,1,0,0.6000000238418579,0,0,1,0,0,8,0,1,0,8,99,1,8.300000190734863,0.0,29.185115814208984,28.408124923706055,1.5,0,77,1.0,0.0,0.0,0,0,0,0,0
1779673785.740205,0,0.3499999940395355,0,0,753,900,423158243,45,77,-8.0,0.0,33.05867385864258,28.561870574951172,1,0,0.6000000238418579,0,0,1,0,0,8,0,0,0,8,99,1,8.300000190734863,0.0,29.351118087768555,28.408124923706055,1.5,0,77,1.0,0.0,0.0,0,0,0,0,0
1779673785.760468,0,0.3499999940395355,0,0,753,900,423158243,45,77,-8.0,0.0,32.89867401123047,28.561870574951172,1,0,0.6000000238418579,0,0,1,0,0,8,0,0,0,8,99,1,8.300000190734863,0.0,29.517114639282227,28.408124923706055,1.5,0,77,1.0,0.0,0.0,0,0,0,0,0
1779673785.780501,0,0.3499999940395355,0,0,753,900,423158243,45,77,-8.0,0.0,32.73867416381836,28.561870574951172,1,0,0.6000000238418579,0,0,1,0,0,8,0,0,0,8,99,1,8.300000190734863,0.0,29.683116912841797,28.408124923706055,1.5,0,77,1.0,0.0,0.0,0,0,0,0,0
1779673785.8004012,0,0.3499999940395355,0,0,753,900,423158243,45,77,-8.0,0.0,32.57867431640625,28.561870574951172,1,0,0.6000000238418579,0,0,1,0,0,8,0,0,0,8,99,1,8.300000190734863,0.0,29.84911346435547,28.408124923706055,1.5,0,77,1.0,0.0,0.0,0,0,0,0,0
1779673785.8204627,0,0.3499999940395355,0,0,753,900,423158243,45,77,-8.0,0.0,32.41867446899414,28.561870574951172,1,0,0.6000000238418579,0,0,1,0,0,8,0,0,0,8,99,1,8.300000190734863,0.0,30.015113830566406,28.408124923706055,1.5,0,77,1.0,0.0,0.0,0,0,0,0,0
1779673785.8403983,0,0.3499999940395355,0,0,753,900,423158243,45,77,-8.0,0.0,32.25867462158203,28.561870574951172,1,0,0.6000000238418579,0,0,1,0,0,8,0,0,0,8,99,1,8.300000190734863,0.0,30.181114196777344,28.408124923706055,1.5,0,77,1.0,0.0,0.0,0,0,1,0,0
1779673785.86032,0,0.3499999940395355,1,0,753,900,423158243,45,77,-8.0,0.0,32.09867477416992,28.561870574951172,0,0,0.6000000238418579,0,0,1,0,0,8,0,1,0,8,99,1,8.300000190734863,0.0,30.34711456298828,28.408124923706055,1.5,0,77,1.0,0.0,0.0,0,0,1,0,0
1779673785.88049,0,0.3499999940395355,1,0,753,900,423158243,45,77,-8.0,0.0,31.938674926757812,28.561870574951172,0,0,0.6000000238418579,0,0,1,0,0,8,0,1,0,8,99,1,8.300000190734863,0.0,30.51311492919922,28.408124923706055,1.5,0,77,1.0,0.0,0.0,0,0,1,0,0
1779673785.9005473,0,0.3499999940395355,1,0,732,900,423158243,54,77,-8.0,0.0,31.778675079345703,28.561870574951172,0,0,0.6000000238418579,0,0,1,0,0,8,0,1,0,8,99,1,-3.75,0.0,30.679113388061523,28.408124923706055,1.5,0,88,1.0,0.0,0.0,0,0,1,0,0
1779673785.9205225,0,0.3499999940395355,1,0,732,900,423158243,54,77,-8.0,0.0,31.91867446899414,28.561870574951172,0,0,0.6000000238418579,0,0,1,0,0,8,0,1,0,8,99,1,-3.75,0.0,30.72225570678711,28.408124923706055,1.5,0,88,1.0,0.0,0.0,0,0,1,0,0
1779673785.9401739,0,0.3499999940395355,1,0,732,900,423158243,54,77,-8.0,0.0,32.05867385864258,28.561870574951172,0,0,0.6000000238418579,0,0,1,0,0,8,0,1,0,8,99,1,-3.75,0.0,30.647254943847656,28.408124923706055,1.5,0,88,1.0,0.0,0.0,0,0,1,0,0
1779673785.9603562,0,0.3499999940395355,1,0,732,900,423158243,54,77,-8.0,0.0,32.198673248291016,28.561870574951172,1,0,0.6000000238418579,0,0,1,0,0,8,0,1,0,8,99,1,-3.75,0.0,30.572219848632812,28.408124923706055,1.5,0,88,1.0,0.0,0.0,0,0,0,0,0
1779673785.9803102,0,0.3499999940395355,1,0,732,900,423158243,54,77,-8.0,0.0,32.33867263793945,28.561870574951172,1,0,0.6000000238418579,0,0,1,0,0,8,0,1,0,8,99,1,-3.75,0.0,30.49721908569336,28.408124923706055,1.5,0,88,0.0,0.0,0.0,0,0,0,0,0
1779673786.000569,0,0.3499999940395355,1,0,732,900,423158243,54,77,-8.0,0.0,32.47867202758789,28.561870574951172,1,0,0.6000000238418579,0,0,1,0,0,8,0,1,0,8,99,1,-3.75,0.0,30.42225456237793,28.408124923706055,1.5,0,88,0.0,0.0,0.0,0,0,0,0,0
1779673786.020245,0,0.3499999940395355,1,0,732,900,423158243,54,77,-8.0,0.0,32.61867141723633,28.561870574951172,1,0,0.6000000238418579,0,0,1,0,0,8,0,1,0,8,99,1,-3.75,0.0,30.347253799438477,28.408124923706055,1.5,0,88,0.0,0.0,0.0,0,0,0,0,0
1779673786.040296,0,0.3499999940395355,1,0,732,900,423158243,54,77,-8.0,0.0,32.758670806884766,28.561870574951172,1,0,0.6000000238418579,0,0,1,0,0,8,0,1,0,8,99,1,-3.75,0.0,30.272254943847656,28.408124923706055,1.5,0,88,0.0,0.0,0.0,0,0,0,0,0
1779673786.0605788,0,0.3499999940395355,1,0,732,900,423158243,54,77,-8.0,0.0,32.8986701965332,28.561870574951172,1,0,0.6000000238418579,0,0,1,0,0,8,0,1,0,8,99,1,-3.75,0.0,30.197254180908203,28.408124923706055,1.5,0,88,0.0,0.0,0.0,0,0,0,0,0
1779673786.0806859,0,0.3499999940395355,1,0,732,900,423158243,54,77,-8.0,0.0,32.738670349121094,28.561870574951172,1,0,0.6000000238418579,0,0,1,0,0,8,0,1,0,8,99,1,-3.75,0.0,30.122215270996094,28.408124923706055,1.5,0,88,0.0,0.0,0.0,0,0,0,0,0
1779673786.1006417,0,0.3499999940395355,1,0,732,900,423158243,54,77,-8.0,0.0,32.578670501708984,28.561870574951172,1,0,0.6000000238418579,0,0,1,0,0,8,0,1,0,8,99,1,0.0,0.0,30.08548355102539,28.408124923706055,1.5,0,88,0.0,0.0,0.0,0,0,0,0,0
1779673786.1204803,0,0.3499999940395355,1,0,732,900,423158243,54,77,-8.0,0.0,32.418670654296875,28.561870574951172,1,0,0.6000000238418579,0,0,1,0,0,8,0,1,0,8,99,1,0.0,0.0,30.08548355102539,28.408124923706055,1.5,0,88,0.0,0.0,0.0,0,0,0,0,0
1779673786.140448,0,0.3499999940395355,1,0,732,900,423158243,54,77,-8.0,0.0,32.258670806884766,28.561870574951172,1,0,0.6000000238418579,0,0,1,0,0,8,0,1,0,8,99,1,0.0,0.0,30.08548355102539,28.408124923706055,1.5,0,88,0.0,0.0,0.0,0,0,0,0,0
1779673786.1607165,0,0.3499999940395355,1,0,732,900,423158243,54,77,-8.0,0.0,32.098670959472656,28.561870574951172,1,0,0.6000000238418579,0,0,1,0,0,8,0,1,0,8,99,1,0.0,0.0,30.08548355102539,28.408124923706055,1.5,0,88,0.0,0.0,0.0,0,0,0,0,0
1779673786.1807764,0,0.3499999940395355,1,0,732,900,423158243,54,77,-8.0,0.0,31.938671112060547,28.561870574951172,1,0,0.6000000238418579,0,0,1,0,0,8,0,1,0,8,99,1,0.0,0.0,30.08548355102539,28.408124923706055,1.5,0,88,0.0,0.0,0.0,0,0,0,0,0
1779673786.2005467,0,0.3499999940395355,1,0,732,900,423158243,35,77,0.0,0.0,31.778671264648438,28.561870574951172,1,0,0.6000000238418579,0,0,1,0,0,8,0,1,0,8,99,1,0.0,0.0,30.08548355102539,28.408124923706055,1.5,0,88,0.0,0.0,0.0,0,0,0,0,0
1779673786.220886,0,0.3499999940395355,0,0,732,900,423158243,35,77,0.0,0.0,31.77867317199707,28.561870574951172,1,0,0.6000000238418579,0,0,1,0,0,8,0,0,0,8,99,1,0.0,0.0,30.08548355102539,28.408124923706055,1.5,0,88,0.0,0.0,0.0,0,0,0,0,0
1779673786.2405398,0,0.3499999940395355,0,0,732,900,423158243,35,77,0.0,0.0,31.77867317199707,28.561870574951172,1,0,0.6000000238418579,0,0,1,0,0,8,0,0,0,8,99,1,0.0,0.0,30.08548355102539,28.408124923706055,1.5,0,88,0.0,0.0,0.0,0,0,1,0,0
1779673786.2607121,0,0.3499999940395355,0,0,732,900,423158243,35,77,0.0,0.0,31.77867317199707,28.561870574951172,1,0,0.6000000238418579,0,0,1,0,0,8,0,0,0,8,99,1,0.0,0.0,30.08548355102539,28.408124923706055,1.5,0,88,1.0,0.0,0.0,0,0,1,0,0
1779673786.2806916,0,0.3499999940395355,1,0,732,900,423158243,35,77,0.0,0.0,31.77867317199707,28.561870574951172,0,0,0.6000000238418579,0,0,1,0,0,8,0,1,0,8,99,1,0.0,0.0,30.08548355102539,28.408124923706055,1.5,0,88,1.0,0.0,0.0,0,0,1,0,0
1779673786.3006082,0,0.3499999940395355,1,0,732,900,423158243,35,77,0.0,0.0,31.77867317199707,28.561870574951172,0,0,0.6000000238418579,0,0,1,0,0,8,0,1,0,8,99,1,8.300000190734863,0.0,30.170196533203125,28.408124923706055,1.5,0,88,1.0,0.0,0.0,0,0,1,0,0
1779673786.320755,0,0.3499999940395355,1,0,711,900,423158243,35,77,0.0,0.0,31.77867317199707,28.561870574951172,0,0,0.6000000238418579,0,0,1,0,0,8,0,1,0,8,99,1,-3.75,0.0,30.336193084716797,28.408124923706055,1.5,0,99,1.0,0.0,0.0,0,0,1,0,0
1779673786.3405101,0,0.3499999940395355,1,0,711,900,423158243,35,77,0.0,0.0,32.07867431640625,28.561870574951172,0,0,0.6000000238418579,0,0,1,0,0,8,0,1,0,8,99,1,-3.75,0.0,30.379213333129883,28.408124923706055,1.5,0,99,0.0,0.0,0.0,0,0,0,0,0
1779673786.3606625,0,0.3499999940395355,1,0,711,900,423158243,35,77,0.0,0.0,32.37866973876953,28.561870574951172,0,0,0.6000000238418579,0,0,1,0,0,8,0,1,0,8,99,1,-3.75,0.0,30.30421257019043,28.408124923706055,1.5,0,99,0.0,0.0,0.0,0,0,0,0,0
1779673786.38048,0,0.3499999940395355,1,0,711,900,423158243,35,77,0.0,0.0,32.67866516113281,28.561870574951172,1,0,0.6000000238418579,0,0,1,0,0,8,0,1,0,8,99,1,-3.75,0.0,30.22921371459961,28.408124923706055,1.5,0,99,0.0,0.0,0.0,0,0,0,0,0
1779673786.4004178,0,0.3499999940395355,1,0,711,900,423158243,35,77,0.0,0.0,32.978660583496094,28.561870574951172,1,0,0.6000000238418579,0,0,1,0,0,8,0,1,0,8,99,1,-3.75,0.0,30.154212951660156,28.408124923706055,1.5,0,99,0.0,0.0,0.0,0,0,0,0,0
1779673786.420435,0,0.3499999940395355,1,0,711,900,423158243,35,77,0.0,0.0,33.278656005859375,28.561870574951172,1,0,0.6000000238418579,0,0,1,0,0,8,0,1,0,8,99,1,-3.75,0.0,30.079212188720703,28.408124923706055,1.5,0,99,0.0,0.0,0.0,0,0,0,0,0
1779673786.4404607,0,0.3499999940395355,1,0,711,900,423158243,35,77,0.0,0.0,33.578651428222656,28.561870574951172,1,0,0.6000000238418579,0,0,1,0,0,8,0,1,0,8,99,1,-3.75,0.0,30.00421142578125,28.408124923706055,1.5,0,99,0.0,0.0,0.0,0,0,0,0,0
1779673786.4605296,0,0.3499999940395355,1,0,711,900,423158243,35,77,0.0,0.0,33.87864685058594,28.561870574951172,1,0,0.6000000238418579,0,0,1,0,0,8,0,1,0,8,99,1,-3.75,0.0,29.929248809814453,28.408124923706055,1.5,0,99,0.0,0.0,0.0,0,0,0,0,0
1779673786.4805365,0,0.3499999940395355,1,0,711,900,423158243,35,77,0.0,0.0,34.17864227294922,28.561870574951172,1,0,0.6000000238418579,0,0,1,0,0,8,0,1,0,8,99,1,-3.75,0.0,29.854248046875,28.408124923706055,1.5,0,99,0.0,0.0,0.0,0,0,0,0,0
1779673786.500748,0,0.3499999940395355,1,0,711,900,423158243,35,77,0.0,0.0,34.17864227294922,28.561870574951172,1,0,0.6000000238418579,0,0,1,0,0,8,0,1,0,8,99,1,-3.75,0.0,29.779247283935547,28.408124923706055,1.5,0,99,0.0,0.0,0.0,0,0,0,0,0
1779673786.5207758,0,0.3499999940395355,1,0,711,900,423158243,35,77,0.0,0.0,34.17864227294922,28.561870574951172,1,0,0.6000000238418579,0,0,1,0,0,8,0,1,0,8,99,1,0.0,0.0,29.742477416992188,28.408124923706055,1.5,0,99,0.0,0.0,0.0,0,0,0,0,0
1779673786.5409286,0,0.3499999940395355,1,0,711,900,423158243,35,77,0.0,0.0,34.17864227294922,28.561870574951172,1,0,0.6000000238418579,0,0,1,0,0,8,0,1,0,8,99,1,0.0,0.0,29.742477416992188,28.408124923706055,1.5,0,99,0.0,0.0,0.0,0,0,0,0,0
1779673786.562009,0,0.3499999940395355,1,0,711,900,423158243,35,77,0.0,0.0,34.17864227294922,28.561870574951172,1,0,0.6000000238418579,0,0,1,0,0,8,0,1,0,8,99,1,0.0,0.0,29.742477416992188,28.408124923706055,1.5,0,99,0.0,0.0,0.0,0,0,0,0,0
1779673786.5815904,0,0.3499999940395355,1,0,711,900,423158243,35,77,0.0,0.0,34.17864227294922,28.561870574951172,1,0,0.6000000238418579,0,0,1,0,0,8,0,1,0,8,99,1,0.0,0.0,29.742477416992188,28.408124923706055,1.5,0,99,0.0,0.0,0.0,0,0,0,0,0
1779673786.600776,0,0.3499999940395355,1,0,711,900,423158243,35,77,0.0,0.0,34.17864227294922,28.561870574951172,1,0,0.6000000238418579,0,0,1,0,0,8,0,1,0,8,99,1,0.0,0.0,29.742477416992188,28.408124923706055,1.5,0,99,0.0,0.0,0.0,0,0,0,0,0
1779673786.620617,0,0.3499999940395355,0,0,711,900,423158243,35,77,0.0,0.0,34.17864227294922,28.561870574951172,1,0,0.6000000238418579,0,0,1,0,0,8,0,0,0,8,99,1,0.0,0.0,29.742477416992188,28.408124923706055,1.5,0,99,0.0,0.0,0.0,0,0,0,0,0
1779673786.6405885,0,0.3499999940395355,0,0,711,900,423158243,35,77,0.0,0.0,34.17864227294922,28.561870574951172,1,0,0.6000000238418579,0,0,1,0,0,8,0,0,0,8,99,1,0.0,0.0,29.742477416992188,28.408124923706055,1.5,0,99,0.0,0.0,0.0,0,0,0,0,0
1779673786.6608117,0,0.3499999940395355,0,0,711,900,423158243,35,77,0.0,0.0,34.17864227294922,28.561870574951172,1,0,0.6000000238418579,0,0,1,0,0,8,0,0,0,8,99,1,0.0,0.0,29.742477416992188,28.408124923706055,1.5,0,99,1.0,0.0,0.0,0,0,0,0,0
1779673786.6805773,0,0.3499999940395355,0,0,711,900,423158243,35,77,0.0,0.0,34.17864227294922,28.561870574951172,1,0,0.6000000238418579,0,0,1,0,0,8,0,0,0,8,99,1,0.0,0.0,29.742477416992188,28.408124923706055,1.5,0,99,1.0,0.0,0.0,0,0,0,0,0
1779673786.700878,0,0.3499999940395355,0,0,711,900,423158243,35,77,0.0,0.0,34.17864227294922,28.561870574951172,1,0,0.6000000238418579,0,0,1,0,0,8,0,0,0,8,99,1,8.300000190734863,0.0,29.82707977294922,28.408124923706055,1.5,0,99,1.0,0.0,0.0,0,0,0,0,0
1779673786.7214084,0,0.3499999940395355,0,0,711,900,423158243,35,77,0.0,0.0,34.17864227294922,28.561870574951172,1,0,0.6000000238418579,0,0,1,0,0,8,0,0,0,8,99,1,8.300000190734863,0.0,29.9931640625,28.408124923706055,1.5,0,99,1.0,0.0,0.0,0,0,0,0,0
1779673786.7403543,0,0.3499999940395355,0,0,711,900,423158243,35,77,0.0,0.0,34.17864227294922,28.561870574951172,1,0,0.6000000238418579,0,0,1,0,0,8,0,0,0,8,99,1,8.300000190734863,0.0,30.159082412719727,28.408124923706055,1.5,0,99,1.0,0.0,0.0,0,0,0,0,0
1779673786.7604516,0,0.3499999940395355,0,0,711,900,423158243,35,77,0.0,0.0,34.17864227294922,28.561870574951172,1,0,0.6000000238418579,0,0,1,0,0,8,0,0,0,8,99,1,8.300000190734863,0.0,30.32508087158203,28.408124923706055,1.5,0,99,1.0,0.0,0.0,0,0,0,0,0
1779673786.7803671,0,0.3499999940395355,0,0,711,900,423158243,35,77,0.0,0.0,34.17864227294922,28.561870574951172,1,0,0.6000000238418579,0,0,1,0,0,8,0,0,0,8,99,1,8.300000190734863,0.0,30.491079330444336,28.408124923706055,1.5,0,99,1.0,0.0,0.0,0,0,0,0,0
1779673786.8002698,0,0.3499999940395355,0,0,711,900,423158243,35,77,0.0,0.0,34.17864227294922,28.561870574951172,1,0,0.6000000238418579,0,0,1,0,0,8,0,0,0,8,99,1,8.300000190734863,0.0,30.65707778930664,28.408124923706055,1.5,0,99,1.0,0.0,0.0,0,0,0,0,0
1779673786.820701,0,0.3499999940395355,0,0,711,900,423158243,35,77,0.0,0.0,34.17864227294922,28.561870574951172,1,0,0.6000000238418579,0,0,1,0,0,8,0,0,0,8,99,1,8.300000190734863,0.0,30.823074340820312,28.408124923706055,1.5,0,99,1.0,0.0,0.0,0,0,0,0,0
1779673786.8405242,0,0.3499999940395355,0,0,711,900,423158243,35,77,0.0,0.0,34.17864227294922,28.561870574951172,1,0,0.6000000238418579,0,0,1,0,0,8,0,0,0,8,99,1,8.300000190734863,0.0,30.989076614379883,28.408124923706055,1.5,0,99,1.0,0.0,0.0,0,0,0,0,0
1779673786.8606238,0,0.3499999940395355,0,0,711,900,423158243,35,77,0.0,0.0,34.17864227294922,28.561870574951172,1,0,0.6000000238418579,0,0,1,0,0,8,0,0,0,8,99,1,8.300000190734863,0.0,31.155071258544922,28.408124923706055,1.5,0,99,1.0,0.0,0.0,1,0,0,0,0
1779673786.8803694,0,0.3499999940395355,0,0,711,900,423158243,35,77,0.0,0.0,34.17864227294922,28.561870574951172,1,0,0.6000000238418579,0,0,1,0,0,8,0,0,1,8,99,1,8.300000190734863,0.0,31.32107162475586,28.408124923706055,1.5,0,99,1.0,0.0,0.0,1,0,0,0,0
1779673786.900396,0,0.3499999940395355,0,0,711,900,423158243,35,77,0.0,0.0,34.17864227294922,28.561870574951172,1,0,0.6000000238418579,0,0,1,0,0,8,0,0,1,8,99,0,8.300000190734863,15.70199966430664,31.48706817626953,28.56814956665039,1.5,0,99,1.0,0.0,0.0,1,0,0,0,0
1779673786.9205446,0,0.3499999940395355,0,0,711,900,423158243,35,77,0.0,0.0,34.17864227294922,28.561870574951172,1,0,0.6000000238418579,0,0,1,0,0,8,0,0,1,8,99,0,8.300000190734863,15.70199966430664,31.65306854248047,28.882183074951172,1.5,0,99,1.0,0.0,0.0,1,0,0,0,0
1779673786.9405909,0,0.3499999940395355,0,0,711,900,423158243,35,77,0.0,0.0,34.17864227294922,28.561870574951172,1,0,0.6000000238418579,0,0,1,0,0,8,0,0,1,8,99,0,8.300000190734863,15.70199966430664,31.81906509399414,29.19622039794922,1.5,0,99,1.0,1.0,0.0,1,0,0,0,0
1779673786.9610152,0,0.3499999940395355,0,0,711,900,423158243,35,77,0.0,0.0,34.17864227294922,28.561870574951172,1,0,0.6000000238418579,0,0,1,0,0,8,0,0,1,8,99,0,8.300000190734863,15.70199966430664,31.985065460205078,29.510257720947266,1.5,0,99,1.0,1.0,0.0,1,0,0,0,0
1779673786.9805744,0,0.3499999940395355,0,0,711,900,423158243,37,77,0.0,0.0,34.17864227294922,28.561870574951172,1,0,0.6000000238418579,0,0,1,0,0,8,0,0,1,8,99,0,8.300000190734863,15.70199966430664,32.151065826416016,29.824298858642578,1.5,0,99,1.0,1.0,0.0,1,0,0,0,0
1779673787.0006762,0,0.3499999940395355,0,0,711,900,423158243,37,77,0.0,0.0,34.17864227294922,28.561870574951172,1,0,0.6000000238418579,0,0,1,0,0,8,0,0,1,8,99,0,8.300000190734863,15.70199966430664,32.31706237792969,30.138330459594727,1.5,0,99,1.0,1.0,0.0,1,0,0,0,0
1779673787.0205379,0,0.3499999940395355,0,0,711,900,423158243,37,77,0.0,0.0,34.17864227294922,28.561870574951172,1,0,0.6000000238418579,0,0,1,0,0,8,0,0,1,8,99,0,8.300000190734863,15.70199966430664,32.483062744140625,30.45236587524414,1.5,0,99,1.0,1.0,0.0,1,0,0,0,0
1779673787.0403564,0,0.3499999940395355,0,0,711,900,423158243,37,77,0.0,0.0,34.17864227294922,28.561870574951172,1,0,0.6000000238418579,0,0,1,0,0,8,0,0,1,8,99,0,8.300000190734863,15.70199966430664,32.64906311035156,30.766403198242188,1.5,0,99,1.0,1.0,0.0,1,0,0,0,0
1779673787.06024,0,0.3499999940395355,0,0,711,900,423158243,37,77,0.0,0.0,34.17864227294922,28.561870574951172,1,0,0.6000000238418579,0,0,1,0,0,8,0,0,1,8,99,0,8.300000190734863,15.70199966430664,32.8150634765625,31.080440521240234,1.5,0,99,1.0,1.0,0.0,1,0,0,0,0
1779673787.0803707,0,0.3499999940395355,0,0,711,900,423158243,37,77,0.0,0.0,34.17864227294922,28.561870574951172,1,0,0.6000000238418579,0,0,1,0,0,8,0,0,1,8,99,0,8.300000190734863,15.70199966430664,32.98106002807617,31.39447784423828,1.5,0,99,1.0,1.0,0.0,1,0,0,0,0
1779673787.1003997,0,0.3499999940395355,0,0,711,900,423158243,37,77,0.0,0.0,34.17864227294922,28.561870574951172,1,0,0.6000000238418579,0,0,1,0,0,8,0,0,0,8,99,0,8.300000190734863,14.753999710083008,33.14714431762695,31.699007034301758,1.5,0,99,1.0,1.0,0.0,1,0,0,0,0
1779673787.1207566,0,0.3499999940395355,0,0,711,900,423158243,37,77,0.0,0.0,34.17864227294922,28.561870574951172,1,0,0.6000000238418579,0,0,1,0,0,8,0,0,0,8,99,0,8.300000190734863,13.805999755859375,33.313140869140625,31.984413146972656,1.5,0,99,1.0,1.0,0.0,1,0,0,0,0
1779673787.1404283,0,0.3499999940395355,0,0,711,900,423158243,37,77,0.0,0.0,34.17864227294922,28.561870574951172,1,0,0.6000000238418579,0,0,1,0,0,8,0,0,0,8,99,0,8.300000190734863,12.857999801635742,33.47914123535156,32.250858306884766,1.5,0,99,1.0,1.0,0.0,1,0,0,0,0
1779673787.161057,0,0.3499999940395355,0,0,711,900,423158243,37,77,0.0,0.0,34.17864227294922,28.561870574951172,1,0,0.6000000238418579,0,0,1,0,0,8,0,0,0,8,99,0,8.300000190734863,11.90999984741211,33.6451416015625,32.498348236083984,1.5,0,99,1.0,1.0,0.0,1,0,0,0,0
1779673787.180316,0,0.3499999940395355,0,0,711,900,423158243,37,77,0.0,0.0,34.17864227294922,28.561870574951172,1,0,0.6000000238418579,0,0,1,0,0,8,0,0,0,8,99,0,8.300000190734863,10.961999893188477,33.81106185913086,32.726776123046875,1.5,0,99,1.0,0.0,0.0,1,0,0,0,0
1779673787.2002966,0,0.3499999940395355,0,0,711,900,423158243,37,77,0.0,0.0,34.17864227294922,28.561870574951172,1,0,0.6000000238418579,0,0,1,0,0,8,0,0,0,8,99,0,8.300000190734863,10.013999938964844,33.97705841064453,32.93635177612305,1.5,0,99,1.0,0.0,0.0,1,0,0,0,0
1779673787.2203438,0,0.3499999940395355,0,0,711,900,423158243,37,77,0.0,0.0,34.17864227294922,28.561870574951172,1,0,0.6000000238418579,0,0,1,0,0,8,0,0,0,8,99,0,8.300000190734863,9.065999984741211,34.14314270019531,33.12705993652344,1.5,0,99,1.0,0.0,0.0,1,0,0,0,0
1779673787.2402751,0,0.3499999940395355,0,0,711,900,423158243,37,77,0.0,0.0,34.17864227294922,28.561870574951172,1,0,0.6000000238418579,0,0,1,0,0,8,0,0,0,8,99,0,8.300000190734863,8.118000030517578,34.309139251708984,33.29871368408203,1.5,0,99,1.0,0.0,0.0,1,0,0,0,0
1779673787.2605002,0,0.3499999940395355,0,0,711,900,423158243,37,77,0.0,0.0,34.17864227294922,28.561870574951172,1,0,0.6000000238418579,0,0,1,0,0,8,0,0,0,8,99,0,8.300000190734863,7.1700005531311035,34.475135803222656,33.45140075683594,1.5,0,99,1.0,0.0,0.0,1,0,0,0,0
1779673787.2807882,0,0.3499999940395355,0,0,711,900,423158243,37,77,0.0,0.0,34.17864227294922,28.561870574951172,1,0,0.6000000238418579,0,0,1,0,0,8,0,0,0,8,99,0,8.300000190734863,6.222001075744629,34.641056060791016,33.5850715637207,1.5,0,99,1.0,0.0,0.0,1,0,0,0,0
1779673787.300473,0,0.3499999940395355,0,0,711,900,423158243,37,77,0.0,0.0,34.17864227294922,28.561870574951172,1,0,0.6000000238418579,0,0,1,0,0,8,0,0,0,8,99,0,8.300000190734863,5.274001598358154,34.80705642700195,33.699851989746094,1.5,0,99,1.0,0.0,0.0,1,0,0,0,0
1779673787.3203146,0,0.3499999940395355,0,0,711,900,423158243,37,77,0.0,0.0,34.17864227294922,28.561870574951172,1,0,0.6000000238418579,0,0,1,0,0,8,0,0,0,8,99,0,8.300000190734863,4.32600212097168,34.973052978515625,33.79566955566406,1.5,0,99,1.0,0.0,0.0,1,0,0,0,0
1779673787.3403707,0,0.3499999940395355,0,0,711,900,423158243,37,77,0.0,0.0,34.17864227294922,28.561870574951172,1,0,0.6000000238418579,0,0,1,0,0,8,0,0,0,8,99,0,8.300000190734863,3.378002405166626,35.13905334472656,33.87253189086914,1.5,0,99,1.0,0.0,0.0,1,0,0,0,0
1779673787.360395,0,0.3499999940395355,0,0,711,900,423158243,37,77,0.0,0.0,34.17864227294922,28.561870574951172,1,0,0.6000000238418579,0,0,1,0,0,8,0,0,0,8,99,0,8.300000190734863,2.4300026893615723,35.3050537109375,33.9304313659668,1.5,0,99,1.0,0.0,0.0,1,0,0,0,0
1779673787.3803294,0,0.3499999940395355,0,0,711,900,423158243,37,77,0.0,0.0,34.17864227294922,28.561870574951172,1,0,0.6000000238418579,0,0,1,0,0,8,0,0,0,8,99,0,8.300000190734863,1.4820029735565186,35.47105407714844,33.96937561035156,1.5,0,99,1.0,0.0,0.0,0,0,0,0,0
1779673787.400171,0,0.3499999940395355,0,0,711,900,423158243,37,77,0.0,0.0,34.17864227294922,28.561870574951172,1,0,0.6000000238418579,0,0,1,0,0,8,0,0,0,8,99,0,8.300000190734863,0.0,35.637054443359375,33.989356994628906,1.5,0,99,1.0,0.0,0.0,0,0,0,0,0
1779673787.4205184,0,0.3499999940395355,0,0,711,900,423158243,37,77,0.0,0.0,34.17864227294922,28.561870574951172,1,0,0.6000000238418579,0,0,1,1,0,8,0,0,0,8,99,0,8.300000190734863,-0.9479996562004089,35.80304718017578,33.98493957519531,1.5,0,99,1.0,0.0,0.0,0,0,0,0,0
1779673787.4402463,0,0.3499999940395355,0,0,711,900,423158243,37,77,0.0,0.0,34.17864227294922,28.561870574951172,1,0,0.6000000238418579,0,0,1,1,0,8,0,0,0,8,99,0,8.300000190734863,-1.8959993124008179,35.96904754638672,33.956321716308594,1.5,0,99,1.0,0.0,0.0,0,0,0,0,0
1779673787.4606185,0,0.3499999940395355,0,0,711,900,423158243,37,77,0.0,0.0,34.17864227294922,28.561870574951172,1,0,0.6000000238418579,0,0,1,1,0,8,0,0,0,8,99,0,8.300000190734863,-2.843998908996582,36.135047912597656,33.90874481201172,1.5,0,99,1.0,0.0,0.0,0,0,0,0,0
1779673787.480263,0,0.3499999940395355,0,0,711,900,423158243,37,77,0.0,0.0,34.17864227294922,28.561870574951172,1,0,0.6000000238418579,0,0,1,1,0,8,0,0,0,8,99,0,8.300000190734863,-3.7919986248016357,36.301048278808594,33.84220886230469,1.5,0,99,1.0,0.0,0.0,0,0,0,0,0
1779673787.5004382,0,0.3499999940395355,0,0,711,900,423158243,37,77,0.0,0.0,34.17864227294922,28.561870574951172,1,0,0.6000000238418579,0,0,1,1,0,8,0,0,0,8,99,0,8.300000190734863,-4.7399983406066895,36.46704864501953,33.756710052490234,1.5,0,99,1.0,0.0,0.0,0,0,0,0,0
1779673787.5205474,0,0.3499999940395355,0,0,711,900,423158243,37,77,0.0,0.0,34.17864227294922,28.561870574951172,1,0,0.6000000238418579,0,0,1,1,0,8,0,0,0,8,99,0,8.300000190734863,-5.687997817993164,36.63304138183594,33.65225601196289,1.5,0,99,1.0,0.0,0.0,0,0,0,0,0
1779673787.5401511,0,0.3499999940395355,0,0,711,900,423158243,37,77,0.0,0.0,34.17864227294922,28.561870574951172,1,0,0.6000000238418579,0,0,1,1,0,8,0,0,0,8,99,0,8.300000190734863,-6.635997295379639,36.799041748046875,33.528839111328125,1.5,0,99,1.0,0.0,0.0,0,0,0,0,0
1779673787.5605245,0,0.3499999940395355,0,0,711,900,423158243,37,77,0.0,0.0,34.17864227294922,28.561870574951172,1,0,0.6000000238418579,0,0,1,1,0,8,0,0,0,8,99,0,8.300000190734863,-7.583996772766113,36.96503829956055,33.38646697998047,1.5,0,99,1.0,0.0,0.0,0,0,0,0,0
1779673787.5802674,0,0.3499999940395355,0,0,711,900,423158243,37,77,0.0,0.0,34.17864227294922,28.561870574951172,1,0,0.6000000238418579,0,0,1,1,0,8,0,0,0,8,99,0,8.300000190734863,-8.531996726989746,37.13103485107422,33.225135803222656,1.5,0,99,1.0,0.0,0.0,0,0,0,0,0
1779673787.6005435,0,0.3499999940395355,0,0,711,900,423158243,37,77,0.0,0.0,34.17864227294922,28.561870574951172,1,0,0.6000000238418579,0,0,1,1,0,8,0,0,0,8,99,0,8.300000190734863,-9.479996681213379,37.297035217285156,33.04484558105469,1.5,0,99,1.0,0.0,0.0,0,0,0,0,0
1779673787.6203766,0,0.3499999940395355,0,0,711,900,423158243,37,77,0.0,0.0,34.17864227294922,28.561870574951172,1,0,0.6000000238418579,0,0,1,1,0,8,0,0,0,8,99,0,8.300000190734863,-10.427996635437012,37.463035583496094,32.84558868408203,1.5,0,99,1.0,0.0,0.0,0,0,0,0,0
1779673787.6407669,0,0.3499999940395355,0,0,711,900,423158243,37,77,0.0,0.0,34.17864227294922,28.561870574951172,1,0,0.6000000238418579,0,0,1,1,0,8,0,0,0,8,99,0,8.300000190734863,-11.375996589660645,37.629032135009766,32.62737274169922,1.5,0,99,0.0,0.0,0.0,0,0,0,0,0
1779673787.6603692,0,0.3499999940395355,0,0,711,900,423158243,37,77,0.0,0.0,34.17864227294922,28.561870574951172,1,0,0.6000000238418579,0,0,1,1,0,8,0,0,0,8,99,0,1.1368683772161603e-13,-12.323996543884277,37.72172164916992,32.390201568603516,1.5,0,99,0.0,0.0,0.0,0,0,0,0,0
1779673787.6803045,0,0.3499999940395355,0,0,711,900,423158243,37,77,0.0,0.0,34.17864227294922,28.561870574951172,1,0,0.6000000238418579,0,0,1,1,0,8,0,0,0,8,99,0,0.0,-13.27199649810791,37.7325325012207,32.134063720703125,1.5,0,99,0.0,0.0,0.0,0,0,0,0,0
1779673787.7005284,0,0.3499999940395355,0,0,711,900,423158243,37,77,0.0,0.0,34.17864227294922,28.561870574951172,1,0,0.6000000238418579,0,0,1,1,0,8,0,0,0,8,99,0,0.0,-14.219996452331543,37.732521057128906,31.85897445678711,1.5,0,99,0.0,0.0,0.0,0,0,0,0,0
1779673787.7206523,0,0.3499999940395355,0,0,711,900,423158243,37,77,0.0,0.0,34.17864227294922,28.561870574951172,1,0,0.6000000238418579,0,0,1,1,0,8,0,0,0,8,99,0,0.0,-15.167996406555176,37.732513427734375,31.564924240112305,1.5,0,99,0.0,0.0,0.0,0,0,0,0,0
1779673787.7401834,0,0.3499999940395355,0,0,711,900,423158243,37,77,0.0,0.0,34.17864227294922,28.561870574951172,1,0,0.6000000238418579,0,0,1,1,0,8,0,0,0,8,99,0,0.0,-16.115995407104492,37.732505798339844,31.251907348632812,1.5,0,99,0.0,0.0,0.0,0,0,0,0,0
1779673787.7606606,0,0.3499999940395355,0,0,711,900,423158243,37,77,0.0,0.0,34.17864227294922,28.561870574951172,1,0,0.6000000238418579,0,0,1,1,0,8,0,0,0,8,99,0,0.0,-17.063995361328125,37.732505798339844,30.919937133789062,1.5,0,99,0.0,0.0,0.0,0,0,0,0,0
1779673787.7803874,0,0.3499999940395355,0,0,711,900,423158243,37,77,0.0,0.0,34.17864227294922,28.561870574951172,1,0,0.6000000238418579,0,0,1,1,0,8,0,0,0,8,99,0,0.0,-18.011995315551758,37.732505798339844,30.569000244140625,1.5,0,99,0.0,0.0,0.0,0,0,0,0,0
1779673787.800563,0,0.3499999940395355,0,0,711,900,423158243,37,77,0.0,0.0,34.17864227294922,28.561870574951172,1,0,0.6000000238418579,0,0,1,1,0,8,0,0,0,8,99,0,0.0,-18.95999526977539,37.732505798339844,30.199111938476562,1.5,0,99,-1.0,0.0,0.0,0,0,0,0,0
1779673787.8204906,0,0.3499999940395355,0,0,711,900,423158243,37,77,0.0,0.0,34.17864227294922,28.561870574951172,1,0,0.6000000238418579,0,0,1,1,0,8,0,0,0,8,99,0,0.0,-19.907995223999023,37.732505798339844,29.810260772705078,1.5,0,99,-1.0,0.0,0.0,0,0,0,0,0
1779673787.840381,0,0.3499999940395355,0,0,711,900,423158243,37,77,0.0,0.0,34.17864227294922,28.561870574951172,1,0,0.6000000238418579,0,0,1,1,0,8,0,0,0,8,99,0,0.0,-20.855995178222656,37.732505798339844,29.402450561523438,1.5,0,99,-1.0,0.0,0.0,0,0,0,0,0
1779673787.8605542,0,0.3499999940395355,0,0,711,900,423158243,37,77,0.0,0.0,34.17864227294922,28.561870574951172,1,0,0.6000000238418579,0,0,0,1,0,8,0,0,0,8,99,0,-8.300000190734863,-20.947999954223633,37.64789581298828,28.984182357788086,1.5,0,99,-1.0,0.0,0.0,0,0,0,0,0
1779673787.8805444,0,0.3499999940395355,0,0,711,900,423158243,37,77,0.0,0.0,34.17864227294922,28.561870574951172,1,0,0.6000000238418579,0,0,0,0,0,8,0,0,0,8,99,1,-8.300000190734863,0.0,37.481895446777344,28.589834213256836,1.5,0,99,-1.0,0.0,0.0,0,0,0,0,0
1779673787.9005835,0,0.3499999940395355,0,0,711,900,423158243,37,77,0.0,0.0,34.17864227294922,28.561870574951172,1,0,0.6000000238418579,0,0,0,0,0,8,0,0,0,8,99,1,-8.300000190734863,0.0,37.31589889526367,28.408092498779297,1.5,0,99,-1.0,0.0,0.0,0,0,0,0,0
1779673787.9205647,0,0.3499999940395355,0,0,711,900,423158243,37,77,0.0,0.0,34.17864227294922,28.561870574951172,1,0,0.6000000238418579,0,0,0,0,0,8,0,0,0,8,99,1,-8.300000190734863,0.0,37.14990234375,28.408103942871094,1.5,0,99,-1.0,0.0,0.0,0,0,1,0,0
1779673787.9403276,0,0.3499999940395355,0,0,711,900,423158243,37,77,0.0,0.0,34.17864227294922,28.561870574951172,1,0,0.6000000238418579,0,0,0,0,0,8,0,0,0,8,99,1,-8.300000190734863,0.0,36.98390197753906,28.408111572265625,1.5,0,99,-1.0,0.0,0.0,0,0,1,0,0
1779673787.960731,0,0.3499999940395355,1,0,711,900,423158243,37,77,0.0,0.0,34.17864227294922,28.561870574951172,0,0,0.6000000238418579,0,0,0,0,0,8,0,1,0,8,99,1,-8.300000190734863,0.0,36.817901611328125,28.408117294311523,1.5,0,99,-1.0,0.0,0.0,0,0,1,0,0
1779673787.9804552,0,0.3499999940395355,1,0,711,900,423158243,37,77,0.0,0.0,34.17864227294922,28.561870574951172,0,0,0.6000000238418579,0,0,0,0,0,8,0,1,0,8,99,1,-8.300000190734863,0.0,36.65190124511719,28.408119201660156,1.5,0,99,-1.0,0.0,0.0,0,0,1,0,0
1779673788.000606,0,0.3499999940395355,1,0,690,900,423158243,37,77,0.0,0.0,34.17864227294922,28.561870574951172,0,0,0.6000000238418579,0,0,0,0,0,8,0,1,0,8,99,1,3.75,0.0,36.48590087890625,28.40812110900879,1.5,0,99,-1.0,0.0,0.0,0,0,1,0,0
1779673788.020533,0,0.3499999940395355,1,0,690,900,423158243,37,77,0.0,0.0,34.17864227294922,28.561870574951172,0,0,0.6000000238418579,0,0,0,0,0,8,0,1,0,8,99,1,3.75,0.0,36.442726135253906,28.40812110900879,1.5,0,99,-1.0,0.0,0.0,0,0,1,0,0
1779673788.0402257,0,0.3499999940395355,1,0,690,900,423158243,37,77,0.0,0.0,34.17864227294922,28.561870574951172,0,0,0.6000000238418579,0,0,0,0,0,8,0,1,0,8,99,1,3.75,0.0,36.517723083496094,28.40812110900879,1.5,0,99,-1.0,0.0,0.0,0,0,0,0,0
1779673788.0605512,0,0.3499999940395355,1,0,690,900,423158243,37,77,0.0,0.0,34.17864227294922,28.561870574951172,1,0,0.6000000238418579,0,0,0,0,0,8,0,1,0,8,99,1,3.75,0.0,36.59272766113281,28.40812110900879,1.5,0,99,-1.0,0.0,0.0,0,0,0,0,0
1779673788.080368,0,0.3499999940395355,1,0,690,900,423158243,37,77,0.0,0.0,34.17864227294922,28.561870574951172,1,0,0.6000000238418579,0,0,0,0,0,8,0,1,0,8,99,1,3.75,0.0,36.667724609375,28.40812110900879,1.5,0,99,-1.0,0.0,0.0,0,0,0,0,0
1779673788.100399,0,0.3499999940395355,1,0,690,900,423158243,37,77,0.0,0.0,34.17864227294922,28.561870574951172,1,0,0.6000000238418579,0,0,0,0,0,8,0,1,0,8,99,1,3.75,0.0,36.74272537231445,28.40812110900879,1.5,0,99,-1.0,0.0,0.0,0,0,0,0,0
1779673788.1204855,0,0.3499999940395355,1,0,690,900,423158243,38,77,0.0,0.0,34.17864227294922,28.561870574951172,1,0,0.6000000238418579,0,0,0,0,0,8,0,1,0,8,99,1,3.75,0.0,36.817726135253906,28.40812110900879,1.5,0,99,-1.0,0.0,0.0,0,0,0,0,0
1779673788.1405466,0,0.3499999940395355,1,0,690,900,423158243,38,77,0.0,0.0,34.17864227294922,28.561870574951172,1,0,0.6000000238418579,0,0,0,0,0,8,0,1,0,8,99,1,3.75,0.0,36.89272689819336,28.40812110900879,1.5,0,99,-1.0,0.0,0.0,0,0,0,0,0
1779673788.1614733,0,0.3499999940395355,1,0,690,900,423158243,38,77,0.0,0.0,34.17864227294922,28.561870574951172,1,0,0.6000000238418579,0,0,0,0,0,8,0,1,0,8,99,1,3.75,0.0,36.96772766113281,28.40812110900879,1.5,0,99,-1.0,0.0,0.0,0,0,0,0,0
1779673788.180991,0,0.3499999940395355,1,0,690,900,423158243,38,77,0.0,0.0,34.17864227294922,28.561870574951172,1,0,0.6000000238418579,0,0,0,0,0,8,0,1,0,8,99,1,3.75,0.0,37.042724609375,28.40812110900879,1.5,0,99,-1.0,0.0,0.0,0,0,0,0,0
1779673788.2004614,0,0.3499999940395355,1,0,690,900,423158243,38,77,0.0,0.0,34.17864227294922,28.561870574951172,1,0,0.6000000238418579,0,0,0,0,0,8,0,1,0,8,99,1,-8.300000190734863,0.0,36.99492263793945,28.40812110900879,1.5,0,99,-1.0,0.0,0.0,0,0,0,0,0
1779673788.2205918,0,0.3499999940395355,1,0,690,900,423158243,38,77,0.0,0.0,34.17864227294922,28.561870574951172,1,0,0.6000000238418579,0,0,0,0,0,8,0,1,0,8,99,1,-8.300000190734863,0.0,36.82892608642578,28.40812110900879,1.5,0,99,-1.0,0.0,0.0,0,0,0,0,0
1779673788.2403517,0,0.3499999940395355,1,0,690,900,423158243,38,77,0.0,0.0,34.17864227294922,28.561870574951172,1,0,0.6000000238418579,0,0,0,0,0,8,0,1,0,8,99,1,-8.300000190734863,0.0,36.662925720214844,28.40812110900879,1.5,0,99,-1.0,0.0,0.0,0,0,0,0,0
1779673788.260355,0,0.3499999940395355,1,0,690,900,423158243,38,77,0.0,0.0,34.17864227294922,28.561870574951172,1,0,0.6000000238418579,0,0,0,0,0,8,0,1,0,8,99,1,-8.300000190734863,0.0,36.49692916870117,28.40812110900879,1.5,0,99,-1.0,0.0,0.0,0,0,0,0,0
1779673788.2802422,0,0.3499999940395355,1,0,690,900,423158243,38,77,0.0,0.0,34.17864227294922,28.561870574951172,1,0,0.6000000238418579,0,0,0,0,0,8,0,1,0,8,99,1,-8.300000190734863,0.0,36.330928802490234,28.40812110900879,1.5,0,99,-1.0,0.0,0.0,0,0,0,0,0
1779673788.3007998,0,0.3499999940395355,0,0,690,900,423158243,38,77,0.0,0.0,34.17864227294922,28.561870574951172,1,0,0.6000000238418579,0,0,0,0,0,8,0,0,0,8,99,1,-8.300000190734863,0.0,36.16493225097656,28.40812110900879,1.5,0,99,-1.0,0.0,0.0,0,0,1,0,0
1779673788.320469,0,0.3499999940395355,0,0,690,900,423158243,38,77,0.0,0.0,34.17864227294922,28.561870574951172,1,0,0.6000000238418579,0,0,0,0,0,8,0,0,0,8,99,1,-8.300000190734863,0.0,35.998931884765625,28.40812110900879,1.5,0,99,-1.0,0.0,0.0,0,0,1,0,0
1779673788.3404348,0,0.3499999940395355,0,0,690,900,423158243,38,77,0.0,0.0,34.17864227294922,28.561870574951172,1,0,0.6000000238418579,0,0,0,0,0,8,0,0,0,8,99,1,-8.300000190734863,0.0,35.83293151855469,28.40812110900879,1.5,0,99,-1.0,0.0,0.0,0,0,1,0,0
1779673788.3603609,0,0.3499999940395355,0,0,690,900,423158243,38,77,0.0,0.0,34.17864227294922,28.561870574951172,1,0,0.6000000238418579,0,0,0,0,0,8,0,0,0,8,99,1,-8.300000190734863,0.0,35.66693115234375,28.40812110900879,1.5,0,99,-1.0,0.0,0.0,0,0,1,0,0
1779673788.3804045,0,0.3499999940395355,1,0,690,900,423158243,38,77,0.0,0.0,34.17864227294922,28.561870574951172,0,0,0.6000000238418579,0,0,0,0,0,8,0,1,0,8,99,1,-8.300000190734863,0.0,35.50093078613281,28.40812110900879,1.5,0,99,-1.0,0.0,0.0,0,0,1,0,0
1779673788.6906204,0,0.3499999940395355,0,0,690,900,423158243,38,77,0.0,0.0,34.17864227294922,28.561870574951172,0,0,0.6000000238418579,0,0,0,0,0,7,1,0,0,8,99,1,0.0,0.0,35.285099029541016,28.40812110900879,1.5,0,99,0.0,0.0,0.0,0,0,0,0,0
1779673788.7106292,0,0.3499999940395355,0,0,690,900,423158243,38,77,0.0,0.0,34.17864227294922,28.561870574951172,0,0,0.6000000238418579,0,0,0,0,0,7,1,0,0,8,99,1,0.0,0.0,35.25350570678711,28.40812110900879,1.5,0,99,0.0,0.0,0.0,0,0,0,0,0
1779673788.7301404,0,0.3499999940395355,0,0,690,900,423158243,38,77,0.0,0.0,34.17864227294922,28.561870574951172,0,0,0.6000000238418579,0,0,0,0,0,7,1,0,0,8,99,1,15.0,7.5,35.40632629394531,28.48453140258789,1.5,0,99,0.0,0.0,0.0,0,0,0,0,0
1779673788.7503219,0,0.3499999940395355,0,0,690,900,423158243,1,77,0.0,0.0,34.17864227294922,28.561870574951172,0,0,0.6000000238418579,0,0,0,0,0,7,1,0,0,8,99,1,15.0,7.5,35.706321716308594,28.63452911376953,1.5,0,99,0.0,0.0,0.0,0,0,0,0,0
1779673788.77052,0,0.3499999940395355,0,0,690,900,423158243,1,77,0.0,0.0,34.17864227294922,28.561870574951172,0,0,0.6000000238418579,0,0,0,0,0,7,1,0,0,8,99,1,15.0,7.5,36.00632095336914,28.784528732299805,1.5,0,99,0.0,0.0,0.0,0,0,1,0,0
1779673788.7904675,0,0.3499999940395355,0,0,690,900,423158243,1,77,0.0,0.0,34.17864227294922,28.561870574951172,0,0,0.6000000238418579,0,0,0,0,0,7,1,0,0,8,99,1,15.0,7.5,36.30646514892578,28.934600830078125,1.5,0,99,0.0,0.0,0.0,0,0,1,0,0
1779673788.8106277,0,0.3499999940395355,0,0,690,900,423158243,1,77,0.0,0.0,34.17864227294922,28.561870574951172,0,0,0.6000000238418579,0,0,0,0,0,7,1,0,0,8,99,1,15.0,7.5,36.60646057128906,29.084598541259766,1.5,0,99,-1.0,0.0,0.0,0,0,1,0,0
1779673788.8309586,0,0.3499999940395355,0,0,690,900,423158243,1,77,0.0,0.0,34.17864227294922,28.561870574951172,0,0,0.6000000238418579,0,0,0,0,0,7,1,0,0,8,99,1,15.0,7.5,36.906463623046875,29.234600067138672,1.5,0,99,-1.0,0.0,0.0,0,0,1,0,0
1779673788.8507369,0,0.3499999940395355,0,0,690,900,423158243,1,77,0.0,0.0,34.17864227294922,28.561870574951172,0,0,0.6000000238418579,0,0,0,0,0,7,1,0,0,8,99,1,15.0,7.5,37.20631408691406,29.384525299072266,1.5,0,99,-1.0,0.0,0.0,0,0,1,0,0
1779673788.8712912,0,0.3499999940395355,0,0,690,900,423158243,1,77,0.0,0.0,34.17864227294922,28.561870574951172,0,0,0.6000000238418579,0,0,0,0,0,7,1,0,0,8,99,1,15.0,7.5,37.50631332397461,29.53452491760254,1.5,0,99,-1.0,0.0,0.0,0,0,1,0,0
1779673788.8906171,0,0.3499999940395355,0,0,690,900,423158243,1,77,0.0,0.0,34.17864227294922,28.561870574951172,0,0,0.6000000238418579,0,0,0,0,0,7,1,0,0,8,99,1,1.1368683772161603e-13,7.5,37.69375991821289,29.684520721435547,1.5,0,99,-1.0,0.0,0.0,0,0,0,0,0
1779673788.9102519,0,0.3499999940395355,0,0,690,900,423158243,1,77,0.0,0.0,34.17864227294922,28.561870574951172,0,0,0.6000000238418579,0,0,0,0,0,7,1,0,0,8,99,1,1.1368683772161603e-13,7.5,37.7325325012207,29.834518432617188,1.5,0,99,-1.0,0.0,0.0,0,0,0,0,0
1779673788.9305584,0,0.3499999940395355,0,0,690,900,423158243,2,77,0.0,0.0,34.17864227294922,28.561870574951172,1,0,0.6000000238418579,0,0,0,0,0,7,1,0,0,8,99,0,0.0,7.5,37.732521057128906,29.98451805114746,1.5,0,99,-1.0,0.0,0.0,0,0,0,0,0
1779673788.950523,0,0.3499999940395355,0,0,690,900,423158243,2,77,0.0,0.0,34.17864227294922,28.561872482299805,1,0,0.6000000238418579,0,0,0,1,0,7,1,0,0,8,99,0,-8.299999237060547,-0.9479996562004089,37.64796829223633,30.048460006713867,1.5,0,99,-1.0,0.0,0.0,0,0,0,0,0
1779673788.9704492,0,0.3499999940395355,0,0,690,900,423158243,2,77,0.0,0.0,34.17864227294922,28.561872482299805,1,0,0.6000000238418579,0,0,0,1,0,7,1,0,0,8,99,0,-8.300000190734863,-1.8959993124008179,37.48188400268555,30.019824981689453,1.5,0,99,-1.0,0.0,0.0,0,0,0,0,0
1779673788.9906697,0,0.3499999940395355,0,0,690,900,423158243,2,77,0.0,0.0,34.17864227294922,28.561872482299805,1,0,0.6000000238418579,0,0,0,1,0,7,1,0,0,8,99,0,-8.300000190734863,-2.843998908996582,37.31596755981445,29.972267150878906,1.5,0,99,-1.0,0.0,0.0,0,0,0,0,0
1779673789.0104713,0,0.3499999940395355,0,0,690,900,423158243,2,77,0.0,0.0,34.17864227294922,28.561872482299805,1,0,0.6000000238418579,0,0,0,1,0,7,1,0,0,8,99,0,-8.300000190734863,-3.7919986248016357,37.14997100830078,29.905731201171875,1.5,0,99,-1.0,0.0,0.0,0,0,0,0,0
1779673789.030656,0,0.3499999940395355,0,0,690,900,423158243,2,77,0.0,0.0,34.17864227294922,28.561872482299805,1,0,0.6000000238418579,0,0,0,1,0,7,1,0,0,8,99,0,-8.300000190734863,-4.7399983406066895,36.983970642089844,29.820236206054688,1.5,0,99,-1.0,0.0,0.0,0,0,0,0,0
1779673789.050368,0,0.3499999940395355,0,0,690,900,423158243,2,77,0.0,0.0,34.17864227294922,28.561872482299805,1,0,0.6000000238418579,0,0,0,1,0,7,1,0,0,8,99,0,-8.300000190734863,-5.687997817993164,36.817970275878906,29.71578025817871,1.5,0,99,-1.0,0.0,0.0,0,0,0,0,0
1779673789.070383,0,0.3499999940395355,0,0,690,900,423158243,2,77,0.0,0.0,34.17864227294922,28.561872482299805,1,0,0.6000000238418579,0,0,0,1,0,7,1,0,0,8,99,0,-8.300000190734863,-6.635997295379639,36.651885986328125,29.592296600341797,1.5,0,99,-1.0,0.0,0.0,0,0,0,0,0
1779673789.0903857,0,0.3499999940395355,0,0,690,900,423158243,2,77,0.0,0.0,34.17864227294922,28.561872482299805,1,0,0.6000000238418579,0,0,0,1,0,7,1,0,0,8,99,0,-8.300000190734863,-7.583996772766113,36.48588562011719,29.449913024902344,1.5,0,99,-1.0,0.0,0.0,0,0,0,0,0
1779673789.1105466,0,0.3499999940395355,0,0,690,900,423158243,2,77,0.0,0.0,34.17864227294922,28.561872482299805,1,0,0.6000000238418579,0,0,0,1,0,7,1,0,0,8,99,0,-8.300000190734863,-8.531996726989746,36.31987762451172,29.288558959960938,1.5,0,99,-1.0,0.0,0.0,0,0,0,0,0
1779673789.1305878,0,0.3499999940395355,1,0,690,900,423158243,2,77,0.0,0.0,34.17864227294922,28.561872482299805,0,0,0.6000000238418579,0,0,0,1,0,7,1,1,0,8,99,0,-8.300000190734863,-9.479996681213379,36.15387725830078,29.108253479003906,1.5,0,99,-1.0,0.0,0.0,0,0,1,0,0
1779673789.1506937,0,0.3499999940395355,1,0,690,900,423158243,2,77,0.0,0.0,34.17864227294922,28.561872482299805,0,0,0.6000000238418579,0,0,0,1,0,7,1,1,0,8,99,0,-8.300000190734863,-10.427996635437012,35.98796081542969,28.909088134765625,1.5,0,99,-1.0,0.0,0.0,0,0,1,0,0
1779673789.4706025,0,0.3499999940395355,1,0,669,900,423158243,59,77,-10.0,20.0,34.17864227294922,28.561872482299805,0,0,0.6000000238418579,0,0,0,1,0,7,1,1,0,8,99,0,3.75,-11.375996589660645,35.772071838378906,28.62249755859375,1.5,0,99,-1.0,0.0,0.0,0,0,0,0,0
1779673789.51047,0,0.3499999940395355,1,0,669,900,423158243,59,77,-10.0,18.200000762939453,33.67864227294922,28.925872802734375,0,0,0.6000000238418579,0,0,0,0,0,7,1,1,0,8,99,1,3.75,0.0,35.808753967285156,28.423513412475586,1.5,0,99,-1.0,0.0,0.0,0,0,0,0,0
1779673789.5304391,0,0.3499999940395355,1,0,669,900,423158243,59,77,-10.0,16.400001525878906,33.17864227294922,29.25387191772461,0,0,0.6000000238418579,0,0,0,0,0,7,1,1,0,8,99,1,3.75,0.0,35.87250518798828,28.408096313476562,1.5,0,99,-1.0,0.0,0.0,0,0,0,0,0
1779673789.5505893,0,0.3499999940395355,1,0,669,900,423158243,59,77,-10.0,14.60000228881836,32.67864227294922,29.54587173461914,1,0,0.6000000238418579,0,0,0,0,0,7,1,1,0,8,99,1,3.75,0.0,35.94750213623047,28.40810775756836,1.5,0,99,-1.0,0.0,0.0,0,0,0,0,0
1779673789.5710795,0,0.3499999940395355,1,0,669,900,423158243,59,77,-10.0,12.800003051757812,32.17864227294922,29.80187225341797,1,0,0.6000000238418579,0,0,0,0,0,7,1,1,0,8,99,1,3.75,0.0,36.022499084472656,28.408113479614258,1.5,0,99,-1.0,0.0,0.0,0,0,0,0,0
1779673789.5905058,0,0.3499999940395355,1,0,669,900,423158243,59,77,-10.0,11.000003814697266,31.67864227294922,30.02187156677246,1,0,0.6000000238418579,0,0,0,0,0,7,1,1,0,8,99,1,3.75,0.0,36.09749984741211,28.408117294311523,1.5,0,99,-1.0,0.0,0.0,0,0,0,0,0
1779673789.6107273,0,0.3499999940395355,1,0,669,900,423158243,59,77,-10.0,9.200004577636719,31.17864227294922,30.20587158203125,1,0,0.6000000238418579,0,0,0,0,0,7,1,1,0,8,99,1,3.75,0.0,36.17250061035156,28.40812110900879,1.5,0,99,0.0,0.0,0.0,0,0,0,0,0
1779673789.6306267,0,0.3499999940395355,1,0,669,900,423158243,59,77,-10.0,7.400005340576172,30.67864227294922,30.353872299194336,1,0,0.6000000238418579,0,0,0,0,0,7,1,1,0,8,99,1,3.75,0.0,36.247501373291016,28.40812110900879,1.5,0,99,0.0,0.0,0.0,0,0,0,0,0
1779673789.6506174,0,0.3499999940395355,1,0,669,900,423158243,59,77,-10.0,5.600006103515625,30.17864227294922,30.465871810913086,1,0,0.6000000238418579,0,0,0,0,0,7,1,1,0,8,99,1,3.75,0.0,36.32250213623047,28.40812110900879,1.5,0,99,0.0,0.0,0.0,0,0,0,0,0
1779673789.6708071,0,0.3499999940395355,1,0,669,900,423158243,59,77,-10.0,3.800006866455078,29.978641510009766,30.541872024536133,1,0,0.6000000238418579,0,0,0,0,0,7,1,1,0,8,99,1,3.75,0.0,36.397464752197266,28.408119201660156,1.5,0,99,0.0,0.0,0.0,0,0,0,0,0
1779673789.6907609,0,0.3499999940395355,1,0,669,900,423158243,59,77,-10.0,2.0000076293945312,29.778640747070312,30.581872940063477,1,0,0.6000000238418579,0,0,0,0,0,7,1,1,0,8,99,1,0.0,0.0,36.41551971435547,28.40812110900879,1.5,0,99,0.0,0.0,0.0,0,0,0,0,0
1779673789.7104447,0,0.3499999940395355,1,0,669,900,423158243,59,77,-10.0,0.20000839233398438,29.57863998413086,30.585872650146484,1,0,0.6000000238418579,0,0,0,0,0,7,1,1,0,8,99,1,0.0,0.0,36.41551971435547,28.40812110900879,1.5,0,99,0.0,0.0,0.0,0,0,0,0,0
1779673789.7302778,0,0.3499999940395355,1,0,669,900,423158243,59,77,-10.0,-1.5999908447265625,29.378639221191406,30.55387306213379,1,0,0.6000000238418579,0,0,0,0,0,7,1,1,0,8,99,1,0.0,0.0,36.41551971435547,28.40812110900879,1.5,0,99,0.0,0.0,0.0,0,0,0,0,0
1779673789.7504551,0,0.3499999940395355,1,0,669,900,423158243,59,77,-10.0,-3.3999900817871094,29.178638458251953,30.48587417602539,1,0,0.6000000238418579,0,0,0,0,0,7,1,1,0,8,99,1,0.0,0.0,36.41551971435547,28.408119201660156,1.5,0,99,0.0,0.0,0.0,0,0,0,0,0
1779673789.7703369,0,0.3499999940395355,1,0,669,900,423158243,59,77,-10.0,-5.199989318847656,28.9786376953125,30.381874084472656,1,0,0.6000000238418579,0,0,0,0,0,7,1,1,0,8,99,1,0.0,0.0,36.41551971435547,28.40812110900879,1.5,0,99,0.0,0.0,0.0,0,0,0,0,0
1779673789.7908976,0,0.3499999940395355,1,0,669,900,423158243,59,77,-10.0,-6.999988555908203,28.778636932373047,30.24187469482422,1,0,0.6000000238418579,0,0,0,0,0,7,1,1,0,8,99,1,0.0,0.0,36.41551971435547,28.408123016357422,1.5,0,99,0.0,0.0,0.0,0,0,0,0,0
1779673789.810355,0,0.3499999940395355,0,0,669,900,423158243,59,77,-10.0,-8.79998779296875,28.578636169433594,30.065874099731445,1,0,0.6000000238418579,0,0,0,0,0,7,1,0,0,8,99,1,0.0,0.0,36.41551971435547,28.40812110900879,1.5,0,99,0.0,0.0,0.0,0,0,0,0,0
1779673789.8304868,0,0.3499999940395355,0,0,669,900,423158243,59,77,-10.0,-10.599987030029297,28.37863540649414,29.85387420654297,1,0,0.6000000238418579,0,0,0,0,0,7,1,0,0,8,99,1,0.0,0.0,36.41551971435547,28.40812110900879,1.5,0,99,0.0,0.0,0.0,0,0,0,0,0
1779673789.8502991,0,0.3499999940395355,0,0,669,900,423158243,59,77,-10.0,-12.399986267089844,28.178634643554688,29.60587501525879,1,0,0.6000000238418579,0,0,0,0,0,7,1,0,0,8,99,1,0.0,0.0,36.41551971435547,28.40812110900879,1.5,0,99,0.0,0.0,0.0,0,0,0,0,0
1779673789.8704908,0,0.3499999940395355,0,0,669,900,423158243,59,77,-10.0,-14.19998550415039,27.978633880615234,29.321874618530273,1,0,0.6000000238418579,0,0,0,0,0,7,1,0,0,8,99,1,0.0,0.0,36.41551971435547,28.408119201660156,1.5,0,99,0.0,0.0,0.0,0,0,0,0,0
1779673789.8906443,0,0.3499999940395355,0,0,669,900,423158243,59,77,-10.0,-15.999984741210938,27.77863311767578,29.001874923706055,1,0,0.6000000238418579,0,0,0,0,0,7,1,0,0,8,99,1,0.0,0.0,36.41551971435547,28.40812110900879,1.5,0,99,0.0,0.0,0.0,0,0,0,0,0
1779673789.910511,0,0.3499999940395355,0,0,669,900,423158243,59,77,-10.0,-17.799983978271484,27.578632354736328,28.645875930786133,1,0,0.6000000238418579,0,0,0,0,0,7,1,0,0,8,99,1,0.0,0.0,36.41551971435547,28.40812110900879,1.5,0,99,0.0,0.0,0.0,0,0,0,0,0
1779673789.9307246,0,0.3499999940395355,0,0,669,900,423158243,60,77,0.0,0.0,27.378631591796875,28.56183624267578,1,0,0.6000000238418579,0,0,0,0,0,7,1,0,0,8,99,1,0.0,0.0,36.41551971435547,28.408119201660156,1.5,0,99,0.0,0.0,0.0,0,0,0,0,0
1779673789.9504237,0,0.3499999940395355,0,0,669,900,423158243,60,77,0.0,0.0,27.378631591796875,28.56184959411621,1,0,0.6000000238418579,0,0,0,0,0,7,1,0,0,8,99,1,0.0,0.0,36.41551971435547,28.408119201660156,1.5,0,99,0.0,0.0,0.0,0,0,0,0,0
1779673789.9706259,0,0.3499999940395355,0,0,669,900,423158243,60,77,0.0,0.0,27.378631591796875,28.561859130859375,1,0,0.6000000238418579,0,0,0,0,0,7,1,0,0,8,99,1,0.0,0.0,36.41551971435547,28.40812110900879,1.5,0,99,0.0,0.0,0.0,0,0,0,0,0
1779673789.9905546,0,0.3499999940395355,0,0,669,900,423158243,60,77,0.0,0.0,27.378631591796875,28.561864852905273,1,0,0.6000000238418579,0,0,0,0,0,7,1,0,0,8,99,1,0.0,0.0,36.41551971435547,28.40812110900879,1.5,0,99,0.0,0.0,0.0,0,0,0,0,0
1779673790.010502,0,0.3499999940395355,0,0,669,900,423158243,60,77,0.0,0.0,27.378631591796875,28.56186866760254,1,0,0.6000000238418579,0,0,0,0,0,7,1,0,0,8,99,1,0.0,0.0,36.41551971435547,28.40812110900879,1.5,0,99,0.0,0.0,0.0,0,0,0,0,0
1779673790.0302556,0,0.3499999940395355,0,0,669,900,423158243,60,77,0.0,0.0,27.378631591796875,28.561870574951172,1,0,0.6000000238418579,0,0,0,0,0,7,1,0,0,8,99,1,0.0,0.0,36.41551971435547,28.40812110900879,1.5,0,99,0.0,0.0,0.0,0,0,0,0,0
1779673790.050746,0,0.3499999940395355,0,0,669,900,423158243,60,77,0.0,0.0,27.378631591796875,28.561870574951172,1,0,0.6000000238418579,0,0,0,0,0,7,1,0,0,8,99,1,0.0,0.0,36.41551971435547,28.408119201660156,1.5,0,99,0.0,0.0,0.0,0,0,0,0,0
1779673790.0708845,0,0.3499999940395355,0,0,669,900,423158243,60,77,0.0,0.0,27.378631591796875,28.561870574951172,1,0,0.6000000238418579,0,0,0,0,0,7,1,0,0,8,99,1,0.0,0.0,36.41551971435547,28.40812110900879,1.5,0,99,-1.0,0.0,0.0,0,0,0,0,0
1779673790.090605,0,0.3499999940395355,0,0,669,900,423158243,60,77,0.0,0.0,27.378631591796875,28.561870574951172,1,0,0.6000000238418579,0,0,0,0,0,7,1,0,0,8,99,1,0.0,0.0,36.41551971435547,28.408119201660156,1.5,0,99,-1.0,0.0,0.0,0,0,0,0,0
1779673790.1102824,0,0.3499999940395355,0,0,669,900,423158243,60,77,0.0,0.0,27.378631591796875,28.561870574951172,1,0,0.6000000238418579,0,0,0,0,0,7,1,0,0,8,99,1,-8.300000190734863,0.0,36.289398193359375,28.40812110900879,1.5,0,99,-1.0,0.0,0.0,0,0,0,0,0
1779673790.1306903,0,0.3499999940395355,0,0,669,900,423158243,60,77,0.0,0.0,27.378631591796875,28.561870574951172,1,0,0.6000000238418579,0,0,0,0,0,7,1,0,0,8,99,1,-8.300000190734863,0.0,36.12339782714844,28.408119201660156,1.5,0,99,-1.0,0.0,0.0,0,0,0,0,0
1779673790.1534212,0,0.3499999940395355,0,0,669,900,423158243,60,77,0.0,0.0,27.378631591796875,28.561870574951172,1,0,0.6000000238418579,0,0,0,0,0,7,1,0,0,8,99,1,-8.300000190734863,0.0,35.957401275634766,28.40812110900879,1.5,0,99,-1.0,0.0,0.0,0,0,0,0,0
1779673790.173486,0,0.3499999940395355,0,0,669,900,423158243,60,77,0.0,0.0,27.378631591796875,28.561870574951172,1,0,0.6000000238418579,0,0,0,0,0,7,1,0,0,8,99,1,-8.300000190734863,0.0,35.791473388671875,28.408123016357422,1.5,0,99,-1.0,0.0,0.0,0,0,0,0,0
1779673790.1922278,0,0.3499999940395355,0,0,669,900,423158243,60,77,0.0,0.0,27.378631591796875,28.561870574951172,1,0,0.6000000238418579,0,0,0,0,0,7,1,0,0,8,99,1,-8.300000190734863,0.0,35.62547302246094,28.408123016357422,1.5,0,99,-1.0,0.0,0.0,0,0,0,0,0
1779673790.2111127,0,0.3499999940395355,0,0,669,900,423158243,60,77,0.0,0.0,27.378631591796875,28.561870574951172,1,0,0.6000000238418579,0,0,0,0,0,7,1,0,0,8,99,1,-8.300000190734863,0.0,35.45947265625,28.40812110900879,1.5,0,99,-1.0,0.0,0.0,0,0,0,0,0
1779673790.2304506,0,0.3499999940395355,0,0,669,900,423158243,60,77,0.0,0.0,27.378631591796875,28.561870574951172,1,0,0.6000000238418579,0,0,0,0,0,7,1,0,0,8,99,1,-8.300000190734863,0.0,35.29347229003906,28.40812110900879,1.5,0,99,-1.0,0.0,0.0,0,0,0,0,0
1779673790.2505178,0,0.3499999940395355,0,0,669,900,423158243,60,77,0.0,0.0,27.378631591796875,28.561870574951172,1,0,0.6000000238418579,0,0,0,0,0,7,1,0,0,8,99,1,-8.300000190734863,0.0,35.127471923828125,28.40812110900879,1.5,0,99,-1.0,0.0,0.0,0,0,0,0,0
1779673790.2707052,0,0.3499999940395355,0,0,669,900,423158243,60,77,0.0,0.0,27.378631591796875,28.561870574951172,1,0,0.6000000238418579,0,0,0,0,0,7,1,0,0,8,99,1,-8.300000190734863,0.0,34.96147155761719,28.408123016357422,1.5,0,99,-1.0,0.0,0.0,0,0,0,0,0
1779673790.29051,0,0.3499999940395355,0,0,669,900,423158243,60,77,0.0,0.0,27.378631591796875,28.561870574951172,1,0,0.6000000238418579,0,0,0,0,0,7,1,0,0,8,99,1,-8.300000190734863,0.0,34.795475006103516,28.40812110900879,1.5,0,99,-1.0,0.0,0.0,0,0,0,0,0
1779673790.310771,0,0.3499999940395355,0,0,669,900,423158243,60,77,0.0,0.0,27.378631591796875,28.561870574951172,1,0,0.6000000238418579,0,0,0,0,0,7,0,0,0,8,99,1,-8.300000190734863,0.0,34.62947463989258,28.408119201660156,1.5,0,99,-1.0,0.0,0.0,0,0,0,0,0
1779673790.3305633,0,0.3499999940395355,0,0,669,900,423158243,60,77,0.0,0.0,27.378631591796875,28.561870574951172,1,0,0.6000000238418579,0,0,0,0,0,7,0,0,0,8,99,1,-8.300000190734863,0.0,34.46347427368164,28.408123016357422,1.5,0,99,-1.0,0.0,0.0,0,0,0,0,0
1779673790.3505101,0,0.3499999940395355,0,0,669,900,423158243,60,77,0.0,0.0,27.378631591796875,28.561870574951172,1,0,0.6000000238418579,0,0,0,0,0,7,0,0,0,8,99,1,-8.300000190734863,0.0,34.29747772216797,28.408123016357422,1.5,0,99,-1.0,0.0,0.0,0,0,0,0,0
1779673790.370743,0,0.3499999940395355,0,0,669,900,423158243,60,77,0.0,0.0,27.378631591796875,28.561870574951172,1,0,0.6000000238418579,0,0,0,0,0,7,0,0,0,8,99,1,-8.300000190734863,0.0,34.13147735595703,28.40812110900879,1.5,0,99,-1.0,0.0,0.0,0,0,0,0,0
1779673790.3903966,0,0.3499999940395355,0,0,669,900,423158243,60,77,0.0,0.0,27.378631591796875,28.561870574951172,1,0,0.6000000238418579,0,0,0,0,0,7,0,0,0,8,99,1,-8.300000190734863,0.0,33.96547317504883,28.408123016357422,1.5,0,99,-1.0,0.0,0.0,0,0,0,0,0
1779673790.410254,0,0.3499999940395355,0,0,669,900,423158243,60,77,0.0,0.0,27.378631591796875,28.561870574951172,1,0,0.6000000238418579,0,0,0,0,0,7,0,0,0,8,99,1,-8.300000190734863,0.0,33.799476623535156,28.40812110900879,1.5,0,99,-1.0,0.0,0.0,0,0,0,0,0
1779673790.430637,0,0.3499999940395355,0,0,669,900,423158243,60,77,0.0,0.0,27.378631591796875,28.561870574951172,1,0,0.6000000238418579,0,0,0,0,0,7,0,0,0,8,99,1,-8.300000190734863,0.0,33.63347625732422,28.40812110900879,1.5,0,99,-1.0,0.0,0.0,0,0,0,0,0
1779673790.450507,0,0.3499999940395355,0,0,669,900,423158243,60,77,0.0,0.0,27.378631591796875,28.561870574951172,1,0,0.6000000238418579,0,0,0,0,0,7,0,0,0,8,99,1,-8.300000190734863,0.0,33.46747589111328,28.40812110900879,1.5,0,99,-1.0,0.0,0.0,0,0,0,0,0
1779673790.4706771,0,0.3499999940395355,0,0,669,900,423158243,60,77,0.0,0.0,27.378631591796875,28.561870574951172,1,0,0.6000000238418579,0,0,0,0,0,7,0,0,0,8,99,1,-8.300000190734863,0.0,33.301475524902344,28.40812110900879,1.5,0,99,-1.0,0.0,0.0,0,0,0,0,0
1779673790.4904213,0,0.3499999940395355,0,0,669,900,423158243,60,77,0.0,0.0,27.378631591796875,28.561870574951172,1,0,0.6000000238418579,0,0,0,0,0,7,0,0,0,8,99,1,-8.300000190734863,0.0,33.135475158691406,28.408123016357422,1.5,0,99,-1.0,0.0,0.0,0,0,0,0,0
1779673790.5103912,0,0.3499999940395355,0,0,669,900,423158243,60,77,0.0,0.0,27.378631591796875,28.561870574951172,1,0,0.6000000238418579,0,0,0,0,0,7,0,0,0,8,99,1,-8.300000190734863,0.0,32.96947479248047,28.40812110900879,1.5,0,99,-1.0,0.0,0.0,0,0,0,0,0
1779673790.530546,0,0.3499999940395355,0,0,669,900,423158243,60,77,0.0,0.0,27.378631591796875,28.561870574951172,1,0,0.6000000238418579,0,0,0,0,0,7,0,0,0,8,99,1,-8.300000190734863,0.0,32.80339050292969,28.40812110900879,1.5,0,99,-1.0,0.0,0.0,0,0,0,0,0
1779673790.5504344,0,0.3499999940395355,0,0,669,900,423158243,60,77,0.0,0.0,27.378631591796875,28.561870574951172,1,0,0.6000000238418579,0,0,0,0,0,7,0,0,0,8,99,1,-8.300000190734863,0.0,32.637393951416016,28.408119201660156,1.5,0,99,-1.0,0.0,0.0,0,0,0,0,0
1779673790.5707693,0,0.3499999940395355,0,0,669,900,423158243,60,77,0.0,0.0,27.378631591796875,28.561870574951172,1,0,0.6000000238418579,0,0,0,0,0,7,0,0,0,8,99,1,-8.300000190734863,0.0,32.471473693847656,28.40812110900879,1.5,0,99,-1.0,0.0,0.0,0,0,0,0,0
1779673790.5905752,0,0.3499999940395355,0,0,669,900,423158243,60,77,0.0,0.0,27.378631591796875,28.561870574951172,1,0,0.6000000238418579,0,0,0,0,0,7,0,0,0,8,99,1,-8.300000190734863,0.0,32.305477142333984,28.408123016357422,1.5,0,99,-1.0,0.0,0.0,0,0,0,0,0
1779673790.6107652,0,0.3499999940395355,0,0,669,900,423158243,60,77,0.0,0.0,27.378631591796875,28.561870574951172,1,0,0.6000000238418579,0,0,0,0,0,7,0,0,0,8,99,1,-8.300000190734863,0.0,32.13947677612305,28.40812110900879,1.5,0,99,-1.0,0.0,0.0,0,0,0,0,0
1779673790.630969,0,0.3499999940395355,0,0,669,900,423158243,60,77,0.0,0.0,27.378631591796875,28.561870574951172,1,0,0.6000000238418579,0,0,0,0,0,7,0,0,0,8,99,1,-8.300000190734863,0.0,31.973390579223633,28.40812110900879,1.5,0,99,-1.0,0.0,0.0,0,0,0,0,0
1779673790.6502655,0,0.3499999940395355,0,0,669,900,423158243,60,77,0.0,0.0,27.378631591796875,28.561870574951172,1,0,0.6000000238418579,0,0,0,0,0,7,0,0,0,8,99,1,-8.300000190734863,0.0,31.807392120361328,28.408119201660156,1.5,0,99,-1.0,0.0,0.0,0,0,0,0,0
1779673790.6707644,0,0.3499999940395355,0,0,669,900,423158243,60,77,0.0,0.0,27.378631591796875,28.561870574951172,1,0,0.6000000238418579,0,0,0,0,0,7,0,0,0,8,99,1,-8.300000190734863,0.0,31.641393661499023,28.40812110900879,1.5,0,99,-1.0,0.0,0.0,0,0,0,0,0
1779673790.690416,0,0.3499999940395355,0,0,669,900,423158243,60,77,0.0,0.0,27.378631591796875,28.561870574951172,1,0,0.6000000238418579,0,0,0,0,0,7,0,0,0,8,99,1,-8.300000190734863,0.0,31.475393295288086,28.40812110900879,1.5,0,99,-1.0,0.0,0.0,0,0,0,0,0
1779673790.7106202,0,0.3499999940395355,0,0,669,900,423158243,60,77,0.0,0.0,27.378631591796875,28.561870574951172,1,0,0.6000000238418579,0,0,0,0,0,7,0,0,0,8,99,1,-8.300000190734863,0.0,31.30939483642578,28.40812110900879,1.5,0,99,-1.0,0.0,0.0,0,0,0,0,0
1779673790.7306507,0,0.3499999940395355,0,0,669,900,423158243,60,77,0.0,0.0,27.378631591796875,28.561870574951172,1,0,0.6000000238418579,0,0,0,0,0,7,0,0,0,8,99,1,-8.300000190734863,0.0,31.143394470214844,28.40812110900879,1.5,0,99,-1.0,0.0,0.0,0,0,0,0,0
1779673790.7504604,0,0.3499999940395355,0,0,669,900,423158243,60,77,0.0,0.0,27.378631591796875,28.561870574951172,1,0,0.6000000238418579,0,0,0,0,0,7,0,0,0,8,99,1,-8.300000190734863,0.0,30.977394104003906,28.408119201660156,1.5,0,99,-1.0,0.0,0.0,0,0,0,0,0
1779673790.770324,0,0.3499999940395355,0,0,669,900,423158243,60,77,0.0,0.0,27.378631591796875,28.561870574951172,1,0,0.6000000238418579,0,0,0,0,0,7,0,0,0,8,99,1,-8.300000190734863,0.0,30.81139373779297,28.40812110900879,1.5,0,99,-1.0,0.0,0.0,0,0,0,0,0
1779673790.7906415,0,0.3499999940395355,0,0,669,900,423158243,60,77,0.0,0.0,27.378631591796875,28.561870574951172,1,0,0.6000000238418579,0,0,0,0,0,7,0,0,0,8,99,1,-8.300000190734863,0.0,30.64539337158203,28.40812110900879,1.5,0,99,-1.0,0.0,0.0,0,0,0,0,0
1779673790.8103733,0,0.3499999940395355,0,0,669,900,423158243,60,77,0.0,0.0,27.378631591796875,28.561870574951172,1,0,0.6000000238418579,0,0,0,0,0,7,0,0,0,8,99,1,-8.300000190734863,0.0,30.47939682006836,28.408123016357422,1.5,0,99,-1.0,0.0,0.0,0,0,0,0,0
1779673790.8305607,0,0.3499999940395355,0,0,669,900,423158243,60,77,0.0,0.0,27.378631591796875,28.561870574951172,1,0,0.6000000238418579,0,0,0,0,0,7,0,0,0,8,99,1,-8.300000190734863,0.0,30.313398361206055,28.408123016357422,1.5,0,99,-1.0,0.0,0.0,0,0,0,0,0
1779673790.8504095,0,0.3499999940395355,0,0,669,900,423158243,60,77,0.0,0.0,27.378631591796875,28.561870574951172,1,0,0.6000000238418579,0,0,0,0,0,7,0,0,0,8,99,1,-8.300000190734863,0.0,30.147397994995117,28.40812110900879,1.5,0,99,-1.0,0.0,0.0,1,0,0,0,0
1779673790.870607,0,0.3499999940395355,0,0,669,900,423158243,60,77,0.0,0.0,27.378631591796875,28.561870574951172,1,0,0.6000000238418579,0,0,0,0,0,7,0,0,1,8,99,1,-8.300000190734863,0.0,29.981399536132812,28.408123016357422,1.5,0,99,-1.0,0.0,0.0,1,0,0,0,0
1779673790.8907773,0,0.3499999940395355,0,0,669,900,423158243,60,77,0.0,0.0,27.378631591796875,28.561870574951172,1,0,0.6000000238418579,0,0,0,0,0,7,0,0,1,8,99,0,-8.300000190734863,15.70199966430664,29.81548309326172,28.646533966064453,1.5,0,99,-1.0,0.0,0.0,1,0,0,0,0
1779673790.9103422,0,0.3499999940395355,0,0,669,900,423158243,60,77,0.0,0.0,27.378631591796875,28.561870574951172,1,0,0.6000000238418579,0,0,0,0,0,7,0,0,1,8,99,0,-8.300000190734863,15.70199966430664,29.64948081970215,28.960573196411133,1.5,0,99,-1.0,0.0,0.0,1,0,0,0,0
1779673790.9308846,0,0.3499999940395355,0,0,669,900,423158243,60,77,0.0,0.0,27.378631591796875,28.561870574951172,1,0,0.6000000238418579,0,0,0,0,0,7,0,0,1,8,99,0,-8.300000190734863,15.70199966430664,29.48348045349121,29.27461051940918,1.5,0,99,-1.0,-1.0,0.0,1,0,0,0,0
1779673790.9502914,0,0.3499999940395355,0,0,669,900,423158243,60,77,0.0,0.0,27.378631591796875,28.561870574951172,1,0,0.6000000238418579,0,0,0,0,0,7,0,0,1,8,99,0,-8.300000190734863,15.70199966430664,29.317480087280273,29.58864974975586,1.5,0,99,0.0,-1.0,0.0,1,0,0,0,0
1779673790.9704375,0,0.3499999940395355,0,0,669,900,423158243,60,77,0.0,0.0,27.378631591796875,28.561870574951172,1,0,0.6000000238418579,0,0,0,0,0,7,0,0,1,8,99,0,-8.300000190734863,15.70199966430664,29.15148162841797,29.90268898010254,1.5,0,99,0.0,-1.0,0.0,1,0,0,0,0
1779673790.9904315,0,0.3499999940395355,0,0,669,900,423158243,60,77,0.0,0.0,27.378631591796875,28.561870574951172,1,0,0.6000000238418579,0,0,0,0,0,7,0,0,1,8,99,0,0.0,15.70199966430664,29.11150360107422,30.21672821044922,1.5,0,99,0.0,-1.0,0.0,1,0,0,0,0
1779673791.0105693,0,0.3499999940395355,0,0,669,900,423158243,60,77,0.0,0.0,27.378631591796875,28.561870574951172,1,0,0.6000000238418579,0,0,0,0,0,7,0,0,1,8,99,0,0.0,15.70199966430664,29.11150360107422,30.5307674407959,1.5,0,99,0.0,-1.0,0.0,1,0,0,0,0
1779673791.0307848,0,0.3499999940395355,0,0,669,900,423158243,60,77,0.0,0.0,27.378631591796875,28.561870574951172,1,0,0.6000000238418579,0,0,0,0,0,7,0,0,1,8,99,0,0.0,15.70199966430664,29.11150360107422,30.84480094909668,1.5,0,99,0.0,-1.0,0.0,1,0,0,0,0
1779673791.0506287,0,0.3499999940395355,0,0,669,900,423158243,60,77,0.0,0.0,27.378631591796875,28.561870574951172,1,0,0.6000000238418579,0,0,0,0,0,7,0,0,1,8,99,0,0.0,15.70199966430664,29.11150360107422,31.158994674682617,1.5,0,99,0.0,-1.0,0.0,1,0,0,0,0
1779673791.0704174,0,0.3499999940395355,0,0,669,900,423158243,60,77,0.0,0.0,27.378631591796875,28.561870574951172,1,0,0.6000000238418579,0,0,0,0,0,7,0,0,1,8,99,0,0.0,15.70199966430664,29.11150360107422,31.4730281829834,1.5,0,99,0.0,-1.0,0.0,1,0,0,0,0
1779673791.0907147,0,0.3499999940395355,0,0,669,900,423158243,60,77,0.0,0.0,27.378631591796875,28.561870574951172,1,0,0.6000000238418579,0,0,0,0,0,7,0,0,0,8,99,0,0.0,14.753999710083008,29.11150360107422,31.77266502380371,1.5,0,99,0.0,-1.0,0.0,1,0,0,0,0
1779673791.1106718,0,0.3499999940395355,0,0,669,900,423158243,60,77,0.0,0.0,27.378631591796875,28.561870574951172,1,0,0.6000000238418579,0,0,0,0,0,7,0,0,0,8,99,0,0.0,13.805999755859375,29.11150360107422,32.05333709716797,1.5,0,99,0.0,-1.0,0.0,1,0,0,0,0
1779673791.1305861,0,0.3499999940395355,0,0,669,900,423158243,60,77,0.0,0.0,27.378631591796875,28.561870574951172,1,0,0.6000000238418579,0,0,0,0,0,7,0,0,0,8,99,0,0.0,12.857999801635742,29.11150360107422,32.31505584716797,1.5,0,99,0.0,-1.0,0.0,1,0,0,0,0
1779673791.1502686,0,0.3499999940395355,0,0,669,900,423158243,60,77,0.0,0.0,27.378631591796875,28.561870574951172,1,0,0.6000000238418579,0,0,0,0,0,7,0,0,0,8,99,0,0.0,11.90999984741211,29.11150360107422,32.55781173706055,1.5,0,99,0.0,-1.0,0.0,0,0,0,0,0
1779673791.1709733,0,0.3499999940395355,0,0,669,900,423158243,60,77,0.0,0.0,27.378631591796875,28.561870574951172,1,0,0.6000000238418579,0,0,0,0,0,7,0,0,0,8,99,0,0.0,10.961999893188477,29.11150360107422,32.78160858154297,1.5,0,99,0.0,-1.0,0.0,0,0,0,0,0
1779673791.1904874,0,0.3499999940395355,0,0,669,900,423158243,60,77,0.0,0.0,27.378631591796875,28.561870574951172,1,0,0.6000000238418579,0,0,0,1,0,7,0,0,0,8,99,0,0.0,-0.9479996562004089,29.11150360107422,32.81991195678711,1.5,0,99,0.0,-1.0,0.0,0,0,0,0,0
1779673791.2106874,0,0.3499999940395355,0,0,669,900,423158243,60,77,0.0,0.0,27.378631591796875,28.561870574951172,1,0,0.6000000238418579,0,0,0,1,0,7,0,0,0,8,99,0,0.0,-1.8959993124008179,29.11150360107422,32.78655242919922,1.5,0,99,0.0,-1.0,0.0,0,0,0,0,0
1779673791.2305138,0,0.3499999940395355,0,0,669,900,423158243,60,77,0.0,0.0,27.378631591796875,28.561870574951172,1,0,0.6000000238418579,0,0,0,1,0,7,0,0,0,8,99,0,0.0,-2.843998908996582,29.11150360107422,32.73423385620117,1.5,0,99,0.0,-1.0,0.0,0,0,0,0,0
1779673791.2508616,0,0.3499999940395355,0,0,669,900,423158243,60,77,0.0,0.0,27.378631591796875,28.561870574951172,1,0,0.6000000238418579,0,0,0,1,0,7,0,0,0,8,99,0,0.0,-3.7919986248016357,29.11150360107422,32.66294860839844,1.5,0,99,0.0,-1.0,0.0,0,0,0,0,0
1779673791.2707672,0,0.3499999940395355,0,0,669,900,423158243,60,77,0.0,0.0,27.378631591796875,28.561870574951172,1,0,0.6000000238418579,0,0,0,1,0,7,0,0,0,8,99,0,0.0,-4.7399983406066895,29.11150360107422,32.57271194458008,1.5,0,99,0.0,-1.0,0.0,0,1,0,0,0
1779673791.2905192,0,0.3499999940395355,0,0,669,900,423158243,60,77,0.0,0.0,27.378631591796875,28.561870574951172,1,0,0.6000000238418579,0,0,0,1,0,7,0,0,0,8,99,0,0.0,-5.687997817993164,29.11150360107422,32.46350860595703,1.5,0,99,0.0,-1.0,0.0,0,1,0,0,0
1779673791.3103964,0,0.3499999940395355,0,0,669,900,423158243,60,77,0.0,0.0,27.378631591796875,28.561870574951172,1,0,0.6000000238418579,0,0,0,1,0,7,0,0,0,8,99,0,0.0,-6.635997295379639,29.11150360107422,32.33541488647461,1.5,0,99,0.0,-1.0,0.0,0,1,0,0,0
1779673791.3310833,0,0.3499999940395355,0,0,669,900,423158243,60,77,0.0,0.0,27.378631591796875,28.561870574951172,1,0,0.6000000238418579,0,0,0,1,0,7,0,0,0,8,99,0,0.0,-7.583996772766113,29.11150360107422,32.18822479248047,1.5,0,99,0.0,-1.0,0.0,0,1,0,0,0
1779673791.350403,0,0.3499999940395355,0,0,669,900,423158243,60,77,0.0,0.0,27.378631591796875,28.561870574951172,0,0,0.6000000238418579,0,0,0,0,0,7,0,0,0,8,99,0,0.0,0.0,29.11150360107422,32.02214813232422,1.5,0,99,0.0,-1.0,0.0,0,0,0,0,0
1779673791.3705127,0,0.3499999940395355,0,0,669,900,423158243,60,77,0.0,0.0,27.378631591796875,28.561870574951172,0,0,0.6000000238418579,0,0,0,0,0,7,0,0,0,8,99,0,0.0,0.0,29.11150360107422,31.981117248535156,1.5,0,99,0.0,-1.0,0.0,0,0,0,0,0
1779673791.3906755,0,0.3499999940395355,0,0,669,900,423158243,60,77,0.0,0.0,27.378631591796875,28.561870574951172,0,0,0.6000000238418579,0,0,0,0,0,7,0,0,0,8,99,0,0.0,0.0,29.11150360107422,31.98111915588379,1.5,0,99,0.0,-1.0,0.0,0,0,0,0,0
1779673791.4104054,0,0.3499999940395355,0,0,669,900,423158243,60,77,0.0,0.0,27.378631591796875,28.561870574951172,0,0,0.6000000238418579,0,0,0,0,0,7,0,0,0,8,99,0,0.0,0.0,29.11150360107422,31.981117248535156,1.5,0,99,0.0,-1.0,0.0,0,0,0,0,0
1779673791.4304252,0,0.3499999940395355,0,0,669,900,423158243,60,77,0.0,0.0,27.378631591796875,28.561870574951172,0,0,0.6000000238418579,0,0,0,0,0,7,0,0,0,8,99,0,0.0,0.0,29.11150360107422,31.981117248535156,1.5,0,99,0.0,-1.0,0.0,0,0,0,0,0
1779673791.4502413,0,0.3499999940395355,0,0,669,900,423158243,60,77,0.0,0.0,27.378631591796875,28.561870574951172,0,0,0.6000000238418579,0,0,0,0,0,7,0,0,0,8,99,0,0.0,0.0,29.11150360107422,31.98111915588379,1.5,0,99,0.0,-1.0,0.0,0,0,0,0,0
1779673791.470401,0,0.3499999940395355,0,0,669,900,423158243,60,77,0.0,0.0,27.378631591796875,28.561870574951172,0,0,0.6000000238418579,0,0,0,0,0,7,0,0,0,8,99,0,0.0,0.0,29.11150360107422,31.981117248535156,1.5,0,99,0.0,-1.0,0.0,0,0,0,0,0
1779673791.4905617,0,0.3499999940395355,0,0,669,900,423158243,60,77,0.0,0.0,27.378631591796875,28.561870574951172,0,0,0.6000000238418579,0,0,0,0,0,7,0,0,0,8,99,0,0.0,0.0,29.11150360107422,31.981121063232422,1.5,0,99,0.0,-1.0,0.0,0,0,0,0,0
1779673791.5103755,0,0.3499999940395355,0,0,669,900,423158243,60,77,0.0,0.0,27.378631591796875,28.561870574951172,0,0,0.6000000238418579,0,0,0,0,0,7,0,0,0,8,99,0,0.0,0.0,29.11150360107422,31.98111915588379,1.5,0,99,0.0,-1.0,0.0,0,0,0,0,0
1779673791.5304444,0,0.3499999940395355,0,0,669,900,423158243,60,77,0.0,0.0,27.378631591796875,28.561870574951172,0,0,0.6000000238418579,0,0,0,0,0,7,0,0,0,8,99,0,0.0,0.0,29.11150360107422,31.98111915588379,1.5,0,99,0.0,-1.0,0.0,0,0,0,0,0
1779673791.5505824,0,0.3499999940395355,0,0,669,900,423158243,60,77,0.0,0.0,27.378631591796875,28.561870574951172,0,0,0.6000000238418579,0,0,0,0,0,7,0,0,0,8,99,0,0.0,0.0,29.11150360107422,31.98111915588379,1.5,0,99,0.0,-1.0,0.0,0,0,0,0,0
1779673791.57066,0,0.3499999940395355,0,0,669,900,423158243,60,77,0.0,0.0,27.378631591796875,28.561870574951172,0,0,0.6000000238418579,0,0,0,0,0,7,0,0,0,8,99,0,0.0,0.0,29.11150360107422,31.98111915588379,1.5,0,99,0.0,-1.0,0.0,0,0,0,0,0
1779673791.5904899,0,0.3499999940395355,0,0,669,900,423158243,60,77,0.0,0.0,27.378631591796875,28.561870574951172,0,0,0.6000000238418579,0,0,0,0,0,7,0,0,0,8,99,0,0.0,0.0,29.11150360107422,31.98111915588379,1.5,0,99,0.0,-1.0,0.0,0,0,0,0,0
1779673791.6104608,0,0.3499999940395355,0,0,669,900,423158243,60,77,0.0,0.0,27.378631591796875,28.561870574951172,0,0,0.6000000238418579,0,0,0,1,0,7,0,0,0,8,99,0,0.0,-50.0,29.11150360107422,31.98111915588379,1.5,0,66,0.0,-1.0,0.0,0,0,0,0,0
1779673791.6304104,0,0.3499999940395355,0,0,669,900,423158243,60,77,0.0,0.0,27.378631591796875,28.561870574951172,0,0,0.6000000238418579,0,0,0,1,0,7,0,0,0,8,99,0,0.0,-50.0,29.11150360107422,31.22167205810547,1.5,0,66,0.0,-1.0,0.0,0,0,0,0,0
1779673791.6506774,0,0.3499999940395355,0,0,669,900,423158243,60,77,0.0,0.0,27.378631591796875,28.561870574951172,0,0,0.6000000238418579,0,0,0,1,0,7,0,0,0,8,99,0,0.0,-50.0,29.11150360107422,30.221675872802734,1.5,0,66,0.0,0.0,0.0,0,0,0,0,0
1779673791.6704092,0,0.3499999940395355,0,0,669,900,423158243,60,77,0.0,0.0,27.378631591796875,28.561870574951172,0,0,0.6000000238418579,0,0,0,1,0,7,0,0,0,8,99,0,0.0,-50.0,29.11150360107422,29.22164535522461,1.5,0,66,0.0,1.0,0.0,0,0,0,0,0
1779673791.6907053,0,0.3499999940395355,0,0,669,900,423158243,60,77,0.0,0.0,27.378631591796875,28.561870574951172,0,0,0.6000000238418579,0,0,0,0,0,7,0,0,0,8,99,1,0.0,0.0,29.11150360107422,28.54592514038086,1.5,0,66,0.0,1.0,0.0,0,0,0,0,0
1779673791.7103877,0,0.3499999940395355,0,0,669,900,423158243,60,77,0.0,0.0,27.378631591796875,28.561870574951172,0,0,0.6000000238418579,0,0,0,0,0,7,0,0,0,8,99,1,0.0,0.0,29.11150360107422,28.408096313476562,1.5,0,66,0.0,1.0,0.0,0,0,0,0,0
1779673791.7306473,0,0.3499999940395355,0,0,669,900,423158243,60,77,0.0,0.0,27.378631591796875,28.561870574951172,0,0,0.6000000238418579,0,0,0,0,0,7,0,0,0,8,99,1,0.0,0.0,29.11150360107422,28.40810775756836,1.5,0,66,0.0,1.0,0.0,0,0,0,0,0
1779673791.750364,0,0.3499999940395355,0,0,669,900,423158243,60,77,0.0,0.0,27.378631591796875,28.561870574951172,0,0,0.6000000238418579,0,0,0,0,0,7,0,0,0,8,99,1,0.0,0.0,29.11150360107422,28.40811538696289,1.5,0,66,0.0,1.0,0.0,0,0,0,0,0
1779673791.7704256,0,0.3499999940395355,0,0,669,900,423158243,60,77,0.0,0.0,27.378631591796875,28.561870574951172,0,0,0.6000000238418579,0,0,0,0,0,7,0,0,0,8,99,1,0.0,0.0,29.11150360107422,28.408119201660156,1.5,0,66,0.0,1.0,0.0,0,1,0,0,0
1779673791.7905312,0,0.3499999940395355,0,0,634,900,423158243,7,77,0.0,0.0,27.378631591796875,28.561870574951172,0,0,0.6000000238418579,0,0,0,0,0,7,0,0,0,8,99,1,0.0,0.0,29.11150360107422,28.40812110900879,1.5,0,66,0.0,1.0,0.0,0,1,0,0,0
1779673791.8103945,0,0.3499999940395355,0,0,634,900,423158243,7,77,0.0,0.0,26.77863121032715,28.561870574951172,0,0,0.6000000238418579,0,0,0,0,0,7,0,0,0,8,99,1,0.0,0.0,29.11150360107422,28.40812110900879,1.5,0,66,0.0,1.0,0.0,0,1,0,0,0
1779673791.8304365,0,0.3499999940395355,0,0,634,900,423158243,7,77,0.0,0.0,26.178630828857422,28.561870574951172,0,0,0.6000000238418579,0,0,0,0,0,7,0,0,0,8,99,1,0.0,0.0,29.11150360107422,28.408119201660156,1.5,0,66,0.0,1.0,0.0,0,1,0,0,0
1779673791.850386,0,0.3499999940395355,0,0,634,900,423158243,7,77,0.0,0.0,25.578630447387695,28.561870574951172,0,0,0.6000000238418579,0,0,0,0,0,7,0,0,0,8,99,1,0.0,0.0,29.11150360107422,28.40812110900879,1.5,0,66,0.0,1.0,0.0,0,1,0,0,0
1779673791.8702433,0,0.3499999940395355,0,0,634,900,423158243,7,77,0.0,0.0,24.97863006591797,28.561870574951172,0,0,0.6000000238418579,0,0,0,0,0,7,0,0,0,8,99,1,0.0,0.0,29.11150360107422,28.40812110900879,1.5,0,66,0.0,1.0,0.0,0,1,0,0,0
1779673791.8908043,0,0.3499999940395355,0,0,634,900,423158243,7,77,0.0,0.0,24.378629684448242,28.561870574951172,0,0,0.6000000238418579,0,0,0,0,0,7,0,0,0,8,99,1,0.0,0.0,29.11150360107422,28.40812110900879,1.5,0,66,0.0,1.0,0.0,0,1,0,0,0
1779673791.910624,0,0.3499999940395355,0,0,634,900,423158243,7,77,0.0,0.0,23.778629302978516,28.561870574951172,0,0,0.6000000238418579,0,0,0,0,0,7,0,0,0,8,99,1,0.0,0.0,29.11150360107422,28.40812110900879,1.5,0,66,0.0,1.0,0.0,0,0,0,0,0
1779673791.930557,0,0.3499999940395355,0,0,634,900,423158243,7,77,0.0,0.0,23.17862892150879,28.561870574951172,0,0,0.6000000238418579,0,0,0,0,0,7,0,0,0,8,99,1,0.0,0.0,29.11150360107422,28.40812110900879,1.5,0,66,0.0,1.0,0.0,0,0,0,0,0
1779673791.9504886,0,0.3499999940395355,0,0,634,900,423158243,7,77,0.0,0.0,22.578628540039062,28.561870574951172,0,0,0.6000000238418579,0,0,0,0,0,7,0,0,0,8,99,1,0.0,0.0,29.11150360107422,28.408119201660156,1.5,0,66,0.0,1.0,0.0,0,0,0,0,0
1779673791.970619,0,0.3499999940395355,0,0,634,900,423158243,7,77,0.0,0.0,22.578628540039062,28.561870574951172,0,0,0.6000000238418579,0,0,0,0,0,7,0,0,0,8,99,1,0.0,0.0,29.11150360107422,28.40812110900879,1.5,0,66,0.0,1.0,0.0,0,0,0,0,0
1779673791.9903545,0,0.3499999940395355,0,0,634,900,423158243,7,77,0.0,0.0,22.578628540039062,28.561870574951172,0,0,0.6000000238418579,0,0,0,0,0,7,0,0,0,8,99,1,0.0,0.0,29.11150360107422,28.408119201660156,1.5,0,66,0.0,1.0,0.0,0,0,0,0,0
1779673792.0104284,0,0.3499999940395355,0,0,634,900,423158243,7,77,0.0,0.0,22.578628540039062,28.561870574951172,0,0,0.6000000238418579,0,0,0,0,0,7,0,0,0,8,99,1,0.0,0.0,29.11150360107422,28.40812110900879,1.5,0,66,0.0,1.0,0.0,0,0,0,0,0
1779673792.0305824,0,0.3499999940395355,0,0,634,900,423158243,7,77,0.0,0.0,22.578628540039062,28.561870574951172,0,0,0.6000000238418579,0,0,0,0,0,7,0,0,0,8,99,1,0.0,0.0,29.11150360107422,28.40812110900879,1.5,0,66,0.0,1.0,0.0,0,0,0,0,0
1779673792.0505233,0,0.3499999940395355,0,0,634,900,423158243,7,77,0.0,0.0,22.578628540039062,28.561870574951172,0,0,0.6000000238418579,0,0,0,0,0,7,0,0,0,8,99,1,0.0,0.0,29.11150360107422,28.40812110900879,1.5,0,66,0.0,1.0,0.0,0,1,0,0,0
1779673792.0705478,0,0.3499999940395355,0,0,634,900,423158243,7,77,0.0,0.0,22.578628540039062,28.561870574951172,0,0,0.6000000238418579,0,0,0,0,0,7,0,0,0,8,99,1,0.0,0.0,29.11150360107422,28.40812110900879,1.5,0,66,0.0,1.0,0.0,0,1,0,0,0
1779673792.0906212,0,0.3499999940395355,0,0,634,900,423158243,7,77,0.0,0.0,22.578628540039062,28.561870574951172,0,0,0.6000000238418579,0,0,0,0,0,7,0,0,0,8,99,1,0.0,0.0,29.11150360107422,28.40812110900879,1.5,0,66,0.0,1.0,0.0,0,1,0,0,0
1779673792.1102521,0,0.3499999940395355,0,0,634,900,423158243,9,77,12.90994644165039,41.0,22.578628540039062,28.561870574951172,0,0,0.6000000238418579,0,0,0,0,0,7,0,0,0,8,99,1,0.0,0.0,29.11150360107422,28.40812110900879,1.5,0,66,0.0,1.0,0.0,0,1,0,0,0
1779673792.1303596,0,0.3499999940395355,0,0,634,900,423158243,10,77,12.90994644165039,39.20000076293945,22.836828231811523,29.345870971679688,0,0,0.6000000238418579,0,0,0,0,0,7,0,0,0,8,99,1,0.0,0.0,29.11150360107422,28.40812110900879,1.5,0,66,0.0,1.0,0.0,0,1,0,0,0
1779673792.1501708,0,0.3499999940395355,0,0,634,900,423158243,10,77,12.90994644165039,37.400001525878906,23.095027923583984,30.093870162963867,0,0,0.6000000238418579,0,0,0,0,0,7,0,0,0,8,99,1,0.0,0.0,29.11150360107422,28.40812110900879,1.5,0,66,0.0,1.0,0.0,0,0,0,0,0
1779673792.1704097,0,0.3499999940395355,0,0,634,900,423158243,10,77,12.90994644165039,35.60000228881836,23.353227615356445,30.805870056152344,0,0,0.6000000238418579,0,0,0,0,0,7,0,0,0,8,99,1,0.0,0.0,29.11150360107422,28.40812110900879,1.5,0,66,0.0,1.0,0.0,0,0,0,0,0
1779673792.1908238,0,0.3499999940395355,0,0,634,900,423158243,10,77,12.90994644165039,33.80000305175781,23.611427307128906,31.481870651245117,0,0,0.6000000238418579,0,0,0,0,0,7,0,0,0,8,99,1,0.0,0.0,29.11150360107422,28.40812110900879,1.5,0,66,0.0,1.0,0.0,0,0,0,0,0
1779673792.210631,0,0.3499999940395355,0,0,634,900,423158243,10,77,12.90994644165039,32.000003814697266,23.869626998901367,32.12186813354492,0,0,0.6000000238418579,0,0,0,0,0,7,0,0,0,8,99,1,0.0,0.0,29.11150360107422,28.40812110900879,1.5,0,66,0.0,1.0,0.0,0,0,0,0,0
1779673792.2308664,0,0.3499999940395355,0,0,634,900,423158243,10,77,12.90994644165039,30.20000457763672,24.127826690673828,32.725868225097656,0,0,0.6000000238418579,0,0,0,0,0,7,0,0,0,8,99,1,0.0,0.0,29.11150360107422,28.408119201660156,1.5,0,66,0.0,1.0,0.0,0,0,0,0,0
1779673792.2505078,0,0.3499999940395355,0,0,634,900,423158243,10,77,12.90994644165039,28.400005340576172,24.38602638244629,33.29386901855469,0,0,0.6000000238418579,0,0,0,0,0,7,0,0,0,8,99,1,0.0,0.0,29.11150360107422,28.40812110900879,1.5,0,66,0.0,1.0,0.0,0,0,0,0,0
1779673792.2703686,0,0.3499999940395355,0,0,634,900,423158243,10,77,12.90994644165039,26.600006103515625,24.64422607421875,33.825870513916016,0,0,0.6000000238418579,0,0,0,0,0,7,0,0,0,8,99,1,0.0,0.0,29.11150360107422,28.40812110900879,1.5,0,66,0.0,1.0,0.0,0,0,0,0,0
1779673792.2907336,0,0.3499999940395355,0,0,634,900,423158243,10,77,12.90994644165039,24.800006866455078,24.90242576599121,34.321868896484375,0,0,0.6000000238418579,0,0,0,0,0,7,0,0,0,8,99,1,0.0,0.0,29.11150360107422,28.408123016357422,1.5,0,66,0.0,1.0,0.0,0,0,0,0,0
1779673792.3105378,0,0.3499999940395355,0,0,634,900,423158243,10,77,12.90994644165039,23.00000762939453,25.160625457763672,34.78186798095703,0,0,0.6000000238418579,0,0,0,0,0,7,0,0,0,8,99,1,0.0,0.0,29.11150360107422,28.40812110900879,1.5,0,66,0.0,1.0,0.0,0,0,0,0,0
1779673792.3307946,0,0.3499999940395355,0,0,634,900,423158243,10,77,12.90994644165039,21.200008392333984,25.418825149536133,35.205867767333984,0,0,0.6000000238418579,0,0,0,0,0,7,0,0,0,8,99,1,0.0,0.0,29.11150360107422,28.40812110900879,1.5,0,66,0.0,1.0,0.0,0,0,0,0,0
1779673792.350586,0,0.3499999940395355,0,0,634,900,423158243,10,77,12.90994644165039,19.400009155273438,25.677024841308594,35.593868255615234,0,0,0.6000000238418579,0,0,0,0,0,7,0,0,0,8,99,1,0.0,0.0,29.11150360107422,28.40812110900879,1.5,0,66,0.0,1.0,0.0,0,0,0,0,0
1779673792.3712087,0,0.3499999940395355,0,0,634,900,423158243,10,77,12.90994644165039,17.60000991821289,25.935224533081055,35.94586944580078,0,0,0.6000000238418579,0,0,0,0,0,7,0,0,0,8,99,1,0.0,0.0,29.11150360107422,28.40812110900879,1.5,0,66,0.0,1.0,0.0,0,0,0,0,0
1779673792.390921,0,0.3499999940395355,0,0,634,900,423158243,10,77,12.90994644165039,15.800010681152344,26.193424224853516,36.261871337890625,1,0,0.6000000238418579,0,0,0,0,0,7,0,0,0,8,99,1,0.0,0.0,29.11150360107422,28.40812110900879,1.5,0,66,0.0,1.0,0.0,0,0,0,0,0
1779673792.410494,0,0.3499999940395355,0,0,634,900,423158243,10,77,12.90994644165039,14.000011444091797,26.451623916625977,36.5418701171875,1,0,0.6000000238418579,0,0,0,0,0,7,0,0,0,8,99,1,0.0,0.0,29.11150360107422,28.408119201660156,1.5,0,66,0.0,1.0,0.0,0,0,0,0,0
1779673792.4304118,0,0.3499999940395355,0,0,634,900,423158243,10,77,12.90994644165039,12.20001220703125,26.709823608398438,36.78586959838867,1,0,0.6000000238418579,0,0,0,0,0,7,0,0,0,8,99,1,0.0,0.0,29.11150360107422,28.408119201660156,1.5,0,66,0.0,1.0,0.0,0,0,0,0,0
1779673792.4505465,0,0.3499999940395355,0,0,634,900,423158243,10,77,12.90994644165039,10.400012969970703,26.9680233001709,36.99386978149414,1,0,0.6000000238418579,0,0,0,0,0,7,0,0,0,8,99,1,0.0,0.0,29.11150360107422,28.40812110900879,1.5,0,66,0.0,1.0,0.0,0,0,0,0,0
1779673792.4704723,0,0.3499999940395355,0,0,634,900,423158243,10,77,12.90994644165039,8.600013732910156,27.22622299194336,37.165870666503906,1,0,0.6000000238418579,0,0,0,0,0,7,0,0,0,8,99,1,0.0,0.0,29.11150360107422,28.40812110900879,1.5,0,66,0.0,1.0,0.0,0,0,0,0,0
1779673792.4903848,0,0.3499999940395355,0,0,634,900,423158243,10,77,12.90994644165039,6.800014495849609,27.48442268371582,37.30187225341797,1,0,0.6000000238418579,0,0,0,0,0,7,0,0,0,8,99,1,0.0,0.0,29.11150360107422,28.408123016357422,1.5,0,66,0.0,1.0,0.0,0,0,0,0,0
1779673792.5104516,0,0.3499999940395355,0,0,634,900,423158243,10,77,12.90994644165039,5.0000152587890625,27.74262237548828,37.40187072753906,1,0,0.6000000238418579,0,0,0,0,0,7,0,0,0,8,99,1,0.0,0.0,29.11150360107422,28.40812110900879,1.5,0,66,0.0,1.0,0.0,0,0,0,0,0
1779673792.5306635,0,0.3499999940395355,0,0,634,900,423158243,10,77,12.90994644165039,3.2000160217285156,28.000822067260742,37.46586990356445,1,0,0.6000000238418579,0,0,0,0,0,7,0,0,0,8,99,1,0.0,0.0,29.11150360107422,28.408123016357422,1.5,0,66,0.0,1.0,0.0,0,0,0,0,0
1779673792.5503685,0,0.3499999940395355,0,0,634,900,423158243,10,77,12.90994644165039,1.4000167846679688,28.259021759033203,37.49386978149414,1,0,0.6000000238418579,0,0,0,0,0,7,0,0,0,8,99,1,0.0,0.0,29.11150360107422,28.408123016357422,1.5,0,66,0.0,1.0,0.0,0,0,0,0,0
1779673792.570409,0,0.3499999940395355,0,0,634,900,423158243,10,77,12.90994644165039,-0.3999824523925781,28.517221450805664,37.485870361328125,1,0,0.6000000238418579,0,0,0,0,0,7,0,0,0,8,99,1,0.0,0.0,29.11150360107422,28.40812110900879,1.5,0,66,0.0,1.0,0.0,0,0,0,0,0
1779673792.5912945,0,0.3499999940395355,0,0,634,900,423158243,10,77,12.90994644165039,-2.199981689453125,28.775421142578125,37.441871643066406,1,0,0.6000000238418579,0,0,0,0,0,7,0,0,0,8,99,1,0.0,0.0,29.11150360107422,28.40812110900879,1.5,0,66,0.0,1.0,0.0,0,1,0,0,0
1779673792.6105,0,0.3499999940395355,0,0,634,900,423158243,10,77,12.90994644165039,-3.999980926513672,29.033620834350586,37.361873626708984,1,0,0.6000000238418579,0,0,0,0,0,7,0,0,0,8,99,1,0.0,0.0,29.11150360107422,28.40812110900879,1.5,0,67,0.0,1.0,0.0,0,1,0,0,0
1779673792.6304524,0,0.3499999940395355,0,0,634,900,423158243,10,77,12.90994644165039,-5.799980163574219,29.291820526123047,37.245872497558594,1,0,0.6000000238418579,0,0,0,0,0,7,0,0,0,8,99,1,0.0,0.0,29.11150360107422,28.40812110900879,1.5,0,69,0.0,1.0,0.0,0,1,0,0,0
1779673792.6504347,0,0.3499999940395355,0,0,634,900,423158243,10,77,12.90994644165039,-7.599979400634766,29.550020217895508,37.0938720703125,1,0,0.6000000238418579,0,0,0,0,0,7,0,0,0,8,99,1,0.0,0.0,29.11150360107422,28.408119201660156,1.5,0,71,0.0,1.0,0.0,0,1,0,0,0
1779673792.670653,0,0.3499999940395355,0,0,634,900,423158243,10,77,12.90994644165039,-9.399978637695312,29.80821990966797,36.9058723449707,1,0,0.6000000238418579,0,0,0,0,0,7,0,0,0,8,99,1,0.0,0.0,29.11150360107422,28.40812110900879,1.5,0,73,0.0,1.0,0.0,0,0,0,0,0
1779673792.6905456,0,0.3499999940395355,0,0,634,900,423158243,10,77,12.90994644165039,-11.19997787475586,30.06641960144043,36.6818733215332,0,0,0.6000000238418579,0,0,0,0,0,7,0,0,0,8,99,1,0.0,0.0,29.11150360107422,28.40812110900879,1.5,0,75,0.0,1.0,0.0,0,0,0,0,0
1779673792.7105608,0,0.3499999940395355,0,0,634,900,423158243,10,77,12.90994644165039,-12.999977111816406,30.32461929321289,36.421875,0,0,0.6000000238418579,0,0,0,0,0,7,0,0,0,8,99,1,0.0,0.0,29.11150360107422,28.40812110900879,1.5,0,77,0.0,1.0,0.0,0,0,0,0,0
1779673792.7307355,0,0.3499999940395355,0,0,634,900,423158243,10,77,12.90994644165039,-14.799976348876953,30.58281898498535,36.125877380371094,0,0,0.6000000238418579,0,0,0,0,0,7,0,0,0,8,99,1,0.0,0.0,29.11150360107422,28.40812110900879,1.5,0,78,0.0,1.0,0.0,0,0,0,0,0
1779673792.750317,0,0.3499999940395355,0,0,634,900,423158243,10,77,12.90994644165039,-16.5999755859375,30.841018676757812,35.79387664794922,0,0,0.6000000238418579,0,0,0,0,0,7,0,0,0,8,99,1,0.0,0.0,29.11150360107422,28.40812110900879,1.5,0,78,0.0,1.0,0.0,0,0,0,0,0
1779673792.7702436,0,0.3499999940395355,0,0,634,900,423158243,10,77,12.90994644165039,-18.399974822998047,31.099218368530273,35.42587661743164,0,0,0.6000000238418579,0,0,0,0,0,7,0,0,0,8,99,1,0.0,0.0,29.11150360107422,28.40812110900879,1.5,0,78,0.0,1.0,0.0,0,0,0,0,0
1779673792.7902834,0,0.3499999940395355,0,0,634,900,423158243,10,77,12.90994644165039,-20.199974060058594,31.357418060302734,35.02187728881836,0,0,0.6000000238418579,0,0,0,0,0,7,0,0,0,8,99,1,0.0,0.0,29.11150360107422,28.40812110900879,1.5,0,45,0.0,1.0,0.0,0,0,0,0,0
1779673792.8102355,0,0.3499999940395355,0,0,614,900,423158243,10,77,12.90994644165039,-21.99997329711914,31.615617752075195,34.581878662109375,0,0,0.6000000238418579,0,0,0,0,0,7,0,0,0,8,99,1,0.0,0.0,29.11150360107422,28.408123016357422,1.5,0,45,0.0,1.0,0.0,0,0,0,0,0
1779673792.8301282,0,0.3499999940395355,0,0,614,900,423158243,10,77,12.90994644165039,-23.799972534179688,31.873817443847656,34.10588073730469,0,0,0.6000000238418579,0,0,0,0,0,7,0,0,0,8,99,1,0.0,0.0,29.11150360107422,28.408123016357422,1.5,0,45,0.0,1.0,0.0,0,0,0,0,0
1779673792.8504748,0,0.3499999940395355,0,0,614,900,423158243,10,77,12.90994644165039,-25.599971771240234,32.132015228271484,33.59387969970703,0,0,0.6000000238418579,0,0,0,0,0,7,0,0,0,8,99,1,0.0,0.0,29.11150360107422,28.408123016357422,1.5,0,45,0.0,1.0,0.0,0,0,0,0,0
1779673792.8701527,0,0.3499999940395355,0,0,614,900,423158243,10,77,12.90994644165039,-27.39997100830078,32.39021301269531,33.04587936401367,0,0,0.6000000238418579,0,0,0,0,0,7,0,0,0,8,99,1,0.0,0.0,29.11150360107422,28.40812110900879,1.5,0,45,0.0,1.0,0.0,0,0,0,0,0
1779673792.8905835,0,0.3499999940395355,0,0,614,900,423158243,10,77,12.90994644165039,-29.199970245361328,32.64841079711914,32.46187973022461,0,0,0.6000000238418579,0,0,0,0,0,7,0,0,0,8,99,1,0.0,0.0,29.11150360107422,28.408119201660156,1.5,0,45,0.0,1.0,0.0,0,0,0,0,0
1779673792.9102902,0,0.3499999940395355,0,0,614,900,423158243,10,77,12.90994644165039,-30.999969482421875,32.90660858154297,31.841880798339844,0,0,0.6000000238418579,0,0,0,0,0,7,0,0,0,8,99,1,0.0,0.0,29.11150360107422,28.40812110900879,1.5,0,45,0.0,1.0,0.0,0,0,0,0,0
1779673792.9303613,0,0.3499999940395355,0,0,614,900,423158243,10,77,12.90994644165039,-32.79996871948242,33.1648063659668,31.185882568359375,0,0,0.6000000238418579,0,0,0,0,0,7,0,0,0,8,99,1,0.0,0.0,29.11150360107422,28.40812110900879,1.5,0,45,0.0,1.0,0.0,0,0,0,0,0
1779673792.9501896,0,0.3499999940395355,0,0,614,900,423158243,10,77,12.90994644165039,-34.59996795654297,33.423004150390625,30.49388313293457,0,0,0.6000000238418579,0,0,0,0,0,7,0,0,0,8,99,1,0.0,0.0,29.11150360107422,28.40812110900879,1.5,0,45,0.0,1.0,0.0,0,0,0,0,0
1779673792.9701295,0,0.3499999940395355,0,0,614,900,423158243,10,77,12.90994644165039,-36.399967193603516,33.68120193481445,29.765884399414062,0,0,0.6000000238418579,0,0,0,0,0,7,0,0,0,8,99,1,0.0,0.0,29.11150360107422,28.40812110900879,1.5,0,45,0.0,1.0,0.0,0,0,0,0,0
1779673792.9902272,0,0.3499999940395355,0,0,614,900,423158243,10,77,12.90994644165039,-38.19996643066406,33.93939971923828,29.00188446044922,0,0,0.6000000238418579,0,0,0,0,0,7,0,0,0,8,99,1,0.0,0.0,29.11150360107422,28.408123016357422,1.5,0,45,0.0,1.0,0.0,0,0,0,0,0
1779673793.0103862,0,0.3499999940395355,0,0,614,900,423158243,11,77,0.0,0.0,34.19759750366211,28.56183624267578,0,0,0.6000000238418579,0,0,0,0,0,7,0,0,0,8,99,1,0.0,0.0,29.11150360107422,28.40812110900879,1.5,0,45,0.0,1.0,0.0,0,0,0,0,0
1779673793.0305738,0,0.3499999940395355,0,0,614,900,423158243,11,77,0.0,0.0,34.19759750366211,28.56184959411621,0,0,0.6000000238418579,0,0,0,0,0,7,0,0,0,8,99,1,0.0,0.0,29.11150360107422,28.40812110900879,1.5,0,45,0.0,1.0,0.0,0,0,0,0,0
1779673793.0502696,0,0.3499999940395355,0,0,614,900,423158243,11,77,0.0,0.0,34.19759750366211,28.561859130859375,0,0,0.6000000238418579,0,0,0,0,0,7,0,0,0,8,99,1,0.0,0.0,29.11150360107422,28.40812110900879,1.5,0,45,0.0,1.0,0.0,0,0,0,0,0
1779673793.0704634,0,0.3499999940395355,0,0,614,900,423158243,11,77,0.0,0.0,34.19759750366211,28.561864852905273,0,0,0.6000000238418579,0,0,0,0,0,7,0,0,0,8,99,1,0.0,0.0,29.11150360107422,28.40812110900879,1.5,0,45,0.0,0.0,0.0,0,0,0,0,0
1779673793.0906014,0,0.3499999940395355,0,0,614,900,423158243,11,77,0.0,0.0,34.19759750366211,28.56186866760254,0,0,0.6000000238418579,0,0,0,0,0,7,0,0,0,8,99,1,0.0,0.0,29.11150360107422,28.408123016357422,1.5,0,45,0.0,0.0,0.0,0,0,0,0,0
1779673793.11026,0,0.3499999940395355,0,0,614,900,423158243,11,77,0.0,0.0,34.19759750366211,28.561870574951172,0,0,0.6000000238418579,0,0,0,0,0,7,0,0,0,8,99,1,0.0,0.0,29.11150360107422,28.40812110900879,1.5,0,45,0.0,0.0,0.0,0,0,0,0,0
1779673793.1306832,0,0.3499999940395355,0,0,614,900,423158243,11,77,0.0,0.0,34.19759750366211,28.561870574951172,0,0,0.6000000238418579,0,0,0,0,0,7,0,0,0,8,99,1,0.0,0.0,29.11150360107422,28.40812110900879,1.5,0,45,0.0,0.0,0.0,0,0,0,0,0
1779673793.1508555,0,0.3499999940395355,0,0,614,900,423158243,11,77,0.0,0.0,34.19759750366211,28.561870574951172,0,0,0.6000000238418579,0,0,0,0,0,7,0,0,0,8,99,1,0.0,0.0,29.11150360107422,28.40812110900879,1.5,0,45,0.0,0.0,0.0,0,0,0,0,0
1779673793.1709952,0,0.3499999940395355,0,0,614,900,423158243,11,77,0.0,0.0,34.19759750366211,28.561870574951172,0,0,0.6000000238418579,0,0,0,0,0,7,0,0,0,8,99,1,0.0,0.0,29.11150360107422,28.40812110900879,1.5,0,45,0.0,0.0,0.0,0,0,0,0,0
1779673793.1906624,0,0.3499999940395355,0,0,614,900,423158243,11,77,0.0,0.0,34.19759750366211,28.561870574951172,0,0,0.6000000238418579,0,0,0,0,0,7,0,0,0,8,99,1,0.0,0.0,29.11150360107422,28.40812110900879,1.5,0,45,0.0,0.0,0.0,0,0,0,0,0
1779673793.2107148,0,0.3499999940395355,0,0,614,900,423158243,11,77,0.0,0.0,34.19759750366211,28.561870574951172,0,0,0.6000000238418579,0,0,0,0,0,7,0,0,0,8,99,1,0.0,0.0,29.11150360107422,28.40812110900879,1.5,0,45,0.0,0.0,0.0,0,0,0,0,0
1779673793.2304115,0,0.3499999940395355,0,0,614,900,423158243,11,77,0.0,0.0,34.19759750366211,28.561870574951172,0,0,0.6000000238418579,0,0,0,0,0,7,0,0,0,8,99,1,0.0,0.0,29.11150360107422,28.40812110900879,1.5,0,45,0.0,0.0,0.0,0,0,0,0,0
1779673793.250627,0,0.3499999940395355,0,0,614,900,423158243,69,77,0.0,0.0,34.19759750366211,28.561870574951172,0,0,0.6000000238418579,0,0,0,0,0,7,0,0,0,8,99,1,0.0,0.0,29.11150360107422,28.40812110900879,1.5,0,45,0.0,0.0,0.0,0,0,0,0,0
1779673793.2705262,0,0.3499999940395355,0,0,614,900,423158243,69,77,0.0,0.0,34.19759750366211,28.561870574951172,0,0,0.6000000238418579,0,0,0,0,0,7,0,0,0,8,99,1,0.0,0.0,29.11150360107422,28.408123016357422,1.5,0,45,0.0,0.0,0.0,0,0,0,0,0
1779673793.2905128,0,0.3499999940395355,0,0,614,900,423158243,69,77,0.0,0.0,34.19759750366211,28.561870574951172,0,0,0.6000000238418579,0,0,0,0,0,7,0,0,0,8,99,1,0.0,0.0,29.11150360107422,28.40812110900879,1.5,0,45,0.0,0.0,0.0,0,0,0,0,0
1779673793.3103344,0,0.3499999940395355,0,0,614,900,423158243,69,77,0.0,0.0,34.19759750366211,28.561870574951172,1,0,0.6000000238418579,0,0,0,0,0,7,0,0,0,8,99,1,0.0,0.0,29.11150360107422,28.40812110900879,1.5,0,45,0.0,0.0,0.0,0,0,0,0,0
1779673793.331903,0,0.3499999940395355,0,0,614,900,423158243,69,77,0.0,0.0,34.19759750366211,28.561870574951172,1,0,0.6000000238418579,0,0,0,0,0,7,0,0,0,8,99,1,0.0,0.0,29.11150360107422,28.40812110900879,1.5,0,45,0.0,0.0,0.0,0,0,0,0,0
1779673793.3507814,0,0.3499999940395355,0,0,614,900,423158243,69,77,0.0,0.0,34.19759750366211,28.561870574951172,1,0,0.6000000238418579,0,0,0,0,0,7,0,0,0,8,99,1,0.0,0.0,29.11150360107422,28.40812110900879,1.5,0,45,0.0,0.0,0.0,0,0,0,0,0
1779673793.3702312,0,0.3499999940395355,0,0,614,900,423158243,69,77,0.0,0.0,34.19759750366211,28.561870574951172,1,0,0.6000000238418579,0,0,0,0,0,7,0,0,0,8,99,1,0.0,0.0,29.11150360107422,28.40812110900879,1.5,0,45,0.0,0.0,0.0,0,0,0,0,0
1779673793.3903685,0,0.3499999940395355,0,0,614,900,423158243,69,77,0.0,0.0,34.19759750366211,28.561870574951172,1,0,0.6000000238418579,0,0,0,0,0,7,0,0,0,8,99,1,0.0,0.0,29.11150360107422,28.40812110900879,1.5,0,45,0.0,0.0,0.0,0,0,0,0,0
1779673793.410334,0,0.3499999940395355,0,0,614,900,423158243,69,77,0.0,0.0,34.19759750366211,28.561870574951172,1,0,0.6000000238418579,0,0,0,0,0,7,0,0,0,8,99,1,0.0,0.0,29.11150360107422,28.40812110900879,1.5,0,45,0.0,0.0,0.0,0,0,0,0,0
1779673793.4303763,0,0.3499999940395355,0,0,614,900,423158243,69,77,0.0,0.0,34.19759750366211,28.561870574951172,1,0,0.6000000238418579,0,0,0,0,0,7,0,0,0,8,99,1,0.0,0.0,29.11150360107422,28.40812110900879,1.5,0,45,0.0,0.0,0.0,0,0,0,0,0
1779673793.4502952,0,0.3499999940395355,0,0,614,900,423158243,69,77,0.0,0.0,34.19759750366211,28.561870574951172,1,0,0.6000000238418579,0,0,0,0,0,7,0,0,0,8,99,1,0.0,0.0,29.11150360107422,28.40812110900879,1.5,0,45,1.0,0.0,0.0,0,0,0,0,0
1779673793.47048,0,0.3499999940395355,0,0,614,900,423158243,69,77,0.0,0.0,34.19759750366211,28.561870574951172,1,0,0.6000000238418579,0,0,0,0,0,7,0,0,0,8,99,1,0.0,0.0,29.11150360107422,28.40812110900879,1.5,0,45,1.0,0.0,0.0,0,0,0,0,0
1779673793.4906235,0,0.3499999940395355,0,0,614,900,423158243,69,77,0.0,0.0,34.19759750366211,28.561870574951172,1,0,0.6000000238418579,0,0,1,0,0,7,0,0,0,8,99,1,8.300000190734863,0.0,29.237384796142578,28.40812110900879,1.5,0,45,1.0,0.0,0.0,0,0,0,0,0
1779673793.5104556,0,0.3499999940395355,0,0,614,900,423158243,45,77,8.0,0.0,34.19759750366211,28.561870574951172,1,0,0.6000000238418579,0,0,1,0,0,7,0,0,0,8,99,1,8.300000190734863,0.0,29.403385162353516,28.40812110900879,1.5,0,45,1.0,0.0,0.0,0,0,0,0,0
1779673793.530187,0,0.3499999940395355,0,0,614,900,423158243,45,77,8.0,0.0,34.35759735107422,28.561870574951172,1,0,0.6000000238418579,0,0,1,0,0,7,0,0,0,8,99,1,8.300000190734863,0.0,29.56946563720703,28.408123016357422,1.5,0,45,1.0,0.0,0.0,0,0,0,0,0
1779673793.5503764,0,0.3499999940395355,0,0,614,900,423158243,45,77,8.0,0.0,34.51759719848633,28.561870574951172,1,0,0.6000000238418579,0,0,1,0,0,7,0,0,0,8,99,1,8.300000190734863,0.0,29.735464096069336,28.40812110900879,1.5,0,45,1.0,0.0,0.0,0,0,0,0,0
1779673793.5706286,0,0.3499999940395355,0,0,614,900,423158243,45,77,8.0,0.0,34.67759704589844,28.561870574951172,1,0,0.6000000238418579,0,0,1,0,0,7,0,0,0,8,99,1,8.300000190734863,0.0,29.90146255493164,28.40812110900879,1.5,0,45,1.0,0.0,0.0,0,0,0,0,0
1779673793.590468,0,0.3499999940395355,0,0,614,900,423158243,45,77,8.0,0.0,34.83759689331055,28.561870574951172,1,0,0.6000000238418579,0,0,1,0,0,7,0,0,0,8,99,1,8.300000190734863,0.0,30.067378997802734,28.40812110900879,1.5,0,45,1.0,0.0,0.0,0,0,0,0,0
1779673793.6110802,0,0.3499999940395355,0,0,614,900,423158243,45,77,8.0,0.0,34.997596740722656,28.561870574951172,1,0,0.6000000238418579,0,0,1,0,0,7,0,0,0,8,99,1,8.300000190734863,0.0,30.233381271362305,28.40812110900879,1.5,0,45,1.0,0.0,0.0,0,0,0,0,0
1779673793.6307497,0,0.3499999940395355,0,0,614,900,423158243,45,77,8.0,0.0,35.157596588134766,28.561870574951172,1,0,0.6000000238418579,0,0,1,0,0,7,0,0,0,8,99,1,8.300000190734863,0.0,30.399381637573242,28.40812110900879,1.5,0,45,1.0,0.0,0.0,0,0,0,0,0
1779673793.6507351,0,0.3499999940395355,1,0,614,900,423158243,45,77,8.0,0.0,35.317596435546875,28.561870574951172,0,0,0.6000000238418579,0,0,1,0,0,7,0,1,0,8,99,1,8.300000190734863,0.0,30.56546401977539,28.40812110900879,1.5,0,45,1.0,0.0,0.0,0,0,1,0,0
1779673793.67103,0,0.3499999940395355,1,0,614,900,423158243,45,77,8.0,0.0,35.477596282958984,28.561870574951172,0,0,0.6000000238418579,0,0,1,0,0,7,0,1,0,8,99,1,8.300000190734863,0.0,30.731464385986328,28.40812110900879,1.5,0,45,1.0,0.0,0.0,0,0,1,0,0
1779673793.690866,0,0.3499999940395355,1,0,614,900,423158243,45,77,8.0,0.0,35.637596130371094,28.561870574951172,0,0,0.6000000238418579,0,0,1,0,0,7,0,1,0,8,99,1,8.300000190734863,0.0,30.897464752197266,28.40812110900879,1.5,0,45,1.0,0.0,0.0,0,0,1,0,0
1779673793.710499,0,0.3499999940395355,1,0,614,900,423158243,45,77,8.0,0.0,35.7975959777832,28.561870574951172,0,0,0.6000000238418579,0,0,1,0,0,7,0,1,0,8,99,1,8.300000190734863,0.0,31.06346321105957,28.408119201660156,1.5,0,45,1.0,0.0,0.0,0,0,1,0,0
1779673793.7306979,0,0.3499999940395355,1,0,614,900,423158243,45,77,8.0,0.0,35.95759582519531,28.561870574951172,0,0,0.6000000238418579,0,0,1,0,0,7,0,1,0,8,99,1,8.300000190734863,0.0,31.22946548461914,28.40812110900879,1.5,0,45,1.0,0.0,0.0,0,0,1,0,0
1779673793.7504995,0,0.3499999940395355,1,0,614,900,423158243,45,77,8.0,0.0,36.11759567260742,28.561870574951172,0,0,0.6000000238418579,0,0,1,0,0,7,0,1,0,8,99,1,8.300000190734863,0.0,31.395381927490234,28.40812110900879,1.5,0,45,1.0,0.0,0.0,0,0,0,0,0
1779673793.7702968,0,0.3499999940395355,1,0,614,900,423158243,45,77,8.0,0.0,36.27759552001953,28.561870574951172,1,0,0.6000000238418579,0,0,1,0,0,7,0,1,0,8,99,1,8.300000190734863,0.0,31.56138038635254,28.40812110900879,1.5,0,45,1.0,0.0,0.0,0,0,0,0,0
1779673793.7902603,0,0.3499999940395355,1,0,614,900,423158243,45,77,8.0,0.0,36.43759536743164,28.561870574951172,1,0,0.6000000238418579,0,0,1,0,0,7,0,1,0,8,99,1,8.300000190734863,0.0,31.727378845214844,28.40812110900879,1.5,0,45,1.0,0.0,0.0,0,0,0,0,0
1779673793.810404,0,0.3499999940395355,1,0,614,900,423158243,45,77,8.0,0.0,36.59759521484375,28.561870574951172,1,0,0.6000000238418579,0,0,1,0,0,7,0,1,0,8,99,1,8.300000190734863,0.0,31.89337921142578,28.408119201660156,1.5,0,45,1.0,0.0,0.0,0,0,0,0,0
1779673793.8305233,0,0.3499999940395355,1,0,614,900,423158243,45,77,8.0,0.0,36.75759506225586,28.561870574951172,1,0,0.6000000238418579,0,0,1,0,0,7,0,1,0,8,99,1,8.300000190734863,0.0,32.05937957763672,28.40812110900879,1.5,0,45,1.0,0.0,0.0,0,0,0,0,0
1779673793.8502443,0,0.3499999940395355,1,0,614,900,423158243,45,77,8.0,0.0,36.91759490966797,28.561870574951172,1,0,0.6000000238418579,0,0,1,0,0,7,0,1,0,8,99,1,8.300000190734863,0.0,32.225379943847656,28.408123016357422,1.5,0,45,1.0,0.0,0.0,0,0,0,0,0
1779673793.870289,0,0.3499999940395355,1,0,614,900,423158243,45,77,8.0,0.0,37.07759475708008,28.561870574951172,1,0,0.6000000238418579,0,0,1,0,0,7,0,1,0,8,99,1,8.300000190734863,0.0,32.391380310058594,28.40812110900879,1.5,0,45,1.0,0.0,0.0,0,0,0,0,0
1779673793.8903227,0,0.3499999940395355,1,0,614,900,423158243,45,77,8.0,0.0,37.23759460449219,28.561870574951172,1,0,0.6000000238418579,0,0,1,0,0,7,0,1,0,8,99,1,8.300000190734863,0.0,32.557464599609375,28.40812110900879,1.5,0,45,1.0,0.0,0.0,0,0,0,0,0
1779673793.9103706,0,0.3499999940395355,1,0,614,900,423158243,45,77,8.0,0.0,37.3975944519043,28.561870574951172,1,0,0.6000000238418579,0,0,1,0,0,7,0,1,0,8,99,1,8.300000190734863,0.0,32.72338104248047,28.40812110900879,1.5,0,45,1.0,0.0,0.0,0,0,0,0,0
1779673793.9305437,0,0.3499999940395355,1,0,614,900,423158243,45,77,8.0,0.0,37.557594299316406,28.561870574951172,1,0,0.6000000238418579,0,0,1,0,0,7,0,1,0,8,99,1,8.300000190734863,0.0,32.889381408691406,28.408119201660156,1.5,0,45,1.0,0.0,0.0,0,0,0,0,0
1779673793.9504201,0,0.3499999940395355,1,0,614,900,423158243,7,77,0.0,0.0,37.65774154663086,28.561874389648438,1,0,0.6000000238418579,0,0,1,0,0,7,0,1,0,8,99,1,8.300000190734863,0.0,33.055381774902344,28.40812110900879,1.5,0,45,1.0,0.0,0.0,0,0,0,0,0
1779673793.9702976,0,0.3499999940395355,1,0,614,900,423158243,7,77,0.0,0.0,37.480552673339844,28.561874389648438,1,0,0.6000000238418579,0,0,1,0,0,7,0,1,0,8,99,1,8.300000190734863,0.0,33.221378326416016,28.408123016357422,1.5,0,45,1.0,0.0,0.0,0,0,0,0,0
1779673793.9903982,0,0.3499999940395355,1,0,614,900,423158243,7,77,0.0,0.0,37.43410110473633,28.561874389648438,1,0,0.6000000238418579,0,0,1,0,0,7,0,1,0,8,99,1,8.300000190734863,0.0,33.38737869262695,28.40812110900879,1.5,0,45,1.0,0.0,0.0,0,0,0,0,0
1779673794.0101404,0,0.3499999940395355,0,0,614,900,423158243,7,77,0.0,0.0,37.42192459106445,28.561874389648438,1,0,0.6000000238418579,0,0,1,0,0,7,0,0,0,8,99,1,8.300000190734863,0.0,33.55337905883789,28.40812110900879,1.5,0,45,1.0,0.0,0.0,0,0,0,0,0
1779673794.0302866,0,0.3499999940395355,0,0,614,900,423158243,7,77,0.0,0.0,37.42036819458008,28.561874389648438,1,0,0.6000000238418579,0,0,1,0,0,7,0,0,0,8,99,1,8.300000190734863,0.0,33.71937942504883,28.40812110900879,1.5,0,45,1.0,0.0,0.0,0,0,1,0,0
1779673794.0503976,0,0.3499999940395355,0,0,614,900,423158243,7,77,0.0,0.0,37.41937255859375,28.561874389648438,1,0,0.6000000238418579,0,0,1,0,0,7,0,0,0,8,99,1,8.300000190734863,0.0,33.885459899902344,28.408119201660156,1.5,0,45,1.0,0.0,0.0,0,0,1,0,0
1779673794.070599,0,0.3499999940395355,1,0,614,900,423158243,7,77,0.0,0.0,37.41873550415039,28.561874389648438,0,0,0.6000000238418579,0,0,1,0,0,7,0,1,0,8,99,1,8.300000190734863,0.0,34.051456451416016,28.408119201660156,1.5,0,45,1.0,0.0,0.0,0,0,1,0,0
1779673794.0905628,0,0.3499999940395355,1,0,614,900,423158243,7,77,0.0,0.0,37.4183235168457,28.561874389648438,0,0,0.6000000238418579,0,0,1,0,0,7,0,1,0,8,99,1,8.300000190734863,0.0,34.21745300292969,28.40812110900879,1.5,0,45,1.0,0.0,0.0,0,0,1,0,0
1779673794.1105835,0,0.3499999940395355,1,0,593,900,423158243,7,77,0.0,0.0,37.41806411743164,28.561874389648438,0,0,0.6000000238418579,0,0,1,0,0,7,0,1,0,8,99,1,-3.75,0.0,34.383453369140625,28.40812110900879,1.5,0,56,1.0,0.0,0.0,0,0,1,0,0
1779673794.1310856,0,0.3499999940395355,1,0,593,900,423158243,7,77,0.0,0.0,37.423744201660156,28.561874389648438,0,0,0.6000000238418579,0,0,1,0,0,7,0,1,0,8,99,1,-3.75,0.0,34.366615295410156,28.40812110900879,1.5,0,56,0.0,0.0,0.0,0,0,1,0,0
1779673794.1532285,0,0.3499999940395355,1,0,593,900,423158243,7,77,0.0,0.0,37.421531677246094,28.561874389648438,0,0,0.6000000238418579,0,0,1,0,0,7,0,1,0,8,99,1,-3.75,0.0,34.2916145324707,28.40812110900879,1.5,0,56,0.0,0.0,0.0,0,0,0,0,0
1779673794.1730201,0,0.3499999940395355,1,0,593,900,423158243,7,77,0.0,0.0,37.42011642456055,28.561874389648438,0,0,0.6000000238418579,0,0,1,0,0,7,0,1,0,8,99,1,-3.75,0.0,34.21664810180664,28.408123016357422,1.5,0,56,0.0,0.0,0.0,0,0,0,0,0
1779673794.1914082,0,0.3499999940395355,1,0,593,900,423158243,7,77,0.0,0.0,37.41920852661133,28.561874389648438,1,0,0.6000000238418579,0,0,1,0,0,7,0,1,0,8,99,1,-3.75,0.0,34.14165115356445,28.40812110900879,1.5,0,56,0.0,0.0,0.0,0,0,0,0,0
1779673794.21024,0,0.3499999940395355,1,0,593,900,423158243,7,77,0.0,0.0,37.41862869262695,28.561874389648438,1,0,0.6000000238418579,0,0,1,0,0,7,0,1,0,8,99,1,-3.75,0.0,34.066650390625,28.408123016357422,1.5,0,56,0.0,0.0,0.0,0,0,0,0,0
1779673794.2301526,0,0.3499999940395355,1,0,593,900,423158243,7,77,0.0,0.0,37.41825866699219,28.561874389648438,1,0,0.6000000238418579,0,0,1,0,0,7,0,1,0,8,99,1,-3.75,0.0,33.99161148071289,28.408123016357422,1.5,0,56,0.0,0.0,0.0,0,0,0,0,0
1779673794.25035,0,0.3499999940395355,1,0,593,900,423158243,7,77,0.0,0.0,37.41801834106445,28.561874389648438,1,0,0.6000000238418579,0,0,1,0,0,7,0,1,0,8,99,1,-3.75,0.0,33.91661071777344,28.40812110900879,1.5,0,56,0.0,0.0,0.0,0,0,0,0,0
1779673794.270298,0,0.3499999940395355,1,0,593,900,423158243,9,77,-5.955635070800781,41.0,37.41786575317383,28.561874389648438,1,0,0.6000000238418579,0,0,1,0,0,7,0,1,0,8,99,1,-3.75,0.0,33.84161376953125,28.408123016357422,1.5,0,56,0.0,0.0,0.0,0,0,0,0,0
1779673794.2903526,0,0.3499999940395355,1,0,593,900,423158243,10,77,-5.955635070800781,39.20000076293945,37.29875183105469,29.345874786376953,1,0,0.6000000238418579,0,0,1,0,0,7,0,1,0,8,99,1,-3.75,0.0,33.76660919189453,28.408123016357422,1.5,0,56,0.0,0.0,0.0,0,0,0,0,0
1779673794.310369,0,0.3499999940395355,1,0,593,900,423158243,10,77,-5.955635070800781,37.400001525878906,37.17963790893555,30.093873977661133,1,0,0.6000000238418579,0,0,1,0,0,7,0,1,0,8,99,1,0.0,0.0,33.74850845336914,28.40812110900879,1.5,0,56,0.0,0.0,0.0,0,0,0,0,0
1779673794.3304303,0,0.3499999940395355,1,0,593,900,423158243,10,77,-5.955635070800781,35.60000228881836,37.060523986816406,30.80587387084961,1,0,0.6000000238418579,0,0,1,0,0,7,0,1,0,8,99,1,0.0,0.0,33.74850845336914,28.408123016357422,1.5,0,56,0.0,0.0,0.0,0,0,0,0,0
1779673794.3504024,0,0.3499999940395355,1,0,593,900,423158243,10,77,-5.955635070800781,33.80000305175781,36.941410064697266,31.481874465942383,1,0,0.6000000238418579,0,0,1,0,0,7,0,1,0,8,99,1,0.0,0.0,33.74850845336914,28.408123016357422,1.5,0,56,0.0,0.0,0.0,0,0,0,0,0
1779673794.3704946,0,0.3499999940395355,1,0,593,900,423158243,10,77,-5.955635070800781,32.000003814697266,36.822296142578125,32.12187194824219,1,0,0.6000000238418579,0,0,1,0,0,7,0,1,0,8,99,1,0.0,0.0,33.74850845336914,28.40812110900879,1.5,0,56,0.0,1.0,0.0,1,0,0,0,0
1779673794.3906202,0,0.3499999940395355,1,0,593,900,423158243,10,77,-5.955635070800781,30.20000457763672,36.703182220458984,32.72587203979492,1,0,0.6000000238418579,0,0,1,0,0,7,0,1,1,8,99,1,0.0,0.0,33.74850845336914,28.40812110900879,1.5,0,56,0.0,1.0,0.0,1,0,0,0,0
1779673794.4104693,0,0.3499999940395355,1,0,593,900,423158243,10,77,-5.955635070800781,28.400005340576172,36.584068298339844,33.29387283325195,1,0,0.6000000238418579,0,0,1,0,0,7,0,1,1,8,99,0,0.0,15.70199966430664,33.74850845336914,28.64620590209961,1.5,0,56,0.0,1.0,0.0,1,0,0,0,0
1779673794.430326,0,0.3499999940395355,0,0,593,900,423158243,10,77,-5.955635070800781,26.600006103515625,36.4649543762207,33.82587432861328,1,0,0.6000000238418579,0,0,1,0,0,7,0,0,1,8,99,0,0.0,15.70199966430664,33.74850845336914,28.960243225097656,1.5,0,56,0.0,1.0,0.0,1,0,0,0,0
1779673794.4505312,0,0.3499999940395355,0,0,593,900,423158243,10,77,-5.955635070800781,24.800006866455078,36.34584045410156,34.32187271118164,1,0,0.6000000238418579,0,0,1,0,0,7,0,0,1,8,99,0,0.0,15.70199966430664,33.74850845336914,29.274438858032227,1.5,0,56,0.0,1.0,0.0,1,0,0,0,0
1779673794.4703312,0,0.3499999940395355,0,0,593,900,423158243,10,77,-5.955635070800781,23.00000762939453,36.22672653198242,34.7818717956543,1,0,0.6000000238418579,0,0,1,0,0,7,0,0,1,8,99,0,0.0,15.70199966430664,33.74850845336914,29.58847427368164,1.5,0,56,0.0,1.0,0.0,1,0,0,0,0
1779673794.4904244,0,0.3499999940395355,0,0,593,900,423158243,10,77,-5.955635070800781,21.200008392333984,36.10761260986328,35.20587158203125,1,0,0.6000000238418579,0,0,1,0,0,7,0,0,1,8,99,0,0.0,15.70199966430664,33.74850845336914,29.90251350402832,1.5,0,56,0.0,1.0,0.0,1,0,0,0,0
1779673794.51038,0,0.3499999940395355,0,0,593,900,423158243,10,77,-5.955635070800781,19.400009155273438,35.98849868774414,35.5938720703125,1,0,0.6000000238418579,0,0,1,0,0,7,0,0,1,8,99,0,0.0,15.70199966430664,33.74850845336914,30.2165470123291,1.5,0,56,0.0,1.0,0.0,0,0,0,0,0
1779673794.5305185,0,0.3499999940395355,0,0,593,900,423158243,10,77,-5.955635070800781,17.60000991821289,35.869384765625,35.94587326049805,1,0,0.6000000238418579,0,0,1,0,0,7,0,0,0,8,99,0,0.0,0.0,33.74850845336914,30.530590057373047,1.5,0,56,0.0,1.0,0.0,0,0,0,0,0
1779673794.5504706,0,0.3499999940395355,0,0,593,900,423158243,10,77,-5.955635070800781,15.800010681152344,35.75027084350586,36.26187515258789,1,0,0.6000000238418579,0,0,1,1,0,7,0,0,0,8,99,0,0.0,-0.9479996562004089,33.74850845336914,30.59201431274414,1.5,0,56,1.0,1.0,0.0,0,0,0,0,0
1779673794.57057,0,0.3499999940395355,0,0,593,900,423158243,10,77,-5.955635070800781,14.000011444091797,35.63115692138672,36.541873931884766,1,0,0.6000000238418579,0,0,1,1,0,7,0,0,0,8,99,0,0.0,-1.8959993124008179,33.74850845336914,30.558670043945312,1.5,0,56,1.0,0.0,0.0,0,0,0,0,0
1779673794.5904977,0,0.3499999940395355,0,0,593,900,423158243,10,77,-5.955635070800781,12.20001220703125,35.51204299926758,36.78587341308594,1,0,0.6000000238418579,0,0,1,1,0,7,0,0,0,8,99,0,0.0,-2.843998908996582,33.74850845336914,30.50636863708496,1.5,0,56,1.0,0.0,0.0,0,0,0,0,0
1779673794.6105657,0,0.3499999940395355,0,0,593,900,423158243,10,77,-5.955635070800781,10.400012969970703,35.39292907714844,36.993873596191406,1,0,0.6000000238418579,0,0,1,1,0,7,0,0,0,8,99,0,8.300000190734863,-3.7919986248016357,33.87443161010742,30.435108184814453,1.5,0,56,1.0,0.0,0.0,0,0,0,0,0
1779673794.6304598,0,0.3499999940395355,0,0,593,900,423158243,10,77,-5.955635070800781,8.600013732910156,35.2738151550293,37.16587448120117,1,0,0.6000000238418579,0,0,1,1,0,7,0,0,0,8,99,0,8.300000190734863,-4.7399983406066895,34.04043197631836,30.344884872436523,1.5,0,56,1.0,0.0,0.0,0,0,0,0,0
1779673794.6502647,0,0.3499999940395355,0,0,593,900,423158243,10,77,-5.955635070800781,6.800014495849609,35.154701232910156,37.301876068115234,1,0,0.6000000238418579,0,0,1,1,0,7,0,0,0,8,99,0,8.300000190734863,-5.687997817993164,34.20643615722656,30.235702514648438,1.5,0,56,1.0,0.0,0.0,0,0,0,0,0
1779673794.670975,0,0.3499999940395355,0,0,593,900,423158243,10,77,-5.955635070800781,5.0000152587890625,35.035587310791016,37.40187454223633,1,0,0.6000000238418579,0,0,1,1,0,7,0,0,0,8,99,0,8.300000190734863,-6.635997295379639,34.372432708740234,30.107561111450195,1.5,0,56,1.0,0.0,0.0,0,0,0,0,0
1779673794.6905243,0,0.3499999940395355,0,0,593,900,423158243,10,77,-5.955635070800781,3.2000160217285156,34.916473388671875,37.46587371826172,1,0,0.6000000238418579,0,0,1,1,0,7,0,0,0,8,99,0,8.300000190734863,-7.583996772766113,34.53843307495117,29.960460662841797,1.5,0,56,1.0,0.0,0.0,0,0,0,0,0
1779673794.7104251,0,0.3499999940395355,0,0,593,900,423158243,10,77,-5.955635070800781,1.4000167846679688,34.797359466552734,37.493873596191406,1,0,0.6000000238418579,0,0,1,1,0,7,0,0,0,8,99,0,8.300000190734863,-8.531996726989746,34.704429626464844,29.794401168823242,1.5,0,56,1.0,0.0,0.0,0,0,0,0,0
1779673794.7303216,0,0.3499999940395355,0,0,593,900,423158243,10,77,-5.955635070800781,-0.3999824523925781,34.678245544433594,37.48587417602539,1,0,0.6000000238418579,0,0,1,1,0,7,0,0,0,8,99,0,8.300000190734863,-9.479996681213379,34.87043380737305,29.609375,1.5,0,56,1.0,0.0,0.0,0,0,0,0,0
1779673794.7501292,0,0.3499999940395355,0,0,593,900,423158243,10,77,-5.955635070800781,-2.199981689453125,34.55913162231445,37.44187545776367,1,0,0.6000000238418579,0,0,1,1,0,7,0,0,0,8,99,0,8.300000190734863,-10.427996635437012,35.03643035888672,29.405397415161133,1.5,0,56,1.0,0.0,0.0,0,0,0,0,0
1779673794.7701418,0,0.3499999940395355,0,0,593,900,423158243,10,77,-5.955635070800781,-3.999980926513672,34.44001770019531,37.36187744140625,1,0,0.6000000238418579,0,0,1,1,0,7,0,0,0,8,99,0,8.300000190734863,-11.375996589660645,35.20235061645508,29.182567596435547,1.5,0,56,1.0,0.0,0.0,0,0,0,0,0
1779673794.7939584,0,0.3499999940395355,0,0,593,900,423158243,10,77,-5.955635070800781,-5.799980163574219,34.32090377807617,37.24587631225586,1,0,0.6000000238418579,0,0,1,1,0,7,0,0,0,8,99,0,8.300000190734863,-12.323996543884277,35.36834716796875,28.94068145751953,1.5,0,56,1.0,0.0,0.0,0,0,0,0,0
1779673794.8123293,0,0.3499999940395355,0,0,593,900,423158243,10,77,-5.955635070800781,-7.599979400634766,34.20178985595703,37.093875885009766,1,0,0.6000000238418579,0,0,1,1,0,7,0,0,0,8,99,0,8.300000190734863,-13.27199649810791,35.53434371948242,28.679832458496094,1.5,0,56,1.0,0.0,0.0,0,0,0,0,0
1779673794.831314,0,0.3499999940395355,0,0,593,900,423158243,10,77,-5.955635070800781,-9.399978637695312,34.08267593383789,36.90587615966797,1,0,0.6000000238418579,0,0,1,0,0,7,0,0,0,8,99,1,8.300000190734863,0.0,35.700340270996094,28.45830535888672,1.5,0,56,1.0,0.0,0.0,0,0,0,0,0
1779673794.8506987,0,0.3499999940395355,0,0,593,900,423158243,10,77,-5.955635070800781,-11.19997787475586,33.96356201171875,36.68187713623047,1,0,0.6000000238418579,0,0,1,0,0,7,0,0,0,8,99,1,8.300000190734863,0.0,35.866424560546875,28.408096313476562,1.5,0,56,1.0,0.0,0.0,0,0,0,0,0
1779673794.87025,0,0.3499999940395355,0,0,593,900,423158243,10,77,-5.955635070800781,-12.999977111816406,33.84444808959961,36.421878814697266,1,0,0.6000000238418579,0,0,1,0,0,7,0,0,0,8,99,1,8.300000190734863,0.0,36.03242111206055,28.40810775756836,1.5,0,56,1.0,0.0,0.0,0,0,0,0,0
1779673794.8904283,0,0.3499999940395355,0,0,593,900,423158243,10,77,-5.955635070800781,-14.799976348876953,33.72533416748047,36.12588119506836,1,0,0.6000000238418579,0,0,1,0,0,7,0,0,0,8,99,1,8.300000190734863,0.0,36.198421478271484,28.408113479614258,1.5,0,56,1.0,0.0,0.0,0,0,0,0,0
1779673794.9103262,0,0.3499999940395355,0,0,593,900,423158243,10,77,-5.955635070800781,-16.5999755859375,33.60622024536133,35.793880462646484,1,0,0.6000000238418579,0,0,1,0,0,7,0,0,0,8,99,1,8.300000190734863,0.0,36.36442184448242,28.408119201660156,1.5,0,56,1.0,0.0,0.0,0,0,0,0,0
1779673794.9303105,0,0.3499999940395355,0,0,593,900,423158243,10,77,-5.955635070800781,-18.399974822998047,33.48710632324219,35.425880432128906,1,0,0.6000000238418579,0,0,1,0,0,7,0,0,0,8,99,1,8.300000190734863,0.0,36.530418395996094,28.408119201660156,1.5,0,56,1.0,0.0,0.0,0,0,0,0,0
1779673794.9500613,0,0.3499999940395355,0,0,593,900,423158243,10,77,-5.955635070800781,-20.199974060058594,33.36799240112305,35.021881103515625,1,0,0.6000000238418579,0,0,1,0,0,7,0,0,0,8,99,1,8.300000190734863,0.0,36.69633483886719,28.40812110900879,1.5,0,56,1.0,0.0,0.0,0,0,0,0,0
1779673794.970359,0,0.3499999940395355,0,0,593,900,423158243,10,77,-5.955635070800781,-21.99997329711914,33.248878479003906,34.58188247680664,1,0,0.6000000238418579,0,0,1,0,0,7,0,0,0,8,99,1,8.300000190734863,0.0,36.86241912841797,28.40812110900879,1.5,0,56,1.0,0.0,0.0,0,0,0,0,0
1779673794.9903643,0,0.3499999940395355,0,0,593,900,423158243,10,77,-5.955635070800781,-23.799972534179688,33.129764556884766,34.10588455200195,1,0,0.6000000238418579,0,0,1,0,0,7,0,0,0,8,99,1,8.300000190734863,0.0,37.028419494628906,28.40812110900879,1.5,0,56,1.0,0.0,0.0,0,0,0,0,0
1779673795.0102408,0,0.3499999940395355,0,0,593,900,423158243,10,77,-5.955635070800781,-25.599971771240234,33.010650634765625,33.5938835144043,1,0,0.6000000238418579,0,0,1,0,0,7,0,0,0,8,99,1,8.300000190734863,0.0,37.194419860839844,28.40812110900879,1.5,0,56,1.0,0.0,0.0,0,0,0,0,0
1779673795.0303278,0,0.3499999940395355,0,0,593,900,423158243,10,77,-5.955635070800781,-27.39997100830078,32.891536712646484,33.04588317871094,1,0,0.6000000238418579,0,0,1,0,0,7,0,0,0,8,99,1,8.300000190734863,0.0,37.36041259765625,28.40812110900879,1.5,0,56,1.0,0.0,0.0,0,0,0,0,0
1779673795.0502093,0,0.3499999940395355,0,0,593,900,423158243,10,77,-5.955635070800781,-29.199970245361328,32.772422790527344,32.461883544921875,1,0,0.6000000238418579,0,0,1,0,0,7,0,0,0,8,99,1,8.300000190734863,0.0,37.52641296386719,28.40812110900879,1.5,0,56,1.0,0.0,0.0,0,0,0,0,0
1779673795.070409,0,0.3499999940395355,0,0,593,900,423158243,14,77,0.0,0.0,32.6533088684082,31.84188461303711,1,0,0.6000000238418579,0,0,1,0,0,7,0,0,0,8,99,1,8.300000190734863,0.0,37.692413330078125,28.408123016357422,1.5,0,56,1.0,0.0,0.0,0,0,0,0,0
1779673795.0909092,0,0.3499999940395355,0,0,593,900,423158243,14,77,0.0,0.0,32.6533088684082,31.84188461303711,1,0,0.6000000238418579,0,0,1,0,0,7,0,0,0,8,99,1,1.1368683772161603e-13,0.0,37.732513427734375,28.40812110900879,1.5,0,56,0.0,0.0,0.0,0,0,0,0,0
1779673795.1103737,0,0.3499999940395355,0,0,593,900,423158243,14,77,0.0,0.0,32.6533088684082,31.84188461303711,1,0,0.6000000238418579,0,0,1,0,0,7,0,0,0,8,99,1,0.0,0.0,37.732505798339844,28.40812110900879,1.5,0,56,0.0,0.0,0.0,0,0,0,0,0
1779673795.130368,0,0.3499999940395355,0,0,593,900,423158243,14,77,0.0,0.0,32.6533088684082,31.84188461303711,1,0,0.6000000238418579,0,0,1,0,0,7,0,0,0,8,99,1,0.0,0.0,37.732505798339844,28.40812110900879,1.5,0,56,0.0,0.0,0.0,0,0,0,0,0
1779673795.1501544,0,0.3499999940395355,0,0,593,900,423158243,14,77,0.0,0.0,32.6533088684082,31.84188461303711,1,0,0.6000000238418579,0,0,1,0,0,7,0,0,0,8,99,1,-1.1368683772161603e-13,0.0,37.732505798339844,28.40812110900879,1.5,0,56,0.0,0.0,0.0,0,0,0,0,0
1779673795.1704526,0,0.3499999940395355,0,0,593,900,423158243,14,77,0.0,0.0,32.6533088684082,31.84188461303711,1,0,0.6000000238418579,0,0,1,0,0,7,0,0,0,8,99,1,0.0,0.0,37.732505798339844,28.40812110900879,1.5,0,56,0.0,0.0,0.0,0,0,0,0,0
1779673795.1906178,0,0.3499999940395355,0,0,593,900,423158243,14,77,0.0,0.0,32.6533088684082,31.84188461303711,1,0,0.6000000238418579,0,0,1,0,0,7,0,0,0,8,99,1,0.0,0.0,37.732505798339844,28.40812110900879,1.5,0,56,0.0,0.0,0.0,0,0,0,0,0
1779673795.2103446,0,0.3499999940395355,0,0,593,900,423158243,14,77,0.0,0.0,32.6533088684082,31.84188461303711,1,0,0.6000000238418579,0,0,1,0,0,7,0,0,0,8,99,1,0.0,0.0,37.732505798339844,28.40812110900879,1.5,0,56,0.0,0.0,0.0,0,0,0,0,0
1779673795.2306082,0,0.3499999940395355,0,0,593,900,423158243,14,77,0.0,0.0,32.6533088684082,31.84188461303711,1,0,0.6000000238418579,0,0,1,0,0,7,0,0,0,8,99,1,0.0,0.0,37.732505798339844,28.40812110900879,1.5,0,56,0.0,0.0,0.0,0,0,0,0,0
1779673795.2505035,0,0.3499999940395355,0,0,593,900,423158243,14,77,0.0,0.0,32.6533088684082,31.84188461303711,1,0,0.6000000238418579,0,0,1,0,0,7,0,0,0,8,99,1,0.0,0.0,37.732505798339844,28.408123016357422,1.5,0,56,0.0,0.0,0.0,0,0,0,0,0
1779673795.2702541,0,0.3499999940395355,0,0,593,900,423158243,14,77,0.0,0.0,32.6533088684082,31.84188461303711,1,0,0.6000000238418579,0,0,1,0,0,7,0,0,0,8,99,1,0.0,0.0,37.732505798339844,28.40812110900879,1.5,0,56,0.0,0.0,0.0,0,0,0,0,0
1779673795.2901247,0,0.3499999940395355,0,0,593,900,423158243,14,77,0.0,0.0,32.6533088684082,31.84188461303711,1,0,0.6000000238418579,0,0,1,0,0,7,0,0,0,8,99,1,0.0,0.0,37.732505798339844,28.40812110900879,1.5,0,56,0.0,0.0,0.0,0,0,0,0,0
1779673795.310452,0,0.3499999940395355,0,0,593,900,423158243,14,77,0.0,0.0,32.6533088684082,31.84188461303711,1,0,0.6000000238418579,0,0,1,0,0,7,0,0,0,8,99,1,0.0,0.0,37.732505798339844,28.40812110900879,1.5,0,56,0.0,0.0,0.0,0,0,0,0,0
1779673795.3303285,0,0.3499999940395355,0,0,593,900,423158243,14,77,0.0,0.0,32.6533088684082,31.84188461303711,1,0,0.6000000238418579,0,0,1,0,0,7,0,0,0,8,99,1,0.0,0.0,37.732505798339844,28.40812110900879,1.5,0,56,0.0,0.0,0.0,0,0,0,0,0
1779673795.350344,0,0.3499999940395355,0,0,593,900,423158243,14,77,0.0,0.0,32.6533088684082,31.84188461303711,1,0,0.6000000238418579,0,0,1,0,0,7,0,0,0,8,99,1,0.0,0.0,37.732505798339844,28.40812110900879,1.5,0,56,0.0,0.0,0.0,0,0,0,0,0
1779673795.370553,0,0.3499999940395355,0,0,593,900,423158243,14,77,0.0,0.0,32.6533088684082,31.84188461303711,1,0,0.6000000238418579,0,0,1,0,0,7,0,0,0,8,99,1,0.0,0.0,37.732505798339844,28.40812110900879,1.5,0,56,0.0,0.0,0.0,0,0,0,0,0
1779673795.3906505,0,0.3499999940395355,0,0,593,900,423158243,14,77,0.0,0.0,32.6533088684082,31.84188461303711,1,0,0.6000000238418579,0,0,1,0,0,7,0,0,0,8,99,1,0.0,0.0,37.732505798339844,28.40812110900879,1.5,0,56,0.0,0.0,0.0,0,0,0,0,0
1779673795.4104202,0,0.3499999940395355,0,0,593,900,423158243,14,77,0.0,0.0,32.6533088684082,31.84188461303711,1,0,0.6000000238418579,0,0,1,0,0,7,0,0,0,8,99,1,0.0,0.0,37.732505798339844,28.40812110900879,1.5,0,56,0.0,0.0,0.0,0,0,0,0,0
1779673795.4305155,0,0.3499999940395355,0,0,593,900,423158243,14,77,0.0,0.0,32.6533088684082,31.84188461303711,1,0,0.6000000238418579,0,0,1,0,0,7,0,0,0,8,99,1,0.0,0.0,37.732505798339844,28.40812110900879,1.5,0,56,0.0,0.0,0.0,0,0,0,0,0
1779673795.450257,0,0.3499999940395355,0,0,593,900,423158243,14,77,0.0,0.0,32.6533088684082,31.84188461303711,1,0,0.6000000238418579,0,0,1,0,0,7,0,0,0,8,99,1,0.0,0.0,37.732505798339844,28.40812110900879,1.5,0,56,0.0,0.0,0.0,0,0,0,0,0
1779673795.470357,0,0.3499999940395355,0,0,593,900,423158243,14,77,0.0,0.0,32.6533088684082,31.84188461303711,1,0,0.6000000238418579,0,0,1,0,0,7,0,0,0,8,99,1,0.0,0.0,37.732505798339844,28.40812110900879,1.5,0,56,0.0,0.0,0.0,0,0,0,0,0
1779673795.4907863,0,0.3499999940395355,0,0,593,900,423158243,14,77,0.0,0.0,32.6533088684082,31.84188461303711,1,0,0.6000000238418579,0,0,1,0,0,7,0,0,0,8,99,1,0.0,0.0,37.732505798339844,28.40812110900879,1.5,0,56,0.0,0.0,0.0,0,0,0,0,0
1779673795.5103781,0,0.3499999940395355,0,0,593,900,423158243,15,77,23.497711181640625,-18.65093994140625,32.6533088684082,31.84188461303711,1,0,0.6000000238418579,0,0,1,0,0,7,0,0,0,8,99,1,0.0,0.0,37.732505798339844,28.40812110900879,1.5,0,56,0.0,0.0,0.0,0,0,0,0,0
1779673795.5303612,0,0.3499999940395355,0,0,593,900,423158243,15,77,23.497711181640625,-18.65093994140625,33.12326431274414,31.4688663482666,1,0,0.6000000238418579,0,0,1,0,0,7,0,0,0,8,99,1,0.0,0.0,37.732505798339844,28.408123016357422,1.5,0,56,0.0,0.0,0.0,0,0,0,0,0
1779673795.550383,0,0.3499999940395355,0,0,593,900,423158243,15,77,23.497711181640625,-18.65093994140625,33.59321975708008,31.095848083496094,1,0,0.6000000238418579,0,0,1,0,0,7,0,0,0,8,99,1,0.0,0.0,37.732505798339844,28.40812110900879,1.5,0,56,0.0,0.0,0.0,0,0,0,0,0
1779673795.5703013,0,0.3499999940395355,0,0,593,900,423158243,15,77,23.497711181640625,-18.65093994140625,34.063175201416016,30.722829818725586,1,0,0.6000000238418579,0,0,1,0,0,7,0,0,0,8,99,1,0.0,0.0,37.732505798339844,28.40812110900879,1.5,0,56,0.0,0.0,0.0,0,0,0,0,0
1779673795.5902793,0,0.3499999940395355,0,0,593,900,423158243,15,77,23.497711181640625,-18.65093994140625,34.53313064575195,30.349811553955078,1,0,0.6000000238418579,0,0,1,0,0,7,0,0,0,8,99,1,0.0,0.0,37.732505798339844,28.40812110900879,1.5,0,56,0.0,0.0,0.0,0,0,0,0,0
1779673795.6102612,0,0.3499999940395355,0,0,593,900,423158243,15,77,23.497711181640625,-18.65093994140625,35.00308609008789,29.97679328918457,1,0,0.6000000238418579,0,0,1,0,0,7,0,0,0,8,99,1,0.0,0.0,37.732505798339844,28.40812110900879,1.5,0,56,1.0,0.0,0.0,0,0,0,0,0
1779673795.6304164,0,0.3499999940395355,0,0,593,900,423158243,15,77,23.497711181640625,-18.65093994140625,35.47304153442383,29.603775024414062,1,0,0.6000000238418579,0,0,1,0,0,7,0,0,0,8,99,1,0.0,0.0,37.732505798339844,28.40812110900879,1.5,0,56,1.0,0.0,0.0,0,0,0,0,0
1779673795.6504462,0,0.3499999940395355,0,0,593,900,423158243,15,77,23.497711181640625,-18.65093994140625,35.942996978759766,29.230756759643555,1,0,0.6000000238418579,0,0,1,0,0,7,0,0,0,8,99,1,1.1368683772161603e-13,0.0,37.732505798339844,28.408123016357422,1.5,0,56,1.0,0.0,0.0,0,0,0,0,0
1779673795.9507945,0,0.3499999940395355,0,0,593,900,423158243,15,77,23.497711181640625,-18.65093994140625,36.4129524230957,28.857738494873047,0,0,0.6000000238418579,0,0,0,0,0,6,1,0,0,8,99,1,0.0,0.0,37.732505798339844,28.40812110900879,1.5,0,56,0.0,0.0,0.0,0,0,0,0,0
1779673795.9803917,0,0.3499999940395355,0,0,593,900,423158243,15,77,23.497711181640625,-18.65093994140625,36.88290786743164,28.48472023010254,0,0,0.6000000238418579,0,0,0,0,0,6,1,0,0,8,99,1,0.0,0.0,37.732505798339844,28.40812110900879,1.5,0,56,0.0,0.0,0.0,0,0,1,0,0
1779673796.0103593,0,0.3499999940395355,0,0,593,900,423158243,15,77,23.497711181640625,-18.65093994140625,37.35286331176758,28.11170196533203,0,0,0.6000000238418579,0,0,0,0,0,6,1,0,0,8,99,1,1.1368683772161603e-13,7.5,37.732505798339844,28.52183723449707,1.5,0,56,0.0,0.0,0.0,0,0,1,0,0
1779673796.0291286,0,0.3499999940395355,0,0,593,900,423158243,15,77,23.497711181640625,-18.65093994140625,37.822818756103516,27.738683700561523,0,0,0.6000000238418579,0,0,0,0,0,6,1,0,0,8,99,1,0.0,7.5,37.732505798339844,28.67190933227539,1.5,0,56,0.0,0.0,0.0,0,0,1,0,0
1779673796.0477252,0,0.3499999940395355,0,0,593,900,423158243,47,77,18.79817008972168,0.0,37.959999084472656,27.549999237060547,0,0,0.6000000238418579,0,0,0,0,0,6,1,0,0,8,99,1,0.0,7.5,37.732505798339844,28.821908950805664,1.5,0,56,0.0,0.0,0.0,0,0,1,0,0
1779673796.065932,0,0.3499999940395355,0,0,593,900,423158243,47,77,0.0,0.0,37.7369499206543,28.295839309692383,0,0,0.6000000238418579,0,0,0,0,0,6,1,0,0,8,99,1,0.0,7.5,37.732505798339844,28.971908569335938,1.5,0,56,0.0,0.0,0.0,0,0,1,0,0
1779673796.0844219,0,0.3499999940395355,0,0,593,900,423158243,47,77,0.0,0.0,37.6784782409668,28.492136001586914,0,0,0.6000000238418579,0,0,0,0,0,6,1,0,0,8,99,1,0.0,7.5,37.732505798339844,29.121906280517578,1.5,0,56,0.0,0.0,0.0,0,0,1,0,0
1779673796.102658,0,0.3499999940395355,0,0,593,900,423158243,47,77,0.0,0.0,37.663150787353516,28.54359245300293,0,0,0.6000000238418579,0,0,0,0,0,6,1,0,0,8,99,1,0.0,7.5,37.732505798339844,29.27190589904785,1.5,0,56,0.0,0.0,0.0,0,0,0,0,0
1779673796.1209688,0,0.3499999940395355,0,0,593,900,423158243,47,77,0.0,0.0,37.65913009643555,28.55708122253418,0,0,0.6000000238418579,0,0,0,0,0,6,1,0,0,8,99,1,0.0,7.5,37.732505798339844,29.421903610229492,1.5,0,56,0.0,0.0,0.0,0,0,0,0,0
1779673796.1406603,0,0.3499999940395355,0,0,593,900,423158243,47,77,0.0,0.0,37.65861511230469,28.558807373046875,0,0,0.6000000238418579,0,0,0,0,0,6,1,0,0,8,99,1,0.0,7.5,37.732505798339844,29.571903228759766,1.5,0,56,0.0,0.0,0.0,0,0,0,0,0
1779673796.1606748,0,0.3499999940395355,0,0,593,900,423158243,47,77,0.0,0.0,37.658287048339844,28.559911727905273,0,0,0.6000000238418579,0,0,0,0,0,6,1,0,0,8,99,1,0.0,7.5,37.732505798339844,29.721908569335938,1.5,0,56,0.0,0.0,0.0,0,0,0,0,0
1779673796.1807013,0,0.3499999940395355,0,0,593,900,423158243,47,77,0.0,0.0,37.658077239990234,28.560619354248047,0,0,0.6000000238418579,0,0,0,0,0,6,1,0,0,8,99,1,0.0,7.5,37.732505798339844,29.871906280517578,1.5,0,56,0.0,0.0,0.0,0,0,0,0,0
1779673796.2004473,0,0.3499999940395355,0,0,593,900,423158243,47,77,0.0,0.0,37.65793991088867,28.561071395874023,1,0,0.6000000238418579,0,0,0,0,0,6,1,0,0,8,99,0,0.0,7.5,37.732505798339844,30.02190399169922,1.5,0,56,0.0,0.0,0.0,0,0,0,0,0
1779673796.2207453,0,0.3499999940395355,0,0,593,900,423158243,47,77,0.0,0.0,37.65785598754883,28.561359405517578,1,0,0.6000000238418579,0,0,1,1,0,6,1,0,0,8,99,0,1.1368683772161603e-13,-0.9479996562004089,37.732505798339844,30.043743133544922,1.5,0,56,0.0,0.0,0.0,0,0,1,0,0
1779673796.2403705,0,0.3499999940395355,1,0,593,900,423158243,47,77,0.0,0.0,37.65780258178711,28.56154441833496,0,0,0.6000000238418579,0,0,1,1,0,6,1,1,0,8,99,0,-1.1368683772161603e-13,-1.8959993124008179,37.732505798339844,30.01041030883789,1.5,0,56,0.0,0.0,0.0,0,0,1,0,0
1779673796.260384,0,0.3499999940395355,1,0,593,900,423158243,47,77,0.0,0.0,37.65776824951172,28.561664581298828,0,0,0.6000000238418579,0,0,1,1,0,6,1,1,0,8,99,0,-3.75,-2.843998908996582,37.6756477355957,29.958118438720703,1.5,0,56,0.0,0.0,0.0,0,0,1,0,0
1779673796.2802162,0,0.3499999940395355,1,0,572,900,423158243,47,77,0.0,0.0,37.657745361328125,28.56174087524414,0,0,0.6000000238418579,0,0,1,1,0,6,1,1,0,8,99,0,-3.75,-3.7919986248016357,37.600608825683594,29.88682746887207,1.5,0,67,0.0,0.0,0.0,0,0,1,0,0
1779673796.3006651,0,0.3499999940395355,1,0,572,900,423158243,47,77,0.0,0.0,37.663848876953125,28.561819076538086,0,0,0.6000000238418579,0,0,1,1,0,6,1,1,0,8,99,0,-3.75,-4.7399983406066895,37.525611877441406,29.79660415649414,1.5,0,67,0.0,0.0,0.0,0,0,1,0,0
1779673796.3203769,0,0.3499999940395355,1,0,572,900,423158243,47,77,0.0,0.0,37.66163635253906,28.561840057373047,0,0,0.6000000238418579,0,0,1,1,0,6,1,1,0,8,99,0,-3.75,-5.687997817993164,37.450645446777344,29.68747901916504,1.5,0,67,0.0,0.0,0.0,0,0,1,0,0
1779673796.340231,0,0.3499999940395355,1,0,572,900,423158243,47,77,0.0,0.0,37.660221099853516,28.561853408813477,0,0,0.6000000238418579,0,0,1,1,0,6,1,1,0,8,99,0,-3.75,-6.635997295379639,37.37564468383789,29.559345245361328,1.5,0,67,0.0,0.0,0.0,0,0,1,0,0
1779673796.3604546,0,0.3499999940395355,1,0,572,900,423158243,47,77,0.0,0.0,37.6593132019043,28.561861038208008,1,0,0.6000000238418579,0,0,1,1,0,6,1,1,0,8,99,0,-3.75,-7.583996772766113,37.30064392089844,29.412254333496094,1.5,0,67,0.0,0.0,0.0,0,0,0,0,0
1779673796.3801265,0,0.3499999940395355,1,0,572,900,423158243,47,77,0.0,0.0,37.65873336791992,28.561864852905273,1,0,0.6000000238418579,0,0,1,1,0,6,1,1,0,8,99,0,-3.75,-8.531996726989746,37.22564697265625,29.246204376220703,1.5,0,67,0.0,0.0,0.0,0,0,0,0,0
1779673796.4002967,0,0.3499999940395355,1,0,572,900,423158243,47,77,0.0,0.0,37.658363342285156,28.56186866760254,1,0,0.6000000238418579,0,0,1,1,0,6,1,1,0,8,99,0,-3.75,-9.479996681213379,37.1506462097168,29.061193466186523,1.5,0,67,0.0,0.0,0.0,0,0,0,0,0
1779673796.420404,0,0.3499999940395355,1,0,572,900,423158243,47,77,0.0,0.0,37.65812301635742,28.561870574951172,1,0,0.6000000238418579,0,0,1,1,0,6,1,1,0,8,99,0,-3.75,-10.427996635437012,37.07564163208008,28.857219696044922,1.5,0,67,0.0,0.0,0.0,0,0,0,0,0
1779673796.4404147,0,0.3499999940395355,1,0,572,900,423158243,47,77,0.0,0.0,37.6579704284668,28.561870574951172,1,0,0.6000000238418579,0,0,1,1,0,6,1,1,0,8,99,0,0.0,-11.375996589660645,37.057498931884766,28.634288787841797,1.5,0,67,0.0,0.0,0.0,0,0,0,0,0
1779673796.4604702,0,0.3499999940395355,1,0,572,900,423158243,47,77,0.0,0.0,37.657875061035156,28.561870574951172,1,0,0.6000000238418579,0,0,1,0,0,6,1,1,0,8,99,1,0.0,0.0,37.057498931884766,28.44940757751465,1.5,0,67,0.0,0.0,0.0,0,0,0,0,0
1779673796.4802234,0,0.3499999940395355,1,0,572,900,423158243,47,77,0.0,0.0,37.657814025878906,28.561870574951172,1,0,0.6000000238418579,0,0,1,0,0,6,1,1,0,8,99,1,0.0,0.0,37.057498931884766,28.408096313476562,1.5,0,67,0.0,0.0,0.0,0,0,1,0,0
1779673796.5004888,0,0.3499999940395355,1,0,572,900,423158243,47,77,0.0,0.0,37.657772064208984,28.561870574951172,1,0,0.6000000238418579,0,0,1,0,0,6,1,1,0,8,99,1,0.0,0.0,37.057498931884766,28.40810775756836,1.5,0,67,0.0,0.0,0.0,0,0,1,0,0
1779673796.520312,0,0.3499999940395355,1,0,572,900,423158243,47,77,0.0,0.0,37.657745361328125,28.561870574951172,1,0,0.6000000238418579,0,0,1,0,0,6,1,1,0,8,99,1,0.0,0.0,37.057498931884766,28.408113479614258,1.5,0,67,0.0,0.0,0.0,0,0,1,0,0
1779673796.5401525,0,0.3499999940395355,1,0,572,900,423158243,1,77,0.0,0.0,37.65773010253906,28.561870574951172,1,0,0.6000000238418579,0,0,1,0,0,6,1,1,0,8,99,1,0.0,0.0,37.057498931884766,28.408119201660156,1.5,0,67,0.0,0.0,0.0,0,0,1,0,0
1779673796.5604146,0,0.3499999940395355,1,0,572,900,423158243,1,77,0.0,0.0,37.48054885864258,28.561870574951172,1,0,0.6000000238418579,0,0,1,0,0,6,1,1,0,8,99,1,0.0,0.0,37.057498931884766,28.408119201660156,1.5,0,67,0.0,0.0,0.0,0,0,1,0,0
1779673796.5803556,0,0.3499999940395355,1,0,572,900,423158243,1,77,0.0,0.0,37.43410110473633,28.561870574951172,1,0,0.6000000238418579,0,0,1,0,0,6,1,1,0,8,99,1,0.0,0.0,37.057498931884766,28.408123016357422,1.5,0,67,0.0,0.0,0.0,0,0,1,0,0
1779673796.6005342,0,0.3499999940395355,0,0,572,900,423158243,1,77,0.0,0.0,37.42192459106445,28.561870574951172,1,0,0.6000000238418579,0,0,1,0,0,6,1,0,0,8,99,1,0.0,0.0,37.057498931884766,28.40812110900879,1.5,0,67,0.0,0.0,0.0,0,0,0,0,0
1779673796.6202319,0,0.3499999940395355,0,0,572,900,423158243,1,77,0.0,0.0,37.42036819458008,28.561870574951172,1,0,0.6000000238418579,0,0,1,0,0,6,1,0,0,8,99,1,0.0,0.0,37.057498931884766,28.40812110900879,1.5,0,67,0.0,0.0,0.0,0,0,0,0,0
1779673796.64039,0,0.3499999940395355,0,0,572,900,423158243,1,77,0.0,0.0,37.41937255859375,28.561870574951172,1,0,0.6000000238418579,0,0,1,0,0,6,1,0,0,8,99,1,0.0,0.0,37.057498931884766,28.40812110900879,1.5,0,67,0.0,0.0,0.0,0,0,0,0,0
1779673796.6604912,0,0.3499999940395355,0,0,572,900,423158243,1,77,0.0,0.0,37.41873550415039,28.561870574951172,1,0,0.6000000238418579,0,0,1,0,0,6,1,0,0,8,99,1,0.0,0.0,37.057498931884766,28.40812110900879,1.5,0,67,0.0,0.0,0.0,0,0,0,0,0
1779673796.6801684,0,0.3499999940395355,0,0,572,900,423158243,1,77,0.0,0.0,37.4183235168457,28.561870574951172,1,0,0.6000000238418579,0,0,1,0,0,6,1,0,0,8,99,1,0.0,0.0,37.057498931884766,28.40812110900879,1.5,0,67,0.0,0.0,0.0,0,0,0,0,0
1779673796.7002375,0,0.3499999940395355,0,0,572,900,423158243,1,77,0.0,0.0,37.41806411743164,28.561870574951172,1,0,0.6000000238418579,0,0,1,0,0,6,1,0,0,8,99,1,0.0,0.0,37.057498931884766,28.40812110900879,1.5,0,67,0.0,0.0,0.0,0,0,0,0,0
1779673796.720495,0,0.3499999940395355,0,0,572,900,423158243,1,77,0.0,0.0,37.41789627075195,28.561870574951172,1,0,0.6000000238418579,0,0,1,0,0,6,1,0,0,8,99,1,0.0,0.0,37.057498931884766,28.40812110900879,1.5,0,67,0.0,0.0,0.0,0,0,1,0,0
1779673796.740478,0,0.3499999940395355,1,0,572,900,423158243,1,77,0.0,0.0,37.417789459228516,28.561870574951172,0,0,0.6000000238418579,0,0,1,0,0,6,1,1,0,8,99,1,0.0,0.0,37.057498931884766,28.40812110900879,1.5,0,67,0.0,0.0,0.0,0,0,1,0,0
1779673796.7606626,0,0.3499999940395355,1,0,572,900,423158243,1,77,0.0,0.0,37.417720794677734,28.561870574951172,0,0,0.6000000238418579,0,0,1,0,0,6,1,1,0,8,99,1,-3.75,0.0,37.0005989074707,28.408119201660156,1.5,0,67,0.0,0.0,0.0,0,0,1,0,0
1779673796.7806199,0,0.3499999940395355,1,0,551,900,423158243,35,77,0.0,0.0,37.41767883300781,28.561870574951172,0,0,0.6000000238418579,0,0,1,0,0,6,1,1,0,8,99,1,-3.75,0.0,36.92559814453125,28.40812110900879,1.5,0,78,0.0,0.0,0.0,0,0,1,0,0
1779673796.800917,0,0.3499999940395355,1,0,551,900,423158243,35,77,0.0,0.0,36.833351135253906,28.561870574951172,0,0,0.6000000238418579,0,0,1,0,0,6,1,1,0,8,99,1,-3.75,0.0,36.85060119628906,28.40812110900879,1.5,0,78,0.0,0.0,0.0,0,0,1,0,0
1779673796.8203788,0,0.3499999940395355,1,0,551,900,423158243,35,77,0.0,0.0,36.6640625,28.561870574951172,0,0,0.6000000238418579,0,0,1,0,0,6,1,1,0,8,99,1,-3.75,0.0,36.775634765625,28.40812110900879,1.5,0,78,0.0,0.0,0.0,0,0,0,0,0
1779673796.8402176,0,0.3499999940395355,1,0,551,900,423158243,35,77,0.0,0.0,36.61968994140625,28.561870574951172,0,0,0.6000000238418579,0,0,1,0,0,6,1,1,0,8,99,1,-3.75,0.0,36.70063400268555,28.40812110900879,1.5,0,78,0.0,0.0,0.0,0,0,0,0,0
1779673796.8603764,0,0.3499999940395355,1,0,551,900,423158243,35,77,0.0,0.0,36.608055114746094,28.561870574951172,1,0,0.6000000238418579,0,0,1,0,0,6,1,1,0,8,99,1,-3.75,0.0,36.62559509277344,28.408123016357422,1.5,0,78,0.0,0.0,0.0,0,0,0,0,0
1779673796.8801086,0,0.3499999940395355,1,0,551,900,423158243,35,77,0.0,0.0,36.5263671875,28.561870574951172,1,0,0.6000000238418579,0,0,1,0,0,6,1,1,0,8,99,1,-3.75,0.0,36.55059814453125,28.40812110900879,1.5,0,78,0.0,0.0,0.0,0,0,0,0,0
1779673796.900173,0,0.3499999940395355,1,0,551,900,423158243,35,77,0.0,0.0,36.50495147705078,28.561870574951172,1,0,0.6000000238418579,0,0,1,0,0,6,1,1,0,8,99,1,-3.75,0.0,36.4755973815918,28.40812110900879,1.5,0,78,0.0,0.0,0.0,0,0,0,0,0
1779673796.9203897,0,0.3499999940395355,1,0,551,900,423158243,35,77,0.0,0.0,36.50221252441406,28.561870574951172,1,0,0.6000000238418579,0,0,1,0,0,6,1,1,0,8,99,1,-3.75,0.0,36.400596618652344,28.40812110900879,1.5,0,78,0.0,0.0,0.0,0,0,1,0,0
1779673796.9403563,0,0.3499999940395355,1,0,551,900,423158243,35,77,0.0,0.0,36.500457763671875,28.561870574951172,1,0,0.6000000238418579,0,0,1,0,0,6,1,1,0,8,99,1,0.0,0.0,36.38249206542969,28.40812110900879,1.5,0,78,0.0,0.0,0.0,0,0,1,0,0
1779673796.960406,0,0.3499999940395355,1,0,551,900,423158243,35,77,0.0,0.0,36.49933624267578,28.561870574951172,1,0,0.6000000238418579,0,0,1,0,0,6,1,1,0,8,99,1,0.0,0.0,36.38249206542969,28.40812110900879,1.5,0,78,0.0,0.0,0.0,0,0,1,0,0
1779673796.9802668,0,0.3499999940395355,1,0,551,900,423158243,35,77,0.0,0.0,36.498619079589844,28.561870574951172,1,0,0.6000000238418579,0,0,1,0,0,6,1,1,0,8,99,1,0.0,0.0,36.38249206542969,28.40812110900879,1.5,0,78,0.0,0.0,0.0,0,0,1,0,0
1779673797.0003884,0,0.3499999940395355,1,0,551,900,423158243,35,77,0.0,0.0,36.49816131591797,28.561870574951172,1,0,0.6000000238418579,0,0,1,0,0,6,1,1,0,8,99,1,0.0,0.0,36.38249206542969,28.40812110900879,1.5,0,78,0.0,0.0,0.0,0,0,1,0,0
1779673797.02018,0,0.3499999940395355,1,0,551,900,423158243,35,77,0.0,0.0,36.49786376953125,28.561870574951172,1,0,0.6000000238418579,0,0,1,0,0,6,1,1,0,8,99,1,0.0,0.0,36.38249206542969,28.40812110900879,1.5,0,78,0.0,0.0,0.0,0,0,0,0,0
1779673797.0402005,0,0.3499999940395355,1,0,551,900,423158243,35,77,0.0,0.0,36.4976806640625,28.561870574951172,1,0,0.6000000238418579,0,0,1,0,0,6,1,1,0,8,99,1,0.0,0.0,36.38249206542969,28.40812110900879,1.5,0,78,0.0,0.0,0.0,0,0,0,0,0
1779673797.06035,0,0.3499999940395355,1,0,551,900,423158243,35,77,0.0,0.0,36.49755859375,28.561870574951172,1,0,0.6000000238418579,0,0,1,0,0,6,1,1,0,8,99,1,0.0,0.0,36.38249206542969,28.40812110900879,1.5,0,78,0.0,0.0,0.0,0,0,0,0,0
1779673797.080375,0,0.3499999940395355,1,0,551,900,423158243,35,77,0.0,0.0,36.49748229980469,28.561870574951172,1,0,0.6000000238418579,0,0,1,0,0,6,1,1,0,8,99,1,0.0,0.0,36.38249206542969,28.40812110900879,1.5,0,78,0.0,0.0,0.0,0,0,0,0,0
1779673797.1005657,0,0.3499999940395355,0,0,551,900,423158243,35,77,0.0,0.0,36.49742889404297,28.561870574951172,1,0,0.6000000238418579,0,0,1,0,0,6,1,0,0,8,99,1,0.0,0.0,36.38249206542969,28.40812110900879,1.5,0,78,0.0,0.0,0.0,0,0,1,0,0
1779673797.1202693,0,0.3499999940395355,0,0,551,900,423158243,35,77,0.0,0.0,36.497398376464844,28.561870574951172,1,0,0.6000000238418579,0,0,1,0,0,6,1,0,0,8,99,1,0.0,0.0,36.38249206542969,28.408123016357422,1.5,0,78,0.0,0.0,0.0,0,0,1,0,0
1779673797.1403875,0,0.3499999940395355,0,0,551,900,423158243,35,77,0.0,0.0,36.49737548828125,28.561870574951172,1,0,0.6000000238418579,0,0,1,0,0,6,1,0,0,8,99,1,0.0,0.0,36.38249206542969,28.40812110900879,1.5,0,78,0.0,0.0,0.0,0,0,1,0,0
1779673797.1608088,0,0.3499999940395355,1,0,551,900,423158243,35,77,0.0,0.0,36.49736785888672,28.561870574951172,0,0,0.6000000238418579,0,0,1,0,0,6,1,1,0,8,99,1,-3.75,0.0,36.38249206542969,28.408123016357422,1.5,0,78,0.0,0.0,0.0,0,0,1,0,0
1779673797.180825,0,0.3499999940395355,1,0,551,900,423158243,35,77,0.0,0.0,36.49736022949219,28.561870574951172,0,0,0.6000000238418579,0,0,1,0,0,6,1,1,0,8,99,1,-3.75,0.0,36.325599670410156,28.40812110900879,1.5,0,78,0.0,0.0,0.0,0,0,1,0,0
1779673797.2004187,0,0.3499999940395355,1,0,530,900,423158243,35,77,0.0,0.0,36.497352600097656,28.561870574951172,0,0,0.6000000238418579,0,0,1,0,0,6,1,1,0,8,99,1,-3.75,0.0,36.25059509277344,28.40812110900879,1.5,0,89,0.0,0.0,0.0,0,0,1,0,0
1779673797.2207186,0,0.3499999940395355,1,0,530,900,423158243,35,77,0.0,0.0,36.497398376464844,28.561874389648438,0,0,0.6000000238418579,0,0,1,0,0,6,1,1,0,8,99,1,-3.75,0.0,36.17559814453125,28.40812110900879,1.5,0,89,0.0,0.0,0.0,0,0,0,0,0
1779673797.240282,0,0.3499999940395355,1,0,530,900,423158243,35,77,0.0,0.0,36.49737548828125,28.561874389648438,0,0,0.6000000238418579,0,0,1,0,0,6,1,1,0,8,99,1,-3.75,0.0,36.10063171386719,28.40812110900879,1.5,0,89,0.0,0.0,0.0,0,0,0,0,0
1779673797.2605066,0,0.3499999940395355,1,0,530,900,423158243,35,77,0.0,0.0,36.49736785888672,28.561874389648438,1,0,0.6000000238418579,0,0,1,0,0,6,1,1,0,8,99,1,-3.75,0.0,36.025634765625,28.408123016357422,1.5,0,89,0.0,0.0,0.0,0,0,0,0,0
1779673797.2802203,0,0.3499999940395355,1,0,530,900,423158243,35,77,0.0,0.0,36.49736022949219,28.561874389648438,1,0,0.6000000238418579,0,0,1,0,0,6,0,1,0,8,99,1,-3.75,0.0,35.95063400268555,28.408119201660156,1.5,0,89,0.0,0.0,0.0,0,0,1,0,0
1779673797.3003259,0,0.3499999940395355,1,0,530,900,423158243,35,77,0.0,0.0,36.497352600097656,28.561874389648438,1,0,0.6000000238418579,0,0,1,0,0,6,0,1,0,8,99,1,-3.75,0.0,35.875633239746094,28.40812110900879,1.5,0,89,0.0,0.0,0.0,0,0,1,0,0
1779673797.3203304,0,0.3499999940395355,1,0,530,900,423158243,35,77,0.0,0.0,36.497344970703125,28.561874389648438,1,0,0.6000000238418579,0,0,1,0,0,6,0,1,0,8,99,1,-3.75,0.0,35.80063247680664,28.40812110900879,1.5,0,89,0.0,0.0,0.0,0,0,1,0,0
1779673797.3404555,0,0.3499999940395355,1,0,530,900,423158243,35,77,0.0,0.0,36.497344970703125,28.561874389648438,1,0,0.6000000238418579,0,0,1,0,0,6,0,1,0,8,99,1,-3.75,0.0,35.72563552856445,28.40812110900879,1.5,0,89,0.0,0.0,0.0,0,0,1,0,0
1779673797.3604598,0,0.3499999940395355,1,0,530,900,423158243,35,77,0.0,0.0,36.497344970703125,28.561874389648438,1,0,0.6000000238418579,0,0,1,0,0,6,0,1,0,8,99,1,0.0,0.0,35.70748519897461,28.408123016357422,1.5,0,89,0.0,0.0,0.0,0,0,1,0,0
1779673797.3804698,0,0.3499999940395355,1,0,530,900,423158243,35,77,0.0,0.0,36.497344970703125,28.561874389648438,1,0,0.6000000238418579,0,0,1,0,0,6,0,1,0,8,99,1,0.0,0.0,35.70748519897461,28.408123016357422,1.5,0,89,0.0,0.0,0.0,0,0,0,0,0
1779673797.40022,0,0.3499999940395355,1,0,530,900,423158243,35,77,0.0,0.0,36.497344970703125,28.561874389648438,1,0,0.6000000238418579,0,0,1,0,0,6,0,1,0,8,99,1,0.0,0.0,35.70748519897461,28.40812110900879,1.5,0,89,0.0,0.0,0.0,0,0,0,0,0
1779673797.4205863,0,0.3499999940395355,1,0,530,900,423158243,35,77,0.0,0.0,36.497344970703125,28.561874389648438,1,0,0.6000000238418579,0,0,1,0,0,6,0,1,0,8,99,1,0.0,0.0,35.70748519897461,28.408119201660156,1.5,0,89,0.0,0.0,0.0,0,0,0,0,0
1779673797.4403574,0,0.3499999940395355,1,0,530,900,423158243,35,77,0.0,0.0,36.497344970703125,28.561874389648438,1,0,0.6000000238418579,0,0,1,0,0,6,0,1,0,8,99,1,0.0,0.0,35.70748519897461,28.408123016357422,1.5,0,89,0.0,0.0,0.0,0,0,0,0,0
1779673797.460422,0,0.3499999940395355,1,0,530,900,423158243,35,77,0.0,0.0,36.497344970703125,28.561874389648438,1,0,0.6000000238418579,0,0,1,0,0,6,0,1,0,8,99,1,0.0,0.0,35.70748519897461,28.40812110900879,1.5,0,89,0.0,0.0,0.0,0,0,0,0,0
1779673797.480201,0,0.3499999940395355,1,0,530,900,423158243,35,77,0.0,0.0,36.497344970703125,28.561874389648438,1,0,0.6000000238418579,0,0,1,0,0,6,0,1,0,8,99,1,0.0,0.0,35.70748519897461,28.408123016357422,1.5,0,89,0.0,0.0,0.0,0,0,0,0,0
1779673797.500096,0,0.3499999940395355,0,0,530,900,423158243,35,77,0.0,0.0,36.497344970703125,28.561874389648438,1,0,0.6000000238418579,0,0,1,0,0,6,0,0,0,8,99,1,0.0,0.0,35.70748519897461,28.408123016357422,1.5,0,89,0.0,0.0,0.0,0,0,0,0,0
1779673797.5202956,0,0.3499999940395355,0,0,530,900,423158243,35,77,0.0,0.0,36.497344970703125,28.561874389648438,1,0,0.6000000238418579,0,0,1,0,0,6,0,0,0,8,99,1,0.0,0.0,35.70748519897461,28.40812110900879,1.5,0,89,0.0,0.0,0.0,0,0,0,0,0
1779673797.5402422,0,0.3499999940395355,0,0,530,900,423158243,36,77,0.0,0.0,36.497344970703125,28.561874389648438,1,0,0.6000000238418579,0,0,1,0,0,6,0,0,0,8,99,1,0.0,0.0,35.70748519897461,28.408123016357422,1.5,0,89,0.0,1.0,0.0,1,0,0,0,0
1779673797.8404105,0,0.3499999940395355,0,0,530,900,423158243,37,77,0.0,0.0,36.497344970703125,28.561874389648438,0,0,0.6000000238418579,0,0,1,0,0,5,1,0,0,8,99,1,0.0,0.0,35.70748519897461,28.40812110900879,1.5,0,89,0.0,0.0,0.0,1,0,0,0,0
1779673797.870664,0,0.3499999940395355,0,0,530,900,423158243,37,77,0.0,0.0,36.497344970703125,28.561874389648438,0,0,0.6000000238418579,0,0,1,0,0,5,1,0,0,8,99,1,0.0,0.0,35.70748519897461,28.40812110900879,1.5,0,89,0.0,0.0,0.0,1,0,0,0,0
1779673797.8907576,0,0.3499999940395355,0,0,530,900,423158243,37,77,0.0,0.0,36.497344970703125,28.561874389648438,0,0,0.6000000238418579,0,0,1,0,0,5,1,0,0,8,99,1,0.0,0.0,35.70748519897461,28.40812110900879,1.5,0,89,1.0,-1.0,0.0,1,0,0,0,0
1779673797.9106245,0,0.3499999940395355,0,0,530,900,423158243,37,77,0.0,0.0,36.497344970703125,28.561874389648438,0,0,0.6000000238418579,0,0,1,0,0,5,1,0,0,8,99,1,-15.0,7.5,35.47998046875,28.521873474121094,1.5,0,89,1.0,-1.0,0.0,1,0,0,0,0
1779673797.93099,0,0.3499999940395355,0,0,530,900,423158243,37,77,0.0,0.0,36.497344970703125,28.561874389648438,0,0,0.6000000238418579,0,0,1,0,0,5,1,0,0,8,99,1,-15.0,7.5,35.17998504638672,28.671873092651367,1.5,0,89,1.0,-1.0,0.0,1,0,0,0,0
1779673797.9505162,0,0.3499999940395355,0,0,530,900,423158243,37,77,0.0,0.0,36.497344970703125,28.561874389648438,0,0,0.6000000238418579,0,0,1,0,0,5,1,0,0,8,99,1,-15.0,7.5,34.87998962402344,28.821870803833008,1.5,0,89,1.0,-1.0,0.0,1,0,0,0,0
1779673797.9703245,0,0.3499999940395355,0,0,530,900,423158243,37,77,0.0,0.0,36.497344970703125,28.561874389648438,0,0,0.6000000238418579,0,0,1,0,0,5,1,0,0,8,99,1,-15.0,7.5,34.579986572265625,28.97187042236328,1.5,0,89,1.0,-1.0,0.0,1,0,0,0,0
1779673797.990589,0,0.3499999940395355,0,0,530,900,423158243,37,77,0.0,0.0,36.497344970703125,28.561874389648438,0,0,0.6000000238418579,0,0,1,0,0,5,1,0,0,8,99,1,-15.0,7.5,34.279991149902344,29.121868133544922,1.5,0,89,1.0,0.0,0.0,1,0,0,0,0
1779673798.0107954,0,0.3499999940395355,0,0,530,900,423158243,37,77,0.0,0.0,36.497344970703125,28.561874389648438,0,0,0.6000000238418579,0,0,1,0,0,5,1,0,0,8,99,1,-15.0,7.5,33.97999572753906,29.271865844726562,1.5,0,89,1.0,0.0,0.0,1,0,0,0,0
1779673798.0303273,0,0.3499999940395355,0,0,530,900,423158243,37,77,0.0,0.0,36.497344970703125,28.561874389648438,0,0,0.6000000238418579,0,0,1,0,0,5,1,0,0,8,99,1,-15.0,7.5,33.68000030517578,29.421865463256836,1.5,0,89,1.0,0.0,0.0,1,0,0,0,0
1779673798.0506198,0,0.3499999940395355,0,0,530,900,423158243,37,77,0.0,0.0,36.497344970703125,28.561874389648438,0,0,0.6000000238418579,0,0,1,0,0,5,1,0,0,8,99,1,-15.0,7.5,33.380001068115234,29.571861267089844,1.5,0,89,1.0,0.0,0.0,1,0,0,0,0
1779673798.0703473,0,0.3499999940395355,0,0,530,900,423158243,37,77,0.0,0.0,36.497344970703125,28.561874389648438,0,0,0.6000000238418579,0,0,1,0,0,5,1,0,0,8,99,1,-15.0,7.5,33.08000564575195,29.721860885620117,1.5,0,89,1.0,0.0,0.0,1,0,0,0,0
1779673798.0905533,0,0.3499999940395355,0,0,530,900,423158243,37,77,0.0,0.0,36.497344970703125,28.561874389648438,0,0,0.6000000238418579,0,0,1,0,0,5,1,0,0,8,99,1,-15.0,7.5,32.780006408691406,29.87186050415039,1.5,0,89,1.0,0.0,0.0,1,0,0,0,0
1779673798.1106646,0,0.3499999940395355,0,0,530,900,423158243,37,77,0.0,0.0,36.497344970703125,28.561874389648438,1,0,0.6000000238418579,0,0,1,0,0,5,1,0,0,8,99,0,0.0,0.0,32.480010986328125,30.02185821533203,1.5,0,89,1.0,0.0,0.0,0,0,0,0,0
1779673798.1305058,0,0.3499999940395355,0,0,530,900,423158243,37,77,0.0,0.0,36.497344970703125,28.561874389648438,1,0,0.6000000238418579,0,0,1,1,0,5,1,0,0,8,99,0,8.300000190734863,-0.9479996562004089,32.53336715698242,30.04374122619629,1.5,0,89,1.0,0.0,0.0,0,0,0,0,0
1779673798.1501389,0,0.3499999940395355,0,0,530,900,423158243,37,77,0.0,0.0,36.497344970703125,28.561874389648438,1,0,0.6000000238418579,0,0,1,1,0,5,1,0,0,8,99,0,8.300000190734863,-1.8959993124008179,32.69936752319336,30.01040267944336,1.5,0,89,1.0,0.0,0.0,0,0,0,0,0
1779673798.172973,0,0.3499999940395355,0,0,530,900,423158243,37,77,0.0,0.0,36.497344970703125,28.561874389648438,1,0,0.6000000238418579,0,0,1,1,0,5,1,0,0,8,99,0,8.300000190734863,-2.843998908996582,32.8653678894043,29.958106994628906,1.5,0,89,1.0,0.0,0.0,0,0,0,0,0
1779673798.1921144,0,0.3499999940395355,0,0,530,900,423158243,37,77,0.0,0.0,36.497344970703125,28.561874389648438,1,0,0.6000000238418579,0,0,1,1,0,5,1,0,0,8,99,0,8.300000190734863,-3.7919986248016357,33.0313720703125,29.886850357055664,1.5,0,89,1.0,0.0,0.0,0,0,0,0,0
1779673798.2105668,0,0.3499999940395355,0,0,530,900,423158243,37,77,0.0,0.0,36.497344970703125,28.561874389648438,1,0,0.6000000238418579,0,0,1,1,0,5,1,0,0,8,99,0,8.300000190734863,-4.7399983406066895,33.197364807128906,29.7966365814209,1.5,0,89,1.0,0.0,0.0,0,0,0,0,0
1779673798.2305899,0,0.3499999940395355,0,0,530,900,423158243,37,77,0.0,0.0,36.497344970703125,28.561874389648438,1,0,0.6000000238418579,0,0,1,1,0,5,1,0,0,8,99,0,8.300000190734863,-5.687997817993164,33.363365173339844,29.687461853027344,1.5,0,89,1.0,0.0,0.0,0,0,0,0,0
1779673798.2503052,0,0.3499999940395355,0,0,530,900,423158243,37,77,0.0,0.0,36.497344970703125,28.561874389648438,1,0,0.6000000238418579,0,0,1,1,0,5,1,0,0,8,99,0,8.300000190734863,-6.635997295379639,33.529361724853516,29.559328079223633,1.5,0,89,1.0,0.0,0.0,0,0,0,0,0
1779673798.270349,0,0.3499999940395355,0,0,530,900,423158243,37,77,0.0,0.0,36.497344970703125,28.561874389648438,1,0,0.6000000238418579,0,0,1,1,0,5,1,0,0,8,99,0,8.300000190734863,-7.583996772766113,33.69536209106445,29.4122314453125,1.5,0,89,1.0,0.0,0.0,0,0,0,0,0
1779673798.2908225,0,0.3499999940395355,0,0,530,900,423158243,37,77,0.0,0.0,36.497344970703125,28.561874389648438,1,0,0.6000000238418579,0,0,1,1,0,5,1,0,0,8,99,0,8.300000190734863,-8.531996726989746,33.86136245727539,29.246177673339844,1.5,0,89,1.0,0.0,0.0,0,0,0,0,0
1779673798.310844,0,0.3499999940395355,0,0,530,900,423158243,37,77,0.0,0.0,36.497344970703125,28.561874389648438,1,0,0.6000000238418579,0,0,1,1,0,5,1,0,0,8,99,0,8.300000190734863,-9.479996681213379,34.02735900878906,29.06116485595703,1.5,0,89,1.0,0.0,0.0,0,0,0,0,0
1779673798.330549,0,0.3499999940395355,0,0,530,900,423158243,37,77,0.0,0.0,36.497344970703125,28.561874389648438,1,0,0.6000000238418579,0,0,1,1,0,5,1,0,0,8,99,0,8.300000190734863,-10.427996635437012,34.193359375,28.85719108581543,1.5,0,89,1.0,0.0,0.0,0,0,0,0,0
1779673798.350234,0,0.3499999940395355,0,0,530,900,423158243,37,77,0.0,0.0,36.497344970703125,28.561874389648438,1,0,0.6000000238418579,0,0,1,1,0,5,1,0,0,8,99,0,8.300000190734863,-11.375996589660645,34.35935592651367,28.634260177612305,1.5,0,89,1.0,0.0,0.0,0,0,0,0,0
1779673798.3704772,0,0.3499999940395355,0,0,530,900,423158243,37,77,0.0,0.0,36.497344970703125,28.561874389648438,1,0,0.6000000238418579,0,0,1,0,0,5,1,0,0,8,99,1,8.300000190734863,0.0,34.525352478027344,28.449478149414062,1.5,0,89,1.0,0.0,0.0,0,0,0,0,0
1779673798.3907204,0,0.3499999940395355,0,0,530,900,423158243,37,77,0.0,0.0,36.497344970703125,28.561874389648438,1,0,0.6000000238418579,0,0,1,0,0,5,1,0,0,8,99,1,8.300000190734863,0.0,34.69135284423828,28.408096313476562,1.5,0,89,1.0,0.0,0.0,0,0,0,0,0
1779673798.4104557,0,0.3499999940395355,0,0,530,900,423158243,37,77,0.0,0.0,36.497344970703125,28.561874389648438,1,0,0.6000000238418579,0,0,1,0,0,5,1,0,0,8,99,1,8.300000190734863,0.0,34.85734939575195,28.408105850219727,1.5,0,89,1.0,0.0,0.0,0,0,1,0,0
1779673798.4305758,0,0.3499999940395355,1,0,530,900,423158243,37,77,0.0,0.0,36.497344970703125,28.561874389648438,0,0,0.6000000238418579,0,0,1,0,0,5,1,1,0,8,99,1,8.300000190734863,0.0,35.023345947265625,28.408113479614258,1.5,0,89,1.0,0.0,0.0,0,0,1,0,0
1779673798.4503696,0,0.3499999940395355,1,0,530,900,423158243,37,77,0.0,0.0,36.497344970703125,28.561874389648438,0,0,0.6000000238418579,0,0,1,0,0,5,1,1,0,8,99,1,8.300000190734863,0.0,35.18934631347656,28.408117294311523,1.5,0,89,1.0,0.0,0.0,0,0,1,0,0
1779673798.4704359,0,0.3499999940395355,1,0,509,900,423158243,37,77,0.0,0.0,36.497344970703125,28.561874389648438,0,0,0.6000000238418579,0,0,1,0,0,5,1,1,0,8,99,1,-3.75,0.0,35.35533905029297,28.40812110900879,1.5,0,99,1.0,0.0,0.0,0,0,1,0,0
1779673798.490405,0,0.3499999940395355,1,0,509,900,423158243,37,77,0.0,0.0,36.497344970703125,28.561874389648438,0,0,0.6000000238418579,0,0,1,0,0,5,1,1,0,8,99,1,-3.75,0.0,35.338645935058594,28.40812110900879,1.5,0,99,1.0,0.0,0.0,0,0,1,0,0
1779673798.5101738,0,0.3499999940395355,1,0,509,900,423158243,37,77,0.0,0.0,36.497344970703125,28.561874389648438,0,0,0.6000000238418579,0,0,1,0,0,5,1,1,0,8,99,1,-3.75,0.0,35.26364517211914,28.408123016357422,1.5,0,99,0.0,0.0,0.0,0,0,0,0,0
1779673798.5303829,0,0.3499999940395355,1,0,509,900,423158243,37,77,0.0,0.0,36.497344970703125,28.561874389648438,1,0,0.6000000238418579,0,0,1,0,0,5,1,1,0,8,99,1,-3.75,0.0,35.18864822387695,28.40812110900879,1.5,0,99,0.0,0.0,0.0,0,0,0,0,0
1779673798.550155,0,0.3499999940395355,1,0,509,900,423158243,37,77,0.0,0.0,36.497344970703125,28.561874389648438,1,0,0.6000000238418579,0,0,1,0,0,5,1,1,0,8,99,1,-3.75,0.0,35.1136474609375,28.408123016357422,1.5,0,99,0.0,0.0,0.0,0,0,0,0,0
1779673798.5702686,0,0.3499999940395355,1,0,509,900,423158243,37,77,0.0,0.0,36.497344970703125,28.561874389648438,1,0,0.6000000238418579,0,0,1,0,0,5,1,1,0,8,99,1,-3.75,0.0,35.03864669799805,28.408123016357422,1.5,0,99,0.0,0.0,0.0,0,0,0,0,0
1779673798.5902796,0,0.3499999940395355,1,0,509,900,423158243,37,77,0.0,0.0,36.497344970703125,28.561874389648438,1,0,0.6000000238418579,0,0,1,0,0,5,1,1,0,8,99,1,-3.75,0.0,34.96368408203125,28.40812110900879,1.5,0,99,0.0,0.0,0.0,0,0,0,0,0
1779673798.61048,0,0.3499999940395355,1,0,509,900,423158243,37,77,0.0,0.0,36.497344970703125,28.561874389648438,1,0,0.6000000238418579,0,0,1,0,0,5,1,1,0,8,99,1,-3.75,0.0,34.8886833190918,28.40812110900879,1.5,0,99,0.0,0.0,0.0,0,0,0,0,0
1779673798.6307368,0,0.3499999940395355,1,0,509,900,423158243,37,77,0.0,0.0,36.497344970703125,28.561874389648438,1,0,0.6000000238418579,0,0,1,0,0,5,1,1,0,8,99,1,-3.75,0.0,34.813682556152344,28.40812110900879,1.5,0,99,0.0,0.0,0.0,0,0,0,0,0
1779673798.6504138,0,0.3499999940395355,1,0,509,900,423158243,37,77,0.0,0.0,36.497344970703125,28.561874389648438,1,0,0.6000000238418579,0,0,1,0,0,5,1,1,0,8,99,1,-3.75,0.0,34.73868179321289,28.40812110900879,1.5,0,99,0.0,0.0,0.0,0,0,0,0,0
1779673798.6704834,0,0.3499999940395355,1,0,509,900,423158243,37,77,0.0,0.0,36.497344970703125,28.561874389648438,1,0,0.6000000238418579,0,0,1,0,0,5,1,1,0,8,99,1,0.0,0.0,34.72049331665039,28.40812110900879,1.5,0,99,0.0,0.0,0.0,0,0,0,0,0
1779673798.690878,0,0.3499999940395355,1,0,509,900,423158243,37,77,0.0,0.0,36.497344970703125,28.561874389648438,1,0,0.6000000238418579,0,0,1,0,0,5,1,1,0,8,99,1,0.0,0.0,34.72049331665039,28.40812110900879,1.5,0,99,0.0,0.0,0.0,0,0,0,0,0
1779673798.710802,0,0.3499999940395355,1,0,509,900,423158243,37,77,0.0,0.0,36.497344970703125,28.561874389648438,1,0,0.6000000238418579,0,0,1,0,0,5,1,1,0,8,99,1,0.0,0.0,34.72049331665039,28.40812110900879,1.5,0,99,0.0,0.0,0.0,0,0,0,0,0
1779673798.7304964,0,0.3499999940395355,1,0,509,900,423158243,37,77,0.0,0.0,36.497344970703125,28.561874389648438,1,0,0.6000000238418579,0,0,1,0,0,5,1,1,0,8,99,1,0.0,0.0,34.72049331665039,28.40812110900879,1.5,0,99,0.0,0.0,0.0,0,0,0,0,0
1779673798.750267,0,0.3499999940395355,1,0,509,900,423158243,37,77,0.0,0.0,36.497344970703125,28.561874389648438,1,0,0.6000000238418579,0,0,1,0,0,5,1,1,0,8,99,1,0.0,0.0,34.72049331665039,28.40812110900879,1.5,0,99,0.0,0.0,0.0,0,0,1,0,0
1779673798.770479,0,0.3499999940395355,1,0,509,900,423158243,37,77,0.0,0.0,36.497344970703125,28.561874389648438,1,0,0.6000000238418579,0,0,1,0,0,5,1,1,0,8,99,1,0.0,0.0,34.72049331665039,28.40812110900879,1.5,0,99,0.0,0.0,0.0,0,0,1,0,0
1779673798.7911906,0,0.3499999940395355,0,0,509,900,423158243,37,77,0.0,0.0,36.497344970703125,28.561874389648438,1,0,0.6000000238418579,0,0,1,0,0,5,1,0,0,8,99,1,0.0,0.0,34.72049331665039,28.40812110900879,1.5,0,99,0.0,0.0,0.0,0,0,1,0,0
1779673798.8104494,0,0.3499999940395355,0,0,509,900,423158243,37,77,0.0,0.0,36.497344970703125,28.561874389648438,1,0,0.6000000238418579,0,0,1,0,0,5,1,0,0,8,99,1,0.0,0.0,34.72049331665039,28.40812110900879,1.5,0,99,0.0,0.0,0.0,0,0,1,0,0
1779673798.8308082,0,0.3499999940395355,0,0,509,900,423158243,37,77,0.0,0.0,36.497344970703125,28.561874389648438,1,0,0.6000000238418579,0,0,1,0,0,5,1,0,0,8,99,1,0.0,0.0,34.72049331665039,28.40812110900879,1.5,0,99,0.0,0.0,0.0,0,0,1,0,0
1779673798.8507135,0,0.3499999940395355,1,0,509,900,423158243,37,77,0.0,0.0,36.497344970703125,28.561874389648438,0,0,0.6000000238418579,0,0,1,0,0,5,1,1,0,8,99,1,0.0,0.0,34.72049331665039,28.40812110900879,1.5,0,99,0.0,0.0,0.0,0,0,1,0,0
1779673798.8703902,0,0.3499999940395355,1,0,509,900,423158243,37,77,0.0,0.0,36.497344970703125,28.561874389648438,0,0,0.6000000238418579,0,0,1,0,0,5,1,1,0,8,99,1,0.0,0.0,34.72049331665039,28.40812110900879,1.5,0,99,0.0,0.0,0.0,0,0,1,0,0
1779673798.8910134,0,0.3499999940395355,1,0,488,900,423158243,37,77,0.0,0.0,36.497344970703125,28.561874389648438,0,0,0.6000000238418579,0,0,1,0,0,5,1,1,0,8,99,1,-3.75,0.0,34.72049331665039,28.40812110900879,1.5,0,99,0.0,0.0,0.0,0,0,0,0,0
1779673798.911033,0,0.3499999940395355,1,0,488,900,423158243,37,77,0.0,0.0,36.497344970703125,28.561874389648438,0,0,0.6000000238418579,0,0,1,0,0,5,1,1,0,8,99,1,-3.75,0.0,34.66365051269531,28.40812110900879,1.5,0,99,0.0,0.0,0.0,0,0,0,0,0
1779673798.9305577,0,0.3499999940395355,1,0,488,900,423158243,37,77,0.0,0.0,36.497344970703125,28.561874389648438,0,0,0.6000000238418579,0,0,1,0,0,5,1,1,0,8,99,1,-3.75,0.0,34.588653564453125,28.40812110900879,1.5,0,99,0.0,0.0,0.0,0,0,0,0,0
1779673798.9502606,0,0.3499999940395355,1,0,488,900,423158243,37,77,0.0,0.0,36.497344970703125,28.561874389648438,1,0,0.6000000238418579,0,0,1,0,0,5,1,1,0,8,99,1,-3.75,0.0,34.51365280151367,28.40812110900879,1.5,0,99,0.0,0.0,0.0,0,0,0,0,0
1779673798.9708402,0,0.3499999940395355,1,0,488,900,423158243,37,77,0.0,0.0,36.497344970703125,28.561874389648438,1,0,0.6000000238418579,0,0,1,0,0,5,1,1,0,8,99,1,-3.75,0.0,34.43865203857422,28.408119201660156,1.5,0,99,0.0,0.0,0.0,0,0,0,0,0
1779673798.9905357,0,0.3499999940395355,1,0,488,900,423158243,37,77,0.0,0.0,36.497344970703125,28.561874389648438,1,0,0.6000000238418579,0,0,1,0,0,5,1,1,0,8,99,1,-3.75,0.0,34.363685607910156,28.40812110900879,1.5,0,99,0.0,0.0,0.0,0,0,0,0,0
1779673799.0102913,0,0.3499999940395355,1,0,488,900,423158243,37,77,0.0,0.0,36.497344970703125,28.561874389648438,1,0,0.6000000238418579,0,0,1,0,0,5,1,1,0,8,99,1,-3.75,0.0,34.28868865966797,28.408123016357422,1.5,0,99,0.0,0.0,0.0,0,0,0,0,0
1779673799.0304549,0,0.3499999940395355,1,0,488,900,423158243,38,77,0.0,0.0,36.497344970703125,28.561874389648438,1,0,0.6000000238418579,0,0,1,0,0,5,1,1,0,8,99,1,-3.75,0.0,34.213645935058594,28.408119201660156,1.5,0,99,0.0,0.0,0.0,0,0,0,0,0
1779673799.0509138,0,0.3499999940395355,1,0,488,900,423158243,38,77,0.0,0.0,36.497344970703125,28.561874389648438,1,0,0.6000000238418579,0,0,1,0,0,5,1,1,0,8,99,1,-3.75,0.0,34.13868713378906,28.40812110900879,1.5,0,99,0.0,0.0,0.0,0,0,0,0,0
1779673799.0704958,0,0.3499999940395355,1,0,488,900,423158243,38,77,0.0,0.0,36.497344970703125,28.561874389648438,1,0,0.6000000238418579,0,0,1,0,0,5,1,1,0,8,99,1,-3.75,0.0,34.06368637084961,28.408123016357422,1.5,0,99,0.0,0.0,0.0,0,0,0,0,0
1779673799.090438,0,0.3499999940395355,1,0,488,900,423158243,38,77,0.0,0.0,36.497344970703125,28.561874389648438,1,0,0.6000000238418579,0,0,1,0,0,5,1,1,0,8,99,1,0.0,0.0,34.04548645019531,28.40812110900879,1.5,0,99,0.0,0.0,0.0,0,0,0,0,0
1779673799.1105044,0,0.3499999940395355,1,0,488,900,423158243,38,77,0.0,0.0,36.497344970703125,28.561874389648438,1,0,0.6000000238418579,0,0,1,0,0,5,1,1,0,8,99,1,0.0,0.0,34.04548645019531,28.40812110900879,1.5,0,99,0.0,0.0,0.0,0,0,0,0,0
1779673799.1306274,0,0.3499999940395355,1,0,488,900,423158243,38,77,0.0,0.0,36.497344970703125,28.561874389648438,1,0,0.6000000238418579,0,0,1,0,0,5,1,1,0,8,99,1,0.0,0.0,34.04548645019531,28.40812110900879,1.5,0,99,0.0,0.0,0.0,0,0,0,0,0
1779673799.1525624,0,0.3499999940395355,1,0,488,900,423158243,38,77,0.0,0.0,36.497344970703125,28.561874389648438,1,0,0.6000000238418579,0,0,1,0,0,5,1,1,0,8,99,1,0.0,0.0,34.04548645019531,28.40812110900879,1.5,0,99,0.0,0.0,0.0,0,0,0,0,0
1779673799.1723492,0,0.3499999940395355,1,0,488,900,423158243,38,77,0.0,0.0,36.497344970703125,28.561874389648438,1,0,0.6000000238418579,0,0,1,0,0,5,0,1,0,8,99,1,0.0,0.0,34.04548645019531,28.40812110900879,1.5,0,99,0.0,0.0,0.0,0,0,1,0,0
1779673799.191729,0,0.3499999940395355,0,0,488,900,423158243,38,77,0.0,0.0,36.497344970703125,28.561874389648438,1,0,0.6000000238418579,0,0,1,0,0,5,0,0,0,8,99,1,0.0,0.0,34.04548645019531,28.40812110900879,1.5,0,99,0.0,0.0,0.0,0,0,1,0,0
1779673799.210464,0,0.3499999940395355,0,0,488,900,423158243,38,77,0.0,0.0,36.497344970703125,28.561874389648438,1,0,0.6000000238418579,0,0,1,0,0,5,0,0,0,8,99,1,0.0,0.0,34.04548645019531,28.40812110900879,1.5,0,99,0.0,0.0,0.0,0,0,1,0,0
1779673799.230204,0,0.3499999940395355,0,0,488,900,423158243,38,77,0.0,0.0,36.497344970703125,28.561874389648438,1,0,0.6000000238418579,0,0,1,0,0,5,0,0,0,8,99,1,0.0,0.0,34.04548645019531,28.40812110900879,1.5,0,99,0.0,0.0,0.0,0,0,1,0,0
1779673799.250726,0,0.3499999940395355,0,0,488,900,423158243,38,77,0.0,0.0,36.497344970703125,28.561874389648438,1,0,0.6000000238418579,0,0,1,0,0,5,0,0,0,8,99,1,0.0,0.0,34.04548645019531,28.40812110900879,1.5,0,99,0.0,0.0,0.0,0,0,1,0,0
1779673799.2707267,0,0.3499999940395355,1,0,488,900,423158243,38,77,0.0,0.0,36.497344970703125,28.561874389648438,0,0,0.6000000238418579,0,0,1,0,0,5,0,1,0,8,99,1,0.0,0.0,34.04548645019531,28.40812110900879,1.5,0,99,0.0,0.0,0.0,0,0,1,0,0
1779673799.2904587,0,0.3499999940395355,1,0,488,900,423158243,38,77,0.0,0.0,36.497344970703125,28.561874389648438,0,0,0.6000000238418579,0,0,1,0,0,5,0,1,0,8,99,1,0.0,0.0,34.04548645019531,28.40812110900879,1.5,0,99,0.0,0.0,0.0,0,0,0,0,0
1779673799.3104978,0,0.3499999940395355,1,0,467,900,423158243,38,77,0.0,0.0,36.497344970703125,28.561874389648438,0,0,0.6000000238418579,0,0,1,0,0,5,0,1,0,8,99,1,-3.75,0.0,34.04548645019531,28.40812110900879,1.5,0,99,0.0,0.0,0.0,0,0,0,0,0
1779673799.330474,0,0.3499999940395355,1,0,467,900,423158243,38,77,0.0,0.0,36.79734420776367,28.561874389648438,0,0,0.6000000238418579,0,0,1,0,0,5,0,1,0,8,99,1,-3.75,0.0,33.988677978515625,28.408119201660156,1.5,0,99,0.0,0.0,0.0,0,0,0,0,0
1779673799.3504333,0,0.3499999940395355,1,0,467,900,423158243,25,77,0.0,0.0,37.09734344482422,28.561874389648438,0,0,0.6000000238418579,0,0,1,0,0,5,0,1,0,8,99,1,-3.75,0.0,33.91367721557617,28.40812110900879,1.5,0,99,0.0,0.0,0.0,0,0,0,0,0
1779673799.3703299,0,0.3499999940395355,1,0,467,900,423158243,25,77,0.0,0.0,37.15481185913086,28.561874389648438,1,0,0.6000000238418579,0,0,1,0,0,5,0,1,0,8,99,1,-3.75,0.0,33.83863830566406,28.40812110900879,1.5,0,99,0.0,0.0,0.0,0,0,0,0,0
1779673799.3905783,0,0.3499999940395355,1,0,467,900,423158243,25,77,0.0,0.0,37.15481185913086,28.561874389648438,1,0,0.6000000238418579,0,0,1,0,0,5,0,1,0,8,99,1,-3.75,0.0,33.763641357421875,28.40812110900879,1.5,0,99,0.0,0.0,0.0,0,0,0,0,0
1779673799.4105368,0,0.3499999940395355,1,0,467,900,423158243,25,77,0.0,0.0,37.15481185913086,28.561874389648438,1,0,0.6000000238418579,0,0,1,0,0,5,0,1,0,8,99,1,-3.75,0.0,33.688636779785156,28.408119201660156,1.5,0,99,0.0,0.0,0.0,0,0,0,0,0
1779673799.430513,0,0.3499999940395355,1,0,467,900,423158243,25,77,0.0,0.0,37.15481185913086,28.561874389648438,1,0,0.6000000238418579,0,0,1,0,0,5,0,1,0,8,99,1,-3.75,0.0,33.6136360168457,28.40812110900879,1.5,0,99,0.0,0.0,0.0,0,0,0,0,0
1779673799.4504685,0,0.3499999940395355,1,0,467,900,423158243,25,77,0.0,0.0,37.15481185913086,28.561874389648438,1,0,0.6000000238418579,0,0,1,0,0,5,0,1,0,8,99,1,-3.75,0.0,33.538639068603516,28.408119201660156,1.5,0,99,0.0,0.0,0.0,0,0,0,0,0
1779673799.470385,0,0.3499999940395355,1,0,467,900,423158243,25,77,0.0,0.0,37.15481185913086,28.561874389648438,1,0,0.6000000238418579,0,0,1,0,0,5,0,1,0,8,99,1,-3.75,0.0,33.46363830566406,28.40812110900879,1.5,0,99,0.0,0.0,0.0,0,0,0,0,0
1779673799.490588,0,0.3499999940395355,1,0,467,900,423158243,25,77,0.0,0.0,37.15481185913086,28.561874389648438,1,0,0.6000000238418579,0,0,1,0,0,5,0,1,0,8,99,1,-3.75,0.0,33.38863754272461,28.408119201660156,1.5,0,99,0.0,0.0,0.0,0,0,0,0,0
1779673799.5103965,0,0.3499999940395355,1,0,467,900,423158243,25,77,0.0,0.0,37.15481185913086,28.561874389648438,1,0,0.6000000238418579,0,0,1,0,0,5,0,1,0,8,99,1,0.0,0.0,33.370479583740234,28.40812110900879,1.5,0,99,0.0,0.0,0.0,0,0,0,0,0
1779673799.5305488,0,0.3499999940395355,1,0,467,900,423158243,25,77,0.0,0.0,37.15481185913086,28.561874389648438,1,0,0.6000000238418579,0,0,1,0,0,5,0,1,0,8,99,1,0.0,0.0,33.370479583740234,28.40812110900879,1.5,0,99,0.0,0.0,0.0,0,0,0,0,0
1779673799.5506015,0,0.3499999940395355,1,0,467,900,423158243,25,77,0.0,0.0,37.15481185913086,28.561874389648438,1,0,0.6000000238418579,0,0,1,0,0,5,0,1,0,8,99,1,0.0,0.0,33.370479583740234,28.40812110900879,1.5,0,99,1.0,0.0,0.0,0,0,0,0,0
1779673799.570409,0,0.3499999940395355,1,0,467,900,423158243,25,77,0.0,0.0,37.15481185913086,28.561874389648438,1,0,0.6000000238418579,0,0,1,0,0,5,0,1,0,8,99,1,0.0,0.0,33.370479583740234,28.40812110900879,1.5,0,99,1.0,0.0,0.0,0,0,0,0,0
1779673799.5902803,0,0.3499999940395355,1,0,467,900,423158243,25,77,0.0,0.0,37.15481185913086,28.561874389648438,1,0,0.6000000238418579,0,0,1,0,0,5,0,1,0,8,99,1,8.300000190734863,0.0,33.49620819091797,28.408123016357422,1.5,0,99,1.0,0.0,0.0,0,0,0,0,0
1779673799.6105607,0,0.3499999940395355,1,0,467,900,423158243,25,77,0.0,0.0,37.15481185913086,28.561874389648438,1,0,0.6000000238418579,0,0,1,0,0,5,0,1,0,8,99,1,8.300000190734863,0.0,33.662208557128906,28.40812110900879,1.5,0,99,1.0,0.0,0.0,0,0,0,0,0
1779673799.6312315,0,0.3499999940395355,0,0,467,900,423158243,25,77,0.0,0.0,37.15481185913086,28.561874389648438,1,0,0.6000000238418579,0,0,1,0,0,5,0,0,0,8,99,1,8.300000190734863,0.0,33.828208923339844,28.40812110900879,1.5,0,99,1.0,0.0,0.0,0,0,1,0,0
1779673799.6504278,0,0.3499999940395355,0,0,467,900,423158243,25,77,0.0,0.0,37.15481185913086,28.561874389648438,1,0,0.6000000238418579,0,0,1,0,0,5,0,0,0,8,99,1,8.300000190734863,0.0,33.99421310424805,28.40812110900879,1.5,0,99,1.0,0.0,0.0,0,0,1,0,0
1779673799.6705625,0,0.3499999940395355,0,0,467,900,423158243,25,77,0.0,0.0,37.15481185913086,28.561874389648438,1,0,0.6000000238418579,0,0,1,0,0,5,0,0,0,8,99,1,8.300000190734863,0.0,34.16020965576172,28.40812110900879,1.5,0,99,1.0,0.0,0.0,0,0,1,0,0
1779673799.690538,0,0.3499999940395355,1,0,467,900,423158243,25,77,0.0,0.0,37.15481185913086,28.561874389648438,0,0,0.6000000238418579,0,0,1,0,0,5,0,1,0,8,99,1,8.300000190734863,0.0,34.326210021972656,28.408119201660156,1.5,0,99,0.0,0.0,0.0,0,0,1,0,0
1779673799.7103505,0,0.3499999940395355,1,0,467,900,423158243,25,77,0.0,0.0,37.15481185913086,28.561874389648438,0,0,0.6000000238418579,0,0,1,0,0,5,0,1,0,8,99,1,8.300000190734863,0.0,34.492210388183594,28.40812110900879,1.5,0,99,0.0,0.0,0.0,0,0,1,0,0
1779673799.730517,0,0.3499999940395355,1,0,446,900,423158243,25,77,0.0,0.0,37.15481185913086,28.561874389648438,0,0,0.6000000238418579,0,0,1,0,0,5,0,1,0,8,99,1,-3.75,0.0,34.5324821472168,28.408123016357422,1.5,0,99,0.0,0.0,0.0,0,0,1,0,0
1779673799.7505405,0,0.3499999940395355,1,0,446,900,423158243,25,77,0.0,0.0,37.423744201660156,28.561874389648438,0,0,0.6000000238418579,0,0,1,0,0,5,0,1,0,8,99,1,-3.75,0.0,34.47568130493164,28.40812110900879,1.5,0,99,0.0,0.0,0.0,0,0,0,0,0
1779673799.7704628,0,0.3499999940395355,1,0,446,900,423158243,25,77,0.0,0.0,37.421531677246094,28.561874389648438,0,0,0.6000000238418579,0,0,1,0,0,5,0,1,0,8,99,1,-3.75,0.0,34.40068054199219,28.40812110900879,1.5,0,99,0.0,0.0,0.0,0,0,0,0,0
1779673799.7905943,0,0.3499999940395355,1,0,446,900,423158243,25,77,0.0,0.0,37.42011642456055,28.561874389648438,1,0,0.6000000238418579,0,0,1,0,0,5,0,1,0,8,99,1,-3.75,0.0,34.325645446777344,28.408119201660156,1.5,0,99,0.0,0.0,0.0,0,0,0,0,0
1779673799.8103716,0,0.3499999940395355,1,0,446,900,423158243,25,77,0.0,0.0,37.41920852661133,28.561874389648438,1,0,0.6000000238418579,0,0,1,0,0,5,0,1,0,8,99,1,-3.75,0.0,34.25064468383789,28.408123016357422,1.5,0,99,0.0,0.0,0.0,0,0,0,0,0
1779673799.830344,0,0.3499999940395355,1,0,446,900,423158243,25,77,0.0,0.0,37.41862869262695,28.561874389648438,1,0,0.6000000238418579,0,0,1,0,0,5,0,1,0,8,99,1,-3.75,0.0,34.17564392089844,28.40812110900879,1.5,0,99,0.0,0.0,0.0,0,0,0,0,0
1779673799.8502252,0,0.3499999940395355,1,0,446,900,423158243,25,77,0.0,0.0,37.41825866699219,28.561874389648438,1,0,0.6000000238418579,0,0,1,0,0,5,0,1,0,8,99,1,-3.75,0.0,34.100643157958984,28.408123016357422,1.5,0,99,0.0,0.0,0.0,0,0,0,0,0
1779673799.87038,0,0.3499999940395355,1,0,446,900,423158243,25,77,0.0,0.0,37.41801834106445,28.561874389648438,1,0,0.6000000238418579,0,0,1,0,0,5,0,1,0,8,99,1,-3.75,0.0,34.0256462097168,28.40812110900879,1.5,0,99,0.0,0.0,0.0,0,0,0,0,0
1779673799.8904645,0,0.3499999940395355,1,0,446,900,423158243,25,77,0.0,0.0,37.41786575317383,28.561874389648438,1,0,0.6000000238418579,0,0,1,0,0,5,0,1,0,8,99,1,-3.75,0.0,33.950645446777344,28.40812110900879,1.5,0,99,0.0,0.0,0.0,0,0,0,0,0
1779673799.9106994,0,0.3499999940395355,1,0,446,900,423158243,25,77,0.0,0.0,37.41777038574219,28.561874389648438,1,0,0.6000000238418579,0,0,1,0,0,5,0,1,0,8,99,1,-3.75,0.0,33.87567901611328,28.40812110900879,1.5,0,99,0.0,0.0,0.0,0,0,0,0,0
1779673799.9303958,0,0.3499999940395355,1,0,446,900,423158243,25,77,0.0,0.0,37.41770935058594,28.561874389648438,1,0,0.6000000238418579,0,0,1,0,0,5,0,1,0,8,99,1,0.0,0.0,33.85747528076172,28.408123016357422,1.5,0,99,0.0,0.0,0.0,0,0,0,0,0
1779673799.950421,0,0.3499999940395355,1,0,446,900,423158243,25,77,0.0,0.0,37.417667388916016,28.561874389648438,1,0,0.6000000238418579,0,0,1,0,0,5,0,1,0,8,99,1,0.0,0.0,33.85747528076172,28.40812110900879,1.5,0,99,0.0,0.0,0.0,0,0,0,0,0
1779673799.9705615,0,0.3499999940395355,1,0,446,900,423158243,25,77,0.0,0.0,37.417640686035156,28.561874389648438,1,0,0.6000000238418579,0,0,1,0,0,5,0,1,0,8,99,1,0.0,0.0,33.85747528076172,28.40812110900879,1.5,0,99,0.0,0.0,0.0,0,0,0,0,0
1779673799.9903662,0,0.3499999940395355,1,0,446,900,423158243,25,77,0.0,0.0,37.417625427246094,28.561874389648438,1,0,0.6000000238418579,0,0,1,0,0,5,0,1,0,8,99,1,0.0,0.0,33.85747528076172,28.40812110900879,1.5,0,99,0.0,0.0,0.0,0,0,0,0,0
1779673800.010437,0,0.3499999940395355,1,0,446,900,423158243,25,77,0.0,0.0,37.41761779785156,28.561874389648438,1,0,0.6000000238418579,0,0,1,0,0,5,0,1,0,8,99,1,0.0,0.0,33.85747528076172,28.40812110900879,1.5,0,99,0.0,0.0,0.0,0,0,0,0,0
1779673800.0306268,0,0.3499999940395355,1,0,446,900,423158243,25,77,0.0,0.0,37.41761016845703,28.561874389648438,1,0,0.6000000238418579,0,0,1,0,0,5,0,1,0,8,99,1,0.0,0.0,33.85747528076172,28.40812110900879,1.5,0,99,0.0,0.0,0.0,0,0,0,0,0
1779673800.0504057,0,0.3499999940395355,0,0,446,900,423158243,25,77,0.0,0.0,37.417606353759766,28.561874389648438,1,0,0.6000000238418579,0,0,1,0,0,5,0,0,0,8,99,1,0.0,0.0,33.85747528076172,28.40812110900879,1.5,0,99,0.0,0.0,0.0,0,0,0,0,0
1779673800.0706072,0,0.3499999940395355,0,0,446,900,423158243,25,77,0.0,0.0,37.417606353759766,28.561874389648438,1,0,0.6000000238418579,0,0,1,0,0,5,0,0,0,8,99,1,0.0,0.0,33.85747528076172,28.40812110900879,1.5,0,99,0.0,0.0,0.0,0,0,0,0,0
1779673800.0904913,0,0.3499999940395355,0,0,446,900,423158243,25,77,0.0,0.0,37.417606353759766,28.561874389648438,1,0,0.6000000238418579,0,0,1,0,0,5,0,0,0,8,99,1,0.0,0.0,33.85747528076172,28.40812110900879,1.5,0,99,0.0,0.0,0.0,0,0,0,0,0
1779673800.110322,0,0.3499999940395355,0,0,446,900,423158243,25,77,0.0,0.0,37.417606353759766,28.561874389648438,1,0,0.6000000238418579,0,0,1,0,0,5,0,0,0,8,99,1,0.0,0.0,33.85747528076172,28.40812110900879,1.5,0,99,0.0,0.0,0.0,0,0,0,0,0
1779673800.1304352,0,0.3499999940395355,0,0,446,900,423158243,25,77,0.0,0.0,37.417606353759766,28.561874389648438,1,0,0.6000000238418579,0,0,1,0,0,5,0,0,0,8,99,1,0.0,0.0,33.85747528076172,28.40812110900879,1.5,0,99,0.0,0.0,0.0,1,0,0,0,0
1779673800.150195,0,0.3499999940395355,0,0,446,900,423158243,25,77,0.0,0.0,37.417606353759766,28.561874389648438,1,0,0.6000000238418579,0,0,1,0,0,5,0,0,1,8,99,1,0.0,0.0,33.85747528076172,28.40812110900879,1.5,0,99,0.0,0.0,0.0,1,0,0,0,0
1779673800.1704187,0,0.3499999940395355,0,0,446,900,423158243,25,77,0.0,0.0,37.417606353759766,28.561874389648438,1,0,0.6000000238418579,0,0,1,0,0,5,0,0,1,8,99,0,0.0,15.70199966430664,33.85747528076172,28.646060943603516,1.5,0,99,0.0,0.0,0.0,1,0,0,0,0
1779673800.1906857,0,0.3499999940395355,0,0,446,900,423158243,26,77,0.0,0.0,37.417606353759766,28.561874389648438,1,0,0.6000000238418579,0,0,1,0,0,5,0,0,1,8,99,0,0.0,15.70199966430664,33.85747528076172,28.959945678710938,1.5,0,99,0.0,0.0,0.0,1,0,0,0,0
1779673800.2104437,0,0.3499999940395355,0,0,446,900,423158243,26,77,0.0,0.0,37.417606353759766,28.561874389648438,1,0,0.6000000238418579,0,0,1,0,0,5,0,0,1,8,99,0,0.0,15.70199966430664,33.85747528076172,29.273983001708984,1.5,0,99,0.0,0.0,0.0,1,0,0,0,0
1779673800.230849,0,0.3499999940395355,0,0,446,900,423158243,26,77,0.0,0.0,37.417606353759766,28.561874389648438,1,0,0.6000000238418579,0,0,1,0,0,5,0,0,1,8,99,0,0.0,15.70199966430664,33.85747528076172,29.588016510009766,1.5,0,99,0.0,0.0,0.0,1,0,0,0,0
1779673800.2503936,0,0.3499999940395355,0,0,446,900,423158243,26,77,0.0,0.0,37.417606353759766,28.561874389648438,1,0,0.6000000238418579,0,0,1,0,0,5,0,0,1,8,99,0,0.0,15.70199966430664,33.85747528076172,29.90205192565918,1.5,0,99,0.0,0.0,0.0,1,0,0,0,0
1779673800.270581,0,0.3499999940395355,0,0,446,900,423158243,26,77,0.0,0.0,37.417606353759766,28.561874389648438,1,0,0.6000000238418579,0,0,1,0,0,5,0,0,1,8,99,0,0.0,15.70199966430664,33.85747528076172,30.216243743896484,1.5,0,99,0.0,0.0,0.0,1,0,0,0,0
1779673800.2905946,0,0.3499999940395355,0,0,446,900,423158243,26,77,0.0,0.0,37.417606353759766,28.561874389648438,1,0,0.6000000238418579,0,0,1,0,0,5,0,0,1,8,99,0,0.0,15.70199966430664,33.85747528076172,30.53028106689453,1.5,0,99,-1.0,0.0,0.0,1,0,0,0,0
1779673800.3104403,0,0.3499999940395355,0,0,446,900,423158243,26,77,0.0,0.0,37.417606353759766,28.561874389648438,1,0,0.6000000238418579,0,0,1,0,0,5,0,0,1,8,99,0,0.0,15.70199966430664,33.85747528076172,30.844316482543945,1.5,0,99,-1.0,0.0,0.0,1,0,0,0,0
1779673800.330729,0,0.3499999940395355,0,0,446,900,423158243,26,77,0.0,0.0,37.417606353759766,28.561874389648438,1,0,0.6000000238418579,0,0,0,0,0,5,0,0,1,8,99,0,-8.300000190734863,15.70199966430664,33.731712341308594,31.15835189819336,1.5,0,99,-1.0,0.0,0.0,1,0,0,0,0
1779673800.3504722,0,0.3499999940395355,0,0,446,900,423158243,26,77,0.0,0.0,37.417606353759766,28.561874389648438,1,0,0.6000000238418579,0,0,0,0,0,5,0,0,1,8,99,0,-8.300000190734863,15.70199966430664,33.565711975097656,31.472387313842773,1.5,0,99,-1.0,0.0,0.0,1,0,0,0,0
1779673800.3708797,0,0.3499999940395355,0,0,446,900,423158243,26,77,0.0,0.0,37.417606353759766,28.561874389648438,1,0,0.6000000238418579,0,0,0,0,0,5,0,0,0,8,99,0,-8.300000190734863,14.753999710083008,33.39971923828125,31.772058486938477,1.5,0,99,-1.0,0.0,0.0,1,0,0,0,0
1779673800.3906934,0,0.3499999940395355,0,0,446,900,423158243,26,77,0.0,0.0,37.417606353759766,28.561874389648438,1,0,0.6000000238418579,0,0,0,0,0,5,0,0,0,8,99,0,-8.300000190734863,13.805999755859375,33.23379898071289,32.05263900756836,1.5,0,99,-1.0,0.0,0.0,1,0,0,0,0
1779673800.4105158,0,0.3499999940395355,0,0,446,900,423158243,26,77,0.0,0.0,37.417606353759766,28.561874389648438,1,0,0.6000000238418579,0,0,0,0,0,5,0,0,0,8,99,0,-8.300000190734863,12.857999801635742,33.06779861450195,32.31440353393555,1.5,0,99,-1.0,0.0,0.0,1,0,0,0,0
1779673800.430607,0,0.3499999940395355,0,0,446,900,423158243,26,77,0.0,0.0,37.417606353759766,28.561874389648438,1,0,0.6000000238418579,0,0,0,0,0,5,0,0,0,8,99,0,-8.300000190734863,11.90999984741211,32.90180206298828,32.55720520019531,1.5,0,99,-1.0,0.0,0.0,1,0,0,0,0
1779673800.4505496,0,0.3499999940395355,0,0,446,900,423158243,26,77,0.0,0.0,37.417606353759766,28.561874389648438,1,0,0.6000000238418579,0,0,0,0,0,5,0,0,0,8,99,0,-8.300000190734863,10.961999893188477,32.735801696777344,32.78105163574219,1.5,0,99,-1.0,0.0,0.0,1,0,0,0,0
1779673800.470611,0,0.3499999940395355,0,0,446,900,423158243,26,77,0.0,0.0,37.417606353759766,28.561874389648438,1,0,0.6000000238418579,0,0,0,0,0,5,0,0,0,8,99,0,-8.300000190734863,10.013999938964844,32.569801330566406,32.98593521118164,1.5,0,99,-1.0,0.0,0.0,1,0,0,0,0
1779673800.490912,0,0.3499999940395355,0,0,446,900,423158243,26,77,0.0,0.0,37.417606353759766,28.561874389648438,1,0,0.6000000238418579,0,0,0,0,0,5,0,0,0,8,99,0,-8.300000190734863,9.065999984741211,32.40380096435547,33.17185974121094,1.5,0,99,-1.0,0.0,0.0,1,0,0,0,0
1779673800.5106995,0,0.3499999940395355,0,0,446,900,423158243,26,77,0.0,0.0,37.417606353759766,28.561874389648438,1,0,0.6000000238418579,0,0,0,0,0,5,0,0,0,8,99,0,-8.300000190734863,8.118000030517578,32.2378044128418,33.33882522583008,1.5,0,99,-1.0,0.0,0.0,1,0,0,0,0
1779673800.5309954,0,0.3499999940395355,0,0,446,900,423158243,26,77,0.0,0.0,37.417606353759766,28.561874389648438,1,0,0.6000000238418579,0,0,0,0,0,5,0,0,0,8,99,0,-8.300000190734863,7.1700005531311035,32.071807861328125,33.4868278503418,1.5,0,99,-1.0,0.0,0.0,1,0,0,0,0
1779673800.5512893,0,0.3499999940395355,0,0,446,900,423158243,26,77,0.0,0.0,37.417606353759766,28.561874389648438,1,0,0.6000000238418579,0,0,0,0,0,5,0,0,0,8,99,0,-8.300000190734863,6.222001075744629,31.905803680419922,33.615875244140625,1.5,0,99,-1.0,0.0,0.0,1,0,0,0,0
1779673800.5809252,0,0.3499999940395355,0,0,446,900,423158243,26,77,0.0,0.0,37.417606353759766,28.561874389648438,1,0,0.6000000238418579,0,0,0,0,0,5,0,0,0,8,99,0,-8.300000190734863,5.274001598358154,31.822725296020508,33.67327117919922,1.5,0,99,-1.0,0.0,0.0,1,0,0,0,0
1779673800.6007636,0,0.3499999940395355,0,0,446,900,423158243,26,77,0.0,0.0,37.417606353759766,28.561874389648438,1,0,0.6000000238418579,0,0,0,0,0,5,0,0,0,8,99,0,-8.300000190734863,4.32600212097168,31.57370376586914,33.817142486572266,1.5,0,99,-1.0,0.0,0.0,1,0,0,0,0
1779673800.6205158,0,0.3499999940395355,0,0,446,900,423158243,26,77,0.0,0.0,37.417606353759766,28.561874389648438,1,0,0.6000000238418579,0,0,0,0,0,5,0,0,0,8,99,0,-8.300000190734863,3.378002405166626,31.40770721435547,33.8892936706543,1.5,0,99,-1.0,0.0,0.0,1,0,0,0,0
1779673800.6402943,0,0.3499999940395355,0,0,446,900,423158243,26,77,0.0,0.0,37.417606353759766,28.561874389648438,1,0,0.6000000238418579,0,0,0,0,0,5,0,0,0,8,99,0,-8.300000190734863,2.4300026893615723,31.241710662841797,33.94248962402344,1.5,0,99,-1.0,0.0,0.0,1,0,0,0,0
1779673800.6590028,0,0.3499999940395355,0,0,446,900,423158243,26,77,0.0,0.0,37.417606353759766,28.561874389648438,1,0,0.6000000238418579,0,0,0,0,0,5,0,0,0,8,99,0,-8.300000190734863,1.4820029735565186,31.07571792602539,33.976722717285156,1.5,0,99,-1.0,0.0,0.0,1,0,0,0,0
1779673800.6778357,0,0.3499999940395355,0,0,446,900,423158243,26,77,0.0,0.0,37.417606353759766,28.561874389648438,1,0,0.6000000238418579,0,0,0,0,0,5,0,0,0,8,99,0,-8.300000190734863,0.5340033173561096,30.909725189208984,33.992000579833984,1.5,0,99,-1.0,0.0,0.0,1,0,0,0,0
1779673800.6960468,0,0.3499999940395355,0,0,446,900,423158243,26,77,0.0,0.0,37.417606353759766,28.561874389648438,1,0,0.6000000238418579,0,0,0,1,0,5,0,0,0,8,99,0,-8.300000190734863,-0.4139963388442993,30.743732452392578,33.988319396972656,1.5,0,99,-1.0,0.0,0.0,0,0,0,0,0
1779673800.7142744,0,0.3499999940395355,0,0,446,900,423158243,26,77,0.0,0.0,37.417606353759766,28.561874389648438,1,0,0.6000000238418579,0,0,0,1,0,5,0,0,0,8,99,0,-8.300000190734863,-1.3619959354400635,30.57773780822754,33.965675354003906,1.5,0,99,-1.0,0.0,0.0,0,0,0,0,0
1779673800.7332554,0,0.3499999940395355,0,0,446,900,423158243,26,77,0.0,0.0,37.417606353759766,28.561874389648438,1,0,0.6000000238418579,0,0,0,1,0,5,0,0,0,8,99,0,-8.300000190734863,-2.309995651245117,30.411739349365234,33.92407989501953,1.5,0,99,-1.0,0.0,0.0,0,0,0,0,0
1779673800.7529254,0,0.3499999940395355,0,0,446,900,423158243,26,77,0.0,0.0,37.417606353759766,28.561874389648438,1,0,0.6000000238418579,0,0,0,1,0,5,0,0,0,8,99,0,-8.300000190734863,-3.257995367050171,30.245746612548828,33.863521575927734,1.5,0,99,-1.0,0.0,0.0,0,0,0,0,0
1779673800.771933,0,0.3499999940395355,0,0,446,900,423158243,26,77,0.0,0.0,37.417606353759766,28.561874389648438,1,0,0.6000000238418579,0,0,0,1,0,5,0,0,0,8,99,0,-8.300000190734863,-4.205995082855225,30.079753875732422,33.78400421142578,1.5,0,99,-1.0,0.0,0.0,0,0,0,0,0
1779673800.7912028,0,0.3499999940395355,0,0,446,900,423158243,26,77,0.0,0.0,37.417606353759766,28.561874389648438,1,0,0.6000000238418579,0,0,0,1,0,5,0,0,0,8,99,0,-8.300000190734863,-5.153994560241699,29.913755416870117,33.685523986816406,1.5,0,99,-1.0,0.0,0.0,0,0,0,0,0
1779673800.8104687,0,0.3499999940395355,0,0,446,900,423158243,26,77,0.0,0.0,37.417606353759766,28.561874389648438,1,0,0.6000000238418579,0,0,0,1,0,5,0,0,0,8,99,0,-8.300000190734863,-6.101994037628174,29.747764587402344,33.568092346191406,1.5,0,99,-1.0,0.0,0.0,0,0,0,0,0
1779673800.830245,0,0.3499999940395355,0,0,446,900,423158243,26,77,0.0,0.0,37.417606353759766,28.561874389648438,1,0,0.6000000238418579,0,0,0,1,0,5,0,0,0,8,99,0,-8.300000190734863,-7.049993515014648,29.581769943237305,33.43170166015625,1.5,0,99,-1.0,0.0,0.0,0,0,0,0,0
1779673800.850643,0,0.3499999940395355,0,0,446,900,423158243,26,77,0.0,0.0,37.417606353759766,28.561874389648438,1,0,0.6000000238418579,0,0,0,1,0,5,0,0,0,8,99,0,-8.300000190734863,-7.997992992401123,29.415773391723633,33.27635192871094,1.5,0,99,-1.0,0.0,0.0,0,0,0,0,0
1779673800.8704998,0,0.3499999940395355,0,0,446,900,423158243,26,77,0.0,0.0,37.417606353759766,28.561874389648438,1,0,0.6000000238418579,0,0,0,1,0,5,0,0,0,8,99,0,-8.300000190734863,-8.945992469787598,29.24977684020996,33.1020393371582,1.5,0,99,-1.0,0.0,0.0,0,0,0,0,0
1779673800.8908179,0,0.3499999940395355,0,0,446,900,423158243,26,77,0.0,0.0,37.417606353759766,28.561874389648438,1,0,0.6000000238418579,0,0,0,1,0,5,0,0,0,8,99,0,-8.300000190734863,-9.89399242401123,29.083782196044922,32.90877151489258,1.5,0,99,-1.0,0.0,0.0,0,0,0,0,0
1779673800.9110441,0,0.3499999940395355,0,0,446,900,423158243,26,77,0.0,0.0,37.417606353759766,28.561874389648438,1,0,0.6000000238418579,0,0,0,1,0,5,0,0,0,8,99,0,-8.300000190734863,-10.841992378234863,28.917787551879883,32.6965446472168,1.5,0,99,-1.0,0.0,0.0,0,0,0,0,0
1779673800.9305012,0,0.3499999940395355,0,0,446,900,423158243,26,77,0.0,0.0,37.417606353759766,28.561874389648438,1,0,0.6000000238418579,0,0,0,1,0,5,0,0,0,8,99,0,-8.300000190734863,-11.789992332458496,28.75179100036621,32.465354919433594,1.5,0,99,-1.0,0.0,0.0,0,0,0,0,0
1779673800.9503117,0,0.3499999940395355,0,0,446,900,423158243,26,77,0.0,0.0,37.417606353759766,28.561874389648438,1,0,0.6000000238418579,0,0,0,1,0,5,0,0,0,8,99,0,-8.300000190734863,-12.737992286682129,28.585796356201172,32.2152099609375,1.5,0,99,-1.0,0.0,0.0,0,0,0,0,0
1779673800.9705968,0,0.3499999940395355,0,0,446,900,423158243,26,77,0.0,0.0,37.417606353759766,28.561874389648438,1,0,0.6000000238418579,0,0,0,1,0,5,0,0,0,8,99,0,-8.300000190734863,-13.685992240905762,28.4197998046875,31.94610595703125,1.5,0,99,-1.0,0.0,0.0,0,0,0,0,0
1779673800.9906335,0,0.3499999940395355,0,0,446,900,423158243,26,77,0.0,0.0,37.417606353759766,28.561874389648438,1,0,0.6000000238418579,0,0,0,1,0,5,0,0,0,8,99,0,-8.300000190734863,-14.633992195129395,28.253803253173828,31.658042907714844,1.5,0,99,-1.0,0.0,0.0,0,0,0,0,0
1779673801.0104136,0,0.3499999940395355,0,0,446,900,423158243,26,77,0.0,0.0,37.417606353759766,28.561874389648438,1,0,0.6000000238418579,0,0,0,1,0,5,0,0,0,8,99,0,-8.300000190734863,-15.581992149353027,28.087810516357422,31.35101890563965,1.5,0,99,-1.0,0.0,0.0,0,0,0,0,0
1779673801.0305736,0,0.3499999940395355,0,0,446,900,423158243,26,77,0.0,0.0,37.417606353759766,28.561874389648438,1,0,0.6000000238418579,0,0,0,1,0,5,0,0,0,8,99,0,-8.300000190734863,-16.529991149902344,27.921815872192383,31.025043487548828,1.5,0,99,-1.0,0.0,0.0,0,0,0,0,0
1779673801.0504467,0,0.3499999940395355,0,0,446,900,423158243,26,77,0.0,0.0,37.417606353759766,28.561874389648438,1,0,0.6000000238418579,0,0,0,1,0,5,0,0,0,8,99,0,-8.300000190734863,-17.477991104125977,27.755821228027344,30.680103302001953,1.5,0,99,-1.0,0.0,0.0,0,0,0,0,0
1779673801.0707603,0,0.3499999940395355,0,0,446,900,423158243,26,77,0.0,0.0,37.417606353759766,28.561874389648438,1,0,0.6000000238418579,0,0,0,1,0,5,0,0,0,8,99,0,-8.300000190734863,-18.42599105834961,27.589824676513672,30.31620216369629,1.5,0,99,-1.0,0.0,0.0,0,0,0,0,0
1779673801.0908158,0,0.3499999940395355,0,0,446,900,423158243,26,77,0.0,0.0,37.417606353759766,28.561874389648438,1,0,0.6000000238418579,0,0,0,1,0,5,0,0,0,8,99,0,-8.300000190734863,-19.373991012573242,27.423828125,29.933345794677734,1.5,0,99,-1.0,0.0,0.0,0,0,0,0,0
1779673801.1102958,0,0.3499999940395355,0,0,446,900,423158243,26,77,0.0,0.0,37.417606353759766,28.561874389648438,1,0,0.6000000238418579,0,0,0,1,0,5,0,0,0,8,99,0,-8.300000190734863,-20.321990966796875,27.257835388183594,29.531532287597656,1.5,0,99,-1.0,0.0,0.0,0,0,0,0,0
1779673801.1302507,0,0.3499999940395355,0,0,446,900,423158243,26,77,0.0,0.0,37.417606353759766,28.561874389648438,1,0,0.6000000238418579,0,0,0,1,0,5,0,0,0,8,99,0,-8.300000190734863,-20.947999954223633,27.091838836669922,29.11562728881836,1.5,0,99,-1.0,0.0,0.0,0,0,0,0,0
1779673801.1504686,0,0.3499999940395355,0,0,446,900,423158243,26,77,0.0,0.0,37.417606353759766,28.561874389648438,1,0,0.6000000238418579,0,0,0,1,0,5,0,0,0,8,99,0,-8.300000190734863,-20.947999954223633,26.92584228515625,28.696678161621094,1.5,0,99,-1.0,0.0,0.0,0,0,0,0,0
1779673801.1709666,0,0.3499999940395355,0,0,446,900,423158243,26,77,0.0,0.0,37.417606353759766,28.561874389648438,1,0,0.6000000238418579,0,0,0,0,0,5,0,0,0,8,99,1,-8.300000190734863,0.0,26.759836196899414,28.453489303588867,1.5,0,99,-1.0,0.0,0.0,0,0,0,0,0
1779673801.1909668,0,0.3499999940395355,0,0,446,900,423158243,26,77,0.0,0.0,37.417606353759766,28.561874389648438,1,0,0.6000000238418579,0,0,0,0,0,5,0,0,0,8,99,1,-8.300000190734863,0.0,26.593835830688477,28.408096313476562,1.5,0,99,-1.0,0.0,0.0,0,0,0,0,0
1779673801.2109306,0,0.3499999940395355,0,0,446,900,423158243,27,77,0.0,0.0,37.417606353759766,28.561874389648438,1,0,0.6000000238418579,0,0,0,0,0,5,0,0,0,8,99,1,-8.300000190734863,0.0,26.427837371826172,28.40810775756836,1.5,0,99,-1.0,0.0,0.0,0,0,0,0,0
1779673801.2310753,0,0.3499999940395355,0,0,446,900,423158243,27,77,0.0,0.0,37.417606353759766,28.561874389648438,1,0,0.6000000238418579,0,0,0,0,0,5,0,0,0,8,99,1,-8.300000190734863,0.0,26.261838912963867,28.408113479614258,1.5,0,99,-1.0,0.0,0.0,0,0,0,0,0
1779673801.2505503,0,0.3499999940395355,0,0,446,900,423158243,27,77,0.0,0.0,37.417606353759766,28.561874389648438,1,0,0.6000000238418579,0,0,0,0,0,5,0,0,0,8,99,1,-8.300000190734863,0.0,26.095842361450195,28.408119201660156,1.5,0,99,-1.0,0.0,0.0,0,0,0,0,0
1779673801.270895,0,0.3499999940395355,0,0,446,900,423158243,27,77,0.0,0.0,37.417606353759766,28.561874389648438,1,0,0.6000000238418579,0,0,0,0,0,5,0,0,0,8,99,1,-8.300000190734863,0.0,25.929845809936523,28.40812110900879,1.5,0,99,-1.0,0.0,0.0,0,0,0,0,0
1779673801.2905526,0,0.3499999940395355,0,0,446,900,423158243,27,77,0.0,0.0,37.417606353759766,28.561874389648438,1,0,0.6000000238418579,0,0,0,0,0,5,0,0,0,8,99,1,-8.300000190734863,0.0,25.763851165771484,28.40812110900879,1.5,0,99,-1.0,0.0,0.0,0,0,0,0,0
1779673801.3104873,0,0.3499999940395355,0,0,446,900,423158243,27,77,0.0,0.0,37.417606353759766,28.561874389648438,1,0,0.6000000238418579,0,0,0,0,0,5,0,0,0,8,99,1,-8.300000190734863,0.0,25.59785270690918,28.40812110900879,1.5,0,99,0.0,0.0,0.0,0,0,0,0,0
1779673801.3305004,0,0.3499999940395355,0,0,446,900,423158243,27,77,0.0,0.0,37.417606353759766,28.561874389648438,1,0,0.6000000238418579,0,0,0,0,0,5,0,0,0,8,99,1,-8.300000190734863,0.0,25.431854248046875,28.40812110900879,1.5,0,99,0.0,0.0,0.0,0,0,0,0,0
1779673801.3504755,0,0.3499999940395355,0,0,446,900,423158243,27,77,0.0,0.0,37.417606353759766,28.561874389648438,1,0,0.6000000238418579,0,0,0,0,0,5,0,0,0,8,99,1,0.0,0.0,25.391456604003906,28.408119201660156,1.5,0,99,0.0,0.0,0.0,0,0,0,0,0
1779673801.3716557,0,0.3499999940395355,0,0,446,900,423158243,69,77,0.0,0.0,37.417606353759766,28.561874389648438,1,0,0.6000000238418579,0,0,0,0,0,5,0,0,0,8,99,1,0.0,0.0,25.391456604003906,28.408119201660156,1.5,0,99,0.0,0.0,0.0,0,0,0,0,0
1779673801.3927271,0,0.3499999940395355,0,0,446,900,423158243,69,77,0.0,0.0,37.417606353759766,28.561874389648438,1,0,0.6000000238418579,0,0,0,0,0,5,0,0,0,8,99,1,0.0,0.0,25.391456604003906,28.40812110900879,1.5,0,99,0.0,0.0,0.0,0,0,0,0,0
1779673801.4127038,0,0.3499999940395355,0,0,446,900,423158243,69,77,0.0,0.0,37.417606353759766,28.561874389648438,1,0,0.6000000238418579,0,0,0,0,0,5,0,0,0,8,99,1,0.0,0.0,25.391456604003906,28.40812110900879,1.5,0,99,0.0,0.0,0.0,0,0,0,0,0
1779673801.4324288,0,0.3499999940395355,0,0,446,900,423158243,69,77,0.0,0.0,37.417606353759766,28.561874389648438,1,0,0.6000000238418579,0,0,0,0,0,5,0,0,0,8,99,1,0.0,0.0,25.391456604003906,28.40812110900879,1.5,0,99,0.0,0.0,0.0,0,0,0,0,0
1779673801.4519727,0,0.3499999940395355,0,0,446,900,423158243,69,77,0.0,0.0,37.417606353759766,28.561874389648438,1,0,0.6000000238418579,0,0,0,0,0,5,0,0,0,8,99,1,0.0,0.0,25.391456604003906,28.40812110900879,1.5,0,99,0.0,0.0,0.0,0,0,0,0,0
1779673801.4711883,0,0.3499999940395355,0,0,446,900,423158243,69,77,0.0,0.0,37.417606353759766,28.561874389648438,1,0,0.6000000238418579,0,0,0,0,0,5,0,0,0,8,99,1,0.0,0.0,25.391456604003906,28.40812110900879,1.5,0,99,0.0,0.0,0.0,0,0,0,0,0
1779673801.4908247,0,0.3499999940395355,0,0,446,900,423158243,69,77,0.0,0.0,37.417606353759766,28.561874389648438,1,0,0.6000000238418579,0,0,0,0,0,5,0,0,0,8,99,1,0.0,0.0,25.391456604003906,28.408123016357422,1.5,0,99,0.0,0.0,0.0,0,0,0,0,0
1779673801.5106692,0,0.3499999940395355,0,0,446,900,423158243,69,77,0.0,0.0,37.417606353759766,28.561874389648438,1,0,0.6000000238418579,0,0,0,0,0,5,0,0,0,8,99,1,0.0,0.0,25.391456604003906,28.40812110900879,1.5,0,99,1.0,0.0,0.0,0,0,0,0,0
1779673801.5306034,0,0.3499999940395355,0,0,446,900,423158243,69,77,0.0,0.0,37.417606353759766,28.561874389648438,1,0,0.6000000238418579,0,0,0,0,0,5,0,0,0,8,99,1,0.0,0.0,25.391456604003906,28.40812110900879,1.5,0,99,1.0,0.0,0.0,0,0,0,0,0
1779673801.5505335,0,0.3499999940395355,0,0,446,900,423158243,69,77,0.0,0.0,37.417606353759766,28.561874389648438,1,0,0.6000000238418579,0,0,1,0,0,5,0,0,0,8,99,1,8.300000190734863,0.0,25.516952514648438,28.408119201660156,1.5,0,99,1.0,0.0,0.0,0,0,0,0,0
1779673801.5704236,0,0.3499999940395355,0,0,446,900,423158243,69,77,0.0,0.0,37.417606353759766,28.561874389648438,1,0,0.6000000238418579,0,0,1,0,0,5,0,0,0,8,99,1,8.300000190734863,0.0,25.68303680419922,28.40812110900879,1.5,0,99,1.0,0.0,0.0,0,0,0,0,0
1779673801.5905037,0,0.3499999940395355,0,0,446,900,423158243,69,77,0.0,0.0,37.417606353759766,28.561874389648438,1,0,0.6000000238418579,0,0,1,0,0,5,0,0,0,8,99,1,8.300000190734863,0.0,25.848955154418945,28.40812110900879,1.5,0,99,1.0,0.0,0.0,0,0,0,0,0
1779673801.6106136,0,0.3499999940395355,0,0,446,900,423158243,69,77,0.0,0.0,37.417606353759766,28.561874389648438,1,0,0.6000000238418579,0,0,1,0,0,5,0,0,0,8,99,1,8.300000190734863,0.0,26.01495361328125,28.408119201660156,1.5,0,99,1.0,0.0,0.0,0,0,0,0,0
1779673801.6302814,0,0.3499999940395355,0,0,446,900,423158243,45,77,8.0,0.0,37.417606353759766,28.561874389648438,1,0,0.6000000238418579,0,0,1,0,0,5,0,0,0,8,99,1,8.300000190734863,0.0,26.180950164794922,28.408119201660156,1.5,0,99,1.0,0.0,0.0,0,0,0,0,0
1779673801.6501899,0,0.3499999940395355,0,0,446,900,423158243,45,77,8.0,0.0,37.577606201171875,28.561874389648438,1,0,0.6000000238418579,0,0,1,0,0,5,0,0,0,8,99,1,8.300000190734863,0.0,26.346946716308594,28.40812110900879,1.5,0,99,1.0,0.0,0.0,0,0,0,0,0
1779673801.6703348,0,0.3499999940395355,0,0,446,900,423158243,7,77,0.0,0.0,37.65774154663086,28.561874389648438,1,0,0.6000000238418579,0,0,1,0,0,5,0,0,0,8,99,1,8.300000190734863,0.0,26.512943267822266,28.40812110900879,1.5,0,99,1.0,0.0,0.0,0,0,0,0,0
1779673801.6904116,0,0.3499999940395355,0,0,446,900,423158243,7,77,0.0,0.0,37.480552673339844,28.561874389648438,1,0,0.6000000238418579,0,0,1,0,0,5,0,0,0,8,99,1,8.300000190734863,0.0,26.678939819335938,28.40812110900879,1.5,0,99,1.0,0.0,0.0,0,0,0,0,0
1779673801.7102463,0,0.3499999940395355,0,0,446,900,423158243,7,77,0.0,0.0,37.43410110473633,28.561874389648438,1,0,0.6000000238418579,0,0,1,0,0,5,0,0,0,8,99,1,8.300000190734863,0.0,26.844938278198242,28.408123016357422,1.5,0,99,1.0,0.0,0.0,0,0,0,0,0
1779673801.7302146,0,0.3499999940395355,0,0,446,900,423158243,7,77,0.0,0.0,37.42192459106445,28.561874389648438,1,0,0.6000000238418579,0,0,1,0,0,5,0,0,0,8,99,1,8.300000190734863,0.0,27.01102066040039,28.408119201660156,1.5,0,99,1.0,0.0,0.0,0,0,0,0,0
1779673801.7503278,0,0.3499999940395355,0,0,446,900,423158243,7,77,0.0,0.0,37.42036819458008,28.561874389648438,1,0,0.6000000238418579,0,0,1,0,0,5,0,0,0,8,99,1,8.300000190734863,0.0,27.177017211914062,28.40812110900879,1.5,0,99,1.0,0.0,0.0,0,0,0,0,0
1779673801.7702887,0,0.3499999940395355,0,0,446,900,423158243,7,77,0.0,0.0,37.41937255859375,28.561874389648438,1,0,0.6000000238418579,0,0,1,0,0,5,0,0,0,8,99,1,8.300000190734863,0.0,27.343015670776367,28.40812110900879,1.5,0,99,1.0,0.0,0.0,0,0,0,0,0
1779673801.7904224,0,0.3499999940395355,0,0,446,900,423158243,7,77,0.0,0.0,37.41873550415039,28.561874389648438,1,0,0.6000000238418579,0,0,1,0,0,5,0,0,0,8,99,1,8.300000190734863,0.0,27.509016036987305,28.40812110900879,1.5,0,99,1.0,0.0,0.0,0,0,0,0,0
1779673801.8105283,0,0.3499999940395355,0,0,446,900,423158243,7,77,0.0,0.0,37.4183235168457,28.561874389648438,1,0,0.6000000238418579,0,0,1,0,0,5,0,0,0,8,99,1,8.300000190734863,0.0,27.67493438720703,28.40812110900879,1.5,0,99,1.0,0.0,0.0,0,0,0,0,0
1779673801.830508,0,0.3499999940395355,0,0,446,900,423158243,7,77,0.0,0.0,37.41806411743164,28.561874389648438,1,0,0.6000000238418579,0,0,1,0,0,5,0,0,0,8,99,1,8.300000190734863,0.0,27.840938568115234,28.40812110900879,1.5,0,99,1.0,0.0,0.0,0,0,0,0,0
1779673801.850233,0,0.3499999940395355,0,0,446,900,423158243,7,77,0.0,0.0,37.41789627075195,28.561874389648438,1,0,0.6000000238418579,0,0,1,0,0,5,0,0,0,8,99,1,8.300000190734863,0.0,28.006933212280273,28.40812110900879,1.5,0,99,1.0,0.0,0.0,0,0,0,0,0
1779673801.870123,0,0.3499999940395355,0,0,446,900,423158243,7,77,0.0,0.0,37.417789459228516,28.561874389648438,1,0,0.6000000238418579,0,0,1,0,0,5,0,0,0,8,99,1,8.300000190734863,0.0,28.17293357849121,28.40812110900879,1.5,0,99,1.0,0.0,0.0,0,0,0,0,0
1779673801.89071,0,0.3499999940395355,0,0,446,900,423158243,7,77,0.0,0.0,37.417720794677734,28.561874389648438,1,0,0.6000000238418579,0,0,1,0,0,5,0,0,0,8,99,1,8.300000190734863,0.0,28.338926315307617,28.40812110900879,1.5,0,99,1.0,0.0,0.0,0,0,0,0,0
1779673801.910674,0,0.3499999940395355,0,0,446,900,423158243,7,77,0.0,0.0,37.41767883300781,28.561874389648438,1,0,0.6000000238418579,0,0,1,0,0,5,0,0,0,8,99,1,8.300000190734863,0.0,28.5050106048584,28.408119201660156,1.5,0,99,1.0,0.0,0.0,0,0,0,0,0
1779673801.9302354,0,0.3499999940395355,0,0,446,900,423158243,7,77,0.0,0.0,37.41765213012695,28.561874389648438,1,0,0.6000000238418579,0,0,1,0,0,5,0,0,0,8,99,1,8.300000190734863,0.0,28.67101287841797,28.408123016357422,1.5,0,99,1.0,0.0,0.0,0,0,0,0,0
1779673801.9502108,0,0.3499999940395355,0,0,446,900,423158243,7,77,0.0,0.0,37.417633056640625,28.561874389648438,1,0,0.6000000238418579,0,0,1,0,0,5,0,0,0,8,99,1,8.300000190734863,0.0,28.837011337280273,28.40812110900879,1.5,0,99,1.0,0.0,0.0,0,0,0,0,0
1779673801.970161,0,0.3499999940395355,0,0,446,900,423158243,7,77,0.0,0.0,37.41762161254883,28.561874389648438,1,0,0.6000000238418579,0,0,1,0,0,5,0,0,0,8,99,1,8.300000190734863,0.0,29.00301170349121,28.40812110900879,1.5,0,99,0.0,0.0,0.0,0,0,0,0,0
1779673801.9902155,0,0.3499999940395355,0,0,446,900,423158243,9,77,-5.364215850830078,41.0,37.4176139831543,28.561874389648438,1,0,0.6000000238418579,0,0,1,0,0,5,0,0,0,8,99,1,8.300000190734863,0.0,29.16900634765625,28.40812110900879,1.5,0,99,0.0,0.0,0.0,0,0,0,0,0
1779673802.0102708,0,0.3499999940395355,0,0,446,900,423158243,10,77,-5.364215850830078,39.20000076293945,37.31032943725586,29.345874786376953,1,0,0.6000000238418579,0,0,1,0,0,5,0,0,0,8,99,1,8.300000190734863,0.0,29.335002899169922,28.40812110900879,1.5,0,99,0.0,0.0,0.0,0,0,0,0,0
1779673802.0302737,0,0.3499999940395355,0,0,446,900,423158243,10,77,-5.364215850830078,37.400001525878906,37.20304489135742,30.093873977661133,1,0,0.6000000238418579,0,0,1,0,0,5,0,0,0,8,99,1,0.0,0.0,29.375465393066406,28.40812110900879,1.5,0,99,0.0,0.0,0.0,0,0,0,0,0
1779673802.051001,0,0.3499999940395355,0,0,446,900,423158243,10,77,-5.364215850830078,35.60000228881836,37.095760345458984,30.80587387084961,1,0,0.6000000238418579,0,0,1,0,0,5,0,0,0,8,99,1,0.0,0.0,29.375465393066406,28.40812110900879,1.5,0,99,0.0,0.0,0.0,0,0,0,0,0
1779673802.0702817,0,0.3499999940395355,0,0,446,900,423158243,10,77,-5.364215850830078,33.80000305175781,36.98847579956055,31.481874465942383,1,0,0.6000000238418579,0,0,1,0,0,5,0,0,0,8,99,1,0.0,0.0,29.375465393066406,28.40812110900879,1.5,0,99,0.0,0.0,0.0,0,0,0,0,0
1779673802.0905719,0,0.3499999940395355,0,0,446,900,423158243,10,77,-5.364215850830078,32.000003814697266,36.88119125366211,32.12187194824219,1,0,0.6000000238418579,0,0,1,0,0,5,0,0,0,8,99,1,0.0,0.0,29.375465393066406,28.40812110900879,1.5,0,99,0.0,0.0,0.0,0,0,0,0,0
1779673802.1101627,0,0.3499999940395355,0,0,446,900,423158243,10,77,-5.364215850830078,30.20000457763672,36.77390670776367,32.72587203979492,1,0,0.6000000238418579,0,0,1,0,0,5,0,0,0,8,99,1,0.0,0.0,29.375465393066406,28.40812110900879,1.5,0,99,0.0,0.0,0.0,0,0,0,0,0
1779673802.130369,0,0.3499999940395355,0,0,446,900,423158243,10,77,-5.364215850830078,28.400005340576172,36.666622161865234,33.29387283325195,1,0,0.6000000238418579,0,0,1,0,0,5,0,0,0,8,99,1,0.0,0.0,29.375465393066406,28.40812110900879,1.5,0,99,0.0,0.0,0.0,0,0,0,0,0
1779673802.151564,0,0.3499999940395355,0,0,446,900,423158243,10,77,-5.364215850830078,26.600006103515625,36.5593376159668,33.82587432861328,1,0,0.6000000238418579,0,0,1,0,0,5,0,0,0,8,99,1,0.0,0.0,29.375465393066406,28.40812110900879,1.5,0,99,0.0,0.0,0.0,0,0,0,0,0
1779673802.1708493,0,0.3499999940395355,0,0,446,900,423158243,10,77,-5.364215850830078,24.800006866455078,36.45205307006836,34.32187271118164,1,0,0.6000000238418579,0,0,1,0,0,5,0,0,0,8,99,1,0.0,0.0,29.375465393066406,28.40812110900879,1.5,0,99,0.0,0.0,0.0,0,0,0,0,0
1779673802.1905153,0,0.3499999940395355,0,0,446,900,423158243,10,77,-5.364215850830078,23.00000762939453,36.34476852416992,34.7818717956543,1,0,0.6000000238418579,0,0,1,0,0,5,0,0,0,8,99,1,0.0,0.0,29.375465393066406,28.40812110900879,1.5,0,99,0.0,0.0,0.0,0,0,0,0,0
1779673802.210498,0,0.3499999940395355,0,0,446,900,423158243,10,77,-5.364215850830078,21.200008392333984,36.237483978271484,35.20587158203125,1,0,0.6000000238418579,0,0,1,0,0,5,0,0,0,8,99,1,0.0,0.0,29.375465393066406,28.40812110900879,1.5,0,99,0.0,0.0,0.0,0,0,0,0,0
1779673802.230423,0,0.3499999940395355,0,0,446,900,423158243,10,77,-5.364215850830078,19.400009155273438,36.13019943237305,35.5938720703125,1,0,0.6000000238418579,0,0,1,0,0,5,0,0,0,8,99,1,0.0,0.0,29.375465393066406,28.40812110900879,1.5,0,99,0.0,0.0,0.0,0,0,0,0,0
1779673802.250567,0,0.3499999940395355,0,0,446,900,423158243,10,77,-5.364215850830078,17.60000991821289,36.02291488647461,35.94587326049805,1,0,0.6000000238418579,0,0,1,0,0,5,0,0,0,8,99,1,0.0,0.0,29.375465393066406,28.40812110900879,1.5,0,99,0.0,0.0,0.0,0,0,0,0,0
1779673802.271226,0,0.3499999940395355,0,0,446,900,423158243,10,77,-5.364215850830078,15.800010681152344,35.91563034057617,36.26187515258789,1,0,0.6000000238418579,0,0,1,0,0,5,0,0,0,8,99,1,0.0,0.0,29.375465393066406,28.40812110900879,1.5,0,99,0.0,0.0,0.0,0,0,0,0,0
1779673802.2904983,0,0.3499999940395355,0,0,446,900,423158243,10,77,-5.364215850830078,14.000011444091797,35.808345794677734,36.541873931884766,1,0,0.6000000238418579,0,0,1,0,0,5,0,0,0,8,99,1,0.0,0.0,29.375465393066406,28.408119201660156,1.5,0,99,0.0,0.0,0.0,0,0,0,0,0
1779673802.3105505,0,0.3499999940395355,0,0,446,900,423158243,10,77,-5.364215850830078,12.20001220703125,35.7010612487793,36.78587341308594,1,0,0.6000000238418579,0,0,1,0,0,5,0,0,0,8,99,1,0.0,0.0,29.375465393066406,28.40812110900879,1.5,0,99,0.0,0.0,0.0,0,0,0,0,0
1779673802.3303154,0,0.3499999940395355,0,0,446,900,423158243,10,77,-5.364215850830078,10.400012969970703,35.59377670288086,36.993873596191406,1,0,0.6000000238418579,0,0,1,0,0,5,0,0,0,8,99,1,0.0,0.0,29.375465393066406,28.408119201660156,1.5,0,99,0.0,0.0,0.0,0,0,0,0,0
1779673802.3502343,0,0.3499999940395355,0,0,446,900,423158243,10,77,-5.364215850830078,8.600013732910156,35.48649215698242,37.16587448120117,1,0,0.6000000238418579,0,0,1,0,0,5,0,0,0,8,99,1,0.0,0.0,29.375465393066406,28.40812110900879,1.5,0,99,0.0,0.0,0.0,0,0,0,0,0
1779673802.3703256,0,0.3499999940395355,0,0,446,900,423158243,10,77,-5.364215850830078,6.800014495849609,35.379207611083984,37.301876068115234,1,0,0.6000000238418579,0,0,1,0,0,5,0,0,0,8,99,1,0.0,0.0,29.375465393066406,28.408119201660156,1.5,0,99,0.0,0.0,0.0,0,0,0,0,0
1779673802.3904269,0,0.3499999940395355,0,0,446,900,423158243,10,77,-5.364215850830078,5.0000152587890625,35.27192306518555,37.40187454223633,1,0,0.6000000238418579,0,0,1,0,0,5,0,0,0,8,99,1,0.0,0.0,29.375465393066406,28.40812110900879,1.5,0,99,0.0,0.0,0.0,0,0,0,0,0
1779673802.4103563,0,0.3499999940395355,0,0,446,900,423158243,10,77,-5.364215850830078,3.2000160217285156,35.16463851928711,37.46587371826172,1,0,0.6000000238418579,0,0,1,0,0,5,0,0,0,8,99,1,0.0,0.0,29.375465393066406,28.40812110900879,1.5,0,99,0.0,0.0,0.0,0,0,0,0,0
1779673802.4305363,0,0.3499999940395355,0,0,446,900,423158243,10,77,-5.364215850830078,1.4000167846679688,35.05735397338867,37.493873596191406,1,0,0.6000000238418579,0,0,1,0,0,5,0,0,0,8,99,1,0.0,0.0,29.375465393066406,28.40812110900879,1.5,0,99,0.0,0.0,0.0,0,0,0,0,0
1779673802.4505851,0,0.3499999940395355,0,0,446,900,423158243,10,77,-5.364215850830078,-0.3999824523925781,34.950069427490234,37.48587417602539,1,0,0.6000000238418579,0,0,1,0,0,5,0,0,0,8,99,1,0.0,0.0,29.375465393066406,28.40812110900879,1.5,0,99,0.0,0.0,0.0,0,0,0,0,0
1779673802.4702532,0,0.3499999940395355,0,0,446,900,423158243,10,77,-5.364215850830078,-2.199981689453125,34.8427848815918,37.44187545776367,1,0,0.6000000238418579,0,0,1,0,0,5,0,0,0,8,99,1,0.0,0.0,29.375465393066406,28.40812110900879,1.5,0,99,0.0,0.0,0.0,0,0,0,0,0
1779673802.4904559,0,0.3499999940395355,0,0,446,900,423158243,10,77,-5.364215850830078,-3.999980926513672,34.73550033569336,37.36187744140625,1,0,0.6000000238418579,0,0,1,0,0,5,0,0,0,8,99,1,0.0,0.0,29.375465393066406,28.40812110900879,1.5,0,99,0.0,0.0,0.0,0,0,0,0,0
1779673802.5103414,0,0.3499999940395355,0,0,446,900,423158243,10,77,-5.364215850830078,-5.799980163574219,34.62821578979492,37.24587631225586,1,0,0.6000000238418579,0,0,1,0,0,5,0,0,0,8,99,1,0.0,0.0,29.375465393066406,28.408119201660156,1.5,0,99,0.0,0.0,0.0,0,0,0,0,0
1779673802.530235,0,0.3499999940395355,0,0,446,900,423158243,10,77,-5.364215850830078,-7.599979400634766,34.520931243896484,37.093875885009766,1,0,0.6000000238418579,0,0,1,0,0,5,0,0,0,8,99,1,0.0,0.0,29.375465393066406,28.40812110900879,1.5,0,99,0.0,0.0,0.0,0,0,0,0,0
1779673802.5501204,0,0.3499999940395355,0,0,446,900,423158243,10,77,-5.364215850830078,-9.399978637695312,34.41364669799805,36.90587615966797,1,0,0.6000000238418579,0,0,1,0,0,5,0,0,0,8,99,1,0.0,0.0,29.375465393066406,28.40812110900879,1.5,0,99,0.0,0.0,0.0,0,0,0,0,0
1779673802.5701604,0,0.3499999940395355,0,0,446,900,423158243,10,77,-5.364215850830078,-11.19997787475586,34.30636215209961,36.68187713623047,1,0,0.6000000238418579,0,0,1,0,0,5,0,0,0,8,99,1,0.0,0.0,29.375465393066406,28.40812110900879,1.5,0,99,0.0,0.0,0.0,0,0,0,0,0
1779673802.5903697,0,0.3499999940395355,0,0,446,900,423158243,10,77,-5.364215850830078,-12.999977111816406,34.19907760620117,36.421878814697266,1,0,0.6000000238418579,0,0,1,0,0,5,0,0,0,8,99,1,0.0,0.0,29.375465393066406,28.40812110900879,1.5,0,99,0.0,0.0,0.0,0,0,0,0,0
1779673802.6103773,0,0.3499999940395355,0,0,446,900,423158243,10,77,-5.364215850830078,-14.799976348876953,34.091793060302734,36.12588119506836,1,0,0.6000000238418579,0,0,1,0,0,5,0,0,0,8,99,1,0.0,0.0,29.375465393066406,28.40812110900879,1.5,0,99,0.0,0.0,0.0,0,0,0,0,0
1779673802.6306038,0,0.3499999940395355,0,0,446,900,423158243,10,77,-5.364215850830078,-16.5999755859375,33.9845085144043,35.793880462646484,1,0,0.6000000238418579,0,0,1,0,0,5,0,0,0,8,99,1,0.0,0.0,29.375465393066406,28.40812110900879,1.5,0,99,0.0,0.0,0.0,0,0,0,0,0
1779673802.6504405,0,0.3499999940395355,0,0,446,900,423158243,10,77,-5.364215850830078,-18.399974822998047,33.87722396850586,35.425880432128906,1,0,0.6000000238418579,0,0,1,0,0,5,0,0,0,8,99,1,0.0,0.0,29.375465393066406,28.408119201660156,1.5,0,99,0.0,0.0,0.0,0,0,0,0,0
1779673802.6704588,0,0.3499999940395355,0,0,446,900,423158243,10,77,-5.364215850830078,-20.199974060058594,33.76993942260742,35.021881103515625,1,0,0.6000000238418579,0,0,1,0,0,5,0,0,0,8,99,1,0.0,0.0,29.375465393066406,28.408123016357422,1.5,0,99,0.0,0.0,0.0,0,0,0,0,0
1779673802.6903517,0,0.3499999940395355,0,0,446,900,423158243,10,77,-5.364215850830078,-21.99997329711914,33.662654876708984,34.58188247680664,1,0,0.6000000238418579,0,0,1,0,0,5,0,0,0,8,99,1,0.0,0.0,29.375465393066406,28.40812110900879,1.5,0,99,0.0,0.0,0.0,0,0,0,0,0
1779673802.7101834,0,0.3499999940395355,0,0,446,900,423158243,10,77,-5.364215850830078,-23.799972534179688,33.55537033081055,34.10588455200195,1,0,0.6000000238418579,0,0,1,0,0,5,0,0,0,8,99,1,0.0,0.0,29.375465393066406,28.40812110900879,1.5,0,99,0.0,0.0,0.0,0,0,0,0,0
1779673802.730247,0,0.3499999940395355,0,0,446,900,423158243,30,77,-4.184088230133057,-19.96797752380371,33.44808578491211,33.5938835144043,1,0,0.6000000238418579,0,0,1,0,0,5,0,0,0,8,99,1,0.0,0.0,29.375465393066406,28.408119201660156,1.5,0,99,0.0,0.0,0.0,0,0,0,0,0
1779673802.7504609,0,0.3499999940395355,0,0,446,900,423158243,30,77,-3.2635886669158936,-15.575021743774414,33.3828125,33.28238296508789,1,0,0.6000000238418579,0,0,1,0,0,5,0,0,0,8,99,1,0.0,0.0,29.375465393066406,28.40812110900879,1.5,0,99,0.0,0.0,0.0,0,0,0,0,0
1779673802.7707613,0,0.3499999940395355,0,0,446,900,423158243,30,77,-2.5455989837646484,-12.148516654968262,33.33190155029297,33.03941345214844,1,0,0.6000000238418579,0,0,1,0,0,5,0,0,0,8,99,1,0.0,0.0,29.375465393066406,28.40812110900879,1.5,0,99,0.0,0.0,0.0,0,0,0,0,0
1779673802.7903326,0,0.3499999940395355,0,0,446,900,423158243,30,77,-1.9855670928955078,-9.475842475891113,33.29219055175781,32.84989547729492,1,0,0.6000000238418579,0,0,1,0,0,5,0,0,0,8,99,1,0.0,0.0,29.375465393066406,28.40812110900879,1.5,0,99,0.0,0.0,0.0,0,0,0,0,0
1779673802.8103123,0,0.3499999940395355,0,0,446,900,423158243,30,77,-1.5487422943115234,-7.3911566734313965,33.26121520996094,32.70207214355469,1,0,0.6000000238418579,0,0,1,0,0,5,0,0,0,8,99,1,0.0,0.0,29.375465393066406,28.40812110900879,1.5,0,99,0.0,0.0,0.0,0,0,0,0,0
1779673802.8301816,0,0.3499999940395355,0,0,446,900,423158243,30,77,-1.2080188989639282,-5.765101909637451,33.237056732177734,32.586769104003906,1,0,0.6000000238418579,0,0,1,0,0,5,0,0,0,8,99,1,0.0,0.0,29.375465393066406,28.40812110900879,1.5,0,99,0.0,0.0,0.0,0,0,0,0,0
1779673802.8508072,0,0.3499999940395355,0,0,446,900,423158243,30,77,-0.9422547221183777,-4.496779441833496,33.21821212768555,32.49683380126953,1,0,0.6000000238418579,0,0,1,0,0,5,0,0,0,8,99,1,0.0,0.0,29.375465393066406,28.408123016357422,1.5,0,99,0.0,0.0,0.0,0,0,0,0,0
1779673802.8703337,0,0.3499999940395355,0,0,446,900,423158243,30,77,-0.7349586486816406,-3.5074877738952637,33.203514099121094,32.42668533325195,1,0,0.6000000238418579,0,0,1,0,0,5,0,0,0,8,99,1,0.0,0.0,29.375465393066406,28.40812110900879,1.5,0,99,0.0,0.0,0.0,0,0,0,0,0
1779673802.8905435,0,0.3499999940395355,0,0,446,900,423158243,30,77,-0.5732676982879639,-2.735840320587158,33.192047119140625,32.37196731567383,1,0,0.6000000238418579,0,0,1,0,0,5,0,0,0,8,99,1,0.0,0.0,29.375465393066406,28.40812110900879,1.5,0,99,0.0,0.0,0.0,0,0,0,0,0
1779673802.9116466,0,0.3499999940395355,0,0,446,900,423158243,30,77,-0.44714879989624023,-2.133955478668213,33.18310546875,32.329288482666016,1,0,0.6000000238418579,0,0,1,0,0,5,0,0,0,8,99,1,0.0,0.0,29.375465393066406,28.408123016357422,1.5,0,99,0.0,0.0,0.0,0,0,0,0,0
1779673802.9311411,0,0.3499999940395355,0,0,446,900,423158243,30,77,-0.34877604246139526,-1.664485216140747,33.17612838745117,32.295997619628906,1,0,0.6000000238418579,0,0,1,0,0,5,0,0,0,8,99,1,0.0,0.0,29.375465393066406,28.40812110900879,1.5,0,99,0.0,0.0,0.0,0,0,0,0,0
1779673802.9503717,0,0.3499999940395355,0,0,446,900,423158243,30,77,-0.2720453143119812,-1.2982984781265259,33.17068862915039,32.2700309753418,1,0,0.6000000238418579,0,0,1,0,0,5,0,0,0,8,99,1,0.0,0.0,29.375465393066406,28.40812110900879,1.5,0,99,0.0,0.0,0.0,0,0,0,0,0
1779673802.9703295,0,0.3499999940395355,0,0,446,900,423158243,30,77,-0.21219533681869507,-1.012672781944275,33.16644287109375,32.24977493286133,1,0,0.6000000238418579,0,0,1,0,0,5,0,0,0,8,99,1,0.0,0.0,29.375465393066406,28.408119201660156,1.5,0,99,0.0,0.0,0.0,0,0,0,0,0
1779673802.990474,0,0.3499999940395355,0,0,446,900,423158243,30,77,-0.165512353181839,-0.7898847460746765,33.16313171386719,32.233978271484375,1,0,0.6000000238418579,0,0,1,0,0,5,0,0,0,8,99,1,0.0,0.0,29.375465393066406,28.408119201660156,1.5,0,99,0.0,0.0,0.0,0,0,0,0,0
1779673803.010331,0,0.3499999940395355,0,0,446,900,423158243,30,77,-0.12909963726997375,-0.61611008644104,33.16054916381836,32.221656799316406,1,0,0.6000000238418579,0,0,1,0,0,5,0,0,0,8,99,1,0.0,0.0,29.375465393066406,28.40812110900879,1.5,0,99,0.0,0.0,0.0,0,0,0,0,0
1779673803.0305433,0,0.3499999940395355,0,0,446,900,423158243,30,77,-0.10069771111011505,-0.4805658459663391,33.15853500366211,32.21204376220703,1,0,0.6000000238418579,0,0,1,0,0,5,0,0,0,8,99,1,0.0,0.0,29.375465393066406,28.40812110900879,1.5,0,99,0.0,0.0,0.0,0,0,0,0,0
1779673803.0505524,0,0.3499999940395355,0,0,446,900,423158243,30,77,-0.07854421436786652,-0.3748413324356079,33.15696334838867,32.20454788208008,1,0,0.6000000238418579,0,0,1,0,0,5,0,0,0,8,99,1,0.0,0.0,29.375465393066406,28.40812110900879,1.5,0,99,0.0,0.0,0.0,0,0,0,0,0
1779673803.07037,0,0.3499999940395355,0,0,446,900,423158243,30,77,-0.061264485120773315,-0.29237622022628784,33.155738830566406,32.198699951171875,1,0,0.6000000238418579,0,0,1,0,0,5,0,0,0,8,99,1,0.0,0.0,29.375465393066406,28.40812110900879,1.5,0,99,0.0,0.0,0.0,0,0,0,0,0
1779673803.0903108,0,0.3499999940395355,0,0,446,900,423158243,30,77,-0.04778629541397095,-0.22805345058441162,33.154781341552734,32.19414138793945,1,0,0.6000000238418579,0,0,1,0,0,5,0,0,0,8,99,1,0.0,0.0,29.375465393066406,28.40812110900879,1.5,0,99,0.0,0.0,0.0,0,0,0,0,0
1779673803.1106203,0,0.3499999940395355,0,0,446,900,423158243,30,77,-0.037273310124874115,-0.17788168787956238,33.15403747558594,32.190582275390625,1,0,0.6000000238418579,0,0,1,0,0,5,0,0,0,8,99,1,0.0,0.0,29.375465393066406,28.408119201660156,1.5,0,99,0.0,0.0,0.0,0,0,0,0,0
1779673803.130501,0,0.3499999940395355,0,0,446,900,423158243,30,77,-0.029073180630803108,-0.1387477070093155,33.15345764160156,32.187808990478516,1,0,0.6000000238418579,0,0,1,0,0,5,0,0,0,8,99,1,0.0,0.0,29.375465393066406,28.40812110900879,1.5,0,99,0.0,0.0,0.0,0,0,0,0,0
1779673803.15253,0,0.3499999940395355,0,0,446,900,423158243,30,77,-0.02267708070576191,-0.10822320729494095,33.15300369262695,32.18564224243164,1,0,0.6000000238418579,0,0,1,0,0,5,0,0,0,8,99,1,0.0,0.0,29.375465393066406,28.40812110900879,1.5,0,99,0.0,0.0,0.0,0,0,0,0,0
1779673803.1716425,0,0.3499999940395355,0,0,446,900,423158243,30,77,-0.017688121646642685,-0.08441410213708878,33.15264892578125,32.183956146240234,1,0,0.6000000238418579,0,0,1,0,0,5,0,0,0,8,99,1,0.0,0.0,29.375465393066406,28.40812110900879,1.5,0,99,0.0,0.0,0.0,0,0,0,0,0
1779673803.1908112,0,0.3499999940395355,0,0,446,900,423158243,30,77,-0.013796734623610973,-0.06584299355745316,33.152374267578125,32.182640075683594,1,0,0.6000000238418579,0,0,1,0,0,5,0,0,0,8,99,1,0.0,0.0,29.375465393066406,28.40812110900879,1.5,0,99,0.0,0.0,0.0,0,0,0,0,0
1779673803.210127,0,0.3499999940395355,0,0,446,900,423158243,30,77,-0.010761452838778496,-0.051357533782720566,33.15216064453125,32.181610107421875,1,0,0.6000000238418579,0,0,1,0,0,5,0,0,0,8,99,1,0.0,0.0,29.375465393066406,28.40812110900879,1.5,0,99,-1.0,0.0,0.0,0,0,0,0,0
1779673803.230159,0,0.3499999940395355,0,0,446,900,423158243,30,77,-0.008393933065235615,-0.04005887359380722,33.15199279785156,32.180809020996094,1,0,0.6000000238418579,0,0,1,0,0,5,0,0,0,8,99,1,0.0,0.0,29.375465393066406,28.408123016357422,1.5,0,99,-1.0,0.0,0.0,0,0,0,0,0
1779673803.2506766,0,0.3499999940395355,0,0,446,900,423158243,30,77,-0.00654726754873991,-0.031245920807123184,33.15186309814453,32.18018341064453,1,0,0.6000000238418579,0,0,1,0,0,5,0,0,0,8,99,1,0.0,0.0,29.375465393066406,28.40812110900879,1.5,0,99,-1.0,0.0,0.0,0,0,0,0,0
1779673803.2700822,0,0.3499999940395355,0,0,446,900,423158243,30,77,-0.00510686868801713,-0.024371817708015442,33.15176010131836,32.17969512939453,1,0,0.6000000238418579,0,0,0,0,0,5,0,0,0,8,99,1,-8.300000190734863,0.0,29.25,28.40812110900879,1.5,0,99,-1.0,0.0,0.0,0,0,0,0,0
1779673803.2903295,0,0.3499999940395355,0,0,446,900,423158243,30,77,-0.003983357455581427,-0.019010016694664955,33.15167999267578,32.179317474365234,1,0,0.6000000238418579,0,0,0,0,0,5,0,0,0,8,99,1,-8.300000190734863,0.0,29.083919525146484,28.40812110900879,1.5,0,99,-1.0,0.0,0.0,0,0,0,0,0
1779673803.3102226,0,0.3499999940395355,0,0,446,900,423158243,31,77,-0.0024234745651483536,-0.011565692722797394,33.15161895751953,32.179019927978516,1,0,0.6000000238418579,0,0,0,0,0,5,0,0,0,8,99,1,-8.300000190734863,0.0,28.91792106628418,28.40812110900879,1.5,0,99,-1.0,0.0,0.0,0,0,0,0,0
1779673803.3302305,0,0.3499999940395355,0,0,446,900,423158243,31,77,-0.0018903100863099098,-0.009021240286529064,33.151580810546875,32.178836822509766,1,0,0.6000000238418579,0,0,0,0,0,5,0,0,0,8,99,1,-8.300000190734863,0.0,28.752002716064453,28.408119201660156,1.5,0,99,-1.0,0.0,0.0,0,0,0,0,0
1779673803.350224,0,0.3499999940395355,0,0,446,900,423158243,31,77,-0.0014744418440386653,-0.007036567199975252,33.15155029296875,32.17869567871094,1,0,0.6000000238418579,0,0,0,0,0,5,0,0,0,8,99,1,-8.300000190734863,0.0,28.58600425720215,28.40812110900879,1.5,0,99,-1.0,0.0,0.0,0,0,0,0,0
1779673803.3702075,0,0.3499999940395355,0,0,446,900,423158243,31,77,-0.0011500646360218525,-0.0054885223507881165,33.151527404785156,32.178585052490234,1,0,0.6000000238418579,0,0,0,0,0,5,0,0,0,8,99,1,-8.300000190734863,0.0,28.420005798339844,28.40812110900879,1.5,0,99,-1.0,0.0,0.0,0,0,0,0,0
1779673803.390325,0,0.3499999940395355,0,0,446,900,423158243,31,77,-0.0008970503695309162,-0.004281047265976667,33.15150833129883,32.178497314453125,1,0,0.6000000238418579,0,0,0,0,0,5,0,0,0,8,99,1,-8.300000190734863,0.0,28.254011154174805,28.40812110900879,1.5,0,99,-1.0,0.0,0.0,0,0,0,0,0
1779673803.410237,0,0.3499999940395355,0,0,446,900,423158243,31,77,-0.000699699274264276,-0.003339216811582446,33.151493072509766,32.178428649902344,1,0,0.6000000238418579,0,0,0,0,0,5,0,0,0,8,99,1,-8.300000190734863,0.0,28.087926864624023,28.40812110900879,1.5,0,99,-1.0,0.0,0.0,0,0,0,0,0
1779673803.4301379,0,0.3499999940395355,0,0,446,900,423158243,31,77,-0.000545765389688313,-0.0026045890990644693,33.15148162841797,32.178375244140625,1,0,0.6000000238418579,0,0,0,0,0,5,0,0,0,8,99,1,-8.300000190734863,0.0,27.922008514404297,28.408119201660156,1.5,0,99,-1.0,0.0,0.0,0,0,0,0,0
1779673803.4502087,0,0.3499999940395355,0,0,446,900,423158243,31,77,-0.00042569698416627944,-0.0020315793808549643,33.15147399902344,32.1783332824707,1,0,0.6000000238418579,0,0,0,0,0,5,0,0,0,8,99,1,-8.300000190734863,0.0,27.756013870239258,28.408123016357422,1.5,0,99,-1.0,0.0,0.0,0,0,0,0,0
1779673803.4702127,0,0.3499999940395355,0,0,446,900,423158243,31,77,-0.00033204362262040377,-0.0015846318565309048,33.151466369628906,32.17829895019531,1,0,0.6000000238418579,0,0,0,0,0,5,0,0,0,8,99,1,-8.300000190734863,0.0,27.59001350402832,28.40812110900879,1.5,0,99,-1.0,0.0,0.0,0,0,0,0,0
1779673803.4905665,0,0.3499999940395355,0,0,446,900,423158243,31,77,-0.00025899402680806816,-0.0012360127875581384,33.15146255493164,32.17827224731445,1,0,0.6000000238418579,0,0,0,0,0,5,0,0,0,8,99,1,-8.300000190734863,0.0,27.42401695251465,28.40812110900879,1.5,0,99,-1.0,0.0,0.0,0,1,0,0,0
1779673803.5104384,0,0.3499999940395355,0,0,446,900,423158243,31,77,-0.00020201533334329724,-0.0009640899370424449,33.151458740234375,32.178253173828125,1,0,0.6000000238418579,0,0,0,0,0,5,0,0,0,8,99,1,-8.300000190734863,0.0,27.258018493652344,28.408123016357422,1.5,0,99,0.0,0.0,0.0,0,1,0,0,0
1779673803.530198,0,0.3499999940395355,0,0,446,900,423158243,31,77,-0.0001575719506945461,-0.0007519901264458895,33.15145492553711,32.17823791503906,1,0,0.6000000238418579,0,0,0,0,0,5,0,0,0,8,99,1,-8.300000190734863,0.0,27.091934204101562,28.40812110900879,1.5,0,99,0.0,0.0,0.0,0,1,0,0,0
1779673803.5501745,0,0.3499999940395355,0,0,446,900,423158243,31,77,-0.00012290611630305648,-0.0005865522543899715,33.151451110839844,32.178226470947266,1,0,0.6000000238418579,0,0,0,0,0,5,0,0,0,8,99,1,-8.300000190734863,0.0,26.92593765258789,28.40812110900879,1.5,0,99,0.0,0.0,0.0,0,1,0,0,0
1779673803.5702746,0,0.3499999940395355,0,0,446,900,423158243,31,77,-9.586676605977118e-05,-0.00045751073048450053,33.15144729614258,32.17821502685547,1,0,0.6000000238418579,0,0,0,0,0,5,0,0,0,8,99,1,0.0,0.0,26.885459899902344,28.40812110900879,1.5,0,99,0.0,0.0,0.0,0,1,0,0,0
1779673803.590284,0,0.3499999940395355,0,0,446,900,423158243,31,77,-7.477607141481712e-05,-0.0003568583633750677,33.15144729614258,32.17820739746094,1,0,0.6000000238418579,0,0,0,0,0,5,0,0,0,8,99,1,0.0,0.0,26.885459899902344,28.40812110900879,1.5,0,99,0.0,0.0,0.0,0,1,0,0,0
1779673803.6102579,0,0.3499999940395355,0,0,446,900,423158243,31,77,-5.8325334975961596e-05,-0.00027834950014948845,33.15144729614258,32.178199768066406,1,0,0.6000000238418579,0,0,0,0,0,5,0,0,0,8,99,1,0.0,0.0,26.885459899902344,28.408123016357422,1.5,0,99,0.0,0.0,0.0,0,1,0,0,0
1779673803.6302316,0,0.3499999940395355,0,0,446,900,423158243,31,77,-4.5493758079828694e-05,-0.00021711259614676237,33.15144729614258,32.17819595336914,1,0,0.6000000238418579,0,0,0,0,0,5,0,0,0,8,99,1,0.0,0.0,26.885459899902344,28.408123016357422,1.5,0,99,0.0,0.0,0.0,0,1,0,0,0
1779673803.650386,0,0.3499999940395355,0,0,446,900,423158243,31,77,-3.548512904671952e-05,-0.00016934781160671264,33.15144729614258,32.178192138671875,1,0,0.6000000238418579,0,0,0,0,0,5,0,0,0,8,99,1,0.0,0.0,26.885459899902344,28.40812110900879,1.5,0,99,0.0,0.0,0.0,0,1,0,0,0
1779673803.6705308,0,0.3499999940395355,0,0,446,900,423158243,31,77,-2.7678399419528432e-05,-0.00013209128519520164,33.15144729614258,32.178192138671875,1,0,0.6000000238418579,0,0,0,0,0,5,0,0,0,8,99,1,0.0,0.0,26.885459899902344,28.40812110900879,1.5,0,99,0.0,0.0,0.0,0,1,0,0,0
1779673803.690497,0,0.3499999940395355,0,0,446,900,423158243,31,77,-2.1589150492218323e-05,-0.0001030311977956444,33.15144729614258,32.17818832397461,1,0,0.6000000238418579,0,0,0,0,0,5,0,0,0,8,99,1,0.0,0.0,26.885459899902344,28.408119201660156,1.5,0,99,0.0,0.0,0.0,0,1,0,0,0
1779673803.7101996,0,0.3499999940395355,0,0,446,900,423158243,31,77,-1.6839536328916438e-05,-8.036433428060263e-05,33.15144729614258,32.17818832397461,1,0,0.6000000238418579,0,0,0,0,0,5,0,0,0,8,99,1,0.0,0.0,26.885459899902344,28.408119201660156,1.5,0,99,0.0,0.0,0.0,0,1,0,0,0
1779673803.730256,0,0.3499999940395355,0,0,446,900,423158243,31,77,-1.3134837899997365e-05,-6.268417928367853e-05,33.15144729614258,32.178184509277344,1,0,0.6000000238418579,0,0,0,0,0,5,0,0,0,8,99,1,0.0,0.0,26.885459899902344,28.40812110900879,1.5,0,99,0.0,0.0,0.0,0,1,0,0,0
1779673803.750155,0,0.3499999940395355,0,0,446,900,423158243,31,77,-1.0245173143630382e-05,-4.8893656639847904e-05,33.15144729614258,32.178184509277344,1,0,0.6000000238418579,0,0,0,0,0,5,0,0,0,8,99,1,0.0,0.0,26.885459899902344,28.40812110900879,1.5,0,99,0.0,0.0,0.0,0,1,0,0,0
1779673803.7703707,0,0.3499999940395355,0,0,446,900,423158243,31,77,-7.991235179360956e-06,-3.813705188804306e-05,33.15144729614258,32.178184509277344,0,0,0.6000000238418579,0,0,0,0,1,5,0,0,0,8,99,1,0.0,0.0,26.885459899902344,28.408119201660156,1.5,0,99,0.0,0.0,0.0,0,1,0,0,0
1779673803.7903411,0,0.3499999940395355,0,0,446,900,423158243,31,77,-6.233163276192499e-06,-2.9746899599558674e-05,33.15144729614258,32.178184509277344,0,0,0.6000000238418579,0,0,0,0,1,5,0,0,0,8,99,1,0.0,0.0,26.885459899902344,28.40812110900879,1.5,0,99,0.0,0.0,0.0,0,1,0,0,0
1779673803.8101132,0,0.3499999940395355,0,0,446,900,423158243,31,77,-4.861867182626156e-06,-2.3202581360237673e-05,33.15144729614258,32.178184509277344,0,0,0.6000000238418579,0,0,0,0,1,5,0,0,0,8,99,1,0.0,0.0,26.885459899902344,28.40812110900879,1.5,0,99,0.0,0.0,0.0,0,1,0,0,0
1779673803.8305962,0,0.3499999940395355,0,0,446,900,423158243,31,77,-3.7922561659797793e-06,-1.8098013242706656e-05,33.15144729614258,32.178184509277344,0,0,0.6000000238418579,0,0,0,0,1,5,0,0,0,8,99,1,0.0,0.0,26.885459899902344,28.40812110900879,1.5,0,99,0.0,0.0,0.0,0,1,0,0,0
1779673803.8502054,0,0.3499999940395355,0,0,446,900,423158243,31,77,-2.957959623017814e-06,-1.4116450074652676e-05,33.15144729614258,32.178184509277344,0,0,0.6000000238418579,0,0,0,0,1,5,0,0,0,8,99,1,0.0,0.0,26.885459899902344,28.408119201660156,1.5,0,99,0.0,0.0,0.0,0,1,0,0,0
1779673803.8703861,0,0.3499999940395355,0,0,446,900,423158243,31,77,-2.3072084331943188e-06,-1.101083034882322e-05,33.15144729614258,32.178184509277344,0,0,0.6000000238418579,0,0,0,0,1,5,0,0,0,8,99,1,0.0,0.0,26.885459899902344,28.40812110900879,1.5,0,99,0.0,0.0,0.0,0,1,0,0,0
1779673803.8904366,0,0.3499999940395355,0,0,446,900,423158243,31,77,-1.799622509679466e-06,-8.588447599322535e-06,33.15144729614258,32.178184509277344,0,0,0.6000000238418579,0,0,0,0,1,5,0,0,0,8,99,1,0.0,0.0,26.885459899902344,28.40812110900879,1.5,0,99,0.0,0.0,0.0,0,1,0,0,0
1779673803.9102516,0,0.3499999940395355,0,0,446,900,423158243,31,77,-1.4037054825166706e-06,-6.698988727293909e-06,33.15144729614258,32.178184509277344,0,0,0.6000000238418579,0,0,0,0,1,5,0,0,0,8,99,1,0.0,0.0,26.885459899902344,28.408119201660156,1.5,0,99,0.0,0.0,0.0,0,1,0,0,0
1779673803.9301817,0,0.3499999940395355,0,0,446,900,423158243,31,77,-1.09489019450848e-06,-5.225211225479143e-06,33.15144729614258,32.178184509277344,0,0,0.6000000238418579,0,0,0,0,1,5,0,0,0,8,99,1,0.0,0.0,26.885459899902344,28.408119201660156,1.5,0,99,0.0,0.0,0.0,0,1,0,0,0
1779673803.9501982,0,0.3499999940395355,0,0,446,900,423158243,31,77,-8.540143312529835e-07,-4.075664492120268e-06,33.15144729614258,32.178184509277344,0,0,0.6000000238418579,0,0,0,0,1,5,0,0,0,8,99,1,0.0,0.0,26.885459899902344,28.40812110900879,1.5,0,99,0.0,0.0,0.0,0,1,0,0,0
1779673803.9703226,0,0.3499999940395355,0,0,446,900,423158243,31,77,-6.661311431344075e-07,-3.1790182219992857e-06,33.15144729614258,32.178184509277344,0,0,0.6000000238418579,0,0,0,0,1,5,0,0,0,8,99,1,0.0,0.0,26.885459899902344,28.40812110900879,1.5,0,99,0.0,0.0,0.0,0,1,0,0,0
1779673803.9905207,0,0.3499999940395355,0,0,446,900,423158243,31,77,-5.195822723180754e-07,-2.4796340767352376e-06,33.15144729614258,32.178184509277344,0,0,0.6000000238418579,0,0,0,0,1,5,0,0,0,8,99,1,0.0,0.0,26.885459899902344,28.40812110900879,1.5,0,99,0.0,0.0,0.0,0,1,0,0,0
1779673804.0106914,0,0.3499999940395355,0,0,446,900,423158243,31,77,-4.052741644500202e-07,-1.9341146071383264e-06,33.15144729614258,32.178184509277344,0,0,0.6000000238418579,0,0,0,0,1,5,0,0,0,8,99,1,0.0,0.0,26.885459899902344,28.408119201660156,1.5,0,99,0.0,0.0,0.0,0,1,0,0,0
1779673804.03038,0,0.3499999940395355,0,0,446,900,423158243,31,77,-3.161138408813713e-07,-1.5086093299032655e-06,33.15144729614258,32.178184509277344,0,0,0.6000000238418579,0,0,0,0,1,5,0,0,0,8,99,1,0.0,0.0,26.885459899902344,28.40812110900879,1.5,0,99,0.0,0.0,0.0,0,1,0,0,0
1779673804.0504203,0,0.3499999940395355,0,0,446,900,423158243,31,77,-2.4656878849782515e-07,-1.1767152727770736e-06,33.15144729614258,32.178184509277344,0,0,0.6000000238418579,0,0,0,0,1,5,0,0,0,8,99,1,0.0,0.0,26.885459899902344,28.40812110900879,1.5,0,98,0.0,0.0,0.0,0,1,0,0,0
1779673804.070349,0,0.3499999940395355,0,0,446,900,423158243,31,77,-1.9232365389143524e-07,-9.178378945762233e-07,33.15144729614258,32.178184509277344,0,0,0.6000000238418579,0,0,0,0,1,5,0,0,0,8,99,1,0.0,0.0,26.885459899902344,28.40812110900879,1.5,0,97,0.0,0.0,0.0,0,1,0,0,0
1779673804.0904312,0,0.3499999940395355,0,0,446,900,423158243,31,77,-1.500124398035041e-07,-7.159135293477448e-07,33.15144729614258,32.178184509277344,0,0,0.6000000238418579,0,0,0,0,1,5,0,0,0,8,99,1,0.0,0.0,26.885459899902344,28.40812110900879,1.5,0,97,0.0,0.0,0.0,0,1,0,0,0
1779673804.1103365,0,0.3499999940395355,0,0,446,900,423158243,31,77,-1.170096979308255e-07,-5.584125233326631e-07,33.15144729614258,32.178184509277344,0,0,0.6000000238418579,0,0,0,0,1,5,0,0,0,8,99,1,0.0,0.0,26.885459899902344,28.408119201660156,1.5,0,96,0.0,0.0,0.0,0,1,0,0,0
1779673804.130204,0,0.3499999940395355,0,0,446,900,423158243,31,77,-9.126755884381055e-08,-4.355617591045302e-07,33.15144729614258,32.178184509277344,0,0,0.6000000238418579,0,0,0,0,1,5,0,0,0,8,99,1,0.0,0.0,26.885459899902344,28.40812110900879,1.5,0,95,0.0,0.0,0.0,0,1,0,0,0
1779673804.1504624,0,0.3499999940395355,0,0,446,900,423158243,31,77,-7.118869405076111e-08,-3.397381647118891e-07,33.15144729614258,32.178184509277344,0,0,0.6000000238418579,0,0,0,0,1,5,0,0,0,8,99,1,0.0,0.0,26.885459899902344,28.40812110900879,1.5,0,94,0.0,0.0,0.0,0,1,0,0,0
1779673804.170414,0,0.3499999940395355,0,0,446,900,423158243,31,77,-5.5527181075376575e-08,-2.649957480116427e-07,33.15144729614258,32.178184509277344,0,0,0.6000000238418579,0,0,0,0,1,5,0,0,0,8,99,1,0.0,0.0,26.885459899902344,28.40812110900879,1.5,0,94,0.0,0.0,0.0,0,1,0,0,0
1779673804.1905034,0,0.3499999940395355,0,0,446,900,423158243,31,77,-4.3311199959816804e-08,-2.0669668288064713e-07,33.15144729614258,32.178184509277344,0,0,0.6000000238418579,0,0,0,0,1,5,0,0,0,8,99,1,0.0,0.0,26.885459899902344,28.40812110900879,1.5,0,93,0.0,0.0,0.0,0,1,0,0,0
1779673804.2102323,0,0.3499999940395355,0,0,446,900,423158243,31,77,-3.378273305543189e-08,-1.6122341151003639e-07,33.15144729614258,32.178184509277344,0,0,0.6000000238418579,0,0,0,0,1,5,0,0,0,8,99,1,0.0,0.0,26.885459899902344,28.408119201660156,1.5,0,92,0.0,0.0,0.0,0,1,0,0,0
1779673804.2301917,0,0.3499999940395355,0,0,446,900,423158243,31,77,-2.6350530646368497e-08,-1.257542550092694e-07,33.15144729614258,32.178184509277344,0,0,0.6000000238418579,0,0,0,0,1,5,0,0,0,8,99,1,0.0,0.0,26.885459899902344,28.40812110900879,1.5,0,91,0.0,0.0,0.0,0,1,0,0,0
1779673804.250684,0,0.3499999940395355,0,0,446,900,423158243,31,77,-2.0553413193624692e-08,-9.808831435975662e-08,33.15144729614258,32.178184509277344,0,0,0.6000000238418579,0,0,0,0,1,5,0,0,0,8,99,1,0.0,0.0,26.885459899902344,28.408119201660156,1.5,0,91,0.0,0.0,0.0,0,1,0,0,0
1779673804.270308,0,0.3499999940395355,0,0,446,900,423158243,31,77,-1.6031661331794567e-08,-7.650888278476486e-08,33.15144729614258,32.178184509277344,0,0,0.6000000238418579,0,0,0,0,1,5,0,0,0,8,99,1,0.0,0.0,26.885459899902344,28.40812110900879,1.5,0,90,0.0,0.0,0.0,0,1,0,0,0
1779673804.2904596,0,0.3499999940395355,0,0,446,900,423158243,31,77,-1.2504695057202753e-08,-5.96769282878995e-08,33.15144729614258,32.178184509277344,0,0,0.6000000238418579,0,0,0,0,1,5,0,0,0,8,99,1,0.0,0.0,26.885459899902344,28.40812110900879,1.5,0,89,0.0,0.0,0.0,0,1,0,0,0
1779673804.3104222,0,0.3499999940395355,0,0,446,900,423158243,32,77,-9.753661878164621e-09,-4.6548002785584686e-08,33.15144729614258,32.178184509277344,0,0,0.6000000238418579,0,0,0,0,1,5,0,0,0,8,99,1,0.0,0.0,26.885459899902344,28.408123016357422,1.5,0,88,0.0,0.0,0.0,0,1,0,0,0
1779673804.3301916,0,0.3499999940395355,0,0,446,900,423158243,32,77,-9.753661878164621e-09,-4.6548002785584686e-08,33.15144729614258,32.178184509277344,0,0,0.6000000238418579,0,0,0,0,1,5,0,0,0,8,99,1,0.0,0.0,26.885459899902344,28.40812110900879,1.5,0,88,0.0,0.0,0.0,0,1,0,0,0
1779673804.350249,0,0.3499999940395355,0,0,446,900,423158243,32,77,-9.753661878164621e-09,-4.6548002785584686e-08,33.15144729614258,32.178184509277344,0,0,0.6000000238418579,0,0,0,0,1,5,0,0,0,8,99,1,0.0,0.0,26.885459899902344,28.40812110900879,1.5,0,87,0.0,0.0,0.0,0,1,0,0,0
1779673804.3701186,0,0.3499999940395355,0,0,446,900,423158243,32,77,-9.753661878164621e-09,-4.6548002785584686e-08,33.15144729614258,32.178184509277344,0,0,0.6000000238418579,0,0,0,0,1,5,0,0,0,8,99,1,0.0,0.0,26.885459899902344,28.40812110900879,1.5,0,86,0.0,0.0,0.0,0,1,0,0,0
1779673804.3905113,0,0.3499999940395355,0,0,446,900,423158243,32,77,-9.753661878164621e-09,-4.6548002785584686e-08,33.15144729614258,32.178184509277344,0,0,0.6000000238418579,0,0,0,0,1,5,0,0,0,8,99,1,0.0,0.0,26.885459899902344,28.40812110900879,1.5,0,85,0.0,0.0,0.0,0,1,0,0,0
1779673804.4101841,0,0.3499999940395355,0,0,446,900,423158243,32,77,-9.753661878164621e-09,-4.6548002785584686e-08,33.15144729614258,32.178184509277344,0,0,0.6000000238418579,0,0,0,0,1,5,0,0,0,8,99,1,0.0,0.0,26.885459899902344,28.40812110900879,1.5,0,85,0.0,0.0,0.0,0,1,0,0,0
1779673804.4302564,0,0.3499999940395355,0,0,446,900,423158243,32,77,-9.753661878164621e-09,-4.6548002785584686e-08,33.15144729614258,32.178184509277344,0,0,0.6000000238418579,0,0,0,0,1,5,0,0,0,8,99,1,0.0,0.0,26.885459899902344,28.40812110900879,1.5,0,84,0.0,0.0,0.0,0,1,0,0,0
1779673804.4507265,0,0.3499999940395355,0,0,446,900,423158243,32,77,-9.753661878164621e-09,-4.6548002785584686e-08,33.15144729614258,32.178184509277344,0,0,0.6000000238418579,0,0,0,0,1,5,0,0,0,8,99,1,0.0,0.0,26.885459899902344,28.40812110900879,1.5,0,83,0.0,0.0,0.0,0,1,0,0,0
1779673804.4704251,0,0.3499999940395355,0,0,446,900,423158243,32,77,-9.753661878164621e-09,-4.6548002785584686e-08,33.15144729614258,32.178184509277344,0,0,0.6000000238418579,0,0,0,0,1,5,0,0,0,8,99,1,0.0,0.0,26.885459899902344,28.40812110900879,1.5,0,82,0.0,0.0,0.0,0,1,0,0,0
1779673804.4904356,0,0.3499999940395355,0,0,446,900,423158243,32,77,-9.753661878164621e-09,-4.6548002785584686e-08,33.15144729614258,32.178184509277344,0,0,0.6000000238418579,0,0,0,0,1,5,0,0,0,8,99,1,0.0,0.0,26.885459899902344,28.408119201660156,1.5,0,82,0.0,0.0,0.0,0,1,0,0,0
1779673804.5105567,0,0.3499999940395355,0,0,446,900,423158243,32,77,-9.753661878164621e-09,-4.6548002785584686e-08,33.15144729614258,32.178184509277344,0,0,0.6000000238418579,0,0,0,0,1,5,0,0,0,8,99,1,0.0,0.0,26.885459899902344,28.408123016357422,1.5,0,81,0.0,0.0,0.0,0,1,0,0,0
1779673804.530136,0,0.3499999940395355,0,0,446,900,423158243,32,77,-9.753661878164621e-09,-4.6548002785584686e-08,33.15144729614258,32.178184509277344,0,0,0.6000000238418579,0,0,0,0,1,5,0,0,0,8,99,1,0.0,0.0,26.885459899902344,28.408123016357422,1.5,0,80,0.0,0.0,0.0,0,1,0,0,0
1779673804.5501812,0,0.3499999940395355,0,0,446,900,423158243,10,77,-9.753661878164621e-09,-4.6548002785584686e-08,33.15144729614258,32.178184509277344,0,0,0.6000000238418579,0,0,0,0,1,5,0,0,0,8,99,1,0.0,0.0,26.885459899902344,28.40812110900879,1.5,0,79,0.0,0.0,0.0,0,1,0,0,0
1779673804.5700192,0,0.3499999940395355,0,0,446,900,423158243,10,77,-9.753661878164621e-09,-1.7999992370605469,33.15144729614258,32.14218521118164,0,0,0.6000000238418579,0,0,0,0,1,5,0,0,0,8,99,1,0.0,0.0,26.885459899902344,28.40812110900879,1.5,0,79,0.0,0.0,0.0,0,1,0,0,0
1779673804.5902421,0,0.3499999940395355,0,0,446,900,423158243,10,77,-9.753661878164621e-09,-3.5999984741210938,33.15144729614258,32.07018280029297,0,0,0.6000000238418579,0,0,0,0,1,5,0,0,0,8,99,1,0.0,0.0,26.885459899902344,28.40812110900879,1.5,0,78,0.0,0.0,0.0,0,1,0,0,0
1779673804.6103528,0,0.3499999940395355,0,0,446,900,423158243,10,77,-9.753661878164621e-09,-5.399997711181641,33.15144729614258,31.96218490600586,0,0,0.6000000238418579,0,0,0,0,1,5,0,0,0,8,99,1,0.0,0.0,26.885459899902344,28.40812110900879,1.5,0,77,0.0,0.0,0.0,0,1,0,0,0
1779673804.630443,0,0.3499999940395355,0,0,446,900,423158243,10,77,-9.753661878164621e-09,-7.1999969482421875,33.15144729614258,31.818185806274414,0,0,0.6000000238418579,0,0,0,0,1,5,0,0,0,8,99,1,0.0,0.0,26.885459899902344,28.40812110900879,1.5,0,77,0.0,0.0,0.0,0,1,0,0,0
1779673804.6504636,0,0.3499999940395355,0,0,446,900,423158243,10,77,-9.753661878164621e-09,-8.999996185302734,33.15144729614258,31.638185501098633,0,0,0.6000000238418579,0,0,0,0,1,5,0,0,0,8,99,1,0.0,0.0,26.885459899902344,28.40812110900879,1.5,0,76,0.0,0.0,0.0,0,1,0,0,0
1779673804.6704674,0,0.3499999940395355,0,0,446,900,423158243,10,77,-9.753661878164621e-09,-10.799995422363281,33.15144729614258,31.42218589782715,0,0,0.6000000238418579,0,0,0,0,1,5,0,0,0,8,99,1,0.0,0.0,26.885459899902344,28.408123016357422,1.5,0,75,0.0,0.0,0.0,0,1,0,0,0
1779673804.6903121,0,0.3499999940395355,0,0,446,900,423158243,10,77,-9.753661878164621e-09,-12.599994659423828,33.15144729614258,31.17018699645996,0,0,0.6000000238418579,0,0,0,0,1,5,0,0,0,8,99,1,0.0,0.0,26.885459899902344,28.40812110900879,1.5,0,74,0.0,0.0,0.0,0,1,0,0,0
1779673804.7107286,0,0.3499999940395355,0,0,446,900,423158243,10,77,-9.753661878164621e-09,-14.399993896484375,33.15144729614258,30.882186889648438,0,0,0.6000000238418579,0,0,0,0,1,5,0,0,0,8,99,1,0.0,0.0,26.885459899902344,28.408119201660156,1.5,0,74,0.0,0.0,0.0,0,1,0,0,0
1779673804.730134,0,0.3499999940395355,0,0,446,900,423158243,10,77,-9.753661878164621e-09,-16.199993133544922,33.15144729614258,30.55818748474121,0,0,0.6000000238418579,0,0,0,0,1,5,0,0,0,8,99,1,0.0,0.0,26.885459899902344,28.40812110900879,1.5,0,73,0.0,0.0,0.0,0,1,0,0,0
1779673804.7503579,0,0.3499999940395355,0,0,446,900,423158243,10,77,-9.753661878164621e-09,-17.99999237060547,33.15144729614258,30.19818687438965,0,0,0.6000000238418579,0,0,0,0,1,5,0,0,0,8,99,1,0.0,0.0,26.885459899902344,28.40812110900879,1.5,0,72,0.0,0.0,0.0,0,1,0,0,0
1779673804.7701216,0,0.3499999940395355,0,0,446,900,423158243,10,77,-9.753661878164621e-09,-19.799991607666016,33.15144729614258,29.802186965942383,0,0,0.6000000238418579,0,0,0,0,1,5,0,0,0,8,99,1,0.0,0.0,26.885459899902344,28.40812110900879,1.5,0,71,0.0,0.0,0.0,0,1,0,0,0
1779673804.7903771,0,0.3499999940395355,0,0,446,900,423158243,10,77,-9.753661878164621e-09,-21.599990844726562,33.15144729614258,29.370187759399414,0,0,0.6000000238418579,0,0,0,0,1,5,0,0,0,8,99,1,0.0,0.0,26.885459899902344,28.40812110900879,1.5,0,71,0.0,0.0,0.0,0,1,0,0,0
1779673804.8101683,0,0.3499999940395355,0,0,446,900,423158243,10,77,-9.753661878164621e-09,-23.39999008178711,33.15144729614258,28.90218734741211,0,0,0.6000000238418579,0,0,0,0,1,5,0,0,0,8,99,1,0.0,0.0,26.885459899902344,28.40812110900879,1.5,0,70,0.0,0.0,0.0,0,1,0,0,0
1779673804.8302655,0,0.3499999940395355,0,0,446,900,423158243,11,77,0.0,0.0,33.15144729614258,28.56183624267578,0,0,0.6000000238418579,0,0,0,0,1,5,0,0,0,8,99,1,0.0,0.0,26.885459899902344,28.40812110900879,1.5,0,69,0.0,0.0,0.0,0,1,0,0,0
1779673804.8503883,0,0.3499999940395355,0,0,446,900,423158243,11,77,0.0,0.0,33.15144729614258,28.56184959411621,0,0,0.6000000238418579,0,0,0,0,1,5,0,0,0,8,99,1,0.0,0.0,26.885459899902344,28.40812110900879,1.5,0,68,0.0,0.0,0.0,0,1,0,0,0
1779673804.870254,0,0.3499999940395355,0,0,446,900,423158243,11,77,0.0,0.0,33.15144729614258,28.561859130859375,0,0,0.6000000238418579,0,0,0,0,1,5,0,0,0,8,99,1,0.0,0.0,26.885459899902344,28.40812110900879,1.5,0,68,0.0,0.0,0.0,0,1,0,0,0
1779673804.8908086,0,0.3499999940395355,0,0,446,900,423158243,11,77,0.0,0.0,33.15144729614258,28.561864852905273,0,0,0.6000000238418579,0,0,0,0,1,5,0,0,0,8,99,1,0.0,0.0,26.885459899902344,28.40812110900879,1.5,0,67,0.0,0.0,0.0,0,1,0,0,0
1779673804.9101245,0,0.3499999940395355,0,0,446,900,423158243,11,77,0.0,0.0,33.15144729614258,28.56186866760254,0,0,0.6000000238418579,0,0,0,0,1,6,0,0,0,8,99,1,0.0,0.0,26.885459899902344,28.40812110900879,1.5,0,66,0.0,0.0,0.0,0,1,0,0,0
1779673804.930207,0,0.3499999940395355,0,0,446,900,423158243,11,77,0.0,0.0,33.15144729614258,28.561870574951172,0,0,0.6000000238418579,0,0,0,0,1,6,0,0,0,8,99,1,0.0,0.0,26.885459899902344,28.40812110900879,1.5,0,66,0.0,0.0,0.0,0,1,0,0,0
1779673804.950283,0,0.3499999940395355,0,0,446,900,423158243,11,77,0.0,0.0,33.15144729614258,28.561870574951172,0,0,0.6000000238418579,0,0,0,0,1,6,0,0,0,8,99,1,0.0,0.0,26.885459899902344,28.40812110900879,1.5,0,66,0.0,0.0,0.0,0,1,0,0,0
1779673804.9702508,0,0.3499999940395355,0,0,446,900,423158243,11,77,0.0,0.0,33.15144729614258,28.561870574951172,0,0,0.6000000238418579,0,0,0,0,1,6,0,0,0,8,99,1,0.0,0.0,26.885459899902344,28.408119201660156,1.5,0,66,0.0,0.0,0.0,0,1,0,0,0
1779673804.9904256,0,0.3499999940395355,0,0,446,900,423158243,11,77,0.0,0.0,33.15144729614258,28.561870574951172,0,0,0.6000000238418579,0,0,0,0,1,6,0,0,0,8,99,1,0.0,0.0,26.885459899902344,28.40812110900879,1.5,0,66,0.0,0.0,0.0,0,1,0,0,0
1779673805.0103014,0,0.3499999940395355,0,0,446,900,423158243,11,77,0.0,0.0,33.15144729614258,28.561870574951172,0,0,0.6000000238418579,0,0,0,0,1,6,0,0,0,8,99,1,0.0,0.0,26.885459899902344,28.408123016357422,1.5,0,66,0.0,0.0,0.0,0,1,0,0,0
1779673805.0303962,0,0.3499999940395355,0,0,446,900,423158243,11,77,0.0,0.0,33.15144729614258,28.561870574951172,0,0,0.6000000238418579,0,0,0,0,1,6,0,0,0,8,99,1,0.0,0.0,26.885459899902344,28.40812110900879,1.5,0,66,0.0,0.0,0.0,0,1,0,0,0
1779673805.0502982,0,0.3499999940395355,0,0,446,900,423158243,11,77,0.0,0.0,33.15144729614258,28.561870574951172,0,0,0.6000000238418579,0,0,0,0,1,6,0,0,0,8,99,1,0.0,0.0,26.885459899902344,28.40812110900879,1.5,0,66,0.0,0.0,0.0,0,1,0,0,0
1779673805.0703375,0,0.3499999940395355,0,0,446,900,423158243,1,77,0.0,0.0,33.15144729614258,28.561870574951172,0,0,0.6000000238418579,0,0,0,0,1,6,0,0,0,8,99,1,0.0,0.0,26.885459899902344,28.40812110900879,1.5,0,66,0.0,0.0,0.0,0,1,0,0,0
1779673805.0904565,0,0.3499999940395355,0,0,446,900,423158243,1,77,0.0,0.0,33.15144729614258,28.561870574951172,0,0,0.6000000238418579,0,0,0,0,1,6,0,0,0,8,99,1,0.0,0.0,26.885459899902344,28.408123016357422,1.5,0,66,0.0,0.0,0.0,0,1,0,0,0
1779673805.1109607,0,0.3499999940395355,0,0,446,900,423158243,1,77,0.0,0.0,33.15144729614258,28.561870574951172,0,0,0.6000000238418579,0,0,0,0,1,6,0,0,0,8,99,1,0.0,0.0,26.885459899902344,28.40812110900879,1.5,0,66,0.0,0.0,0.0,0,1,0,0,0
1779673805.1303604,0,0.3499999940395355,0,0,446,900,423158243,1,77,0.0,0.0,33.15144729614258,28.561870574951172,0,0,0.6000000238418579,0,0,0,0,1,6,0,0,0,8,99,1,0.0,0.0,26.885459899902344,28.40812110900879,1.5,0,65,0.0,0.0,0.0,0,1,0,0,0
1779673805.1502857,0,0.3499999940395355,0,0,446,900,423158243,1,77,0.0,0.0,33.15144729614258,28.561870574951172,0,0,0.6000000238418579,0,0,0,0,1,6,0,0,0,8,99,1,0.0,0.0,26.885459899902344,28.40812110900879,1.5,0,65,0.0,0.0,0.0,0,1,0,0,0
1779673805.1703815,0,0.3499999940395355,0,0,446,900,423158243,1,77,0.0,0.0,33.15144729614258,28.561870574951172,0,0,0.6000000238418579,0,0,0,0,1,6,0,0,0,8,99,1,0.0,0.0,26.885459899902344,28.40812110900879,1.5,0,64,0.0,0.0,0.0,0,1,0,0,0
1779673805.1905756,0,0.3499999940395355,0,0,446,900,423158243,1,77,0.0,0.0,33.15144729614258,28.561870574951172,0,0,0.6000000238418579,0,0,0,0,1,6,0,0,0,8,99,1,0.0,0.0,26.885459899902344,28.408119201660156,1.5,0,63,0.0,0.0,0.0,0,1,0,0,0
1779673805.2102642,0,0.3499999940395355,0,0,446,900,423158243,1,77,0.0,0.0,33.15144729614258,28.561870574951172,0,0,0.6000000238418579,0,0,0,0,1,6,0,0,0,8,99,1,0.0,0.0,26.885459899902344,28.408119201660156,1.5,0,62,0.0,0.0,0.0,0,0,0,0,0
1779673805.230178,0,0.3499999940395355,0,0,446,900,423158243,1,77,0.0,0.0,33.15144729614258,28.561870574951172,0,0,0.6000000238418579,0,0,0,0,0,6,0,0,0,8,99,1,0.0,0.0,26.885459899902344,28.408119201660156,1.5,0,66,0.0,0.0,0.0,0,0,0,0,0
1779673805.2505627,0,0.3499999940395355,0,0,446,900,423158243,1,77,0.0,0.0,33.15144729614258,28.561870574951172,0,0,0.6000000238418579,0,0,0,0,0,6,0,0,0,8,99,1,0.0,0.0,26.885459899902344,28.408123016357422,1.5,0,66,0.0,0.0,0.0,0,0,0,0,0
1779673805.2701151,0,0.3499999940395355,0,0,446,900,423158243,1,77,0.0,0.0,33.15144729614258,28.561870574951172,0,0,0.6000000238418579,0,0,0,0,0,6,0,0,0,8,99,1,0.0,0.0,26.885459899902344,28.408123016357422,1.5,0,66,0.0,0.0,0.0,0,0,0,0,0
1779673805.2903938,0,0.3499999940395355,0,0,446,900,423158243,1,77,0.0,0.0,33.15144729614258,28.561870574951172,0,0,0.6000000238418579,0,0,0,0,0,6,0,0,0,8,99,1,0.0,0.0,26.885459899902344,28.40812110900879,1.5,0,66,0.0,0.0,0.0,0,0,0,0,0
1779673805.3103964,0,0.3499999940395355,0,0,446,900,423158243,1,77,0.0,0.0,33.15144729614258,28.561870574951172,0,0,0.6000000238418579,0,0,0,0,0,6,0,0,0,8,99,1,0.0,0.0,26.885459899902344,28.40812110900879,1.5,0,66,0.0,0.0,0.0,0,0,0,0,0
1779673805.3303566,0,0.3499999940395355,0,0,446,900,423158243,1,77,0.0,0.0,33.15144729614258,28.561870574951172,0,0,0.6000000238418579,0,0,0,0,0,6,0,0,0,8,99,1,0.0,0.0,26.885459899902344,28.40812110900879,1.5,0,66,0.0,0.0,0.0,0,0,0,0,0
1779673805.350401,0,0.3499999940395355,0,0,446,900,423158243,2,77,0.0,0.0,33.15144729614258,28.561870574951172,0,0,0.6000000238418579,0,0,0,0,0,6,0,0,0,8,99,1,0.0,0.0,26.885459899902344,28.40812110900879,1.5,0,66,1.0,0.0,0.0,0,0,0,0,0
1779673805.3702693,0,0.3499999940395355,0,0,446,900,423158243,2,77,0.0,0.0,33.15144729614258,28.561872482299805,0,0,0.6000000238418579,0,0,0,0,0,6,0,0,0,8,99,1,0.0,0.0,26.885459899902344,28.40812110900879,1.5,0,66,1.0,0.0,0.0,0,0,0,0,0
1779673805.3903728,0,0.3499999940395355,0,0,446,900,423158243,2,77,0.0,0.0,33.15144729614258,28.561872482299805,0,0,0.6000000238418579,0,0,0,0,0,6,0,0,0,8,99,1,0.0,0.0,26.885459899902344,28.408119201660156,1.5,0,66,1.0,0.0,0.0,0,0,0,0,0
1779673805.410235,0,0.3499999940395355,0,0,446,900,423158243,2,77,0.0,0.0,33.15144729614258,28.561872482299805,0,0,0.6000000238418579,0,0,0,0,0,6,0,0,0,8,99,1,0.0,0.0,26.885459899902344,28.40812110900879,1.5,0,66,1.0,0.0,0.0,0,0,0,0,0
1779673805.4304059,0,0.3499999940395355,0,0,446,900,423158243,2,77,0.0,0.0,33.15144729614258,28.561872482299805,0,0,0.6000000238418579,0,0,0,0,0,6,0,0,0,8,99,1,0.0,0.0,26.885459899902344,28.408123016357422,1.5,0,66,1.0,0.0,0.0,0,0,0,0,0
1779673805.4504673,0,0.3499999940395355,0,0,446,900,423158243,2,77,0.0,0.0,33.15144729614258,28.561872482299805,0,0,0.6000000238418579,0,0,0,0,0,6,0,0,0,8,99,1,0.0,0.0,26.885459899902344,28.40812110900879,1.5,0,66,1.0,0.0,0.0,0,0,0,0,0
1779673805.470586,0,0.3499999940395355,0,0,446,900,423158243,2,77,0.0,0.0,33.15144729614258,28.561872482299805,0,0,0.6000000238418579,0,0,0,0,0,6,0,0,0,8,99,1,0.0,0.0,26.885459899902344,28.40812110900879,1.5,0,66,1.0,0.0,0.0,0,0,0,0,0
1779673805.4903862,0,0.3499999940395355,0,0,446,900,423158243,2,77,0.0,0.0,33.15144729614258,28.561872482299805,1,0,0.6000000238418579,0,0,0,0,0,6,0,0,0,8,99,1,0.0,0.0,26.885459899902344,28.40812110900879,1.5,0,66,1.0,0.0,0.0,0,0,0,0,0
1779673805.5103414,0,0.3499999940395355,0,0,446,900,423158243,2,77,0.0,0.0,33.15144729614258,28.561872482299805,1,0,0.6000000238418579,0,0,1,0,0,6,0,0,0,8,99,1,8.300000190734863,0.0,27.010881423950195,28.408119201660156,1.5,0,66,1.0,0.0,0.0,0,0,0,0,0
1779673805.5302644,0,0.3499999940395355,0,0,446,900,423158243,2,77,0.0,0.0,33.15144729614258,28.561872482299805,1,0,0.6000000238418579,0,0,1,0,0,6,0,0,0,8,99,1,8.300000190734863,0.0,27.1768798828125,28.40812110900879,1.5,0,66,1.0,0.0,0.0,0,0,0,0,0
1779673805.5501597,0,0.3499999940395355,0,0,446,900,423158243,2,77,0.0,0.0,33.15144729614258,28.561872482299805,1,0,0.6000000238418579,0,0,1,0,0,6,0,0,0,8,99,1,8.300000190734863,0.0,27.342876434326172,28.408119201660156,1.5,0,66,1.0,0.0,0.0,0,0,0,0,0
1779673805.5702844,0,0.3499999940395355,0,0,446,900,423158243,2,77,0.0,0.0,33.15144729614258,28.561872482299805,1,0,0.6000000238418579,0,0,1,0,0,6,0,0,0,8,99,1,8.300000190734863,0.0,27.5087947845459,28.40812110900879,1.5,0,66,1.0,0.0,0.0,0,0,0,0,0
1779673805.590159,0,0.3499999940395355,0,0,446,900,423158243,2,77,0.0,0.0,33.15144729614258,28.561872482299805,1,0,0.6000000238418579,0,0,1,0,0,6,0,0,0,8,99,1,8.300000190734863,0.0,27.674875259399414,28.40812110900879,1.5,0,66,1.0,0.0,0.0,0,0,0,0,0
1779673805.6101458,0,0.3499999940395355,0,0,446,900,423158243,2,77,0.0,0.0,33.15144729614258,28.561872482299805,1,0,0.6000000238418579,0,0,1,0,0,6,0,0,0,8,99,1,8.300000190734863,0.0,27.840871810913086,28.40812110900879,1.5,0,66,1.0,0.0,0.0,0,0,0,0,0
1779673805.6300478,0,0.3499999940395355,0,0,446,900,423158243,2,77,0.0,0.0,33.15144729614258,28.561872482299805,1,0,0.6000000238418579,0,0,1,0,0,6,0,0,0,8,99,1,8.300000190734863,0.0,28.006874084472656,28.408123016357422,1.5,0,66,1.0,0.0,0.0,0,0,0,0,0
1779673805.65049,0,0.3499999940395355,0,0,446,900,423158243,2,77,0.0,0.0,33.15144729614258,28.561872482299805,1,0,0.6000000238418579,0,0,1,0,0,6,0,0,0,8,99,1,8.300000190734863,0.0,28.172870635986328,28.408123016357422,1.5,0,66,1.0,0.0,0.0,0,0,0,0,0
1779673805.6705816,0,0.3499999940395355,0,0,446,900,423158243,2,77,0.0,0.0,33.15144729614258,28.561872482299805,1,0,0.6000000238418579,0,0,1,0,0,6,0,0,0,8,99,1,8.300000190734863,0.0,28.338869094848633,28.408123016357422,1.5,0,66,1.0,0.0,0.0,0,0,0,0,0
1779673805.6903818,0,0.3499999940395355,0,0,446,900,423158243,2,77,0.0,0.0,33.15144729614258,28.561872482299805,1,0,0.6000000238418579,0,0,1,0,0,6,0,0,0,8,99,1,8.300000190734863,0.0,28.504865646362305,28.40812110900879,1.5,0,66,1.0,0.0,0.0,0,0,0,0,0
1779673805.7102025,0,0.3499999940395355,0,0,446,900,423158243,2,77,0.0,0.0,33.15144729614258,28.561872482299805,1,0,0.6000000238418579,0,0,1,0,0,6,0,0,0,8,99,1,8.300000190734863,0.0,28.670862197875977,28.40812110900879,1.5,0,66,1.0,0.0,0.0,0,0,0,0,0
1779673805.7301505,0,0.3499999940395355,0,0,446,900,423158243,2,77,0.0,0.0,33.15144729614258,28.561872482299805,1,0,0.6000000238418579,0,0,1,0,0,6,0,0,0,8,99,1,8.300000190734863,0.0,28.836870193481445,28.40812110900879,1.5,0,66,1.0,0.0,0.0,0,0,0,0,0
1779673805.7502472,0,0.3499999940395355,0,0,446,900,423158243,2,77,0.0,0.0,33.15144729614258,28.561872482299805,1,0,0.6000000238418579,0,0,1,0,0,6,0,0,0,8,99,1,8.300000190734863,0.0,29.002866744995117,28.40812110900879,1.5,0,66,1.0,0.0,0.0,0,0,0,0,0
1779673805.7701015,0,0.3499999940395355,0,0,446,900,423158243,2,77,0.0,0.0,33.15144729614258,28.561872482299805,1,0,0.6000000238418579,0,0,1,0,0,6,0,0,0,8,99,1,8.300000190734863,0.0,29.168785095214844,28.40812110900879,1.5,0,66,1.0,0.0,0.0,0,0,0,0,0
1779673805.790236,0,0.3499999940395355,0,0,446,900,423158243,2,77,0.0,0.0,33.15144729614258,28.561872482299805,1,0,0.6000000238418579,0,0,1,0,0,6,0,0,0,8,99,1,8.300000190734863,0.0,29.334779739379883,28.40812110900879,1.5,0,66,1.0,0.0,0.0,0,0,0,0,0
1779673805.8101122,0,0.3499999940395355,0,0,446,900,423158243,2,77,0.0,0.0,33.15144729614258,28.561872482299805,1,0,0.6000000238418579,0,0,1,0,0,6,0,0,0,8,99,1,8.300000190734863,0.0,29.500778198242188,28.40812110900879,1.5,0,66,1.0,0.0,0.0,0,0,0,0,0
1779673805.8300695,0,0.3499999940395355,0,0,446,900,423158243,2,77,0.0,0.0,33.15144729614258,28.561872482299805,1,0,0.6000000238418579,0,0,1,0,0,6,0,0,0,8,99,1,8.300000190734863,0.0,29.666778564453125,28.40812110900879,1.5,0,66,1.0,0.0,0.0,0,0,0,0,0
1779673805.8503137,0,0.3499999940395355,0,0,446,900,423158243,2,77,0.0,0.0,33.15144729614258,28.561872482299805,1,0,0.6000000238418579,0,0,1,0,0,6,0,0,0,8,99,1,8.300000190734863,0.0,29.832857131958008,28.40812110900879,1.5,0,66,0.0,0.0,0.0,0,0,0,0,0
1779673805.8702126,0,0.3499999940395355,0,0,446,900,423158243,2,77,0.0,0.0,33.15144729614258,28.561872482299805,1,0,0.6000000238418579,0,0,1,0,0,6,0,0,0,8,99,1,8.300000190734863,0.0,29.998775482177734,28.40812110900879,1.5,0,66,0.0,0.0,0.0,0,0,0,0,0
1779673805.890469,0,0.3499999940395355,0,0,446,900,423158243,2,77,0.0,0.0,33.15144729614258,28.561872482299805,1,0,0.6000000238418579,0,0,1,0,0,6,0,0,0,8,99,1,0.0,0.0,30.039466857910156,28.40812110900879,1.5,0,66,0.0,0.0,0.0,0,0,0,0,0
1779673805.910272,0,0.3499999940395355,0,0,446,900,423158243,3,77,-25.0,0.0,33.15144729614258,28.561872482299805,1,0,0.6000000238418579,0,0,1,0,0,6,0,0,0,8,99,1,0.0,0.0,30.039466857910156,28.408119201660156,1.5,0,66,0.0,0.0,0.0,0,0,0,0,0
1779673805.930155,0,0.3499999940395355,0,0,446,900,423158243,3,77,-25.0,0.0,32.651451110839844,28.561872482299805,1,0,0.6000000238418579,0,0,1,0,0,6,0,0,0,8,99,1,0.0,0.0,30.039466857910156,28.408119201660156,1.5,0,66,0.0,0.0,0.0,0,0,0,0,0
1779673806.2302568,0,0.3499999940395355,0,0,446,900,423158243,3,77,-25.0,0.0,32.151451110839844,28.561872482299805,0,0,0.6000000238418579,0,0,1,0,0,5,1,0,0,8,99,1,0.0,0.0,30.039466857910156,28.40812110900879,1.5,0,66,0.0,0.0,0.0,0,0,0,0,0
1779673806.2605543,0,0.3499999940395355,0,0,446,900,423158243,3,77,-25.0,0.0,31.65144920349121,28.561872482299805,0,0,0.6000000238418579,0,0,1,0,0,5,1,0,0,8,99,1,0.0,0.0,30.039466857910156,28.40812110900879,1.5,0,66,0.0,0.0,0.0,0,0,0,0,0
1779673806.2802274,0,0.3499999940395355,0,0,446,900,423158243,3,77,-25.0,0.0,31.15144920349121,28.561872482299805,0,0,0.6000000238418579,0,0,1,0,0,5,1,0,0,8,99,1,0.0,0.0,30.039466857910156,28.40812110900879,1.5,0,66,0.0,0.0,0.0,0,0,0,0,0
1779673806.3000543,0,0.3499999940395355,0,0,446,900,423158243,3,77,-25.0,0.0,30.65144920349121,28.561872482299805,0,0,0.6000000238418579,0,0,1,0,0,5,1,0,0,8,99,1,-15.0,7.5,29.812999725341797,28.52135467529297,1.5,0,66,0.0,0.0,0.0,0,0,0,0,0
1779673806.3204892,0,0.3499999940395355,0,0,446,900,423158243,3,77,-25.0,0.0,30.15144920349121,28.561872482299805,0,0,0.6000000238418579,0,0,1,0,0,5,1,0,0,8,99,1,-15.0,7.5,29.513010025024414,28.671348571777344,1.5,0,66,0.0,0.0,0.0,0,0,0,0,0
1779673806.3403635,0,0.3499999940395355,0,0,446,900,423158243,3,77,-25.0,0.0,29.65144920349121,28.561872482299805,0,0,0.6000000238418579,0,0,1,0,0,5,1,0,0,8,99,1,-15.0,7.5,29.213014602661133,28.821346282958984,1.5,0,66,0.0,0.0,0.0,0,0,0,0,0
1779673806.360223,0,0.3499999940395355,0,0,446,900,423158243,3,77,-25.0,0.0,29.15144920349121,28.561872482299805,0,0,0.6000000238418579,0,0,1,0,0,5,1,0,0,8,99,1,-15.0,7.5,28.91286849975586,28.971420288085938,1.5,0,66,-1.0,0.0,0.0,0,0,0,0,0
1779673806.3803196,0,0.3499999940395355,0,0,446,900,423158243,3,77,-25.0,0.0,28.65144920349121,28.561872482299805,0,0,0.6000000238418579,0,0,1,0,0,5,1,0,0,8,99,1,-15.0,7.5,28.61288070678711,29.121414184570312,1.5,0,66,-1.0,0.0,0.0,0,0,0,0,0
1779673806.4002814,0,0.3499999940395355,0,0,446,900,423158243,3,77,-25.0,0.0,28.15144920349121,28.561872482299805,0,0,0.6000000238418579,0,0,1,0,0,5,1,0,0,8,99,1,-15.0,7.5,28.312881469726562,29.271411895751953,1.5,0,66,-1.0,0.0,0.0,0,0,0,0,0
1779673806.4203928,0,0.3499999940395355,0,0,446,900,423158243,3,77,-25.0,0.0,27.65144920349121,28.561872482299805,0,0,0.6000000238418579,0,0,1,0,0,5,1,0,0,8,99,1,-15.0,7.5,28.012887954711914,29.421409606933594,1.5,0,66,-1.0,0.0,0.0,0,0,0,0,0
1779673806.4400296,0,0.3499999940395355,0,0,446,900,423158243,3,77,-25.0,0.0,27.15144920349121,28.561872482299805,0,0,0.6000000238418579,0,0,1,0,0,5,1,0,0,8,99,1,-15.0,7.5,27.713035583496094,29.571334838867188,1.5,0,66,-1.0,0.0,0.0,0,0,0,0,0
1779673806.4607918,0,0.3499999940395355,0,0,446,900,423158243,3,77,-25.0,0.0,26.65144920349121,28.561872482299805,0,0,0.6000000238418579,0,0,1,0,0,5,1,0,0,8,99,1,-15.0,7.5,27.413042068481445,29.72133445739746,1.5,0,66,-1.0,0.0,0.0,0,0,0,0,0
1779673806.4802506,0,0.3499999940395355,0,0,446,900,423158243,3,77,-25.0,0.0,26.15144920349121,28.561872482299805,0,0,0.6000000238418579,0,0,1,0,0,5,1,0,0,8,99,1,-15.0,7.5,27.11304473876953,29.8713321685791,1.5,0,66,-1.0,0.0,0.0,0,0,0,0,0
1779673806.5002944,0,0.3499999940395355,0,0,446,900,423158243,3,77,-25.0,0.0,25.65144920349121,28.561872482299805,1,0,0.6000000238418579,0,0,1,0,0,5,1,0,0,8,99,0,0.0,0.0,26.81304168701172,30.021331787109375,1.5,0,66,-1.0,0.0,0.0,0,0,1,0,0
1779673806.5202157,0,0.3499999940395355,1,0,446,900,423158243,3,77,-25.0,0.0,25.15144920349121,28.561872482299805,0,0,0.6000000238418579,0,0,0,1,0,5,1,1,0,8,99,0,-8.300000190734863,-0.9479996562004089,26.614105224609375,30.04379653930664,1.5,0,68,-1.0,0.0,0.0,0,0,1,0,0
1779673806.5402255,0,0.3499999940395355,1,0,446,900,423158243,3,77,-25.0,0.0,24.65144920349121,28.561872482299805,0,0,0.6000000238418579,0,0,0,1,0,5,1,1,0,8,99,0,-8.300000190734863,-1.8959993124008179,26.448184967041016,30.010536193847656,1.5,0,70,-1.0,0.0,0.0,0,0,1,0,0
1779673806.5602689,0,0.3499999940395355,1,0,446,900,423158243,4,77,-19.25,0.0,24.15144920349121,28.561872482299805,0,0,0.6000000238418579,0,0,0,1,0,5,1,1,0,8,99,0,-8.300000190734863,-2.843998908996582,26.282188415527344,29.958309173583984,1.5,0,72,-1.0,0.0,0.0,0,0,1,0,0
1779673806.580376,0,0.3499999940395355,1,0,446,900,423158243,4,77,-14.82249927520752,0.0,23.854999542236328,28.561872482299805,0,0,0.6000000238418579,0,0,0,1,0,5,1,1,0,8,99,0,-8.300000190734863,-3.7919986248016357,26.116100311279297,29.887081146240234,1.5,0,74,-1.0,0.0,0.0,0,0,1,0,0
1779673806.9002695,0,0.3499999940395355,1,0,425,900,423158243,59,77,-10.0,20.0,23.626733779907227,28.561872482299805,0,0,0.6000000238418579,0,0,0,1,0,5,1,1,0,8,99,0,3.75,-4.7399983406066895,25.9252986907959,29.782758712768555,1.5,0,87,-1.0,0.0,0.0,0,0,0,0,0
1779673806.9401448,0,0.3499999940395355,1,0,425,900,423158243,59,77,-10.0,18.200000762939453,23.126733779907227,28.925872802734375,1,0,0.6000000238418579,0,0,0,1,0,5,1,1,0,8,99,0,3.75,-5.687997817993164,25.969806671142578,29.682209014892578,1.5,0,90,-1.0,0.0,0.0,0,0,0,0,0
1779673806.960406,0,0.3499999940395355,1,0,425,900,423158243,59,77,-10.0,16.400001525878906,22.626733779907227,29.25387191772461,1,0,0.6000000238418579,0,0,0,1,0,5,1,1,0,8,99,0,3.75,-6.635997295379639,26.026077270507812,29.58633804321289,1.5,0,92,-1.0,0.0,0.0,0,0,0,0,0
1779673806.9802804,0,0.3499999940395355,1,0,425,900,423158243,59,77,-10.0,14.60000228881836,22.126733779907227,29.54587173461914,1,0,0.6000000238418579,0,0,0,1,0,5,1,1,0,8,99,0,3.75,-7.583996772766113,26.09732437133789,29.450693130493164,1.5,0,94,-1.0,0.0,0.0,0,0,0,0,0
1779673807.0003986,0,0.3499999940395355,1,0,425,900,423158243,59,77,-10.0,12.800003051757812,21.626733779907227,29.80187225341797,1,0,0.6000000238418579,0,0,0,1,0,5,1,1,0,8,99,0,3.75,-8.531996726989746,26.172325134277344,29.289443969726562,1.5,0,96,-1.0,0.0,0.0,0,0,0,0,0
1779673807.0203679,0,0.3499999940395355,1,0,425,900,423158243,59,77,-10.0,11.000003814697266,21.126733779907227,30.02187156677246,1,0,0.6000000238418579,0,0,0,1,0,5,1,1,0,8,99,0,3.75,-9.479996681213379,26.247325897216797,29.109237670898438,1.5,0,96,-1.0,0.0,0.0,0,0,0,0,0
1779673807.04,0,0.3499999940395355,1,0,425,900,423158243,59,77,-10.0,9.200004577636719,20.626733779907227,30.20587158203125,1,0,0.6000000238418579,0,0,0,1,0,5,1,1,0,8,99,0,3.75,-10.427996635437012,26.322290420532227,28.910171508789062,1.5,0,96,-1.0,0.0,0.0,0,0,0,0,0
1779673807.060306,0,0.3499999940395355,1,0,425,900,423158243,59,77,-10.0,7.400005340576172,20.126733779907227,30.353872299194336,1,0,0.6000000238418579,0,0,0,1,0,5,1,1,0,8,99,0,3.75,-11.375996589660645,26.39729118347168,28.692054748535156,1.5,0,96,-1.0,0.0,0.0,0,0,0,0,0
1779673807.0800428,0,0.3499999940395355,1,0,425,900,423158243,59,77,-10.0,5.600006103515625,19.626733779907227,30.465871810913086,1,0,0.6000000238418579,0,0,0,0,0,5,1,1,0,8,99,1,3.75,0.0,26.472328186035156,28.49286651611328,1.5,0,96,-1.0,0.0,0.0,0,0,0,0,0
1779673807.1000223,0,0.3499999940395355,1,0,425,900,423158243,59,77,-10.0,3.800006866455078,19.426733016967773,30.541872024536133,1,0,0.6000000238418579,0,0,0,0,0,5,1,1,0,8,99,1,3.75,0.0,26.54732894897461,28.408092498779297,1.5,0,96,-1.0,0.0,0.0,0,0,0,0,0
1779673807.120078,0,0.3499999940395355,1,0,425,900,423158243,59,77,-10.0,2.0000076293945312,19.22673225402832,30.581872940063477,1,0,0.6000000238418579,0,0,0,0,0,5,1,1,0,8,99,1,-8.300000190734863,0.0,26.500713348388672,28.408103942871094,1.5,0,96,-1.0,0.0,0.0,0,0,0,0,0
1779673807.1402156,0,0.3499999940395355,1,0,425,900,423158243,59,77,-10.0,0.20000839233398438,19.026731491088867,30.585872650146484,1,0,0.6000000238418579,0,0,0,0,0,5,1,1,0,8,99,1,-8.300000190734863,0.0,26.334716796875,28.408111572265625,1.5,0,96,-1.0,0.0,0.0,0,0,0,0,0
1779673807.1606114,0,0.3499999940395355,1,0,425,900,423158243,59,77,-10.0,-1.5999908447265625,18.826730728149414,30.55387306213379,1,0,0.6000000238418579,0,0,0,0,0,5,1,1,0,8,99,1,-8.300000190734863,0.0,26.168720245361328,28.408117294311523,1.5,0,96,-1.0,0.0,0.0,0,0,0,0,0
1779673807.1801443,0,0.3499999940395355,1,0,425,900,423158243,59,77,-10.0,-3.3999900817871094,18.62672996520996,30.48587417602539,1,0,0.6000000238418579,0,0,0,0,0,5,1,1,0,8,99,1,-8.300000190734863,0.0,26.002716064453125,28.408119201660156,1.5,0,96,-1.0,0.0,0.0,0,0,0,0,0
1779673807.2002501,0,0.3499999940395355,0,0,425,900,423158243,59,77,-10.0,-5.199989318847656,18.426729202270508,30.381874084472656,1,0,0.6000000238418579,0,0,0,0,0,5,1,0,0,8,99,1,-8.300000190734863,0.0,25.836715698242188,28.40812110900879,1.5,0,96,-1.0,0.0,0.0,0,0,0,0,0
1779673807.2202463,0,0.3499999940395355,0,0,425,900,423158243,59,77,-10.0,-6.999988555908203,18.226728439331055,30.24187469482422,1,0,0.6000000238418579,0,0,0,0,0,5,1,0,0,8,99,1,-8.300000190734863,0.0,25.670717239379883,28.40812110900879,1.5,0,96,-1.0,0.0,0.0,0,0,0,0,0
1779673807.2402065,0,0.3499999940395355,0,0,425,900,423158243,59,77,-10.0,-8.79998779296875,18.0267276763916,30.065874099731445,1,0,0.6000000238418579,0,0,0,0,0,5,1,0,0,8,99,1,-8.300000190734863,0.0,25.504798889160156,28.40812110900879,1.5,0,96,0.0,0.0,0.0,0,0,0,0,0
1779673807.260395,0,0.3499999940395355,0,0,425,900,423158243,59,77,-10.0,-10.599987030029297,17.82672691345215,29.85387420654297,1,0,0.6000000238418579,0,0,0,0,0,5,1,0,0,8,99,1,-8.300000190734863,0.0,25.338714599609375,28.40812110900879,1.5,0,96,0.0,0.0,0.0,0,0,0,0,0
1779673807.2803009,0,0.3499999940395355,0,0,425,900,423158243,59,77,-10.0,-12.399986267089844,17.626726150512695,29.60587501525879,1,0,0.6000000238418579,0,0,0,0,0,5,1,0,0,8,99,1,0.0,0.0,25.25647735595703,28.40812110900879,1.5,0,96,0.0,0.0,0.0,0,0,0,0,0
1779673807.3004553,0,0.3499999940395355,0,0,425,900,423158243,59,77,-10.0,-14.19998550415039,17.426725387573242,29.321874618530273,1,0,0.6000000238418579,0,0,0,0,0,5,1,0,0,8,99,1,0.0,0.0,25.25647735595703,28.40812110900879,1.5,0,96,0.0,0.0,0.0,0,0,0,0,0
1779673807.3202686,0,0.3499999940395355,0,0,425,900,423158243,59,77,-10.0,-15.999984741210938,17.22672462463379,29.001874923706055,1,0,0.6000000238418579,0,0,0,0,0,5,1,0,0,8,99,1,0.0,0.0,25.25647735595703,28.40812110900879,1.5,0,96,0.0,0.0,0.0,0,0,0,0,0
1779673807.3403592,0,0.3499999940395355,0,0,425,900,423158243,59,77,-10.0,-17.799983978271484,17.026723861694336,28.645875930786133,1,0,0.6000000238418579,0,0,0,0,0,5,1,0,0,8,99,1,0.0,0.0,25.25647735595703,28.40812110900879,1.5,0,96,0.0,0.0,0.0,0,0,0,0,0
1779673807.3606305,0,0.3499999940395355,0,0,425,900,423158243,60,77,0.0,0.0,16.826723098754883,28.56183624267578,1,0,0.6000000238418579,0,0,0,0,0,5,1,0,0,8,99,1,0.0,0.0,25.25647735595703,28.40812110900879,1.5,0,96,0.0,0.0,0.0,0,0,0,0,0
1779673807.3803935,0,0.3499999940395355,0,0,425,900,423158243,60,77,0.0,0.0,16.826723098754883,28.56184959411621,1,0,0.6000000238418579,0,0,0,0,0,5,1,0,0,8,99,1,0.0,0.0,25.25647735595703,28.40812110900879,1.5,0,96,0.0,0.0,0.0,0,0,0,0,0
1779673807.4000506,0,0.3499999940395355,0,0,425,900,423158243,60,77,0.0,0.0,16.826723098754883,28.561859130859375,1,0,0.6000000238418579,0,0,0,0,0,5,1,0,0,8,99,1,0.0,0.0,25.25647735595703,28.40812110900879,1.5,0,96,0.0,0.0,0.0,0,0,0,0,0
1779673807.420199,0,0.3499999940395355,0,0,425,900,423158243,60,77,0.0,0.0,16.826723098754883,28.561864852905273,1,0,0.6000000238418579,0,0,0,0,0,5,1,0,0,8,99,1,0.0,0.0,25.25647735595703,28.40812110900879,1.5,0,96,0.0,0.0,0.0,0,0,0,0,0
1779673807.440089,0,0.3499999940395355,0,0,425,900,423158243,60,77,0.0,0.0,16.826723098754883,28.56186866760254,1,0,0.6000000238418579,0,0,0,0,0,5,1,0,0,8,99,1,0.0,0.0,25.25647735595703,28.40812110900879,1.5,0,96,0.0,0.0,0.0,0,0,0,0,0
1779673807.4603608,0,0.3499999940395355,0,0,425,900,423158243,60,77,0.0,0.0,16.826723098754883,28.561870574951172,1,0,0.6000000238418579,0,0,0,0,0,5,1,0,0,8,99,1,0.0,0.0,25.25647735595703,28.40812110900879,1.5,0,96,0.0,0.0,0.0,0,0,0,0,0
1779673807.480158,0,0.3499999940395355,0,0,425,900,423158243,60,77,0.0,0.0,16.826723098754883,28.561870574951172,1,0,0.6000000238418579,0,0,0,0,0,5,1,0,0,8,99,1,0.0,0.0,25.25647735595703,28.40812110900879,1.5,0,96,0.0,0.0,0.0,0,0,0,0,0
1779673807.5004199,0,0.3499999940395355,0,0,425,900,423158243,60,77,0.0,0.0,16.826723098754883,28.561870574951172,1,0,0.6000000238418579,0,0,0,0,0,5,1,0,0,8,99,1,0.0,0.0,25.25647735595703,28.40812110900879,1.5,0,96,0.0,0.0,0.0,0,0,0,0,0
1779673807.5202477,0,0.3499999940395355,0,0,425,900,423158243,60,77,0.0,0.0,16.826723098754883,28.561870574951172,1,0,0.6000000238418579,0,0,0,0,0,5,1,0,0,8,99,1,0.0,0.0,25.25647735595703,28.40812110900879,1.5,0,96,0.0,0.0,0.0,0,0,0,0,0
1779673807.5404189,0,0.3499999940395355,0,0,425,900,423158243,60,77,0.0,0.0,16.826723098754883,28.561870574951172,1,0,0.6000000238418579,0,0,0,0,0,5,1,0,0,8,99,1,0.0,0.0,25.25647735595703,28.40812110900879,1.5,0,96,0.0,0.0,0.0,0,0,0,0,0
1779673807.56081,0,0.3499999940395355,0,0,425,900,423158243,60,77,0.0,0.0,16.826723098754883,28.561870574951172,1,0,0.6000000238418579,0,0,0,0,0,5,1,0,0,8,99,1,0.0,0.0,25.25647735595703,28.40812110900879,1.5,0,96,-1.0,0.0,0.0,0,0,0,0,0
1779673807.58051,0,0.3499999940395355,0,0,425,900,423158243,60,77,0.0,0.0,16.826723098754883,28.561870574951172,1,0,0.6000000238418579,0,0,0,0,0,5,1,0,0,8,99,1,0.0,0.0,25.25647735595703,28.40812110900879,1.5,0,96,-1.0,0.0,0.0,0,0,0,0,0
1779673807.6005013,0,0.3499999940395355,0,0,425,900,423158243,60,77,0.0,0.0,16.826723098754883,28.561870574951172,1,0,0.6000000238418579,0,0,0,0,0,5,1,0,0,8,99,1,0.0,0.0,25.25647735595703,28.40812110900879,1.5,0,96,-1.0,0.0,0.0,0,0,0,0,0
1779673807.6204362,0,0.3499999940395355,0,0,425,900,423158243,60,77,0.0,0.0,16.826723098754883,28.561870574951172,1,0,0.6000000238418579,0,0,0,0,0,5,1,0,0,8,99,1,-8.300000190734863,0.0,25.17281723022461,28.40812110900879,1.5,0,96,-1.0,0.0,0.0,0,0,0,0,0
1779673807.6401706,0,0.3499999940395355,0,0,425,900,423158243,60,77,0.0,0.0,16.826723098754883,28.561870574951172,1,0,0.6000000238418579,0,0,0,0,0,5,1,0,0,8,99,1,-8.300000190734863,0.0,25.006816864013672,28.40812110900879,1.5,0,96,-1.0,0.0,0.0,0,0,0,0,0
1779673807.6604006,0,0.3499999940395355,0,0,425,900,423158243,60,77,0.0,0.0,16.826723098754883,28.561870574951172,1,0,0.6000000238418579,0,0,0,0,0,5,1,0,0,8,99,1,-8.300000190734863,0.0,24.840816497802734,28.40812110900879,1.5,0,96,-1.0,0.0,0.0,0,0,0,0,0
1779673807.680264,0,0.3499999940395355,0,0,425,900,423158243,60,77,0.0,0.0,16.826723098754883,28.561870574951172,1,0,0.6000000238418579,0,0,0,0,0,5,1,0,0,8,99,1,-8.300000190734863,0.0,24.674732208251953,28.40812110900879,1.5,0,96,-1.0,0.0,0.0,0,0,0,0,0
1779673807.7006767,0,0.3499999940395355,0,0,425,900,423158243,60,77,0.0,0.0,16.826723098754883,28.561870574951172,1,0,0.6000000238418579,0,0,0,0,0,5,1,0,0,8,99,1,-8.300000190734863,0.0,24.508731842041016,28.40812110900879,1.5,0,96,-1.0,0.0,0.0,0,0,0,0,0
1779673807.7204652,0,0.3499999940395355,0,0,425,900,423158243,60,77,0.0,0.0,16.826723098754883,28.561870574951172,1,0,0.6000000238418579,0,0,0,0,0,5,1,0,0,8,99,1,-8.300000190734863,0.0,24.342727661132812,28.40812110900879,1.5,0,96,-1.0,0.0,0.0,0,0,0,0,0
1779673807.740216,0,0.3499999940395355,0,0,425,900,423158243,60,77,0.0,0.0,16.826723098754883,28.561870574951172,1,0,0.6000000238418579,0,0,0,0,0,5,1,0,0,8,99,1,-8.300000190734863,0.0,24.17681121826172,28.40812110900879,1.5,0,96,-1.0,0.0,0.0,0,0,0,0,0
1779673807.7602618,0,0.3499999940395355,0,0,425,900,423158243,60,77,0.0,0.0,16.826723098754883,28.561870574951172,1,0,0.6000000238418579,0,0,0,0,0,5,1,0,0,8,99,1,-8.300000190734863,0.0,24.010726928710938,28.40812110900879,1.5,0,96,-1.0,0.0,0.0,0,0,0,0,0
1779673807.7802637,0,0.3499999940395355,0,0,425,900,423158243,60,77,0.0,0.0,16.826723098754883,28.561870574951172,1,0,0.6000000238418579,0,0,0,0,0,5,1,0,0,8,99,1,-8.300000190734863,0.0,23.844730377197266,28.40812110900879,1.5,0,96,-1.0,0.0,0.0,0,0,0,0,0
1779673807.8003082,0,0.3499999940395355,0,0,425,900,423158243,60,77,0.0,0.0,16.826723098754883,28.561870574951172,1,0,0.6000000238418579,0,0,0,0,0,5,1,0,0,8,99,1,-8.300000190734863,0.0,23.678730010986328,28.40812110900879,1.5,0,96,-1.0,0.0,0.0,0,0,0,0,0
1779673807.820285,0,0.3499999940395355,0,0,425,900,423158243,60,77,0.0,0.0,16.826723098754883,28.561870574951172,1,0,0.6000000238418579,0,0,0,0,0,5,1,0,0,8,99,1,-8.300000190734863,0.0,23.512725830078125,28.40812110900879,1.5,0,96,-1.0,0.0,0.0,0,0,0,0,0
1779673807.840663,0,0.3499999940395355,0,0,425,900,423158243,60,77,0.0,0.0,16.826723098754883,28.561870574951172,1,0,0.6000000238418579,0,0,0,0,0,5,1,0,0,8,99,1,-8.300000190734863,0.0,23.346729278564453,28.40812110900879,1.5,0,96,-1.0,0.0,0.0,0,0,0,0,0
1779673807.8603904,0,0.3499999940395355,0,0,425,900,423158243,60,77,0.0,0.0,16.826723098754883,28.561870574951172,1,0,0.6000000238418579,0,0,0,0,0,5,1,0,0,8,99,1,-8.300000190734863,0.0,23.180809020996094,28.40812110900879,1.5,0,96,-1.0,0.0,0.0,0,0,0,0,0
1779673807.880208,0,0.3499999940395355,0,0,425,900,423158243,60,77,0.0,0.0,16.826723098754883,28.561870574951172,1,0,0.6000000238418579,0,0,0,0,0,5,0,0,0,8,99,1,-8.300000190734863,0.0,23.014808654785156,28.40812110900879,1.5,0,96,-1.0,0.0,0.0,0,0,0,0,0
1779673807.8999975,0,0.3499999940395355,0,0,425,900,423158243,60,77,0.0,0.0,16.826723098754883,28.561870574951172,1,0,0.6000000238418579,0,0,0,0,0,5,0,0,0,8,99,1,-8.300000190734863,0.0,22.84880828857422,28.40812110900879,1.5,0,96,0.0,0.0,0.0,0,0,0,0,0
1779673807.920282,0,0.3499999940395355,0,0,425,900,423158243,60,77,0.0,0.0,16.826723098754883,28.561870574951172,1,0,0.6000000238418579,0,0,0,0,0,5,0,0,0,8,99,1,-8.300000190734863,0.0,22.68281364440918,28.40812110900879,1.5,0,96,0.0,0.0,0.0,0,1,0,0,0
1779673807.9401069,0,0.3499999940395355,0,0,425,900,423158243,60,77,0.0,0.0,16.826723098754883,28.561870574951172,1,0,0.6000000238418579,0,0,0,0,0,5,0,0,0,8,99,1,0.0,0.0,22.60047149658203,28.40812110900879,1.5,0,96,0.0,0.0,0.0,0,1,0,0,0
1779673807.960259,0,0.3499999940395355,0,0,425,900,423158243,60,77,0.0,0.0,16.826723098754883,28.561870574951172,1,0,0.6000000238418579,0,0,0,0,0,5,0,0,0,8,99,1,0.0,0.0,22.60047149658203,28.40812110900879,1.5,0,96,0.0,0.0,0.0,0,1,0,0,0
1779673807.9801397,0,0.3499999940395355,0,0,425,900,423158243,60,77,0.0,0.0,16.826723098754883,28.561870574951172,1,0,0.6000000238418579,0,0,0,0,0,5,0,0,0,8,99,1,0.0,0.0,22.60047149658203,28.40812110900879,1.5,0,96,0.0,0.0,0.0,0,1,0,0,0
1779673808.0003095,0,0.3499999940395355,0,0,425,900,423158243,60,77,0.0,0.0,16.826723098754883,28.561870574951172,1,0,0.6000000238418579,0,0,0,0,0,5,0,0,0,8,99,1,0.0,0.0,22.60047149658203,28.40812110900879,1.5,0,96,0.0,0.0,0.0,0,1,0,0,0
1779673808.0206363,0,0.3499999940395355,0,0,425,900,423158243,60,77,0.0,0.0,16.826723098754883,28.561870574951172,1,0,0.6000000238418579,0,0,0,0,0,5,0,0,0,8,99,1,0.0,0.0,22.60047149658203,28.40812110900879,1.5,0,96,0.0,0.0,0.0,0,1,0,0,0
1779673808.040333,0,0.3499999940395355,0,0,425,900,423158243,60,77,0.0,0.0,16.826723098754883,28.561870574951172,1,0,0.6000000238418579,0,0,0,0,0,5,0,0,0,8,99,1,0.0,0.0,22.60047149658203,28.40812110900879,1.5,0,96,0.0,0.0,0.0,0,1,0,0,0
1779673808.060384,0,0.3499999940395355,0,0,425,900,423158243,60,77,0.0,0.0,16.826723098754883,28.561870574951172,1,0,0.6000000238418579,0,0,0,0,0,5,0,0,0,8,99,1,0.0,0.0,22.60047149658203,28.40812110900879,1.5,0,96,0.0,0.0,0.0,0,1,0,0,0
1779673808.0802999,0,0.3499999940395355,0,0,425,900,423158243,60,77,0.0,0.0,16.826723098754883,28.561870574951172,1,0,0.6000000238418579,0,0,0,0,0,5,0,0,0,8,99,1,0.0,0.0,22.60047149658203,28.40812110900879,1.5,0,96,0.0,0.0,0.0,0,1,0,0,0
1779673808.1004515,0,0.3499999940395355,0,0,425,900,423158243,60,77,0.0,0.0,16.826723098754883,28.561870574951172,1,0,0.6000000238418579,0,0,0,0,0,5,0,0,0,8,99,1,0.0,0.0,22.60047149658203,28.40812110900879,1.5,0,96,0.0,0.0,0.0,0,1,0,0,0
1779673808.1206083,0,0.3499999940395355,0,0,425,900,423158243,60,77,0.0,0.0,16.826723098754883,28.561870574951172,1,0,0.6000000238418579,0,0,0,0,0,5,0,0,0,8,99,1,0.0,0.0,22.60047149658203,28.40812110900879,1.5,0,96,0.0,0.0,0.0,0,1,0,0,0
1779673808.1403167,0,0.3499999940395355,0,0,425,900,423158243,60,77,0.0,0.0,16.826723098754883,28.561870574951172,1,0,0.6000000238418579,0,0,0,0,0,5,0,0,0,8,99,1,0.0,0.0,22.60047149658203,28.40812110900879,1.5,0,96,0.0,0.0,0.0,0,1,0,0,0
1779673808.1610403,0,0.3499999940395355,0,0,425,900,423158243,60,77,0.0,0.0,16.826723098754883,28.561870574951172,1,0,0.6000000238418579,0,0,0,0,0,5,0,0,0,8,99,1,0.0,0.0,22.60047149658203,28.40812110900879,1.5,0,96,0.0,0.0,0.0,0,1,0,0,0
1779673808.180453,0,0.3499999940395355,0,0,425,900,423158243,60,77,0.0,0.0,16.826723098754883,28.561870574951172,1,0,0.6000000238418579,0,0,0,0,0,5,0,0,0,8,99,1,0.0,0.0,22.60047149658203,28.40812110900879,1.5,0,96,0.0,0.0,0.0,0,1,0,0,0
1779673808.200586,0,0.3499999940395355,0,0,425,900,423158243,60,77,0.0,0.0,16.826723098754883,28.561870574951172,0,0,0.6000000238418579,0,0,0,0,1,5,0,0,0,8,99,1,0.0,0.0,22.60047149658203,28.40812110900879,1.5,0,96,0.0,0.0,0.0,0,1,0,0,0
1779673808.2206886,0,0.3499999940395355,0,0,425,900,423158243,60,77,0.0,0.0,16.826723098754883,28.561870574951172,0,0,0.6000000238418579,0,0,0,0,1,5,0,0,0,8,99,1,0.0,0.0,22.60047149658203,28.40812110900879,1.5,0,96,0.0,0.0,0.0,0,1,0,0,0
1779673808.240279,0,0.3499999940395355,0,0,425,900,423158243,60,77,0.0,0.0,16.826723098754883,28.561870574951172,0,0,0.6000000238418579,0,0,0,0,1,5,0,0,0,8,99,1,0.0,0.0,22.60047149658203,28.40812110900879,1.5,0,96,0.0,0.0,0.0,0,1,0,0,0
1779673808.2609756,0,0.3499999940395355,0,0,425,900,423158243,60,77,0.0,0.0,16.826723098754883,28.561870574951172,0,0,0.6000000238418579,0,0,0,0,1,5,0,0,0,8,99,1,0.0,0.0,22.60047149658203,28.40812110900879,1.5,0,96,0.0,0.0,0.0,0,1,0,0,0
1779673808.2808645,0,0.3499999940395355,0,0,425,900,423158243,60,77,0.0,0.0,16.826723098754883,28.561870574951172,0,0,0.6000000238418579,0,0,0,0,1,5,0,0,0,8,99,1,0.0,0.0,22.60047149658203,28.40812110900879,1.5,0,96,0.0,0.0,0.0,0,1,0,0,0
1779673808.3005624,0,0.3499999940395355,0,0,425,900,423158243,60,77,0.0,0.0,16.826723098754883,28.561870574951172,0,0,0.6000000238418579,0,0,0,0,1,5,0,0,0,8,99,1,0.0,0.0,22.60047149658203,28.40812110900879,1.5,0,96,0.0,0.0,0.0,0,1,0,0,0
1779673808.3201602,0,0.3499999940395355,0,0,425,900,423158243,60,77,0.0,0.0,16.826723098754883,28.561870574951172,0,0,0.6000000238418579,0,0,0,0,1,5,0,0,0,8,99,1,0.0,0.0,22.60047149658203,28.40812110900879,1.5,0,96,0.0,0.0,0.0,0,1,0,0,0
1779673808.3401,0,0.3499999940395355,0,0,425,900,423158243,60,77,0.0,0.0,16.826723098754883,28.561870574951172,0,0,0.6000000238418579,0,0,0,0,1,5,0,0,0,8,99,1,0.0,0.0,22.60047149658203,28.40812110900879,1.5,0,96,0.0,0.0,0.0,0,1,0,0,0
1779673808.360532,0,0.3499999940395355,0,0,425,900,423158243,60,77,0.0,0.0,16.826723098754883,28.561870574951172,0,0,0.6000000238418579,0,0,0,0,1,5,0,0,0,8,99,1,0.0,0.0,22.60047149658203,28.40812110900879,1.5,0,96,0.0,0.0,0.0,0,1,0,0,0
1779673808.380355,0,0.3499999940395355,0,0,425,900,423158243,60,77,0.0,0.0,16.826723098754883,28.561870574951172,0,0,0.6000000238418579,0,0,0,0,1,5,0,0,0,8,99,1,0.0,0.0,22.60047149658203,28.40812110900879,1.5,0,96,0.0,0.0,0.0,0,1,0,0,0
1779673808.4003718,0,0.3499999940395355,0,0,425,900,423158243,60,77,0.0,0.0,16.826723098754883,28.561870574951172,0,0,0.6000000238418579,0,0,0,0,1,5,0,0,0,8,99,1,0.0,0.0,22.60047149658203,28.40812110900879,1.5,0,96,0.0,0.0,0.0,0,1,0,0,0
1779673808.4203954,0,0.3499999940395355,0,0,425,900,423158243,60,77,0.0,0.0,16.826723098754883,28.561870574951172,0,0,0.6000000238418579,0,0,0,0,1,5,0,0,0,8,99,1,0.0,0.0,22.60047149658203,28.40812110900879,1.5,0,96,0.0,0.0,0.0,0,1,0,0,0
1779673808.4401789,0,0.3499999940395355,0,0,425,900,423158243,60,77,0.0,0.0,16.826723098754883,28.561870574951172,0,0,0.6000000238418579,0,0,0,0,1,5,0,0,0,8,99,1,0.0,0.0,22.60047149658203,28.40812110900879,1.5,0,96,0.0,0.0,0.0,0,1,0,0,0
1779673808.4605572,0,0.3499999940395355,0,0,425,900,423158243,60,77,0.0,0.0,16.826723098754883,28.561870574951172,0,0,0.6000000238418579,0,0,0,0,1,5,0,0,0,8,99,1,0.0,0.0,22.60047149658203,28.40812110900879,1.5,0,96,0.0,0.0,0.0,0,1,0,0,0
1779673808.4805064,0,0.3499999940395355,0,0,425,900,423158243,60,77,0.0,0.0,16.826723098754883,28.561870574951172,0,0,0.6000000238418579,0,0,0,0,1,5,0,0,0,8,99,1,0.0,0.0,22.60047149658203,28.40812110900879,1.5,0,95,0.0,0.0,0.0,0,1,0,0,0
1779673808.5004997,0,0.3499999940395355,0,0,425,900,423158243,60,77,0.0,0.0,16.826723098754883,28.561870574951172,0,0,0.6000000238418579,0,0,0,0,1,5,0,0,0,8,99,1,0.0,0.0,22.60047149658203,28.40812110900879,1.5,0,94,0.0,0.0,0.0,0,1,0,0,0
1779673808.5204594,0,0.3499999940395355,0,0,425,900,423158243,60,77,0.0,0.0,16.826723098754883,28.561870574951172,0,0,0.6000000238418579,0,0,0,0,1,5,0,0,0,8,99,1,0.0,0.0,22.60047149658203,28.40812110900879,1.5,0,94,0.0,0.0,0.0,0,1,0,0,0
1779673808.540415,0,0.3499999940395355,0,0,425,900,423158243,60,77,0.0,0.0,16.826723098754883,28.561870574951172,0,0,0.6000000238418579,0,0,0,0,1,5,0,0,0,8,99,1,0.0,0.0,22.60047149658203,28.40812110900879,1.5,0,93,0.0,0.0,0.0,0,1,0,0,0
1779673808.5601628,0,0.3499999940395355,0,0,425,900,423158243,60,77,0.0,0.0,16.826723098754883,28.561870574951172,0,0,0.6000000238418579,0,0,0,0,1,5,0,0,0,8,99,1,0.0,0.0,22.60047149658203,28.40812110900879,1.5,0,92,0.0,0.0,0.0,0,1,0,0,0
1779673808.5803907,0,0.3499999940395355,0,0,425,900,423158243,60,77,0.0,0.0,16.826723098754883,28.561870574951172,0,0,0.6000000238418579,0,0,0,0,1,5,0,0,0,8,99,1,0.0,0.0,22.60047149658203,28.40812110900879,1.5,0,91,0.0,0.0,0.0,0,1,0,0,0
1779673808.6000361,0,0.3499999940395355,0,0,425,900,423158243,60,77,0.0,0.0,16.826723098754883,28.561870574951172,0,0,0.6000000238418579,0,0,0,0,1,5,0,0,0,8,99,1,0.0,0.0,22.60047149658203,28.40812110900879,1.5,0,91,0.0,0.0,0.0,0,1,0,0,0
1779673808.620432,0,0.3499999940395355,0,0,425,900,423158243,60,77,0.0,0.0,16.826723098754883,28.561870574951172,0,0,0.6000000238418579,0,0,0,0,1,5,0,0,0,8,99,1,0.0,0.0,22.60047149658203,28.40812110900879,1.5,0,90,0.0,0.0,0.0,0,1,0,0,0
1779673808.6401916,0,0.3499999940395355,0,0,425,900,423158243,60,77,0.0,0.0,16.826723098754883,28.561870574951172,0,0,0.6000000238418579,0,0,0,0,1,5,0,0,0,8,99,1,0.0,0.0,22.60047149658203,28.40812110900879,1.5,0,89,0.0,0.0,0.0,0,1,0,0,0
1779673808.6603754,0,0.3499999940395355,0,0,425,900,423158243,60,77,0.0,0.0,16.826723098754883,28.561870574951172,0,0,0.6000000238418579,0,0,0,0,1,5,0,0,0,8,99,1,0.0,0.0,22.60047149658203,28.40812110900879,1.5,0,88,0.0,0.0,0.0,0,1,0,0,0
1779673808.680509,0,0.3499999940395355,0,0,425,900,423158243,60,77,0.0,0.0,16.826723098754883,28.561870574951172,0,0,0.6000000238418579,0,0,0,0,1,5,0,0,0,8,99,1,0.0,0.0,22.60047149658203,28.40812110900879,1.5,0,88,0.0,0.0,0.0,0,1,0,0,0
1779673808.7004383,0,0.3499999940395355,0,0,425,900,423158243,60,77,0.0,0.0,16.826723098754883,28.561870574951172,0,0,0.6000000238418579,0,0,0,0,1,5,0,0,0,8,99,1,0.0,0.0,22.60047149658203,28.40812110900879,1.5,0,87,0.0,0.0,0.0,0,1,0,0,0
1779673808.7203386,0,0.3499999940395355,0,0,425,900,423158243,60,77,0.0,0.0,16.826723098754883,28.561870574951172,0,0,0.6000000238418579,0,0,0,0,1,5,0,0,0,8,99,1,0.0,0.0,22.60047149658203,28.40812110900879,1.5,0,86,0.0,0.0,0.0,0,1,0,0,0
1779673808.7406073,0,0.3499999940395355,0,0,425,900,423158243,60,77,0.0,0.0,16.826723098754883,28.561870574951172,0,0,0.6000000238418579,0,0,0,0,1,5,0,0,0,8,99,1,0.0,0.0,22.60047149658203,28.40812110900879,1.5,0,85,0.0,0.0,0.0,0,1,0,0,0
1779673808.760434,0,0.3499999940395355,0,0,425,900,423158243,60,77,0.0,0.0,16.826723098754883,28.561870574951172,0,0,0.6000000238418579,0,0,0,0,1,5,0,0,0,8,99,1,0.0,0.0,22.60047149658203,28.40812110900879,1.5,0,85,0.0,0.0,0.0,0,1,0,0,0
1779673808.7807178,0,0.3499999940395355,0,0,425,900,423158243,60,77,0.0,0.0,16.826723098754883,28.561870574951172,0,0,0.6000000238418579,0,0,0,0,1,5,0,0,0,8,99,1,0.0,0.0,22.60047149658203,28.40812110900879,1.5,0,84,0.0,0.0,0.0,0,1,0,0,0
1779673808.800407,0,0.3499999940395355,0,0,425,900,423158243,60,77,0.0,0.0,16.826723098754883,28.561870574951172,0,0,0.6000000238418579,0,0,0,0,1,5,0,0,0,8,99,1,0.0,0.0,22.60047149658203,28.40812110900879,1.5,0,83,0.0,0.0,0.0,0,1,0,0,0
1779673808.8208666,0,0.3499999940395355,0,0,425,900,423158243,60,77,0.0,0.0,16.826723098754883,28.561870574951172,0,0,0.6000000238418579,0,0,0,0,1,5,0,0,0,8,99,1,0.0,0.0,22.60047149658203,28.40812110900879,1.5,0,82,0.0,0.0,0.0,0,1,0,0,0
1779673808.8401382,0,0.3499999940395355,0,0,425,900,423158243,60,77,0.0,0.0,16.826723098754883,28.561870574951172,0,0,0.6000000238418579,0,0,0,0,1,5,0,0,0,8,99,1,0.0,0.0,22.60047149658203,28.40812110900879,1.5,0,82,0.0,0.0,0.0,0,1,0,0,0
1779673808.8603113,0,0.3499999940395355,0,0,425,900,423158243,60,77,0.0,0.0,16.826723098754883,28.561870574951172,0,0,0.6000000238418579,0,0,0,0,1,5,0,0,0,8,99,1,0.0,0.0,22.60047149658203,28.40812110900879,1.5,0,81,0.0,0.0,0.0,0,1,0,0,0
1779673808.880445,0,0.3499999940395355,0,0,425,900,423158243,60,77,0.0,0.0,16.826723098754883,28.561870574951172,0,0,0.6000000238418579,0,0,0,0,1,5,0,0,0,8,99,1,0.0,0.0,22.60047149658203,28.40812110900879,1.5,0,80,0.0,0.0,0.0,0,1,0,0,0
1779673808.9003022,0,0.3499999940395355,0,0,425,900,423158243,60,77,0.0,0.0,16.826723098754883,28.561870574951172,0,0,0.6000000238418579,0,0,0,0,1,5,0,0,0,8,99,1,0.0,0.0,22.60047149658203,28.40812110900879,1.5,0,79,0.0,0.0,0.0,0,1,0,0,0
1779673808.9202898,0,0.3499999940395355,0,0,425,900,423158243,60,77,0.0,0.0,16.826723098754883,28.561870574951172,0,0,0.6000000238418579,0,0,0,0,1,5,0,0,0,8,99,1,0.0,0.0,22.60047149658203,28.40812110900879,1.5,0,79,0.0,0.0,0.0,0,1,0,0,0
1779673808.9406738,0,0.3499999940395355,0,0,425,900,423158243,60,77,0.0,0.0,16.826723098754883,28.561870574951172,0,0,0.6000000238418579,0,0,0,0,1,5,0,0,0,8,99,1,0.0,0.0,22.60047149658203,28.40812110900879,1.5,0,78,0.0,0.0,0.0,0,1,0,0,0
1779673808.960672,0,0.3499999940395355,0,0,425,900,423158243,60,77,0.0,0.0,16.826723098754883,28.561870574951172,0,0,0.6000000238418579,0,0,0,0,1,5,0,0,0,8,99,1,0.0,0.0,22.60047149658203,28.40812110900879,1.5,0,77,0.0,0.0,0.0,0,1,0,0,0
1779673808.9805107,0,0.3499999940395355,0,0,425,900,423158243,60,77,0.0,0.0,16.826723098754883,28.561870574951172,0,0,0.6000000238418579,0,0,0,0,1,5,0,0,0,8,99,1,0.0,0.0,22.60047149658203,28.40812110900879,1.5,0,77,0.0,0.0,0.0,0,1,0,0,0
1779673809.0003827,0,0.3499999940395355,0,0,425,900,423158243,60,77,0.0,0.0,16.826723098754883,28.561870574951172,0,0,0.6000000238418579,0,0,0,0,1,5,0,0,0,8,99,1,0.0,0.0,22.60047149658203,28.40812110900879,1.5,0,76,0.0,0.0,0.0,0,1,0,0,0
1779673809.020517,0,0.3499999940395355,0,0,425,900,423158243,60,77,0.0,0.0,16.826723098754883,28.561870574951172,0,0,0.6000000238418579,0,0,0,0,1,5,0,0,0,8,99,1,0.0,0.0,22.60047149658203,28.40812110900879,1.5,0,75,0.0,0.0,0.0,0,1,0,0,0
1779673809.040214,0,0.3499999940395355,0,0,425,900,423158243,60,77,0.0,0.0,16.826723098754883,28.561870574951172,0,0,0.6000000238418579,0,0,0,0,1,5,0,0,0,8,99,1,0.0,0.0,22.60047149658203,28.40812110900879,1.5,0,74,0.0,0.0,0.0,0,1,0,0,0
1779673809.060528,0,0.3499999940395355,0,0,425,900,423158243,60,77,0.0,0.0,16.826723098754883,28.561870574951172,0,0,0.6000000238418579,0,0,0,0,1,5,0,0,0,8,99,1,0.0,0.0,22.60047149658203,28.40812110900879,1.5,0,74,0.0,0.0,0.0,0,1,0,0,0
1779673809.080308,0,0.3499999940395355,0,0,425,900,423158243,60,77,0.0,0.0,16.826723098754883,28.561870574951172,0,0,0.6000000238418579,0,0,0,0,1,5,0,0,0,8,99,1,0.0,0.0,22.60047149658203,28.40812110900879,1.5,0,73,0.0,0.0,0.0,0,1,0,0,0
1779673809.1004226,0,0.3499999940395355,0,0,425,900,423158243,60,77,0.0,0.0,16.826723098754883,28.561870574951172,0,0,0.6000000238418579,0,0,0,0,1,5,0,0,0,8,99,1,0.0,0.0,22.60047149658203,28.40812110900879,1.5,0,72,0.0,0.0,0.0,0,1,0,0,0
1779673809.1203165,0,0.3499999940395355,0,0,425,900,423158243,60,77,0.0,0.0,16.826723098754883,28.561870574951172,0,0,0.6000000238418579,0,0,0,0,1,5,0,0,0,8,99,1,0.0,0.0,22.60047149658203,28.40812110900879,1.5,0,71,0.0,0.0,0.0,0,1,0,0,0
1779673809.140273,0,0.3499999940395355,0,0,425,900,423158243,60,77,0.0,0.0,16.826723098754883,28.561870574951172,0,0,0.6000000238418579,0,0,0,0,1,5,0,0,0,8,99,1,0.0,0.0,22.60047149658203,28.40812110900879,1.5,0,71,0.0,0.0,0.0,0,1,0,0,0
1779673809.1613653,0,0.3499999940395355,0,0,425,900,423158243,60,77,0.0,0.0,16.826723098754883,28.561870574951172,0,0,0.6000000238418579,0,0,0,0,1,5,0,0,0,8,99,1,0.0,0.0,22.60047149658203,28.40812110900879,1.5,0,70,0.0,0.0,0.0,0,1,0,0,0
1779673809.1806204,0,0.3499999940395355,0,0,425,900,423158243,60,77,0.0,0.0,16.826723098754883,28.561870574951172,0,0,0.6000000238418579,0,0,0,0,1,5,0,0,0,8,99,1,0.0,0.0,22.60047149658203,28.40812110900879,1.5,0,69,0.0,0.0,0.0,0,1,0,0,0
1779673809.2007048,0,0.3499999940395355,0,0,425,900,423158243,60,77,0.0,0.0,16.826723098754883,28.561870574951172,0,0,0.6000000238418579,0,0,0,0,1,5,0,0,0,8,99,1,0.0,0.0,22.60047149658203,28.40812110900879,1.5,0,68,0.0,0.0,0.0,0,1,0,0,0
1779673809.2208884,0,0.3499999940395355,0,0,425,900,423158243,60,77,0.0,0.0,16.826723098754883,28.561870574951172,0,0,0.6000000238418579,0,0,0,0,1,5,0,0,0,8,99,1,0.0,0.0,22.60047149658203,28.40812110900879,1.5,0,68,0.0,0.0,0.0,0,1,0,0,0
1779673809.2404628,0,0.3499999940395355,0,0,425,900,423158243,60,77,0.0,0.0,16.826723098754883,28.561870574951172,0,0,0.6000000238418579,0,0,0,0,1,5,0,0,0,8,99,1,0.0,0.0,22.60047149658203,28.40812110900879,1.5,0,67,0.0,0.0,0.0,0,1,0,0,0
1779673809.2606075,0,0.3499999940395355,0,0,425,900,423158243,60,77,0.0,0.0,16.826723098754883,28.561870574951172,0,0,0.6000000238418579,0,0,0,0,1,5,0,0,0,8,99,1,0.0,0.0,22.60047149658203,28.40812110900879,1.5,0,66,0.0,0.0,0.0,0,1,0,0,0
1779673809.2804856,0,0.3499999940395355,0,0,425,900,423158243,60,77,0.0,0.0,16.826723098754883,28.561870574951172,0,0,0.6000000238418579,0,0,0,0,1,5,0,0,0,8,99,1,0.0,0.0,22.60047149658203,28.40812110900879,1.5,0,65,0.0,0.0,0.0,0,1,0,0,0
1779673809.3005376,0,0.3499999940395355,0,0,425,900,423158243,60,77,0.0,0.0,16.826723098754883,28.561870574951172,0,0,0.6000000238418579,0,0,0,0,1,5,0,0,0,8,99,1,0.0,0.0,22.60047149658203,28.40812110900879,1.5,0,65,0.0,0.0,0.0,0,1,0,0,0
1779673809.320364,0,0.3499999940395355,0,0,425,900,423158243,60,77,0.0,0.0,16.826723098754883,28.561870574951172,0,0,0.6000000238418579,0,0,0,0,1,5,0,0,0,8,99,1,0.0,0.0,22.60047149658203,28.40812110900879,1.5,0,64,0.0,0.0,0.0,0,1,0,0,0
1779673809.340079,0,0.3499999940395355,0,0,425,900,423158243,60,77,0.0,0.0,16.826723098754883,28.561870574951172,0,0,0.6000000238418579,0,0,0,0,1,6,0,0,0,8,99,1,0.0,0.0,22.60047149658203,28.40812110900879,1.5,0,63,0.0,0.0,0.0,0,1,0,0,0
1779673809.3603666,0,0.3499999940395355,0,0,425,900,423158243,60,77,0.0,0.0,16.826723098754883,28.561870574951172,0,0,0.6000000238418579,0,0,0,0,1,6,0,0,0,8,99,1,0.0,0.0,22.60047149658203,28.40812110900879,1.5,0,63,0.0,0.0,0.0,0,1,0,0,0
1779673809.3805425,0,0.3499999940395355,0,0,425,900,423158243,60,77,0.0,0.0,16.826723098754883,28.561870574951172,0,0,0.6000000238418579,0,0,0,0,1,6,0,0,0,8,99,1,0.0,0.0,22.60047149658203,28.40812110900879,1.5,0,63,0.0,0.0,0.0,0,1,0,0,0
1779673809.4002802,0,0.3499999940395355,0,0,425,900,423158243,60,77,0.0,0.0,16.826723098754883,28.561870574951172,0,0,0.6000000238418579,0,0,0,0,1,6,0,0,0,8,99,1,0.0,0.0,22.60047149658203,28.40812110900879,1.5,0,63,0.0,0.0,0.0,0,1,0,0,0
1779673809.4207242,0,0.3499999940395355,0,0,425,900,423158243,60,77,0.0,0.0,16.826723098754883,28.561870574951172,0,0,0.6000000238418579,0,0,0,0,1,6,0,0,0,8,99,1,0.0,0.0,22.60047149658203,28.40812110900879,1.5,0,63,0.0,0.0,0.0,0,1,0,0,0
1779673809.440456,0,0.3499999940395355,0,0,425,900,423158243,60,77,0.0,0.0,16.826723098754883,28.561870574951172,0,0,0.6000000238418579,0,0,0,0,1,6,0,0,0,8,99,1,0.0,0.0,22.60047149658203,28.40812110900879,1.5,0,63,0.0,0.0,0.0,0,1,0,0,0
1779673809.4603658,0,0.3499999940395355,0,0,425,900,423158243,60,77,0.0,0.0,16.826723098754883,28.561870574951172,0,0,0.6000000238418579,0,0,0,0,1,6,0,0,0,8,99,1,0.0,0.0,22.60047149658203,28.40812110900879,1.5,0,63,0.0,0.0,0.0,0,1,0,0,0
1779673809.4803398,0,0.3499999940395355,0,0,425,900,423158243,60,77,0.0,0.0,16.826723098754883,28.561870574951172,0,0,0.6000000238418579,0,0,0,0,1,6,0,0,0,8,99,1,0.0,0.0,22.60047149658203,28.40812110900879,1.5,0,63,0.0,0.0,0.0,0,1,0,0,0
1779673809.500614,0,0.3499999940395355,0,0,425,900,423158243,60,77,0.0,0.0,16.826723098754883,28.561870574951172,0,0,0.6000000238418579,0,0,0,0,1,6,0,0,0,8,99,1,0.0,0.0,22.60047149658203,28.40812110900879,1.5,0,63,0.0,0.0,0.0,0,1,0,0,0
1779673809.5203884,0,0.3499999940395355,0,0,425,900,423158243,60,77,0.0,0.0,16.826723098754883,28.561870574951172,0,0,0.6000000238418579,0,0,0,0,1,6,0,0,0,8,99,1,0.0,0.0,22.60047149658203,28.40812110900879,1.5,0,63,0.0,0.0,0.0,0,1,0,0,0
1779673809.5403025,0,0.3499999940395355,0,0,425,900,423158243,60,77,0.0,0.0,16.826723098754883,28.561870574951172,0,0,0.6000000238418579,0,0,0,0,1,6,0,0,0,8,99,1,0.0,0.0,22.60047149658203,28.40812110900879,1.5,0,63,0.0,0.0,0.0,0,1,0,0,0
1779673809.5605288,0,0.3499999940395355,0,0,425,900,423158243,60,77,0.0,0.0,16.826723098754883,28.561870574951172,0,0,0.6000000238418579,0,0,0,0,1,6,0,0,0,8,99,1,0.0,0.0,22.60047149658203,28.40812110900879,1.5,0,63,0.0,0.0,0.0,0,1,0,0,0
1779673809.5802114,0,0.3499999940395355,0,0,425,900,423158243,60,77,0.0,0.0,16.826723098754883,28.561870574951172,0,0,0.6000000238418579,0,0,0,0,1,6,0,0,0,8,99,1,0.0,0.0,22.60047149658203,28.40812110900879,1.5,0,62,0.0,0.0,0.0,0,1,0,0,0
1779673809.6003404,0,0.3499999940395355,0,0,425,900,423158243,60,77,0.0,0.0,16.826723098754883,28.561870574951172,0,0,0.6000000238418579,0,0,0,0,1,6,0,0,0,8,99,1,0.0,0.0,22.60047149658203,28.40812110900879,1.5,0,61,0.0,0.0,0.0,0,1,0,0,0
1779673809.6203353,0,0.3499999940395355,0,0,425,900,423158243,60,77,0.0,0.0,16.826723098754883,28.561870574951172,0,0,0.6000000238418579,0,0,0,0,1,6,0,0,0,8,99,1,0.0,0.0,22.60047149658203,28.40812110900879,1.5,0,61,0.0,0.0,0.0,0,1,0,0,0
1779673809.640195,0,0.3499999940395355,0,0,425,900,423158243,60,77,0.0,0.0,16.826723098754883,28.561870574951172,0,0,0.6000000238418579,0,0,0,0,1,6,0,0,0,8,99,1,0.0,0.0,22.60047149658203,28.40812110900879,1.5,0,60,0.0,0.0,0.0,0,1,0,0,0
1779673809.660581,0,0.3499999940395355,0,0,425,900,423158243,60,77,0.0,0.0,16.826723098754883,28.561870574951172,0,0,0.6000000238418579,0,0,0,0,1,6,0,0,0,8,99,1,0.0,0.0,22.60047149658203,28.40812110900879,1.5,0,59,0.0,0.0,0.0,0,0,0,0,0
1779673809.6805193,0,0.3499999940395355,0,0,425,900,423158243,60,77,0.0,0.0,16.826723098754883,28.561870574951172,0,0,0.6000000238418579,0,0,0,0,0,6,0,0,0,8,99,1,0.0,0.0,22.60047149658203,28.40812110900879,1.5,0,63,0.0,0.0,0.0,0,0,0,0,0
1779673809.7004437,0,0.3499999940395355,0,0,425,900,423158243,60,77,0.0,0.0,16.826723098754883,28.561870574951172,0,0,0.6000000238418579,0,0,0,0,0,6,0,0,0,8,99,1,0.0,0.0,22.60047149658203,28.40812110900879,1.5,0,63,0.0,0.0,0.0,0,0,0,0,0
1779673809.7203434,0,0.3499999940395355,0,0,425,900,423158243,60,77,0.0,0.0,16.826723098754883,28.561870574951172,0,0,0.6000000238418579,0,0,0,0,0,6,0,0,0,8,99,1,0.0,0.0,22.60047149658203,28.40812110900879,1.5,0,63,0.0,0.0,0.0,0,0,0,0,0
1779673809.7404003,0,0.3499999940395355,0,0,425,900,423158243,60,77,0.0,0.0,16.826723098754883,28.561870574951172,0,0,0.6000000238418579,0,0,0,0,0,6,0,0,0,8,99,1,0.0,0.0,22.60047149658203,28.40812110900879,1.5,0,63,0.0,0.0,0.0,0,0,0,0,0
1779673809.7601225,0,0.3499999940395355,0,0,425,900,423158243,60,77,0.0,0.0,16.826723098754883,28.561870574951172,0,0,0.6000000238418579,0,0,0,0,0,6,0,0,0,8,99,1,0.0,0.0,22.60047149658203,28.40812110900879,1.5,0,63,0.0,1.0,0.0,0,0,0,0,0
1779673809.780221,0,0.3499999940395355,0,0,425,900,423158243,60,77,0.0,0.0,16.826723098754883,28.561870574951172,0,0,0.6000000238418579,0,0,0,0,0,6,0,0,0,8,99,1,0.0,0.0,22.60047149658203,28.40812110900879,1.5,0,63,0.0,1.0,0.0,0,0,0,0,0
1779673809.8003316,0,0.3499999940395355,0,0,425,900,423158243,60,77,0.0,0.0,16.826723098754883,28.561870574951172,0,0,0.6000000238418579,0,0,0,0,0,6,0,0,0,8,99,1,0.0,0.0,22.60047149658203,28.40812110900879,1.5,0,63,-1.0,1.0,0.0,0,0,0,0,0
1779673809.8205328,0,0.3499999940395355,0,0,425,900,423158243,60,77,0.0,0.0,16.826723098754883,28.561870574951172,0,0,0.6000000238418579,0,0,0,0,0,6,0,0,0,8,99,1,0.0,0.0,22.60047149658203,28.40812110900879,1.5,0,63,-1.0,1.0,0.0,0,0,0,0,0
1779673809.8401916,0,0.3499999940395355,0,0,425,900,423158243,60,77,0.0,0.0,16.826723098754883,28.561870574951172,0,0,0.6000000238418579,0,0,0,0,0,6,0,0,0,8,99,1,0.0,0.0,22.60047149658203,28.40812110900879,1.5,0,63,-1.0,1.0,0.0,0,0,0,0,0
1779673809.8604956,0,0.3499999940395355,0,0,425,900,423158243,60,77,0.0,0.0,16.826723098754883,28.561870574951172,0,0,0.6000000238418579,0,0,0,0,0,6,0,0,0,8,99,1,0.0,0.0,22.60047149658203,28.40812110900879,1.5,0,63,-1.0,1.0,0.0,1,0,0,0,0
1779673809.880189,0,0.3499999940395355,0,0,425,900,423158243,60,77,0.0,0.0,16.826723098754883,28.561870574951172,0,0,0.6000000238418579,0,0,0,0,0,6,0,0,0,8,99,1,0.0,0.0,22.60047149658203,28.40812110900879,1.5,0,63,-1.0,1.0,0.0,1,0,0,0,0
1779673809.9006011,0,0.3499999940395355,0,0,425,900,423158243,60,77,0.0,0.0,16.826723098754883,28.561870574951172,0,0,0.6000000238418579,0,0,0,0,0,6,0,0,0,8,99,1,0.0,0.0,22.60047149658203,28.40812110900879,1.5,0,63,-1.0,1.0,0.0,1,0,0,0,0
1779673809.92086,0,0.3499999940395355,0,0,425,900,423158243,60,77,0.0,0.0,16.826723098754883,28.561870574951172,0,0,0.6000000238418579,0,0,0,0,0,6,0,0,0,8,99,1,0.0,0.0,22.60047149658203,28.40812110900879,1.5,0,63,-1.0,1.0,0.0,1,0,0,0,0
1779673809.9403372,0,0.3499999940395355,0,0,425,900,423158243,60,77,0.0,0.0,16.826723098754883,28.561870574951172,1,0,0.6000000238418579,0,0,0,0,0,6,0,0,0,8,99,1,0.0,0.0,22.60047149658203,28.40812110900879,1.5,0,63,-1.0,1.0,0.0,1,0,0,0,0
1779673809.9601822,0,0.3499999940395355,0,0,425,900,423158243,60,77,0.0,0.0,16.826723098754883,28.561870574951172,1,0,0.6000000238418579,0,0,0,0,0,6,0,0,0,8,99,1,-8.300000190734863,0.0,22.516780853271484,28.40812110900879,1.5,0,63,-1.0,1.0,0.0,1,0,0,0,0
1779673809.980038,0,0.3499999940395355,0,0,425,900,423158243,60,77,0.0,0.0,16.826723098754883,28.561870574951172,1,0,0.6000000238418579,0,0,0,0,0,6,0,0,0,8,99,1,-8.300000190734863,0.0,22.350784301757812,28.40812110900879,1.5,0,63,-1.0,1.0,0.0,1,0,0,0,0
1779673810.000157,0,0.3499999940395355,0,0,425,900,423158243,60,77,0.0,0.0,16.826723098754883,28.561870574951172,1,0,0.6000000238418579,0,0,0,0,0,6,0,0,0,8,99,1,-8.300000190734863,0.0,22.18478775024414,28.40812110900879,1.5,0,63,-1.0,1.0,0.0,1,0,0,0,0
1779673810.0202937,0,0.3499999940395355,0,0,425,900,423158243,60,77,0.0,0.0,16.826723098754883,28.561870574951172,1,0,0.6000000238418579,0,0,0,0,0,6,0,0,0,8,99,1,-8.300000190734863,0.0,22.01879119873047,28.40812110900879,1.5,0,63,-1.0,1.0,0.0,1,0,0,0,0
1779673810.040447,0,0.3499999940395355,0,0,425,900,423158243,60,77,0.0,0.0,16.826723098754883,28.561870574951172,1,0,0.6000000238418579,0,0,0,0,0,6,0,0,0,8,99,1,-8.300000190734863,0.0,21.85279083251953,28.40812110900879,1.5,0,63,-1.0,1.0,0.0,1,0,0,0,0
1779673810.0605373,0,0.3499999940395355,0,0,425,900,423158243,60,77,0.0,0.0,16.826723098754883,28.561870574951172,1,0,0.6000000238418579,0,0,0,0,0,6,0,0,0,8,99,1,-8.300000190734863,0.0,21.68679428100586,28.40812110900879,1.5,0,63,-1.0,1.0,0.0,1,0,0,0,0
1779673810.080396,0,0.3499999940395355,0,0,425,900,423158243,60,77,0.0,0.0,16.826723098754883,28.561870574951172,1,0,0.6000000238418579,0,0,0,0,0,6,0,0,0,8,99,1,-8.300000190734863,0.0,21.52079200744629,28.40812110900879,1.5,0,63,-1.0,0.0,0.0,1,0,0,0,0
1779673810.1004643,0,0.3499999940395355,0,0,425,900,423158243,60,77,0.0,0.0,16.826723098754883,28.561870574951172,1,0,0.6000000238418579,0,0,0,0,0,6,0,0,0,8,99,1,-8.300000190734863,0.0,21.35478973388672,28.40812110900879,1.5,0,63,-1.0,0.0,0.0,1,0,0,0,0
1779673810.1206567,0,0.3499999940395355,0,0,425,900,423158243,60,77,0.0,0.0,16.826723098754883,28.561870574951172,1,0,0.6000000238418579,0,0,0,0,0,6,0,0,0,8,99,1,-8.300000190734863,0.0,21.188793182373047,28.40812110900879,1.5,0,63,-1.0,0.0,0.0,1,0,0,0,0
1779673810.1407979,0,0.3499999940395355,0,0,425,900,423158243,60,77,0.0,0.0,16.826723098754883,28.561870574951172,1,0,0.6000000238418579,0,0,0,0,0,6,0,0,0,8,99,1,-8.300000190734863,0.0,21.022876739501953,28.40812110900879,1.5,0,63,-1.0,0.0,0.0,1,0,0,0,0
1779673810.1608903,0,0.3499999940395355,0,0,425,900,423158243,60,77,0.0,0.0,16.826723098754883,28.561870574951172,1,0,0.6000000238418579,0,0,0,0,0,6,0,0,0,8,99,1,-8.300000190734863,0.0,20.85679054260254,28.40812110900879,1.5,0,63,-1.0,0.0,0.0,1,0,0,0,0
1779673810.1807072,0,0.3499999940395355,0,0,425,900,423158243,60,77,0.0,0.0,16.826723098754883,28.561870574951172,1,0,0.6000000238418579,0,0,0,0,0,6,0,0,0,8,99,1,-8.300000190734863,0.0,20.690872192382812,28.40812110900879,1.5,0,63,-1.0,0.0,0.0,1,0,0,0,0
1779673810.2005482,0,0.3499999940395355,0,0,425,900,423158243,60,77,0.0,0.0,16.826723098754883,28.561870574951172,1,0,0.6000000238418579,0,0,0,0,0,6,0,0,0,8,99,1,-8.300000190734863,0.0,20.524871826171875,28.40812110900879,1.5,0,63,-1.0,0.0,0.0,1,0,0,0,0
1779673810.2208123,0,0.3499999940395355,0,0,425,900,423158243,60,77,0.0,0.0,16.826723098754883,28.561870574951172,1,0,0.6000000238418579,0,0,0,0,0,6,0,0,0,8,99,1,-8.300000190734863,0.0,20.358869552612305,28.40812110900879,1.5,0,63,-1.0,0.0,0.0,1,0,0,0,0
1779673810.2404203,0,0.3499999940395355,0,0,425,900,423158243,60,77,0.0,0.0,16.826723098754883,28.561870574951172,1,0,0.6000000238418579,0,0,0,0,0,6,0,0,0,8,99,1,-8.300000190734863,0.0,20.19278335571289,28.40812110900879,1.5,0,63,-1.0,0.0,0.0,1,0,0,0,0
1779673810.2607033,0,0.3499999940395355,0,0,425,900,423158243,60,77,0.0,0.0,16.826723098754883,28.561870574951172,1,0,0.6000000238418579,0,0,0,0,0,6,0,0,0,8,99,1,-8.300000190734863,0.0,20.026784896850586,28.40812110900879,1.5,0,63,-1.0,0.0,0.0,1,0,0,0,0
1779673810.2806854,0,0.3499999940395355,0,0,425,900,423158243,60,77,0.0,0.0,16.826723098754883,28.561870574951172,1,0,0.6000000238418579,0,0,0,0,0,6,0,0,0,8,99,1,-8.300000190734863,0.0,19.86077880859375,28.40812110900879,1.5,0,63,-1.0,0.0,0.0,1,0,0,0,0
1779673810.3003335,0,0.3499999940395355,0,0,425,900,423158243,60,77,0.0,0.0,16.826723098754883,28.561870574951172,1,0,0.6000000238418579,0,0,0,0,0,6,0,0,0,8,99,1,-8.300000190734863,0.0,19.694774627685547,28.40812110900879,1.5,0,63,-1.0,-1.0,0.0,1,0,0,0,0
1779673810.3205698,0,0.3499999940395355,0,0,425,900,423158243,60,77,0.0,0.0,16.826723098754883,28.561870574951172,1,0,0.6000000238418579,0,0,0,0,0,6,0,0,0,8,99,1,-8.300000190734863,0.0,19.528776168823242,28.40812110900879,1.5,0,63,0.0,-1.0,0.0,0,0,0,0,0
1779673810.3404024,0,0.3499999940395355,0,0,425,900,423158243,60,77,0.0,0.0,16.826723098754883,28.561870574951172,1,0,0.6000000238418579,0,0,0,0,0,6,0,0,0,8,99,1,-8.300000190734863,0.0,19.362777709960938,28.40812110900879,1.5,0,63,0.0,-1.0,0.0,0,0,0,0,0
1779673810.3603756,0,0.3499999940395355,0,0,425,900,423158243,7,77,0.0,0.0,16.826723098754883,28.561870574951172,1,0,0.6000000238418579,0,0,0,0,0,6,0,0,0,8,99,1,0.0,0.0,19.28046417236328,28.40812110900879,1.5,0,63,0.0,-1.0,0.0,0,0,0,0,0
1779673810.3801234,0,0.3499999940395355,0,0,425,900,423158243,7,77,0.0,0.0,16.826723098754883,28.561870574951172,1,0,0.6000000238418579,0,0,0,0,0,6,0,0,0,8,99,1,0.0,0.0,19.28046417236328,28.40812110900879,1.5,0,63,0.0,-1.0,0.0,0,0,0,0,0
1779673810.400413,0,0.3499999940395355,0,0,425,900,423158243,7,77,0.0,0.0,16.826723098754883,28.561870574951172,1,0,0.6000000238418579,0,0,0,0,0,6,0,0,0,8,99,1,0.0,0.0,19.28046417236328,28.40812110900879,1.5,0,63,0.0,-1.0,0.0,1,0,0,0,0
1779673810.4205935,0,0.3499999940395355,0,0,425,900,423158243,7,77,0.0,0.0,16.826723098754883,28.561870574951172,1,0,0.6000000238418579,0,0,0,0,0,6,0,0,1,8,99,1,0.0,0.0,19.28046417236328,28.40812110900879,1.5,0,63,0.0,-1.0,0.0,1,0,0,0,0
1779673810.4401915,0,0.3499999940395355,0,0,425,900,423158243,7,77,0.0,0.0,16.826723098754883,28.561870574951172,1,0,0.6000000238418579,0,0,0,0,0,6,0,0,1,8,99,0,0.0,15.70199966430664,19.28046417236328,28.566265106201172,1.5,0,63,0.0,-1.0,0.0,1,0,0,0,0
1779673810.46029,0,0.3499999940395355,0,0,425,900,423158243,7,77,0.0,0.0,16.826723098754883,28.561870574951172,1,0,0.6000000238418579,0,0,0,0,0,6,0,0,1,8,99,0,0.0,15.70199966430664,19.28046417236328,28.880298614501953,1.5,0,63,0.0,0.0,0.0,1,0,0,0,0
1779673810.4801712,0,0.3499999940395355,0,0,425,900,423158243,7,77,0.0,0.0,16.826723098754883,28.561870574951172,1,0,0.6000000238418579,0,0,0,0,0,6,0,0,1,8,99,0,0.0,15.70199966430664,19.28046417236328,29.19432830810547,1.5,0,63,0.0,0.0,0.0,1,0,0,0,0
1779673810.5004041,0,0.3499999940395355,0,0,425,900,423158243,7,77,0.0,0.0,16.826723098754883,28.561870574951172,1,0,0.6000000238418579,0,0,0,0,0,6,0,0,1,8,99,0,0.0,15.70199966430664,19.28046417236328,29.50836181640625,1.5,0,63,0.0,0.0,0.0,1,0,0,0,0
1779673810.520438,0,0.3499999940395355,0,0,425,900,423158243,7,77,0.0,0.0,16.826723098754883,28.561870574951172,1,0,0.6000000238418579,0,0,0,0,0,6,0,0,1,8,99,0,0.0,15.70199966430664,19.28046417236328,29.822402954101562,1.5,0,63,0.0,0.0,0.0,1,0,0,0,0
1779673810.540114,0,0.3499999940395355,0,0,425,900,423158243,7,77,0.0,0.0,16.826723098754883,28.561870574951172,1,0,0.6000000238418579,0,0,0,0,0,6,0,0,1,8,99,0,0.0,15.70199966430664,19.28046417236328,30.136442184448242,1.5,0,63,0.0,0.0,0.0,1,0,0,0,0
1779673810.560318,0,0.3499999940395355,0,0,425,900,423158243,7,77,0.0,0.0,16.826723098754883,28.561870574951172,1,0,0.6000000238418579,0,0,0,0,0,6,0,0,1,8,99,0,0.0,15.70199966430664,19.28046417236328,30.45047378540039,1.5,0,63,0.0,0.0,0.0,1,0,0,0,0
1779673810.580152,0,0.3499999940395355,0,0,425,900,423158243,7,77,0.0,0.0,16.826723098754883,28.561870574951172,1,0,0.6000000238418579,0,0,0,0,0,6,0,0,1,8,99,0,0.0,15.70199966430664,19.28046417236328,30.764507293701172,1.5,0,63,0.0,0.0,0.0,1,0,0,0,0
1779673810.6000996,0,0.3499999940395355,0,0,425,900,423158243,7,77,0.0,0.0,16.826723098754883,28.561870574951172,1,0,0.6000000238418579,0,0,0,0,0,6,0,0,1,8,99,0,0.0,15.70199966430664,19.28046417236328,31.07853889465332,1.5,0,63,0.0,0.0,0.0,1,0,0,0,0
1779673810.6205559,0,0.3499999940395355,0,0,425,900,423158243,7,77,0.0,0.0,16.826723098754883,28.561870574951172,1,0,0.6000000238418579,0,0,0,0,0,6,0,0,1,8,99,0,0.0,15.70199966430664,19.28046417236328,31.39258575439453,1.5,0,63,0.0,0.0,0.0,1,0,0,0,0
1779673810.6401825,0,0.3499999940395355,0,0,425,900,423158243,7,77,0.0,0.0,16.826723098754883,28.561870574951172,1,0,0.6000000238418579,0,0,0,0,0,6,0,0,0,8,99,0,0.0,14.753999710083008,19.28046417236328,31.697078704833984,1.5,0,63,0.0,-1.0,0.0,1,0,0,0,0
1779673810.660726,0,0.3499999940395355,0,0,425,900,423158243,7,77,0.0,0.0,16.826723098754883,28.561870574951172,1,0,0.6000000238418579,0,0,0,0,0,6,0,0,0,8,99,0,0.0,13.805999755859375,19.28046417236328,31.982608795166016,1.5,0,63,0.0,-1.0,0.0,1,0,0,0,0
1779673810.6802437,0,0.3499999940395355,0,0,425,900,423158243,9,77,16.5150089263916,41.0,16.826723098754883,28.561870574951172,1,0,0.6000000238418579,0,0,0,0,0,6,0,0,0,8,99,0,0.0,12.857999801635742,19.28046417236328,32.24917984008789,1.5,0,63,0.0,-1.0,0.0,1,0,0,0,0
1779673810.7003074,0,0.3499999940395355,0,0,425,900,423158243,10,77,16.5150089263916,39.20000076293945,17.15702247619629,29.345870971679688,1,0,0.6000000238418579,0,0,0,0,0,6,0,0,0,8,99,0,0.0,11.90999984741211,19.28046417236328,32.496795654296875,1.5,0,63,0.0,-1.0,0.0,1,0,0,0,0
1779673810.7205887,0,0.3499999940395355,0,0,425,900,423158243,10,77,16.5150089263916,37.400001525878906,17.487321853637695,30.093870162963867,1,0,0.6000000238418579,0,0,0,0,0,6,0,0,0,8,99,0,0.0,10.961999893188477,19.28046417236328,32.725555419921875,1.5,0,63,0.0,-1.0,0.0,1,0,0,0,0
1779673810.7405107,0,0.3499999940395355,0,0,425,900,423158243,10,77,16.5150089263916,35.60000228881836,17.8176212310791,30.805870056152344,1,0,0.6000000238418579,0,0,0,0,0,6,0,0,0,8,99,0,0.0,10.013999938964844,19.28046417236328,32.935142517089844,1.5,0,63,0.0,-1.0,0.0,1,0,0,0,0
1779673810.7602873,0,0.3499999940395355,0,0,425,900,423158243,10,77,16.5150089263916,33.80000305175781,18.147920608520508,31.481870651245117,1,0,0.6000000238418579,0,0,0,0,0,6,0,0,0,8,99,0,0.0,9.065999984741211,19.28046417236328,33.12587356567383,1.5,0,63,0.0,-1.0,0.0,0,0,0,0,0
1779673810.7802644,0,0.3499999940395355,0,0,425,900,423158243,10,77,16.5150089263916,32.000003814697266,18.478219985961914,32.12186813354492,1,0,0.6000000238418579,0,0,0,0,0,6,0,0,0,8,99,0,0.0,0.0,19.28046417236328,33.297645568847656,1.5,0,63,0.0,-1.0,0.0,0,0,0,0,0
1779673811.0905707,0,0.3499999940395355,0,0,425,900,423158243,10,77,16.5150089263916,30.20000457763672,18.80851936340332,32.725868225097656,0,0,0.6000000238418579,0,0,0,0,0,5,1,0,0,8,99,0,0.0,0.0,19.28046417236328,33.363040924072266,1.5,0,63,0.0,0.0,0.0,0,0,0,0,0
1779673811.1108809,0,0.3499999940395355,0,0,425,900,423158243,10,77,16.5150089263916,28.400005340576172,19.138818740844727,33.29386901855469,0,0,0.6000000238418579,0,0,0,0,0,5,1,0,0,8,99,0,0.0,0.0,19.28046417236328,33.35931396484375,1.5,0,63,0.0,0.0,0.0,0,0,0,0,0
1779673811.130141,0,0.3499999940395355,0,0,425,900,423158243,10,77,16.5150089263916,26.600006103515625,19.469118118286133,33.825870513916016,0,0,0.6000000238418579,0,0,0,0,0,5,1,0,0,8,99,0,0.0,0.0,19.28046417236328,33.35931396484375,1.5,0,63,0.0,0.0,0.0,0,0,0,0,0
1779673811.1501806,0,0.3499999940395355,0,0,425,900,423158243,10,77,16.5150089263916,24.800006866455078,19.79941749572754,34.321868896484375,0,0,0.6000000238418579,0,0,0,0,0,5,1,0,0,8,99,0,15.0,7.5,19.431453704833984,33.434810638427734,1.5,0,63,0.0,0.0,0.0,0,0,0,0,0
1779673811.170864,0,0.3499999940395355,0,0,425,900,423158243,10,77,16.5150089263916,23.00000762939453,20.129716873168945,34.78186798095703,0,0,0.6000000238418579,0,0,0,0,0,5,1,0,0,8,99,0,15.0,7.5,19.73145294189453,33.584808349609375,1.5,0,63,0.0,0.0,0.0,0,0,0,0,0
1779673811.1905284,0,0.3499999940395355,0,0,425,900,423158243,10,77,16.5150089263916,21.200008392333984,20.46001625061035,35.205867767333984,0,0,0.6000000238418579,0,0,0,0,0,5,1,0,0,8,99,0,15.0,7.5,20.031448364257812,33.73480987548828,1.5,0,63,0.0,0.0,0.0,0,0,0,0,0
1779673811.2103462,0,0.3499999940395355,0,0,425,900,423158243,10,77,16.5150089263916,19.400009155273438,20.790315628051758,35.593868255615234,0,0,0.6000000238418579,0,0,0,0,0,5,1,0,0,8,99,0,15.0,7.5,20.331296920776367,33.884735107421875,1.5,0,63,0.0,0.0,0.0,0,0,0,0,0
1779673811.2305367,0,0.3499999940395355,0,0,425,900,423158243,10,77,16.5150089263916,17.60000991821289,21.120615005493164,35.94586944580078,0,0,0.6000000238418579,0,0,0,0,0,5,1,0,0,8,99,0,15.0,7.5,20.631446838378906,34.034812927246094,1.5,0,63,0.0,0.0,0.0,0,0,0,0,0
1779673811.250566,0,0.3499999940395355,0,0,425,900,423158243,10,77,16.5150089263916,15.800010681152344,21.45091438293457,36.261871337890625,0,0,0.6000000238418579,0,0,0,0,0,5,1,0,0,8,99,0,15.0,7.5,20.931442260742188,34.184814453125,1.5,0,63,0.0,0.0,0.0,0,0,0,0,0
1779673811.2702668,0,0.3499999940395355,0,0,425,900,423158243,10,77,16.5150089263916,14.000011444091797,21.781213760375977,36.5418701171875,0,0,0.6000000238418579,0,0,0,0,0,5,1,0,0,8,99,0,15.0,7.5,21.231435775756836,34.33481216430664,1.5,0,63,0.0,0.0,0.0,0,0,0,0,0
1779673811.290393,0,0.3499999940395355,0,0,425,900,423158243,10,77,16.5150089263916,12.20001220703125,22.111513137817383,36.78586959838867,0,0,0.6000000238418579,0,0,0,0,0,5,1,0,0,8,99,0,15.0,7.5,21.53143310546875,34.48480987548828,1.5,0,63,0.0,0.0,0.0,0,0,0,0,0
1779673811.3102584,0,0.3499999940395355,0,0,425,900,423158243,10,77,16.5150089263916,10.400012969970703,22.44181251525879,36.99386978149414,0,0,0.6000000238418579,0,0,0,0,0,5,1,0,0,8,99,0,15.0,7.5,21.83142852783203,34.63481140136719,1.5,0,63,0.0,0.0,0.0,0,0,0,0,0
1779673811.3301642,0,0.3499999940395355,0,0,425,900,423158243,10,77,16.5150089263916,8.600013732910156,22.772111892700195,37.165870666503906,0,0,0.6000000238418579,0,0,0,0,0,5,1,0,0,8,99,0,15.0,7.5,22.131427764892578,34.784812927246094,1.5,0,63,0.0,0.0,0.0,0,0,0,0,0
1779673811.3502457,0,0.3499999940395355,0,0,425,900,423158243,10,77,16.5150089263916,6.800014495849609,23.1024112701416,37.30187225341797,1,0,0.6000000238418579,0,0,0,0,0,5,1,0,0,8,99,0,0.0,0.0,22.431419372558594,34.934814453125,1.5,0,63,0.0,0.0,0.0,0,0,0,0,0
1779673811.3701463,0,0.3499999940395355,0,0,425,900,423158243,10,77,16.5150089263916,5.0000152587890625,23.432710647583008,37.40187072753906,1,0,0.6000000238418579,0,0,0,1,0,5,1,0,0,8,99,0,0.0,-0.9479996562004089,22.580455780029297,34.99980163574219,1.5,0,63,0.0,0.0,0.0,0,0,0,0,0
1779673811.390625,0,0.3499999940395355,0,0,425,900,423158243,10,77,16.5150089263916,3.2000160217285156,23.763010025024414,37.46586990356445,1,0,0.6000000238418579,0,0,0,1,0,5,1,0,0,8,99,0,0.0,-1.8959993124008179,22.580455780029297,34.971309661865234,1.5,0,63,0.0,0.0,0.0,0,0,0,0,0
1779673811.4102535,0,0.3499999940395355,0,0,425,900,423158243,10,77,16.5150089263916,1.4000167846679688,24.09330940246582,37.49386978149414,1,0,0.6000000238418579,0,0,0,1,0,5,1,0,0,8,99,0,0.0,-2.843998908996582,22.580455780029297,34.923858642578125,1.5,0,63,0.0,0.0,0.0,0,0,0,0,0
1779673811.4303741,0,0.3499999940395355,0,0,425,900,423158243,10,77,16.5150089263916,-0.3999824523925781,24.423608779907227,37.485870361328125,1,0,0.6000000238418579,0,0,0,1,0,5,1,0,0,8,99,0,0.0,-3.7919986248016357,22.580455780029297,34.85744857788086,1.5,0,63,0.0,0.0,0.0,0,0,0,0,0
1779673811.4501631,0,0.3499999940395355,0,0,425,900,423158243,10,77,16.5150089263916,-2.199981689453125,24.753908157348633,37.441871643066406,1,0,0.6000000238418579,0,0,0,1,0,5,1,0,0,8,99,0,0.0,-4.7399983406066895,22.580455780029297,34.77207946777344,1.5,0,63,0.0,0.0,0.0,0,0,0,0,0
1779673811.4703836,0,0.3499999940395355,0,0,425,900,423158243,10,77,16.5150089263916,-3.999980926513672,25.08420753479004,37.361873626708984,1,0,0.6000000238418579,0,0,0,1,0,5,1,0,0,8,99,0,0.0,-5.687997817993164,22.580455780029297,34.667747497558594,1.5,0,63,0.0,0.0,0.0,0,0,0,0,0
1779673811.4904664,0,0.3499999940395355,0,0,425,900,423158243,10,77,16.5150089263916,-5.799980163574219,25.414506912231445,37.245872497558594,1,0,0.6000000238418579,0,0,0,1,0,5,1,0,0,8,99,0,0.0,-6.635997295379639,22.580455780029297,34.544464111328125,1.5,0,63,0.0,0.0,0.0,0,0,0,0,0
1779673811.510513,0,0.3499999940395355,0,0,425,900,423158243,10,77,16.5150089263916,-7.599979400634766,25.74480628967285,37.0938720703125,1,0,0.6000000238418579,0,0,0,1,0,5,1,0,0,8,99,0,0.0,-7.583996772766113,22.580455780029297,34.402217864990234,1.5,0,63,0.0,0.0,0.0,0,0,0,0,0
1779673811.530182,0,0.3499999940395355,0,0,425,900,423158243,10,77,16.5150089263916,-9.399978637695312,26.075105667114258,36.9058723449707,1,0,0.6000000238418579,0,0,0,1,0,5,1,0,0,8,99,0,0.0,-8.531996726989746,22.580455780029297,34.24101257324219,1.5,0,63,0.0,0.0,0.0,0,0,0,0,0
1779673811.5501819,0,0.3499999940395355,0,0,425,900,423158243,10,77,16.5150089263916,-11.19997787475586,26.405405044555664,36.6818733215332,1,0,0.6000000238418579,0,0,0,1,0,5,1,0,0,8,99,0,0.0,-9.479996681213379,22.580455780029297,34.06085205078125,1.5,0,63,0.0,0.0,0.0,0,0,0,0,0
1779673811.5702171,0,0.3499999940395355,0,0,425,900,423158243,10,77,16.5150089263916,-12.999977111816406,26.73570442199707,36.421875,1,0,0.6000000238418579,0,0,0,1,0,5,1,0,0,8,99,0,0.0,-10.427996635437012,22.580455780029297,33.861717224121094,1.5,0,63,1.0,0.0,0.0,0,0,0,0,0
1779673811.5903475,0,0.3499999940395355,0,0,425,900,423158243,10,77,16.5150089263916,-14.799976348876953,27.066003799438477,36.125877380371094,1,0,0.6000000238418579,0,0,0,1,0,5,1,0,0,8,99,0,0.0,-11.375996589660645,22.580455780029297,33.64363098144531,1.5,0,63,1.0,0.0,0.0,0,0,0,0,0
1779673811.6102965,0,0.3499999940395355,0,0,425,900,423158243,10,77,16.5150089263916,-16.5999755859375,27.396303176879883,35.79387664794922,1,0,0.6000000238418579,0,0,1,1,0,5,1,0,0,8,99,0,8.300000190734863,-12.323996543884277,22.663881301879883,33.406585693359375,1.5,0,63,1.0,0.0,0.0,0,0,0,0,0
1779673811.6301398,0,0.3499999940395355,0,0,425,900,423158243,10,77,16.5150089263916,-18.399974822998047,27.72660255432129,35.42587661743164,1,0,0.6000000238418579,0,0,1,1,0,5,1,0,0,8,99,0,8.300000190734863,-13.27199649810791,22.829879760742188,33.15058135986328,1.5,0,63,1.0,0.0,0.0,0,0,0,0,0
1779673811.6505694,0,0.3499999940395355,0,0,425,900,423158243,10,77,16.5150089263916,-20.199974060058594,28.056901931762695,35.02187728881836,1,0,0.6000000238418579,0,0,1,1,0,5,1,0,0,8,99,0,8.300000190734863,-14.219996452331543,22.995878219604492,32.87561798095703,1.5,0,63,1.0,0.0,0.0,0,0,0,0,0
1779673811.6702738,0,0.3499999940395355,0,0,425,900,423158243,10,77,16.5150089263916,-21.99997329711914,28.3872013092041,34.581878662109375,1,0,0.6000000238418579,0,0,1,1,0,5,1,0,0,8,99,0,8.300000190734863,-15.167996406555176,23.161876678466797,32.581695556640625,1.5,0,63,1.0,0.0,0.0,0,0,0,0,0
1779673811.690365,0,0.3499999940395355,0,0,425,900,423158243,10,77,16.5150089263916,-23.799972534179688,28.717500686645508,34.10588073730469,1,0,0.6000000238418579,0,0,1,1,0,5,1,0,0,8,99,0,8.300000190734863,-16.115995407104492,23.32787322998047,32.26881408691406,1.5,0,63,1.0,0.0,0.0,0,0,0,0,0
1779673811.7105668,0,0.3499999940395355,0,0,425,900,423158243,10,77,16.5150089263916,-25.599971771240234,29.047800064086914,33.59387969970703,1,0,0.6000000238418579,0,0,1,1,0,5,1,0,0,8,99,0,8.300000190734863,-17.063995361328125,23.493873596191406,31.936965942382812,1.5,0,63,1.0,0.0,0.0,0,0,0,0,0
1779673811.7303004,0,0.3499999940395355,0,0,425,900,423158243,10,77,16.5150089263916,-27.39997100830078,29.37809944152832,33.04587936401367,1,0,0.6000000238418579,0,0,1,1,0,5,1,0,0,8,99,0,8.300000190734863,-18.011995315551758,23.659957885742188,31.585979461669922,1.5,0,63,1.0,0.0,0.0,0,0,0,0,0
1779673811.7507308,0,0.3499999940395355,0,0,425,900,423158243,10,77,16.5150089263916,-29.199970245361328,29.708398818969727,32.46187973022461,1,0,0.6000000238418579,0,0,1,1,0,5,1,0,0,8,99,0,8.300000190734863,-18.95999526977539,23.82595443725586,31.216205596923828,1.5,0,63,1.0,0.0,0.0,0,0,0,0,0
1779673811.7703626,0,0.3499999940395355,0,0,425,900,423158243,10,77,16.5150089263916,-30.999969482421875,30.038698196411133,31.841880798339844,1,0,0.6000000238418579,0,0,1,1,0,5,1,0,0,8,99,0,8.300000190734863,-19.907995223999023,23.99187469482422,30.827667236328125,1.5,0,63,1.0,0.0,0.0,0,0,0,0,0
1779673811.7902517,0,0.3499999940395355,0,0,425,900,423158243,10,77,16.5150089263916,-32.79996871948242,30.36899757385254,31.185882568359375,1,0,0.6000000238418579,0,0,1,1,0,5,1,0,0,8,99,0,8.300000190734863,-20.855995178222656,24.15787124633789,30.41999053955078,1.5,0,63,1.0,0.0,0.0,0,0,0,0,0
1779673811.810385,0,0.3499999940395355,0,0,425,900,423158243,10,77,16.5150089263916,-34.59996795654297,30.699296951293945,30.49388313293457,1,0,0.6000000238418579,0,0,1,1,0,5,1,0,0,8,99,0,8.300000190734863,-20.947999954223633,24.323867797851562,30.001949310302734,1.5,0,63,1.0,0.0,0.0,0,0,0,0,0
1779673811.8307786,0,0.3499999940395355,0,0,425,900,423158243,10,77,16.5150089263916,-36.399967193603516,31.02959632873535,29.765884399414062,1,0,0.6000000238418579,0,0,1,1,0,5,1,0,0,8,99,0,8.300000190734863,-20.947999954223633,24.4898681640625,29.58299446105957,1.5,0,63,1.0,0.0,0.0,0,0,0,0,0
1779673811.8502946,0,0.3499999940395355,0,0,425,900,423158243,10,77,16.5150089263916,-38.19996643066406,31.359895706176758,29.00188446044922,1,0,0.6000000238418579,0,0,1,1,0,5,1,0,0,8,99,0,8.300000190734863,-20.947999954223633,24.655948638916016,29.163827896118164,1.5,0,63,1.0,0.0,0.0,0,0,0,0,0
1779673811.870722,0,0.3499999940395355,0,0,425,900,423158243,11,77,0.0,0.0,31.690195083618164,28.56183624267578,1,0,0.6000000238418579,0,0,1,1,0,5,1,0,0,8,99,0,8.300000190734863,-20.947999954223633,24.82194709777832,28.744873046875,1.5,0,63,1.0,0.0,0.0,0,0,0,0,0
1779673811.8909483,0,0.3499999940395355,0,0,425,900,423158243,11,77,0.0,0.0,31.690195083618164,28.56184959411621,1,0,0.6000000238418579,0,0,1,0,0,5,1,0,0,8,99,1,8.300000190734863,0.0,24.987945556640625,28.47197723388672,1.5,0,63,1.0,0.0,0.0,0,0,0,0,0
1779673811.910395,0,0.3499999940395355,0,0,425,900,423158243,11,77,0.0,0.0,31.690195083618164,28.561859130859375,1,0,0.6000000238418579,0,0,1,0,0,5,1,0,0,8,99,1,8.300000190734863,0.0,25.153942108154297,28.408092498779297,1.5,0,63,1.0,0.0,0.0,0,0,0,0,0
1779673811.9301808,0,0.3499999940395355,0,0,425,900,423158243,11,77,0.0,0.0,31.690195083618164,28.561864852905273,1,0,0.6000000238418579,0,0,1,0,0,5,1,0,0,8,99,1,8.300000190734863,0.0,25.319942474365234,28.408103942871094,1.5,0,63,1.0,0.0,0.0,0,0,0,0,0
1779673811.950333,0,0.3499999940395355,0,0,425,900,423158243,11,77,0.0,0.0,31.690195083618164,28.56186866760254,1,0,0.6000000238418579,0,0,1,0,0,5,1,0,0,8,99,1,8.300000190734863,0.0,25.485939025878906,28.408111572265625,1.5,0,63,1.0,0.0,0.0,0,0,0,0,0
1779673811.9703817,0,0.3499999940395355,0,0,425,900,423158243,11,77,0.0,0.0,31.690195083618164,28.561870574951172,1,0,0.6000000238418579,0,0,1,0,0,5,1,0,0,8,99,1,8.300000190734863,0.0,25.651859283447266,28.408117294311523,1.5,0,63,1.0,0.0,0.0,0,0,0,0,0
1779673811.9906497,0,0.3499999940395355,0,0,425,900,423158243,11,77,0.0,0.0,31.690195083618164,28.561870574951172,1,0,0.6000000238418579,0,0,1,0,0,5,1,0,0,8,99,1,8.300000190734863,0.0,25.81793975830078,28.408119201660156,1.5,0,63,1.0,0.0,0.0,0,0,0,0,0
1779673812.0102682,0,0.3499999940395355,0,0,425,900,423158243,11,77,0.0,0.0,31.690195083618164,28.561870574951172,1,0,0.6000000238418579,0,0,1,0,0,5,1,0,0,8,99,1,8.300000190734863,0.0,25.98393440246582,28.40812110900879,1.5,0,63,1.0,0.0,0.0,0,0,0,0,0
1779673812.0302715,0,0.3499999940395355,0,0,425,900,423158243,11,77,0.0,0.0,31.690195083618164,28.561870574951172,1,0,0.6000000238418579,0,0,1,0,0,5,1,0,0,8,99,1,8.300000190734863,0.0,26.14993667602539,28.40812110900879,1.5,0,63,1.0,0.0,0.0,0,0,0,0,0
1779673812.0506513,0,0.3499999940395355,0,0,425,900,423158243,11,77,0.0,0.0,31.690195083618164,28.561870574951172,1,0,0.6000000238418579,0,0,1,0,0,5,1,0,0,8,99,1,8.300000190734863,0.0,26.315933227539062,28.40812110900879,1.5,0,63,1.0,0.0,0.0,0,0,1,0,0
1779673812.0705118,0,0.3499999940395355,1,0,425,900,423158243,11,77,0.0,0.0,31.690195083618164,28.561870574951172,0,0,0.6000000238418579,0,0,1,0,0,5,1,1,0,8,99,1,8.300000190734863,0.0,26.481937408447266,28.40812110900879,1.5,0,63,1.0,0.0,0.0,0,0,1,0,0
1779673812.090513,0,0.3499999940395355,1,0,425,900,423158243,11,77,0.0,0.0,31.690195083618164,28.561870574951172,0,0,0.6000000238418579,0,0,1,0,0,5,1,1,0,8,99,1,8.300000190734863,0.0,26.647937774658203,28.40812110900879,1.5,0,63,1.0,0.0,0.0,0,0,1,0,0
1779673812.1107516,0,0.3499999940395355,1,0,425,900,423158243,69,77,0.0,0.0,31.690195083618164,28.561870574951172,0,0,0.6000000238418579,0,0,1,0,0,5,1,1,0,8,99,1,8.300000190734863,0.0,26.813934326171875,28.40812110900879,1.5,0,63,1.0,0.0,0.0,0,0,1,0,0
1779673812.1301124,0,0.3499999940395355,1,0,425,900,423158243,69,77,0.0,0.0,31.690195083618164,28.561870574951172,0,0,0.6000000238418579,0,0,1,0,0,5,1,1,0,8,99,1,8.300000190734863,0.0,26.979936599731445,28.40812110900879,1.5,0,63,1.0,0.0,0.0,0,0,1,0,0
1779673812.153005,0,0.3499999940395355,1,0,425,900,423158243,69,77,0.0,0.0,31.690195083618164,28.561870574951172,0,0,0.6000000238418579,0,0,1,0,0,5,1,1,0,8,99,1,8.300000190734863,0.0,27.145931243896484,28.40812110900879,1.5,0,63,1.0,0.0,0.0,0,0,1,0,0
1779673812.172981,0,0.3499999940395355,1,0,425,900,423158243,69,77,0.0,0.0,31.690195083618164,28.561870574951172,0,0,0.6000000238418579,0,0,1,0,0,5,1,1,0,8,99,1,8.300000190734863,0.0,27.311935424804688,28.40812110900879,1.5,0,63,1.0,0.0,0.0,0,0,1,0,0
1779673812.1915648,0,0.3499999940395355,1,0,425,900,423158243,69,77,0.0,0.0,31.690195083618164,28.561870574951172,1,0,0.6000000238418579,0,0,1,0,0,5,1,1,0,8,99,1,8.300000190734863,0.0,27.477853775024414,28.40812110900879,1.5,0,63,1.0,0.0,0.0,0,0,0,0,0
1779673812.2107413,0,0.3499999940395355,1,0,425,900,423158243,69,77,0.0,0.0,31.690195083618164,28.561870574951172,1,0,0.6000000238418579,0,0,1,0,0,5,1,1,0,8,99,1,8.300000190734863,0.0,27.64385223388672,28.40812110900879,1.5,0,63,1.0,0.0,0.0,0,0,0,0,0
1779673812.2302957,0,0.3499999940395355,1,0,425,900,423158243,69,77,0.0,0.0,31.690195083618164,28.561870574951172,1,0,0.6000000238418579,0,0,1,0,0,5,1,1,0,8,99,1,8.300000190734863,0.0,27.809852600097656,28.40812110900879,1.5,0,63,1.0,0.0,0.0,0,0,0,0,0
1779673812.250251,0,0.3499999940395355,1,0,425,900,423158243,69,77,0.0,0.0,31.690195083618164,28.561870574951172,1,0,0.6000000238418579,0,0,1,0,0,5,1,1,0,8,99,1,8.300000190734863,0.0,27.975934982299805,28.40812110900879,1.5,0,63,1.0,0.0,0.0,0,0,0,0,0
1779673812.270824,0,0.3499999940395355,1,0,425,900,423158243,69,77,0.0,0.0,31.690195083618164,28.561870574951172,1,0,0.6000000238418579,0,0,1,0,0,5,1,1,0,8,99,1,8.300000190734863,0.0,28.141939163208008,28.40812110900879,1.5,0,63,1.0,0.0,0.0,0,0,0,0,0
1779673812.2907746,0,0.3499999940395355,1,0,425,900,423158243,69,77,0.0,0.0,31.690195083618164,28.561870574951172,1,0,0.6000000238418579,0,0,1,0,0,5,1,1,0,8,99,1,8.300000190734863,0.0,28.307939529418945,28.40812110900879,1.5,0,63,1.0,0.0,0.0,0,0,0,0,0
1779673812.310431,0,0.3499999940395355,1,0,425,900,423158243,69,77,0.0,0.0,31.690195083618164,28.561870574951172,1,0,0.6000000238418579,0,0,1,0,0,5,1,1,0,8,99,1,8.300000190734863,0.0,28.47393798828125,28.40812110900879,1.5,0,63,1.0,0.0,0.0,0,0,0,0,0
1779673812.330092,0,0.3499999940395355,1,0,425,900,423158243,69,77,0.0,0.0,31.690195083618164,28.561870574951172,1,0,0.6000000238418579,0,0,1,0,0,5,1,1,0,8,99,1,8.300000190734863,0.0,28.63985824584961,28.40812110900879,1.5,0,63,1.0,0.0,0.0,0,0,0,0,0
1779673812.350181,0,0.3499999940395355,1,0,425,900,423158243,69,77,0.0,0.0,31.690195083618164,28.561870574951172,1,0,0.6000000238418579,0,0,1,0,0,5,1,1,0,8,99,1,8.300000190734863,0.0,28.80585289001465,28.40812110900879,1.5,0,63,1.0,0.0,0.0,0,0,0,0,0
1779673812.3703148,0,0.3499999940395355,1,0,425,900,423158243,51,77,0.0,0.0,31.690195083618164,28.561870574951172,1,0,0.6000000238418579,0,0,1,0,0,5,1,1,0,8,99,1,8.300000190734863,0.0,28.971853256225586,28.40812110900879,1.5,0,63,1.0,0.0,0.0,0,0,0,0,0
1779673812.3907936,0,0.3499999940395355,1,0,425,900,423158243,51,77,0.0,0.0,31.690195083618164,28.561870574951172,1,0,0.6000000238418579,0,0,1,0,0,5,1,1,0,8,99,1,8.300000190734863,0.0,29.137935638427734,28.40812110900879,1.5,0,63,1.0,0.0,0.0,0,0,0,0,0
1779673812.4106593,0,0.3499999940395355,1,0,425,900,423158243,51,77,0.0,0.0,31.690195083618164,28.561870574951172,1,0,0.6000000238418579,0,0,1,0,0,5,0,1,0,8,99,1,8.300000190734863,0.0,29.303936004638672,28.40812110900879,1.5,0,63,1.0,0.0,0.0,0,0,0,0,0
1779673812.4301836,0,0.3499999940395355,0,0,425,900,423158243,51,77,0.0,0.0,31.690195083618164,28.561870574951172,1,0,0.6000000238418579,0,0,1,0,0,5,0,0,0,8,99,1,8.300000190734863,0.0,29.469940185546875,28.40812110900879,1.5,0,63,1.0,0.0,0.0,0,0,0,0,0
1779673812.4503005,0,0.3499999940395355,0,0,425,900,423158243,51,77,0.0,0.0,31.690195083618164,28.561870574951172,1,0,0.6000000238418579,0,0,1,0,0,5,0,0,0,8,99,1,8.300000190734863,0.0,29.635936737060547,28.40812110900879,1.5,0,63,1.0,0.0,0.0,0,0,1,0,0
1779673812.4705338,0,0.3499999940395355,0,0,425,900,423158243,51,77,0.0,0.0,31.690195083618164,28.561870574951172,1,0,0.6000000238418579,0,0,1,0,0,5,0,0,0,8,99,1,8.300000190734863,0.0,29.80193328857422,28.40812110900879,1.5,0,63,1.0,0.0,0.0,0,0,1,0,0
1779673812.4903772,0,0.3499999940395355,1,0,425,900,423158243,51,77,0.0,0.0,31.690195083618164,28.561870574951172,0,0,0.6000000238418579,0,0,1,0,0,5,0,1,0,8,99,1,8.300000190734863,0.0,29.96792984008789,28.40812110900879,1.5,0,63,1.0,0.0,0.0,0,0,1,0,0
1779673812.510194,0,0.3499999940395355,1,0,425,900,423158243,51,77,0.0,0.0,31.690195083618164,28.561870574951172,0,0,0.6000000238418579,0,0,1,0,0,5,0,1,0,8,99,1,8.300000190734863,0.0,30.133928298950195,28.40812110900879,1.5,0,63,0.0,0.0,0.0,0,0,1,0,0
1779673812.5303347,0,0.3499999940395355,1,0,404,900,423158243,51,77,0.0,0.0,31.690195083618164,28.561870574951172,0,0,0.6000000238418579,0,0,1,0,0,5,0,1,0,8,99,1,-3.75,0.0,30.299846649169922,28.40812110900879,1.5,0,74,0.0,0.0,0.0,0,0,0,0,0
1779673812.5500467,0,0.3499999940395355,1,0,404,900,423158243,51,77,0.0,0.0,31.990192413330078,28.561870574951172,0,0,0.6000000238418579,0,0,1,0,0,5,0,1,0,8,99,1,-3.75,0.0,30.344768524169922,28.40812110900879,1.5,0,74,0.0,0.0,0.0,0,0,0,0,0
1779673812.570264,0,0.3499999940395355,1,0,404,900,423158243,51,77,0.0,0.0,32.290191650390625,28.561870574951172,0,0,0.6000000238418579,0,0,1,0,0,5,0,1,0,8,99,1,-3.75,0.0,30.269804000854492,28.40812110900879,1.5,0,74,0.0,0.0,0.0,0,0,0,0,0
1779673812.5903637,0,0.3499999940395355,1,0,404,900,423158243,51,77,0.0,0.0,32.59019088745117,28.561870574951172,1,0,0.6000000238418579,0,0,1,0,0,5,0,1,0,8,99,1,-3.75,0.0,30.194805145263672,28.40812110900879,1.5,0,74,0.0,0.0,0.0,0,0,0,0,0
1779673812.6104364,0,0.3499999940395355,1,0,404,900,423158243,51,77,0.0,0.0,32.89019012451172,28.561870574951172,1,0,0.6000000238418579,0,0,1,0,0,5,0,1,0,8,99,1,-3.75,0.0,30.11980628967285,28.40812110900879,1.5,0,74,0.0,0.0,0.0,0,0,0,0,0
1779673812.6302865,0,0.3499999940395355,1,0,404,900,423158243,52,77,22.0,0.0,33.190189361572266,28.561870574951172,1,0,0.6000000238418579,0,0,1,0,0,5,0,1,0,8,99,1,-3.75,0.0,30.0448055267334,28.40812110900879,1.5,0,74,0.0,0.0,0.0,0,0,0,0,0
1779673812.6505134,0,0.3499999940395355,1,0,404,900,423158243,52,77,22.0,0.0,33.9301872253418,28.561870574951172,1,0,0.6000000238418579,0,0,1,0,0,5,0,1,0,8,99,1,-3.75,0.0,29.969768524169922,28.40812110900879,1.5,0,74,0.0,0.0,0.0,0,0,0,0,0
1779673812.6703298,0,0.3499999940395355,1,0,404,900,423158243,52,77,22.0,0.0,34.67018508911133,28.561870574951172,1,0,0.6000000238418579,0,0,1,0,0,5,0,1,0,8,99,1,-3.75,0.0,29.894804000854492,28.40812110900879,1.5,0,74,0.0,0.0,0.0,0,0,0,0,0
1779673812.6901958,0,0.3499999940395355,1,0,404,900,423158243,52,77,22.0,0.0,35.41018295288086,28.561870574951172,1,0,0.6000000238418579,0,0,1,0,0,5,0,1,0,8,99,1,-3.75,0.0,29.819766998291016,28.40812110900879,1.5,0,74,0.0,0.0,0.0,0,0,0,0,0
1779673812.7107642,0,0.3499999940395355,1,0,404,900,423158243,52,77,22.0,0.0,35.850181579589844,28.561870574951172,1,0,0.6000000238418579,0,0,1,0,0,5,0,1,0,8,99,1,-3.75,0.0,29.744802474975586,28.40812110900879,1.5,0,74,1.0,0.0,0.0,0,0,0,0,0
1779673812.7304716,0,0.3499999940395355,1,0,404,900,423158243,52,77,22.0,0.0,36.29018020629883,28.561870574951172,1,0,0.6000000238418579,0,0,1,0,0,5,0,1,0,8,99,1,0.0,0.0,29.70746612548828,28.40812110900879,1.5,0,74,1.0,0.0,0.0,0,0,0,0,0
1779673812.7503185,0,0.3499999940395355,1,0,404,900,423158243,52,77,22.0,0.0,36.73017883300781,28.561870574951172,1,0,0.6000000238418579,0,0,1,0,0,5,0,1,0,8,99,1,0.0,0.0,29.70746612548828,28.40812110900879,1.5,0,74,1.0,0.0,0.0,0,0,0,0,0
1779673812.7703004,0,0.3499999940395355,1,0,404,900,423158243,52,77,22.0,0.0,37.1701774597168,28.561870574951172,1,0,0.6000000238418579,0,0,1,0,0,5,0,1,0,8,99,1,8.300000190734863,0.0,29.790912628173828,28.40812110900879,1.5,0,74,1.0,0.0,0.0,0,0,0,0,0
1779673812.7903564,0,0.3499999940395355,1,0,404,900,423158243,56,77,0.0,0.0,37.41763687133789,28.561874389648438,1,0,0.6000000238418579,0,0,1,0,0,5,0,1,0,8,99,1,8.300000190734863,0.0,29.956912994384766,28.40812110900879,1.5,0,74,1.0,0.0,0.0,0,0,0,0,0
1779673812.8103862,0,0.3499999940395355,1,0,404,900,423158243,56,77,0.0,0.0,37.41762161254883,28.561874389648438,1,0,0.6000000238418579,0,0,1,0,0,5,0,1,0,8,99,1,8.300000190734863,0.0,30.12282943725586,28.40812110900879,1.5,0,74,1.0,0.0,0.0,0,0,0,0,0
1779673812.8305688,0,0.3499999940395355,0,0,404,900,423158243,56,77,0.0,0.0,37.4176139831543,28.561874389648438,1,0,0.6000000238418579,0,0,1,0,0,5,0,0,0,8,99,1,8.300000190734863,0.0,30.28891372680664,28.40812110900879,1.5,0,74,1.0,0.0,0.0,0,0,0,0,0
1779673812.8501704,0,0.3499999940395355,0,0,404,900,423158243,56,77,0.0,0.0,37.417606353759766,28.561874389648438,1,0,0.6000000238418579,0,0,1,0,0,5,0,0,0,8,99,1,8.300000190734863,0.0,30.454917907714844,28.40812110900879,1.5,0,74,1.0,0.0,0.0,0,0,0,0,0
1779673812.880464,0,0.3499999940395355,0,0,404,900,423158243,56,77,0.0,0.0,37.417606353759766,28.561874389648438,1,0,0.6000000238418579,0,0,1,0,0,5,0,0,0,8,99,1,8.300000190734863,0.0,30.620834350585938,28.40812110900879,1.5,0,74,1.0,0.0,0.0,0,0,0,0,0
1779673812.8990545,0,0.3499999940395355,0,0,404,900,423158243,56,77,0.0,0.0,37.417606353759766,28.561874389648438,1,0,0.6000000238418579,0,0,1,0,0,5,0,0,0,8,99,1,8.300000190734863,0.0,30.786941528320312,28.40812110900879,1.5,0,74,1.0,0.0,0.0,0,0,1,0,0
1779673812.9177628,0,0.3499999940395355,0,0,404,900,423158243,56,77,0.0,0.0,37.417606353759766,28.561874389648438,1,0,0.6000000238418579,0,0,1,0,0,5,0,0,0,8,99,1,8.300000190734863,0.0,30.952943801879883,28.40812110900879,1.5,0,74,1.0,0.0,0.0,0,0,1,0,0
1779673812.9362605,0,0.3499999940395355,1,0,404,900,423158243,56,77,0.0,0.0,37.417606353759766,28.561874389648438,0,0,0.6000000238418579,0,0,1,0,0,5,0,1,0,8,99,1,8.300000190734863,0.0,31.118946075439453,28.40812110900879,1.5,0,74,1.0,0.0,0.0,0,0,1,0,0
1779673812.954787,0,0.3499999940395355,1,0,404,900,423158243,56,77,0.0,0.0,37.417606353759766,28.561874389648438,0,0,0.6000000238418579,0,0,1,0,0,5,0,1,0,8,99,1,8.300000190734863,0.0,31.284942626953125,28.40812110900879,1.5,0,74,1.0,0.0,0.0,0,0,1,0,0
1779673812.973157,0,0.3499999940395355,1,0,404,900,423158243,56,77,0.0,0.0,37.417606353759766,28.561874389648438,0,0,0.6000000238418579,0,0,1,0,0,5,0,1,0,8,99,1,8.300000190734863,0.0,31.450942993164062,28.40812110900879,1.5,0,74,1.0,0.0,0.0,0,0,1,0,0
1779673812.9915898,0,0.3499999940395355,1,0,404,900,423158243,56,77,0.0,0.0,37.417606353759766,28.561874389648438,0,0,0.6000000238418579,0,0,1,0,0,5,0,1,0,8,99,1,8.300000190734863,0.0,31.616939544677734,28.40812110900879,1.5,0,74,1.0,0.0,0.0,0,0,1,0,0
1779673813.0101774,0,0.3499999940395355,1,0,404,900,423158243,56,77,0.0,0.0,37.417606353759766,28.561874389648438,0,0,0.6000000238418579,0,0,1,0,0,5,0,1,0,8,99,1,8.300000190734863,0.0,31.78285789489746,28.40812110900879,1.5,0,74,1.0,0.0,0.0,0,0,1,0,0
1779673813.0303876,0,0.3499999940395355,1,0,404,900,423158243,69,77,0.0,0.0,37.417606353759766,28.561874389648438,1,0,0.6000000238418579,0,0,1,0,0,5,0,1,0,8,99,1,8.300000190734863,0.0,31.9488525390625,28.40812110900879,1.5,0,74,1.0,0.0,0.0,0,0,1,0,0
1779673813.0502727,0,0.3499999940395355,1,0,404,900,423158243,69,77,0.0,0.0,37.417606353759766,28.561874389648438,1,0,0.6000000238418579,0,0,1,0,0,5,0,1,0,8,99,1,8.300000190734863,0.0,32.11484909057617,28.40812110900879,1.5,0,74,1.0,0.0,0.0,0,0,1,0,0
1779673813.0703244,0,0.3499999940395355,1,0,404,900,423158243,69,77,0.0,0.0,37.417606353759766,28.561874389648438,1,0,0.6000000238418579,0,0,1,0,0,5,0,1,0,8,99,1,8.300000190734863,0.0,32.28093338012695,28.40812110900879,1.5,0,74,1.0,0.0,0.0,0,0,0,0,0
1779673813.0904403,0,0.3499999940395355,1,0,404,900,423158243,69,77,0.0,0.0,37.417606353759766,28.561874389648438,1,0,0.6000000238418579,0,0,1,0,0,5,0,1,0,8,99,1,8.300000190734863,0.0,32.44685363769531,28.40812110900879,1.5,0,74,1.0,0.0,0.0,0,0,0,0,0
1779673813.1106622,0,0.3499999940395355,1,0,404,900,423158243,69,77,0.0,0.0,37.417606353759766,28.561874389648438,1,0,0.6000000238418579,0,0,1,0,0,5,0,1,0,8,99,1,8.300000190734863,0.0,32.612850189208984,28.40812110900879,1.5,0,74,1.0,0.0,0.0,0,0,0,0,0
1779673813.130244,0,0.3499999940395355,1,0,404,900,423158243,69,77,0.0,0.0,37.417606353759766,28.561874389648438,1,0,0.6000000238418579,0,0,1,0,0,5,0,1,0,8,99,1,8.300000190734863,0.0,32.77885437011719,28.40812110900879,1.5,0,74,1.0,0.0,0.0,0,0,0,0,0
1779673813.1500902,0,0.3499999940395355,1,0,404,900,423158243,69,77,0.0,0.0,37.417606353759766,28.561874389648438,1,0,0.6000000238418579,0,0,1,0,0,5,0,1,0,8,99,1,8.300000190734863,0.0,32.944847106933594,28.40812110900879,1.5,0,74,1.0,0.0,0.0,0,0,0,0,0
1779673813.1710103,0,0.3499999940395355,1,0,404,900,423158243,69,77,0.0,0.0,37.417606353759766,28.561874389648438,1,0,0.6000000238418579,0,0,1,0,0,5,0,1,0,8,99,1,8.300000190734863,0.0,33.1109504699707,28.40812110900879,1.5,0,74,1.0,0.0,0.0,0,0,0,0,0
1779673813.190417,0,0.3499999940395355,1,0,404,900,423158243,69,77,0.0,0.0,37.417606353759766,28.561874389648438,1,0,0.6000000238418579,0,0,1,0,0,5,0,1,0,8,99,1,8.300000190734863,0.0,33.27687072753906,28.40812110900879,1.5,0,74,1.0,0.0,0.0,0,0,0,0,0
1779673813.210251,0,0.3499999940395355,1,0,404,900,423158243,69,77,0.0,0.0,37.417606353759766,28.561874389648438,1,0,0.6000000238418579,0,0,1,0,0,5,0,1,0,8,99,1,8.300000190734863,0.0,33.442867279052734,28.40812110900879,1.5,0,74,1.0,0.0,0.0,0,0,0,0,0
1779673813.2302234,0,0.3499999940395355,1,0,404,900,423158243,69,77,0.0,0.0,37.417606353759766,28.561874389648438,1,0,0.6000000238418579,0,0,1,0,0,5,0,1,0,8,99,1,8.300000190734863,0.0,33.60886764526367,28.40812110900879,1.5,0,74,1.0,0.0,0.0,0,0,0,0,0
1779673813.250335,0,0.3499999940395355,1,0,404,900,423158243,69,77,0.0,0.0,37.417606353759766,28.561874389648438,1,0,0.6000000238418579,0,0,1,0,0,5,0,1,0,8,99,1,8.300000190734863,0.0,33.774864196777344,28.40812110900879,1.5,0,74,1.0,0.0,0.0,0,0,0,0,0
1779673813.270246,0,0.3499999940395355,1,0,404,900,423158243,69,77,0.0,0.0,37.417606353759766,28.561874389648438,1,0,0.6000000238418579,0,0,1,0,0,5,0,1,0,8,99,1,8.300000190734863,0.0,33.94086456298828,28.40812110900879,1.5,0,74,1.0,0.0,0.0,0,0,0,0,0
1779673813.2906342,0,0.3499999940395355,0,0,404,900,423158243,7,77,0.0,0.0,37.417606353759766,28.561874389648438,1,0,0.6000000238418579,0,0,1,0,0,5,0,0,0,8,99,1,8.300000190734863,0.0,34.10694885253906,28.40812110900879,1.5,0,74,1.0,0.0,0.0,0,0,1,0,0
1779673813.3103669,0,0.3499999940395355,0,0,404,900,423158243,7,77,0.0,0.0,37.417606353759766,28.561874389648438,1,0,0.6000000238418579,0,0,1,0,0,5,0,0,0,8,99,1,8.300000190734863,0.0,34.27294921875,28.40812110900879,1.5,0,74,1.0,0.0,0.0,0,0,1,0,0
1779673813.3302052,0,0.3499999940395355,0,0,404,900,423158243,7,77,0.0,0.0,37.417606353759766,28.561874389648438,1,0,0.6000000238418579,0,0,1,0,0,5,0,0,0,8,99,1,8.300000190734863,0.0,34.43894958496094,28.40812110900879,1.5,0,74,1.0,0.0,0.0,0,0,1,0,0
1779673813.350624,0,0.3499999940395355,1,0,404,900,423158243,7,77,0.0,0.0,37.417606353759766,28.561874389648438,0,0,0.6000000238418579,0,0,1,0,0,5,0,1,0,8,99,1,8.300000190734863,0.0,34.60494613647461,28.40812110900879,1.5,0,74,0.0,0.0,0.0,0,0,1,0,0
1779673813.3702614,0,0.3499999940395355,1,0,404,900,423158243,7,77,0.0,0.0,37.417606353759766,28.561874389648438,0,0,0.6000000238418579,0,0,1,0,0,5,0,1,0,8,99,1,0.0,0.0,34.687477111816406,28.40812110900879,1.5,0,74,0.0,0.0,0.0,0,0,1,0,0
1779673813.3906107,0,0.3499999940395355,1,0,383,900,423158243,7,77,0.0,0.0,37.417606353759766,28.561874389648438,0,0,0.6000000238418579,0,0,1,0,0,5,0,1,0,8,99,1,-3.75,0.0,34.687477111816406,28.40812110900879,1.5,0,85,0.0,0.0,0.0,0,0,0,0,0
1779673813.4102566,0,0.3499999940395355,1,0,383,900,423158243,7,77,0.0,0.0,37.423744201660156,28.561874389648438,0,0,0.6000000238418579,0,0,1,0,0,5,0,1,0,8,99,1,-3.75,0.0,34.64976501464844,28.40812110900879,1.5,0,85,0.0,0.0,0.0,0,0,0,0,0
1779673813.43067,0,0.3499999940395355,1,0,383,900,423158243,7,77,0.0,0.0,37.421531677246094,28.561874389648438,0,0,0.6000000238418579,0,0,1,0,0,5,0,1,0,8,99,1,-3.75,0.0,34.57480239868164,28.40812110900879,1.5,0,85,0.0,0.0,0.0,0,0,0,0,0
1779673813.450019,0,0.3499999940395355,1,0,383,900,423158243,7,77,0.0,0.0,37.42011642456055,28.561874389648438,1,0,0.6000000238418579,0,0,1,0,0,5,0,1,0,8,99,1,-3.75,0.0,34.4997673034668,28.40812110900879,1.5,0,85,0.0,0.0,0.0,0,0,0,0,0
1779673813.469989,0,0.3499999940395355,1,0,383,900,423158243,7,77,0.0,0.0,37.41920852661133,28.561874389648438,1,0,0.6000000238418579,0,0,1,0,0,5,0,1,0,8,99,1,-3.75,0.0,34.424766540527344,28.40812110900879,1.5,0,85,0.0,0.0,0.0,0,0,0,0,0
1779673813.490306,0,0.3499999940395355,1,0,383,900,423158243,7,77,0.0,0.0,37.41862869262695,28.561874389648438,1,0,0.6000000238418579,0,0,1,0,0,5,0,1,0,8,99,1,-3.75,0.0,34.349769592285156,28.40812110900879,1.5,0,85,0.0,0.0,0.0,0,0,0,0,0
1779673813.5103717,0,0.3499999940395355,1,0,383,900,423158243,7,77,0.0,0.0,37.41825866699219,28.561874389648438,1,0,0.6000000238418579,0,0,1,0,0,5,0,1,0,8,99,1,-3.75,0.0,34.274803161621094,28.40812110900879,1.5,0,85,0.0,0.0,0.0,0,0,0,0,0
1779673813.5308435,0,0.3499999940395355,1,0,383,900,423158243,7,77,0.0,0.0,37.41801834106445,28.561874389648438,1,0,0.6000000238418579,0,0,1,0,0,5,0,1,0,8,99,1,-3.75,0.0,34.199806213378906,28.40812110900879,1.5,0,85,0.0,0.0,0.0,0,0,0,0,0
1779673813.5501165,0,0.3499999940395355,1,0,383,900,423158243,7,77,0.0,0.0,37.41786575317383,28.561874389648438,1,0,0.6000000238418579,0,0,1,0,0,5,0,1,0,8,99,1,-3.75,0.0,34.1247673034668,28.40812110900879,1.5,0,85,0.0,0.0,0.0,0,0,0,0,0
1779673813.5701673,0,0.3499999940395355,1,0,383,900,423158243,7,77,0.0,0.0,37.41777038574219,28.561874389648438,1,0,0.6000000238418579,0,0,1,0,0,5,0,1,0,8,99,1,-3.75,0.0,34.049766540527344,28.40812110900879,1.5,0,85,0.0,0.0,0.0,0,0,0,0,0
1779673813.590569,0,0.3499999940395355,1,0,383,900,423158243,7,77,0.0,0.0,37.41770935058594,28.561874389648438,1,0,0.6000000238418579,0,0,1,0,0,5,0,1,0,8,99,1,0.0,0.0,34.01247024536133,28.40812110900879,1.5,0,85,0.0,0.0,0.0,0,0,0,0,0
1779673813.6102405,0,0.3499999940395355,1,0,383,900,423158243,7,77,0.0,0.0,37.417667388916016,28.561874389648438,1,0,0.6000000238418579,0,0,1,0,0,5,0,1,0,8,99,1,0.0,0.0,34.01247024536133,28.40812110900879,1.5,0,85,0.0,0.0,0.0,0,0,0,0,0
1779673813.630296,0,0.3499999940395355,1,0,383,900,423158243,10,77,-15.101264953613281,41.0,37.417640686035156,28.561874389648438,1,0,0.6000000238418579,0,0,1,0,0,5,0,1,0,8,99,1,0.0,0.0,34.01247024536133,28.40812110900879,1.5,0,85,0.0,0.0,0.0,0,0,0,0,0
1779673813.6503072,0,0.3499999940395355,1,0,383,900,423158243,10,77,-15.101264953613281,39.20000076293945,37.11561584472656,29.345874786376953,1,0,0.6000000238418579,0,0,1,0,0,5,0,1,0,8,99,1,0.0,0.0,34.01247024536133,28.40812110900879,1.5,0,85,0.0,0.0,0.0,0,0,0,0,0
1779673813.6701016,0,0.3499999940395355,1,0,383,900,423158243,10,77,-15.101264953613281,37.400001525878906,36.81359100341797,30.093873977661133,1,0,0.6000000238418579,0,0,1,0,0,5,0,1,0,8,99,1,0.0,0.0,34.01247024536133,28.40812110900879,1.5,0,85,0.0,0.0,0.0,0,0,0,0,0
1779673813.690416,0,0.3499999940395355,0,0,383,900,423158243,10,77,-15.101264953613281,35.60000228881836,36.511566162109375,30.80587387084961,1,0,0.6000000238418579,0,0,1,0,0,5,0,0,0,8,99,1,0.0,0.0,34.01247024536133,28.40812110900879,1.5,0,85,0.0,0.0,0.0,0,0,0,0,0
1779673813.71046,0,0.3499999940395355,0,0,383,900,423158243,10,77,-15.101264953613281,33.80000305175781,36.20954132080078,31.481874465942383,1,0,0.6000000238418579,0,0,1,0,0,5,0,0,0,8,99,1,0.0,0.0,34.01247024536133,28.40812110900879,1.5,0,85,0.0,0.0,0.0,0,0,0,0,0
1779673813.7302105,0,0.3499999940395355,0,0,383,900,423158243,10,77,-15.101264953613281,32.000003814697266,35.90751647949219,32.12187194824219,1,0,0.6000000238418579,0,0,1,0,0,5,0,0,0,8,99,1,0.0,0.0,34.01247024536133,28.40812110900879,1.5,0,85,0.0,0.0,0.0,0,0,0,0,0
1779673813.7508125,0,0.3499999940395355,0,0,383,900,423158243,10,77,-15.101264953613281,30.20000457763672,35.605491638183594,32.72587203979492,1,0,0.6000000238418579,0,0,1,0,0,5,0,0,0,8,99,1,0.0,0.0,34.01247024536133,28.40812110900879,1.5,0,85,0.0,0.0,0.0,0,0,0,0,0
1779673813.77049,0,0.3499999940395355,0,0,383,900,423158243,10,77,-15.101264953613281,28.400005340576172,35.303466796875,33.29387283325195,1,0,0.6000000238418579,0,0,1,0,0,5,0,0,0,8,99,1,0.0,0.0,34.01247024536133,28.40812110900879,1.5,0,85,0.0,0.0,0.0,0,0,0,0,0
1779673813.7911546,0,0.3499999940395355,0,0,383,900,423158243,10,77,-15.101264953613281,26.600006103515625,35.001441955566406,33.82587432861328,1,0,0.6000000238418579,0,0,1,0,0,5,0,0,0,8,99,1,0.0,0.0,34.01247024536133,28.40812110900879,1.5,0,85,0.0,0.0,0.0,0,0,0,0,0
1779673813.8111827,0,0.3499999940395355,0,0,383,900,423158243,10,77,-15.101264953613281,24.800006866455078,34.69941711425781,34.32187271118164,1,0,0.6000000238418579,0,0,1,0,0,5,0,0,0,8,99,1,0.0,0.0,34.01247024536133,28.40812110900879,1.5,0,85,0.0,0.0,0.0,0,0,0,0,0
1779673813.830726,0,0.3499999940395355,0,0,383,900,423158243,10,77,-15.101264953613281,23.00000762939453,34.39739227294922,34.7818717956543,1,0,0.6000000238418579,0,0,1,0,0,5,0,0,0,8,99,1,0.0,0.0,34.01247024536133,28.40812110900879,1.5,0,85,0.0,0.0,0.0,0,0,0,0,0
1779673813.8504739,0,0.3499999940395355,0,0,383,900,423158243,10,77,-15.101264953613281,21.200008392333984,34.095367431640625,35.20587158203125,1,0,0.6000000238418579,0,0,1,0,0,5,0,0,0,8,99,1,0.0,0.0,34.01247024536133,28.40812110900879,1.5,0,85,0.0,0.0,0.0,0,0,0,0,0
1779673813.8701687,0,0.3499999940395355,0,0,383,900,423158243,10,77,-15.101264953613281,19.400009155273438,33.79334259033203,35.5938720703125,1,0,0.6000000238418579,0,0,1,0,0,5,0,0,0,8,99,1,0.0,0.0,34.01247024536133,28.40812110900879,1.5,0,85,0.0,0.0,0.0,0,0,0,0,0
1779673813.8903818,0,0.3499999940395355,0,0,383,900,423158243,10,77,-15.101264953613281,17.60000991821289,33.49131774902344,35.94587326049805,1,0,0.6000000238418579,0,0,1,0,0,5,0,0,0,8,99,1,0.0,0.0,34.01247024536133,28.40812110900879,1.5,0,85,1.0,0.0,0.0,0,0,0,0,0
1779673813.9104173,0,0.3499999940395355,0,0,383,900,423158243,10,77,-15.101264953613281,15.800010681152344,33.189292907714844,36.26187515258789,1,0,0.6000000238418579,0,0,1,0,0,5,0,0,0,8,99,1,0.0,0.0,34.01247024536133,28.40812110900879,1.5,0,85,1.0,0.0,0.0,0,0,0,0,0
1779673813.9300153,0,0.3499999940395355,0,0,383,900,423158243,10,77,-15.101264953613281,14.000011444091797,32.88726806640625,36.541873931884766,1,0,0.6000000238418579,0,0,1,0,0,5,0,0,0,8,99,1,8.300000190734863,0.0,34.0958137512207,28.40812110900879,1.5,0,85,1.0,0.0,0.0,0,0,0,0,0
1779673813.950392,0,0.3499999940395355,0,0,383,900,423158243,10,77,-15.101264953613281,12.20001220703125,32.585243225097656,36.78587341308594,1,0,0.6000000238418579,0,0,1,0,0,5,0,0,0,8,99,1,8.300000190734863,0.0,34.26189041137695,28.40812110900879,1.5,0,85,1.0,0.0,0.0,0,0,0,0,0
1779673813.9704108,0,0.3499999940395355,0,0,383,900,423158243,10,77,-15.101264953613281,10.400012969970703,32.28321838378906,36.993873596191406,1,0,0.6000000238418579,0,0,1,0,0,5,0,0,0,8,99,1,8.300000190734863,0.0,34.42781066894531,28.40812110900879,1.5,0,85,1.0,0.0,0.0,0,0,0,0,0
1779673813.990126,0,0.3499999940395355,0,0,383,900,423158243,10,77,-15.101264953613281,8.600013732910156,31.98119354248047,37.16587448120117,1,0,0.6000000238418579,0,0,1,0,0,5,0,0,0,8,99,1,8.300000190734863,0.0,34.59388732910156,28.40812110900879,1.5,0,85,1.0,0.0,0.0,0,0,0,0,0
1779673814.0100613,0,0.3499999940395355,0,0,383,900,423158243,10,77,-15.101264953613281,6.800014495849609,31.679168701171875,37.301876068115234,1,0,0.6000000238418579,0,0,1,0,0,5,0,0,0,8,99,1,8.300000190734863,0.0,34.7598876953125,28.40812110900879,1.5,0,85,1.0,0.0,0.0,0,0,0,0,0
1779673814.0302343,0,0.3499999940395355,0,0,383,900,423158243,14,77,0.0,0.0,31.37714385986328,37.40187454223633,1,0,0.6000000238418579,0,0,1,0,0,5,0,0,0,8,99,1,8.300000190734863,0.0,34.92588806152344,28.40812110900879,1.5,0,85,1.0,0.0,0.0,0,0,0,0,0
1779673814.0502918,0,0.3499999940395355,0,0,383,900,423158243,14,77,0.0,0.0,31.37714385986328,37.40187454223633,1,0,0.6000000238418579,0,0,1,0,0,5,0,0,0,8,99,1,8.300000190734863,0.0,35.091880798339844,28.40812110900879,1.5,0,85,1.0,0.0,0.0,0,0,0,0,0
1779673814.0702531,0,0.3499999940395355,0,0,383,900,423158243,14,77,0.0,0.0,31.37714385986328,37.40187454223633,1,0,0.6000000238418579,0,0,1,0,0,5,0,0,0,8,99,1,8.300000190734863,0.0,35.257877349853516,28.40812110900879,1.5,0,85,1.0,0.0,0.0,0,0,0,0,0
1779673814.0902536,0,0.3499999940395355,0,0,383,900,423158243,14,77,0.0,0.0,31.37714385986328,37.40187454223633,1,0,0.6000000238418579,0,0,1,0,0,5,0,0,0,8,99,1,8.300000190734863,0.0,35.42387390136719,28.40812110900879,1.5,0,85,1.0,0.0,0.0,0,0,0,0,0
1779673814.1104755,0,0.3499999940395355,0,0,383,900,423158243,14,77,0.0,0.0,31.37714385986328,37.40187454223633,1,0,0.6000000238418579,0,0,1,0,0,5,0,0,0,8,99,1,8.300000190734863,0.0,35.589866638183594,28.40812110900879,1.5,0,85,1.0,0.0,0.0,0,0,0,0,0
1779673814.1303434,0,0.3499999940395355,0,0,383,900,423158243,14,77,0.0,0.0,31.37714385986328,37.40187454223633,1,0,0.6000000238418579,0,0,1,0,0,5,0,0,0,8,99,1,8.300000190734863,0.0,35.75586700439453,28.40812110900879,1.5,0,85,1.0,0.0,0.0,0,0,0,0,0
1779673814.1505418,0,0.3499999940395355,0,0,383,900,423158243,14,77,0.0,0.0,31.37714385986328,37.40187454223633,1,0,0.6000000238418579,0,0,1,0,0,5,0,0,0,8,99,1,8.300000190734863,0.0,35.92186737060547,28.40812110900879,1.5,0,85,1.0,0.0,0.0,0,0,0,0,0
1779673814.1708496,0,0.3499999940395355,0,0,383,900,423158243,14,77,0.0,0.0,31.37714385986328,37.40187454223633,1,0,0.6000000238418579,0,0,1,0,0,5,0,0,0,8,99,1,8.300000190734863,0.0,36.08787536621094,28.40812110900879,1.5,0,85,1.0,0.0,0.0,0,0,0,0,0
1779673814.1913595,0,0.3499999940395355,0,0,383,900,423158243,14,77,0.0,0.0,31.37714385986328,37.40187454223633,1,0,0.6000000238418579,0,0,1,0,0,5,0,0,0,8,99,1,8.300000190734863,0.0,36.253875732421875,28.40812110900879,1.5,0,85,1.0,0.0,0.0,0,0,0,0,0
1779673814.2101722,0,0.3499999940395355,0,0,383,900,423158243,14,77,0.0,0.0,31.37714385986328,37.40187454223633,1,0,0.6000000238418579,0,0,1,0,0,5,0,0,0,8,99,1,8.300000190734863,0.0,36.41987609863281,28.40812110900879,1.5,0,85,1.0,0.0,0.0,0,0,0,0,0
1779673814.2301855,0,0.3499999940395355,0,0,383,900,423158243,14,77,0.0,0.0,31.37714385986328,37.40187454223633,1,0,0.6000000238418579,0,0,1,0,0,5,0,0,0,8,99,1,8.300000190734863,0.0,36.585792541503906,28.40812110900879,1.5,0,85,1.0,0.0,0.0,0,0,0,0,0
1779673814.250059,0,0.3499999940395355,0,0,383,900,423158243,14,77,0.0,0.0,31.37714385986328,37.40187454223633,1,0,0.6000000238418579,0,0,1,0,0,5,0,0,0,8,99,1,8.300000190734863,0.0,36.751792907714844,28.40812110900879,1.5,0,85,1.0,0.0,0.0,0,0,0,0,0
1779673814.270559,0,0.3499999940395355,0,0,383,900,423158243,14,77,0.0,0.0,31.37714385986328,37.40187454223633,1,0,0.6000000238418579,0,0,1,0,0,5,0,0,0,8,99,1,8.300000190734863,0.0,36.91779327392578,28.40812110900879,1.5,0,85,1.0,0.0,0.0,0,0,0,0,0
1779673814.2905843,0,0.3499999940395355,0,0,383,900,423158243,14,77,0.0,0.0,31.37714385986328,37.40187454223633,1,0,0.6000000238418579,0,0,1,0,0,5,0,0,0,8,99,1,8.300000190734863,0.0,37.08386993408203,28.40812110900879,1.5,0,85,1.0,0.0,0.0,0,0,0,0,0
1779673814.310713,0,0.3499999940395355,0,0,383,900,423158243,14,77,0.0,0.0,31.37714385986328,37.40187454223633,1,0,0.6000000238418579,0,0,1,0,0,5,0,0,0,8,99,1,8.300000190734863,0.0,37.24987030029297,28.40812110900879,1.5,0,85,1.0,0.0,0.0,0,0,0,0,0
1779673814.3300922,0,0.3499999940395355,0,0,383,900,423158243,14,77,0.0,0.0,31.37714385986328,37.40187454223633,1,0,0.6000000238418579,0,0,1,0,0,5,0,0,0,8,99,1,8.300000190734863,0.0,37.415870666503906,28.40812110900879,1.5,0,85,1.0,0.0,0.0,0,0,0,0,0
1779673814.350144,0,0.3499999940395355,0,0,383,900,423158243,14,77,0.0,0.0,31.37714385986328,37.40187454223633,1,0,0.6000000238418579,0,0,1,0,0,5,0,0,0,8,99,1,8.300000190734863,0.0,37.58186340332031,28.40812110900879,1.5,0,85,1.0,0.0,0.0,0,0,0,0,0
1779673814.3701367,0,0.3499999940395355,0,0,383,900,423158243,14,77,0.0,0.0,31.37714385986328,37.40187454223633,1,0,0.6000000238418579,0,0,1,0,0,5,0,0,0,8,99,1,1.1368683772161603e-13,0.0,37.698665618896484,28.408123016357422,1.5,0,85,1.0,0.0,0.0,0,0,0,0,0
1779673814.3906846,0,0.3499999940395355,0,0,383,900,423158243,14,77,0.0,0.0,31.37714385986328,37.40187454223633,1,0,0.6000000238418579,0,0,1,0,0,5,0,0,0,8,99,1,1.1368683772161603e-13,0.0,37.7325325012207,28.408124923706055,1.5,0,85,1.0,0.0,0.0,0,0,0,0,0
1779673814.410196,0,0.3499999940395355,0,0,383,900,423158243,14,77,0.0,0.0,31.37714385986328,37.40187454223633,1,0,0.6000000238418579,0,0,1,0,0,5,0,0,0,8,99,1,0.0,0.0,37.732521057128906,28.408124923706055,1.5,0,85,1.0,0.0,0.0,0,0,0,0,0
1779673814.430154,0,0.3499999940395355,0,0,383,900,423158243,14,77,0.0,0.0,31.37714385986328,37.40187454223633,1,0,0.6000000238418579,0,0,1,0,0,5,0,0,0,8,99,1,0.0,0.0,37.732513427734375,28.408124923706055,1.5,0,85,1.0,0.0,0.0,0,0,0,0,0
1779673814.4500775,0,0.3499999940395355,0,0,383,900,423158243,14,77,0.0,0.0,31.37714385986328,37.40187454223633,1,0,0.6000000238418579,0,0,1,0,0,5,0,0,0,8,99,1,0.0,0.0,37.732505798339844,28.408124923706055,1.5,0,85,1.0,0.0,0.0,0,0,0,0,0
1779673814.4701183,0,0.3499999940395355,0,0,383,900,423158243,15,77,10.287388801574707,-28.181015014648438,31.37714385986328,37.40187454223633,1,0,0.6000000238418579,0,0,1,0,0,5,0,0,0,8,99,1,0.0,0.0,37.732505798339844,28.408124923706055,1.5,0,85,1.0,0.0,0.0,0,0,0,0,0
1779673814.4902089,0,0.3499999940395355,0,0,383,900,423158243,15,77,10.287388801574707,-28.181015014648438,31.5828914642334,36.838253021240234,1,0,0.6000000238418579,0,0,1,0,0,5,0,0,0,8,99,1,0.0,0.0,37.732505798339844,28.408124923706055,1.5,0,85,1.0,0.0,0.0,0,0,0,0,0
1779673814.510185,0,0.3499999940395355,0,0,383,900,423158243,15,77,10.287388801574707,-28.181015014648438,31.788639068603516,36.27463150024414,1,0,0.6000000238418579,0,0,1,0,0,5,0,0,0,8,99,1,0.0,0.0,37.732505798339844,28.408124923706055,1.5,0,85,1.0,0.0,0.0,0,0,0,0,0
1779673814.5303142,0,0.3499999940395355,0,0,383,900,423158243,15,77,10.287388801574707,-28.181015014648438,31.994386672973633,35.71100997924805,1,0,0.6000000238418579,0,0,1,0,0,5,0,0,0,8,99,1,0.0,0.0,37.732505798339844,28.408124923706055,1.5,0,85,1.0,0.0,0.0,0,0,0,0,0
1779673814.5504525,0,0.3499999940395355,0,0,383,900,423158243,15,77,10.287388801574707,-28.181015014648438,32.20013427734375,35.14738845825195,1,0,0.6000000238418579,0,0,1,0,0,5,0,0,0,8,99,1,0.0,0.0,37.732505798339844,28.408124923706055,1.5,0,85,1.0,0.0,0.0,0,0,0,0,0
1779673814.57022,0,0.3499999940395355,0,0,383,900,423158243,15,77,10.287388801574707,-28.181015014648438,32.4058837890625,34.58376693725586,1,0,0.6000000238418579,0,0,1,0,0,5,0,0,0,8,99,1,0.0,0.0,37.732505798339844,28.408124923706055,1.5,0,85,1.0,0.0,0.0,0,0,0,0,0
1779673814.5902324,0,0.3499999940395355,0,0,383,900,423158243,15,77,10.287388801574707,-28.181015014648438,32.61163330078125,34.020145416259766,1,0,0.6000000238418579,0,0,1,0,0,5,0,0,0,8,99,1,0.0,0.0,37.732505798339844,28.408124923706055,1.5,0,85,1.0,0.0,0.0,0,0,0,0,0
1779673814.6104245,0,0.3499999940395355,0,0,383,900,423158243,15,77,10.287388801574707,-28.181015014648438,32.8173828125,33.45652389526367,1,0,0.6000000238418579,0,0,1,0,0,5,0,0,0,8,99,1,0.0,0.0,37.732505798339844,28.408124923706055,1.5,0,85,1.0,0.0,0.0,0,0,0,0,0
1779673814.6308722,0,0.3499999940395355,0,0,383,900,423158243,15,77,10.287388801574707,-28.181015014648438,33.02313232421875,32.89290237426758,1,0,0.6000000238418579,0,0,1,0,0,5,0,0,0,8,99,1,0.0,0.0,37.732505798339844,28.408124923706055,1.5,0,85,1.0,0.0,0.0,0,0,0,0,0
1779673814.650218,0,0.3499999940395355,0,0,383,900,423158243,15,77,10.287388801574707,-28.181015014648438,33.2288818359375,32.329280853271484,1,0,0.6000000238418579,0,0,1,0,0,5,0,0,0,8,99,1,0.0,0.0,37.732505798339844,28.408124923706055,1.5,0,85,1.0,0.0,0.0,0,0,0,0,0
1779673814.6702838,0,0.3499999940395355,0,0,383,900,423158243,15,77,10.287388801574707,-28.181015014648438,33.43463134765625,31.765661239624023,1,0,0.6000000238418579,0,0,1,0,0,5,0,0,0,8,99,1,0.0,0.0,37.732505798339844,28.408124923706055,1.5,0,85,0.0,0.0,0.0,0,0,0,0,0
1779673814.6903968,0,0.3499999940395355,0,0,383,900,423158243,15,77,10.287388801574707,-28.181015014648438,33.640380859375,31.202041625976562,1,0,0.6000000238418579,0,0,1,0,0,5,0,0,0,8,99,1,0.0,0.0,37.732505798339844,28.408124923706055,1.5,0,85,0.0,0.0,0.0,0,0,0,0,0
1779673814.7103186,0,0.3499999940395355,0,0,383,900,423158243,15,77,10.287388801574707,-28.181015014648438,33.84613037109375,30.6384220123291,1,0,0.6000000238418579,0,0,1,0,0,5,0,0,0,8,99,1,-1.1368683772161603e-13,0.0,37.732505798339844,28.408124923706055,1.5,0,85,0.0,0.0,0.0,0,0,0,0,0
1779673814.7302043,0,0.3499999940395355,0,0,383,900,423158243,15,77,10.287388801574707,-28.181015014648438,34.0518798828125,30.07480239868164,1,0,0.6000000238418579,0,0,1,0,0,5,0,0,0,8,99,1,0.0,0.0,37.732505798339844,28.408124923706055,1.5,0,85,0.0,0.0,0.0,0,0,0,0,0
1779673814.7501595,0,0.3499999940395355,0,0,383,900,423158243,15,77,10.287388801574707,-28.181015014648438,34.25762939453125,29.51118278503418,1,0,0.6000000238418579,0,0,1,0,0,5,0,0,0,8,99,1,0.0,0.0,37.732505798339844,28.408124923706055,1.5,0,85,0.0,0.0,0.0,0,0,0,0,0
1779673814.7707098,0,0.3499999940395355,0,0,383,900,423158243,15,77,10.287388801574707,-28.181015014648438,34.46337890625,28.94756317138672,1,0,0.6000000238418579,0,0,1,0,0,5,0,0,0,8,99,1,0.0,0.0,37.732505798339844,28.408124923706055,1.5,0,85,0.0,0.0,0.0,0,0,0,0,0
1779673814.7904627,0,0.3499999940395355,0,0,383,900,423158243,15,77,10.287388801574707,-28.181015014648438,34.66912841796875,28.383943557739258,1,0,0.6000000238418579,0,0,1,0,0,5,0,0,0,8,99,1,0.0,0.0,37.732505798339844,28.408124923706055,1.5,0,85,0.0,0.0,0.0,0,0,0,0,0
1779673814.8105135,0,0.3499999940395355,0,0,383,900,423158243,15,77,10.287388801574707,-28.181015014648438,34.8748779296875,27.820323944091797,1,0,0.6000000238418579,0,0,1,0,0,5,0,0,0,8,99,1,0.0,0.0,37.732505798339844,28.408124923706055,1.5,0,85,0.0,0.0,0.0,0,0,0,0,0
1779673814.8300984,0,0.3499999940395355,0,0,383,900,423158243,47,77,8.229910850524902,0.0,35.08062744140625,27.549999237060547,1,0,0.6000000238418579,0,0,1,0,0,5,0,0,0,8,99,1,0.0,0.0,37.732505798339844,28.408124923706055,1.5,0,85,0.0,0.0,0.0,0,0,0,0,0
1779673814.8507304,0,0.3499999940395355,0,0,383,900,423158243,47,77,6.58392858505249,0.0,35.21230697631836,28.295839309692383,1,0,0.6000000238418579,0,0,1,0,0,5,0,0,0,8,99,1,0.0,0.0,37.732505798339844,28.408124923706055,1.5,0,85,0.0,0.0,0.0,0,0,0,0,0
1779673814.870535,0,0.3499999940395355,0,0,383,900,423158243,47,77,5.2671427726745605,0.0,35.317649841308594,28.492136001586914,1,0,0.6000000238418579,0,0,1,0,0,5,0,0,0,8,99,1,0.0,0.0,37.732505798339844,28.408124923706055,1.5,0,85,0.0,0.0,0.0,0,0,0,0,0
1779673814.890281,0,0.3499999940395355,0,0,383,900,423158243,47,77,4.213714122772217,0.0,35.40192413330078,28.54359245300293,1,0,0.6000000238418579,0,0,1,0,0,5,0,0,0,8,99,1,0.0,0.0,37.732505798339844,28.408124923706055,1.5,0,85,0.0,0.0,0.0,0,0,0,0,0
1779673814.9105096,0,0.3499999940395355,0,0,383,900,423158243,47,77,3.370971441268921,0.0,35.46934509277344,28.55708122253418,1,0,0.6000000238418579,0,0,1,0,0,5,0,0,0,8,99,1,0.0,0.0,37.732505798339844,28.408124923706055,1.5,0,85,0.0,0.0,0.0,0,0,0,0,0
1779673814.9301505,0,0.3499999940395355,0,0,383,900,423158243,47,77,2.696777105331421,0.0,35.52328109741211,28.558807373046875,1,0,0.6000000238418579,0,0,1,0,0,5,0,0,0,8,99,1,0.0,0.0,37.732505798339844,28.408124923706055,1.5,0,85,0.0,0.0,0.0,0,0,0,0,0
1779673814.9502954,0,0.3499999940395355,0,0,383,900,423158243,47,77,2.157421827316284,0.0,35.566429138183594,28.559911727905273,1,0,0.6000000238418579,0,0,1,0,0,5,0,0,0,8,99,1,0.0,0.0,37.732505798339844,28.408124923706055,1.5,0,85,0.0,0.0,0.0,0,0,0,0,0
1779673814.9702775,0,0.3499999940395355,0,0,383,900,423158243,47,77,1.7259374856948853,0.0,35.600948333740234,28.560619354248047,1,0,0.6000000238418579,0,0,1,0,0,5,0,0,0,8,99,1,0.0,0.0,37.732505798339844,28.408124923706055,1.5,0,85,0.0,0.0,0.0,0,0,0,0,0
1779673814.9908419,0,0.3499999940395355,0,0,383,900,423158243,47,77,1.380750060081482,0.0,35.628562927246094,28.561071395874023,1,0,0.6000000238418579,0,0,1,0,0,5,0,0,0,8,99,1,0.0,0.0,37.732505798339844,28.408124923706055,1.5,0,85,0.0,0.0,0.0,0,0,0,0,0
1779673815.0103333,0,0.3499999940395355,0,0,383,900,423158243,47,77,1.1046000719070435,0.0,35.65065383911133,28.561359405517578,1,0,0.6000000238418579,0,0,1,0,0,5,0,0,0,8,99,1,0.0,0.0,37.732505798339844,28.408124923706055,1.5,0,85,-1.0,0.0,0.0,0,0,0,0,0
1779673815.0303755,0,0.3499999940395355,0,0,383,900,423158243,47,77,0.8836800456047058,0.0,35.66832733154297,28.56154441833496,1,0,0.6000000238418579,0,0,1,0,0,5,0,0,0,8,99,1,0.0,0.0,37.732505798339844,28.408124923706055,1.5,0,85,-1.0,0.0,0.0,0,0,0,0,0
1779673815.0502038,0,0.3499999940395355,0,0,383,900,423158243,47,77,0.7069440484046936,0.0,35.682464599609375,28.561664581298828,1,0,0.6000000238418579,0,0,0,0,0,5,0,0,0,8,99,1,-8.300000190734863,0.0,37.649169921875,28.408124923706055,1.5,0,85,-1.0,0.0,0.0,0,0,0,0,0
1779673815.0701742,0,0.3499999940395355,0,0,383,900,423158243,47,77,0.5655552744865417,0.0,35.69377517700195,28.56174087524414,1,0,0.6000000238418579,0,0,0,0,0,5,0,0,0,8,99,1,-8.300000190734863,0.0,37.48316955566406,28.408124923706055,1.5,0,85,-1.0,0.0,0.0,0,0,0,0,0
1779673815.0902312,0,0.3499999940395355,0,0,383,900,423158243,47,77,0.4524442255496979,0.0,35.702823638916016,28.56178855895996,1,0,0.6000000238418579,0,0,0,0,0,5,0,0,0,8,99,1,-8.300000190734863,0.0,37.317176818847656,28.408124923706055,1.5,0,85,0.0,0.0,0.0,0,0,0,0,0
1779673815.1104336,0,0.3499999940395355,0,0,383,900,423158243,47,77,0.3619553744792938,0.0,35.71006393432617,28.561819076538086,1,0,0.6000000238418579,0,0,0,0,0,5,0,0,0,8,99,1,0.0,0.0,37.23450469970703,28.408124923706055,1.5,0,85,0.0,0.0,0.0,0,0,0,0,0
1779673815.1302404,0,0.3499999940395355,0,0,383,900,423158243,47,77,0.289564311504364,0.0,35.71585464477539,28.561840057373047,1,0,0.6000000238418579,0,0,0,0,0,5,0,0,0,8,99,1,0.0,0.0,37.23450469970703,28.408124923706055,1.5,0,85,0.0,0.0,0.0,0,0,0,0,0
1779673815.1508944,0,0.3499999940395355,0,0,383,900,423158243,47,77,0.2316514551639557,0.0,35.720489501953125,28.561853408813477,1,0,0.6000000238418579,0,0,0,0,0,5,0,0,0,8,99,1,0.0,0.0,37.23450469970703,28.408124923706055,1.5,0,85,0.0,0.0,0.0,0,0,1,0,0
1779673815.170571,0,0.3499999940395355,1,0,383,900,423158243,47,77,0.1853211671113968,0.0,35.72419738769531,28.561861038208008,0,0,0.6000000238418579,0,0,0,0,0,5,0,1,0,8,99,1,0.0,0.0,37.23450469970703,28.408124923706055,1.5,0,85,0.0,0.0,0.0,0,0,1,0,0
1779673815.1905677,0,0.3499999940395355,1,0,383,900,423158243,47,77,0.14825694262981415,0.0,35.7271614074707,28.561864852905273,0,0,0.6000000238418579,0,0,0,0,0,5,0,1,0,8,99,1,0.0,0.0,37.23450469970703,28.408124923706055,1.5,0,85,0.0,0.0,0.0,0,0,1,0,0
1779673815.210147,0,0.3499999940395355,1,0,362,900,423158243,47,77,0.11860555410385132,0.0,35.72953414916992,28.56186866760254,0,0,0.6000000238418579,0,0,0,0,0,5,0,1,0,8,99,1,3.75,0.0,37.23450469970703,28.408124923706055,1.5,0,96,0.0,0.0,0.0,0,0,1,0,0
1779673815.2301464,0,0.3499999940395355,1,0,362,900,423158243,47,77,0.09488444775342941,0.0,35.43143081665039,28.561870574951172,0,0,0.6000000238418579,0,0,0,0,0,5,0,1,0,8,99,1,3.75,0.0,37.272117614746094,28.408124923706055,1.5,0,96,0.0,0.0,0.0,0,0,1,0,0
1779673815.2505968,0,0.3499999940395355,1,0,362,900,423158243,47,77,0.07590755820274353,0.0,35.13294982910156,28.561870574951172,0,0,0.6000000238418579,0,0,0,0,0,5,0,1,0,8,99,1,3.75,0.0,37.34715270996094,28.408124923706055,1.5,0,96,0.0,0.0,0.0,0,0,1,0,0
1779673815.2703516,0,0.3499999940395355,1,0,362,900,423158243,47,77,0.060726046562194824,0.0,34.834163665771484,28.561870574951172,1,0,0.6000000238418579,0,0,0,0,0,5,0,1,0,8,99,1,3.75,0.0,37.422149658203125,28.408124923706055,1.5,0,96,0.0,0.0,0.0,0,0,0,0,0
1779673815.2903507,0,0.3499999940395355,1,0,362,900,423158243,47,77,0.0485808365046978,0.0,34.53513717651367,28.561870574951172,1,0,0.6000000238418579,0,0,0,0,0,5,0,1,0,8,99,1,3.75,0.0,37.497154235839844,28.408124923706055,1.5,0,96,0.0,0.0,0.0,0,0,0,0,0
1779673815.3103948,0,0.3499999940395355,1,0,362,900,423158243,47,77,0.03886466845870018,0.0,34.23591613769531,28.561870574951172,1,0,0.6000000238418579,0,0,0,0,0,5,0,1,0,8,99,1,3.75,0.0,37.57215118408203,28.408124923706055,1.5,0,96,0.0,0.0,0.0,0,0,0,0,0
1779673815.330318,0,0.3499999940395355,1,0,362,900,423158243,51,77,0.0,0.0,33.93653869628906,28.561870574951172,1,0,0.6000000238418579,0,0,0,0,0,5,0,1,0,8,99,1,3.75,0.0,37.64715576171875,28.408124923706055,1.5,0,96,0.0,0.0,0.0,0,0,0,0,0
1779673815.3503795,0,0.3499999940395355,1,0,362,900,423158243,51,77,0.0,0.0,33.636539459228516,28.561870574951172,1,0,0.6000000238418579,0,0,0,0,0,5,0,1,0,8,99,1,2.842170943040401e-14,0.0,37.7086181640625,28.408124923706055,1.5,0,96,0.0,0.0,0.0,0,0,0,0,0
1779673815.3702128,0,0.3499999940395355,1,0,362,900,423158243,51,77,0.0,0.0,33.33654022216797,28.561870574951172,1,0,0.6000000238418579,0,0,0,0,0,5,0,1,0,8,99,1,2.842170943040401e-14,0.0,37.7325325012207,28.408124923706055,1.5,0,96,0.0,0.0,0.0,0,0,0,0,0
1779673815.3906808,0,0.3499999940395355,1,0,362,900,423158243,51,77,0.0,0.0,33.33654022216797,28.561870574951172,1,0,0.6000000238418579,0,0,0,0,0,5,0,1,0,8,99,1,0.0,0.0,37.732521057128906,28.408124923706055,1.5,0,96,0.0,0.0,0.0,0,0,0,0,0
1779673815.4101179,0,0.3499999940395355,1,0,362,900,423158243,51,77,0.0,0.0,33.33654022216797,28.561870574951172,1,0,0.6000000238418579,0,0,0,0,0,5,0,1,0,8,99,1,-2.842170943040401e-14,0.0,37.732513427734375,28.408124923706055,1.5,0,96,0.0,0.0,0.0,0,0,0,0,0
1779673815.4301562,0,0.3499999940395355,1,0,362,900,423158243,51,77,0.0,0.0,33.33654022216797,28.561870574951172,1,0,0.6000000238418579,0,0,0,0,0,5,0,1,0,8,99,1,0.0,0.0,37.732505798339844,28.408124923706055,1.5,0,96,0.0,0.0,0.0,0,0,0,0,0
1779673815.4503171,0,0.3499999940395355,1,0,362,900,423158243,51,77,0.0,0.0,33.33654022216797,28.561870574951172,1,0,0.6000000238418579,0,0,0,0,0,5,0,1,0,8,99,1,0.0,0.0,37.732505798339844,28.408124923706055,1.5,0,96,0.0,0.0,0.0,0,0,0,0,0
1779673815.4702013,0,0.3499999940395355,1,0,362,900,423158243,51,77,0.0,0.0,33.33654022216797,28.561870574951172,1,0,0.6000000238418579,0,0,0,0,0,5,0,1,0,8,99,1,0.0,0.0,37.732505798339844,28.408124923706055,1.5,0,96,0.0,0.0,0.0,0,0,0,0,0
1779673815.4901257,0,0.3499999940395355,1,0,362,900,423158243,51,77,0.0,0.0,33.33654022216797,28.561870574951172,1,0,0.6000000238418579,0,0,0,0,0,5,0,1,0,8,99,1,0.0,0.0,37.732505798339844,28.408124923706055,1.5,0,96,0.0,0.0,0.0,0,0,0,0,0
1779673815.5102804,0,0.3499999940395355,1,0,362,900,423158243,51,77,0.0,0.0,33.33654022216797,28.561870574951172,1,0,0.6000000238418579,0,0,0,0,0,5,0,1,0,8,99,1,0.0,0.0,37.732505798339844,28.408124923706055,1.5,0,96,-1.0,0.0,0.0,0,0,0,0,0
1779673815.5302653,0,0.3499999940395355,0,0,362,900,423158243,51,77,0.0,0.0,33.33654022216797,28.561870574951172,1,0,0.6000000238418579,0,0,0,0,0,5,0,0,0,8,99,1,0.0,0.0,37.732505798339844,28.408124923706055,1.5,0,96,-1.0,0.0,0.0,0,0,0,0,0
1779673815.5501149,0,0.3499999940395355,0,0,362,900,423158243,51,77,0.0,0.0,33.33654022216797,28.561870574951172,1,0,0.6000000238418579,0,0,0,0,0,5,0,0,0,8,99,1,-8.300000190734863,0.0,37.649269104003906,28.408124923706055,1.5,0,96,-1.0,0.0,0.0,0,0,1,0,0
1779673815.570387,0,0.3499999940395355,1,0,362,900,423158243,51,77,0.0,0.0,33.33654022216797,28.561870574951172,0,0,0.6000000238418579,0,0,0,0,0,5,0,1,0,8,99,1,-8.300000190734863,0.0,37.48326873779297,28.408124923706055,1.5,0,96,-1.0,0.0,0.0,0,0,1,0,0
1779673815.5907204,0,0.3499999940395355,1,0,362,900,423158243,52,77,-22.0,0.0,33.33654022216797,28.561870574951172,0,0,0.6000000238418579,0,0,0,0,0,5,0,1,0,8,99,1,-8.300000190734863,0.0,37.317176818847656,28.408124923706055,1.5,0,96,-1.0,0.0,0.0,0,0,1,0,0
1779673815.610754,0,0.3499999940395355,1,0,362,900,423158243,52,77,-22.0,0.0,32.896541595458984,28.561870574951172,0,0,0.6000000238418579,0,0,0,0,0,5,0,1,0,8,99,1,-8.300000190734863,0.0,37.15117263793945,28.408124923706055,1.5,0,96,-1.0,0.0,0.0,0,0,1,0,0
1779673815.631316,0,0.3499999940395355,1,0,362,900,423158243,52,77,-22.0,0.0,32.45654296875,28.561870574951172,0,0,0.6000000238418579,0,0,0,0,0,5,0,1,0,8,99,1,-8.300000190734863,0.0,36.98516845703125,28.408124923706055,1.5,0,96,-1.0,0.0,0.0,0,0,1,0,0
1779673815.650429,0,0.3499999940395355,1,0,362,900,423158243,52,77,-22.0,0.0,32.01654052734375,28.561870574951172,0,0,0.6000000238418579,0,0,0,0,0,5,0,1,0,8,99,1,-8.300000190734863,0.0,36.81924057006836,28.408124923706055,1.5,0,96,-1.0,0.0,0.0,0,0,1,0,0
1779673815.6705234,0,0.3499999940395355,1,0,362,900,423158243,52,77,-22.0,0.0,31.576541900634766,28.561870574951172,1,0,0.6000000238418579,0,0,0,0,0,5,0,1,0,8,99,1,-8.300000190734863,0.0,36.65315628051758,28.408124923706055,1.5,0,96,-1.0,0.0,0.0,0,0,1,0,0
1779673815.6902878,0,0.3499999940395355,1,0,362,900,423158243,52,77,-22.0,0.0,31.13654136657715,28.561870574951172,1,0,0.6000000238418579,0,0,0,0,0,5,0,1,0,8,99,1,-8.300000190734863,0.0,36.487159729003906,28.408124923706055,1.5,0,96,-1.0,0.0,0.0,0,0,0,0,0
1779673815.7104633,0,0.3499999940395355,1,0,362,900,423158243,52,77,-22.0,0.0,30.69654083251953,28.561870574951172,1,0,0.6000000238418579,0,0,0,0,0,5,0,1,0,8,99,1,-8.300000190734863,0.0,36.40415573120117,28.408124923706055,1.5,0,96,-1.0,0.0,0.0,0,0,0,0,0
1779673815.7300549,0,0.3499999940395355,1,0,362,900,423158243,52,77,-22.0,0.0,30.256540298461914,28.561870574951172,1,0,0.6000000238418579,0,0,0,0,0,5,0,1,0,8,99,1,-8.300000190734863,0.0,36.1551513671875,28.408124923706055,1.5,0,96,-1.0,0.0,0.0,0,0,0,0,0
1779673815.7503128,0,0.3499999940395355,1,0,362,900,423158243,52,77,-22.0,0.0,29.816539764404297,28.561870574951172,1,0,0.6000000238418579,0,0,0,0,0,5,0,1,0,8,99,1,-8.300000190734863,0.0,35.98915100097656,28.408124923706055,1.5,0,96,-1.0,0.0,0.0,0,0,0,0,0
1779673815.7700915,0,0.3499999940395355,1,0,362,900,423158243,52,77,-22.0,0.0,29.37653923034668,28.561870574951172,1,0,0.6000000238418579,0,0,0,0,0,5,0,1,0,8,99,1,-8.300000190734863,0.0,35.82315444946289,28.408124923706055,1.5,0,96,-1.0,0.0,0.0,0,0,0,0,0
1779673815.790503,0,0.3499999940395355,1,0,362,900,423158243,52,77,-22.0,0.0,28.936538696289062,28.561870574951172,1,0,0.6000000238418579,0,0,0,0,0,5,0,1,0,8,99,1,-8.300000190734863,0.0,35.65715789794922,28.408124923706055,1.5,0,96,-1.0,0.0,0.0,0,0,0,0,0
1779673815.8102612,0,0.3499999940395355,1,0,362,900,423158243,52,77,-22.0,0.0,28.496538162231445,28.561870574951172,1,0,0.6000000238418579,0,0,0,0,0,5,0,1,0,8,99,1,-8.300000190734863,0.0,35.49115753173828,28.408124923706055,1.5,0,96,-1.0,0.0,0.0,0,0,0,0,0
1779673815.830028,0,0.3499999940395355,1,0,362,900,423158243,56,77,0.0,0.0,28.056537628173828,28.561870574951172,1,0,0.6000000238418579,0,0,0,0,0,5,0,1,0,8,99,1,-8.300000190734863,0.0,35.325157165527344,28.408124923706055,1.5,0,96,-1.0,0.0,0.0,0,0,0,0,0
1779673815.8500595,0,0.3499999940395355,1,0,362,900,423158243,56,77,0.0,0.0,28.056537628173828,28.561870574951172,1,0,0.6000000238418579,0,0,0,0,0,5,0,1,0,8,99,1,-8.300000190734863,0.0,35.159156799316406,28.408124923706055,1.5,0,96,-1.0,0.0,0.0,0,0,0,0,0
1779673815.870161,0,0.3499999940395355,1,0,362,900,423158243,56,77,0.0,0.0,28.056537628173828,28.561870574951172,1,0,0.6000000238418579,0,0,0,0,0,5,0,1,0,8,99,1,-8.300000190734863,0.0,34.993160247802734,28.408124923706055,1.5,0,96,-1.0,0.0,0.0,0,0,0,0,0
1779673815.8903606,0,0.3499999940395355,1,0,362,900,423158243,56,77,0.0,0.0,28.056537628173828,28.561870574951172,1,0,0.6000000238418579,0,0,0,0,0,5,0,1,0,8,99,1,-8.300000190734863,0.0,34.82715606689453,28.408124923706055,1.5,0,96,-1.0,0.0,0.0,0,0,0,0,0
1779673815.910569,0,0.3499999940395355,1,0,362,900,423158243,56,77,0.0,0.0,28.056537628173828,28.561870574951172,1,0,0.6000000238418579,0,0,0,0,0,5,0,1,0,8,99,1,-8.300000190734863,0.0,34.661163330078125,28.408124923706055,1.5,0,96,-1.0,0.0,0.0,0,0,0,0,0
1779673815.9300377,0,0.3499999940395355,0,0,362,900,423158243,56,77,0.0,0.0,28.056537628173828,28.561870574951172,1,0,0.6000000238418579,0,0,0,0,0,5,0,0,0,8,99,1,-8.300000190734863,0.0,34.49516296386719,28.408124923706055,1.5,0,96,-1.0,0.0,0.0,0,0,0,0,0
1779673815.9502606,0,0.3499999940395355,0,0,362,900,423158243,56,77,0.0,0.0,28.056537628173828,28.561870574951172,1,0,0.6000000238418579,0,0,0,0,0,5,0,0,0,8,99,1,-8.300000190734863,0.0,34.32917022705078,28.408124923706055,1.5,0,96,-1.0,0.0,0.0,0,0,0,0,0
1779673815.9704244,0,0.3499999940395355,0,0,362,900,423158243,56,77,0.0,0.0,28.056537628173828,28.561870574951172,1,0,0.6000000238418579,0,0,0,0,0,5,0,0,0,8,99,1,-8.300000190734863,0.0,34.163169860839844,28.408124923706055,1.5,0,96,-1.0,0.0,0.0,0,0,0,0,0
1779673815.9907572,0,0.3499999940395355,0,0,362,900,423158243,56,77,0.0,0.0,28.056537628173828,28.561870574951172,1,0,0.6000000238418579,0,0,0,0,0,5,0,0,0,8,99,1,-8.300000190734863,0.0,33.997169494628906,28.408124923706055,1.5,0,96,-1.0,0.0,0.0,0,0,0,0,0
1779673816.0103831,0,0.3499999940395355,0,0,362,900,423158243,56,77,0.0,0.0,28.056537628173828,28.561870574951172,1,0,0.6000000238418579,0,0,0,0,0,5,0,0,0,8,99,1,-8.300000190734863,0.0,33.83116912841797,28.408124923706055,1.5,0,96,-1.0,0.0,0.0,0,0,0,0,0
1779673816.030578,0,0.3499999940395355,0,0,362,900,423158243,56,77,0.0,0.0,28.056537628173828,28.561870574951172,1,0,0.6000000238418579,0,0,0,0,0,5,0,0,0,8,99,1,-8.300000190734863,0.0,33.665252685546875,28.408124923706055,1.5,0,96,-1.0,0.0,0.0,0,0,0,0,0
1779673816.0500255,0,0.3499999940395355,0,0,362,900,423158243,56,77,0.0,0.0,28.056537628173828,28.561870574951172,1,0,0.6000000238418579,0,0,0,0,0,5,0,0,0,8,99,1,-8.300000190734863,0.0,33.499168395996094,28.408124923706055,1.5,0,96,-1.0,0.0,0.0,0,0,0,0,0
1779673816.070341,0,0.3499999940395355,0,0,362,900,423158243,56,77,0.0,0.0,28.056537628173828,28.561870574951172,1,0,0.6000000238418579,0,0,0,0,0,5,0,0,0,8,99,1,-8.300000190734863,0.0,33.333251953125,28.408124923706055,1.5,0,96,-1.0,0.0,0.0,0,0,0,0,0
1779673816.0902781,0,0.3499999940395355,0,0,362,900,423158243,7,77,0.0,0.0,28.056537628173828,28.561870574951172,1,0,0.6000000238418579,0,0,0,0,0,5,0,0,0,8,99,1,-8.300000190734863,0.0,33.167171478271484,28.408124923706055,1.5,0,96,-1.0,0.0,0.0,0,0,0,0,0
1779673816.1102114,0,0.3499999940395355,0,0,362,900,423158243,7,77,0.0,0.0,28.056537628173828,28.561870574951172,1,0,0.6000000238418579,0,0,0,0,0,5,0,0,0,8,99,1,-8.300000190734863,0.0,33.00117492675781,28.408124923706055,1.5,0,96,-1.0,0.0,0.0,0,0,0,0,0
1779673816.1302052,0,0.3499999940395355,0,0,362,900,423158243,7,77,0.0,0.0,28.056537628173828,28.561870574951172,1,0,0.6000000238418579,0,0,0,0,0,5,0,0,0,8,99,1,-8.300000190734863,0.0,32.83525848388672,28.408124923706055,1.5,0,96,-1.0,0.0,0.0,0,0,0,0,0
1779673816.1501284,0,0.3499999940395355,0,0,362,900,423158243,7,77,0.0,0.0,28.056537628173828,28.561870574951172,1,0,0.6000000238418579,0,0,0,0,0,5,0,0,0,8,99,1,-8.300000190734863,0.0,32.66925811767578,28.408124923706055,1.5,0,96,-1.0,0.0,0.0,0,0,0,0,0
1779673816.1701376,0,0.3499999940395355,0,0,362,900,423158243,7,77,0.0,0.0,28.056537628173828,28.561870574951172,1,0,0.6000000238418579,0,0,0,0,0,5,0,0,0,8,99,1,-8.300000190734863,0.0,32.50316619873047,28.408124923706055,1.5,0,96,-1.0,0.0,0.0,0,0,0,0,0
1779673816.1904862,0,0.3499999940395355,0,0,362,900,423158243,7,77,0.0,0.0,28.056537628173828,28.561870574951172,1,0,0.6000000238418579,0,0,0,0,0,5,0,0,0,8,99,1,-8.300000190734863,0.0,32.33716583251953,28.408124923706055,1.5,0,96,-1.0,0.0,0.0,0,0,0,0,0
1779673816.2101278,0,0.3499999940395355,0,0,362,900,423158243,7,77,0.0,0.0,28.056537628173828,28.561870574951172,1,0,0.6000000238418579,0,0,0,0,0,5,0,0,0,8,99,1,-8.300000190734863,0.0,32.17116928100586,28.408124923706055,1.5,0,96,-1.0,0.0,0.0,0,0,0,0,0
1779673816.2303867,0,0.3499999940395355,0,0,362,900,423158243,7,77,0.0,0.0,28.056537628173828,28.561870574951172,1,0,0.6000000238418579,0,0,0,0,0,5,0,0,0,8,99,1,-8.300000190734863,0.0,32.005252838134766,28.408124923706055,1.5,0,96,-1.0,0.0,0.0,0,0,1,0,0
1779673816.25035,0,0.3499999940395355,1,0,362,900,423158243,7,77,0.0,0.0,28.056537628173828,28.561870574951172,0,0,0.6000000238418579,0,0,0,0,0,5,0,1,0,8,99,1,-8.300000190734863,0.0,31.83925437927246,28.408124923706055,1.5,0,96,-1.0,0.0,0.0,0,0,1,0,0
1779673816.2709637,0,0.3499999940395355,1,0,362,900,423158243,7,77,0.0,0.0,28.056537628173828,28.561870574951172,0,0,0.6000000238418579,0,0,0,0,0,5,0,1,0,8,99,1,-8.300000190734863,0.0,31.673168182373047,28.408124923706055,1.5,0,96,-1.0,0.0,0.0,0,0,1,0,0
1779673816.2902803,0,0.3499999940395355,1,0,341,900,423158243,7,77,0.0,0.0,28.056537628173828,28.561870574951172,0,0,0.6000000238418579,0,0,0,0,0,5,0,1,0,8,99,1,3.75,0.0,31.507171630859375,28.408124923706055,1.5,0,99,-1.0,0.0,0.0,0,0,1,0,0
1779673816.3104553,0,0.3499999940395355,1,0,341,900,423158243,7,77,0.0,0.0,27.75653839111328,28.561870574951172,0,0,0.6000000238418579,0,0,0,0,0,5,0,1,0,8,99,1,3.75,0.0,31.462135314941406,28.408124923706055,1.5,0,99,-1.0,0.0,0.0,0,0,1,0,0
1779673816.33015,0,0.3499999940395355,1,0,341,900,423158243,7,77,0.0,0.0,27.456539154052734,28.561870574951172,0,0,0.6000000238418579,0,0,0,0,0,5,0,1,0,8,99,1,3.75,0.0,31.53713607788086,28.408124923706055,1.5,0,99,-1.0,0.0,0.0,0,0,1,0,0
1779673816.3504686,0,0.3499999940395355,1,0,341,900,423158243,7,77,0.0,0.0,27.156539916992188,28.561870574951172,1,0,0.6000000238418579,0,0,0,0,0,5,0,1,0,8,99,1,3.75,0.0,31.61213493347168,28.408124923706055,1.5,0,99,-1.0,0.0,0.0,0,0,0,0,0
1779673816.3700995,0,0.3499999940395355,1,0,341,900,423158243,7,77,0.0,0.0,26.85654067993164,28.561870574951172,1,0,0.6000000238418579,0,0,0,0,0,5,0,1,0,8,99,1,3.75,0.0,31.687137603759766,28.408124923706055,1.5,0,99,-1.0,0.0,0.0,0,0,0,0,0
1779673816.3905513,0,0.3499999940395355,1,0,341,900,423158243,7,77,0.0,0.0,26.556541442871094,28.561870574951172,1,0,0.6000000238418579,0,0,0,0,0,5,0,1,0,8,99,1,3.75,0.0,31.76213836669922,28.408124923706055,1.5,0,99,-1.0,0.0,0.0,0,0,0,0,0
1779673816.4101112,0,0.3499999940395355,1,0,341,900,423158243,7,77,0.0,0.0,26.256542205810547,28.561870574951172,1,0,0.6000000238418579,0,0,0,0,0,5,0,1,0,8,99,1,3.75,0.0,31.837135314941406,28.408124923706055,1.5,0,99,-1.0,0.0,0.0,0,0,0,0,0
1779673816.430241,0,0.3499999940395355,1,0,341,900,423158243,10,77,5.828712463378906,41.000003814697266,25.95654296875,28.561870574951172,1,0,0.6000000238418579,0,0,0,0,0,5,0,1,0,8,99,1,3.75,0.0,31.91213607788086,28.408124923706055,1.5,0,99,-1.0,0.0,0.0,0,0,0,0,0
1779673816.4504642,0,0.3499999940395355,1,0,341,900,423158243,10,77,5.828712463378906,39.20000457763672,25.773117065429688,29.345870971679688,1,0,0.6000000238418579,0,0,0,0,0,5,0,1,0,8,99,1,3.75,0.0,31.987140655517578,28.408124923706055,1.5,0,99,-1.0,0.0,0.0,0,0,0,0,0
1779673816.4700947,0,0.3499999940395355,1,0,341,900,423158243,10,77,5.828712463378906,37.40000534057617,25.889690399169922,30.093870162963867,1,0,0.6000000238418579,0,0,0,0,0,5,0,1,0,8,99,1,3.75,0.0,32.06214141845703,28.408124923706055,1.5,0,99,-1.0,0.0,0.0,0,0,0,0,0
1779673816.4903164,0,0.3499999940395355,1,0,341,900,423158243,10,77,5.828712463378906,35.600006103515625,26.006263732910156,30.805870056152344,1,0,0.6000000238418579,0,0,0,0,0,5,0,1,0,8,99,1,-8.300000190734863,0.0,32.01618957519531,28.408124923706055,1.5,0,99,-1.0,0.0,0.0,0,0,0,0,0
1779673816.510541,0,0.3499999940395355,1,0,341,900,423158243,10,77,5.828712463378906,33.80000686645508,26.12283706665039,31.481870651245117,1,0,0.6000000238418579,0,0,0,0,0,5,0,1,0,8,99,1,-8.300000190734863,0.0,31.850189208984375,28.408124923706055,1.5,0,99,-1.0,0.0,0.0,0,0,0,0,0
1779673816.5306258,0,0.3499999940395355,1,0,341,900,423158243,10,77,5.828712463378906,32.00000762939453,26.239410400390625,32.12186813354492,1,0,0.6000000238418579,0,0,0,0,0,5,0,1,0,8,99,1,-8.300000190734863,0.0,31.684188842773438,28.408124923706055,1.5,0,99,-1.0,0.0,0.0,0,0,0,0,0
1779673816.5504093,0,0.3499999940395355,1,0,341,900,423158243,10,77,5.828712463378906,30.200008392333984,26.35598373413086,32.725868225097656,1,0,0.6000000238418579,0,0,0,0,0,5,0,1,0,8,99,1,-8.300000190734863,0.0,31.518192291259766,28.408124923706055,1.5,0,99,-1.0,0.0,0.0,0,0,0,0,0
1779673816.5701766,0,0.3499999940395355,1,0,341,900,423158243,10,77,5.828712463378906,28.400009155273438,26.472557067871094,33.29386901855469,1,0,0.6000000238418579,0,0,0,0,0,5,0,1,0,8,99,1,-8.300000190734863,0.0,31.352195739746094,28.408124923706055,1.5,0,99,-1.0,0.0,0.0,0,0,0,0,0
1779673816.5905511,0,0.3499999940395355,1,0,341,900,423158243,14,77,0.0,0.0,26.589130401611328,33.825870513916016,1,0,0.6000000238418579,0,0,0,0,0,5,0,1,0,8,99,1,-8.300000190734863,0.0,31.18619728088379,28.408124923706055,1.5,0,99,-1.0,0.0,0.0,0,0,0,0,0
1779673816.6101527,0,0.3499999940395355,0,0,341,900,423158243,14,77,0.0,0.0,26.589130401611328,33.825870513916016,1,0,0.6000000238418579,0,0,0,0,0,5,0,0,0,8,99,1,-8.300000190734863,0.0,31.02020263671875,28.408124923706055,1.5,0,99,-1.0,0.0,0.0,0,0,0,0,0
1779673816.6305816,0,0.3499999940395355,0,0,341,900,423158243,14,77,0.0,0.0,26.589130401611328,33.825870513916016,1,0,0.6000000238418579,0,0,0,0,0,5,0,0,0,8,99,1,-8.300000190734863,0.0,30.854202270507812,28.408124923706055,1.5,0,99,-1.0,0.0,0.0,0,0,0,0,0
1779673816.650007,0,0.3499999940395355,0,0,341,900,423158243,14,77,0.0,0.0,26.589130401611328,33.825870513916016,1,0,0.6000000238418579,0,0,0,0,0,5,0,0,0,8,99,1,-8.300000190734863,0.0,30.68820571899414,28.408124923706055,1.5,0,99,-1.0,0.0,0.0,0,0,0,0,0
1779673816.6706107,0,0.3499999940395355,0,0,341,900,423158243,14,77,0.0,0.0,26.589130401611328,33.825870513916016,1,0,0.6000000238418579,0,0,0,0,0,5,0,0,0,8,99,1,-8.300000190734863,0.0,30.52220916748047,28.408124923706055,1.5,0,99,-1.0,0.0,0.0,0,0,0,0,0
1779673816.6901357,0,0.3499999940395355,0,0,341,900,423158243,14,77,0.0,0.0,26.589130401611328,33.825870513916016,1,0,0.6000000238418579,0,0,0,0,0,5,0,0,0,8,99,1,-8.300000190734863,0.0,30.356212615966797,28.408124923706055,1.5,0,99,-1.0,0.0,0.0,0,0,0,0,0
1779673816.710589,0,0.3499999940395355,0,0,341,900,423158243,14,77,0.0,0.0,26.589130401611328,33.825870513916016,1,0,0.6000000238418579,0,0,0,0,0,5,0,0,0,8,99,1,-8.300000190734863,0.0,30.190216064453125,28.408124923706055,1.5,0,99,-1.0,0.0,0.0,0,0,0,0,0
1779673816.7301977,0,0.3499999940395355,0,0,341,900,423158243,14,77,0.0,0.0,26.589130401611328,33.825870513916016,1,0,0.6000000238418579,0,0,0,0,0,5,0,0,0,8,99,1,-8.300000190734863,0.0,30.024211883544922,28.408124923706055,1.5,0,99,-1.0,0.0,0.0,0,0,0,0,0
1779673816.75023,0,0.3499999940395355,0,0,341,900,423158243,14,77,0.0,0.0,26.589130401611328,33.825870513916016,1,0,0.6000000238418579,0,0,0,0,0,5,0,0,0,8,99,1,-8.300000190734863,0.0,29.858211517333984,28.408124923706055,1.5,0,99,-1.0,0.0,0.0,0,0,0,0,0
1779673816.7701342,0,0.3499999940395355,0,0,341,900,423158243,14,77,0.0,0.0,26.589130401611328,33.825870513916016,1,0,0.6000000238418579,0,0,0,0,0,5,0,0,0,8,99,1,-8.300000190734863,0.0,29.692211151123047,28.408124923706055,1.5,0,99,-1.0,0.0,0.0,0,0,0,0,0
1779673816.7904384,0,0.3499999940395355,0,0,341,900,423158243,14,77,0.0,0.0,26.589130401611328,33.825870513916016,1,0,0.6000000238418579,0,0,0,0,0,5,0,0,0,8,99,1,-8.300000190734863,0.0,29.526214599609375,28.408124923706055,1.5,0,99,-1.0,0.0,0.0,0,0,0,0,0
1779673816.8100812,0,0.3499999940395355,0,0,341,900,423158243,14,77,0.0,0.0,26.589130401611328,33.825870513916016,1,0,0.6000000238418579,0,0,0,0,0,5,0,0,0,8,99,1,-8.300000190734863,0.0,29.360218048095703,28.408124923706055,1.5,0,99,-1.0,0.0,0.0,0,0,0,0,0
1779673816.8301184,0,0.3499999940395355,0,0,341,900,423158243,14,77,0.0,0.0,26.589130401611328,33.825870513916016,1,0,0.6000000238418579,0,0,0,0,0,5,0,0,0,8,99,1,-8.300000190734863,0.0,29.194217681884766,28.408124923706055,1.5,0,99,-1.0,0.0,0.0,0,0,0,0,0
1779673816.8504174,0,0.3499999940395355,0,0,341,900,423158243,14,77,0.0,0.0,26.589130401611328,33.825870513916016,1,0,0.6000000238418579,0,0,0,0,0,5,0,0,0,8,99,1,-8.300000190734863,0.0,29.028213500976562,28.408124923706055,1.5,0,99,-1.0,0.0,0.0,0,0,0,0,0
1779673816.870797,0,0.3499999940395355,0,0,341,900,423158243,14,77,0.0,0.0,26.589130401611328,33.825870513916016,1,0,0.6000000238418579,0,0,0,0,0,5,0,0,0,8,99,1,-8.300000190734863,0.0,28.86221694946289,28.408124923706055,1.5,0,99,-1.0,0.0,0.0,0,0,0,0,0
1779673816.8902752,0,0.3499999940395355,0,0,341,900,423158243,14,77,0.0,0.0,26.589130401611328,33.825870513916016,1,0,0.6000000238418579,0,0,0,0,0,5,0,0,0,8,99,1,-8.300000190734863,0.0,28.696216583251953,28.408124923706055,1.5,0,99,-1.0,0.0,0.0,0,0,0,0,0
1779673816.910486,0,0.3499999940395355,0,0,341,900,423158243,14,77,0.0,0.0,26.589130401611328,33.825870513916016,1,0,0.6000000238418579,0,0,0,0,0,5,0,0,0,8,99,1,-8.300000190734863,0.0,28.530221939086914,28.408124923706055,1.5,0,99,-1.0,0.0,0.0,0,0,0,0,0
1779673816.9300122,0,0.3499999940395355,0,0,341,900,423158243,14,77,0.0,0.0,26.589130401611328,33.825870513916016,1,0,0.6000000238418579,0,0,0,0,0,5,0,0,0,8,99,1,-8.300000190734863,0.0,28.364221572875977,28.408124923706055,1.5,0,99,-1.0,0.0,0.0,0,0,0,0,0
1779673816.950513,0,0.3499999940395355,0,0,341,900,423158243,14,77,0.0,0.0,26.589130401611328,33.825870513916016,1,0,0.6000000238418579,0,0,0,0,0,5,0,0,0,8,99,1,-8.300000190734863,0.0,28.198226928710938,28.408124923706055,1.5,0,99,-1.0,0.0,0.0,0,0,0,0,0
1779673816.9701552,0,0.3499999940395355,0,0,341,900,423158243,14,77,0.0,0.0,26.589130401611328,33.825870513916016,1,0,0.6000000238418579,0,0,0,0,0,5,0,0,0,8,99,1,-8.300000190734863,0.0,28.032228469848633,28.408124923706055,1.5,0,99,-1.0,0.0,0.0,0,0,0,0,0
1779673816.9906416,0,0.3499999940395355,0,0,341,900,423158243,14,77,0.0,0.0,26.589130401611328,33.825870513916016,1,0,0.6000000238418579,0,0,0,0,0,5,0,0,0,8,99,1,-8.300000190734863,0.0,27.866230010986328,28.408124923706055,1.5,0,99,-1.0,0.0,0.0,0,0,0,0,0
1779673817.010004,0,0.3499999940395355,0,0,341,900,423158243,14,77,0.0,0.0,26.589130401611328,33.825870513916016,1,0,0.6000000238418579,0,0,0,0,0,5,0,0,0,8,99,1,-8.300000190734863,0.0,27.70022964477539,28.408124923706055,1.5,0,99,-1.0,0.0,0.0,0,0,0,0,0
1779673817.0300903,0,0.3499999940395355,0,0,341,900,423158243,14,77,0.0,0.0,26.589130401611328,33.825870513916016,1,0,0.6000000238418579,0,0,0,0,0,5,0,0,0,8,99,1,-8.300000190734863,0.0,27.534311294555664,28.408124923706055,1.5,0,99,-1.0,0.0,0.0,0,0,0,0,0
1779673817.0500293,0,0.3499999940395355,0,0,341,900,423158243,15,77,18.404178619384766,-23.691478729248047,26.589130401611328,33.825870513916016,1,0,0.6000000238418579,0,0,0,0,0,5,0,0,0,8,99,1,-8.300000190734863,0.0,27.368316650390625,28.408124923706055,1.5,0,99,-1.0,0.0,0.0,0,0,0,0,0
1779673817.0704305,0,0.3499999940395355,0,0,341,900,423158243,15,77,18.404178619384766,-23.691478729248047,26.95721435546875,33.3520393371582,1,0,0.6000000238418579,0,0,0,0,0,5,0,0,0,8,99,1,-8.300000190734863,0.0,27.202316284179688,28.408124923706055,1.5,0,99,-1.0,0.0,0.0,0,0,0,0,0
1779673817.09025,0,0.3499999940395355,0,0,341,900,423158243,15,77,18.404178619384766,-23.691478729248047,27.325298309326172,32.87820816040039,1,0,0.6000000238418579,0,0,0,0,0,5,0,0,0,8,99,1,-8.300000190734863,0.0,27.036319732666016,28.408124923706055,1.5,0,99,-1.0,0.0,0.0,0,0,0,0,0
1779673817.1103897,0,0.3499999940395355,0,0,341,900,423158243,15,77,18.404178619384766,-23.691478729248047,27.693382263183594,32.40437698364258,1,0,0.6000000238418579,0,0,0,0,0,5,0,0,0,8,99,1,-8.300000190734863,0.0,26.87032127380371,28.408124923706055,1.5,0,99,-1.0,0.0,0.0,0,0,0,0,0
1779673817.1300771,0,0.3499999940395355,0,0,341,900,423158243,15,77,18.404178619384766,-23.691478729248047,28.061466217041016,31.9305477142334,1,0,0.6000000238418579,0,0,0,0,0,5,0,0,0,8,99,1,-8.300000190734863,0.0,26.70432472229004,28.408124923706055,1.5,0,99,-1.0,0.0,0.0,0,0,0,0,0
1779673817.1504645,0,0.3499999940395355,0,0,341,900,423158243,15,77,18.404178619384766,-23.691478729248047,28.429550170898438,31.45671844482422,1,0,0.6000000238418579,0,0,0,0,0,5,0,0,0,8,99,1,-8.300000190734863,0.0,26.538330078125,28.408124923706055,1.5,0,99,0.0,0.0,0.0,0,0,0,0,0
1779673817.1702619,0,0.3499999940395355,0,0,341,900,423158243,15,77,18.404178619384766,-23.691478729248047,28.79763412475586,30.98288917541504,1,0,0.6000000238418579,0,0,0,0,0,5,0,0,0,8,99,1,-8.300000190734863,0.0,26.37232780456543,28.408124923706055,1.5,0,99,0.0,0.0,0.0,0,0,0,0,0
1779673817.1903038,0,0.3499999940395355,0,0,341,900,423158243,15,77,18.404178619384766,-23.691478729248047,29.16571807861328,30.50905990600586,1,0,0.6000000238418579,0,0,0,0,0,5,0,0,0,8,99,1,0.0,0.0,26.289485931396484,28.408124923706055,1.5,0,99,0.0,0.0,0.0,0,0,0,0,0
1779673817.2100987,0,0.3499999940395355,0,0,341,900,423158243,15,77,18.404178619384766,-23.691478729248047,29.533802032470703,30.03523063659668,1,0,0.6000000238418579,0,0,0,0,0,5,0,0,0,8,99,1,0.0,0.0,26.289485931396484,28.408124923706055,1.5,0,99,0.0,0.0,0.0,0,0,0,0,0
1779673817.2306678,0,0.3499999940395355,0,0,341,900,423158243,15,77,18.404178619384766,-23.691478729248047,29.901885986328125,29.5614013671875,1,0,0.6000000238418579,0,0,0,0,0,5,0,0,0,8,99,1,0.0,0.0,26.289485931396484,28.408124923706055,1.5,0,99,0.0,0.0,0.0,0,0,0,0,0
1779673817.2507422,0,0.3499999940395355,0,0,341,900,423158243,15,77,18.404178619384766,-23.691478729248047,30.269969940185547,29.08757209777832,1,0,0.6000000238418579,0,0,0,0,0,5,0,0,0,8,99,1,0.0,0.0,26.289485931396484,28.408124923706055,1.5,0,99,0.0,0.0,0.0,0,0,0,0,0
1779673817.2705057,0,0.3499999940395355,0,0,341,900,423158243,15,77,18.404178619384766,-23.691478729248047,30.63805389404297,28.61374282836914,1,0,0.6000000238418579,0,0,0,0,0,5,0,0,0,8,99,1,0.0,0.0,26.289485931396484,28.408124923706055,1.5,0,99,0.0,0.0,0.0,0,0,0,0,0
1779673817.2902052,0,0.3499999940395355,0,0,341,900,423158243,15,77,18.404178619384766,-23.691478729248047,31.00613784790039,28.13991355895996,1,0,0.6000000238418579,0,0,0,0,0,5,0,0,0,8,99,1,0.0,0.0,26.289485931396484,28.408124923706055,1.5,0,99,0.0,0.0,0.0,0,0,0,0,0
1779673817.3101478,0,0.3499999940395355,0,0,341,900,423158243,15,77,18.404178619384766,-23.691478729248047,31.374221801757812,27.66608428955078,1,0,0.6000000238418579,0,0,0,0,0,5,0,0,0,8,99,1,0.0,0.0,26.289485931396484,28.408124923706055,1.5,0,99,0.0,0.0,0.0,0,0,0,0,0
1779673817.3301232,0,0.3499999940395355,0,0,341,900,423158243,47,77,14.723342895507812,0.0,31.742305755615234,27.549999237060547,1,0,0.6000000238418579,0,0,0,0,0,5,0,0,0,8,99,1,0.0,0.0,26.289485931396484,28.408124923706055,1.5,0,99,1.0,0.0,0.0,0,0,0,0,0
1779673817.350053,0,0.3499999940395355,0,0,341,900,423158243,47,77,11.778674125671387,0.0,31.97787857055664,28.295839309692383,1,0,0.6000000238418579,0,0,0,0,0,5,0,0,0,8,99,1,0.0,0.0,26.289485931396484,28.408124923706055,1.5,0,99,1.0,0.0,0.0,0,0,0,0,0
1779673817.3702533,0,0.3499999940395355,0,0,341,900,423158243,47,77,9.42293930053711,0.0,32.16633605957031,28.492136001586914,1,0,0.6000000238418579,0,0,1,0,0,5,0,0,0,8,99,1,8.300000190734863,0.0,26.37273406982422,28.408124923706055,1.5,0,99,1.0,0.0,0.0,0,0,0,0,0
1779673817.390419,0,0.3499999940395355,0,0,341,900,423158243,47,77,7.538351535797119,0.0,32.31710433959961,28.54359245300293,1,0,0.6000000238418579,0,0,1,0,0,5,0,0,0,8,99,1,8.300000190734863,0.0,26.538734436035156,28.408124923706055,1.5,0,99,1.0,0.0,0.0,0,0,0,0,0
1779673817.4101985,0,0.3499999940395355,0,0,341,900,423158243,47,77,6.030681133270264,0.0,32.43771743774414,28.55708122253418,1,0,0.6000000238418579,0,0,1,0,0,5,0,0,0,8,99,1,8.300000190734863,0.0,26.70473289489746,28.408124923706055,1.5,0,99,1.0,0.0,0.0,0,0,0,0,0
1779673817.4304252,0,0.3499999940395355,0,0,341,900,423158243,47,77,4.824544906616211,0.0,32.53420639038086,28.558807373046875,1,0,0.6000000238418579,0,0,1,0,0,5,0,0,0,8,99,1,8.300000190734863,0.0,26.870731353759766,28.408124923706055,1.5,0,99,1.0,0.0,0.0,0,0,0,0,0
1779673817.450205,0,0.3499999940395355,0,0,341,900,423158243,47,77,3.859636068344116,0.0,32.61140060424805,28.559911727905273,1,0,0.6000000238418579,0,0,1,0,0,5,0,0,0,8,99,1,8.300000190734863,0.0,27.036731719970703,28.408124923706055,1.5,0,99,1.0,0.0,0.0,0,0,0,0,0
1779673817.4707108,0,0.3499999940395355,0,0,341,900,423158243,47,77,3.0877089500427246,0.0,32.673152923583984,28.560619354248047,1,0,0.6000000238418579,0,0,1,0,0,5,0,0,0,8,99,1,8.300000190734863,0.0,27.202648162841797,28.408124923706055,1.5,0,99,1.0,0.0,0.0,0,0,0,0,0
1779673817.4901862,0,0.3499999940395355,0,0,341,900,423158243,47,77,2.4701671600341797,0.0,32.722557067871094,28.561071395874023,1,0,0.6000000238418579,0,0,1,0,0,5,0,0,0,8,99,1,8.300000190734863,0.0,27.36864471435547,28.408124923706055,1.5,0,99,1.0,0.0,0.0,0,0,0,0,0
1779673817.5103412,0,0.3499999940395355,0,0,341,900,423158243,47,77,1.9761337041854858,0.0,32.762081146240234,28.561359405517578,1,0,0.6000000238418579,0,0,1,0,0,5,0,0,0,8,99,1,8.300000190734863,0.0,27.534643173217773,28.408124923706055,1.5,0,99,1.0,0.0,0.0,0,0,0,0,0
1779673817.5301206,0,0.3499999940395355,0,0,341,900,423158243,47,77,1.5809069871902466,0.0,32.793701171875,28.56154441833496,1,0,0.6000000238418579,0,0,1,0,0,5,0,0,0,8,99,1,8.300000190734863,0.0,27.700721740722656,28.408124923706055,1.5,0,99,1.0,0.0,0.0,0,0,0,0,0
1779673817.550489,0,0.3499999940395355,0,0,341,900,423158243,47,77,1.2647255659103394,0.0,32.81899642944336,28.561664581298828,1,0,0.6000000238418579,0,0,1,0,0,5,0,0,0,8,99,1,8.300000190734863,0.0,27.86672019958496,28.408124923706055,1.5,0,99,1.0,0.0,0.0,0,0,0,0,0
1779673817.5703173,0,0.3499999940395355,0,0,341,900,423158243,47,77,1.0117805004119873,0.0,32.8392333984375,28.56174087524414,1,0,0.6000000238418579,0,0,1,0,0,5,0,0,0,8,99,1,8.300000190734863,0.0,28.032718658447266,28.408124923706055,1.5,0,99,1.0,0.0,0.0,0,0,0,0,0
1779673817.5904236,0,0.3499999940395355,0,0,341,900,423158243,47,77,0.8094244003295898,0.0,32.85542297363281,28.56178855895996,1,0,0.6000000238418579,0,0,1,0,0,5,0,0,0,8,99,1,8.300000190734863,0.0,28.198715209960938,28.408124923706055,1.5,0,99,1.0,0.0,0.0,0,0,0,0,0
1779673817.6101706,0,0.3499999940395355,0,0,341,900,423158243,47,77,0.6475395560264587,0.0,32.86837387084961,28.561819076538086,1,0,0.6000000238418579,0,0,1,0,0,5,0,0,0,8,99,1,8.300000190734863,0.0,28.36471176147461,28.408124923706055,1.5,0,99,1.0,0.0,0.0,0,0,0,0,0
1779673817.6303482,0,0.3499999940395355,0,0,341,900,423158243,47,77,0.518031656742096,0.0,32.87873458862305,28.561840057373047,1,0,0.6000000238418579,0,0,1,0,0,5,0,0,0,8,99,1,8.300000190734863,0.0,28.530712127685547,28.408124923706055,1.5,0,99,1.0,0.0,0.0,0,0,0,0,0
1779673817.6500316,0,0.3499999940395355,0,0,341,900,423158243,47,77,0.4144253432750702,0.0,32.88702392578125,28.561853408813477,1,0,0.6000000238418579,0,0,1,0,0,5,0,0,0,8,99,1,8.300000190734863,0.0,28.696704864501953,28.408124923706055,1.5,0,99,1.0,0.0,0.0,0,0,0,0,0
1779673817.670367,0,0.3499999940395355,0,0,341,900,423158243,47,77,0.3315402865409851,0.0,32.893653869628906,28.561861038208008,1,0,0.6000000238418579,0,0,1,0,0,5,0,0,0,8,99,1,8.300000190734863,0.0,28.862709045410156,28.408124923706055,1.5,0,99,1.0,0.0,0.0,0,0,0,0,0
1779673817.6901999,0,0.3499999940395355,0,0,341,900,423158243,47,77,0.26523223519325256,0.0,32.89896011352539,28.561864852905273,1,0,0.6000000238418579,0,0,1,0,0,5,0,0,0,8,99,1,8.300000190734863,0.0,29.028705596923828,28.408124923706055,1.5,0,99,1.0,0.0,0.0,0,0,0,0,0
1779673817.7104168,0,0.3499999940395355,0,0,341,900,423158243,47,77,0.2121857851743698,0.0,32.903202056884766,28.56186866760254,1,0,0.6000000238418579,0,0,1,0,0,5,0,0,0,8,99,1,8.300000190734863,0.0,29.1947021484375,28.408124923706055,1.5,0,99,1.0,0.0,0.0,0,0,0,0,0
1779673817.7300944,0,0.3499999940395355,0,0,341,900,423158243,47,77,0.16974863409996033,0.0,32.90659713745117,28.561870574951172,1,0,0.6000000238418579,0,0,1,0,0,5,0,0,0,8,99,1,8.300000190734863,0.0,29.36070442199707,28.408124923706055,1.5,0,99,1.0,0.0,0.0,0,0,0,0,0
1779673817.7504292,0,0.3499999940395355,0,0,341,900,423158243,47,77,0.13579891622066498,0.0,32.9093132019043,28.561870574951172,1,0,0.6000000238418579,0,0,1,0,0,5,0,0,0,8,99,1,8.300000190734863,0.0,29.52669906616211,28.408124923706055,1.5,0,99,1.0,0.0,0.0,0,0,0,0,0
1779673817.7699072,0,0.3499999940395355,0,0,341,900,423158243,47,77,0.10863913595676422,0.0,32.9114875793457,28.561870574951172,1,0,0.6000000238418579,0,0,1,0,0,5,0,0,0,8,99,1,8.300000190734863,0.0,29.69269561767578,28.408124923706055,1.5,0,99,1.0,0.0,0.0,0,0,0,0,0
1779673817.7904992,0,0.3499999940395355,0,0,341,900,423158243,47,77,0.08691131323575974,0.0,32.91322708129883,28.561870574951172,1,0,0.6000000238418579,0,0,1,0,0,5,0,0,0,8,99,1,8.300000190734863,0.0,29.858692169189453,28.408124923706055,1.5,0,99,1.0,0.0,0.0,0,0,1,0,0
1779673817.8102818,0,0.3499999940395355,1,0,341,900,423158243,1,77,0.0,0.0,32.91461944580078,28.561870574951172,0,0,0.6000000238418579,0,0,1,0,0,5,0,1,0,8,99,1,8.300000190734863,0.0,30.02469253540039,28.408124923706055,1.5,0,99,1.0,0.0,0.0,0,0,1,0,0
1779673817.8305507,0,0.3499999940395355,1,0,341,900,423158243,1,77,0.0,0.0,32.91461944580078,28.561870574951172,0,0,0.6000000238418579,0,0,1,0,0,5,0,1,0,8,99,1,8.300000190734863,0.0,30.190692901611328,28.408124923706055,1.5,0,99,1.0,0.0,0.0,0,0,1,0,0
1779673817.8504686,0,0.3499999940395355,1,0,320,900,423158243,35,77,0.0,0.0,32.91461944580078,28.561870574951172,0,0,0.6000000238418579,0,0,1,0,0,5,0,1,0,8,99,1,-3.75,0.0,30.356685638427734,28.408124923706055,1.5,0,99,1.0,0.0,0.0,0,0,1,0,0
1779673817.8704066,0,0.3499999940395355,1,0,320,900,423158243,35,77,0.0,0.0,33.21461486816406,28.561870574951172,0,0,0.6000000238418579,0,0,1,0,0,5,0,1,0,8,99,1,-3.75,0.0,30.40190887451172,28.408124923706055,1.5,0,99,1.0,0.0,0.0,0,0,1,0,0
1779673817.8905368,0,0.3499999940395355,1,0,320,900,423158243,35,77,0.0,0.0,33.514610290527344,28.561870574951172,0,0,0.6000000238418579,0,0,1,0,0,5,0,1,0,8,99,1,-3.75,0.0,30.326908111572266,28.408124923706055,1.5,0,99,1.0,0.0,0.0,0,0,1,0,0
1779673817.9103558,0,0.3499999940395355,1,0,320,900,423158243,35,77,0.0,0.0,33.814605712890625,28.561870574951172,0,0,0.6000000238418579,0,0,1,0,0,5,0,1,0,8,99,1,-3.75,0.0,30.251907348632812,28.408124923706055,1.5,0,99,1.0,0.0,0.0,0,0,0,0,0
1779673817.9301987,0,0.3499999940395355,1,0,320,900,423158243,35,77,0.0,0.0,34.114601135253906,28.561870574951172,1,0,0.6000000238418579,0,0,1,0,0,5,0,1,0,8,99,1,-3.75,0.0,30.176908493041992,28.408124923706055,1.5,0,99,1.0,0.0,0.0,0,0,0,0,0
1779673817.9503922,0,0.3499999940395355,1,0,320,900,423158243,35,77,0.0,0.0,34.41459655761719,28.561870574951172,1,0,0.6000000238418579,0,0,1,0,0,5,0,1,0,8,99,1,-3.75,0.0,30.101909637451172,28.408124923706055,1.5,0,99,1.0,0.0,0.0,0,0,0,0,0
1779673817.9702418,0,0.3499999940395355,1,0,320,900,423158243,35,77,0.0,0.0,34.71459197998047,28.561870574951172,1,0,0.6000000238418579,0,0,1,0,0,5,0,1,0,8,99,1,-3.75,0.0,30.02690887451172,28.408124923706055,1.5,0,99,1.0,0.0,0.0,0,0,0,0,0
1779673817.99063,0,0.3499999940395355,1,0,320,900,423158243,35,77,0.0,0.0,35.01458740234375,28.561870574951172,1,0,0.6000000238418579,0,0,1,0,0,5,0,1,0,8,99,1,-3.75,0.0,29.951908111572266,28.408124923706055,1.5,0,99,1.0,0.0,0.0,0,0,0,0,0
1779673818.0100565,0,0.3499999940395355,1,0,320,900,423158243,35,77,0.0,0.0,35.31458282470703,28.561870574951172,1,0,0.6000000238418579,0,0,1,0,0,5,0,1,0,8,99,1,-3.75,0.0,29.876907348632812,28.408124923706055,1.5,0,99,1.0,0.0,0.0,0,0,0,0,0
1779673818.0301852,0,0.3499999940395355,1,0,320,900,423158243,35,77,0.0,0.0,35.31458282470703,28.561870574951172,1,0,0.6000000238418579,0,0,1,0,0,5,0,1,0,8,99,1,-3.75,0.0,29.80190658569336,28.408124923706055,1.5,0,99,1.0,0.0,0.0,0,0,0,0,0
1779673818.0503857,0,0.3499999940395355,1,0,320,900,423158243,35,77,0.0,0.0,35.31458282470703,28.561870574951172,1,0,0.6000000238418579,0,0,1,0,0,5,0,1,0,8,99,1,8.300000190734863,0.0,29.847660064697266,28.408124923706055,1.5,0,99,1.0,0.0,0.0,0,0,0,0,0
1779673818.070155,0,0.3499999940395355,1,0,320,900,423158243,35,77,0.0,0.0,35.31458282470703,28.561870574951172,1,0,0.6000000238418579,0,0,1,0,0,5,0,1,0,8,99,1,8.300000190734863,0.0,30.013660430908203,28.408124923706055,1.5,0,99,1.0,0.0,0.0,0,0,0,0,0
1779673818.0902202,0,0.3499999940395355,1,0,320,900,423158243,35,77,0.0,0.0,35.31458282470703,28.561870574951172,1,0,0.6000000238418579,0,0,1,0,0,5,0,1,0,8,99,1,8.300000190734863,0.0,30.179655075073242,28.408124923706055,1.5,0,99,1.0,0.0,0.0,0,0,0,0,0
1779673818.1103284,0,0.3499999940395355,1,0,320,900,423158243,35,77,0.0,0.0,35.31458282470703,28.561870574951172,1,0,0.6000000238418579,0,0,1,0,0,5,0,1,0,8,99,1,8.300000190734863,0.0,30.345653533935547,28.408124923706055,1.5,0,99,1.0,0.0,0.0,0,0,0,0,0
1779673818.1300445,0,0.3499999940395355,1,0,320,900,423158243,35,77,0.0,0.0,35.31458282470703,28.561870574951172,1,0,0.6000000238418579,0,0,1,0,0,5,0,1,0,8,99,1,8.300000190734863,0.0,30.51165199279785,28.408124923706055,1.5,0,99,1.0,0.0,0.0,0,0,0,0,0
1779673818.1519897,0,0.3499999940395355,1,0,320,900,423158243,35,77,0.0,0.0,35.31458282470703,28.561870574951172,1,0,0.6000000238418579,0,0,1,0,0,5,0,1,0,8,99,1,8.300000190734863,0.0,30.677656173706055,28.408124923706055,1.5,0,99,1.0,0.0,0.0,0,0,0,0,0
1779673818.1715124,0,0.3499999940395355,0,0,320,900,423158243,35,77,0.0,0.0,35.31458282470703,28.561870574951172,1,0,0.6000000238418579,0,0,1,0,0,5,0,0,0,8,99,1,8.300000190734863,0.0,30.843673706054688,28.408124923706055,1.5,0,99,1.0,0.0,0.0,0,0,0,0,0
1779673818.1906219,0,0.3499999940395355,0,0,320,900,423158243,35,77,0.0,0.0,35.31458282470703,28.561870574951172,1,0,0.6000000238418579,0,0,1,0,0,5,0,0,0,8,99,1,8.300000190734863,0.0,31.00967788696289,28.408124923706055,1.5,0,99,1.0,0.0,0.0,0,0,0,0,0
1779673818.2100852,0,0.3499999940395355,0,0,320,900,423158243,35,77,0.0,0.0,35.31458282470703,28.561870574951172,1,0,0.6000000238418579,0,0,1,0,0,5,0,0,0,8,99,1,8.300000190734863,0.0,31.175601959228516,28.408124923706055,1.5,0,99,1.0,0.0,0.0,0,0,0,0,0
1779673818.230992,0,0.3499999940395355,0,0,320,900,423158243,35,77,0.0,0.0,35.31458282470703,28.561870574951172,1,0,0.6000000238418579,0,0,1,0,0,5,0,0,0,8,99,1,8.300000190734863,0.0,31.341602325439453,28.408124923706055,1.5,0,99,1.0,0.0,0.0,0,0,0,0,0
1779673818.2507539,0,0.3499999940395355,0,0,320,900,423158243,35,77,0.0,0.0,35.31458282470703,28.561870574951172,1,0,0.6000000238418579,0,0,1,0,0,5,0,0,0,8,99,1,8.300000190734863,0.0,31.5076847076416,28.408124923706055,1.5,0,99,1.0,0.0,0.0,0,0,0,0,0
1779673818.2707174,0,0.3499999940395355,0,0,320,900,423158243,35,77,0.0,0.0,35.31458282470703,28.561870574951172,1,0,0.6000000238418579,0,0,1,0,0,5,0,0,0,8,99,1,8.300000190734863,0.0,31.673686981201172,28.408124923706055,1.5,0,99,1.0,0.0,0.0,0,0,0,0,0
1779673818.2908895,0,0.3499999940395355,0,0,320,900,423158243,35,77,0.0,0.0,35.31458282470703,28.561870574951172,1,0,0.6000000238418579,0,0,1,0,0,5,0,0,0,8,99,1,8.300000190734863,0.0,31.839685440063477,28.408124923706055,1.5,0,99,1.0,0.0,0.0,0,0,0,0,0
1779673818.3106909,0,0.3499999940395355,0,0,320,900,423158243,35,77,0.0,0.0,35.31458282470703,28.561870574951172,1,0,0.6000000238418579,0,0,1,0,0,5,0,0,0,8,99,1,8.300000190734863,0.0,32.00568771362305,28.408124923706055,1.5,0,99,1.0,0.0,0.0,0,0,0,0,0
1779673818.330349,0,0.3499999940395355,0,0,320,900,423158243,35,77,0.0,0.0,35.31458282470703,28.561870574951172,1,0,0.6000000238418579,0,0,1,0,0,5,0,0,0,8,99,1,8.300000190734863,0.0,32.171688079833984,28.408124923706055,1.5,0,99,1.0,0.0,0.0,0,0,0,0,0
1779673818.3505175,0,0.3499999940395355,0,0,320,900,423158243,35,77,0.0,0.0,35.31458282470703,28.561870574951172,1,0,0.6000000238418579,0,0,1,0,0,5,0,0,0,8,99,1,8.300000190734863,0.0,32.337684631347656,28.408124923706055,1.5,0,99,1.0,0.0,0.0,0,0,0,0,0
1779673818.37033,0,0.3499999940395355,0,0,320,900,423158243,35,77,0.0,0.0,35.31458282470703,28.561870574951172,1,0,0.6000000238418579,0,0,1,0,0,5,0,0,0,8,99,1,8.300000190734863,0.0,32.50360107421875,28.408124923706055,1.5,0,99,1.0,0.0,0.0,0,0,0,0,0
1779673818.390631,0,0.3499999940395355,0,0,320,900,423158243,35,77,0.0,0.0,35.31458282470703,28.561870574951172,1,0,0.6000000238418579,0,0,1,0,0,5,0,0,0,8,99,1,8.300000190734863,0.0,32.66960144042969,28.408124923706055,1.5,0,99,1.0,0.0,0.0,0,0,0,0,0
1779673818.4102747,0,0.3499999940395355,0,0,320,900,423158243,35,77,0.0,0.0,35.31458282470703,28.561870574951172,1,0,0.6000000238418579,0,0,1,0,0,5,0,0,0,8,99,1,8.300000190734863,0.0,32.83559799194336,28.408124923706055,1.5,0,99,1.0,0.0,0.0,0,0,1,0,0
1779673818.4304242,0,0.3499999940395355,1,0,320,900,423158243,35,77,0.0,0.0,35.31458282470703,28.561870574951172,0,0,0.6000000238418579,0,0,1,0,0,5,0,1,0,8,99,1,8.300000190734863,0.0,33.0015983581543,28.408124923706055,1.5,0,99,1.0,0.0,0.0,0,0,1,0,0
1779673818.4503517,0,0.3499999940395355,1,0,320,900,423158243,35,77,0.0,0.0,35.31458282470703,28.561870574951172,0,0,0.6000000238418579,0,0,1,0,0,5,0,1,0,8,99,1,8.300000190734863,0.0,33.16767883300781,28.408124923706055,1.5,0,99,1.0,0.0,0.0,0,0,1,0,0
1779673818.4703622,0,0.3499999940395355,1,0,299,900,423158243,35,77,0.0,0.0,35.31458282470703,28.561870574951172,0,0,0.6000000238418579,0,0,1,0,0,5,0,1,0,8,99,1,-3.75,0.0,33.33367156982422,28.408124923706055,1.5,0,99,0.0,0.0,0.0,0,0,1,0,0
1779673818.490291,0,0.3499999940395355,1,0,299,900,423158243,35,77,0.0,0.0,35.61457824707031,28.561870574951172,0,0,0.6000000238418579,0,0,1,0,0,5,0,1,0,8,99,1,-3.75,0.0,33.37891387939453,28.408124923706055,1.5,0,99,0.0,0.0,0.0,0,0,1,0,0
1779673818.5103698,0,0.3499999940395355,1,0,299,900,423158243,35,77,0.0,0.0,35.914573669433594,28.561870574951172,0,0,0.6000000238418579,0,0,1,0,0,5,0,1,0,8,99,1,-3.75,0.0,33.303916931152344,28.408124923706055,1.5,0,99,0.0,0.0,0.0,0,0,0,0,0
1779673818.5303407,0,0.3499999940395355,1,0,299,900,423158243,35,77,0.0,0.0,36.214569091796875,28.561870574951172,1,0,0.6000000238418579,0,0,1,0,0,5,0,1,0,8,99,1,-3.75,0.0,33.228912353515625,28.408124923706055,1.5,0,99,0.0,0.0,0.0,0,0,0,0,0
1779673818.5502782,0,0.3499999940395355,1,0,299,900,423158243,35,77,0.0,0.0,36.497398376464844,28.561874389648438,1,0,0.6000000238418579,0,0,1,0,0,5,0,1,0,8,99,1,-3.75,0.0,33.15391540527344,28.408124923706055,1.5,0,99,0.0,0.0,0.0,0,0,0,0,0
1779673818.5701516,0,0.3499999940395355,1,0,299,900,423158243,35,77,0.0,0.0,36.49737548828125,28.561874389648438,1,0,0.6000000238418579,0,0,1,0,0,5,0,1,0,8,99,1,-3.75,0.0,33.078914642333984,28.408124923706055,1.5,0,99,0.0,0.0,0.0,0,0,0,0,0
1779673818.5904348,0,0.3499999940395355,1,0,299,900,423158243,35,77,0.0,0.0,36.49736785888672,28.561874389648438,1,0,0.6000000238418579,0,0,1,0,0,5,0,1,0,8,99,1,-3.75,0.0,33.00391387939453,28.408124923706055,1.5,0,99,0.0,0.0,0.0,0,0,0,0,0
1779673818.6100252,0,0.3499999940395355,1,0,299,900,423158243,36,77,0.0,0.0,36.49736022949219,28.561874389648438,1,0,0.6000000238418579,0,0,1,0,0,5,0,1,0,8,99,1,-3.75,0.0,32.928916931152344,28.408124923706055,1.5,0,99,0.0,0.0,0.0,1,0,0,0,0
1779673818.6304178,0,0.3499999940395355,1,0,299,900,423158243,37,77,0.0,0.0,36.49736022949219,28.561874389648438,1,0,0.6000000238418579,0,0,1,0,0,5,0,1,1,8,99,1,-3.75,0.0,32.853912353515625,28.408124923706055,1.5,0,99,-1.0,0.0,0.0,1,0,0,0,0
1779673818.650323,0,0.3499999940395355,1,0,299,900,423158243,37,77,0.0,0.0,36.49736022949219,28.561874389648438,1,0,0.6000000238418579,0,0,1,0,0,5,0,1,1,8,99,0,-3.75,15.70199966430664,32.77891540527344,28.56545639038086,1.5,0,99,-1.0,1.0,0.0,1,0,0,0,0
1779673818.950586,0,0.3499999940395355,0,0,299,900,423158243,37,77,0.0,0.0,36.49736022949219,28.561874389648438,0,0,0.6000000238418579,0,0,1,0,0,4,1,0,0,8,99,0,0.0,0.0,32.74148941040039,28.97370147705078,1.5,0,99,1.0,-1.0,0.0,1,0,0,0,0
1779673818.970274,0,0.3499999940395355,0,0,299,900,423158243,37,77,0.0,0.0,36.49736022949219,28.561874389648438,0,0,0.6000000238418579,0,0,1,0,0,4,1,0,0,8,99,0,0.0,0.0,32.74148941040039,29.036203384399414,1.5,0,99,1.0,-1.0,0.0,1,0,0,0,0
1779673818.9907722,0,0.3499999940395355,0,0,299,900,423158243,37,77,0.0,0.0,36.49736022949219,28.561874389648438,0,0,0.6000000238418579,0,0,1,0,0,4,1,0,0,8,99,0,0.0,0.0,32.74148941040039,29.036203384399414,1.5,0,99,1.0,-1.0,0.0,1,0,0,0,0
1779673819.0105236,0,0.3499999940395355,0,0,299,900,423158243,37,77,0.0,0.0,36.49736022949219,28.561874389648438,0,0,0.6000000238418579,0,0,1,0,0,4,1,0,0,8,99,0,-15.0,7.5,32.591346740722656,29.11127471923828,1.5,0,99,1.0,-1.0,0.0,1,0,0,0,0
1779673819.030429,0,0.3499999940395355,0,0,299,900,423158243,37,77,0.0,0.0,36.49736022949219,28.561874389648438,0,0,0.6000000238418579,0,0,1,0,0,4,1,0,0,8,99,0,-15.0,7.5,32.29119873046875,29.261348724365234,1.5,0,99,1.0,-1.0,0.0,1,0,0,0,0
1779673819.0500658,0,0.3499999940395355,0,0,299,900,423158243,37,77,0.0,0.0,36.49736022949219,28.561874389648438,0,0,0.6000000238418579,0,0,1,0,0,4,1,0,0,8,99,0,-15.0,7.5,31.991212844848633,29.41134262084961,1.5,0,99,1.0,-1.0,0.0,1,0,0,0,0
1779673819.0804083,0,0.3499999940395355,0,0,299,900,423158243,37,77,0.0,0.0,36.49736022949219,28.561874389648438,0,0,0.6000000238418579,0,0,1,0,0,4,1,0,0,8,99,0,-15.0,7.5,31.691211700439453,29.561344146728516,1.5,0,99,1.0,-1.0,0.0,1,0,0,0,0
1779673819.0996866,0,0.3499999940395355,0,0,299,900,423158243,37,77,0.0,0.0,36.49736022949219,28.561874389648438,0,0,0.6000000238418579,0,0,1,0,0,4,1,0,0,8,99,0,-15.0,7.5,31.39121437072754,29.711341857910156,1.5,0,99,1.0,-1.0,0.0,1,0,0,0,0
1779673819.1182914,0,0.3499999940395355,0,0,299,900,423158243,37,77,0.0,0.0,36.49736022949219,28.561874389648438,0,0,0.6000000238418579,0,0,1,0,0,4,1,0,0,8,99,0,-15.0,7.5,31.09122085571289,29.861337661743164,1.5,0,99,1.0,-1.0,0.0,0,0,0,0,0
1779673819.1368852,0,0.3499999940395355,0,0,299,900,423158243,37,77,0.0,0.0,36.49736022949219,28.561874389648438,0,0,0.6000000238418579,0,0,1,0,0,4,1,0,0,8,99,0,-15.0,7.5,30.791370391845703,30.011262893676758,1.5,0,99,1.0,-1.0,0.0,0,0,0,0,0
1779673819.155118,0,0.3499999940395355,0,0,299,900,423158243,37,77,0.0,0.0,36.49736022949219,28.561874389648438,0,0,0.6000000238418579,0,0,1,0,0,4,1,0,0,8,99,0,-15.0,7.5,30.49123764038086,30.16132926940918,1.5,0,99,1.0,-1.0,0.0,0,0,0,0,0
1779673819.1733966,0,0.3499999940395355,0,0,299,900,423158243,37,77,0.0,0.0,36.49736022949219,28.561874389648438,0,0,0.6000000238418579,0,0,1,0,0,4,1,0,0,8,99,0,-15.0,7.5,30.19123649597168,30.311328887939453,1.5,0,99,1.0,-1.0,0.0,0,0,0,0,0
1779673819.191694,0,0.3499999940395355,0,0,299,900,423158243,37,77,0.0,0.0,36.49736022949219,28.561874389648438,1,0,0.6000000238418579,0,0,1,0,0,4,1,0,0,8,99,0,-15.0,7.5,29.8912353515625,30.46133041381836,1.5,0,99,1.0,-1.0,0.0,0,0,0,0,0
1779673819.210123,0,0.3499999940395355,0,0,299,900,423158243,37,77,0.0,0.0,36.49736022949219,28.561874389648438,1,0,0.6000000238418579,0,0,1,1,0,4,1,0,0,8,99,0,0.0,-0.9479996562004089,29.741497039794922,30.52671241760254,1.5,0,99,1.0,-1.0,0.0,0,0,0,0,0
1779673819.2304122,0,0.3499999940395355,0,0,299,900,423158243,37,77,0.0,0.0,36.49736022949219,28.561874389648438,1,0,0.6000000238418579,0,0,1,1,0,4,1,0,0,8,99,0,8.300000190734863,-1.8959993124008179,29.824562072753906,30.49826431274414,1.5,0,99,1.0,-1.0,0.0,0,0,0,0,0
1779673819.2504985,0,0.3499999940395355,0,0,299,900,423158243,37,77,0.0,0.0,36.49736022949219,28.561874389648438,1,0,0.6000000238418579,0,0,1,1,0,4,1,0,0,8,99,0,8.300000190734863,-2.843998908996582,29.990556716918945,30.45085906982422,1.5,0,99,1.0,-1.0,0.0,0,0,0,0,0
1779673819.2701952,0,0.3499999940395355,0,0,299,900,423158243,37,77,0.0,0.0,36.49736022949219,28.561874389648438,1,0,0.6000000238418579,0,0,1,1,0,4,1,0,0,8,99,0,8.300000190734863,-3.7919986248016357,30.15656089782715,30.384492874145508,1.5,0,99,1.0,-1.0,0.0,0,0,0,0,0
1779673819.2904794,0,0.3499999940395355,0,0,299,900,423158243,37,77,0.0,0.0,36.49736022949219,28.561874389648438,1,0,0.6000000238418579,0,0,1,1,0,4,1,0,0,8,99,0,8.300000190734863,-4.7399983406066895,30.322641372680664,30.29911994934082,1.5,0,99,1.0,0.0,0.0,0,0,0,0,0
1779673819.3104854,0,0.3499999940395355,0,0,299,900,423158243,37,77,0.0,0.0,36.49736022949219,28.561874389648438,1,0,0.6000000238418579,0,0,1,1,0,4,1,0,0,8,99,0,8.300000190734863,-5.687997817993164,30.488643646240234,30.19482421875,1.5,0,99,1.0,0.0,0.0,0,0,0,0,0
1779673819.330286,0,0.3499999940395355,0,0,299,900,423158243,37,77,0.0,0.0,36.49736022949219,28.561874389648438,1,0,0.6000000238418579,0,0,1,1,0,4,1,0,0,8,99,0,8.300000190734863,-6.635997295379639,30.654640197753906,30.07156753540039,1.5,0,99,1.0,0.0,0.0,0,0,0,0,0
1779673819.3505356,0,0.3499999940395355,0,0,299,900,423158243,37,77,0.0,0.0,36.49736022949219,28.561874389648438,1,0,0.6000000238418579,0,0,1,1,0,4,1,0,0,8,99,0,8.300000190734863,-7.583996772766113,30.82063865661621,29.92935562133789,1.5,0,99,1.0,0.0,0.0,0,0,0,0,0
1779673819.3710768,0,0.3499999940395355,0,0,299,900,423158243,37,77,0.0,0.0,36.49736022949219,28.561874389648438,1,0,0.6000000238418579,0,0,1,1,0,4,1,0,0,8,99,0,8.300000190734863,-8.531996726989746,30.98663902282715,29.76818084716797,1.5,0,99,1.0,0.0,0.0,0,0,0,0,0
1779673819.3904786,0,0.3499999940395355,0,0,299,900,423158243,37,77,0.0,0.0,36.49736022949219,28.561874389648438,1,0,0.6000000238418579,0,0,1,1,0,4,1,0,0,8,99,0,8.300000190734863,-9.479996681213379,31.15264129638672,29.588043212890625,1.5,0,99,1.0,0.0,0.0,0,0,0,0,0
1779673819.4101832,0,0.3499999940395355,0,0,299,900,423158243,37,77,0.0,0.0,36.49736022949219,28.561874389648438,1,0,0.6000000238418579,0,0,1,1,0,4,1,0,0,8,99,0,8.300000190734863,-10.427996635437012,31.31864356994629,29.388946533203125,1.5,0,99,1.0,0.0,0.0,0,0,0,0,0
1779673819.430459,0,0.3499999940395355,0,0,299,900,423158243,37,77,0.0,0.0,36.49736022949219,28.561874389648438,1,0,0.6000000238418579,0,0,1,1,0,4,1,0,0,8,99,0,8.300000190734863,-11.375996589660645,31.484643936157227,29.170888900756836,1.5,0,99,1.0,0.0,0.0,0,0,0,0,0
1779673819.450456,0,0.3499999940395355,0,0,299,900,423158243,37,77,0.0,0.0,36.49736022949219,28.561874389648438,1,0,0.6000000238418579,0,0,1,1,0,4,1,0,0,8,99,0,8.300000190734863,-12.323996543884277,31.65064239501953,28.93387794494629,1.5,0,99,1.0,0.0,0.0,0,0,0,0,0
1779673819.470872,0,0.3499999940395355,0,0,299,900,423158243,37,77,0.0,0.0,36.49736022949219,28.561874389648438,1,0,0.6000000238418579,0,0,1,1,0,4,1,0,0,8,99,0,8.300000190734863,-13.27199649810791,31.816560745239258,28.67803192138672,1.5,0,99,1.0,0.0,0.0,0,0,0,0,0
1779673819.4906988,0,0.3499999940395355,0,0,299,900,423158243,37,77,0.0,0.0,36.49736022949219,28.561874389648438,1,0,0.6000000238418579,0,0,1,0,0,4,1,0,0,8,99,1,8.300000190734863,0.0,31.982646942138672,28.476627349853516,1.5,0,99,1.0,0.0,0.0,0,0,0,0,0
1779673819.510729,0,0.3499999940395355,0,0,299,900,423158243,37,77,0.0,0.0,36.49736022949219,28.561874389648438,1,0,0.6000000238418579,0,0,1,0,0,4,1,0,0,8,99,1,8.300000190734863,0.0,32.148643493652344,28.408092498779297,1.5,0,99,1.0,0.0,0.0,0,0,0,0,0
1779673819.530244,0,0.3499999940395355,0,0,299,900,423158243,37,77,0.0,0.0,36.49736022949219,28.561874389648438,1,0,0.6000000238418579,0,0,1,0,0,4,1,0,0,8,99,1,8.300000190734863,0.0,32.31464385986328,28.408103942871094,1.5,0,99,1.0,0.0,0.0,0,0,0,0,0
1779673819.5507536,0,0.3499999940395355,0,0,299,900,423158243,37,77,0.0,0.0,36.49736022949219,28.561874389648438,1,0,0.6000000238418579,0,0,1,0,0,4,1,0,0,8,99,1,8.300000190734863,0.0,32.48064041137695,28.408111572265625,1.5,0,99,1.0,0.0,0.0,0,0,0,0,0
1779673819.5701287,0,0.3499999940395355,0,0,299,900,423158243,37,77,0.0,0.0,36.49736022949219,28.561874389648438,1,0,0.6000000238418579,0,0,1,0,0,4,1,0,0,8,99,1,8.300000190734863,0.0,32.64656066894531,28.408117294311523,1.5,0,99,1.0,0.0,0.0,0,0,0,0,0
1779673819.5907474,0,0.3499999940395355,0,0,299,900,423158243,37,77,0.0,0.0,36.49736022949219,28.561874389648438,1,0,0.6000000238418579,0,0,1,0,0,4,1,0,0,8,99,1,8.300000190734863,0.0,32.812557220458984,28.408119201660156,1.5,0,99,1.0,0.0,0.0,0,0,0,0,0
1779673819.6103115,0,0.3499999940395355,0,0,299,900,423158243,37,77,0.0,0.0,36.49736022949219,28.561874389648438,1,0,0.6000000238418579,0,0,1,0,0,4,1,0,0,8,99,1,8.300000190734863,0.0,32.97855758666992,28.40812110900879,1.5,0,99,1.0,0.0,0.0,0,0,0,0,0
1779673819.63047,0,0.3499999940395355,0,0,299,900,423158243,37,77,0.0,0.0,36.49736022949219,28.561874389648438,1,0,0.6000000238418579,0,0,1,0,0,4,1,0,0,8,99,1,8.300000190734863,0.0,33.14455795288086,28.40812110900879,1.5,0,99,1.0,0.0,0.0,0,0,0,0,0
1779673819.6501827,0,0.3499999940395355,0,0,299,900,423158243,37,77,0.0,0.0,36.49736022949219,28.561874389648438,1,0,0.6000000238418579,0,0,1,0,0,4,1,0,0,8,99,1,8.300000190734863,0.0,33.3105583190918,28.40812110900879,1.5,0,99,1.0,0.0,0.0,0,0,0,0,0
1779673819.670443,0,0.3499999940395355,0,0,299,900,423158243,37,77,0.0,0.0,36.49736022949219,28.561874389648438,1,0,0.6000000238418579,0,0,1,0,0,4,1,0,0,8,99,1,8.300000190734863,0.0,33.476558685302734,28.40812110900879,1.5,0,99,1.0,0.0,0.0,0,0,1,0,0
1779673819.6902602,0,0.3499999940395355,1,0,299,900,423158243,37,77,0.0,0.0,36.49736022949219,28.561874389648438,0,0,0.6000000238418579,0,0,1,0,0,4,1,1,0,8,99,1,8.300000190734863,0.0,33.642555236816406,28.40812110900879,1.5,0,99,1.0,0.0,0.0,0,0,1,0,0
1779673819.7104785,0,0.3499999940395355,1,0,299,900,423158243,37,77,0.0,0.0,36.49736022949219,28.561874389648438,0,0,0.6000000238418579,0,0,1,0,0,4,1,1,0,8,99,1,8.300000190734863,0.0,33.808555603027344,28.40812110900879,1.5,0,99,1.0,0.0,0.0,0,0,1,0,0
1779673819.7302582,0,0.3499999940395355,1,0,278,900,423158243,37,77,0.0,0.0,36.49736022949219,28.561874389648438,0,0,0.6000000238418579,0,0,1,0,0,4,1,1,0,8,99,1,-3.75,0.0,33.97455596923828,28.40812110900879,1.5,0,99,1.0,0.0,0.0,0,0,1,0,0
1779673819.7503827,0,0.3499999940395355,1,0,278,900,423158243,37,77,0.0,0.0,36.49736022949219,28.561874389648438,0,0,0.6000000238418579,0,0,1,0,0,4,1,1,0,8,99,1,-3.75,0.0,34.01994705200195,28.40812110900879,1.5,0,99,1.0,0.0,0.0,0,0,1,0,0
1779673819.7701395,0,0.3499999940395355,1,0,278,900,423158243,37,77,0.0,0.0,36.49736022949219,28.561874389648438,0,0,0.6000000238418579,0,0,1,0,0,4,1,1,0,8,99,1,-3.75,0.0,33.944984436035156,28.40812110900879,1.5,0,99,1.0,0.0,0.0,0,0,1,0,0
1779673819.7904975,0,0.3499999940395355,1,0,278,900,423158243,37,77,0.0,0.0,36.49736022949219,28.561874389648438,0,0,0.6000000238418579,0,0,1,0,0,4,1,1,0,8,99,1,-3.75,0.0,33.86998748779297,28.40812110900879,1.5,0,99,0.0,0.0,0.0,0,0,1,0,0
1779673819.8103027,0,0.3499999940395355,1,0,278,900,423158243,37,77,0.0,0.0,36.49736022949219,28.561874389648438,1,0,0.6000000238418579,0,0,1,0,0,4,1,1,0,8,99,1,-3.75,0.0,33.79498291015625,28.40812110900879,1.5,0,99,0.0,0.0,0.0,0,0,0,0,0
1779673819.8303955,0,0.3499999940395355,1,0,278,900,423158243,37,77,0.0,0.0,36.49736022949219,28.561874389648438,1,0,0.6000000238418579,0,0,1,0,0,4,1,1,0,8,99,1,-3.75,0.0,33.719947814941406,28.40812110900879,1.5,0,99,0.0,0.0,0.0,0,0,0,0,0
1779673819.8504028,0,0.3499999940395355,1,0,278,900,423158243,37,77,0.0,0.0,36.49736022949219,28.561874389648438,1,0,0.6000000238418579,0,0,1,0,0,4,1,1,0,8,99,1,-3.75,0.0,33.64494323730469,28.40812110900879,1.5,0,99,0.0,0.0,0.0,0,0,0,0,0
1779673819.8705246,0,0.3499999940395355,1,0,278,900,423158243,37,77,0.0,0.0,36.49736022949219,28.561874389648438,1,0,0.6000000238418579,0,0,1,0,0,4,1,1,0,8,99,1,-3.75,0.0,33.56998062133789,28.40812110900879,1.5,0,99,0.0,0.0,0.0,0,0,0,0,0
1779673819.8904967,0,0.3499999940395355,1,0,278,900,423158243,37,77,0.0,0.0,36.49736022949219,28.561874389648438,1,0,0.6000000238418579,0,0,1,0,0,4,1,1,0,8,99,1,-3.75,0.0,33.49494171142578,28.40812110900879,1.5,0,99,0.0,0.0,0.0,0,0,0,0,0
1779673819.9105384,0,0.3499999940395355,1,0,278,900,423158243,37,77,0.0,0.0,36.49736022949219,28.561874389648438,1,0,0.6000000238418579,0,0,1,0,0,4,1,1,0,8,99,1,-3.75,0.0,33.419979095458984,28.40812110900879,1.5,0,99,0.0,0.0,0.0,0,0,0,0,0
1779673819.93007,0,0.3499999940395355,1,0,278,900,423158243,37,77,0.0,0.0,36.49736022949219,28.561874389648438,1,0,0.6000000238418579,0,0,1,0,0,4,1,1,0,8,99,1,0.0,0.0,33.38249969482422,28.40812110900879,1.5,0,99,0.0,0.0,0.0,0,0,0,0,0
1779673819.9502966,0,0.3499999940395355,1,0,278,900,423158243,37,77,0.0,0.0,36.49736022949219,28.561874389648438,1,0,0.6000000238418579,0,0,1,0,0,4,1,1,0,8,99,1,0.0,0.0,33.38249969482422,28.40812110900879,1.5,0,99,0.0,0.0,0.0,0,0,0,0,0
1779673819.970202,0,0.3499999940395355,1,0,278,900,423158243,37,77,0.0,0.0,36.49736022949219,28.561874389648438,1,0,0.6000000238418579,0,0,1,0,0,4,1,1,0,8,99,1,0.0,0.0,33.38249969482422,28.40812110900879,1.5,0,99,0.0,0.0,0.0,0,0,0,0,0
1779673819.990277,0,0.3499999940395355,1,0,278,900,423158243,37,77,0.0,0.0,36.49736022949219,28.561874389648438,1,0,0.6000000238418579,0,0,1,0,0,4,1,1,0,8,99,1,0.0,0.0,33.38249969482422,28.40812110900879,1.5,0,99,0.0,0.0,0.0,0,0,0,0,0
1779673820.0100782,0,0.3499999940395355,1,0,278,900,423158243,37,77,0.0,0.0,36.49736022949219,28.561874389648438,1,0,0.6000000238418579,0,0,1,0,0,4,1,1,0,8,99,1,0.0,0.0,33.38249969482422,28.40812110900879,1.5,0,99,0.0,0.0,0.0,0,0,0,0,0
1779673820.030475,0,0.3499999940395355,1,0,278,900,423158243,37,77,0.0,0.0,36.49736022949219,28.561874389648438,1,0,0.6000000238418579,0,0,1,0,0,4,1,1,0,8,99,1,0.0,0.0,33.38249969482422,28.40812110900879,1.5,0,99,0.0,0.0,0.0,0,0,1,0,0
1779673820.0503473,0,0.3499999940395355,0,0,278,900,423158243,37,77,0.0,0.0,36.49736022949219,28.561874389648438,1,0,0.6000000238418579,0,0,1,0,0,4,1,0,0,8,99,1,0.0,0.0,33.38249969482422,28.40812110900879,1.5,0,99,0.0,0.0,0.0,0,0,1,0,0
1779673820.0702748,0,0.3499999940395355,0,0,278,900,423158243,37,77,0.0,0.0,36.49736022949219,28.561874389648438,1,0,0.6000000238418579,0,0,1,0,0,4,1,0,0,8,99,1,0.0,0.0,33.38249969482422,28.40812110900879,1.5,0,99,0.0,0.0,0.0,0,0,1,0,0
1779673820.0903053,0,0.3499999940395355,0,0,278,900,423158243,38,77,0.0,0.0,36.49736022949219,28.561874389648438,1,0,0.6000000238418579,0,0,1,0,0,4,1,0,0,8,99,1,0.0,0.0,33.38249969482422,28.40812110900879,1.5,0,99,0.0,0.0,0.0,0,0,1,0,0
1779673820.1103451,0,0.3499999940395355,1,0,278,900,423158243,38,77,0.0,0.0,36.49736022949219,28.561874389648438,0,0,0.6000000238418579,0,0,1,0,0,4,1,1,0,8,99,1,0.0,0.0,33.38249969482422,28.40812110900879,1.5,0,99,0.0,0.0,0.0,0,0,1,0,0
1779673820.1301076,0,0.3499999940395355,1,0,278,900,423158243,38,77,0.0,0.0,36.49736022949219,28.561874389648438,0,0,0.6000000238418579,0,0,1,0,0,4,1,1,0,8,99,1,0.0,0.0,33.38249969482422,28.40812110900879,1.5,0,99,0.0,0.0,0.0,0,0,1,0,0
1779673820.1509702,0,0.3499999940395355,1,0,257,900,423158243,38,77,0.0,0.0,36.49736022949219,28.561874389648438,0,0,0.6000000238418579,0,0,1,0,0,4,1,1,0,8,99,1,-3.75,0.0,33.38249969482422,28.40812110900879,1.5,0,99,0.0,0.0,0.0,0,0,1,0,0
1779673820.1719315,0,0.3499999940395355,1,0,257,900,423158243,38,77,0.0,0.0,36.797359466552734,28.561874389648438,0,0,0.6000000238418579,0,0,1,0,0,4,1,1,0,8,99,1,-3.75,0.0,33.34495162963867,28.40812110900879,1.5,0,99,0.0,0.0,0.0,0,0,0,0,0
1779673820.1908574,0,0.3499999940395355,1,0,257,900,423158243,38,77,0.0,0.0,37.09735870361328,28.561874389648438,0,0,0.6000000238418579,0,0,1,0,0,4,1,1,0,8,99,1,-3.75,0.0,33.26995086669922,28.40812110900879,1.5,0,99,0.0,0.0,0.0,0,0,0,0,0
1779673820.2108238,0,0.3499999940395355,1,0,257,900,423158243,38,77,0.0,0.0,37.145957946777344,28.561874389648438,0,0,0.6000000238418579,0,0,1,0,0,4,1,1,0,8,99,1,-3.75,0.0,33.194950103759766,28.40812110900879,1.5,0,99,0.0,0.0,0.0,0,0,0,0,0
1779673820.2304401,0,0.3499999940395355,1,0,257,900,423158243,38,77,0.0,0.0,37.14374542236328,28.561874389648438,1,0,0.6000000238418579,0,0,1,0,0,4,1,1,0,8,99,1,-3.75,0.0,33.11994934082031,28.40812110900879,1.5,0,99,0.0,0.0,0.0,0,0,0,0,0
1779673820.2505105,0,0.3499999940395355,1,0,257,900,423158243,38,77,0.0,0.0,37.142330169677734,28.561874389648438,1,0,0.6000000238418579,0,0,1,0,0,4,1,1,0,8,99,1,-3.75,0.0,33.044944763183594,28.40812110900879,1.5,0,99,0.0,0.0,0.0,0,0,0,0,0
1779673820.270493,0,0.3499999940395355,1,0,257,900,423158243,38,77,0.0,0.0,37.141422271728516,28.561874389648438,1,0,0.6000000238418579,0,0,1,0,0,4,0,1,0,8,99,1,-3.75,0.0,32.96998596191406,28.40812110900879,1.5,0,99,0.0,0.0,0.0,0,0,0,0,0
1779673820.2919545,0,0.3499999940395355,1,0,257,900,423158243,38,77,0.0,0.0,37.14084243774414,28.561874389648438,1,0,0.6000000238418579,0,0,1,0,0,4,0,1,0,8,99,1,-3.75,0.0,32.894981384277344,28.40812110900879,1.5,0,99,0.0,0.0,0.0,0,0,0,0,0
1779673820.3112197,0,0.3499999940395355,1,0,257,900,423158243,38,77,0.0,0.0,37.140472412109375,28.561874389648438,1,0,0.6000000238418579,0,0,1,0,0,4,0,1,0,8,99,1,-3.75,0.0,32.81998062133789,28.40812110900879,1.5,0,99,0.0,0.0,0.0,0,0,0,0,0
1779673820.3306131,0,0.3499999940395355,1,0,257,900,423158243,38,77,0.0,0.0,37.14023208618164,28.561874389648438,1,0,0.6000000238418579,0,0,1,0,0,4,0,1,0,8,99,1,-3.75,0.0,32.74494171142578,28.40812110900879,1.5,0,99,0.0,0.0,0.0,0,0,0,0,0
1779673820.3509002,0,0.3499999940395355,1,0,257,900,423158243,38,77,0.0,0.0,37.140079498291016,28.561874389648438,1,0,0.6000000238418579,0,0,1,0,0,4,0,1,0,8,99,1,0.0,0.0,32.70749282836914,28.40812110900879,1.5,0,99,0.0,0.0,0.0,0,0,0,0,0
1779673820.3708568,0,0.3499999940395355,1,0,257,900,423158243,38,77,0.0,0.0,37.139984130859375,28.561874389648438,1,0,0.6000000238418579,0,0,1,0,0,4,0,1,0,8,99,1,0.0,0.0,32.70749282836914,28.40812110900879,1.5,0,99,0.0,0.0,0.0,0,0,0,0,0
1779673820.3905632,0,0.3499999940395355,1,0,257,900,423158243,38,77,0.0,0.0,37.139923095703125,28.561874389648438,1,0,0.6000000238418579,0,0,1,0,0,4,0,1,0,8,99,1,0.0,0.0,32.70749282836914,28.40812110900879,1.5,0,99,0.0,0.0,0.0,0,0,0,0,0
1779673820.4108877,0,0.3499999940395355,1,0,257,900,423158243,69,77,0.0,0.0,37.1398811340332,28.561874389648438,1,0,0.6000000238418579,0,0,1,0,0,4,0,1,0,8,99,1,0.0,0.0,32.70749282836914,28.40812110900879,1.5,0,99,0.0,0.0,0.0,0,0,0,0,0
1779673820.4305036,0,0.3499999940395355,1,0,257,900,423158243,69,77,0.0,0.0,37.1398811340332,28.561874389648438,1,0,0.6000000238418579,0,0,1,0,0,4,0,1,0,8,99,1,0.0,0.0,32.70749282836914,28.40812110900879,1.5,0,99,0.0,0.0,0.0,0,0,1,0,0
1779673820.4505594,0,0.3499999940395355,1,0,257,900,423158243,69,77,0.0,0.0,37.1398811340332,28.561874389648438,1,0,0.6000000238418579,0,0,1,0,0,4,0,1,0,8,99,1,0.0,0.0,32.70749282836914,28.40812110900879,1.5,0,99,0.0,0.0,0.0,0,0,1,0,0
1779673820.4710069,0,0.3499999940395355,0,0,257,900,423158243,69,77,0.0,0.0,37.1398811340332,28.561874389648438,1,0,0.6000000238418579,0,0,1,0,0,4,0,0,0,8,99,1,0.0,0.0,32.70749282836914,28.40812110900879,1.5,0,99,0.0,0.0,0.0,0,0,1,0,0
1779673820.4904938,0,0.3499999940395355,0,0,257,900,423158243,69,77,0.0,0.0,37.1398811340332,28.561874389648438,1,0,0.6000000238418579,0,0,1,0,0,4,0,0,0,8,99,1,0.0,0.0,32.70749282836914,28.40812110900879,1.5,0,99,0.0,0.0,0.0,0,0,1,0,0
1779673820.5105054,0,0.3499999940395355,0,0,257,900,423158243,69,77,0.0,0.0,37.1398811340332,28.561874389648438,1,0,0.6000000238418579,0,0,1,0,0,4,0,0,0,8,99,1,0.0,0.0,32.70749282836914,28.40812110900879,1.5,0,99,0.0,0.0,0.0,0,0,1,0,0
1779673820.5308464,0,0.3499999940395355,1,0,257,900,423158243,69,77,0.0,0.0,37.1398811340332,28.561874389648438,0,0,0.6000000238418579,0,0,1,0,0,4,0,1,0,8,99,1,0.0,0.0,32.70749282836914,28.40812110900879,1.5,0,99,0.0,0.0,0.0,0,0,1,0,0
1779673820.550985,0,0.3499999940395355,1,0,257,900,423158243,69,77,0.0,0.0,37.1398811340332,28.561874389648438,0,0,0.6000000238418579,0,0,1,0,0,4,0,1,0,8,99,1,0.0,0.0,32.70749282836914,28.40812110900879,1.5,0,99,0.0,0.0,0.0,0,0,1,0,0
1779673820.5706694,0,0.3499999940395355,1,0,257,900,423158243,69,77,0.0,0.0,37.1398811340332,28.561874389648438,0,0,0.6000000238418579,0,0,1,0,0,4,0,1,0,8,99,1,0.0,0.0,32.70749282836914,28.40812110900879,1.5,0,99,0.0,0.0,0.0,0,0,0,0,0
1779673820.5905023,0,0.3499999940395355,1,0,257,900,423158243,69,77,0.0,0.0,37.1398811340332,28.561874389648438,0,0,0.6000000238418579,0,0,1,0,0,4,0,1,0,8,99,1,0.0,0.0,32.70749282836914,28.40812110900879,1.5,0,99,0.0,0.0,0.0,0,0,0,0,0
1779673820.6104612,0,0.3499999940395355,1,0,257,900,423158243,69,77,0.0,0.0,37.1398811340332,28.561874389648438,0,0,0.6000000238418579,0,0,1,0,0,4,0,1,0,8,99,1,0.0,0.0,32.70749282836914,28.40812110900879,1.5,0,99,0.0,0.0,0.0,0,0,0,0,0
1779673820.630424,0,0.3499999940395355,1,0,257,900,423158243,69,77,0.0,0.0,37.1398811340332,28.561874389648438,1,0,0.6000000238418579,0,0,1,0,0,4,0,1,0,8,99,1,0.0,0.0,32.70749282836914,28.40812110900879,1.5,0,99,0.0,0.0,0.0,0,0,0,0,0
1779673820.6501935,0,0.3499999940395355,1,0,257,900,423158243,69,77,0.0,0.0,37.1398811340332,28.561874389648438,1,0,0.6000000238418579,0,0,1,0,0,4,0,1,0,8,99,1,0.0,0.0,32.70749282836914,28.40812110900879,1.5,0,99,0.0,0.0,0.0,0,0,0,0,0
1779673820.6704903,0,0.3499999940395355,1,0,257,900,423158243,45,77,8.0,0.0,37.1398811340332,28.561874389648438,1,0,0.6000000238418579,0,0,1,0,0,4,0,1,0,8,99,1,0.0,0.0,32.70749282836914,28.40812110900879,1.5,0,99,0.0,0.0,0.0,0,0,0,0,0
1779673820.690672,0,0.3499999940395355,1,0,257,900,423158243,45,77,8.0,0.0,37.29988098144531,28.561874389648438,1,0,0.6000000238418579,0,0,1,0,0,4,0,1,0,8,99,1,0.0,0.0,32.70749282836914,28.40812110900879,1.5,0,99,0.0,0.0,0.0,0,0,0,0,0
1779673820.7103868,0,0.3499999940395355,1,0,257,900,423158243,45,77,8.0,0.0,37.45988082885742,28.561874389648438,1,0,0.6000000238418579,0,0,1,0,0,4,0,1,0,8,99,1,0.0,0.0,32.70749282836914,28.40812110900879,1.5,0,99,0.0,0.0,0.0,0,0,0,0,0
1779673820.7302425,0,0.3499999940395355,1,0,257,900,423158243,7,77,0.0,0.0,37.61988067626953,28.561874389648438,1,0,0.6000000238418579,0,0,1,0,0,4,0,1,0,8,99,1,0.0,0.0,32.70749282836914,28.40812110900879,1.5,0,99,0.0,0.0,0.0,0,0,0,0,0
1779673820.750568,0,0.3499999940395355,1,0,257,900,423158243,7,77,0.0,0.0,37.47062683105469,28.561874389648438,1,0,0.6000000238418579,0,0,1,0,0,4,0,1,0,8,99,1,0.0,0.0,32.70749282836914,28.40812110900879,1.5,0,99,0.0,0.0,0.0,0,0,0,0,0
1779673820.770195,0,0.3499999940395355,1,0,257,900,423158243,7,77,0.0,0.0,37.43149948120117,28.561874389648438,1,0,0.6000000238418579,0,0,1,0,0,4,0,1,0,8,99,1,0.0,0.0,32.70749282836914,28.40812110900879,1.5,0,99,0.0,0.0,0.0,0,0,0,0,0
1779673820.790318,0,0.3499999940395355,1,0,257,900,423158243,7,77,0.0,0.0,37.41765213012695,28.561874389648438,1,0,0.6000000238418579,0,0,1,0,0,4,0,1,0,8,99,1,0.0,0.0,32.70749282836914,28.40812110900879,1.5,0,99,0.0,0.0,0.0,0,0,0,0,0
1779673820.8104239,0,0.3499999940395355,1,0,257,900,423158243,7,77,0.0,0.0,37.417633056640625,28.561874389648438,1,0,0.6000000238418579,0,0,1,0,0,4,0,1,0,8,99,1,0.0,0.0,32.70749282836914,28.40812110900879,1.5,0,99,0.0,0.0,0.0,0,0,0,0,0
1779673820.8320947,0,0.3499999940395355,1,0,257,900,423158243,7,77,0.0,0.0,37.41762161254883,28.561874389648438,1,0,0.6000000238418579,0,0,1,0,0,4,0,1,0,8,99,1,0.0,0.0,32.70749282836914,28.40812110900879,1.5,0,99,0.0,0.0,0.0,0,0,0,0,0
1779673820.8526945,0,0.3499999940395355,1,0,257,900,423158243,7,77,0.0,0.0,37.4176139831543,28.561874389648438,1,0,0.6000000238418579,0,0,1,0,0,4,0,1,0,8,99,1,0.0,0.0,32.70749282836914,28.40812110900879,1.5,0,99,0.0,0.0,0.0,0,0,0,0,0
1779673820.871443,0,0.3499999940395355,0,0,257,900,423158243,7,77,0.0,0.0,37.417606353759766,28.561874389648438,1,0,0.6000000238418579,0,0,1,0,0,4,0,0,0,8,99,1,0.0,0.0,32.70749282836914,28.40812110900879,1.5,0,99,0.0,0.0,0.0,0,0,0,0,0
1779673820.890486,0,0.3499999940395355,0,0,257,900,423158243,7,77,0.0,0.0,37.417606353759766,28.561874389648438,1,0,0.6000000238418579,0,0,1,0,0,4,0,0,0,8,99,1,0.0,0.0,32.70749282836914,28.40812110900879,1.5,0,99,0.0,0.0,0.0,0,0,0,0,0
1779673820.9103947,0,0.3499999940395355,0,0,257,900,423158243,7,77,0.0,0.0,37.417606353759766,28.561874389648438,1,0,0.6000000238418579,0,0,1,0,0,4,0,0,0,8,99,1,0.0,0.0,32.70749282836914,28.40812110900879,1.5,0,99,0.0,0.0,0.0,0,0,1,0,0
1779673820.9301157,0,0.3499999940395355,0,0,257,900,423158243,7,77,0.0,0.0,37.417606353759766,28.561874389648438,1,0,0.6000000238418579,0,0,1,0,0,4,0,0,0,8,99,1,0.0,0.0,32.70749282836914,28.40812110900879,1.5,0,99,0.0,0.0,0.0,0,0,1,0,0
1779673820.9503942,0,0.3499999940395355,1,0,257,900,423158243,7,77,0.0,0.0,37.417606353759766,28.561874389648438,0,0,0.6000000238418579,0,0,1,0,0,4,0,1,0,8,99,1,0.0,0.0,32.70749282836914,28.40812110900879,1.5,0,99,0.0,0.0,0.0,0,0,1,0,0
1779673820.9703,0,0.3499999940395355,1,0,257,900,423158243,7,77,0.0,0.0,37.417606353759766,28.561874389648438,0,0,0.6000000238418579,0,0,1,0,0,4,0,1,0,8,99,1,0.0,0.0,32.70749282836914,28.40812110900879,1.5,0,99,0.0,0.0,0.0,0,0,1,0,0
1779673820.990389,0,0.3499999940395355,1,0,257,900,423158243,7,77,0.0,0.0,37.417606353759766,28.561874389648438,0,0,0.6000000238418579,0,0,1,0,0,4,0,1,0,8,99,1,0.0,0.0,32.70749282836914,28.40812110900879,1.5,0,99,0.0,0.0,0.0,0,0,1,0,0
1779673821.0101883,0,0.3499999940395355,1,0,257,900,423158243,7,77,0.0,0.0,37.417606353759766,28.561874389648438,0,0,0.6000000238418579,0,0,1,0,0,4,0,1,0,8,99,1,0.0,0.0,32.70749282836914,28.40812110900879,1.5,0,99,0.0,0.0,0.0,0,0,0,0,0
1779673821.030438,0,0.3499999940395355,1,0,257,900,423158243,7,77,0.0,0.0,37.417606353759766,28.561874389648438,0,0,0.6000000238418579,0,0,1,0,0,4,0,1,0,8,99,1,0.0,0.0,32.70749282836914,28.40812110900879,1.5,0,99,0.0,0.0,0.0,0,0,0,0,0
1779673821.0505638,0,0.3499999940395355,1,0,257,900,423158243,9,77,-17.827119827270508,41.0,37.417606353759766,28.561874389648438,1,0,0.6000000238418579,0,0,1,0,0,4,0,1,0,8,99,1,0.0,0.0,32.70749282836914,28.40812110900879,1.5,0,99,0.0,0.0,0.0,0,0,0,0,0
1779673821.070487,0,0.3499999940395355,1,0,257,900,423158243,10,77,-17.827119827270508,39.20000076293945,37.061065673828125,29.345874786376953,1,0,0.6000000238418579,0,0,1,0,0,4,0,1,0,8,99,1,0.0,0.0,32.70749282836914,28.40812110900879,1.5,0,99,1.0,0.0,0.0,0,0,0,0,0
1779673821.0902665,0,0.3499999940395355,1,0,257,900,423158243,10,77,-17.827119827270508,37.400001525878906,36.704524993896484,30.093873977661133,1,0,0.6000000238418579,0,0,1,0,0,4,0,1,0,8,99,1,8.300000190734863,0.0,32.790592193603516,28.40812110900879,1.5,0,99,1.0,0.0,0.0,0,0,0,0,0
1779673821.1103475,0,0.3499999940395355,1,0,257,900,423158243,10,77,-17.827119827270508,35.60000228881836,36.347984313964844,30.80587387084961,1,0,0.6000000238418579,0,0,1,0,0,4,0,1,0,8,99,1,8.300000190734863,0.0,32.95658874511719,28.40812110900879,1.5,0,99,1.0,0.0,0.0,0,0,0,0,0
1779673821.1303635,0,0.3499999940395355,1,0,257,900,423158243,10,77,-17.827119827270508,33.80000305175781,35.9914436340332,31.481874465942383,1,0,0.6000000238418579,0,0,1,0,0,4,0,1,0,8,99,1,8.300000190734863,0.0,33.122589111328125,28.40812110900879,1.5,0,99,1.0,0.0,0.0,0,0,0,0,0
1779673821.151542,0,0.3499999940395355,1,0,257,900,423158243,10,77,-17.827119827270508,32.000003814697266,35.63490295410156,32.12187194824219,1,0,0.6000000238418579,0,0,1,0,0,4,0,1,0,8,99,1,8.300000190734863,0.0,33.28858184814453,28.40812110900879,1.5,0,99,1.0,0.0,0.0,0,0,0,0,0
1779673821.1703336,0,0.3499999940395355,1,0,257,900,423158243,10,77,-17.827119827270508,30.20000457763672,35.27836227416992,32.72587203979492,1,0,0.6000000238418579,0,0,1,0,0,4,0,1,0,8,99,1,8.300000190734863,0.0,33.454505920410156,28.40812110900879,1.5,0,99,1.0,0.0,0.0,0,0,0,0,0
1779673821.1907182,0,0.3499999940395355,1,0,257,900,423158243,10,77,-17.827119827270508,28.400005340576172,34.92182159423828,33.29387283325195,1,0,0.6000000238418579,0,0,1,0,0,4,0,1,0,8,99,1,8.300000190734863,0.0,33.62049865722656,28.40812110900879,1.5,0,99,0.0,0.0,0.0,0,0,0,0,0
1779673821.2106273,0,0.3499999940395355,1,0,257,900,423158243,10,77,-17.827119827270508,26.600006103515625,34.56528091430664,33.82587432861328,1,0,0.6000000238418579,0,0,1,0,0,4,0,1,0,8,99,1,8.300000190734863,0.0,33.78658676147461,28.40812110900879,1.5,0,99,0.0,0.0,0.0,0,0,0,0,0
1779673821.2304614,0,0.3499999940395355,1,0,257,900,423158243,10,77,-17.827119827270508,24.800006866455078,34.208740234375,34.32187271118164,1,0,0.6000000238418579,0,0,1,0,0,4,0,1,0,8,99,1,8.300000190734863,0.0,33.95250701904297,28.40812110900879,1.5,0,99,0.0,0.0,0.0,0,0,0,0,0
1779673821.250672,0,0.3499999940395355,1,0,257,900,423158243,10,77,-17.827119827270508,23.00000762939453,33.85219955444336,34.7818717956543,1,0,0.6000000238418579,0,0,1,0,0,4,0,1,0,8,99,1,0.0,0.0,34.03549575805664,28.40812110900879,1.5,0,99,0.0,0.0,0.0,0,0,0,0,0
1779673821.2703016,0,0.3499999940395355,1,0,257,900,423158243,10,77,-17.827119827270508,21.200008392333984,33.49565887451172,35.20587158203125,1,0,0.6000000238418579,0,0,1,0,0,4,0,1,0,8,99,1,0.0,0.0,34.03549575805664,28.40812110900879,1.5,0,99,0.0,0.0,0.0,0,0,0,0,0
1779673821.290531,0,0.3499999940395355,0,0,257,900,423158243,10,77,-17.827119827270508,19.400009155273438,33.13911819458008,35.5938720703125,1,0,0.6000000238418579,0,0,1,0,0,4,0,0,0,8,99,1,0.0,0.0,34.03549575805664,28.40812110900879,1.5,0,99,0.0,0.0,0.0,0,0,0,0,0
1779673821.3103142,0,0.3499999940395355,0,0,257,900,423158243,10,77,-17.827119827270508,17.60000991821289,32.78257751464844,35.94587326049805,1,0,0.6000000238418579,0,0,1,0,0,4,0,0,0,8,99,1,0.0,0.0,34.03549575805664,28.40812110900879,1.5,0,99,0.0,0.0,0.0,0,0,0,0,0
1779673821.330456,0,0.3499999940395355,0,0,257,900,423158243,10,77,-17.827119827270508,15.800010681152344,32.4260368347168,36.26187515258789,1,0,0.6000000238418579,0,0,1,0,0,4,0,0,0,8,99,1,0.0,0.0,34.03549575805664,28.40812110900879,1.5,0,99,0.0,0.0,0.0,0,0,0,0,0
1779673821.3506021,0,0.3499999940395355,0,0,257,900,423158243,10,77,-17.827119827270508,14.000011444091797,32.069496154785156,36.541873931884766,1,0,0.6000000238418579,0,0,1,0,0,4,0,0,0,8,99,1,0.0,0.0,34.03549575805664,28.40812110900879,1.5,0,99,0.0,0.0,0.0,0,0,0,0,0
1779673821.3705187,0,0.3499999940395355,0,0,257,900,423158243,10,77,-17.827119827270508,12.20001220703125,31.712953567504883,36.78587341308594,1,0,0.6000000238418579,0,0,1,0,0,4,0,0,0,8,99,1,0.0,0.0,34.03549575805664,28.40812110900879,1.5,0,99,0.0,0.0,0.0,0,0,0,0,0
1779673821.3905149,0,0.3499999940395355,0,0,257,900,423158243,10,77,-17.827119827270508,10.400012969970703,31.35641098022461,36.993873596191406,1,0,0.6000000238418579,0,0,1,0,0,4,0,0,0,8,99,1,0.0,0.0,34.03549575805664,28.40812110900879,1.5,0,99,0.0,0.0,0.0,0,0,0,0,0
1779673821.4104052,0,0.3499999940395355,0,0,257,900,423158243,10,77,-17.827119827270508,8.600013732910156,30.999868392944336,37.16587448120117,1,0,0.6000000238418579,0,0,1,0,0,4,0,0,0,8,99,1,0.0,0.0,34.03549575805664,28.40812110900879,1.5,0,99,0.0,0.0,0.0,0,0,0,0,0
1779673821.4303284,0,0.3499999940395355,0,0,257,900,423158243,10,77,-17.827119827270508,6.800014495849609,30.643325805664062,37.301876068115234,1,0,0.6000000238418579,0,0,1,0,0,4,0,0,0,8,99,1,0.0,0.0,34.03549575805664,28.40812110900879,1.5,0,99,0.0,0.0,0.0,0,0,0,0,0
1779673821.45039,0,0.3499999940395355,0,0,257,900,423158243,10,77,-17.827119827270508,5.0000152587890625,30.28678321838379,37.40187454223633,1,0,0.6000000238418579,0,0,1,0,0,4,0,0,0,8,99,1,0.0,0.0,34.03549575805664,28.40812110900879,1.5,0,99,0.0,0.0,0.0,0,0,0,0,0
1779673821.4701633,0,0.3499999940395355,0,0,257,900,423158243,10,77,-17.827119827270508,3.2000160217285156,29.930240631103516,37.46587371826172,1,0,0.6000000238418579,0,0,1,0,0,4,0,0,0,8,99,1,0.0,0.0,34.03549575805664,28.40812110900879,1.5,0,99,0.0,0.0,0.0,0,0,0,0,0
1779673821.4903133,0,0.3499999940395355,0,0,257,900,423158243,10,77,-17.827119827270508,1.4000167846679688,29.573698043823242,37.493873596191406,1,0,0.6000000238418579,0,0,1,0,0,4,0,0,0,8,99,1,0.0,0.0,34.03549575805664,28.40812110900879,1.5,0,99,1.0,0.0,0.0,0,0,0,0,0
1779673821.5104587,0,0.3499999940395355,0,0,257,900,423158243,10,77,-17.827119827270508,-0.3999824523925781,29.21715545654297,37.48587417602539,1,0,0.6000000238418579,0,0,1,0,0,4,0,0,0,8,99,1,0.0,0.0,34.03549575805664,28.40812110900879,1.5,0,99,1.0,0.0,0.0,0,0,0,0,0
1779673821.5304723,0,0.3499999940395355,0,0,257,900,423158243,10,77,-17.827119827270508,-2.199981689453125,28.860612869262695,37.44187545776367,1,0,0.6000000238418579,0,0,1,0,0,4,0,0,0,8,99,1,0.0,0.0,34.03549575805664,28.40812110900879,1.5,0,99,1.0,0.0,0.0,0,0,0,0,0
1779673821.5503762,0,0.3499999940395355,0,0,257,900,423158243,10,77,-17.827119827270508,-3.999980926513672,28.504070281982422,37.36187744140625,1,0,0.6000000238418579,0,0,1,0,0,4,0,0,0,8,99,1,8.300000190734863,0.0,34.11858367919922,28.40812110900879,1.5,0,99,1.0,0.0,0.0,0,0,0,0,0
1779673821.570394,0,0.3499999940395355,0,0,257,900,423158243,10,77,-17.827119827270508,-5.799980163574219,28.14752769470215,37.24587631225586,1,0,0.6000000238418579,0,0,1,0,0,4,0,0,0,8,99,1,8.300000190734863,0.0,34.284507751464844,28.40812110900879,1.5,0,99,1.0,0.0,0.0,0,0,0,0,0
1779673821.5905027,0,0.3499999940395355,0,0,257,900,423158243,10,77,-17.827119827270508,-7.599979400634766,27.790985107421875,37.093875885009766,1,0,0.6000000238418579,0,0,1,0,0,4,0,0,0,8,99,1,8.300000190734863,0.0,34.45050048828125,28.40812110900879,1.5,0,99,1.0,0.0,0.0,0,0,0,0,0
1779673821.610412,0,0.3499999940395355,0,0,257,900,423158243,10,77,-17.827119827270508,-9.399978637695312,27.4344425201416,36.90587615966797,1,0,0.6000000238418579,0,0,1,0,0,4,0,0,0,8,99,1,8.300000190734863,0.0,34.61650085449219,28.40812110900879,1.5,0,99,1.0,0.0,0.0,0,0,0,0,0
1779673821.6306245,0,0.3499999940395355,0,0,257,900,423158243,10,77,-17.827119827270508,-11.19997787475586,27.077899932861328,36.68187713623047,1,0,0.6000000238418579,0,0,1,0,0,4,0,0,0,8,99,1,8.300000190734863,0.0,34.782493591308594,28.40812110900879,1.5,0,99,1.0,0.0,0.0,0,0,0,0,0
1779673821.6604574,0,0.3499999940395355,0,0,257,900,423158243,10,77,-17.827119827270508,-12.999977111816406,26.721357345581055,36.421878814697266,1,0,0.6000000238418579,0,0,1,0,0,4,0,0,0,8,99,1,8.300000190734863,0.0,35.031490325927734,28.40812110900879,1.5,0,99,1.0,0.0,0.0,0,0,0,0,0
1779673821.6791618,0,0.3499999940395355,0,0,257,900,423158243,10,77,-17.827119827270508,-14.799976348876953,26.36481475830078,36.12588119506836,1,0,0.6000000238418579,0,0,1,0,0,4,0,0,0,8,99,1,8.300000190734863,0.0,35.11457061767578,28.40812110900879,1.5,0,99,1.0,0.0,0.0,0,0,0,0,0
1779673821.6979976,0,0.3499999940395355,0,0,257,900,423158243,10,77,-17.827119827270508,-16.5999755859375,26.008272171020508,35.793880462646484,1,0,0.6000000238418579,0,0,1,0,0,4,0,0,0,8,99,1,8.300000190734863,0.0,35.28049087524414,28.40812110900879,1.5,0,99,1.0,0.0,0.0,0,0,0,0,0
1779673821.7163596,0,0.3499999940395355,0,0,257,900,423158243,10,77,-17.827119827270508,-18.399974822998047,25.651729583740234,35.425880432128906,1,0,0.6000000238418579,0,0,1,0,0,4,0,0,0,8,99,1,8.300000190734863,0.0,35.44648742675781,28.40812110900879,1.5,0,99,1.0,0.0,0.0,0,0,0,0,0
1779673821.7405994,0,0.3499999940395355,0,0,257,900,423158243,10,77,-17.827119827270508,-20.199974060058594,25.29518699645996,35.021881103515625,1,0,0.6000000238418579,0,0,1,0,0,4,0,0,0,8,99,1,8.300000190734863,0.0,35.69548416137695,28.40812110900879,1.5,0,99,1.0,0.0,0.0,0,0,0,0,0
1779673821.7601156,0,0.3499999940395355,0,0,257,900,423158243,10,77,-17.827119827270508,-21.99997329711914,24.938644409179688,34.58188247680664,1,0,0.6000000238418579,0,0,1,0,0,4,0,0,0,8,99,1,8.300000190734863,0.0,35.778564453125,28.40812110900879,1.5,0,99,1.0,0.0,0.0,0,0,0,0,0
1779673821.779089,0,0.3499999940395355,0,0,257,900,423158243,10,77,-17.827119827270508,-23.799972534179688,24.582101821899414,34.10588455200195,1,0,0.6000000238418579,0,0,1,0,0,4,0,0,0,8,99,1,8.300000190734863,0.0,35.944480895996094,28.40812110900879,1.5,0,99,1.0,0.0,0.0,0,0,0,0,0
1779673821.797779,0,0.3499999940395355,0,0,257,900,423158243,10,77,-17.827119827270508,-25.599971771240234,24.22555923461914,33.5938835144043,1,0,0.6000000238418579,0,0,1,0,0,4,0,0,0,8,99,1,8.300000190734863,0.0,36.1104850769043,28.408119201660156,1.5,0,99,1.0,0.0,0.0,0,0,0,0,0
1779673821.8160367,0,0.3499999940395355,0,0,257,900,423158243,10,77,-17.827119827270508,-27.39997100830078,23.869016647338867,33.04588317871094,1,0,0.6000000238418579,0,0,1,0,0,4,0,0,0,8,99,1,8.300000190734863,0.0,36.27648162841797,28.408119201660156,1.5,0,99,1.0,0.0,0.0,0,0,0,0,0
1779673821.8342428,0,0.3499999940395355,0,0,257,900,423158243,10,77,-17.827119827270508,-29.199970245361328,23.512474060058594,32.461883544921875,1,0,0.6000000238418579,0,0,1,0,0,4,0,0,0,8,99,1,8.300000190734863,0.0,36.442481994628906,28.408119201660156,1.5,0,99,0.0,0.0,0.0,0,0,0,0,0
1779673821.8525548,0,0.3499999940395355,0,0,257,900,423158243,10,77,-17.827119827270508,-30.999969482421875,23.15593147277832,31.84188461303711,1,0,0.6000000238418579,0,0,1,0,0,4,0,0,0,8,99,1,0.0,0.0,36.5255012512207,28.40812110900879,1.5,0,99,0.0,0.0,0.0,0,0,0,0,0
1779673821.8706727,0,0.3499999940395355,0,0,257,900,423158243,10,77,-17.827119827270508,-32.79996871948242,22.799388885498047,31.18588638305664,1,0,0.6000000238418579,0,0,1,0,0,4,0,0,0,8,99,1,0.0,0.0,36.52550506591797,28.40812110900879,1.5,0,99,0.0,0.0,0.0,0,0,0,0,0
1779673821.890487,0,0.3499999940395355,0,0,257,900,423158243,10,77,-17.827119827270508,-34.59996795654297,22.442846298217773,30.493886947631836,1,0,0.6000000238418579,0,0,1,0,0,4,0,0,0,8,99,1,0.0,0.0,36.52549743652344,28.408119201660156,1.5,0,99,0.0,0.0,0.0,0,0,0,0,0
1779673821.9102092,0,0.3499999940395355,0,0,257,900,423158243,10,77,-17.827119827270508,-36.399967193603516,22.0863037109375,29.765888214111328,1,0,0.6000000238418579,0,0,1,0,0,4,0,0,0,8,99,1,0.0,0.0,36.5255012512207,28.40812110900879,1.5,0,99,0.0,0.0,0.0,0,0,0,0,0
1779673821.930253,0,0.3499999940395355,0,0,257,900,423158243,10,77,-17.827119827270508,-38.19996643066406,21.729761123657227,29.001888275146484,1,0,0.6000000238418579,0,0,1,0,0,4,0,0,0,8,99,1,0.0,0.0,36.5255012512207,28.40812110900879,1.5,0,99,0.0,0.0,0.0,0,0,0,0,0
1779673821.9604595,0,0.3499999940395355,0,0,257,900,423158243,11,77,0.0,0.0,21.373218536376953,28.56183624267578,1,0,0.6000000238418579,0,0,1,0,0,4,0,0,0,8,99,1,0.0,0.0,36.5255012512207,28.40812110900879,1.5,0,99,-1.0,0.0,0.0,0,0,0,0,0
1779673821.9804745,0,0.3499999940395355,0,0,257,900,423158243,11,77,0.0,0.0,21.373218536376953,28.56184959411621,1,0,0.6000000238418579,0,0,1,0,0,4,0,0,0,8,99,1,0.0,0.0,36.5255012512207,28.40812110900879,1.5,0,99,-1.0,0.0,0.0,0,0,0,0,0
1779673822.000157,0,0.3499999940395355,0,0,257,900,423158243,11,77,0.0,0.0,21.373218536376953,28.561859130859375,1,0,0.6000000238418579,0,0,0,0,0,4,0,0,0,8,99,1,-8.300000190734863,0.0,36.359535217285156,28.40812110900879,1.5,0,99,-1.0,0.0,0.0,0,0,0,0,0
1779673822.0185373,0,0.3499999940395355,0,0,257,900,423158243,11,77,0.0,0.0,21.373218536376953,28.561864852905273,1,0,0.6000000238418579,0,0,0,0,0,4,0,0,0,8,99,1,-8.300000190734863,0.0,36.276451110839844,28.40812110900879,1.5,0,99,-1.0,0.0,0.0,0,0,0,0,0
1779673822.037329,0,0.3499999940395355,0,0,257,900,423158243,11,77,0.0,0.0,21.373218536376953,28.56186866760254,1,0,0.6000000238418579,0,0,0,0,0,4,0,0,0,8,99,1,-8.300000190734863,0.0,36.11053466796875,28.40812110900879,1.5,0,99,-1.0,0.0,0.0,0,0,0,0,0
1779673822.060724,0,0.3499999940395355,0,0,257,900,423158243,11,77,0.0,0.0,21.373218536376953,28.561870574951172,1,0,0.6000000238418579,0,0,0,0,0,4,0,0,0,8,99,1,-8.300000190734863,0.0,35.86153793334961,28.40812110900879,1.5,0,99,-1.0,0.0,0.0,0,0,0,0,0
1779673822.0800204,0,0.3499999940395355,0,0,257,900,423158243,11,77,0.0,0.0,21.373218536376953,28.561870574951172,1,0,0.6000000238418579,0,0,0,0,0,4,0,0,0,8,99,1,-8.300000190734863,0.0,35.77845764160156,28.40812110900879,1.5,0,99,-1.0,0.0,0.0,0,0,0,0,0
1779673822.1003113,0,0.3499999940395355,0,0,257,900,423158243,11,77,0.0,0.0,21.373218536376953,28.561870574951172,1,0,0.6000000238418579,0,0,0,0,0,4,0,0,0,8,99,1,-8.300000190734863,0.0,35.529537200927734,28.40812110900879,1.5,0,99,-1.0,0.0,0.0,0,0,0,0,0
1779673822.1204417,0,0.3499999940395355,0,0,257,900,423158243,11,77,0.0,0.0,21.373218536376953,28.561870574951172,1,0,0.6000000238418579,0,0,0,0,0,4,0,0,0,8,99,1,-8.300000190734863,0.0,35.3635368347168,28.40812110900879,1.5,0,99,-1.0,0.0,0.0,0,0,0,0,0
1779673822.1390538,0,0.3499999940395355,0,0,257,900,423158243,11,77,0.0,0.0,21.373218536376953,28.561870574951172,1,0,0.6000000238418579,0,0,0,0,0,4,0,0,0,8,99,1,-8.300000190734863,0.0,35.280452728271484,28.40812110900879,1.5,0,99,-1.0,0.0,0.0,0,0,0,0,0
1779673822.161524,0,0.3499999940395355,0,0,257,900,423158243,11,77,0.0,0.0,21.373218536376953,28.561870574951172,1,0,0.6000000238418579,0,0,0,0,0,4,0,0,0,8,99,1,-8.300000190734863,0.0,35.031532287597656,28.40812110900879,1.5,0,99,-1.0,0.0,0.0,0,0,0,0,0
1779673822.1805646,0,0.3499999940395355,0,0,257,900,423158243,11,77,0.0,0.0,21.373218536376953,28.561870574951172,1,0,0.6000000238418579,0,0,0,0,0,4,0,0,0,8,99,1,-8.300000190734863,0.0,34.94844055175781,28.40812110900879,1.5,0,99,-1.0,0.0,0.0,0,0,0,0,0
1779673822.2000568,0,0.3499999940395355,0,0,257,900,423158243,69,77,0.0,0.0,21.373218536376953,28.561870574951172,1,0,0.6000000238418579,0,0,0,0,0,4,0,0,0,8,99,1,-8.300000190734863,0.0,34.78252029418945,28.40812110900879,1.5,0,99,-1.0,0.0,0.0,0,0,0,0,0
1779673822.2186608,0,0.3499999940395355,0,0,257,900,423158243,69,77,0.0,0.0,21.373218536376953,28.561870574951172,1,0,0.6000000238418579,0,0,0,0,0,4,0,0,0,8,99,1,-8.300000190734863,0.0,34.61652374267578,28.40812110900879,1.5,0,99,-1.0,0.0,0.0,0,0,0,0,0
1779673822.240151,0,0.3499999940395355,0,0,257,900,423158243,69,77,0.0,0.0,21.373218536376953,28.561870574951172,1,0,0.6000000238418579,0,0,0,0,0,4,0,0,0,8,99,1,-8.300000190734863,0.0,34.36752700805664,28.40812110900879,1.5,0,99,-1.0,0.0,0.0,0,0,0,0,0
1779673822.2602217,0,0.3499999940395355,0,0,257,900,423158243,69,77,0.0,0.0,21.373218536376953,28.561870574951172,1,0,0.6000000238418579,0,0,0,0,0,4,0,0,0,8,99,1,-8.300000190734863,0.0,34.20152282714844,28.40812110900879,1.5,0,99,-1.0,0.0,0.0,0,0,0,0,0
1779673822.2802532,0,0.3499999940395355,0,0,257,900,423158243,69,77,0.0,0.0,21.373218536376953,28.561870574951172,1,0,0.6000000238418579,0,0,0,0,0,4,0,0,0,8,99,1,-8.300000190734863,0.0,34.035526275634766,28.40812110900879,1.5,0,99,-1.0,0.0,0.0,0,0,0,0,0
1779673822.3006673,0,0.3499999940395355,0,0,257,900,423158243,69,77,0.0,0.0,21.373218536376953,28.561870574951172,1,0,0.6000000238418579,0,0,0,0,0,4,0,0,0,8,99,1,-8.300000190734863,0.0,33.869529724121094,28.40812110900879,1.5,0,99,-1.0,0.0,0.0,0,0,0,0,0
1779673822.3200595,0,0.3499999940395355,0,0,257,900,423158243,69,77,0.0,0.0,21.373218536376953,28.561870574951172,1,0,0.6000000238418579,0,0,0,0,0,4,0,0,0,8,99,1,-8.300000190734863,0.0,33.78645324707031,28.40812110900879,1.5,0,99,-1.0,0.0,0.0,0,0,0,0,0
1779673822.3387754,0,0.3499999940395355,0,0,257,900,423158243,69,77,0.0,0.0,21.373218536376953,28.561870574951172,1,0,0.6000000238418579,0,0,0,0,0,4,0,0,0,8,99,1,-8.300000190734863,0.0,33.62052917480469,28.408119201660156,1.5,0,99,-1.0,0.0,0.0,0,0,0,0,0
1779673822.3573995,0,0.3499999940395355,0,0,257,900,423158243,69,77,0.0,0.0,21.373218536376953,28.561870574951172,1,0,0.6000000238418579,0,0,0,0,0,4,0,0,0,8,99,1,-8.300000190734863,0.0,33.45445251464844,28.40812110900879,1.5,0,99,-1.0,0.0,0.0,0,0,0,0,0
1779673822.3757493,0,0.3499999940395355,0,0,257,900,423158243,69,77,0.0,0.0,21.373218536376953,28.561870574951172,1,0,0.6000000238418579,0,0,0,0,0,4,0,0,0,8,99,1,-8.300000190734863,0.0,33.288536071777344,28.40812110900879,1.5,0,99,-1.0,0.0,0.0,0,0,0,0,0
1779673822.4006646,0,0.3499999940395355,0,0,257,900,423158243,69,77,0.0,0.0,21.373218536376953,28.561870574951172,1,0,0.6000000238418579,0,0,0,0,0,4,0,0,0,8,99,1,-8.300000190734863,0.0,33.03953170776367,28.40812110900879,1.5,0,99,-1.0,0.0,0.0,0,0,0,0,0
1779673822.419888,0,0.3499999940395355,0,0,257,900,423158243,69,77,0.0,0.0,21.373218536376953,28.561870574951172,1,0,0.6000000238418579,0,0,0,0,0,4,0,0,0,8,99,1,-8.300000190734863,0.0,32.95644760131836,28.40812110900879,1.5,0,99,-1.0,0.0,0.0,0,0,0,0,0
1779673822.4388175,0,0.3499999940395355,0,0,257,900,423158243,69,77,0.0,0.0,21.373218536376953,28.561870574951172,1,0,0.6000000238418579,0,0,0,0,0,4,0,0,0,8,99,1,-8.300000190734863,0.0,32.790531158447266,28.408123016357422,1.5,0,99,-1.0,0.0,0.0,0,0,0,0,0
1779673822.4572678,0,0.3499999940395355,0,0,257,900,423158243,45,77,-8.0,0.0,21.373218536376953,28.561870574951172,1,0,0.6000000238418579,0,0,0,0,0,4,0,0,0,8,99,1,-8.300000190734863,0.0,32.624534606933594,28.40812110900879,1.5,0,99,-1.0,0.0,0.0,0,0,0,0,0
1779673822.4757159,0,0.3499999940395355,0,0,257,900,423158243,45,77,-8.0,0.0,21.213218688964844,28.561870574951172,1,0,0.6000000238418579,0,0,0,0,0,4,0,0,0,8,99,1,-8.300000190734863,0.0,32.45853805541992,28.40812110900879,1.5,0,99,-1.0,0.0,0.0,0,0,0,0,0
1779673822.5005486,0,0.3499999940395355,0,0,257,900,423158243,45,77,-8.0,0.0,21.053218841552734,28.561870574951172,1,0,0.6000000238418579,0,0,0,0,0,4,0,0,0,8,99,1,-8.300000190734863,0.0,32.20953369140625,28.40812110900879,1.5,0,99,-1.0,0.0,0.0,0,0,0,0,0
1779673822.5202286,0,0.3499999940395355,0,0,257,900,423158243,45,77,-8.0,0.0,20.893218994140625,28.561870574951172,1,0,0.6000000238418579,0,0,0,0,0,4,0,0,0,8,99,1,-8.300000190734863,0.0,32.12645721435547,28.40812110900879,1.5,0,99,-1.0,0.0,0.0,0,0,0,0,0
1779673822.5390806,0,0.3499999940395355,0,0,257,900,423158243,45,77,-8.0,0.0,20.733219146728516,28.561870574951172,1,0,0.6000000238418579,0,0,0,0,0,4,0,0,0,8,99,1,-8.300000190734863,0.0,31.960535049438477,28.40812110900879,1.5,0,99,-1.0,0.0,0.0,0,0,0,0,0
1779673822.5577238,0,0.3499999940395355,0,0,257,900,423158243,45,77,-8.0,0.0,20.573219299316406,28.561870574951172,1,0,0.6000000238418579,0,0,0,0,0,4,0,0,0,8,99,1,-8.300000190734863,0.0,31.794452667236328,28.40812110900879,1.5,0,99,-1.0,0.0,0.0,0,0,0,0,0
1779673822.577687,0,0.3499999940395355,0,0,257,900,423158243,45,77,-8.0,0.0,20.413219451904297,28.561870574951172,1,0,0.6000000238418579,0,0,0,0,0,4,0,0,0,8,99,1,-8.300000190734863,0.0,31.628536224365234,28.40812110900879,1.5,0,99,-1.0,0.0,0.0,0,0,0,0,0
1779673822.6002533,0,0.3499999940395355,0,0,257,900,423158243,45,77,-8.0,0.0,20.253219604492188,28.561870574951172,1,0,0.6000000238418579,0,0,0,0,0,4,0,0,0,8,99,1,-8.300000190734863,0.0,31.379535675048828,28.40812110900879,1.5,0,99,-1.0,0.0,0.0,0,0,0,0,0
1779673822.6206815,0,0.3499999940395355,0,0,257,900,423158243,45,77,-8.0,0.0,20.093219757080078,28.561870574951172,1,0,0.6000000238418579,0,0,0,0,0,4,0,0,0,8,99,1,-8.300000190734863,0.0,31.213539123535156,28.40812110900879,1.5,0,99,-1.0,0.0,0.0,0,0,0,0,0
1779673822.6406026,0,0.3499999940395355,0,0,257,900,423158243,45,77,-8.0,0.0,19.93321990966797,28.561870574951172,1,0,0.6000000238418579,0,0,0,0,0,4,0,0,0,8,99,1,-8.300000190734863,0.0,31.047536849975586,28.40812110900879,1.5,0,99,-1.0,0.0,0.0,0,0,0,0,0
1779673822.6588974,0,0.3499999940395355,0,0,257,900,423158243,45,77,-8.0,0.0,19.77322006225586,28.561870574951172,1,0,0.6000000238418579,0,0,0,0,0,4,0,0,0,8,99,1,-8.300000190734863,0.0,30.96445655822754,28.40812110900879,1.5,0,99,-1.0,0.0,0.0,0,0,0,0,0
1779673822.6811264,0,0.3499999940395355,0,0,257,900,423158243,45,77,-8.0,0.0,19.61322021484375,28.561870574951172,1,0,0.6000000238418579,0,0,0,0,0,4,0,0,0,8,99,1,-8.300000190734863,0.0,30.71553611755371,28.40812110900879,1.5,0,99,-1.0,0.0,0.0,0,0,0,0,0
1779673822.7006311,0,0.3499999940395355,0,0,257,900,423158243,45,77,-8.0,0.0,19.45322036743164,28.561870574951172,1,0,0.6000000238418579,0,0,0,0,0,4,0,0,0,8,99,1,-8.300000190734863,0.0,30.632442474365234,28.40812110900879,1.5,0,99,-1.0,0.0,0.0,0,0,0,0,0
1779673822.7203205,0,0.3499999940395355,0,0,257,900,423158243,45,77,-8.0,0.0,19.29322052001953,28.561870574951172,1,0,0.6000000238418579,0,0,0,0,0,4,0,0,0,8,99,1,-8.300000190734863,0.0,30.38352394104004,28.40812110900879,1.5,0,99,-1.0,0.0,0.0,0,0,0,0,0
1779673822.7400386,0,0.3499999940395355,0,0,257,900,423158243,45,77,-8.0,0.0,19.133220672607422,28.561870574951172,1,0,0.6000000238418579,0,0,0,0,0,4,0,0,0,8,99,1,-8.300000190734863,0.0,30.2175235748291,28.40812110900879,1.5,0,99,-1.0,0.0,0.0,0,0,0,0,0
1779673822.76016,0,0.3499999940395355,0,0,257,900,423158243,45,77,-8.0,0.0,18.973220825195312,28.561870574951172,1,0,0.6000000238418579,0,0,0,0,0,4,0,0,0,8,99,1,-8.300000190734863,0.0,30.051528930664062,28.40812110900879,1.5,0,99,-1.0,0.0,0.0,0,0,0,0,0
1779673822.7786872,0,0.3499999940395355,0,0,257,900,423158243,45,77,-8.0,0.0,18.813220977783203,28.561870574951172,1,0,0.6000000238418579,0,0,0,0,0,4,0,0,0,8,99,1,-8.300000190734863,0.0,29.96844482421875,28.40812110900879,1.5,0,99,-1.0,0.0,0.0,0,0,0,0,0
1779673822.79739,0,0.3499999940395355,0,0,257,900,423158243,45,77,-8.0,0.0,18.653221130371094,28.561870574951172,1,0,0.6000000238418579,0,0,0,0,0,4,0,0,0,8,99,1,-8.300000190734863,0.0,29.80252456665039,28.40812110900879,1.5,0,99,-1.0,0.0,0.0,0,0,0,0,0
1779673822.8158307,0,0.3499999940395355,0,0,257,900,423158243,45,77,-8.0,0.0,18.493221282958984,28.561870574951172,1,0,0.6000000238418579,0,0,0,0,0,4,0,0,0,8,99,1,-8.300000190734863,0.0,29.636524200439453,28.40812110900879,1.5,0,99,-1.0,0.0,0.0,0,0,0,0,0
1779673822.8401213,0,0.3499999940395355,0,0,257,900,423158243,45,77,-8.0,0.0,18.333221435546875,28.561870574951172,1,0,0.6000000238418579,0,0,0,0,0,4,0,0,0,8,99,1,-8.300000190734863,0.0,29.38751983642578,28.40812110900879,1.5,0,99,-1.0,0.0,0.0,0,0,0,0,0
1779673822.8587084,0,0.3499999940395355,0,0,257,900,423158243,45,77,-8.0,0.0,18.173221588134766,28.561870574951172,1,0,0.6000000238418579,0,0,0,0,0,4,0,0,0,8,99,1,-8.300000190734863,0.0,29.304443359375,28.40812110900879,1.5,0,99,-1.0,0.0,0.0,0,0,0,0,0
1779673822.8772285,0,0.3499999940395355,0,0,257,900,423158243,45,77,-8.0,0.0,18.013221740722656,28.561870574951172,1,0,0.6000000238418579,0,0,0,0,0,4,0,0,0,8,99,1,-8.300000190734863,0.0,29.13852310180664,28.40812110900879,1.5,0,99,-1.0,0.0,0.0,0,0,0,0,0
1779673822.895601,0,0.3499999940395355,0,0,257,900,423158243,45,77,-8.0,0.0,17.853221893310547,28.561870574951172,1,0,0.6000000238418579,0,0,0,0,0,4,0,0,0,8,99,1,-8.300000190734863,0.0,28.9725284576416,28.40812110900879,1.5,0,99,-1.0,0.0,0.0,0,0,0,0,0
1779673822.913784,0,0.3499999940395355,0,0,257,900,423158243,45,77,-8.0,0.0,17.693222045898438,28.561870574951172,1,0,0.6000000238418579,0,0,0,0,0,4,0,0,0,8,99,1,-8.300000190734863,0.0,28.806529998779297,28.40812110900879,1.5,0,99,-1.0,0.0,0.0,0,0,0,0,0
1779673822.9404223,0,0.3499999940395355,0,0,257,900,423158243,45,77,-8.0,0.0,17.533222198486328,28.561870574951172,1,0,0.6000000238418579,0,0,0,0,0,4,0,0,0,8,99,1,-8.300000190734863,0.0,28.557525634765625,28.40812110900879,1.5,0,99,-1.0,0.0,0.0,0,0,0,0,0
1779673822.9604578,0,0.3499999940395355,0,0,257,900,423158243,45,77,-8.0,0.0,17.37322235107422,28.561870574951172,1,0,0.6000000238418579,0,0,0,0,0,4,0,0,0,8,99,1,-8.300000190734863,0.0,28.391529083251953,28.40812110900879,1.5,0,99,-1.0,0.0,0.0,0,0,0,0,0
1779673822.9802184,0,0.3499999940395355,0,0,257,900,423158243,45,77,-8.0,0.0,17.21322250366211,28.561870574951172,1,0,0.6000000238418579,0,0,0,0,0,4,0,0,0,8,99,1,-8.300000190734863,0.0,28.225526809692383,28.40812110900879,1.5,0,99,-1.0,0.0,0.0,0,0,0,0,0
1779673823.0002546,0,0.3499999940395355,0,0,257,900,423158243,45,77,-8.0,0.0,17.05322265625,28.561870574951172,1,0,0.6000000238418579,0,0,0,0,0,4,0,0,0,8,99,1,-8.300000190734863,0.0,28.059528350830078,28.40812110900879,1.5,0,99,-1.0,0.0,0.0,0,0,0,0,0
1779673823.0202298,0,0.3499999940395355,0,0,257,900,423158243,45,77,-8.0,0.0,16.89322280883789,28.561870574951172,1,0,0.6000000238418579,0,0,0,0,0,4,0,0,0,8,99,1,-8.300000190734863,0.0,27.893531799316406,28.40812110900879,1.5,0,99,-1.0,0.0,0.0,0,0,0,0,0
1779673823.0400445,0,0.3499999940395355,0,0,257,900,423158243,7,77,0.0,0.0,16.73322296142578,28.561870574951172,1,0,0.6000000238418579,0,0,0,0,0,4,0,0,0,8,99,1,-8.300000190734863,0.0,27.727535247802734,28.40812110900879,1.5,0,99,-1.0,0.0,0.0,0,0,0,0,0
1779673823.0586848,0,0.3499999940395355,0,0,257,900,423158243,7,77,0.0,0.0,16.73322296142578,28.561870574951172,1,0,0.6000000238418579,0,0,0,0,0,4,0,0,0,8,99,1,-8.300000190734863,0.0,27.644454956054688,28.40812110900879,1.5,0,99,-1.0,0.0,0.0,0,0,0,0,0
1779673823.0773566,0,0.3499999940395355,0,0,257,900,423158243,7,77,0.0,0.0,16.73322296142578,28.561870574951172,1,0,0.6000000238418579,0,0,0,0,0,4,0,0,0,8,99,1,-8.300000190734863,0.0,27.478450775146484,28.40812110900879,1.5,0,99,-1.0,0.0,0.0,0,0,0,0,0
1779673823.09544,0,0.3499999940395355,0,0,257,900,423158243,7,77,0.0,0.0,16.73322296142578,28.561870574951172,1,0,0.6000000238418579,0,0,0,0,0,4,0,0,0,8,99,1,-8.300000190734863,0.0,27.31252670288086,28.40812110900879,1.5,0,99,-1.0,0.0,0.0,0,0,0,0,0
1779673823.1134675,0,0.3499999940395355,0,0,257,900,423158243,7,77,0.0,0.0,16.73322296142578,28.561870574951172,1,0,0.6000000238418579,0,0,0,0,0,4,0,0,0,8,99,1,-8.300000190734863,0.0,27.146530151367188,28.408123016357422,1.5,0,99,-1.0,0.0,0.0,0,0,0,0,0
1779673823.131709,0,0.3499999940395355,0,0,257,900,423158243,7,77,0.0,0.0,16.73322296142578,28.561870574951172,1,0,0.6000000238418579,0,0,0,0,0,4,0,0,0,8,99,1,-8.300000190734863,0.0,26.980533599853516,28.408123016357422,1.5,0,99,-1.0,0.0,0.0,0,0,0,0,0
1779673823.1532118,0,0.3499999940395355,0,0,257,900,423158243,7,77,0.0,0.0,16.73322296142578,28.561870574951172,1,0,0.6000000238418579,0,0,0,0,0,4,0,0,0,8,99,1,-8.300000190734863,0.0,26.814537048339844,28.408119201660156,1.5,0,99,-1.0,0.0,0.0,0,0,0,0,0
1779673823.1726105,0,0.3499999940395355,0,0,257,900,423158243,7,77,0.0,0.0,16.73322296142578,28.561870574951172,1,0,0.6000000238418579,0,0,0,0,0,4,0,0,0,8,99,1,-8.300000190734863,0.0,26.64853858947754,28.408123016357422,1.5,0,99,-1.0,0.0,0.0,0,0,0,0,0
1779673823.200198,0,0.3499999940395355,0,0,257,900,423158243,7,77,0.0,0.0,16.73322296142578,28.561870574951172,1,0,0.6000000238418579,0,0,0,0,0,4,0,0,0,8,99,1,-8.300000190734863,0.0,26.399538040161133,28.40812110900879,1.5,0,99,-1.0,0.0,0.0,0,0,0,0,0
1779673823.218911,0,0.3499999940395355,0,0,257,900,423158243,7,77,0.0,0.0,16.73322296142578,28.561870574951172,1,0,0.6000000238418579,0,0,0,0,0,4,0,0,0,8,99,1,-8.300000190734863,0.0,26.31645965576172,28.40812110900879,1.5,0,99,-1.0,0.0,0.0,0,0,0,0,0
1779673823.2376955,0,0.3499999940395355,0,0,257,900,423158243,7,77,0.0,0.0,16.73322296142578,28.561870574951172,1,0,0.6000000238418579,0,0,0,0,0,4,0,0,0,8,99,1,-8.300000190734863,0.0,26.15053939819336,28.408119201660156,1.5,0,99,-1.0,0.0,0.0,0,0,0,0,0
1779673823.2562065,0,0.3499999940395355,0,0,257,900,423158243,7,77,0.0,0.0,16.73322296142578,28.561870574951172,1,0,0.6000000238418579,0,0,0,0,0,4,0,0,0,8,99,1,-8.300000190734863,0.0,25.984546661376953,28.40812110900879,1.5,0,99,-1.0,0.0,0.0,0,0,0,0,0
1779673823.2745285,0,0.3499999940395355,0,0,257,900,423158243,7,77,0.0,0.0,16.73322296142578,28.561870574951172,1,0,0.6000000238418579,0,0,0,0,0,4,0,0,0,8,99,1,-8.300000190734863,0.0,25.818546295166016,28.40812110900879,1.5,0,99,-1.0,0.0,0.0,0,0,0,0,0
1779673823.292745,0,0.3499999940395355,0,0,257,900,423158243,7,77,0.0,0.0,16.73322296142578,28.561870574951172,1,0,0.6000000238418579,0,0,0,0,0,4,0,0,0,8,99,1,-8.300000190734863,0.0,25.65255355834961,28.40812110900879,1.5,0,99,-1.0,0.0,0.0,0,0,0,0,0
1779673823.3111079,0,0.3499999940395355,0,0,257,900,423158243,7,77,0.0,0.0,16.73322296142578,28.561870574951172,1,0,0.6000000238418579,0,0,0,0,0,4,0,0,0,8,99,1,-8.300000190734863,0.0,25.48647117614746,28.40812110900879,1.5,0,99,-1.0,0.0,0.0,0,0,0,0,0
1779673823.3401396,0,0.3499999940395355,0,0,257,900,423158243,7,77,0.0,0.0,16.73322296142578,28.561870574951172,1,0,0.6000000238418579,0,0,0,0,0,4,0,0,0,8,99,1,-8.300000190734863,0.0,25.237476348876953,28.40812110900879,1.5,0,99,-1.0,0.0,0.0,0,0,0,0,0
1779673823.3602436,0,0.3499999940395355,0,0,257,900,423158243,9,77,4.161785125732422,41.0,16.73322296142578,28.561870574951172,1,0,0.6000000238418579,0,0,0,0,0,4,0,0,0,8,99,1,-8.300000190734863,0.0,25.07147979736328,28.40812110900879,1.5,0,99,-1.0,0.0,0.0,0,0,0,0,0
1779673823.3802698,0,0.3499999940395355,0,0,257,900,423158243,10,77,4.161785125732422,39.20000076293945,16.816457748413086,29.345870971679688,1,0,0.6000000238418579,0,0,0,0,0,4,0,0,0,8,99,1,-8.300000190734863,0.0,24.905481338500977,28.40812110900879,1.5,0,99,-1.0,0.0,0.0,0,0,0,0,0
1779673823.3999972,0,0.3499999940395355,0,0,257,900,423158243,10,77,4.161785125732422,37.400001525878906,16.89969253540039,30.093870162963867,1,0,0.6000000238418579,0,0,0,0,0,4,0,0,0,8,99,1,-8.300000190734863,0.0,24.739477157592773,28.40812110900879,1.5,0,99,-1.0,0.0,0.0,0,0,0,0,0
1779673823.4201388,0,0.3499999940395355,0,0,257,900,423158243,10,77,4.161785125732422,35.60000228881836,16.982927322387695,30.805870056152344,1,0,0.6000000238418579,0,0,0,0,0,4,0,0,0,8,99,1,-8.300000190734863,0.0,24.5734806060791,28.40812110900879,1.5,0,99,-1.0,0.0,0.0,0,0,0,0,0
1779673823.4403725,0,0.3499999940395355,0,0,257,900,423158243,10,77,4.161785125732422,33.80000305175781,17.066162109375,31.481870651245117,1,0,0.6000000238418579,0,0,0,0,0,4,0,0,0,8,99,1,-8.300000190734863,0.0,24.407562255859375,28.40812110900879,1.5,0,99,-1.0,0.0,0.0,0,0,0,0,0
1779673823.460394,0,0.3499999940395355,0,0,257,900,423158243,10,77,4.161785125732422,32.000003814697266,17.149396896362305,32.12186813354492,1,0,0.6000000238418579,0,0,0,0,0,4,0,0,0,8,99,1,-8.300000190734863,0.0,24.24156379699707,28.40812110900879,1.5,0,99,-1.0,0.0,0.0,0,0,0,0,0
1779673823.4803095,0,0.3499999940395355,0,0,257,900,423158243,10,77,4.161785125732422,30.20000457763672,17.23263168334961,32.725868225097656,1,0,0.6000000238418579,0,0,0,0,0,4,0,0,0,8,99,1,-8.300000190734863,0.0,24.075483322143555,28.40812110900879,1.5,0,99,-1.0,0.0,0.0,1,0,0,0,0
1779673823.5002787,0,0.3499999940395355,0,0,257,900,423158243,10,77,4.161785125732422,28.400005340576172,17.315866470336914,33.29386901855469,1,0,0.6000000238418579,0,0,0,0,0,4,0,0,1,8,99,1,-8.300000190734863,0.0,23.909564971923828,28.40812110900879,1.5,0,99,-1.0,0.0,0.0,1,0,0,0,0
1779673823.5203428,0,0.3499999940395355,0,0,257,900,423158243,10,77,4.161785125732422,26.600006103515625,17.39910125732422,33.825870513916016,1,0,0.6000000238418579,0,0,0,0,0,4,0,0,1,8,99,0,-8.300000190734863,15.70199966430664,23.743568420410156,28.72197723388672,1.5,0,99,-1.0,0.0,0.0,1,0,0,0,0
1779673823.5401556,0,0.3499999940395355,0,0,257,900,423158243,10,77,4.161785125732422,24.800006866455078,17.482336044311523,34.321868896484375,1,0,0.6000000238418579,0,0,0,0,0,4,0,0,1,8,99,0,-8.300000190734863,15.70199966430664,23.57756805419922,29.036022186279297,1.5,0,99,-1.0,0.0,0.0,1,0,0,0,0
1779673823.5601182,0,0.3499999940395355,0,0,257,900,423158243,10,77,4.161785125732422,23.00000762939453,17.565570831298828,34.78186798095703,1,0,0.6000000238418579,0,0,0,0,0,4,0,0,1,8,99,0,-8.300000190734863,15.70199966430664,23.41157341003418,29.350048065185547,1.5,0,99,-1.0,0.0,0.0,1,0,0,0,0
1779673823.5805216,0,0.3499999940395355,0,0,257,900,423158243,10,77,4.161785125732422,21.200008392333984,17.648805618286133,35.205867767333984,1,0,0.6000000238418579,0,0,0,0,0,4,0,0,1,8,99,0,-8.300000190734863,15.70199966430664,23.245574951171875,29.664079666137695,1.5,0,99,-1.0,0.0,0.0,1,0,0,0,0
1779673823.6001956,0,0.3499999940395355,0,0,257,900,423158243,10,77,4.161785125732422,19.400009155273438,17.732040405273438,35.593868255615234,1,0,0.6000000238418579,0,0,0,0,0,4,0,0,1,8,99,0,-8.300000190734863,15.70199966430664,23.079580307006836,29.978113174438477,1.5,0,99,-1.0,0.0,0.0,1,0,0,0,0
1779673823.6203873,0,0.3499999940395355,0,0,257,900,423158243,10,77,4.161785125732422,17.60000991821289,17.815275192260742,35.94586944580078,1,0,0.6000000238418579,0,0,0,0,0,4,0,0,1,8,99,0,-8.300000190734863,15.70199966430664,22.913583755493164,30.292142868041992,1.5,0,99,-1.0,0.0,0.0,1,0,0,0,0
1779673823.6403112,0,0.3499999940395355,0,0,257,900,423158243,10,77,4.161785125732422,15.800010681152344,17.898509979248047,36.261871337890625,1,0,0.6000000238418579,0,0,0,0,0,4,0,0,1,8,99,0,-8.300000190734863,15.70199966430664,22.747583389282227,30.60618019104004,1.5,0,99,-1.0,0.0,0.0,1,0,0,0,0
1779673823.6602342,0,0.3499999940395355,0,0,257,900,423158243,10,77,4.161785125732422,14.000011444091797,17.98174476623535,36.5418701171875,1,0,0.6000000238418579,0,0,0,0,0,4,0,0,1,8,99,0,-8.300000190734863,15.70199966430664,22.581586837768555,30.92021369934082,1.5,0,99,-1.0,0.0,0.0,1,0,0,0,0
1779673823.6802862,0,0.3499999940395355,0,0,257,900,423158243,10,77,4.161785125732422,12.20001220703125,18.064979553222656,36.78586959838867,1,0,0.6000000238418579,0,0,0,0,0,4,0,0,1,8,99,0,-8.300000190734863,15.70199966430664,22.41558837890625,31.2342529296875,1.5,0,99,-1.0,0.0,0.0,0,0,0,0,0
1779673823.7001772,0,0.3499999940395355,0,0,257,900,423158243,14,77,0.0,0.0,18.14821434020996,36.99386978149414,1,0,0.6000000238418579,0,0,0,0,0,4,0,0,0,8,99,0,-8.300000190734863,0.0,22.249589920043945,31.54828453063965,1.5,0,99,-1.0,0.0,0.0,0,0,0,0,0
1779673823.7199843,0,0.3499999940395355,0,0,257,900,423158243,14,77,0.0,0.0,18.14821434020996,36.99386978149414,1,0,0.6000000238418579,0,0,0,1,0,4,0,0,0,8,99,0,-8.300000190734863,-0.9479996562004089,22.083511352539062,31.529558181762695,1.5,0,99,-1.0,0.0,0.0,0,0,0,0,0
1779673823.7400186,0,0.3499999940395355,0,0,257,900,423158243,14,77,0.0,0.0,18.14821434020996,36.99386978149414,1,0,0.6000000238418579,0,0,0,1,0,4,0,0,0,8,99,0,-8.300000190734863,-1.8959993124008179,21.91752052307129,31.49164581298828,1.5,0,99,-1.0,0.0,0.0,0,0,0,0,0
1779673823.7602124,0,0.3499999940395355,0,0,257,900,423158243,14,77,0.0,0.0,18.14821434020996,36.99386978149414,1,0,0.6000000238418579,0,0,0,1,0,4,0,0,0,8,99,0,-8.300000190734863,-2.843998908996582,21.75151824951172,31.434772491455078,1.5,0,99,-1.0,0.0,0.0,0,0,0,0,0
1779673823.780252,0,0.3499999940395355,0,0,257,900,423158243,14,77,0.0,0.0,18.14821434020996,36.99386978149414,1,0,0.6000000238418579,0,0,0,1,0,4,0,0,0,8,99,0,-8.300000190734863,-3.7919986248016357,21.585599899291992,31.358976364135742,1.5,0,99,-1.0,0.0,0.0,0,0,0,0,0
1779673823.800233,0,0.3499999940395355,0,0,257,900,423158243,14,77,0.0,0.0,18.14821434020996,36.99386978149414,1,0,0.6000000238418579,0,0,0,1,0,4,0,0,0,8,99,0,-8.300000190734863,-4.7399983406066895,21.41960334777832,31.26419448852539,1.5,0,99,-1.0,0.0,0.0,0,0,0,0,0
1779673823.8201857,0,0.3499999940395355,0,0,257,900,423158243,14,77,0.0,0.0,18.14821434020996,36.99386978149414,1,0,0.6000000238418579,0,0,0,1,0,4,0,0,0,8,99,0,-8.300000190734863,-5.687997817993164,21.253522872924805,31.150394439697266,1.5,0,99,-1.0,0.0,0.0,0,0,0,0,0
1779673823.8400347,0,0.3499999940395355,0,0,257,900,423158243,14,77,0.0,0.0,18.14821434020996,36.99386978149414,1,0,0.6000000238418579,0,0,0,1,0,4,0,0,0,8,99,0,-8.300000190734863,-6.635997295379639,21.087528228759766,31.01768684387207,1.5,0,99,-1.0,0.0,0.0,0,0,0,0,0
1779673823.8605678,0,0.3499999940395355,0,0,257,900,423158243,14,77,0.0,0.0,18.14821434020996,36.99386978149414,1,0,0.6000000238418579,0,0,0,1,0,4,0,0,0,8,99,0,-8.300000190734863,-7.583996772766113,20.92152976989746,30.86601448059082,1.5,0,99,-1.0,0.0,0.0,0,0,0,0,0
1779673823.8800492,0,0.3499999940395355,0,0,257,900,423158243,14,77,0.0,0.0,18.14821434020996,36.99386978149414,1,0,0.6000000238418579,0,0,0,1,0,4,0,0,0,8,99,0,-8.300000190734863,-8.531996726989746,20.7556095123291,30.695466995239258,1.5,0,99,-1.0,0.0,0.0,0,0,0,0,0
1779673823.9002838,0,0.3499999940395355,0,0,257,900,423158243,14,77,0.0,0.0,18.14821434020996,36.99386978149414,1,0,0.6000000238418579,0,0,0,1,0,4,0,0,0,8,99,0,-8.300000190734863,-9.479996681213379,20.589527130126953,30.505786895751953,1.5,0,99,-1.0,0.0,0.0,0,0,0,0,0
1779673823.9199765,0,0.3499999940395355,0,0,257,900,423158243,14,77,0.0,0.0,18.14821434020996,36.99386978149414,1,0,0.6000000238418579,0,0,0,1,0,4,0,0,0,8,99,0,-8.300000190734863,-10.427996635437012,20.42352867126465,30.297239303588867,1.5,0,99,-1.0,0.0,0.0,0,0,0,0,0
1779673823.9399629,0,0.3499999940395355,0,0,257,900,423158243,14,77,0.0,0.0,18.14821434020996,36.99386978149414,1,0,0.6000000238418579,0,0,0,1,0,4,0,0,0,8,99,0,-8.300000190734863,-11.375996589660645,20.257532119750977,30.069730758666992,1.5,0,99,-1.0,0.0,0.0,0,0,0,0,0
1779673823.960215,0,0.3499999940395355,0,0,257,900,423158243,14,77,0.0,0.0,18.14821434020996,36.99386978149414,1,0,0.6000000238418579,0,0,0,1,0,4,0,0,0,8,99,0,-8.300000190734863,-12.323996543884277,20.091527938842773,29.82325553894043,1.5,0,99,-1.0,0.0,0.0,0,0,0,0,0
1779673823.9802022,0,0.3499999940395355,0,0,257,900,423158243,14,77,0.0,0.0,18.14821434020996,36.99386978149414,1,0,0.6000000238418579,0,0,0,1,0,4,0,0,0,8,99,0,-8.300000190734863,-13.27199649810791,19.925533294677734,29.557830810546875,1.5,0,99,-1.0,0.0,0.0,0,0,0,0,0
1779673824.0001898,0,0.3499999940395355,0,0,257,900,423158243,14,77,0.0,0.0,18.14821434020996,36.99386978149414,1,0,0.6000000238418579,0,0,0,1,0,4,0,0,0,8,99,0,-8.300000190734863,-14.219996452331543,19.759536743164062,29.2734432220459,1.5,0,99,-1.0,0.0,0.0,0,0,0,0,0
1779673824.0203052,0,0.3499999940395355,0,0,257,900,423158243,14,77,0.0,0.0,18.14821434020996,36.99386978149414,1,0,0.6000000238418579,0,0,0,1,0,4,0,0,0,8,99,0,-8.300000190734863,-15.167996406555176,19.593538284301758,28.970094680786133,1.5,0,99,-1.0,0.0,0.0,0,0,0,0,0
1779673824.0401273,0,0.3499999940395355,0,0,257,900,423158243,14,77,0.0,0.0,18.14821434020996,36.99386978149414,1,0,0.6000000238418579,0,0,0,1,0,4,0,0,0,8,99,0,-8.300000190734863,-16.115995407104492,19.427541732788086,28.64779281616211,1.5,0,99,-1.0,0.0,0.0,0,0,0,0,0
1779673824.0605218,0,0.3499999940395355,0,0,257,900,423158243,14,77,0.0,0.0,18.14821434020996,36.99386978149414,1,0,0.6000000238418579,0,0,0,0,0,4,0,0,0,8,99,1,-8.300000190734863,0.0,19.26154136657715,28.408199310302734,1.5,0,99,-1.0,0.0,0.0,0,0,0,0,0
1779673824.0802798,0,0.3499999940395355,0,0,257,900,423158243,14,77,0.0,0.0,18.14821434020996,36.99386978149414,1,0,0.6000000238418579,0,0,0,0,0,4,0,0,0,8,99,1,-8.300000190734863,0.0,19.095623016357422,28.408100128173828,1.5,0,99,-1.0,0.0,0.0,0,0,0,0,0
1779673824.1000917,0,0.3499999940395355,0,0,257,900,423158243,14,77,0.0,0.0,18.14821434020996,36.99386978149414,1,0,0.6000000238418579,0,0,0,0,0,4,0,0,0,8,99,1,-8.300000190734863,0.0,18.929624557495117,28.408109664916992,1.5,0,99,-1.0,0.0,0.0,0,0,0,0,0
1779673824.1200974,0,0.3499999940395355,0,0,257,900,423158243,14,77,0.0,0.0,18.14821434020996,36.99386978149414,1,0,0.6000000238418579,0,0,0,0,0,4,0,0,0,8,99,1,-8.300000190734863,0.0,18.763628005981445,28.40811538696289,1.5,0,99,-1.0,0.0,0.0,0,0,0,0,0
1779673824.1400495,0,0.3499999940395355,0,0,257,900,423158243,15,77,16.965177536010742,-24.742326736450195,18.14821434020996,36.99386978149414,1,0,0.6000000238418579,0,0,0,0,0,4,0,0,0,8,99,1,-8.300000190734863,0.0,18.597627639770508,28.408119201660156,1.5,0,99,-1.0,0.0,0.0,0,0,0,0,0
1779673824.1623945,0,0.3499999940395355,0,0,257,900,423158243,15,77,16.965177536010742,-24.742326736450195,18.487518310546875,36.4990234375,1,0,0.6000000238418579,0,0,0,0,0,4,0,0,0,8,99,1,-8.300000190734863,0.0,18.43163299560547,28.40812110900879,1.5,0,99,-1.0,0.0,0.0,0,0,0,0,0
1779673824.1819847,0,0.3499999940395355,0,0,257,900,423158243,15,77,16.965177536010742,-24.742326736450195,18.82682228088379,36.00417709350586,1,0,0.6000000238418579,0,0,0,0,0,4,0,0,0,8,99,1,-8.300000190734863,0.0,18.265621185302734,28.40812110900879,1.5,0,99,-1.0,0.0,0.0,0,0,0,0,0
1779673824.200763,0,0.3499999940395355,0,0,257,900,423158243,15,77,16.965177536010742,-24.742326736450195,19.166126251220703,35.50933074951172,1,0,0.6000000238418579,0,0,0,0,0,4,0,0,0,8,99,1,-8.300000190734863,0.0,18.099538803100586,28.40812110900879,1.5,0,99,-1.0,0.0,0.0,0,0,0,0,0
1779673824.2202919,0,0.3499999940395355,0,0,257,900,423158243,15,77,16.965177536010742,-24.742326736450195,19.505430221557617,35.01448440551758,1,0,0.6000000238418579,0,0,0,0,0,4,0,0,0,8,99,1,-8.300000190734863,0.0,17.93354034423828,28.40812110900879,1.5,0,99,-1.0,0.0,0.0,0,0,0,0,0
1779673824.2401514,0,0.3499999940395355,0,0,257,900,423158243,15,77,16.965177536010742,-24.742326736450195,19.84473419189453,34.51963806152344,1,0,0.6000000238418579,0,0,0,0,0,4,0,0,0,8,99,1,-8.300000190734863,0.0,17.767621994018555,28.40812110900879,1.5,0,99,0.0,0.0,0.0,0,0,0,0,0
1779673824.2601178,0,0.3499999940395355,0,0,257,900,423158243,15,77,16.965177536010742,-24.742326736450195,20.184038162231445,34.0247917175293,1,0,0.6000000238418579,0,0,0,0,0,4,0,0,0,8,99,1,0.0,0.0,17.767459869384766,28.40812110900879,1.5,0,99,0.0,0.0,0.0,0,0,0,0,0
1779673824.280208,0,0.3499999940395355,0,0,257,900,423158243,15,77,16.965177536010742,-24.742326736450195,20.52334213256836,33.529945373535156,1,0,0.6000000238418579,0,0,0,0,0,4,0,0,0,8,99,1,0.0,0.0,17.767459869384766,28.40812110900879,1.5,0,99,0.0,0.0,0.0,0,0,0,0,0
1779673824.3002021,0,0.3499999940395355,0,0,257,900,423158243,15,77,16.965177536010742,-24.742326736450195,20.862646102905273,33.035099029541016,1,0,0.6000000238418579,0,0,0,0,0,4,0,0,0,8,99,1,0.0,0.0,17.767459869384766,28.40812110900879,1.5,0,99,0.0,0.0,0.0,0,0,0,0,0
1779673824.3204498,0,0.3499999940395355,0,0,257,900,423158243,15,77,16.965177536010742,-24.742326736450195,21.201950073242188,32.540252685546875,1,0,0.6000000238418579,0,0,0,0,0,4,0,0,0,8,99,1,0.0,0.0,17.767459869384766,28.40812110900879,1.5,0,99,0.0,0.0,0.0,0,0,0,0,0
1779673824.3400989,0,0.3499999940395355,0,0,257,900,423158243,15,77,16.965177536010742,-24.742326736450195,21.5412540435791,32.045406341552734,1,0,0.6000000238418579,0,0,0,0,0,4,0,0,0,8,99,1,0.0,0.0,17.767459869384766,28.40812110900879,1.5,0,99,0.0,0.0,0.0,0,0,0,0,0
1779673824.3607793,0,0.3499999940395355,0,0,257,900,423158243,15,77,16.965177536010742,-24.742326736450195,21.880558013916016,31.550559997558594,1,0,0.6000000238418579,0,0,0,0,0,4,0,0,0,8,99,1,0.0,0.0,17.767459869384766,28.40812110900879,1.5,0,99,0.0,0.0,0.0,0,0,0,0,0
1779673824.3804007,0,0.3499999940395355,0,0,257,900,423158243,15,77,16.965177536010742,-24.742326736450195,22.21986198425293,31.055713653564453,1,0,0.6000000238418579,0,0,0,0,0,4,0,0,0,8,99,1,0.0,0.0,17.767459869384766,28.40812110900879,1.5,0,99,0.0,0.0,0.0,0,0,0,0,0
1779673824.4005399,0,0.3499999940395355,0,0,257,900,423158243,15,77,16.965177536010742,-24.742326736450195,22.559165954589844,30.560867309570312,1,0,0.6000000238418579,0,0,0,0,0,4,0,0,0,8,99,1,0.0,0.0,17.767459869384766,28.40812110900879,1.5,0,99,0.0,0.0,0.0,0,0,0,0,0
1779673824.4202917,0,0.3499999940395355,0,0,257,900,423158243,15,77,16.965177536010742,-24.742326736450195,22.898469924926758,30.066020965576172,1,0,0.6000000238418579,0,0,0,0,0,4,0,0,0,8,99,1,0.0,0.0,17.767459869384766,28.40812110900879,1.5,0,99,0.0,0.0,0.0,0,0,0,0,0
1779673824.4404445,0,0.3499999940395355,0,0,257,900,423158243,15,77,16.965177536010742,-24.742326736450195,23.237773895263672,29.57117462158203,1,0,0.6000000238418579,0,0,0,0,0,4,0,0,0,8,99,1,0.0,0.0,17.767459869384766,28.40812110900879,1.5,0,99,0.0,0.0,0.0,0,0,0,0,0
1779673824.4602041,0,0.3499999940395355,0,0,257,900,423158243,15,77,16.965177536010742,-24.742326736450195,23.577077865600586,29.07632827758789,1,0,0.6000000238418579,0,0,0,0,0,4,0,0,0,8,99,1,0.0,0.0,17.767459869384766,28.40812110900879,1.5,0,99,1.0,0.0,0.0,0,0,0,0,0
1779673824.4803135,0,0.3499999940395355,0,0,257,900,423158243,15,77,16.965177536010742,-24.742326736450195,23.9163818359375,28.58148193359375,1,0,0.6000000238418579,0,0,0,0,0,4,0,0,0,8,99,1,0.0,0.0,17.767459869384766,28.40812110900879,1.5,0,99,1.0,0.0,0.0,0,0,0,0,0
1779673824.4999757,0,0.3499999940395355,0,0,257,900,423158243,15,77,16.965177536010742,-24.742326736450195,24.255685806274414,28.08663558959961,1,0,0.6000000238418579,0,0,1,0,0,4,0,0,0,8,99,1,8.300000190734863,0.0,17.933279037475586,28.40812110900879,1.5,0,99,1.0,0.0,0.0,0,0,0,0,0
1779673824.520063,0,0.3499999940395355,0,0,257,900,423158243,15,77,16.965177536010742,-24.742326736450195,24.594989776611328,27.59178924560547,1,0,0.6000000238418579,0,0,1,0,0,4,0,0,0,8,99,1,8.300000190734863,0.0,18.099273681640625,28.40812110900879,1.5,0,99,1.0,0.0,0.0,0,0,0,0,0
1779673824.540423,0,0.3499999940395355,0,0,257,900,423158243,47,77,13.572142601013184,0.0,24.934293746948242,27.549999237060547,1,0,0.6000000238418579,0,0,1,0,0,4,0,0,0,8,99,1,8.300000190734863,0.0,18.265274047851562,28.40812110900879,1.5,0,99,1.0,0.0,0.0,0,0,0,0,0
1779673824.5601954,0,0.3499999940395355,0,0,257,900,423158243,47,77,10.857714653015137,0.0,25.151447296142578,28.295839309692383,1,0,0.6000000238418579,0,0,1,0,0,4,0,0,0,8,99,1,8.300000190734863,0.0,18.431270599365234,28.40812110900879,1.5,0,99,1.0,0.0,0.0,0,0,0,0,0
1779673824.5801995,0,0.3499999940395355,0,0,257,900,423158243,47,77,8.686171531677246,0.0,25.325170516967773,28.492136001586914,1,0,0.6000000238418579,0,0,1,0,0,4,0,0,0,8,99,1,8.300000190734863,0.0,18.597270965576172,28.40812110900879,1.5,0,99,1.0,0.0,0.0,0,0,0,0,0
1779673824.6000745,0,0.3499999940395355,0,0,257,900,423158243,47,77,6.94893741607666,0.0,25.464149475097656,28.54359245300293,1,0,0.6000000238418579,0,0,1,0,0,4,0,0,0,8,99,1,8.300000190734863,0.0,18.763267517089844,28.40812110900879,1.5,0,99,1.0,0.0,0.0,0,0,0,0,0
1779673824.620573,0,0.3499999940395355,0,0,257,900,423158243,47,77,5.559150218963623,0.0,25.575332641601562,28.55708122253418,1,0,0.6000000238418579,0,0,1,0,0,4,0,0,0,8,99,1,8.300000190734863,0.0,18.929262161254883,28.40812110900879,1.5,0,99,1.0,0.0,0.0,0,0,0,0,0
1779673824.6404853,0,0.3499999940395355,0,0,257,900,423158243,47,77,4.447320461273193,0.0,25.66427993774414,28.558807373046875,1,0,0.6000000238418579,0,0,1,0,0,4,0,0,0,8,99,1,8.300000190734863,0.0,19.095348358154297,28.40812110900879,1.5,0,99,1.0,0.0,0.0,0,0,0,0,0
1779673824.660509,0,0.3499999940395355,0,0,257,900,423158243,47,77,3.557856321334839,0.0,25.735437393188477,28.559911727905273,1,0,0.6000000238418579,0,0,1,0,0,4,0,0,0,8,99,1,8.300000190734863,0.0,19.261348724365234,28.40812110900879,1.5,0,99,1.0,0.0,0.0,0,0,0,0,0
1779673824.6804104,0,0.3499999940395355,0,0,257,900,423158243,47,77,2.846285104751587,0.0,25.792362213134766,28.560619354248047,1,0,0.6000000238418579,0,0,1,0,0,4,0,0,0,8,99,1,8.300000190734863,0.0,19.42734718322754,28.40812110900879,1.5,0,99,1.0,0.0,0.0,0,0,0,0,0
1779673824.7002199,0,0.3499999940395355,0,0,257,900,423158243,47,77,2.2770280838012695,0.0,25.837902069091797,28.561071395874023,1,0,0.6000000238418579,0,0,1,0,0,4,0,0,0,8,99,1,8.300000190734863,0.0,19.593351364135742,28.40812110900879,1.5,0,99,1.0,0.0,0.0,0,0,0,0,0
1779673824.7201014,0,0.3499999940395355,0,0,257,900,423158243,47,77,1.8216224908828735,0.0,25.87433433532715,28.561359405517578,1,0,0.6000000238418579,0,0,1,0,0,4,0,0,0,8,99,1,8.300000190734863,0.0,19.759349822998047,28.40812110900879,1.5,0,99,1.0,0.0,0.0,0,0,0,0,0
1779673824.7401376,0,0.3499999940395355,0,0,257,900,423158243,47,77,1.4572980403900146,0.0,25.903480529785156,28.56154441833496,1,0,0.6000000238418579,0,0,1,0,0,4,0,0,0,8,99,1,8.300000190734863,0.0,19.925270080566406,28.40812110900879,1.5,0,99,1.0,0.0,0.0,0,0,0,0,0
1779673824.760207,0,0.3499999940395355,0,0,257,900,423158243,47,77,1.1658384799957275,0.0,25.92679786682129,28.561664581298828,1,0,0.6000000238418579,0,0,1,0,0,4,0,0,0,8,99,1,8.300000190734863,0.0,20.091264724731445,28.40812110900879,1.5,0,99,1.0,0.0,0.0,0,0,0,0,0
1779673824.7802367,0,0.3499999940395355,0,0,257,900,423158243,47,77,0.9326707720756531,0.0,25.945451736450195,28.56174087524414,1,0,0.6000000238418579,0,0,1,0,0,4,0,0,0,8,99,1,8.300000190734863,0.0,20.25726318359375,28.40812110900879,1.5,0,99,1.0,0.0,0.0,0,0,0,0,0
1779673824.8002102,0,0.3499999940395355,0,0,257,900,423158243,47,77,0.7461366057395935,0.0,25.96037483215332,28.56178855895996,1,0,0.6000000238418579,0,0,1,0,0,4,0,0,0,8,99,1,8.300000190734863,0.0,20.423259735107422,28.40812110900879,1.5,0,99,1.0,0.0,0.0,0,0,0,0,0
1779673824.8203068,0,0.3499999940395355,0,0,257,900,423158243,47,77,0.5969092845916748,0.0,25.972312927246094,28.561819076538086,1,0,0.6000000238418579,0,0,1,0,0,4,0,0,0,8,99,1,8.300000190734863,0.0,20.58925437927246,28.40812110900879,1.5,0,99,1.0,0.0,0.0,0,0,0,0,0
1779673824.8399699,0,0.3499999940395355,0,0,257,900,423158243,47,77,0.4775274395942688,0.0,25.981863021850586,28.561840057373047,1,0,0.6000000238418579,0,0,1,0,0,4,0,0,0,8,99,1,8.300000190734863,0.0,20.7552547454834,28.40812110900879,1.5,0,99,1.0,0.0,0.0,0,0,0,0,0
1779673824.860196,0,0.3499999940395355,0,0,257,900,423158243,47,77,0.382021963596344,0.0,25.989503860473633,28.561853408813477,1,0,0.6000000238418579,0,0,1,0,0,4,0,0,0,8,99,1,8.300000190734863,0.0,20.921253204345703,28.40812110900879,1.5,0,99,1.0,0.0,0.0,0,0,0,0,0
1779673824.880067,0,0.3499999940395355,0,0,257,900,423158243,47,77,0.3056175708770752,0.0,25.995616912841797,28.561861038208008,1,0,0.6000000238418579,0,0,1,0,0,4,0,0,0,8,99,1,8.300000190734863,0.0,21.087249755859375,28.40812110900879,1.5,0,99,1.0,0.0,0.0,0,0,0,0,0
1779673824.900079,0,0.3499999940395355,0,0,257,900,423158243,47,77,0.24449406564235687,0.0,26.000507354736328,28.561864852905273,1,0,0.6000000238418579,0,0,1,0,0,4,0,0,0,8,99,1,8.300000190734863,0.0,21.25324821472168,28.40812110900879,1.5,0,99,1.0,0.0,0.0,0,0,0,0,0
1779673824.9202154,0,0.3499999940395355,0,0,257,900,423158243,47,77,0.19559524953365326,0.0,26.004419326782227,28.56186866760254,1,0,0.6000000238418579,0,0,1,0,0,4,0,0,0,8,99,1,8.300000190734863,0.0,21.419328689575195,28.40812110900879,1.5,0,99,1.0,0.0,0.0,0,0,0,0,0
1779673824.9400406,0,0.3499999940395355,0,0,257,900,423158243,47,77,0.1564761996269226,0.0,26.007549285888672,28.561870574951172,1,0,0.6000000238418579,0,0,1,0,0,4,0,0,0,8,99,1,8.300000190734863,0.0,21.585325241088867,28.40812110900879,1.5,0,99,1.0,0.0,0.0,0,0,0,0,0
1779673824.9601226,0,0.3499999940395355,0,0,257,900,423158243,47,77,0.12518095970153809,0.0,26.010053634643555,28.561870574951172,1,0,0.6000000238418579,0,0,1,0,0,4,0,0,0,8,99,1,8.300000190734863,0.0,21.75132942199707,28.40812110900879,1.5,0,99,1.0,0.0,0.0,0,0,0,0,0
1779673824.9801455,0,0.3499999940395355,0,0,257,900,423158243,47,77,0.10014476627111435,0.0,26.012056350708008,28.561870574951172,1,0,0.6000000238418579,0,0,1,0,0,4,0,0,0,8,99,1,8.300000190734863,0.0,21.917327880859375,28.40812110900879,1.5,0,99,1.0,0.0,0.0,0,0,0,0,0
1779673824.9999063,0,0.3499999940395355,0,0,257,900,423158243,47,77,0.08011581748723984,0.0,26.01365852355957,28.561870574951172,1,0,0.6000000238418579,0,0,1,0,0,4,0,0,0,8,99,1,8.300000190734863,0.0,22.083322525024414,28.40812110900879,1.5,0,99,1.0,0.0,0.0,0,0,0,0,0
1779673825.0202136,0,0.3499999940395355,0,0,257,900,423158243,1,77,0.0,0.0,26.01494026184082,28.561870574951172,1,0,0.6000000238418579,0,0,1,0,0,4,0,0,0,8,99,1,8.300000190734863,0.0,22.249319076538086,28.40812110900879,1.5,0,99,1.0,0.0,0.0,0,0,0,0,0
1779673825.040082,0,0.3499999940395355,0,0,257,900,423158243,1,77,0.0,0.0,26.01494026184082,28.561870574951172,1,0,0.6000000238418579,0,0,1,0,0,4,0,0,0,8,99,1,8.300000190734863,0.0,22.415237426757812,28.40812110900879,1.5,0,99,1.0,0.0,0.0,0,0,1,0,0
1779673825.0604258,0,0.3499999940395355,0,0,257,900,423158243,1,77,0.0,0.0,26.01494026184082,28.561870574951172,1,0,0.6000000238418579,0,0,1,0,0,4,0,0,0,8,99,1,8.300000190734863,0.0,22.58123779296875,28.40812110900879,1.5,0,99,1.0,0.0,0.0,0,0,1,0,0
1779673825.0801885,0,0.3499999940395355,1,0,257,900,423158243,1,77,0.0,0.0,26.01494026184082,28.561870574951172,0,0,0.6000000238418579,0,0,1,0,0,4,0,1,0,8,99,1,8.300000190734863,0.0,22.74732208251953,28.40812110900879,1.5,0,99,1.0,0.0,0.0,0,0,1,0,0
1779673825.1002123,0,0.3499999940395355,1,0,257,900,423158243,1,77,0.0,0.0,26.01494026184082,28.561870574951172,0,0,0.6000000238418579,0,0,1,0,0,4,0,1,0,8,99,1,8.300000190734863,0.0,22.913240432739258,28.40812110900879,1.5,0,99,1.0,0.0,0.0,0,0,1,0,0
1779673825.1202078,0,0.3499999940395355,1,0,236,900,423158243,54,77,0.0,0.0,26.01494026184082,28.561870574951172,0,0,0.6000000238418579,0,0,1,0,0,4,0,1,0,8,99,1,-3.75,0.0,23.079238891601562,28.40812110900879,1.5,0,99,1.0,0.0,0.0,0,0,1,0,0
1779673825.1403754,0,0.3499999940395355,1,0,236,900,423158243,54,77,0.0,0.0,26.314939498901367,28.561870574951172,0,0,0.6000000238418579,0,0,1,0,0,4,0,1,0,8,99,1,-3.75,0.0,23.004539489746094,28.40812110900879,1.5,0,99,1.0,0.0,0.0,0,0,1,0,0
1779673825.1626017,0,0.3499999940395355,1,0,236,900,423158243,54,77,0.0,0.0,26.614938735961914,28.561870574951172,0,0,0.6000000238418579,0,0,1,0,0,4,0,1,0,8,99,1,-3.75,0.0,22.92953872680664,28.40812110900879,1.5,0,99,1.0,0.0,0.0,0,0,1,0,0
1779673825.1817026,0,0.3499999940395355,1,0,236,900,423158243,54,77,0.0,0.0,26.91493797302246,28.561870574951172,1,0,0.6000000238418579,0,0,1,0,0,4,0,1,0,8,99,1,-3.75,0.0,22.854570388793945,28.40812110900879,1.5,0,99,1.0,0.0,0.0,0,0,0,0,0
1779673825.2003567,0,0.3499999940395355,1,0,236,900,423158243,54,77,0.0,0.0,27.214937210083008,28.561870574951172,1,0,0.6000000238418579,0,0,1,0,0,4,0,1,0,8,99,1,-3.75,0.0,22.77953338623047,28.40812110900879,1.5,0,99,1.0,0.0,0.0,0,0,0,0,0
1779673825.2203553,0,0.3499999940395355,1,0,236,900,423158243,54,77,0.0,0.0,27.514936447143555,28.561870574951172,1,0,0.6000000238418579,0,0,1,0,0,4,0,1,0,8,99,1,-3.75,0.0,22.704532623291016,28.40812110900879,1.5,0,99,1.0,0.0,0.0,0,0,0,0,0
1779673825.2401636,0,0.3499999940395355,1,0,236,900,423158243,54,77,0.0,0.0,27.8149356842041,28.561870574951172,1,0,0.6000000238418579,0,0,1,0,0,4,0,1,0,8,99,1,-3.75,0.0,22.629568099975586,28.40812110900879,1.5,0,99,1.0,0.0,0.0,0,0,0,0,0
1779673825.2603483,0,0.3499999940395355,1,0,236,900,423158243,54,77,0.0,0.0,28.11493492126465,28.561870574951172,1,0,0.6000000238418579,0,0,1,0,0,4,0,1,0,8,99,1,-3.75,0.0,22.55452537536621,28.40812110900879,1.5,0,99,1.0,0.0,0.0,0,0,0,0,0
1779673825.2800622,0,0.3499999940395355,1,0,236,900,423158243,54,77,0.0,0.0,28.414934158325195,28.561870574951172,1,0,0.6000000238418579,0,0,1,0,0,4,0,1,0,8,99,1,-3.75,0.0,22.47955894470215,28.40812110900879,1.5,0,99,1.0,0.0,0.0,0,0,0,0,0
1779673825.3004317,0,0.3499999940395355,1,0,236,900,423158243,54,77,0.0,0.0,28.414934158325195,28.561870574951172,1,0,0.6000000238418579,0,0,1,0,0,4,0,1,0,8,99,1,-3.75,0.0,22.404558181762695,28.40812110900879,1.5,0,99,1.0,0.0,0.0,0,0,0,0,0
1779673825.3202744,0,0.3499999940395355,1,0,236,900,423158243,54,77,0.0,0.0,28.414934158325195,28.561870574951172,1,0,0.6000000238418579,0,0,1,0,0,4,0,1,0,8,99,1,8.300000190734863,0.0,22.570249557495117,28.40812110900879,1.5,0,99,1.0,0.0,0.0,0,0,0,0,0
1779673825.340265,0,0.3499999940395355,1,0,236,900,423158243,54,77,0.0,0.0,28.414934158325195,28.561870574951172,1,0,0.6000000238418579,0,0,1,0,0,4,0,1,0,8,99,1,8.300000190734863,0.0,22.7363338470459,28.40812110900879,1.5,0,99,1.0,0.0,0.0,0,0,0,0,0
1779673825.3602247,0,0.3499999940395355,1,0,236,900,423158243,54,77,0.0,0.0,28.414934158325195,28.561870574951172,1,0,0.6000000238418579,0,0,1,0,0,4,0,1,0,8,99,1,8.300000190734863,0.0,22.90233612060547,28.40812110900879,1.5,0,99,1.0,0.0,0.0,0,0,0,0,0
1779673825.3800898,0,0.3499999940395355,1,0,236,900,423158243,2,77,0.0,0.0,28.414934158325195,28.561870574951172,1,0,0.6000000238418579,0,0,1,0,0,4,0,1,0,8,99,1,8.300000190734863,0.0,23.068254470825195,28.40812110900879,1.5,0,99,1.0,0.0,0.0,0,0,0,0,0
1779673825.4102063,0,0.3499999940395355,1,0,236,900,423158243,2,77,0.0,0.0,28.414934158325195,28.561872482299805,1,0,0.6000000238418579,0,0,1,0,0,4,0,1,0,8,99,1,8.300000190734863,0.0,23.234254837036133,28.40812110900879,1.5,0,99,1.0,0.0,0.0,0,0,0,0,0
1779673825.4286342,0,0.3499999940395355,0,0,236,900,423158243,2,77,0.0,0.0,28.414934158325195,28.561872482299805,1,0,0.6000000238418579,0,0,1,0,0,4,0,0,0,8,99,1,8.300000190734863,0.0,23.40033531188965,28.40812110900879,1.5,0,99,1.0,0.0,0.0,0,0,0,0,0
1779673825.4471762,0,0.3499999940395355,0,0,236,900,423158243,2,77,0.0,0.0,28.414934158325195,28.561872482299805,1,0,0.6000000238418579,0,0,1,0,0,4,0,0,0,8,99,1,8.300000190734863,0.0,23.566333770751953,28.40812110900879,1.5,0,99,1.0,0.0,0.0,0,0,0,0,0
1779673825.465285,0,0.3499999940395355,0,0,236,900,423158243,2,77,0.0,0.0,28.414934158325195,28.561872482299805,1,0,0.6000000238418579,0,0,1,0,0,4,0,0,0,8,99,1,8.300000190734863,0.0,23.732337951660156,28.40812110900879,1.5,0,99,1.0,0.0,0.0,0,0,0,0,0
1779673825.4834123,0,0.3499999940395355,0,0,236,900,423158243,2,77,0.0,0.0,28.414934158325195,28.561872482299805,1,0,0.6000000238418579,0,0,1,0,0,4,0,0,0,8,99,1,8.300000190734863,0.0,23.898340225219727,28.40812110900879,1.5,0,99,1.0,0.0,0.0,0,0,0,0,0
1779673825.5020947,0,0.3499999940395355,0,0,236,900,423158243,2,77,0.0,0.0,28.414934158325195,28.561872482299805,1,0,0.6000000238418579,0,0,1,0,0,4,0,0,0,8,99,1,8.300000190734863,0.0,24.064258575439453,28.40812110900879,1.5,0,99,1.0,0.0,0.0,0,0,0,0,0
1779673825.520487,0,0.3499999940395355,0,0,236,900,423158243,2,77,0.0,0.0,28.414934158325195,28.561872482299805,1,0,0.6000000238418579,0,0,1,0,0,4,0,0,0,8,99,1,8.300000190734863,0.0,24.23033905029297,28.40812110900879,1.5,0,99,1.0,0.0,0.0,0,0,0,0,0
1779673825.5400655,0,0.3499999940395355,0,0,236,900,423158243,2,77,0.0,0.0,28.414934158325195,28.561872482299805,1,0,0.6000000238418579,0,0,1,0,0,4,0,0,0,8,99,1,8.300000190734863,0.0,24.396257400512695,28.40812110900879,1.5,0,99,1.0,0.0,0.0,0,0,0,0,0
1779673825.5602734,0,0.3499999940395355,0,0,236,900,423158243,2,77,0.0,0.0,28.414934158325195,28.561872482299805,1,0,0.6000000238418579,0,0,1,0,0,4,0,0,0,8,99,1,8.300000190734863,0.0,24.562257766723633,28.40812110900879,1.5,0,99,1.0,0.0,0.0,0,0,0,0,0
1779673825.5801084,0,0.3499999940395355,0,0,236,900,423158243,2,77,0.0,0.0,28.414934158325195,28.561872482299805,1,0,0.6000000238418579,0,0,1,0,0,4,0,0,0,8,99,1,8.300000190734863,0.0,24.72825813293457,28.40812110900879,1.5,0,99,1.0,0.0,0.0,0,0,0,0,0
1779673825.600177,0,0.3499999940395355,0,0,236,900,423158243,2,77,0.0,0.0,28.414934158325195,28.561872482299805,1,0,0.6000000238418579,0,0,1,0,0,4,0,0,0,8,99,1,8.300000190734863,0.0,24.894256591796875,28.40812110900879,1.5,0,99,1.0,0.0,0.0,0,0,1,0,0
1779673825.620217,0,0.3499999940395355,1,0,236,900,423158243,2,77,0.0,0.0,28.414934158325195,28.561872482299805,0,0,0.6000000238418579,0,0,1,0,0,4,0,1,0,8,99,1,8.300000190734863,0.0,25.060251235961914,28.40812110900879,1.5,0,99,1.0,0.0,0.0,0,0,1,0,0
1779673825.6401432,0,0.3499999940395355,1,0,236,900,423158243,2,77,0.0,0.0,28.414934158325195,28.561872482299805,0,0,0.6000000238418579,0,0,1,0,0,4,0,1,0,8,99,1,8.300000190734863,0.0,25.226337432861328,28.40812110900879,1.5,0,99,1.0,0.0,0.0,0,0,1,0,0
1779673825.6604383,0,0.3499999940395355,1,0,236,900,423158243,2,77,0.0,0.0,28.414934158325195,28.561872482299805,0,0,0.6000000238418579,0,0,1,0,0,4,0,1,0,8,99,1,8.300000190734863,0.0,25.392333984375,28.40812110900879,1.5,0,99,1.0,0.0,0.0,0,0,1,0,0
1779673825.680294,0,0.3499999940395355,1,0,236,900,423158243,2,77,0.0,0.0,28.414934158325195,28.561872482299805,0,0,0.6000000238418579,0,0,1,0,0,4,0,1,0,8,99,1,8.300000190734863,0.0,25.558334350585938,28.40812110900879,1.5,0,99,1.0,0.0,0.0,0,0,1,0,0
1779673825.700361,0,0.3499999940395355,1,0,215,900,423158243,2,77,0.0,0.0,28.414934158325195,28.561872482299805,0,0,0.6000000238418579,0,0,1,0,0,4,0,1,0,8,99,1,-3.75,0.0,25.72425079345703,28.40812110900879,1.5,0,99,1.0,0.0,0.0,0,0,1,0,0
1779673825.720376,0,0.3499999940395355,1,0,215,900,423158243,2,77,0.0,0.0,28.714933395385742,28.561872482299805,1,0,0.6000000238418579,0,0,1,0,0,4,0,1,0,8,99,1,-3.75,0.0,25.6495361328125,28.40812110900879,1.5,0,99,1.0,0.0,0.0,0,0,1,0,0
1779673825.740188,0,0.3499999940395355,1,0,215,900,423158243,2,77,0.0,0.0,29.01493263244629,28.561872482299805,1,0,0.6000000238418579,0,0,1,0,0,4,0,1,0,8,99,1,-3.75,0.0,25.574535369873047,28.40812110900879,1.5,0,99,1.0,0.0,0.0,0,0,0,0,0
1779673825.7602527,0,0.3499999940395355,1,0,215,900,423158243,2,77,0.0,0.0,29.314931869506836,28.561872482299805,1,0,0.6000000238418579,0,0,1,0,0,4,0,1,0,8,99,1,-3.75,0.0,25.49953269958496,28.40812110900879,1.5,0,99,1.0,0.0,0.0,0,0,0,0,0
1779673825.7805283,0,0.3499999940395355,1,0,215,900,423158243,2,77,0.0,0.0,29.614931106567383,28.561872482299805,1,0,0.6000000238418579,0,0,1,0,0,4,0,1,0,8,99,1,-3.75,0.0,25.42453384399414,28.40812110900879,1.5,0,99,1.0,0.0,0.0,0,0,0,0,0
1779673825.7999864,0,0.3499999940395355,1,0,215,900,423158243,2,77,0.0,0.0,29.91493034362793,28.561872482299805,1,0,0.6000000238418579,0,0,1,0,0,4,0,1,0,8,99,1,-3.75,0.0,25.349567413330078,28.40812110900879,1.5,0,99,1.0,0.0,0.0,0,0,0,0,0
1779673825.8203049,0,0.3499999940395355,1,0,215,900,423158243,2,77,0.0,0.0,30.214929580688477,28.561872482299805,1,0,0.6000000238418579,0,0,1,0,0,4,0,1,0,8,99,1,-3.75,0.0,25.27457046508789,28.40812110900879,1.5,0,99,1.0,0.0,0.0,0,0,0,0,0
1779673825.8400183,0,0.3499999940395355,1,0,215,900,423158243,2,77,0.0,0.0,30.514928817749023,28.561872482299805,1,0,0.6000000238418579,0,0,1,0,0,4,0,1,0,8,99,1,-3.75,0.0,25.19957160949707,28.40812110900879,1.5,0,99,1.0,0.0,0.0,0,0,0,0,0
1779673825.860042,0,0.3499999940395355,1,0,215,900,423158243,2,77,0.0,0.0,30.81492805480957,28.561872482299805,1,0,0.6000000238418579,0,0,1,0,0,4,0,1,0,8,99,1,-3.75,0.0,25.124570846557617,28.40812110900879,1.5,0,99,1.0,0.0,0.0,0,0,0,0,0
1779673825.8799584,0,0.3499999940395355,1,0,215,900,423158243,2,77,0.0,0.0,30.81492805480957,28.561872482299805,1,0,0.6000000238418579,0,0,1,0,0,4,0,1,0,8,99,1,-3.75,0.0,25.049570083618164,28.40812110900879,1.5,0,99,1.0,0.0,0.0,0,0,0,0,0
1779673825.9000764,0,0.3499999940395355,1,0,215,900,423158243,2,77,0.0,0.0,30.81492805480957,28.561872482299805,1,0,0.6000000238418579,0,0,1,0,0,4,0,1,0,8,99,1,8.300000190734863,0.0,25.21523094177246,28.40812110900879,1.5,0,99,1.0,0.0,0.0,0,0,0,0,0
1779673825.9201193,0,0.3499999940395355,1,0,215,900,423158243,3,77,-25.0,0.0,30.81492805480957,28.561872482299805,1,0,0.6000000238418579,0,0,1,0,0,4,0,1,0,8,99,1,8.300000190734863,0.0,25.3812255859375,28.40812110900879,1.5,0,99,1.0,0.0,0.0,0,0,0,0,0
1779673825.9401927,0,0.3499999940395355,1,0,215,900,423158243,3,77,-25.0,0.0,30.31492805480957,28.561872482299805,1,0,0.6000000238418579,0,0,1,0,0,4,0,1,0,8,99,1,8.300000190734863,0.0,25.547224044799805,28.40812110900879,1.5,0,99,1.0,0.0,0.0,0,0,0,0,0
1779673825.9600394,0,0.3499999940395355,1,0,215,900,423158243,3,77,-25.0,0.0,29.81492805480957,28.561872482299805,1,0,0.6000000238418579,0,0,1,0,0,4,0,1,0,8,99,1,8.300000190734863,0.0,25.713224411010742,28.40812110900879,1.5,0,99,1.0,0.0,0.0,0,0,0,0,0
1779673825.9803164,0,0.3499999940395355,0,0,215,900,423158243,3,77,-25.0,0.0,29.31492805480957,28.561872482299805,1,0,0.6000000238418579,0,0,1,0,0,4,0,0,0,8,99,1,8.300000190734863,0.0,25.879220962524414,28.40812110900879,1.5,0,99,1.0,0.0,0.0,0,0,0,0,0
1779673826.0002558,0,0.3499999940395355,0,0,215,900,423158243,3,77,-25.0,0.0,28.81492805480957,28.561872482299805,1,0,0.6000000238418579,0,0,1,0,0,4,0,0,0,8,99,1,8.300000190734863,0.0,26.04521942138672,28.40812110900879,1.5,0,99,1.0,0.0,0.0,0,0,0,0,0
1779673826.2802181,0,0.3499999940395355,0,0,215,900,423158243,3,77,-25.0,0.0,28.31492805480957,28.561872482299805,0,0,0.6000000238418579,0,0,1,0,0,3,1,0,0,8,99,1,0.0,0.0,26.211214065551758,28.40812110900879,1.5,0,99,0.0,0.0,0.0,0,0,0,0,0
1779673826.320071,0,0.3499999940395355,0,0,215,900,423158243,3,77,-25.0,0.0,27.81492805480957,28.561872482299805,0,0,0.6000000238418579,0,0,1,0,0,3,1,0,0,8,99,1,0.0,0.0,26.211467742919922,28.40812110900879,1.5,0,99,0.0,0.0,0.0,0,0,0,0,0
1779673826.3399808,0,0.3499999940395355,0,0,215,900,423158243,3,77,-25.0,0.0,27.31492805480957,28.561872482299805,0,0,0.6000000238418579,0,0,1,0,0,3,1,0,0,8,99,1,0.0,0.0,26.211467742919922,28.40812110900879,1.5,0,99,0.0,0.0,0.0,0,0,0,0,0
1779673826.3601909,0,0.3499999940395355,0,0,215,900,423158243,3,77,-25.0,0.0,26.81492805480957,28.561872482299805,0,0,0.6000000238418579,0,0,1,0,0,3,1,0,0,8,99,1,-15.0,7.5,25.91209602355957,28.55780792236328,1.5,0,99,0.0,0.0,0.0,0,0,0,0,0
1779673826.3800642,0,0.3499999940395355,0,0,215,900,423158243,3,77,-25.0,0.0,26.31492805480957,28.561872482299805,0,0,0.6000000238418579,0,0,1,0,0,3,1,0,0,8,99,1,-15.0,7.5,25.612098693847656,28.707805633544922,1.5,0,99,-1.0,0.0,0.0,0,0,0,0,0
1779673826.4000168,0,0.3499999940395355,0,0,215,900,423158243,3,77,-25.0,0.0,25.81492805480957,28.561872482299805,0,0,0.6000000238418579,0,0,1,0,0,3,1,0,0,8,99,1,-15.0,7.5,25.312105178833008,28.857803344726562,1.5,0,99,-1.0,0.0,0.0,0,0,0,0,0
1779673826.4204817,0,0.3499999940395355,0,0,215,900,423158243,3,77,-25.0,0.0,25.31492805480957,28.561872482299805,0,0,0.6000000238418579,0,0,1,0,0,3,1,0,0,8,99,1,-15.0,7.5,25.012113571166992,29.00779914855957,1.5,0,99,-1.0,0.0,0.0,0,0,0,0,0
1779673826.440193,0,0.3499999940395355,0,0,215,900,423158243,3,77,-25.0,0.0,24.81492805480957,28.561872482299805,0,0,0.6000000238418579,0,0,1,0,0,3,1,0,0,8,99,1,-15.0,7.5,24.711956024169922,29.15787696838379,1.5,0,99,-1.0,0.0,0.0,0,0,0,0,0
1779673826.4603093,0,0.3499999940395355,0,0,215,900,423158243,3,77,-25.0,0.0,24.31492805480957,28.561872482299805,0,0,0.6000000238418579,0,0,1,0,0,3,1,0,0,8,99,1,-15.0,7.5,24.41195297241211,29.307878494262695,1.5,0,99,-1.0,0.0,0.0,0,0,0,0,0
1779673826.4802046,0,0.3499999940395355,0,0,215,900,423158243,3,77,-25.0,0.0,23.81492805480957,28.561872482299805,0,0,0.6000000238418579,0,0,1,0,0,3,1,0,0,8,99,1,-15.0,7.5,24.11195945739746,29.457876205444336,1.5,0,99,-1.0,0.0,0.0,0,0,0,0,0
1779673826.5001547,0,0.3499999940395355,0,0,215,900,423158243,3,77,-25.0,0.0,23.31492805480957,28.561872482299805,0,0,0.6000000238418579,0,0,1,0,0,3,1,0,0,8,99,1,-15.0,7.5,23.811960220336914,29.607873916625977,1.5,0,99,-1.0,0.0,0.0,0,0,1,0,0
1779673826.5201,0,0.3499999940395355,0,0,215,900,423158243,3,77,-25.0,0.0,22.81492805480957,28.561872482299805,0,0,0.6000000238418579,0,0,1,0,0,3,1,0,0,8,99,1,-15.0,7.5,23.512100219726562,29.75780487060547,1.5,0,99,-1.0,0.0,0.0,0,0,1,0,0
1779673826.5405486,0,0.3499999940395355,0,0,215,900,423158243,3,77,-25.0,0.0,22.31492805480957,28.561872482299805,0,0,0.6000000238418579,0,0,1,0,0,3,1,0,0,8,99,1,-15.0,7.5,23.21209716796875,29.907804489135742,1.5,0,99,-1.0,0.0,0.0,0,0,1,0,0
1779673826.5612743,0,0.3499999940395355,1,0,215,900,423158243,4,77,-19.25,0.0,21.81492805480957,28.561872482299805,0,0,0.6000000238418579,0,0,1,0,0,3,1,1,0,8,99,0,0.0,0.0,22.911951065063477,30.057878494262695,1.5,0,99,-1.0,0.0,0.0,0,0,1,0,0
1779673826.58039,0,0.3499999940395355,1,0,215,900,423158243,4,77,-14.82249927520752,0.0,21.518478393554688,28.561872482299805,0,0,0.6000000238418579,0,0,1,1,0,3,1,1,0,8,99,0,-8.300000190734863,-0.9479996562004089,22.74573516845703,30.039188385009766,1.5,0,99,-1.0,0.0,0.0,0,0,1,0,0
1779673826.6000738,0,0.3499999940395355,1,0,215,900,423158243,4,77,-11.413324356079102,0.0,21.290212631225586,28.561872482299805,0,0,0.6000000238418579,0,0,1,1,0,3,1,1,0,8,99,0,-8.300000190734863,-1.8959993124008179,22.579818725585938,30.00131607055664,1.5,0,99,-1.0,0.0,0.0,0,0,1,0,0
1779673826.620393,0,0.3499999940395355,1,0,215,900,423158243,4,77,-8.788259506225586,0.0,21.11444664001465,28.561872482299805,0,0,0.6000000238418579,0,0,1,1,0,3,1,1,0,8,99,0,-8.300000190734863,-2.843998908996582,22.413822174072266,29.94447898864746,1.5,0,99,-1.0,0.0,0.0,0,0,1,0,0
1779673826.920354,0,0.3499999940395355,1,0,194,900,423158243,59,77,-10.0,20.0,20.979106903076172,28.561872482299805,0,0,0.6000000238418579,0,0,1,1,0,3,1,1,0,8,99,0,-3.75,-3.7919986248016357,22.247819900512695,29.868677139282227,1.5,0,99,-1.0,0.0,0.0,0,0,0,0,0
1779673826.9700186,0,0.3499999940395355,1,0,194,900,423158243,59,77,-10.0,18.200000762939453,21.079105377197266,28.925872802734375,1,0,0.6000000238418579,0,0,1,1,0,3,1,1,0,8,99,0,-12.050000190734863,-4.7399983406066895,22.067167282104492,29.79759407043457,1.5,0,99,-1.0,0.0,0.0,0,0,0,0,0
1779673827.00002,0,0.3499999940395355,0,0,194,900,423158243,59,77,-10.0,16.400001525878906,21.17910385131836,29.25387191772461,1,0,0.6000000238418579,0,0,0,1,0,3,1,0,0,8,99,0,-12.050000190734863,-5.687997817993164,21.814180374145508,29.68294906616211,1.5,0,99,-1.0,0.0,0.0,0,0,0,0,0
1779673827.0203717,0,0.3499999940395355,0,0,194,900,423158243,59,77,-10.0,14.60000228881836,21.279102325439453,29.54587173461914,1,0,0.6000000238418579,0,0,0,1,0,3,1,0,0,8,99,0,-12.050000190734863,-6.635997295379639,21.58512306213379,29.560638427734375,1.5,0,99,-1.0,0.0,0.0,0,0,0,0,0
1779673827.0400105,0,0.3499999940395355,0,0,194,900,423158243,59,77,-10.0,12.800003051757812,21.379100799560547,29.80187225341797,1,0,0.6000000238418579,0,0,0,1,0,3,1,0,0,8,99,0,-12.050000190734863,-7.583996772766113,21.344242095947266,29.41380500793457,1.5,0,99,-1.0,0.0,0.0,0,0,0,0,0
1779673827.060021,0,0.3499999940395355,0,0,194,900,423158243,59,77,-10.0,11.000003814697266,21.47909927368164,30.02187156677246,1,0,0.6000000238418579,0,0,0,1,0,3,1,0,0,8,99,0,-12.050000190734863,-8.531996726989746,21.10324478149414,29.247947692871094,1.5,0,99,-1.0,0.0,0.0,0,0,0,0,0
1779673827.0800576,0,0.3499999940395355,0,0,194,900,423158243,59,77,-10.0,9.200004577636719,21.579097747802734,30.20587158203125,1,0,0.6000000238418579,0,0,0,1,0,3,1,0,0,8,99,0,-12.050000190734863,-9.479996681213379,20.86225128173828,29.06313133239746,1.5,0,99,-1.0,0.0,0.0,0,0,0,0,0
1779673827.1002128,0,0.3499999940395355,0,0,194,900,423158243,59,77,-10.0,7.400005340576172,21.679096221923828,30.353872299194336,1,0,0.6000000238418579,0,0,0,1,0,3,1,0,0,8,99,0,-12.050000190734863,-10.427996635437012,20.621252059936523,28.859355926513672,1.5,0,99,-1.0,0.0,0.0,0,0,0,0,0
1779673827.119961,0,0.3499999940395355,0,0,194,900,423158243,59,77,-10.0,5.600006103515625,21.779094696044922,30.465871810913086,1,0,0.6000000238418579,0,0,0,1,0,3,1,0,0,8,99,0,-12.050000190734863,-11.375996589660645,20.38013458251953,28.636505126953125,1.5,0,99,-1.0,0.0,0.0,0,0,0,0,0
1779673827.1402333,0,0.3499999940395355,0,0,194,900,423158243,59,77,-10.0,3.800006866455078,21.57909393310547,30.541872024536133,1,0,0.6000000238418579,0,0,0,0,0,3,1,0,0,8,99,1,-12.050000190734863,0.0,20.13925552368164,28.451248168945312,1.5,0,99,-1.0,0.0,0.0,0,0,0,0,0
1779673827.1623302,0,0.3499999940395355,0,0,194,900,423158243,59,77,-10.0,2.0000076293945312,21.379093170166016,30.581872940063477,1,0,0.6000000238418579,0,0,0,0,0,3,1,0,0,8,99,1,-8.300000190734863,0.0,19.954343795776367,28.408096313476562,1.5,0,99,-1.0,0.0,0.0,0,0,0,0,0
1779673827.1812491,0,0.3499999940395355,0,0,194,900,423158243,59,77,-10.0,0.20000839233398438,21.179092407226562,30.585872650146484,1,0,0.6000000238418579,0,0,0,0,0,3,1,0,0,8,99,1,-8.300000190734863,0.0,19.7883358001709,28.408105850219727,1.5,0,99,0.0,0.0,0.0,0,0,0,0,0
1779673827.2003624,0,0.3499999940395355,0,0,194,900,423158243,59,77,-10.0,-1.5999908447265625,20.97909164428711,30.55387306213379,1,0,0.6000000238418579,0,0,0,0,0,3,1,0,0,8,99,1,-8.300000190734863,0.0,19.622339248657227,28.408113479614258,1.5,0,99,0.0,0.0,0.0,0,0,0,0,0
1779673827.2202213,0,0.3499999940395355,0,0,194,900,423158243,59,77,-10.0,-3.3999900817871094,20.779090881347656,30.48587417602539,1,0,0.6000000238418579,0,0,0,0,0,3,1,0,0,8,99,1,-8.300000190734863,0.0,19.45625877380371,28.408119201660156,1.5,0,99,0.0,0.0,0.0,0,0,0,0,0
1779673827.240261,0,0.3499999940395355,0,0,194,900,423158243,59,77,-10.0,-5.199989318847656,20.579090118408203,30.381874084472656,1,0,0.6000000238418579,0,0,0,0,0,3,1,0,0,8,99,1,0.0,0.0,19.414480209350586,28.408119201660156,1.5,0,99,0.0,0.0,0.0,0,0,0,0,0
1779673827.2602603,0,0.3499999940395355,0,0,194,900,423158243,59,77,-10.0,-6.999988555908203,20.37908935546875,30.24187469482422,1,0,0.6000000238418579,0,0,0,0,0,3,1,0,0,8,99,1,0.0,0.0,19.414480209350586,28.40812110900879,1.5,0,99,0.0,0.0,0.0,0,0,0,0,0
1779673827.2803528,0,0.3499999940395355,0,0,194,900,423158243,59,77,-10.0,-8.79998779296875,20.179088592529297,30.065874099731445,1,0,0.6000000238418579,0,0,0,0,0,3,1,0,0,8,99,1,0.0,0.0,19.414480209350586,28.40812110900879,1.5,0,99,0.0,0.0,0.0,0,0,0,0,0
1779673827.300305,0,0.3499999940395355,0,0,194,900,423158243,59,77,-10.0,-10.599987030029297,19.979087829589844,29.85387420654297,1,0,0.6000000238418579,0,0,0,0,0,3,1,0,0,8,99,1,0.0,0.0,19.414480209350586,28.40812110900879,1.5,0,99,0.0,0.0,0.0,0,0,0,0,0
1779673827.320382,0,0.3499999940395355,0,0,194,900,423158243,59,77,-10.0,-12.399986267089844,19.77908706665039,29.60587501525879,1,0,0.6000000238418579,0,0,0,0,0,3,1,0,0,8,99,1,0.0,0.0,19.414480209350586,28.40812110900879,1.5,0,99,0.0,0.0,0.0,0,0,0,0,0
1779673827.3402858,0,0.3499999940395355,0,0,194,900,423158243,59,77,-10.0,-14.19998550415039,19.579086303710938,29.321874618530273,1,0,0.6000000238418579,0,0,0,0,0,3,1,0,0,8,99,1,0.0,0.0,19.414480209350586,28.40812110900879,1.5,0,99,0.0,0.0,0.0,0,0,0,0,0
1779673827.3601654,0,0.3499999940395355,0,0,194,900,423158243,59,77,-10.0,-15.999984741210938,19.379085540771484,29.001874923706055,1,0,0.6000000238418579,0,0,0,0,0,3,1,0,0,8,99,1,0.0,0.0,19.414480209350586,28.40812110900879,1.5,0,99,0.0,0.0,0.0,0,0,0,0,0
1779673827.3801324,0,0.3499999940395355,0,0,194,900,423158243,59,77,-10.0,-17.799983978271484,19.17908477783203,28.645875930786133,1,0,0.6000000238418579,0,0,0,0,0,3,1,0,0,8,99,1,0.0,0.0,19.414480209350586,28.40812110900879,1.5,0,99,0.0,0.0,0.0,0,0,0,0,0
1779673827.3999598,0,0.3499999940395355,0,0,194,900,423158243,60,77,0.0,0.0,18.979084014892578,28.56183624267578,1,0,0.6000000238418579,0,0,0,0,0,3,1,0,0,8,99,1,0.0,0.0,19.414480209350586,28.408123016357422,1.5,0,99,0.0,0.0,0.0,0,0,0,0,0
1779673827.4201703,0,0.3499999940395355,0,0,194,900,423158243,60,77,0.0,0.0,18.979084014892578,28.56184959411621,1,0,0.6000000238418579,0,0,0,0,0,3,1,0,0,8,99,1,0.0,0.0,19.414480209350586,28.40812110900879,1.5,0,99,0.0,0.0,0.0,0,0,0,0,0
1779673827.4400654,0,0.3499999940395355,0,0,194,900,423158243,60,77,0.0,0.0,18.979084014892578,28.561859130859375,1,0,0.6000000238418579,0,0,0,0,0,3,1,0,0,8,99,1,0.0,0.0,19.414480209350586,28.40812110900879,1.5,0,99,0.0,0.0,0.0,0,0,0,0,0
1779673827.4602263,0,0.3499999940395355,0,0,194,900,423158243,60,77,0.0,0.0,18.979084014892578,28.561864852905273,1,0,0.6000000238418579,0,0,0,0,0,3,1,0,0,8,99,1,0.0,0.0,19.414480209350586,28.40812110900879,1.5,0,99,0.0,0.0,0.0,0,0,0,0,0
1779673827.4801483,0,0.3499999940395355,0,0,194,900,423158243,60,77,0.0,0.0,18.979084014892578,28.56186866760254,1,0,0.6000000238418579,0,0,0,0,0,3,1,0,0,8,99,1,0.0,0.0,19.414480209350586,28.408119201660156,1.5,0,99,0.0,0.0,0.0,0,0,0,0,0
1779673827.5001116,0,0.3499999940395355,0,0,194,900,423158243,60,77,0.0,0.0,18.979084014892578,28.561870574951172,1,0,0.6000000238418579,0,0,0,0,0,3,1,0,0,8,99,1,0.0,0.0,19.414480209350586,28.40812110900879,1.5,0,99,0.0,0.0,0.0,0,0,0,0,0
1779673827.5202806,0,0.3499999940395355,0,0,194,900,423158243,60,77,0.0,0.0,18.979084014892578,28.561870574951172,1,0,0.6000000238418579,0,0,0,0,0,3,1,0,0,8,99,1,0.0,0.0,19.414480209350586,28.40812110900879,1.5,0,99,0.0,0.0,0.0,0,0,0,0,0
1779673827.5400214,0,0.3499999940395355,0,0,194,900,423158243,60,77,0.0,0.0,18.979084014892578,28.561870574951172,1,0,0.6000000238418579,0,0,0,0,0,3,1,0,0,8,99,1,0.0,0.0,19.414480209350586,28.40812110900879,1.5,0,99,0.0,0.0,0.0,0,0,0,0,0
1779673827.5603158,0,0.3499999940395355,0,0,194,900,423158243,60,77,0.0,0.0,18.979084014892578,28.561870574951172,1,0,0.6000000238418579,0,0,0,0,0,3,1,0,0,8,99,1,0.0,0.0,19.414480209350586,28.408119201660156,1.5,0,99,0.0,0.0,0.0,0,0,0,0,0
1779673827.5802352,0,0.3499999940395355,0,0,194,900,423158243,60,77,0.0,0.0,18.979084014892578,28.561870574951172,1,0,0.6000000238418579,0,0,0,0,0,3,1,0,0,8,99,1,0.0,0.0,19.414480209350586,28.40812110900879,1.5,0,99,0.0,0.0,0.0,0,0,0,0,0
1779673827.6002688,0,0.3499999940395355,0,0,194,900,423158243,60,77,0.0,0.0,18.979084014892578,28.561870574951172,1,0,0.6000000238418579,0,0,0,0,0,3,1,0,0,8,99,1,0.0,0.0,19.414480209350586,28.40812110900879,1.5,0,99,0.0,0.0,0.0,0,0,0,0,0
1779673827.6203005,0,0.3499999940395355,0,0,194,900,423158243,60,77,0.0,0.0,18.979084014892578,28.561870574951172,1,0,0.6000000238418579,0,0,0,0,0,3,1,0,0,8,99,1,0.0,0.0,19.414480209350586,28.40812110900879,1.5,0,99,0.0,0.0,0.0,0,0,0,0,0
1779673827.640634,0,0.3499999940395355,0,0,194,900,423158243,60,77,0.0,0.0,18.979084014892578,28.561870574951172,1,0,0.6000000238418579,0,0,0,0,0,3,1,0,0,8,99,1,0.0,0.0,19.414480209350586,28.40812110900879,1.5,0,99,0.0,0.0,0.0,0,0,0,0,0
1779673827.6604133,0,0.3499999940395355,0,0,194,900,423158243,60,77,0.0,0.0,18.979084014892578,28.561870574951172,1,0,0.6000000238418579,0,0,0,0,0,3,1,0,0,8,99,1,0.0,0.0,19.414480209350586,28.40812110900879,1.5,0,99,0.0,0.0,0.0,0,0,0,0,0
1779673827.6800935,0,0.3499999940395355,0,0,194,900,423158243,60,77,0.0,0.0,18.979084014892578,28.561870574951172,1,0,0.6000000238418579,0,0,0,0,0,3,1,0,0,8,99,1,0.0,0.0,19.414480209350586,28.40812110900879,1.5,0,99,0.0,0.0,0.0,0,0,0,0,0
1779673827.700521,0,0.3499999940395355,0,0,194,900,423158243,60,77,0.0,0.0,18.979084014892578,28.561870574951172,1,0,0.6000000238418579,0,0,0,0,0,3,1,0,0,8,99,1,0.0,0.0,19.414480209350586,28.40812110900879,1.5,0,99,0.0,0.0,0.0,0,0,0,0,0
1779673827.7202802,0,0.3499999940395355,0,0,194,900,423158243,60,77,0.0,0.0,18.979084014892578,28.561870574951172,1,0,0.6000000238418579,0,0,0,0,0,3,1,0,0,8,99,1,0.0,0.0,19.414480209350586,28.40812110900879,1.5,0,99,0.0,0.0,0.0,0,0,0,0,0
1779673827.7404723,0,0.3499999940395355,0,0,194,900,423158243,60,77,0.0,0.0,18.979084014892578,28.561870574951172,1,0,0.6000000238418579,0,0,0,0,0,3,1,0,0,8,99,1,0.0,0.0,19.414480209350586,28.40812110900879,1.5,0,99,0.0,0.0,0.0,0,0,0,0,0
1779673827.7602298,0,0.3499999940395355,0,0,194,900,423158243,60,77,0.0,0.0,18.979084014892578,28.561870574951172,1,0,0.6000000238418579,0,0,0,0,0,3,1,0,0,8,99,1,0.0,0.0,19.414480209350586,28.40812110900879,1.5,0,99,0.0,0.0,0.0,0,0,0,0,0
1779673827.7802541,0,0.3499999940395355,0,0,194,900,423158243,60,77,0.0,0.0,18.979084014892578,28.561870574951172,1,0,0.6000000238418579,0,0,0,0,0,3,1,0,0,8,99,1,0.0,0.0,19.414480209350586,28.40812110900879,1.5,0,99,0.0,0.0,0.0,0,0,0,0,0
1779673827.7999902,0,0.3499999940395355,0,0,194,900,423158243,60,77,0.0,0.0,18.979084014892578,28.561870574951172,1,0,0.6000000238418579,0,0,0,0,0,3,1,0,0,8,99,1,0.0,0.0,19.414480209350586,28.408119201660156,1.5,0,99,0.0,0.0,0.0,0,0,0,0,0
1779673827.8201191,0,0.3499999940395355,0,0,194,900,423158243,60,77,0.0,0.0,18.979084014892578,28.561870574951172,1,0,0.6000000238418579,0,0,0,0,0,3,1,0,0,8,99,1,0.0,0.0,19.414480209350586,28.40812110900879,1.5,0,99,0.0,0.0,0.0,0,0,0,0,0
1779673827.8401434,0,0.3499999940395355,0,0,194,900,423158243,60,77,0.0,0.0,18.979084014892578,28.561870574951172,1,0,0.6000000238418579,0,0,0,0,0,3,1,0,0,8,99,1,0.0,0.0,19.414480209350586,28.40812110900879,1.5,0,99,0.0,0.0,0.0,0,0,0,0,0
1779673827.8603866,0,0.3499999940395355,0,0,194,900,423158243,60,77,0.0,0.0,18.979084014892578,28.561870574951172,1,0,0.6000000238418579,0,0,0,0,0,3,1,0,0,8,99,1,0.0,0.0,19.414480209350586,28.40812110900879,1.5,0,99,0.0,0.0,0.0,0,0,0,0,0
1779673827.8802834,0,0.3499999940395355,0,0,194,900,423158243,60,77,0.0,0.0,18.979084014892578,28.561870574951172,1,0,0.6000000238418579,0,0,0,0,0,3,1,0,0,8,99,1,0.0,0.0,19.414480209350586,28.40812110900879,1.5,0,99,0.0,0.0,0.0,0,0,0,0,0
1779673827.9001644,0,0.3499999940395355,0,0,194,900,423158243,60,77,0.0,0.0,18.979084014892578,28.561870574951172,1,0,0.6000000238418579,0,0,0,0,0,3,1,0,0,8,99,1,0.0,0.0,19.414480209350586,28.40812110900879,1.5,0,99,0.0,0.0,0.0,1,0,0,0,0
1779673827.9202785,0,0.3499999940395355,0,0,194,900,423158243,60,77,0.0,0.0,18.979084014892578,28.561870574951172,1,0,0.6000000238418579,0,0,0,0,0,3,1,0,1,8,99,1,0.0,0.0,19.414480209350586,28.40812110900879,1.5,0,99,0.0,0.0,0.0,1,0,0,0,0
1779673827.9403105,0,0.3499999940395355,0,0,194,900,423158243,60,77,0.0,0.0,18.979084014892578,28.561870574951172,1,0,0.6000000238418579,0,0,0,0,0,3,0,0,1,8,99,0,0.0,15.70199966430664,19.414480209350586,28.64288330078125,1.5,0,99,0.0,0.0,0.0,1,0,0,0,0
1779673828.2406702,0,0.3499999940395355,0,0,194,900,423158243,60,77,0.0,0.0,18.979084014892578,28.561870574951172,0,0,0.6000000238418579,0,0,0,0,0,2,1,0,0,8,99,0,0.0,0.0,19.414480209350586,28.988481521606445,1.5,0,99,0.0,0.0,0.0,1,0,0,0,0
1779673828.2711809,0,0.3499999940395355,0,0,194,900,423158243,60,77,0.0,0.0,18.979084014892578,28.561870574951172,0,0,0.6000000238418579,0,0,0,0,0,2,1,0,0,8,99,0,0.0,0.0,19.414480209350586,29.03619956970215,1.5,0,99,0.0,0.0,0.0,1,0,0,0,0
1779673828.290619,0,0.3499999940395355,0,0,194,900,423158243,60,77,0.0,0.0,18.979084014892578,28.561870574951172,0,0,0.6000000238418579,0,0,0,0,0,2,1,0,0,8,99,0,15.0,7.5,19.638898849487305,29.148408889770508,1.5,0,99,0.0,0.0,0.0,1,0,0,0,0
1779673828.311316,0,0.3499999940395355,0,0,194,900,423158243,60,77,0.0,0.0,18.979084014892578,28.561870574951172,0,0,0.6000000238418579,0,0,0,0,0,2,1,0,0,8,99,0,15.0,7.5,19.93890380859375,29.298412322998047,1.5,0,99,0.0,0.0,0.0,1,0,0,0,0
1779673828.3307302,0,0.3499999940395355,0,0,194,900,423158243,60,77,0.0,0.0,18.979084014892578,28.561870574951172,0,0,0.6000000238418579,0,0,0,0,0,2,1,0,0,8,99,0,15.0,7.5,20.238908767700195,29.448413848876953,1.5,0,99,0.0,0.0,0.0,1,0,0,0,0
1779673828.350353,0,0.3499999940395355,0,0,194,900,423158243,60,77,0.0,0.0,18.979084014892578,28.561870574951172,0,0,0.6000000238418579,0,0,0,0,0,2,1,0,0,8,99,0,15.0,7.5,20.53890609741211,29.598413467407227,1.5,0,99,0.0,0.0,0.0,1,0,0,0,0
1779673828.3716698,0,0.3499999940395355,0,0,194,900,423158243,60,77,0.0,0.0,18.979084014892578,28.561870574951172,0,0,0.6000000238418579,0,0,0,0,0,2,1,0,0,8,99,0,15.0,7.5,20.83889389038086,29.74840545654297,1.5,0,99,0.0,0.0,0.0,1,0,0,0,0
1779673828.3910308,0,0.3499999940395355,0,0,194,900,423158243,60,77,0.0,0.0,18.979084014892578,28.561870574951172,0,0,0.6000000238418579,0,0,0,0,0,2,1,0,0,8,99,0,15.0,7.5,21.138906478881836,29.89841079711914,1.5,0,99,0.0,0.0,0.0,1,0,0,0,0
1779673828.4101477,0,0.3499999940395355,0,0,194,900,423158243,60,77,0.0,0.0,18.979084014892578,28.561870574951172,0,0,0.6000000238418579,0,0,0,0,0,2,1,0,0,8,99,0,15.0,7.5,21.43890380859375,30.048412322998047,1.5,0,99,0.0,0.0,0.0,1,0,0,0,0
1779673828.4304101,0,0.3499999940395355,0,0,194,900,423158243,60,77,0.0,0.0,18.979084014892578,28.561870574951172,0,0,0.6000000238418579,0,0,0,0,0,2,1,0,0,8,99,0,15.0,7.5,21.73889923095703,30.198410034179688,1.5,0,99,0.0,0.0,0.0,1,0,0,0,0
1779673828.4501266,0,0.3499999940395355,0,0,194,900,423158243,60,77,0.0,0.0,18.979084014892578,28.561870574951172,0,0,0.6000000238418579,0,0,0,0,0,2,1,0,0,8,99,0,15.0,7.5,22.038761138916016,30.34834098815918,1.5,0,99,0.0,0.0,0.0,1,0,0,0,0
1779673828.4702003,0,0.3499999940395355,0,0,194,900,423158243,60,77,0.0,0.0,18.979084014892578,28.561870574951172,0,0,0.6000000238418579,0,0,0,0,0,2,1,0,0,8,99,0,15.0,7.5,22.338760375976562,30.498340606689453,1.5,0,99,0.0,0.0,0.0,1,0,0,0,0
1779673828.4902592,0,0.3499999940395355,0,0,194,900,423158243,60,77,0.0,0.0,18.979084014892578,28.561870574951172,1,0,0.6000000238418579,0,0,0,0,0,2,1,0,0,8,99,0,15.0,7.5,22.63875389099121,30.64833641052246,1.5,0,99,0.0,0.0,0.0,1,0,0,0,0
1779673828.5102925,0,0.3499999940395355,0,0,194,900,423158243,60,77,0.0,0.0,18.979084014892578,28.561870574951172,1,0,0.6000000238418579,0,0,0,1,0,2,1,0,0,8,99,0,0.0,-0.9479996562004089,22.7144718170166,30.672021865844727,1.5,0,99,0.0,0.0,0.0,1,0,0,0,0
1779673828.5304956,0,0.3499999940395355,0,0,194,900,423158243,60,77,0.0,0.0,18.979084014892578,28.561870574951172,1,0,0.6000000238418579,0,0,0,1,0,2,1,0,0,8,99,0,0.0,-1.8959993124008179,22.7144718170166,30.63886833190918,1.5,0,99,0.0,0.0,0.0,0,0,0,0,0
1779673828.5504253,0,0.3499999940395355,0,0,194,900,423158243,60,77,0.0,0.0,18.979084014892578,28.561870574951172,1,0,0.6000000238418579,0,0,0,1,0,2,1,0,0,8,99,0,0.0,-2.843998908996582,22.7144718170166,30.586767196655273,1.5,0,99,0.0,0.0,0.0,0,0,0,0,0
1779673828.5703332,0,0.3499999940395355,0,0,194,900,423158243,60,77,0.0,0.0,18.979084014892578,28.561870574951172,1,0,0.6000000238418579,0,0,0,1,0,2,1,0,0,8,99,0,0.0,-3.7919986248016357,22.7144718170166,30.51570701599121,1.5,0,99,0.0,0.0,0.0,0,0,0,0,0
1779673828.590445,0,0.3499999940395355,0,0,194,900,423158243,60,77,0.0,0.0,18.979084014892578,28.561870574951172,1,0,0.6000000238418579,0,0,0,1,0,2,1,0,0,8,99,0,0.0,-4.7399983406066895,22.7144718170166,30.42568588256836,1.5,0,99,0.0,0.0,0.0,0,0,0,0,0
1779673828.610337,0,0.3499999940395355,0,0,194,900,423158243,60,77,0.0,0.0,18.979084014892578,28.561870574951172,1,0,0.6000000238418579,0,0,0,1,0,2,1,0,0,8,99,0,0.0,-5.687997817993164,22.7144718170166,30.31670379638672,1.5,0,99,0.0,0.0,0.0,0,0,0,0,0
1779673828.6308002,0,0.3499999940395355,0,0,194,900,423158243,60,77,0.0,0.0,18.979084014892578,28.561870574951172,1,0,0.6000000238418579,0,0,0,1,0,2,1,0,0,8,99,0,0.0,-6.635997295379639,22.7144718170166,30.188762664794922,1.5,0,99,0.0,0.0,0.0,0,0,0,0,0
1779673828.6503792,0,0.3499999940395355,0,0,194,900,423158243,60,77,0.0,0.0,18.979084014892578,28.561870574951172,1,0,0.6000000238418579,0,0,0,1,0,2,1,0,0,8,99,0,0.0,-7.583996772766113,22.7144718170166,30.04186248779297,1.5,0,99,0.0,0.0,0.0,0,0,0,0,0
1779673828.6712465,0,0.3499999940395355,0,0,194,900,423158243,60,77,0.0,0.0,18.979084014892578,28.561870574951172,1,0,0.6000000238418579,0,0,0,1,0,2,1,0,0,8,99,0,0.0,-8.531996726989746,22.7144718170166,29.87608528137207,1.5,0,99,0.0,0.0,0.0,0,0,0,0,0
1779673828.6917026,0,0.3499999940395355,0,0,194,900,423158243,60,77,0.0,0.0,18.979084014892578,28.561870574951172,1,0,0.6000000238418579,0,0,0,1,0,2,1,0,0,8,99,0,0.0,-9.479996681213379,22.7144718170166,29.691272735595703,1.5,0,99,0.0,0.0,0.0,0,0,0,0,0
1779673828.710457,0,0.3499999940395355,0,0,194,900,423158243,60,77,0.0,0.0,18.979084014892578,28.561870574951172,1,0,0.6000000238418579,0,0,0,1,0,2,1,0,0,8,99,0,0.0,-10.427996635437012,22.7144718170166,29.487506866455078,1.5,0,99,0.0,0.0,0.0,0,0,0,0,0
1779673828.730058,0,0.3499999940395355,0,0,194,900,423158243,60,77,0.0,0.0,18.979084014892578,28.561870574951172,1,0,0.6000000238418579,0,0,0,1,0,2,1,0,0,8,99,0,0.0,-11.375996589660645,22.7144718170166,29.26466178894043,1.5,0,99,0.0,0.0,0.0,0,0,0,0,0
1779673828.7506113,0,0.3499999940395355,0,0,194,900,423158243,60,77,0.0,0.0,18.979084014892578,28.561870574951172,1,0,0.6000000238418579,0,0,0,1,0,2,1,0,0,8,99,0,0.0,-12.323996543884277,22.7144718170166,29.02296257019043,1.5,0,99,-1.0,0.0,0.0,0,0,0,0,0
1779673828.7702682,0,0.3499999940395355,0,0,194,900,423158243,60,77,0.0,0.0,18.979084014892578,28.561870574951172,1,0,0.6000000238418579,0,0,0,1,0,2,1,0,0,8,99,0,0.0,-13.27199649810791,22.7144718170166,28.762304306030273,1.5,0,99,-1.0,0.0,0.0,0,0,0,0,0
1779673828.7903829,0,0.3499999940395355,0,0,194,900,423158243,60,77,0.0,0.0,18.979084014892578,28.561870574951172,1,0,0.6000000238418579,0,0,0,1,0,2,1,0,0,8,99,0,0.0,-14.219996452331543,22.7144718170166,28.482685089111328,1.5,0,99,-1.0,0.0,0.0,0,0,0,0,0
1779673828.8101354,0,0.3499999940395355,0,0,194,900,423158243,60,77,0.0,0.0,18.979084014892578,28.561870574951172,1,0,0.6000000238418579,0,0,0,0,0,2,1,0,0,8,99,1,-8.300000190734863,0.0,22.590314865112305,28.41100311279297,1.5,0,99,-1.0,0.0,0.0,0,0,0,0,0
1779673828.8301492,0,0.3499999940395355,0,0,194,900,423158243,60,77,0.0,0.0,18.979084014892578,28.561870574951172,1,0,0.6000000238418579,0,0,0,0,0,2,1,0,0,8,99,1,-8.300000190734863,0.0,22.42431640625,28.41100311279297,1.5,0,99,-1.0,0.0,0.0,0,0,0,0,0
1779673828.8501048,0,0.3499999940395355,0,0,194,900,423158243,60,77,0.0,0.0,18.979084014892578,28.561870574951172,1,0,0.6000000238418579,0,0,0,0,0,2,1,0,0,8,99,1,-8.300000190734863,0.0,22.258319854736328,28.41100311279297,1.5,0,99,-1.0,0.0,0.0,0,0,0,0,0
1779673828.870247,0,0.3499999940395355,0,0,194,900,423158243,60,77,0.0,0.0,18.979084014892578,28.561870574951172,1,0,0.6000000238418579,0,0,0,0,0,2,1,0,0,8,99,1,-8.300000190734863,0.0,22.092403411865234,28.41100311279297,1.5,0,99,-1.0,0.0,0.0,0,0,0,0,0
1779673828.8905103,0,0.3499999940395355,0,0,194,900,423158243,60,77,0.0,0.0,18.979084014892578,28.561870574951172,1,0,0.6000000238418579,0,0,0,0,0,2,1,0,0,8,99,1,-8.300000190734863,0.0,21.92640495300293,28.41100311279297,1.5,0,99,-1.0,0.0,0.0,0,0,0,0,0
1779673828.9106894,0,0.3499999940395355,0,0,194,900,423158243,60,77,0.0,0.0,18.979084014892578,28.561870574951172,1,0,0.6000000238418579,0,0,0,0,0,2,1,0,0,8,99,1,-8.300000190734863,0.0,21.760408401489258,28.41100311279297,1.5,0,99,-1.0,0.0,0.0,1,0,0,0,0
1779673828.9302952,0,0.3499999940395355,0,0,194,900,423158243,60,77,0.0,0.0,18.979084014892578,28.561870574951172,1,0,0.6000000238418579,0,0,0,0,0,2,1,0,1,8,99,1,-8.300000190734863,0.0,21.59432601928711,28.41100311279297,1.5,0,99,-1.0,0.0,0.0,1,0,0,0,0
1779673828.9501455,0,0.3499999940395355,0,0,194,900,423158243,60,77,0.0,0.0,18.979084014892578,28.561870574951172,1,0,0.6000000238418579,0,0,0,0,0,2,1,0,1,8,99,0,-8.300000190734863,15.70199966430664,21.428333282470703,28.645845413208008,1.5,0,99,-1.0,0.0,0.0,1,0,0,0,0
1779673828.970134,0,0.3499999940395355,0,0,194,900,423158243,60,77,0.0,0.0,18.979084014892578,28.561870574951172,1,0,0.6000000238418579,0,0,0,0,0,2,1,0,1,8,99,0,-8.300000190734863,15.70199966430664,21.2623348236084,28.959880828857422,1.5,0,99,-1.0,0.0,0.0,1,0,0,0,0
1779673828.9902513,0,0.3499999940395355,0,0,194,900,423158243,60,77,0.0,0.0,18.979084014892578,28.561870574951172,1,0,0.6000000238418579,0,0,0,0,0,2,1,0,1,8,99,0,-8.300000190734863,15.70199966430664,21.096338272094727,29.273910522460938,1.5,0,99,-1.0,0.0,0.0,1,0,0,0,0
1779673829.0101433,0,0.3499999940395355,0,0,194,900,423158243,60,77,0.0,0.0,18.979084014892578,28.561870574951172,1,0,0.6000000238418579,0,0,0,0,0,2,1,0,1,8,99,0,-8.300000190734863,15.70199966430664,20.930419921875,29.58779525756836,1.5,0,99,-1.0,0.0,0.0,1,0,0,0,0
1779673829.0303283,0,0.3499999940395355,0,0,194,900,423158243,60,77,0.0,0.0,18.979084014892578,28.561870574951172,1,0,0.6000000238418579,0,0,0,0,0,2,1,0,1,8,99,0,-8.300000190734863,15.70199966430664,20.76433753967285,29.901992797851562,1.5,0,99,-1.0,0.0,0.0,1,0,0,0,0
1779673829.0504498,0,0.3499999940395355,0,0,194,900,423158243,60,77,0.0,0.0,18.979084014892578,28.561870574951172,1,0,0.6000000238418579,0,0,0,0,0,2,1,0,1,8,99,0,-8.300000190734863,15.70199966430664,20.598339080810547,30.216026306152344,1.5,0,99,-1.0,0.0,0.0,1,0,0,0,0
1779673829.070364,0,0.3499999940395355,0,0,194,900,423158243,60,77,0.0,0.0,18.979084014892578,28.561870574951172,1,0,0.6000000238418579,0,0,0,0,0,2,1,0,1,8,99,0,-8.300000190734863,15.70199966430664,20.432336807250977,30.530067443847656,1.5,0,99,0.0,-1.0,0.0,1,0,0,0,0
1779673829.0904272,0,0.3499999940395355,0,0,194,900,423158243,60,77,0.0,0.0,18.979084014892578,28.561870574951172,1,0,0.6000000238418579,0,0,0,0,0,2,1,0,1,8,99,0,-8.300000190734863,15.70199966430664,20.266338348388672,30.844104766845703,1.5,0,99,0.0,-1.0,0.0,1,0,0,0,0
1779673829.1101587,0,0.3499999940395355,0,0,194,900,423158243,60,77,0.0,0.0,18.979084014892578,28.561870574951172,1,0,0.6000000238418579,0,0,0,0,0,2,1,0,1,8,99,0,0.0,15.70199966430664,20.22446632385254,31.157989501953125,1.5,0,99,0.0,-1.0,0.0,1,0,0,0,0
1779673829.1300554,0,0.3499999940395355,0,0,194,900,423158243,60,77,0.0,0.0,18.979084014892578,28.561870574951172,1,0,0.6000000238418579,0,0,0,0,0,2,1,0,1,8,99,0,0.0,15.70199966430664,20.22446632385254,31.472183227539062,1.5,0,99,0.0,-1.0,0.0,1,0,0,0,0
1779673829.1503499,0,0.3499999940395355,0,0,194,900,423158243,60,77,0.0,0.0,18.979084014892578,28.561870574951172,1,0,0.6000000238418579,0,0,0,0,0,2,1,0,0,8,99,0,0.0,14.753999710083008,20.22446632385254,31.77203941345215,1.5,0,99,0.0,-1.0,0.0,1,0,0,0,0
1779673829.1709633,0,0.3499999940395355,0,0,194,900,423158243,60,77,0.0,0.0,18.979084014892578,28.561870574951172,1,0,0.6000000238418579,0,0,0,0,0,2,1,0,0,8,99,0,0.0,13.805999755859375,20.22446632385254,32.05280685424805,1.5,0,99,0.0,-1.0,0.0,1,0,0,0,0
1779673829.1905026,0,0.3499999940395355,0,0,194,900,423158243,60,77,0.0,0.0,18.979084014892578,28.561870574951172,1,0,0.6000000238418579,0,0,0,0,0,2,1,0,0,8,99,0,0.0,12.857999801635742,20.22446632385254,32.314884185791016,1.5,0,99,0.0,-1.0,0.0,1,0,0,0,0
1779673829.2104332,0,0.3499999940395355,0,0,194,900,423158243,60,77,0.0,0.0,18.979084014892578,28.561870574951172,1,0,0.6000000238418579,0,0,0,0,0,2,1,0,0,8,99,0,0.0,11.90999984741211,20.22446632385254,32.557861328125,1.5,0,99,0.0,-1.0,0.0,1,0,0,0,0
1779673829.230604,0,0.3499999940395355,0,0,194,900,423158243,60,77,0.0,0.0,18.979084014892578,28.561870574951172,1,0,0.6000000238418579,0,0,0,0,0,2,1,0,0,8,99,0,0.0,10.961999893188477,20.22446632385254,32.78188705444336,1.5,0,99,0.0,-1.0,0.0,1,0,0,0,0
1779673829.2504857,0,0.3499999940395355,0,0,194,900,423158243,60,77,0.0,0.0,18.979084014892578,28.561870574951172,1,0,0.6000000238418579,0,0,0,0,0,2,1,0,0,8,99,0,0.0,10.013999938964844,20.22446632385254,32.98694610595703,1.5,0,99,0.0,-1.0,0.0,1,0,0,0,0
1779673829.270497,0,0.3499999940395355,0,0,194,900,423158243,60,77,0.0,0.0,18.979084014892578,28.561870574951172,1,0,0.6000000238418579,0,0,0,0,0,2,1,0,0,8,99,0,0.0,9.065999984741211,20.22446632385254,33.17295837402344,1.5,0,99,0.0,-1.0,0.0,1,0,0,0,0
1779673829.290431,0,0.3499999940395355,0,0,194,900,423158243,60,77,0.0,0.0,18.979084014892578,28.561870574951172,1,0,0.6000000238418579,0,0,0,0,0,2,1,0,0,8,99,0,0.0,8.118000030517578,20.22446632385254,33.34019088745117,1.5,0,99,0.0,-1.0,0.0,0,0,0,0,0
1779673829.31031,0,0.3499999940395355,0,0,194,900,423158243,60,77,0.0,0.0,18.979084014892578,28.561870574951172,1,0,0.6000000238418579,0,0,0,0,0,2,1,0,0,8,99,0,0.0,7.1700005531311035,20.22446632385254,33.48837661743164,1.5,0,99,0.0,-1.0,0.0,0,0,0,0,0
1779673829.3303874,0,0.3499999940395355,0,0,194,900,423158243,60,77,0.0,0.0,18.979084014892578,28.561870574951172,1,0,0.6000000238418579,0,0,0,1,0,2,1,0,0,8,99,0,0.0,-0.9479996562004089,20.22446632385254,33.5103759765625,1.5,0,99,0.0,-1.0,0.0,0,0,0,0,0
1779673829.3507223,0,0.3499999940395355,0,0,194,900,423158243,60,77,0.0,0.0,18.979084014892578,28.561870574951172,1,0,0.6000000238418579,0,0,0,1,0,2,1,0,0,8,99,0,0.0,-1.8959993124008179,20.22446632385254,33.47724151611328,1.5,0,99,0.0,-1.0,0.0,0,1,0,0,0
1779673829.3703299,0,0.3499999940395355,0,0,194,900,423158243,60,77,0.0,0.0,18.979084014892578,28.561870574951172,1,0,0.6000000238418579,0,0,0,1,0,2,1,0,0,8,99,0,0.0,-2.843998908996582,20.22446632385254,33.425140380859375,1.5,0,99,0.0,-1.0,0.0,0,1,0,0,0
1779673829.3911326,0,0.3499999940395355,0,0,194,900,423158243,60,77,0.0,0.0,18.979084014892578,28.561870574951172,1,0,0.6000000238418579,0,0,0,1,0,2,1,0,0,8,99,0,0.0,-3.7919986248016357,20.22446632385254,33.354122161865234,1.5,0,99,0.0,-1.0,0.0,0,1,0,0,0
1779673829.4104161,0,0.3499999940395355,0,0,194,900,423158243,60,77,0.0,0.0,18.979084014892578,28.561870574951172,1,0,0.6000000238418579,0,0,0,1,0,2,1,0,0,8,99,0,0.0,-4.7399983406066895,20.22446632385254,33.26411437988281,1.5,0,99,0.0,-1.0,0.0,0,1,0,0,0
1779673829.4304862,0,0.3499999940395355,0,0,194,900,423158243,60,77,0.0,0.0,18.979084014892578,28.561870574951172,1,0,0.6000000238418579,0,0,0,1,0,2,1,0,0,8,99,0,0.0,-5.687997817993164,20.22446632385254,33.15509033203125,1.5,0,99,0.0,-1.0,0.0,0,1,0,0,0
1779673829.4501722,0,0.3499999940395355,0,0,194,900,423158243,60,77,0.0,0.0,18.979084014892578,28.561870574951172,1,0,0.6000000238418579,0,0,0,1,0,2,1,0,0,8,99,0,0.0,-6.635997295379639,20.22446632385254,33.027156829833984,1.5,0,99,0.0,-1.0,0.0,0,0,0,0,0
1779673829.4705124,0,0.3499999940395355,0,0,194,900,423158243,60,77,0.0,0.0,18.979084014892578,28.561870574951172,1,0,0.6000000238418579,0,0,0,1,0,2,1,0,0,8,99,0,0.0,-7.583996772766113,20.22446632385254,32.8802604675293,1.5,0,99,0.0,-1.0,0.0,0,0,0,0,0
1779673829.4902458,0,0.3499999940395355,0,0,194,900,423158243,60,77,0.0,0.0,18.979084014892578,28.561870574951172,0,0,0.6000000238418579,0,0,0,0,0,2,1,0,0,8,99,0,0.0,0.0,20.22446632385254,32.71440887451172,1.5,0,99,0.0,-1.0,0.0,0,0,0,0,0
1779673829.5105567,0,0.3499999940395355,0,0,194,900,423158243,60,77,0.0,0.0,18.979084014892578,28.561870574951172,0,0,0.6000000238418579,0,0,0,0,0,2,1,0,0,8,99,0,0.0,0.0,20.22446632385254,32.671356201171875,1.5,0,99,0.0,-1.0,0.0,0,0,0,0,0
1779673829.5300937,0,0.3499999940395355,0,0,194,900,423158243,60,77,0.0,0.0,18.979084014892578,28.561870574951172,0,0,0.6000000238418579,0,0,0,0,0,2,1,0,0,8,99,0,0.0,0.0,20.22446632385254,32.671356201171875,1.5,0,99,0.0,-1.0,0.0,0,0,0,0,0
1779673829.5502574,0,0.3499999940395355,0,0,194,900,423158243,60,77,0.0,0.0,18.979084014892578,28.561870574951172,0,0,0.6000000238418579,0,0,0,0,0,2,1,0,0,8,99,0,0.0,0.0,20.22446632385254,32.671356201171875,1.5,0,99,0.0,-1.0,0.0,0,0,0,0,0
1779673829.5703576,0,0.3499999940395355,0,0,194,900,423158243,60,77,0.0,0.0,18.979084014892578,28.561870574951172,0,0,0.6000000238418579,0,0,0,0,0,2,0,0,0,8,99,0,0.0,0.0,20.22446632385254,32.671356201171875,1.5,0,99,0.0,-1.0,0.0,0,0,0,0,0
1779673829.5905297,0,0.3499999940395355,0,0,194,900,423158243,60,77,0.0,0.0,18.979084014892578,28.561870574951172,0,0,0.6000000238418579,0,0,0,0,0,2,0,0,0,8,99,0,0.0,0.0,20.22446632385254,32.671356201171875,1.5,0,99,0.0,-1.0,0.0,0,0,0,0,0
1779673829.6109028,0,0.3499999940395355,0,0,194,900,423158243,60,77,0.0,0.0,18.979084014892578,28.561870574951172,0,0,0.6000000238418579,0,0,0,0,0,2,0,0,0,8,99,0,0.0,0.0,20.22446632385254,32.671356201171875,1.5,0,99,0.0,-1.0,0.0,0,0,0,0,0
1779673829.6303701,0,0.3499999940395355,0,0,194,900,423158243,60,77,0.0,0.0,18.979084014892578,28.561870574951172,0,0,0.6000000238418579,0,0,0,0,0,2,0,0,0,8,99,0,0.0,0.0,20.22446632385254,32.671356201171875,1.5,0,99,0.0,-1.0,0.0,0,0,0,0,0
1779673829.6502392,0,0.3499999940395355,0,0,194,900,423158243,60,77,0.0,0.0,18.979084014892578,28.561870574951172,0,0,0.6000000238418579,0,0,0,0,0,2,0,0,0,8,99,0,0.0,0.0,20.22446632385254,32.671356201171875,1.5,0,99,0.0,-1.0,0.0,0,0,0,0,0
1779673829.6701999,0,0.3499999940395355,0,0,194,900,423158243,60,77,0.0,0.0,18.979084014892578,28.561870574951172,0,0,0.6000000238418579,0,0,0,0,0,2,0,0,0,8,99,0,0.0,0.0,20.22446632385254,32.671356201171875,1.5,0,99,0.0,-1.0,0.0,0,0,0,0,0
1779673829.6900694,0,0.3499999940395355,0,0,194,900,423158243,60,77,0.0,0.0,18.979084014892578,28.561870574951172,0,0,0.6000000238418579,0,0,0,0,0,2,0,0,0,8,99,0,0.0,0.0,20.22446632385254,32.671356201171875,1.5,0,99,0.0,-1.0,0.0,0,0,0,0,0
1779673829.7103572,0,0.3499999940395355,0,0,194,900,423158243,60,77,0.0,0.0,18.979084014892578,28.561870574951172,0,0,0.6000000238418579,0,0,0,0,0,2,0,0,0,8,99,0,0.0,0.0,20.22446632385254,32.671356201171875,1.5,0,99,0.0,-1.0,0.0,0,0,0,0,0
1779673829.7300844,0,0.3499999940395355,0,0,194,900,423158243,60,77,0.0,0.0,18.979084014892578,28.561870574951172,0,0,0.6000000238418579,0,0,0,0,0,2,0,0,0,8,99,0,0.0,0.0,20.22446632385254,32.671356201171875,1.5,0,66,0.0,-1.0,0.0,0,0,0,0,0
1779673829.7505913,0,0.3499999940395355,0,0,194,900,423158243,60,77,0.0,0.0,18.979084014892578,28.561870574951172,0,0,0.6000000238418579,0,0,0,1,0,2,0,0,0,8,99,0,0.0,-50.0,20.22446632385254,31.923751831054688,1.5,0,66,0.0,-1.0,0.0,0,0,0,0,0
1779673829.77002,0,0.3499999940395355,0,0,194,900,423158243,60,77,0.0,0.0,18.979084014892578,28.561870574951172,0,0,0.6000000238418579,0,0,0,1,0,2,0,0,0,8,99,0,0.0,-50.0,20.22446632385254,30.923776626586914,1.5,0,66,0.0,-1.0,0.0,0,0,0,0,0
1779673829.790412,0,0.3499999940395355,0,0,194,900,423158243,60,77,0.0,0.0,18.979084014892578,28.561870574951172,0,0,0.6000000238418579,0,0,0,1,0,2,0,0,0,8,99,0,0.0,-50.0,20.22446632385254,29.923782348632812,1.5,0,66,0.0,-1.0,0.0,0,0,0,0,0
1779673829.8104632,0,0.3499999940395355,0,0,194,900,423158243,60,77,0.0,0.0,18.979084014892578,28.561870574951172,0,0,0.6000000238418579,0,0,0,1,0,2,0,0,0,8,99,0,0.0,-50.0,20.22446632385254,28.923791885375977,1.5,0,66,0.0,-1.0,0.0,0,0,0,0,0
1779673829.8300352,0,0.3499999940395355,0,0,194,900,423158243,60,77,0.0,0.0,18.979084014892578,28.561870574951172,0,0,0.6000000238418579,0,0,0,0,0,2,0,0,0,8,99,1,0.0,0.0,20.22446632385254,28.47454833984375,1.5,0,66,0.0,0.0,0.0,0,0,0,0,0
1779673829.850079,0,0.3499999940395355,0,0,194,900,423158243,60,77,0.0,0.0,18.979084014892578,28.561870574951172,0,0,0.6000000238418579,0,0,0,0,0,2,0,0,0,8,99,1,0.0,0.0,20.22446632385254,28.408098220825195,1.5,0,66,0.0,0.0,0.0,0,0,0,0,0
1779673829.870341,0,0.3499999940395355,0,0,194,900,423158243,60,77,0.0,0.0,18.979084014892578,28.561870574951172,0,0,0.6000000238418579,0,0,0,0,0,2,0,0,0,8,99,1,0.0,0.0,20.22446632385254,28.40810775756836,1.5,0,66,0.0,0.0,0.0,0,0,0,0,0
1779673829.8903828,0,0.3499999940395355,0,0,194,900,423158243,60,77,0.0,0.0,18.979084014892578,28.561870574951172,0,0,0.6000000238418579,0,0,0,0,0,2,0,0,0,8,99,1,0.0,0.0,20.22446632385254,28.40811538696289,1.5,0,66,0.0,0.0,0.0,0,0,0,0,0
1779673829.9102156,0,0.3499999940395355,0,0,194,900,423158243,60,77,0.0,0.0,18.979084014892578,28.561870574951172,0,0,0.6000000238418579,0,0,0,0,0,2,0,0,0,8,99,1,0.0,0.0,20.22446632385254,28.408117294311523,1.5,0,66,0.0,0.0,0.0,0,0,0,0,0
1779673829.9300442,0,0.3499999940395355,0,0,159,900,423158243,7,77,0.0,0.0,18.979084014892578,28.561870574951172,0,0,0.6000000238418579,0,0,0,0,0,2,0,0,0,8,99,1,0.0,0.0,20.22446632385254,28.40812110900879,1.5,0,66,0.0,1.0,0.0,0,0,0,0,0
1779673829.950192,0,0.3499999940395355,0,0,159,900,423158243,7,77,0.0,0.0,18.37908363342285,28.561870574951172,0,0,0.6000000238418579,0,0,0,0,0,2,0,0,0,8,99,1,0.0,0.0,20.22446632385254,28.408123016357422,1.5,0,66,0.0,1.0,0.0,0,0,0,0,0
1779673829.9702113,0,0.3499999940395355,0,0,159,900,423158243,7,77,0.0,0.0,17.779083251953125,28.561870574951172,0,0,0.6000000238418579,0,0,0,0,0,2,0,0,0,8,99,1,0.0,0.0,20.22446632385254,28.40812110900879,1.5,0,66,0.0,1.0,0.0,0,0,0,0,0
1779673829.9905827,0,0.3499999940395355,0,0,159,900,423158243,7,77,0.0,0.0,17.1790828704834,28.561870574951172,0,0,0.6000000238418579,0,0,0,0,0,2,0,0,0,8,99,1,0.0,0.0,20.22446632385254,28.40812110900879,1.5,0,66,0.0,1.0,0.0,0,0,0,0,0
1779673830.010311,0,0.3499999940395355,0,0,159,900,423158243,7,77,0.0,0.0,16.579082489013672,28.561870574951172,0,0,0.6000000238418579,0,0,0,0,0,2,0,0,0,8,99,1,0.0,0.0,20.22446632385254,28.40812110900879,1.5,0,66,0.0,1.0,0.0,0,0,0,0,0
1779673830.0306737,0,0.3499999940395355,0,0,159,900,423158243,7,77,0.0,0.0,15.979083061218262,28.561870574951172,0,0,0.6000000238418579,0,0,0,0,0,2,0,0,0,8,99,1,0.0,0.0,20.22446632385254,28.40812110900879,1.5,0,66,0.0,1.0,0.0,0,0,0,0,0
1779673830.0502176,0,0.3499999940395355,0,0,159,900,423158243,7,77,0.0,0.0,15.582343101501465,28.561874389648438,0,0,0.6000000238418579,0,0,0,0,0,2,0,0,0,8,99,1,0.0,0.0,20.22446632385254,28.40812110900879,1.5,0,66,0.0,1.0,0.0,0,0,0,0,0
1779673830.070144,0,0.3499999940395355,0,0,159,900,423158243,7,77,0.0,0.0,15.582364082336426,28.561874389648438,0,0,0.6000000238418579,0,0,0,0,0,2,0,0,0,8,99,1,0.0,0.0,20.22446632385254,28.40812110900879,1.5,0,66,0.0,1.0,0.0,0,0,0,0,0
1779673830.0903432,0,0.3499999940395355,0,0,159,900,423158243,7,77,0.0,0.0,15.582377433776855,28.561874389648438,0,0,0.6000000238418579,0,0,0,0,0,2,0,0,0,8,99,1,0.0,0.0,20.22446632385254,28.408123016357422,1.5,0,66,0.0,1.0,0.0,0,0,0,0,0
1779673830.1106596,0,0.3499999940395355,0,0,159,900,423158243,7,77,0.0,0.0,15.582386016845703,28.561874389648438,0,0,0.6000000238418579,0,0,0,0,0,2,0,0,0,8,99,1,0.0,0.0,20.22446632385254,28.408123016357422,1.5,0,66,0.0,1.0,0.0,0,0,0,0,0
1779673830.130318,0,0.3499999940395355,0,0,159,900,423158243,7,77,0.0,0.0,15.582391738891602,28.561874389648438,0,0,0.6000000238418579,0,0,0,0,0,2,0,0,0,8,99,1,0.0,0.0,20.22446632385254,28.40812110900879,1.5,0,66,0.0,1.0,0.0,0,0,0,0,0
1779673830.1504598,0,0.3499999940395355,0,0,159,900,423158243,7,77,0.0,0.0,15.582395553588867,28.561874389648438,0,0,0.6000000238418579,0,0,0,0,0,2,0,0,0,8,99,1,0.0,0.0,20.22446632385254,28.40812110900879,1.5,0,66,0.0,1.0,0.0,0,0,0,0,0
1779673830.1704729,0,0.3499999940395355,0,0,159,900,423158243,7,77,0.0,0.0,15.5823974609375,28.561874389648438,0,0,0.6000000238418579,0,0,0,0,0,2,0,0,0,8,99,1,0.0,0.0,20.22446632385254,28.408123016357422,1.5,0,66,0.0,1.0,0.0,0,0,0,0,0
1779673830.1911278,0,0.3499999940395355,0,0,159,900,423158243,7,77,0.0,0.0,15.582399368286133,28.561874389648438,0,0,0.6000000238418579,0,0,0,0,0,2,0,0,0,8,99,1,0.0,0.0,20.22446632385254,28.408119201660156,1.5,0,66,0.0,1.0,0.0,0,0,0,0,0
1779673830.2110586,0,0.3499999940395355,0,0,159,900,423158243,7,77,0.0,0.0,15.58240032196045,28.561874389648438,0,0,0.6000000238418579,0,0,0,0,0,2,0,0,0,8,99,1,0.0,0.0,20.22446632385254,28.40812110900879,1.5,0,66,0.0,1.0,0.0,0,0,0,0,0
1779673830.230116,0,0.3499999940395355,0,0,159,900,423158243,7,77,0.0,0.0,15.58240032196045,28.561874389648438,0,0,0.6000000238418579,0,0,0,0,0,2,0,0,0,8,99,1,0.0,0.0,20.22446632385254,28.40812110900879,1.5,0,66,0.0,1.0,0.0,0,0,0,0,0
1779673830.2503176,0,0.3499999940395355,0,0,159,900,423158243,9,77,2.6484384536743164,41.0,15.58240032196045,28.561874389648438,0,0,0.6000000238418579,0,0,0,0,0,2,0,0,0,8,99,1,0.0,0.0,20.22446632385254,28.40812110900879,1.5,0,66,0.0,1.0,0.0,0,0,0,0,0
1779673830.270936,0,0.3499999940395355,0,0,159,900,423158243,10,77,2.6484384536743164,39.20000076293945,15.635369300842285,29.345874786376953,0,0,0.6000000238418579,0,0,0,0,0,2,0,0,0,8,99,1,0.0,0.0,20.22446632385254,28.40812110900879,1.5,0,66,0.0,1.0,0.0,0,1,0,0,0
1779673830.2901852,0,0.3499999940395355,0,0,159,900,423158243,10,77,2.6484384536743164,37.400001525878906,15.688338279724121,30.093873977661133,0,0,0.6000000238418579,0,0,0,0,0,2,0,0,0,8,99,1,0.0,0.0,20.22446632385254,28.40812110900879,1.5,0,66,0.0,1.0,0.0,0,1,0,0,0
1779673830.3103223,0,0.3499999940395355,0,0,159,900,423158243,10,77,2.6484384536743164,35.60000228881836,15.741307258605957,30.80587387084961,0,0,0.6000000238418579,0,0,0,0,0,2,0,0,0,8,99,1,0.0,0.0,20.22446632385254,28.408123016357422,1.5,0,66,0.0,1.0,0.0,0,1,0,0,0
1779673830.330193,0,0.3499999940395355,0,0,159,900,423158243,10,77,2.6484384536743164,33.80000305175781,15.794276237487793,31.481874465942383,0,0,0.6000000238418579,0,0,0,0,0,2,0,0,0,8,99,1,0.0,0.0,20.22446632385254,28.40812110900879,1.5,0,66,0.0,1.0,0.0,0,1,0,0,0
1779673830.3503494,0,0.3499999940395355,0,0,159,900,423158243,10,77,2.6484384536743164,32.000003814697266,15.847245216369629,32.12187194824219,0,0,0.6000000238418579,0,0,0,0,0,2,0,0,0,8,99,1,0.0,0.0,20.22446632385254,28.40812110900879,1.5,0,66,0.0,1.0,0.0,0,1,0,0,0
1779673830.3703942,0,0.3499999940395355,0,0,159,900,423158243,10,77,2.6484384536743164,30.20000457763672,15.900214195251465,32.72587203979492,0,0,0.6000000238418579,0,0,0,0,0,2,0,0,0,8,99,1,0.0,0.0,20.22446632385254,28.408123016357422,1.5,0,66,0.0,1.0,0.0,0,1,0,0,0
1779673830.3904781,0,0.3499999940395355,0,0,159,900,423158243,10,77,2.6484384536743164,28.400005340576172,15.9531831741333,33.29387283325195,0,0,0.6000000238418579,0,0,0,0,0,2,0,0,0,8,99,1,0.0,0.0,20.22446632385254,28.40812110900879,1.5,0,66,0.0,1.0,0.0,0,1,0,0,0
1779673830.4102814,0,0.3499999940395355,0,0,159,900,423158243,10,77,2.6484384536743164,26.600006103515625,16.00615119934082,33.82587432861328,0,0,0.6000000238418579,0,0,0,0,0,2,0,0,0,8,99,1,0.0,0.0,20.22446632385254,28.40812110900879,1.5,0,66,0.0,1.0,0.0,0,1,0,0,0
1779673830.430157,0,0.3499999940395355,0,0,159,900,423158243,10,77,2.6484384536743164,24.800006866455078,16.059120178222656,34.32187271118164,0,0,0.6000000238418579,0,0,0,0,0,2,0,0,0,8,99,1,0.0,0.0,20.22446632385254,28.40812110900879,1.5,0,66,0.0,1.0,0.0,0,0,0,0,0
1779673830.450134,0,0.3499999940395355,0,0,159,900,423158243,10,77,2.6484384536743164,23.00000762939453,16.112089157104492,34.7818717956543,0,0,0.6000000238418579,0,0,0,0,0,2,0,0,0,8,99,1,0.0,0.0,20.22446632385254,28.40812110900879,1.5,0,66,0.0,1.0,0.0,0,0,0,0,0
1779673830.4703217,0,0.3499999940395355,0,0,159,900,423158243,10,77,2.6484384536743164,21.200008392333984,16.165058135986328,35.20587158203125,0,0,0.6000000238418579,0,0,0,0,0,2,0,0,0,8,99,1,0.0,0.0,20.22446632385254,28.40812110900879,1.5,0,66,0.0,1.0,0.0,0,0,0,0,0
1779673830.4905965,0,0.3499999940395355,0,0,159,900,423158243,10,77,2.6484384536743164,19.400009155273438,16.218027114868164,35.5938720703125,0,0,0.6000000238418579,0,0,0,0,0,2,0,0,0,8,99,1,0.0,0.0,20.22446632385254,28.40812110900879,1.5,0,66,0.0,1.0,0.0,0,0,0,0,0
1779673830.5101883,0,0.3499999940395355,0,0,159,900,423158243,10,77,2.6484384536743164,17.60000991821289,16.27099609375,35.94587326049805,0,0,0.6000000238418579,0,0,0,0,0,2,0,0,0,8,99,1,0.0,0.0,20.22446632385254,28.40812110900879,1.5,0,66,0.0,1.0,0.0,0,0,0,0,0
1779673830.5302799,0,0.3499999940395355,0,0,159,900,423158243,10,77,2.6484384536743164,15.800010681152344,16.323965072631836,36.26187515258789,1,0,0.6000000238418579,0,0,0,0,0,2,0,0,0,8,99,1,0.0,0.0,20.22446632385254,28.40812110900879,1.5,0,66,0.0,1.0,0.0,0,0,0,0,0
1779673830.5501301,0,0.3499999940395355,0,0,159,900,423158243,10,77,2.6484384536743164,14.000011444091797,16.376934051513672,36.541873931884766,1,0,0.6000000238418579,0,0,0,0,0,2,0,0,0,8,99,1,0.0,0.0,20.22446632385254,28.40812110900879,1.5,0,66,0.0,1.0,0.0,0,0,0,0,0
1779673830.570209,0,0.3499999940395355,0,0,159,900,423158243,10,77,2.6484384536743164,12.20001220703125,16.429903030395508,36.78587341308594,1,0,0.6000000238418579,0,0,0,0,0,2,0,0,0,8,99,1,0.0,0.0,20.22446632385254,28.40812110900879,1.5,0,66,0.0,1.0,0.0,0,1,0,0,0
1779673830.5906978,0,0.3499999940395355,0,0,159,900,423158243,10,77,2.6484384536743164,10.400012969970703,16.482872009277344,36.993873596191406,1,0,0.6000000238418579,0,0,0,0,0,2,0,0,0,8,99,1,0.0,0.0,20.22446632385254,28.40812110900879,1.5,0,66,0.0,1.0,0.0,0,1,0,0,0
1779673830.6102667,0,0.3499999940395355,0,0,159,900,423158243,10,77,2.6484384536743164,8.600013732910156,16.53584098815918,37.16587448120117,1,0,0.6000000238418579,0,0,0,0,0,2,0,0,0,8,99,1,0.0,0.0,20.22446632385254,28.40812110900879,1.5,0,66,0.0,1.0,0.0,0,1,0,0,0
1779673830.630654,0,0.3499999940395355,0,0,159,900,423158243,10,77,2.6484384536743164,6.800014495849609,16.588809967041016,37.301876068115234,1,0,0.6000000238418579,0,0,0,0,0,2,0,0,0,8,99,1,0.0,0.0,20.22446632385254,28.408123016357422,1.5,0,66,0.0,1.0,0.0,0,1,0,0,0
1779673830.6503403,0,0.3499999940395355,0,0,159,900,423158243,10,77,2.6484384536743164,5.0000152587890625,16.64177894592285,37.40187454223633,1,0,0.6000000238418579,0,0,0,0,0,2,0,0,0,8,99,1,0.0,0.0,20.22446632385254,28.408119201660156,1.5,0,66,0.0,1.0,0.0,0,0,0,0,0
1779673830.6705015,0,0.3499999940395355,0,0,159,900,423158243,10,77,2.6484384536743164,3.2000160217285156,16.694747924804688,37.46587371826172,0,0,0.6000000238418579,0,0,0,0,0,2,0,0,0,8,99,1,0.0,0.0,20.22446632385254,28.408123016357422,1.5,0,66,0.0,1.0,0.0,0,0,0,0,0
1779673830.6902664,0,0.3499999940395355,0,0,159,900,423158243,10,77,2.6484384536743164,1.4000167846679688,16.747716903686523,37.493873596191406,0,0,0.6000000238418579,0,0,0,0,0,2,0,0,0,8,99,1,0.0,0.0,20.22446632385254,28.40812110900879,1.5,0,66,0.0,1.0,0.0,0,0,0,0,0
1779673830.7102103,0,0.3499999940395355,0,0,159,900,423158243,10,77,2.6484384536743164,-0.3999824523925781,16.80068588256836,37.48587417602539,0,0,0.6000000238418579,0,0,0,0,0,2,0,0,0,8,99,1,0.0,0.0,20.22446632385254,28.40812110900879,1.5,0,66,0.0,1.0,0.0,0,0,0,0,0
1779673830.7303166,0,0.3499999940395355,0,0,159,900,423158243,10,77,2.6484384536743164,-2.199981689453125,16.853654861450195,37.44187545776367,0,0,0.6000000238418579,0,0,0,0,0,2,0,0,0,8,99,1,0.0,0.0,20.22446632385254,28.40812110900879,1.5,0,66,0.0,1.0,0.0,0,0,0,0,0
1779673830.7502766,0,0.3499999940395355,0,0,159,900,423158243,10,77,2.6484384536743164,-3.999980926513672,16.90662384033203,37.36187744140625,0,0,0.6000000238418579,0,0,0,0,0,2,0,0,0,8,99,1,0.0,0.0,20.22446632385254,28.40812110900879,1.5,0,68,0.0,1.0,0.0,0,0,0,0,0
1779673830.7701573,0,0.3499999940395355,0,0,159,900,423158243,10,77,2.6484384536743164,-5.799980163574219,16.959592819213867,37.24587631225586,0,0,0.6000000238418579,0,0,0,0,0,2,0,0,0,8,99,1,0.0,0.0,20.22446632385254,28.408123016357422,1.5,0,37,0.0,1.0,0.0,0,0,0,0,0
1779673830.791237,0,0.3499999940395355,0,0,139,900,423158243,10,77,2.6484384536743164,-7.599979400634766,17.012561798095703,37.093875885009766,0,0,0.6000000238418579,0,0,0,0,0,2,0,0,0,8,99,1,0.0,0.0,20.22446632385254,28.408123016357422,1.5,0,37,0.0,1.0,0.0,0,0,0,0,0
1779673830.8112988,0,0.3499999940395355,0,0,139,900,423158243,10,77,2.6484384536743164,-9.399978637695312,16.615530014038086,36.90587615966797,0,0,0.6000000238418579,0,0,0,0,0,2,0,0,0,8,99,1,0.0,0.0,20.22446632385254,28.40812110900879,1.5,0,37,0.0,1.0,0.0,0,0,0,0,0
1779673830.8303878,0,0.3499999940395355,0,0,139,900,423158243,10,77,2.6484384536743164,-11.19997787475586,16.2185001373291,36.68187713623047,0,0,0.6000000238418579,0,0,0,0,0,2,0,0,0,8,99,1,0.0,0.0,20.22446632385254,28.40812110900879,1.5,0,37,0.0,1.0,0.0,0,0,0,0,0
1779673830.8505716,0,0.3499999940395355,0,0,139,900,423158243,10,77,2.6484384536743164,-12.999977111816406,15.8214693069458,36.421878814697266,0,0,0.6000000238418579,0,0,0,0,0,2,0,0,0,8,99,1,0.0,0.0,20.22446632385254,28.40812110900879,1.5,0,37,0.0,1.0,0.0,0,0,0,0,0
1779673830.8702145,0,0.3499999940395355,0,0,139,900,423158243,10,77,2.6484384536743164,-14.799976348876953,15.772308349609375,36.12588119506836,0,0,0.6000000238418579,0,0,0,0,0,2,0,0,0,8,99,1,0.0,0.0,20.22446632385254,28.40812110900879,1.5,0,37,0.0,1.0,0.0,0,0,0,0,0
1779673830.8905299,0,0.3499999940395355,0,0,139,900,423158243,10,77,2.6484384536743164,-16.5999755859375,15.825277328491211,35.793880462646484,0,0,0.6000000238418579,0,0,0,0,0,2,0,0,0,8,99,1,0.0,0.0,20.22446632385254,28.40812110900879,1.5,0,37,0.0,1.0,0.0,0,0,0,0,0
1779673830.9105937,0,0.3499999940395355,0,0,139,900,423158243,10,77,2.6484384536743164,-18.399974822998047,15.878246307373047,35.425880432128906,0,0,0.6000000238418579,0,0,0,0,0,2,0,0,0,8,99,1,0.0,0.0,20.22446632385254,28.40812110900879,1.5,0,37,0.0,1.0,0.0,0,1,0,0,0
1779673830.930204,0,0.3499999940395355,0,0,139,900,423158243,10,77,2.6484384536743164,-20.199974060058594,15.931215286254883,35.021881103515625,0,0,0.6000000238418579,0,0,0,0,0,2,0,0,0,8,99,1,0.0,0.0,20.22446632385254,28.408123016357422,1.5,0,37,0.0,1.0,0.0,0,1,0,0,0
1779673830.9503808,0,0.3499999940395355,0,0,139,900,423158243,10,77,2.6484384536743164,-21.99997329711914,15.984184265136719,34.58188247680664,0,0,0.6000000238418579,0,0,0,0,0,2,0,0,0,8,99,1,0.0,0.0,20.22446632385254,28.40812110900879,1.5,0,37,0.0,1.0,0.0,0,1,0,0,0
1779673830.9702737,0,0.3499999940395355,0,0,139,900,423158243,10,77,2.6484384536743164,-23.799972534179688,16.037153244018555,34.10588455200195,0,0,0.6000000238418579,0,0,0,0,0,2,0,0,0,8,99,1,0.0,0.0,20.22446632385254,28.40812110900879,1.5,0,37,0.0,1.0,0.0,0,1,0,0,0
1779673830.9903796,0,0.3499999940395355,0,0,119,900,423158243,10,77,2.6484384536743164,-25.599971771240234,16.09012222290039,33.5938835144043,0,0,0.6000000238418579,0,0,0,0,0,2,0,0,0,8,99,1,0.0,0.0,20.22446632385254,28.40812110900879,1.5,0,37,0.0,1.0,0.0,0,0,0,0,0
1779673831.0101461,0,0.3499999940395355,0,0,119,900,423158243,10,77,2.6484384536743164,-27.39997100830078,15.69309139251709,33.04588317871094,0,0,0.6000000238418579,0,0,0,0,0,2,0,0,0,8,99,1,0.0,0.0,20.22446632385254,28.408123016357422,1.5,0,37,0.0,1.0,0.0,0,0,0,0,0
1779673831.0305524,0,0.3499999940395355,0,0,119,900,423158243,10,77,2.6484384536743164,-29.199970245361328,15.62037181854248,32.461883544921875,0,0,0.6000000238418579,0,0,0,0,0,2,0,0,0,8,99,1,0.0,0.0,20.22446632385254,28.408119201660156,1.5,0,37,0.0,1.0,0.0,0,0,0,0,0
1779673831.0503733,0,0.3499999940395355,0,0,119,900,423158243,10,77,2.6484384536743164,-30.999969482421875,15.673340797424316,31.84188461303711,0,0,0.6000000238418579,0,0,0,0,0,2,0,0,0,8,99,1,0.0,0.0,20.22446632385254,28.40812110900879,1.5,0,37,0.0,1.0,0.0,0,0,0,0,0
1779673831.0701537,0,0.3499999940395355,0,0,119,900,423158243,10,77,2.6484384536743164,-32.79996871948242,15.726309776306152,31.18588638305664,0,0,0.6000000238418579,0,0,0,0,0,2,0,0,0,8,99,1,0.0,0.0,20.22446632385254,28.40812110900879,1.5,0,37,0.0,1.0,0.0,0,0,0,0,0
1779673831.090443,0,0.3499999940395355,0,0,119,900,423158243,10,77,2.6484384536743164,-34.59996795654297,15.779278755187988,30.493886947631836,0,0,0.6000000238418579,0,0,0,0,0,2,0,0,0,8,99,1,0.0,0.0,20.22446632385254,28.40812110900879,1.5,0,37,0.0,1.0,0.0,0,0,0,0,0
1779673831.1101522,0,0.3499999940395355,0,0,119,900,423158243,10,77,2.6484384536743164,-36.399967193603516,15.832247734069824,29.765888214111328,0,0,0.6000000238418579,0,0,0,0,0,2,0,0,0,8,99,1,0.0,0.0,20.22446632385254,28.40812110900879,1.5,0,37,0.0,1.0,0.0,0,0,0,0,0
1779673831.1300812,0,0.3499999940395355,0,0,119,900,423158243,10,77,2.6484384536743164,-38.19996643066406,15.88521671295166,29.001888275146484,0,0,0.6000000238418579,0,0,0,0,0,2,0,0,0,8,99,1,0.0,0.0,20.22446632385254,28.40812110900879,1.5,0,37,0.0,1.0,0.0,0,0,0,0,0
1779673831.1502182,0,0.3499999940395355,0,0,119,900,423158243,11,77,0.0,0.0,15.938185691833496,28.56183624267578,0,0,0.6000000238418579,0,0,0,0,0,2,0,0,0,8,99,1,0.0,0.0,20.22446632385254,28.40812110900879,1.5,0,37,0.0,0.0,0.0,0,0,0,0,0
1779673831.170595,0,0.3499999940395355,0,0,119,900,423158243,11,77,0.0,0.0,15.938185691833496,28.56184959411621,0,0,0.6000000238418579,0,0,0,0,0,2,0,0,0,8,99,1,0.0,0.0,20.22446632385254,28.408123016357422,1.5,0,37,0.0,0.0,0.0,0,0,0,0,0
1779673831.1904411,0,0.3499999940395355,0,0,119,900,423158243,11,77,0.0,0.0,15.938185691833496,28.561859130859375,0,0,0.6000000238418579,0,0,0,0,0,2,0,0,0,8,99,1,0.0,0.0,20.22446632385254,28.40812110900879,1.5,0,37,0.0,0.0,0.0,0,0,0,0,0
1779673831.2105403,0,0.3499999940395355,0,0,119,900,423158243,11,77,0.0,0.0,15.938185691833496,28.561864852905273,0,0,0.6000000238418579,0,0,0,0,0,2,0,0,0,8,99,1,0.0,0.0,20.22446632385254,28.40812110900879,1.5,0,37,0.0,0.0,0.0,0,0,0,0,0
1779673831.2302365,0,0.3499999940395355,0,0,119,900,423158243,11,77,0.0,0.0,15.938185691833496,28.56186866760254,0,0,0.6000000238418579,0,0,0,0,0,2,0,0,0,8,99,1,0.0,0.0,20.22446632385254,28.40812110900879,1.5,0,37,0.0,0.0,0.0,0,0,0,0,0
1779673831.2507021,0,0.3499999940395355,0,0,119,900,423158243,11,77,0.0,0.0,15.938185691833496,28.561870574951172,0,0,0.6000000238418579,0,0,0,0,0,2,0,0,0,8,99,1,0.0,0.0,20.22446632385254,28.40812110900879,1.5,0,37,0.0,0.0,0.0,0,0,0,0,0
1779673831.2702587,0,0.3499999940395355,0,0,119,900,423158243,11,77,0.0,0.0,15.938185691833496,28.561870574951172,0,0,0.6000000238418579,0,0,0,0,0,2,0,0,0,8,99,1,0.0,0.0,20.22446632385254,28.40812110900879,1.5,0,37,0.0,0.0,0.0,0,0,0,0,0
1779673831.2901947,0,0.3499999940395355,0,0,119,900,423158243,11,77,0.0,0.0,15.938185691833496,28.561870574951172,1,0,0.6000000238418579,0,0,0,0,0,2,0,0,0,8,99,1,0.0,0.0,20.22446632385254,28.40812110900879,1.5,0,37,0.0,0.0,0.0,0,0,0,0,0
1779673831.3119595,0,0.3499999940395355,0,0,119,900,423158243,11,77,0.0,0.0,15.938185691833496,28.561870574951172,1,0,0.6000000238418579,0,0,0,0,0,2,0,0,0,8,99,1,0.0,0.0,20.22446632385254,28.40812110900879,1.5,0,37,0.0,0.0,0.0,0,0,0,0,0
1779673831.330999,0,0.3499999940395355,0,0,119,900,423158243,11,77,0.0,0.0,15.938185691833496,28.561870574951172,1,0,0.6000000238418579,0,0,0,0,0,2,0,0,0,8,99,1,0.0,0.0,20.22446632385254,28.408123016357422,1.5,0,37,0.0,0.0,0.0,0,0,0,0,0
1779673831.3501906,0,0.3499999940395355,0,0,119,900,423158243,11,77,0.0,0.0,15.938185691833496,28.561870574951172,1,0,0.6000000238418579,0,0,0,0,0,2,0,0,0,8,99,1,0.0,0.0,20.22446632385254,28.40812110900879,1.5,0,37,0.0,0.0,0.0,0,0,0,0,0
1779673831.3701167,0,0.3499999940395355,0,0,119,900,423158243,11,77,0.0,0.0,15.938185691833496,28.561870574951172,1,0,0.6000000238418579,0,0,0,0,0,2,0,0,0,8,99,1,0.0,0.0,20.22446632385254,28.40812110900879,1.5,0,37,0.0,0.0,0.0,0,0,0,0,0
1779673831.3902476,0,0.3499999940395355,0,0,119,900,423158243,69,77,0.0,0.0,15.938185691833496,28.561870574951172,1,0,0.6000000238418579,0,0,0,0,0,2,0,0,0,8,99,1,0.0,0.0,20.22446632385254,28.408119201660156,1.5,0,37,0.0,0.0,0.0,0,0,0,0,0
1779673831.4102645,0,0.3499999940395355,0,0,119,900,423158243,69,77,0.0,0.0,15.93818473815918,28.561870574951172,1,0,0.6000000238418579,0,0,0,0,0,2,0,0,0,8,99,1,0.0,0.0,20.22446632385254,28.40812110900879,1.5,0,37,0.0,0.0,0.0,0,0,0,0,0
1779673831.4303663,0,0.3499999940395355,0,0,119,900,423158243,69,77,0.0,0.0,15.93818473815918,28.561870574951172,1,0,0.6000000238418579,0,0,0,0,0,2,0,0,0,8,99,1,0.0,0.0,20.22446632385254,28.40812110900879,1.5,0,37,0.0,0.0,0.0,0,0,0,0,0
1779673831.4504194,0,0.3499999940395355,0,0,119,900,423158243,69,77,0.0,0.0,15.93818473815918,28.561870574951172,1,0,0.6000000238418579,0,0,0,0,0,2,0,0,0,8,99,1,0.0,0.0,20.22446632385254,28.40812110900879,1.5,0,37,0.0,0.0,0.0,0,0,0,0,0
1779673831.470219,0,0.3499999940395355,0,0,119,900,423158243,69,77,0.0,0.0,15.93818473815918,28.561870574951172,1,0,0.6000000238418579,0,0,0,0,0,2,0,0,0,8,99,1,0.0,0.0,20.22446632385254,28.40812110900879,1.5,0,37,0.0,0.0,0.0,0,0,0,0,0
1779673831.490353,0,0.3499999940395355,0,0,119,900,423158243,69,77,0.0,0.0,15.93818473815918,28.561870574951172,1,0,0.6000000238418579,0,0,0,0,0,2,0,0,0,8,99,1,0.0,0.0,20.22446632385254,28.40812110900879,1.5,0,37,0.0,0.0,0.0,0,0,0,0,0
1779673831.5103364,0,0.3499999940395355,0,0,119,900,423158243,69,77,0.0,0.0,15.93818473815918,28.561870574951172,1,0,0.6000000238418579,0,0,0,0,0,2,0,0,0,8,99,1,0.0,0.0,20.22446632385254,28.408123016357422,1.5,0,37,0.0,0.0,0.0,0,0,0,0,0
1779673831.529961,0,0.3499999940395355,0,0,119,900,423158243,69,77,0.0,0.0,15.93818473815918,28.561870574951172,1,0,0.6000000238418579,0,0,0,0,0,2,0,0,0,8,99,1,0.0,0.0,20.22446632385254,28.40812110900879,1.5,0,37,0.0,0.0,0.0,0,0,0,0,0
1779673831.5502763,0,0.3499999940395355,0,0,119,900,423158243,69,77,0.0,0.0,15.93818473815918,28.561870574951172,1,0,0.6000000238418579,0,0,0,0,0,2,0,0,0,8,99,1,0.0,0.0,20.22446632385254,28.40812110900879,1.5,0,37,0.0,0.0,0.0,0,0,0,0,0
1779673831.570105,0,0.3499999940395355,0,0,119,900,423158243,69,77,0.0,0.0,15.93818473815918,28.561870574951172,1,0,0.6000000238418579,0,0,0,0,0,2,0,0,0,8,99,1,0.0,0.0,20.22446632385254,28.40812110900879,1.5,0,37,0.0,0.0,0.0,0,0,0,0,0
1779673831.5903406,0,0.3499999940395355,0,0,119,900,423158243,69,77,0.0,0.0,15.93818473815918,28.561870574951172,1,0,0.6000000238418579,0,0,0,0,0,2,0,0,0,8,99,1,0.0,0.0,20.22446632385254,28.40812110900879,1.5,0,37,0.0,0.0,0.0,0,0,0,0,0
1779673831.6103497,0,0.3499999940395355,0,0,119,900,423158243,69,77,0.0,0.0,15.93818473815918,28.561870574951172,1,0,0.6000000238418579,0,0,0,0,0,2,0,0,0,8,99,1,0.0,0.0,20.22446632385254,28.40812110900879,1.5,0,37,0.0,0.0,0.0,0,0,0,0,0
1779673831.630113,0,0.3499999940395355,0,0,119,900,423158243,69,77,0.0,0.0,15.93818473815918,28.561870574951172,1,0,0.6000000238418579,0,0,0,0,0,2,0,0,0,8,99,1,0.0,0.0,20.22446632385254,28.408119201660156,1.5,0,37,0.0,0.0,0.0,0,0,0,0,0
1779673831.6501756,0,0.3499999940395355,0,0,119,900,423158243,45,77,-8.0,0.0,15.93818473815918,28.561870574951172,1,0,0.6000000238418579,0,0,0,0,0,2,0,0,0,8,99,1,0.0,0.0,20.22446632385254,28.40812110900879,1.5,0,37,0.0,0.0,0.0,0,0,0,0,0
1779673831.670526,0,0.3499999940395355,0,0,119,900,423158243,45,77,-8.0,0.0,15.77818489074707,28.561870574951172,1,0,0.6000000238418579,0,0,0,0,0,2,0,0,0,8,99,1,0.0,0.0,20.22446632385254,28.40812110900879,1.5,0,37,0.0,0.0,0.0,0,0,0,0,0
1779673831.6903017,0,0.3499999940395355,0,0,119,900,423158243,45,77,-8.0,0.0,15.618185043334961,28.561870574951172,1,0,0.6000000238418579,0,0,0,0,0,2,0,0,0,8,99,1,0.0,0.0,20.22446632385254,28.40812110900879,1.5,0,37,0.0,0.0,0.0,0,0,0,0,0
1779673831.710288,0,0.3499999940395355,0,0,119,900,423158243,45,77,-8.0,0.0,15.458185195922852,28.561870574951172,1,0,0.6000000238418579,0,0,0,0,0,2,0,0,0,8,99,1,0.0,0.0,20.22446632385254,28.408123016357422,1.5,0,37,0.0,0.0,0.0,0,0,0,0,0
1779673831.7300124,0,0.3499999940395355,0,0,119,900,423158243,7,77,0.0,0.0,15.34225845336914,28.561874389648438,1,0,0.6000000238418579,0,0,0,0,0,2,0,0,0,8,99,1,0.0,0.0,20.22446632385254,28.40812110900879,1.5,0,37,0.0,0.0,0.0,0,0,0,0,0
1779673831.7505972,0,0.3499999940395355,0,0,119,900,423158243,7,77,0.0,0.0,15.519450187683105,28.561874389648438,1,0,0.6000000238418579,0,0,0,0,0,2,0,0,0,8,99,1,0.0,0.0,20.22446632385254,28.408123016357422,1.5,0,37,-1.0,0.0,0.0,0,0,0,0,0
1779673831.7701852,0,0.3499999940395355,0,0,119,900,423158243,7,77,0.0,0.0,15.565899848937988,28.561874389648438,1,0,0.6000000238418579,0,0,0,0,0,2,0,0,0,8,99,1,0.0,0.0,20.22446632385254,28.40812110900879,1.5,0,37,-1.0,0.0,0.0,0,0,0,0,0
1779673831.7905042,0,0.3499999940395355,0,0,119,900,423158243,7,77,0.0,0.0,15.578076362609863,28.561874389648438,1,0,0.6000000238418579,0,0,0,0,0,2,0,0,0,8,99,1,-8.300000190734863,0.0,20.1004581451416,28.40812110900879,1.5,0,39,-1.0,0.0,0.0,0,0,0,0,0
1779673831.8104587,0,0.3499999940395355,0,0,119,900,423158243,7,77,0.0,0.0,15.579633712768555,28.561874389648438,1,0,0.6000000238418579,0,0,0,0,0,2,0,0,0,8,99,1,-8.300000190734863,0.0,19.934465408325195,28.40812110900879,1.5,0,41,-1.0,0.0,0.0,0,0,0,0,0
1779673831.8302433,0,0.3499999940395355,0,0,119,900,423158243,7,77,0.0,0.0,15.5806303024292,28.561874389648438,1,0,0.6000000238418579,0,0,0,0,0,2,0,0,0,8,99,1,-8.300000190734863,0.0,19.768545150756836,28.408119201660156,1.5,0,43,-1.0,0.0,0.0,0,0,0,0,0
1779673831.8501241,0,0.3499999940395355,0,0,119,900,423158243,7,77,0.0,0.0,15.581268310546875,28.561874389648438,1,0,0.6000000238418579,0,0,0,0,0,2,0,0,0,8,99,1,-8.300000190734863,0.0,19.602462768554688,28.40812110900879,1.5,0,45,-1.0,0.0,0.0,0,0,0,0,0
1779673831.8703938,0,0.3499999940395355,0,0,119,900,423158243,7,77,0.0,0.0,15.581676483154297,28.561874389648438,1,0,0.6000000238418579,0,0,0,0,0,2,0,0,0,8,99,1,-8.300000190734863,0.0,19.436460494995117,28.40812110900879,1.5,0,47,-1.0,0.0,0.0,0,0,0,0,0
1779673831.890463,0,0.3499999940395355,0,0,119,900,423158243,7,77,0.0,0.0,15.581937789916992,28.561874389648438,1,0,0.6000000238418579,0,0,0,0,0,2,0,0,0,8,99,1,-8.300000190734863,0.0,19.270465850830078,28.40812110900879,1.5,0,49,-1.0,0.0,0.0,0,0,1,0,0
1779673831.9104588,0,0.3499999940395355,1,0,119,900,423158243,7,77,0.0,0.0,15.582104682922363,28.561874389648438,0,0,0.6000000238418579,0,0,0,0,0,2,0,1,0,8,99,1,-8.300000190734863,0.0,19.10447120666504,28.40812110900879,1.5,0,51,-1.0,0.0,0.0,0,0,1,0,0
1779673831.9303408,0,0.3499999940395355,1,0,119,900,423158243,7,77,0.0,0.0,15.5822114944458,28.561874389648438,0,0,0.6000000238418579,0,0,0,0,0,2,0,1,0,8,99,1,-8.300000190734863,0.0,18.93846893310547,28.40812110900879,1.5,0,53,-1.0,0.0,0.0,0,0,1,0,0
1779673831.9502344,0,0.3499999940395355,1,0,98,900,423158243,7,77,0.0,0.0,15.582280158996582,28.561874389648438,0,0,0.6000000238418579,0,0,0,0,0,2,0,1,0,8,99,1,3.75,0.0,18.77254867553711,28.40812110900879,1.5,0,66,-1.0,0.0,0.0,0,0,1,0,0
1779673831.9702623,0,0.3499999940395355,1,0,98,900,423158243,7,77,0.0,0.0,15.576258659362793,28.561874389648438,0,0,0.6000000238418579,0,0,0,0,0,2,0,1,0,8,99,1,3.75,0.0,18.78644561767578,28.408119201660156,1.5,0,68,-1.0,0.0,0.0,0,0,1,0,0
1779673831.9903984,0,0.3499999940395355,1,0,98,900,423158243,7,77,0.0,0.0,15.578470230102539,28.561874389648438,0,0,0.6000000238418579,0,0,0,0,0,2,0,1,0,8,99,1,3.75,0.0,18.861448287963867,28.40812110900879,1.5,0,70,-1.0,0.0,0.0,0,0,1,0,0
1779673832.0103319,0,0.3499999940395355,1,0,98,900,423158243,7,77,0.0,0.0,15.579886436462402,28.561874389648438,1,0,0.6000000238418579,0,0,0,0,0,2,0,1,0,8,99,1,3.75,0.0,18.936447143554688,28.40812110900879,1.5,0,72,-1.0,0.0,0.0,0,0,1,0,0
1779673832.0302234,0,0.3499999940395355,1,0,98,900,423158243,7,77,0.0,0.0,15.580792427062988,28.561874389648438,1,0,0.6000000238418579,0,0,0,0,0,2,0,1,0,8,99,1,3.75,0.0,19.01144790649414,28.40812110900879,1.5,0,74,0.0,0.0,0.0,0,0,0,0,0
1779673832.0500417,0,0.3499999940395355,1,0,98,900,423158243,9,77,9.178763389587402,41.0,15.581372261047363,28.561874389648438,1,0,0.6000000238418579,0,0,0,0,0,2,0,1,0,8,99,1,3.75,0.0,19.086448669433594,28.40812110900879,1.5,0,76,0.0,0.0,0.0,0,0,0,0,0
1779673832.0704668,0,0.3499999940395355,1,0,98,900,423158243,10,77,9.178763389587402,39.20000076293945,15.764947891235352,29.345874786376953,1,0,0.6000000238418579,0,0,0,0,0,2,0,1,0,8,99,1,3.75,0.0,19.16144561767578,28.40812110900879,1.5,0,78,0.0,0.0,0.0,0,0,0,0,0
1779673832.0906963,0,0.3499999940395355,1,0,98,900,423158243,10,77,9.178763389587402,37.400001525878906,15.94852352142334,30.093873977661133,1,0,0.6000000238418579,0,0,0,0,0,2,0,1,0,8,99,1,3.75,0.0,19.236446380615234,28.40812110900879,1.5,0,80,0.0,0.0,0.0,0,0,0,0,0
1779673832.1102836,0,0.3499999940395355,1,0,98,900,423158243,10,77,9.178763389587402,35.60000228881836,16.132099151611328,30.80587387084961,1,0,0.6000000238418579,0,0,0,0,0,2,0,1,0,8,99,1,3.75,0.0,19.311447143554688,28.40812110900879,1.5,0,82,1.0,1.0,0.0,0,0,0,0,0
1779673832.1304958,0,0.3499999940395355,1,0,98,900,423158243,10,77,9.178763389587402,33.80000305175781,16.315673828125,31.481874465942383,1,0,0.6000000238418579,0,0,0,0,0,2,0,1,0,8,99,1,3.75,0.0,19.386486053466797,28.408119201660156,1.5,0,84,1.0,1.0,0.0,0,0,0,0,0
1779673832.1505072,0,0.3499999940395355,0,0,98,900,423158243,10,77,9.178763389587402,32.000003814697266,16.499248504638672,32.12187194824219,1,0,0.6000000238418579,0,0,1,0,0,2,0,0,0,8,99,1,8.300000190734863,0.0,19.529369354248047,28.408123016357422,1.5,0,86,1.0,1.0,0.0,0,0,0,0,0
1779673832.1704404,0,0.3499999940395355,0,0,98,900,423158243,10,77,9.178763389587402,30.20000457763672,16.682823181152344,32.72587203979492,1,0,0.6000000238418579,0,0,1,0,0,2,0,0,0,8,99,1,8.300000190734863,0.0,19.69545555114746,28.408119201660156,1.5,0,88,1.0,1.0,0.0,0,0,0,0,0
1779673832.1906476,0,0.3499999940395355,0,0,98,900,423158243,10,77,9.178763389587402,28.400005340576172,16.866397857666016,33.29387283325195,1,0,0.6000000238418579,0,0,1,0,0,2,0,0,0,8,99,1,8.300000190734863,0.0,19.861454010009766,28.40812110900879,1.5,0,90,1.0,1.0,0.0,0,0,0,0,0
1779673832.210348,0,0.3499999940395355,0,0,98,900,423158243,10,77,9.178763389587402,26.600006103515625,17.049972534179688,33.82587432861328,1,0,0.6000000238418579,0,0,1,0,0,2,0,0,0,8,99,1,8.300000190734863,0.0,20.027450561523438,28.408119201660156,1.5,0,92,1.0,1.0,0.0,0,0,0,0,0
1779673832.2302232,0,0.3499999940395355,0,0,98,900,423158243,10,77,9.178763389587402,24.800006866455078,17.23354721069336,34.32187271118164,1,0,0.6000000238418579,0,0,1,0,0,2,0,0,0,8,99,1,8.300000190734863,0.0,20.19336700439453,28.40812110900879,1.5,0,94,1.0,1.0,0.0,0,0,0,0,0
1779673832.2501326,0,0.3499999940395355,0,0,98,900,423158243,10,77,9.178763389587402,23.00000762939453,17.41712188720703,34.7818717956543,1,0,0.6000000238418579,0,0,1,0,0,2,0,0,0,8,99,1,8.300000190734863,0.0,20.359363555908203,28.40812110900879,1.5,0,94,1.0,1.0,0.0,0,0,0,0,0
1779673832.2701633,0,0.3499999940395355,0,0,98,900,423158243,10,77,9.178763389587402,21.200008392333984,17.600696563720703,35.20587158203125,1,0,0.6000000238418579,0,0,1,0,0,2,0,0,0,8,99,1,8.300000190734863,0.0,20.52536392211914,28.40812110900879,1.5,0,94,1.0,1.0,0.0,0,0,0,0,0
1779673832.290258,0,0.3499999940395355,0,0,98,900,423158243,10,77,9.178763389587402,19.400009155273438,17.784271240234375,35.5938720703125,1,0,0.6000000238418579,0,0,1,0,0,2,0,0,0,8,99,1,8.300000190734863,0.0,20.69137191772461,28.408123016357422,1.5,0,94,1.0,1.0,0.0,0,0,0,0,0
1779673832.3102176,0,0.3499999940395355,0,0,98,900,423158243,10,77,9.178763389587402,17.60000991821289,17.967845916748047,35.94587326049805,1,0,0.6000000238418579,0,0,1,0,0,2,0,0,0,8,99,1,8.300000190734863,0.0,20.85736656188965,28.408123016357422,1.5,0,94,1.0,1.0,0.0,0,0,0,0,0
1779673832.3302839,0,0.3499999940395355,0,0,98,900,423158243,10,77,9.178763389587402,15.800010681152344,18.15142059326172,36.26187515258789,1,0,0.6000000238418579,0,0,1,0,0,2,0,0,0,8,99,1,8.300000190734863,0.0,21.023365020751953,28.40812110900879,1.5,0,94,1.0,1.0,0.0,0,0,0,0,0
1779673832.3502307,0,0.3499999940395355,0,0,98,900,423158243,10,77,9.178763389587402,14.000011444091797,18.33499526977539,36.541873931884766,1,0,0.6000000238418579,0,0,1,0,0,2,0,0,0,8,99,1,8.300000190734863,0.0,21.189361572265625,28.40812110900879,1.5,0,94,1.0,0.0,0.0,0,0,0,0,0
1779673832.3701777,0,0.3499999940395355,0,0,98,900,423158243,10,77,9.178763389587402,12.20001220703125,18.518569946289062,36.78587341308594,1,0,0.6000000238418579,0,0,1,0,0,2,0,0,0,8,99,1,8.300000190734863,0.0,21.35536003112793,28.40812110900879,1.5,0,94,1.0,0.0,0.0,0,0,0,0,0
1779673832.390532,0,0.3499999940395355,0,0,98,900,423158243,10,77,9.178763389587402,10.400012969970703,18.702144622802734,36.993873596191406,1,0,0.6000000238418579,0,0,1,0,0,2,0,0,0,8,99,1,8.300000190734863,0.0,21.52135467529297,28.40812110900879,1.5,0,94,1.0,0.0,0.0,0,0,0,0,0
1779673832.4104936,0,0.3499999940395355,0,0,98,900,423158243,10,77,9.178763389587402,8.600013732910156,18.885719299316406,37.16587448120117,1,0,0.6000000238418579,0,0,1,0,0,2,0,0,0,8,99,1,8.300000190734863,0.0,21.68735122680664,28.408119201660156,1.5,0,94,1.0,0.0,0.0,0,0,0,0,0
1779673832.430191,0,0.3499999940395355,0,0,98,900,423158243,10,77,9.178763389587402,6.800014495849609,19.069293975830078,37.301876068115234,1,0,0.6000000238418579,0,0,1,0,0,2,0,0,0,8,99,1,8.300000190734863,0.0,21.853435516357422,28.40812110900879,1.5,0,94,1.0,0.0,0.0,0,0,0,0,0
1779673832.450375,0,0.3499999940395355,0,0,98,900,423158243,10,77,9.178763389587402,5.0000152587890625,19.25286865234375,37.40187454223633,1,0,0.6000000238418579,0,0,1,0,0,2,0,0,0,8,99,1,8.300000190734863,0.0,22.019433975219727,28.40812110900879,1.5,0,94,1.0,0.0,0.0,0,0,0,0,0
1779673832.470189,0,0.3499999940395355,0,0,98,900,423158243,10,77,9.178763389587402,3.2000160217285156,19.436443328857422,37.46587371826172,1,0,0.6000000238418579,0,0,1,0,0,2,0,0,0,8,99,1,8.300000190734863,0.0,22.18543243408203,28.40812110900879,1.5,0,94,1.0,0.0,0.0,0,0,0,0,0
1779673832.4903007,0,0.3499999940395355,0,0,98,900,423158243,10,77,9.178763389587402,1.4000167846679688,19.620018005371094,37.493873596191406,1,0,0.6000000238418579,0,0,1,0,0,2,0,0,0,8,99,1,8.300000190734863,0.0,22.351428985595703,28.40812110900879,1.5,0,94,1.0,0.0,0.0,0,0,0,0,0
1779673832.5103037,0,0.3499999940395355,0,0,98,900,423158243,10,77,9.178763389587402,-0.3999824523925781,19.803592681884766,37.48587417602539,1,0,0.6000000238418579,0,0,1,0,0,2,0,0,0,8,99,1,8.300000190734863,0.0,22.517425537109375,28.40812110900879,1.5,0,94,1.0,0.0,0.0,0,0,0,0,0
1779673832.530257,0,0.3499999940395355,0,0,98,900,423158243,10,77,9.178763389587402,-2.199981689453125,19.987167358398438,37.44187545776367,1,0,0.6000000238418579,0,0,1,0,0,2,0,0,0,8,99,1,8.300000190734863,0.0,22.68342399597168,28.40812110900879,1.5,0,94,1.0,0.0,0.0,0,0,0,0,0
1779673832.5503168,0,0.3499999940395355,0,0,98,900,423158243,10,77,9.178763389587402,-3.999980926513672,20.17074203491211,37.36187744140625,1,0,0.6000000238418579,0,0,1,0,0,2,0,0,0,8,99,1,8.300000190734863,0.0,22.84942054748535,28.408119201660156,1.5,0,94,1.0,0.0,0.0,0,0,0,0,0
1779673832.5702276,0,0.3499999940395355,0,0,98,900,423158243,10,77,9.178763389587402,-5.799980163574219,20.35431671142578,37.24587631225586,1,0,0.6000000238418579,0,0,1,0,0,2,0,0,0,8,99,1,8.300000190734863,0.0,23.015419006347656,28.40812110900879,1.5,0,94,1.0,0.0,0.0,0,0,0,0,0
1779673832.5906782,0,0.3499999940395355,0,0,98,900,423158243,10,77,9.178763389587402,-7.599979400634766,20.537891387939453,37.093875885009766,1,0,0.6000000238418579,0,0,1,0,0,2,0,0,0,8,99,1,8.300000190734863,0.0,23.181419372558594,28.408119201660156,1.5,0,94,1.0,0.0,0.0,0,0,0,0,0
1779673832.6103556,0,0.3499999940395355,0,0,98,900,423158243,10,77,9.178763389587402,-9.399978637695312,20.721466064453125,36.90587615966797,1,0,0.6000000238418579,0,0,1,0,0,2,0,0,0,8,99,1,8.300000190734863,0.0,23.34733772277832,28.408123016357422,1.5,0,94,1.0,0.0,0.0,0,0,0,0,0
1779673832.6303978,0,0.3499999940395355,0,0,98,900,423158243,10,77,9.178763389587402,-11.19997787475586,20.905040740966797,36.68187713623047,1,0,0.6000000238418579,0,0,1,0,0,2,0,0,0,8,99,1,8.300000190734863,0.0,23.513338088989258,28.40812110900879,1.5,0,94,1.0,0.0,0.0,0,0,0,0,0
1779673832.650197,0,0.3499999940395355,0,0,98,900,423158243,10,77,9.178763389587402,-12.999977111816406,21.08861541748047,36.421878814697266,1,0,0.6000000238418579,0,0,1,0,0,2,0,0,0,8,99,1,8.300000190734863,0.0,23.679336547851562,28.40812110900879,1.5,0,94,1.0,0.0,0.0,0,0,0,0,0
1779673832.6702628,0,0.3499999940395355,0,0,98,900,423158243,10,77,9.178763389587402,-14.799976348876953,21.27219009399414,36.12588119506836,1,0,0.6000000238418579,0,0,1,0,0,2,0,0,0,8,99,1,8.300000190734863,0.0,23.845335006713867,28.40812110900879,1.5,0,94,1.0,0.0,0.0,0,0,0,0,0
1779673832.6903503,0,0.3499999940395355,0,0,98,900,423158243,10,77,9.178763389587402,-16.5999755859375,21.455764770507812,35.793880462646484,1,0,0.6000000238418579,0,0,1,0,0,2,0,0,0,8,99,1,8.300000190734863,0.0,24.01141357421875,28.408123016357422,1.5,0,94,1.0,0.0,0.0,0,0,0,0,0
1779673832.7101843,0,0.3499999940395355,0,0,98,900,423158243,10,77,9.178763389587402,-18.399974822998047,21.639339447021484,35.425880432128906,1,0,0.6000000238418579,0,0,1,0,0,2,0,0,0,8,99,1,8.300000190734863,0.0,24.177412033081055,28.408123016357422,1.5,0,94,1.0,0.0,0.0,0,0,0,0,0
1779673832.730083,0,0.3499999940395355,0,0,98,900,423158243,10,77,9.178763389587402,-20.199974060058594,21.822914123535156,35.021881103515625,1,0,0.6000000238418579,0,0,1,0,0,2,0,0,0,8,99,1,8.300000190734863,0.0,24.343416213989258,28.408123016357422,1.5,0,94,1.0,0.0,0.0,0,0,0,0,0
1779673832.7502635,0,0.3499999940395355,0,0,98,900,423158243,10,77,9.178763389587402,-21.99997329711914,22.006488800048828,34.58188247680664,1,0,0.6000000238418579,0,0,1,0,0,2,0,0,0,8,99,1,8.300000190734863,0.0,24.509414672851562,28.40812110900879,1.5,0,94,1.0,0.0,0.0,0,0,0,0,0
1779673832.7704885,0,0.3499999940395355,0,0,98,900,423158243,10,77,9.178763389587402,-23.799972534179688,22.1900634765625,34.10588455200195,1,0,0.6000000238418579,0,0,1,0,0,2,0,0,0,8,99,1,8.300000190734863,0.0,24.675334930419922,28.40812110900879,1.5,0,94,1.0,0.0,0.0,0,0,0,0,0
1779673832.790392,0,0.3499999940395355,0,0,98,900,423158243,30,77,7.159435272216797,-19.96797752380371,22.373638153076172,33.5938835144043,1,0,0.6000000238418579,0,0,1,0,0,2,0,0,0,8,99,1,8.300000190734863,0.0,24.841327667236328,28.40812110900879,1.5,0,94,1.0,0.0,0.0,0,0,0,0,0
1779673832.8103878,0,0.3499999940395355,0,0,98,900,423158243,30,77,5.584359169006348,-15.575021743774414,22.48532485961914,33.28238296508789,1,0,0.6000000238418579,0,0,1,0,0,2,0,0,0,8,99,1,8.300000190734863,0.0,25.007328033447266,28.40812110900879,1.5,0,94,1.0,0.0,0.0,0,0,0,0,0
1779673832.830459,0,0.3499999940395355,0,0,98,900,423158243,30,77,4.355800151824951,-12.148516654968262,22.57244110107422,33.03941345214844,1,0,0.6000000238418579,0,0,1,0,0,2,0,0,0,8,99,1,8.300000190734863,0.0,25.173410415649414,28.40812110900879,1.5,0,94,1.0,0.0,0.0,0,0,0,0,0
1779673832.850312,0,0.3499999940395355,0,0,98,900,423158243,30,77,3.397523880004883,-9.475842475891113,22.640392303466797,32.84989547729492,1,0,0.6000000238418579,0,0,1,0,0,2,0,0,0,8,99,1,8.300000190734863,0.0,25.339406967163086,28.40812110900879,1.5,0,94,1.0,0.0,0.0,0,0,0,0,0
1779673832.8702717,0,0.3499999940395355,0,0,98,900,423158243,30,77,2.650068521499634,-7.3911566734313965,22.69339370727539,32.70207214355469,1,0,0.6000000238418579,0,0,1,0,0,2,0,0,0,8,99,1,8.300000190734863,0.0,25.505325317382812,28.408119201660156,1.5,0,94,1.0,0.0,0.0,0,0,0,0,0
1779673832.8906157,0,0.3499999940395355,0,0,98,900,423158243,30,77,2.0670533180236816,-5.765101909637451,22.7347354888916,32.586769104003906,1,0,0.6000000238418579,0,0,1,0,0,2,0,0,0,8,99,1,8.300000190734863,0.0,25.671323776245117,28.40812110900879,1.5,0,94,1.0,0.0,0.0,0,0,0,0,0
1779673832.9104292,0,0.3499999940395355,0,0,98,900,423158243,30,77,1.6123015880584717,-4.496779441833496,22.76698112487793,32.49683380126953,1,0,0.6000000238418579,0,0,1,0,0,2,0,0,0,8,99,1,8.300000190734863,0.0,25.83732032775879,28.40812110900879,1.5,0,94,1.0,0.0,0.0,0,0,0,0,0
1779673832.930004,0,0.3499999940395355,0,0,98,900,423158243,30,77,1.257595181465149,-3.5074877738952637,22.792133331298828,32.42668533325195,1,0,0.6000000238418579,0,0,1,0,0,2,0,0,0,8,99,1,8.300000190734863,0.0,26.003318786621094,28.408123016357422,1.5,0,94,1.0,0.0,0.0,0,0,0,0,0
1779673832.9505472,0,0.3499999940395355,0,0,98,900,423158243,30,77,0.9809241890907288,-2.735840320587158,22.811752319335938,32.37196731567383,1,0,0.6000000238418579,0,0,1,0,0,2,0,0,0,8,99,1,8.300000190734863,0.0,26.1693115234375,28.40812110900879,1.5,0,94,1.0,0.0,0.0,0,0,0,0,0
1779673832.9702995,0,0.3499999940395355,0,0,98,900,423158243,30,77,0.7651208639144897,-2.133955478668213,22.827054977416992,32.329288482666016,1,0,0.6000000238418579,0,0,1,0,0,2,0,0,0,8,99,1,8.300000190734863,0.0,26.335309982299805,28.40812110900879,1.5,0,94,1.0,0.0,0.0,0,0,0,0,0
1779673832.9903004,0,0.3499999940395355,0,0,98,900,423158243,30,77,0.5967942476272583,-1.664485216140747,22.838991165161133,32.295997619628906,1,0,0.6000000238418579,0,0,1,0,0,2,0,0,0,8,99,1,8.300000190734863,0.0,26.501392364501953,28.40812110900879,1.5,0,94,1.0,0.0,0.0,0,0,0,0,0
1779673833.0101163,0,0.3499999940395355,0,0,98,900,423158243,30,77,0.46549949049949646,-1.2982984781265259,22.84830093383789,32.2700309753418,1,0,0.6000000238418579,0,0,1,0,0,2,0,0,0,8,99,1,8.300000190734863,0.0,26.667394638061523,28.408119201660156,1.5,0,94,1.0,0.0,0.0,0,0,0,0,0
1779673833.0304632,0,0.3499999940395355,0,0,98,900,423158243,30,77,0.36308959126472473,-1.012672781944275,22.855562210083008,32.24977493286133,1,0,0.6000000238418579,0,0,1,0,0,2,0,0,0,8,99,1,8.300000190734863,0.0,26.833393096923828,28.40812110900879,1.5,0,94,1.0,0.0,0.0,0,0,0,0,0
1779673833.0500343,0,0.3499999940395355,0,0,98,900,423158243,30,77,0.2832098603248596,-0.7898847460746765,22.86122703552246,32.233978271484375,1,0,0.6000000238418579,0,0,1,0,0,2,0,0,0,8,99,1,8.300000190734863,0.0,26.999391555786133,28.40812110900879,1.5,0,94,1.0,0.0,0.0,0,0,0,0,0
1779673833.0702922,0,0.3499999940395355,0,0,98,900,423158243,30,77,0.220903679728508,-0.61611008644104,22.865644454956055,32.221656799316406,1,0,0.6000000238418579,0,0,1,0,0,2,0,0,0,8,99,1,8.300000190734863,0.0,27.16530990600586,28.40812110900879,1.5,0,94,1.0,0.0,0.0,0,0,0,0,0
1779673833.0901494,0,0.3499999940395355,0,0,98,900,423158243,30,77,0.17230486869812012,-0.4805658459663391,22.869091033935547,32.21204376220703,1,0,0.6000000238418579,0,0,1,0,0,2,0,0,0,8,99,1,8.300000190734863,0.0,27.3313045501709,28.408119201660156,1.5,0,94,1.0,0.0,0.0,0,0,0,0,0
1779673833.1101224,0,0.3499999940395355,0,0,98,900,423158243,30,77,0.13439778983592987,-0.3748413324356079,22.87177848815918,32.20454788208008,1,0,0.6000000238418579,0,0,1,0,0,2,0,0,0,8,99,1,8.300000190734863,0.0,27.497304916381836,28.40812110900879,1.5,0,94,1.0,0.0,0.0,0,0,0,0,0
1779673833.129979,0,0.3499999940395355,0,0,98,900,423158243,30,77,0.10483027249574661,-0.29237622022628784,22.87387466430664,32.198699951171875,1,0,0.6000000238418579,0,0,1,0,0,2,0,0,0,8,99,1,8.300000190734863,0.0,27.66330337524414,28.40812110900879,1.5,0,94,1.0,0.0,0.0,0,0,0,0,0
1779673833.1501348,0,0.3499999940395355,0,0,98,900,423158243,30,77,0.08176761120557785,-0.22805345058441162,22.87550926208496,32.19414138793945,1,0,0.6000000238418579,0,0,1,0,0,2,0,0,0,8,99,1,8.300000190734863,0.0,27.82938575744629,28.40812110900879,1.5,0,94,1.0,0.0,0.0,0,0,0,0,0
1779673833.1699877,0,0.3499999940395355,0,0,98,900,423158243,30,77,0.06377873569726944,-0.17788168787956238,22.876785278320312,32.190582275390625,1,0,0.6000000238418579,0,0,1,0,0,2,0,0,0,8,99,1,8.300000190734863,0.0,27.995391845703125,28.40812110900879,1.5,0,94,1.0,0.0,0.0,0,0,0,0,0
1779673833.1904655,0,0.3499999940395355,0,0,98,900,423158243,30,77,0.04974741116166115,-0.1387477070093155,22.87778091430664,32.187808990478516,1,0,0.6000000238418579,0,0,1,0,0,2,0,0,0,8,99,1,8.300000190734863,0.0,28.161388397216797,28.40812110900879,1.5,0,94,1.0,0.0,0.0,0,0,0,0,0
1779673833.2105477,0,0.3499999940395355,0,0,98,900,423158243,30,77,0.03880297765135765,-0.10822320729494095,22.878557205200195,32.18564224243164,1,0,0.6000000238418579,0,0,1,0,0,2,0,0,0,8,99,1,8.300000190734863,0.0,28.327308654785156,28.40812110900879,1.5,0,94,1.0,0.0,0.0,0,0,0,0,0
1779673833.2304866,0,0.3499999940395355,0,0,98,900,423158243,30,77,0.030266322195529938,-0.08441410213708878,22.879161834716797,32.183956146240234,1,0,0.6000000238418579,0,0,1,0,0,2,0,0,0,8,99,1,8.300000190734863,0.0,28.493392944335938,28.40812110900879,1.5,0,94,1.0,0.0,0.0,0,0,0,0,0
1779673833.250428,0,0.3499999940395355,0,0,98,900,423158243,30,77,0.023607730865478516,-0.06584299355745316,22.879634857177734,32.182640075683594,1,0,0.6000000238418579,0,0,1,0,0,2,0,0,0,8,99,1,8.300000190734863,0.0,28.65939712524414,28.40812110900879,1.5,0,94,1.0,0.0,0.0,0,0,0,0,0
1779673833.2704105,0,0.3499999940395355,0,0,98,900,423158243,30,77,0.018414029851555824,-0.051357533782720566,22.880002975463867,32.181610107421875,1,0,0.6000000238418579,0,0,1,0,0,2,0,0,0,8,99,1,8.300000190734863,0.0,28.825397491455078,28.40812110900879,1.5,0,94,1.0,0.0,0.0,0,0,0,0,0
1779673833.2904868,0,0.3499999940395355,0,0,98,900,423158243,30,77,0.014362942427396774,-0.04005887359380722,22.880290985107422,32.180809020996094,1,0,0.6000000238418579,0,0,1,0,0,2,0,0,0,8,99,1,8.300000190734863,0.0,28.991397857666016,28.40812110900879,1.5,0,94,1.0,0.0,0.0,0,0,0,0,0
1779673833.3101118,0,0.3499999940395355,0,0,98,900,423158243,30,77,0.011203094385564327,-0.031245920807123184,22.88051414489746,32.18018341064453,1,0,0.6000000238418579,0,0,1,0,0,2,0,0,0,8,99,1,8.300000190734863,0.0,29.157398223876953,28.408119201660156,1.5,0,94,1.0,0.0,0.0,0,0,0,0,0
1779673833.3304124,0,0.3499999940395355,0,0,98,900,423158243,30,77,0.008738413453102112,-0.024371817708015442,22.88068962097168,32.17969512939453,1,0,0.6000000238418579,0,0,1,0,0,2,0,0,0,8,99,1,8.300000190734863,0.0,29.323396682739258,28.408123016357422,1.5,0,94,1.0,0.0,0.0,0,0,0,0,0
1779673833.3504782,0,0.3499999940395355,0,0,98,900,423158243,30,77,0.00681596202775836,-0.019010016694664955,22.88082504272461,32.179317474365234,1,0,0.6000000238418579,0,0,1,0,0,2,0,0,0,8,99,1,8.300000190734863,0.0,29.489395141601562,28.40812110900879,1.5,0,94,1.0,0.0,0.0,0,0,0,0,0
1779673833.3701324,0,0.3499999940395355,0,0,98,900,423158243,31,77,0.00414683111011982,-0.011565692722797394,22.880931854248047,32.179019927978516,1,0,0.6000000238418579,0,0,1,0,0,2,0,0,0,8,99,1,8.300000190734863,0.0,29.65531349182129,28.40812110900879,1.5,0,94,1.0,0.0,0.0,0,0,0,0,0
1779673833.3904383,0,0.3499999940395355,0,0,98,900,423158243,31,77,0.003234528237953782,-0.009021240286529064,22.880996704101562,32.178836822509766,1,0,0.6000000238418579,0,0,1,0,0,2,0,0,0,8,99,1,8.300000190734863,0.0,29.821395874023438,28.40812110900879,1.5,0,94,1.0,0.0,0.0,0,0,0,0,0
1779673833.4103155,0,0.3499999940395355,0,0,98,900,423158243,31,77,0.0025229318998754025,-0.007036567199975252,22.881046295166016,32.17869567871094,1,0,0.6000000238418579,0,0,1,0,0,2,0,0,0,8,99,1,8.300000190734863,0.0,29.98739242553711,28.408123016357422,1.5,0,94,1.0,0.0,0.0,0,0,0,0,0
1779673833.4304543,0,0.3499999940395355,0,0,98,900,423158243,31,77,0.001967886695638299,-0.0054885223507881165,22.881086349487305,32.178585052490234,1,0,0.6000000238418579,0,0,1,0,0,2,0,0,0,8,99,1,8.300000190734863,0.0,30.153308868408203,28.40812110900879,1.5,0,94,1.0,0.0,0.0,0,0,0,0,0
1779673833.450151,0,0.3499999940395355,0,0,98,900,423158243,31,77,0.0015349516179412603,-0.004281047265976667,22.88111686706543,32.178497314453125,1,0,0.6000000238418579,0,0,1,0,0,2,0,0,0,8,99,1,8.300000190734863,0.0,30.319393157958984,28.408123016357422,1.5,0,94,1.0,0.0,0.0,0,0,0,0,0
1779673833.4700646,0,0.3499999940395355,0,0,98,900,423158243,31,77,0.0011972622014582157,-0.003339216811582446,22.881141662597656,32.178428649902344,1,0,0.6000000238418579,0,0,1,0,0,2,0,0,0,8,99,1,8.300000190734863,0.0,30.485395431518555,28.408123016357422,1.5,0,94,0.0,0.0,0.0,0,0,0,0,0
1779673833.490121,0,0.3499999940395355,0,0,98,900,423158243,31,77,0.0009338645031675696,-0.0026045890990644693,22.881160736083984,32.178375244140625,1,0,0.6000000238418579,0,0,1,0,0,2,0,0,0,8,99,1,8.300000190734863,0.0,30.65139389038086,28.408123016357422,1.5,0,94,0.0,0.0,0.0,0,0,0,0,0
1779673833.5100596,0,0.3499999940395355,0,0,98,900,423158243,31,77,0.0007284142775461078,-0.0020315793808549643,22.881175994873047,32.1783332824707,1,0,0.6000000238418579,0,0,1,0,0,2,0,0,0,8,99,1,0.0,0.0,30.69349479675293,28.40812110900879,1.5,0,94,0.0,0.0,0.0,0,0,0,0,0
1779673833.5301027,0,0.3499999940395355,0,0,98,900,423158243,31,77,0.0005681631155312061,-0.0015846318565309048,22.881187438964844,32.17829895019531,1,0,0.6000000238418579,0,0,1,0,0,2,0,0,0,8,99,1,0.0,0.0,30.69349479675293,28.40812110900879,1.5,0,94,0.0,0.0,0.0,0,0,0,0,0
1779673833.5503426,0,0.3499999940395355,0,0,98,900,423158243,31,77,0.00044316722778603435,-0.0012360127875581384,22.881196975708008,32.17827224731445,1,0,0.6000000238418579,0,0,1,0,0,2,0,0,0,8,99,1,0.0,0.0,30.69349479675293,28.40812110900879,1.5,0,94,0.0,0.0,0.0,0,0,0,0,0
1779673833.5701284,0,0.3499999940395355,0,0,98,900,423158243,31,77,0.0003456704143900424,-0.0009640899370424449,22.88120460510254,32.178253173828125,1,0,0.6000000238418579,0,0,1,0,0,2,0,0,0,8,99,1,0.0,0.0,30.69349479675293,28.408119201660156,1.5,0,94,0.0,0.0,0.0,0,0,0,0,0
1779673833.590209,0,0.3499999940395355,0,0,98,900,423158243,31,77,0.00026962292031385005,-0.0007519901264458895,22.881210327148438,32.17823791503906,1,0,0.6000000238418579,0,0,1,0,0,2,0,0,0,8,99,1,0.0,0.0,30.69349479675293,28.408119201660156,1.5,0,94,0.0,0.0,0.0,0,0,0,0,0
1779673833.6100607,0,0.3499999940395355,0,0,98,900,423158243,31,77,0.00021030586503911763,-0.0005865522543899715,22.881214141845703,32.178226470947266,1,0,0.6000000238418579,0,0,1,0,0,2,0,0,0,8,99,1,0.0,0.0,30.69349479675293,28.40812110900879,1.5,0,94,0.0,0.0,0.0,0,0,0,0,0
1779673833.6301196,0,0.3499999940395355,0,0,98,900,423158243,31,77,0.00016403857443947345,-0.00045751073048450053,22.88121795654297,32.17821502685547,1,0,0.6000000238418579,0,0,1,0,0,2,0,0,0,8,99,1,0.0,0.0,30.69349479675293,28.40812110900879,1.5,0,94,0.0,0.0,0.0,0,0,0,0,0
1779673833.6501338,0,0.3499999940395355,0,0,98,900,423158243,31,77,0.00012795008660759777,-0.0003568583633750677,22.8812198638916,32.17820739746094,1,0,0.6000000238418579,0,0,1,0,0,2,0,0,0,8,99,1,0.0,0.0,30.69349479675293,28.40812110900879,1.5,0,94,0.0,0.0,0.0,0,0,0,0,0
1779673833.6704285,0,0.3499999940395355,0,0,98,900,423158243,31,77,9.980106551665813e-05,-0.00027834950014948845,22.881221771240234,32.178199768066406,1,0,0.6000000238418579,0,0,1,0,0,2,0,0,0,8,99,1,0.0,0.0,30.693492889404297,28.40812110900879,1.5,0,94,0.0,0.0,0.0,0,0,0,0,0
1779673833.6903276,0,0.3499999940395355,0,0,98,900,423158243,31,77,7.784483022987843e-05,-0.00021711259614676237,22.881223678588867,32.17819595336914,1,0,0.6000000238418579,0,0,1,0,0,2,0,0,0,8,99,1,0.0,0.0,30.693492889404297,28.40812110900879,1.5,0,94,0.0,0.0,0.0,0,0,0,0,0
1779673833.7101986,0,0.3499999940395355,0,0,98,900,423158243,31,77,6.071896495996043e-05,-0.00016934781160671264,22.8812255859375,32.178192138671875,1,0,0.6000000238418579,0,0,1,0,0,2,0,0,0,8,99,1,0.0,0.0,30.69349479675293,28.40812110900879,1.5,0,94,0.0,0.0,0.0,0,0,0,0,0
1779673833.7299938,0,0.3499999940395355,0,0,98,900,423158243,31,77,4.7360790631501004e-05,-0.00013209128519520164,22.8812255859375,32.178192138671875,1,0,0.6000000238418579,0,0,1,0,0,2,0,0,0,8,99,1,0.0,0.0,30.69349479675293,28.40812110900879,1.5,0,94,0.0,0.0,0.0,0,0,0,0,0
1779673833.7501166,0,0.3499999940395355,0,0,98,900,423158243,31,77,3.694141560117714e-05,-0.0001030311977956444,22.8812255859375,32.17818832397461,1,0,0.6000000238418579,0,0,1,0,0,2,0,0,0,8,99,1,0.0,0.0,30.69349479675293,28.40812110900879,1.5,0,94,0.0,0.0,0.0,0,0,0,0,0
1779673833.7703788,0,0.3499999940395355,0,0,98,900,423158243,31,77,2.8814303732360713e-05,-8.036433428060263e-05,22.8812255859375,32.17818832397461,1,0,0.6000000238418579,0,0,1,0,0,2,0,0,0,8,99,1,0.0,0.0,30.69349479675293,28.40812110900879,1.5,0,94,0.0,0.0,0.0,0,0,0,0,0
1779673833.7903817,0,0.3499999940395355,0,0,98,900,423158243,31,77,2.2475156583823264e-05,-6.268417928367853e-05,22.8812255859375,32.178184509277344,1,0,0.6000000238418579,0,0,1,0,0,2,0,0,0,8,99,1,0.0,0.0,30.69349479675293,28.408119201660156,1.5,0,94,0.0,0.0,0.0,0,0,0,0,0
1779673833.8102438,0,0.3499999940395355,0,0,98,900,423158243,31,77,1.7530621335026808e-05,-4.8893656639847904e-05,22.8812255859375,32.178184509277344,1,0,0.6000000238418579,0,0,1,0,0,2,0,0,0,8,99,1,0.0,0.0,30.69349479675293,28.40812110900879,1.5,0,94,0.0,0.0,0.0,0,0,0,0,0
1779673833.8300867,0,0.3499999940395355,0,0,98,900,423158243,31,77,1.3673884495801758e-05,-3.813705188804306e-05,22.8812255859375,32.178184509277344,1,0,0.6000000238418579,0,0,1,0,0,2,0,0,0,8,99,1,0.0,0.0,30.69349479675293,28.40812110900879,1.5,0,94,0.0,0.0,0.0,0,0,0,0,0
1779673833.8500342,0,0.3499999940395355,0,0,98,900,423158243,31,77,1.0665629815775901e-05,-2.9746899599558674e-05,22.8812255859375,32.178184509277344,1,0,0.6000000238418579,0,0,1,0,0,2,0,0,0,8,99,1,0.0,0.0,30.693492889404297,28.40812110900879,1.5,0,94,0.0,0.0,0.0,0,0,0,0,0
1779673833.8704355,0,0.3499999940395355,0,0,98,900,423158243,31,77,8.319190783367958e-06,-2.3202581360237673e-05,22.8812255859375,32.178184509277344,1,0,0.6000000238418579,0,0,1,0,0,2,0,0,0,8,99,1,0.0,0.0,30.69349479675293,28.40812110900879,1.5,0,94,0.0,0.0,0.0,0,0,0,0,0
1779673833.890589,0,0.3499999940395355,0,0,98,900,423158243,31,77,6.488968665507855e-06,-1.8098013242706656e-05,22.8812255859375,32.178184509277344,1,0,0.6000000238418579,0,0,1,0,0,2,0,0,0,8,99,1,0.0,0.0,30.69349479675293,28.408119201660156,1.5,0,94,0.0,0.0,0.0,0,0,0,0,0
1779673833.9100337,0,0.3499999940395355,0,0,98,900,423158243,31,77,5.061395313532557e-06,-1.4116450074652676e-05,22.8812255859375,32.178184509277344,1,0,0.6000000238418579,0,0,1,0,0,2,0,0,0,8,99,1,0.0,0.0,30.69349479675293,28.408119201660156,1.5,0,94,0.0,0.0,0.0,0,0,0,0,0
1779673833.9299293,0,0.3499999940395355,0,0,98,900,423158243,31,77,3.9478882172261365e-06,-1.101083034882322e-05,22.8812255859375,32.178184509277344,1,0,0.6000000238418579,0,0,1,0,0,2,0,0,0,8,99,1,0.0,0.0,30.693496704101562,28.408119201660156,1.5,0,94,0.0,0.0,0.0,0,0,0,0,0
1779673833.9503114,0,0.3499999940395355,0,0,98,900,423158243,31,77,3.079352609347552e-06,-8.588447599322535e-06,22.8812255859375,32.178184509277344,1,0,0.6000000238418579,0,0,1,0,0,2,0,0,0,8,99,1,0.0,0.0,30.693492889404297,28.40812110900879,1.5,0,94,0.0,0.0,0.0,0,0,0,0,0
1779673833.9703429,0,0.3499999940395355,0,0,98,900,423158243,31,77,2.4018950171011966e-06,-6.698988727293909e-06,22.8812255859375,32.178184509277344,1,0,0.6000000238418579,0,0,1,0,0,2,0,0,0,8,99,1,0.0,0.0,30.69349479675293,28.40812110900879,1.5,0,94,0.0,0.0,0.0,0,0,0,0,0
1779673833.9902365,0,0.3499999940395355,0,0,98,900,423158243,31,77,1.8734780269369367e-06,-5.225211225479143e-06,22.8812255859375,32.178184509277344,1,0,0.6000000238418579,0,0,1,0,0,2,0,0,0,8,99,1,0.0,0.0,30.69349479675293,28.40812110900879,1.5,0,94,0.0,0.0,0.0,0,0,0,0,0
1779673834.010561,0,0.3499999940395355,0,0,98,900,423158243,31,77,1.4613127632401302e-06,-4.075664492120268e-06,22.8812255859375,32.178184509277344,1,0,0.6000000238418579,0,0,1,0,0,2,0,0,0,8,99,1,0.0,0.0,30.693492889404297,28.408119201660156,1.5,0,94,0.0,0.0,0.0,0,0,0,0,0
1779673834.0308497,0,0.3499999940395355,0,0,98,900,423158243,31,77,1.1398238939364091e-06,-3.1790182219992857e-06,22.8812255859375,32.178184509277344,1,0,0.6000000238418579,0,0,1,0,0,2,0,0,0,8,99,1,0.0,0.0,30.693496704101562,28.40812110900879,1.5,0,94,0.0,0.0,0.0,0,0,0,0,0
1779673834.050137,0,0.3499999940395355,0,0,98,900,423158243,31,77,8.890626190805051e-07,-2.4796340767352376e-06,22.8812255859375,32.178184509277344,1,0,0.6000000238418579,0,0,1,0,0,2,0,0,0,8,99,1,0.0,0.0,30.69349479675293,28.40812110900879,1.5,0,94,0.0,0.0,0.0,0,0,0,0,0
1779673834.0701342,0,0.3499999940395355,0,0,98,900,423158243,31,77,6.93468791723717e-07,-1.9341146071383264e-06,22.8812255859375,32.178184509277344,1,0,0.6000000238418579,0,0,1,0,0,2,0,0,0,8,99,1,0.0,0.0,30.69349479675293,28.40812110900879,1.5,0,94,0.0,0.0,0.0,0,0,0,0,0
1779673834.090114,0,0.3499999940395355,0,0,98,900,423158243,31,77,5.40905659818236e-07,-1.5086093299032655e-06,22.8812255859375,32.178184509277344,1,0,0.6000000238418579,0,0,1,0,0,2,0,0,0,8,99,1,0.0,0.0,30.693492889404297,28.40812110900879,1.5,0,94,0.0,0.0,0.0,0,0,0,0,0
1779673834.1101809,0,0.3499999940395355,0,0,98,900,423158243,31,77,4.2190640670014545e-07,-1.1767152727770736e-06,22.8812255859375,32.178184509277344,1,0,0.6000000238418579,0,0,1,0,0,2,0,0,0,8,99,1,0.0,0.0,30.693496704101562,28.408119201660156,1.5,0,94,0.0,0.0,0.0,0,0,0,0,0
1779673834.1300535,0,0.3499999940395355,0,0,98,900,423158243,31,77,3.2908698699429806e-07,-9.178378945762233e-07,22.8812255859375,32.178184509277344,1,0,0.6000000238418579,0,0,1,0,0,2,0,0,0,8,99,1,0.0,0.0,30.69349479675293,28.40812110900879,1.5,0,94,0.0,0.0,0.0,0,0,0,0,0
1779673834.150028,0,0.3499999940395355,0,0,98,900,423158243,31,77,2.5668782654975075e-07,-7.159135293477448e-07,22.8812255859375,32.178184509277344,1,0,0.6000000238418579,0,0,1,0,0,2,0,0,0,8,99,1,0.0,0.0,30.69349479675293,28.40812110900879,1.5,0,94,0.0,0.0,0.0,0,0,0,0,0
1779673834.1705368,0,0.3499999940395355,0,0,98,900,423158243,31,77,2.0021649049795087e-07,-5.584125233326631e-07,22.8812255859375,32.178184509277344,1,0,0.6000000238418579,0,0,1,0,0,2,0,0,0,8,99,1,0.0,0.0,30.69349479675293,28.408119201660156,1.5,0,94,0.0,0.0,0.0,0,0,0,0,0
1779673834.1915534,0,0.3499999940395355,0,0,98,900,423158243,31,77,1.561688520723692e-07,-4.355617591045302e-07,22.8812255859375,32.178184509277344,1,0,0.6000000238418579,0,0,1,0,0,2,0,0,0,8,99,1,0.0,0.0,30.69349479675293,28.40812110900879,1.5,0,94,0.0,0.0,0.0,0,0,0,0,0
1779673834.212965,0,0.3499999940395355,0,0,98,900,423158243,31,77,1.2181169495306676e-07,-3.397381647118891e-07,22.8812255859375,32.178184509277344,1,0,0.6000000238418579,0,0,1,0,0,2,0,0,0,8,99,1,0.0,0.0,30.69349479675293,28.40812110900879,1.5,0,94,0.0,0.0,0.0,0,0,0,0,0
1779673834.2316024,0,0.3499999940395355,0,0,98,900,423158243,31,77,9.50131209265237e-08,-2.649957480116427e-07,22.8812255859375,32.178184509277344,1,0,0.6000000238418579,0,0,1,0,0,2,0,0,0,8,99,1,0.0,0.0,30.69349479675293,28.408119201660156,1.5,0,94,0.0,0.0,0.0,0,0,0,0,0
1779673834.2505076,0,0.3499999940395355,0,0,98,900,423158243,31,77,7.411023261738592e-08,-2.0669668288064713e-07,22.8812255859375,32.178184509277344,1,0,0.6000000238418579,0,0,1,0,0,2,0,0,0,8,99,1,0.0,0.0,30.69349479675293,28.408123016357422,1.5,0,94,0.0,0.0,0.0,0,0,0,0,0
1779673834.2704031,0,0.3499999940395355,0,0,98,900,423158243,31,77,5.7805980446801186e-08,-1.6122341151003639e-07,22.8812255859375,32.178184509277344,1,0,0.6000000238418579,0,0,1,0,0,2,0,0,0,8,99,1,0.0,0.0,30.69349479675293,28.40812110900879,1.5,0,94,0.0,0.0,0.0,0,0,0,0,0
1779673834.2903423,0,0.3499999940395355,0,0,98,900,423158243,31,77,4.508866169317116e-08,-1.257542550092694e-07,22.8812255859375,32.178184509277344,1,0,0.6000000238418579,0,0,1,0,0,2,0,0,0,8,99,1,0.0,0.0,30.69349479675293,28.40812110900879,1.5,0,94,0.0,0.0,0.0,0,0,0,0,0
1779673834.3100493,0,0.3499999940395355,0,0,98,900,423158243,31,77,3.5169154699588034e-08,-9.808831435975662e-08,22.8812255859375,32.178184509277344,1,0,0.6000000238418579,0,0,1,0,0,2,0,0,0,8,99,1,0.0,0.0,30.69349479675293,28.40812110900879,1.5,0,94,0.0,0.0,0.0,0,0,0,0,0
1779673834.3300068,0,0.3499999940395355,0,0,98,900,423158243,31,77,2.7431939386701742e-08,-7.650888278476486e-08,22.8812255859375,32.178184509277344,1,0,0.6000000238418579,0,0,1,0,0,2,0,0,0,8,99,1,0.0,0.0,30.69349479675293,28.40812110900879,1.5,0,94,0.0,0.0,0.0,0,0,0,0,0
1779673834.3502908,0,0.3499999940395355,0,0,98,900,423158243,31,77,2.1396912686100222e-08,-5.96769282878995e-08,22.8812255859375,32.178184509277344,1,0,0.6000000238418579,0,0,1,0,0,2,0,0,0,8,99,1,0.0,0.0,30.69349479675293,28.408119201660156,1.5,0,94,0.0,0.0,0.0,0,0,0,0,0
1779673834.3700557,0,0.3499999940395355,0,0,98,900,423158243,32,77,1.668959193068531e-08,-4.6548002785584686e-08,22.8812255859375,32.178184509277344,1,0,0.6000000238418579,0,0,1,0,0,2,0,0,0,8,99,1,0.0,0.0,30.693496704101562,28.408119201660156,1.5,0,94,0.0,0.0,0.0,0,0,0,0,0
1779673834.3902,0,0.3499999940395355,0,0,98,900,423158243,32,77,1.668959193068531e-08,-4.6548002785584686e-08,22.8812255859375,32.178184509277344,1,0,0.6000000238418579,0,0,1,0,0,2,0,0,0,8,99,1,0.0,0.0,30.69349479675293,28.40812110900879,1.5,0,94,0.0,0.0,0.0,0,0,0,0,0
1779673834.4100869,0,0.3499999940395355,0,0,98,900,423158243,32,77,1.668959193068531e-08,-4.6548002785584686e-08,22.8812255859375,32.178184509277344,1,0,0.6000000238418579,0,0,1,0,0,2,0,0,0,8,99,1,0.0,0.0,30.69349479675293,28.40812110900879,1.5,0,94,0.0,0.0,0.0,0,0,0,0,0
1779673834.4301538,0,0.3499999940395355,0,0,98,900,423158243,32,77,1.668959193068531e-08,-4.6548002785584686e-08,22.8812255859375,32.178184509277344,1,0,0.6000000238418579,0,0,1,0,0,2,0,0,0,8,99,1,0.0,0.0,30.69349479675293,28.408123016357422,1.5,0,94,0.0,0.0,0.0,0,0,0,0,0
1779673834.4503295,0,0.3499999940395355,0,0,98,900,423158243,32,77,1.668959193068531e-08,-4.6548002785584686e-08,22.8812255859375,32.178184509277344,1,0,0.6000000238418579,0,0,1,0,0,2,0,0,0,8,99,1,0.0,0.0,30.69349479675293,28.40812110900879,1.5,0,94,-1.0,0.0,0.0,0,0,0,0,0
1779673834.4703155,0,0.3499999940395355,0,0,98,900,423158243,32,77,1.668959193068531e-08,-4.6548002785584686e-08,22.8812255859375,32.178184509277344,1,0,0.6000000238418579,0,0,1,0,0,2,0,0,0,8,99,1,0.0,0.0,30.69349479675293,28.408123016357422,1.5,0,94,-1.0,0.0,0.0,0,0,0,0,0
1779673834.490105,0,0.3499999940395355,0,0,98,900,423158243,32,77,1.668959193068531e-08,-4.6548002785584686e-08,22.8812255859375,32.178184509277344,1,0,0.6000000238418579,0,0,0,0,0,2,0,0,0,8,99,1,-8.300000190734863,0.0,30.569677352905273,28.40812110900879,1.5,0,94,-1.0,0.0,0.0,0,0,0,0,0
1779673834.5105054,0,0.3499999940395355,0,0,98,900,423158243,32,77,1.668959193068531e-08,-4.6548002785584686e-08,22.8812255859375,32.178184509277344,1,0,0.6000000238418579,0,0,0,0,0,2,0,0,0,8,99,1,-8.300000190734863,0.0,30.403676986694336,28.40812110900879,1.5,0,94,-1.0,0.0,0.0,0,0,0,0,0
1779673834.530314,0,0.3499999940395355,0,0,98,900,423158243,32,77,1.668959193068531e-08,-4.6548002785584686e-08,22.8812255859375,32.178184509277344,1,0,0.6000000238418579,0,0,0,0,0,2,0,0,0,8,99,1,-8.300000190734863,0.0,30.23768424987793,28.40812110900879,1.5,0,94,-1.0,0.0,0.0,0,0,0,0,0
1779673834.5501041,0,0.3499999940395355,0,0,98,900,423158243,32,77,1.668959193068531e-08,-4.6548002785584686e-08,22.8812255859375,32.178184509277344,1,0,0.6000000238418579,0,0,0,0,0,2,0,0,0,8,99,1,-8.300000190734863,0.0,30.071685791015625,28.40812110900879,1.5,0,94,-1.0,0.0,0.0,0,0,0,0,0
1779673834.5702128,0,0.3499999940395355,0,0,98,900,423158243,32,77,1.668959193068531e-08,-4.6548002785584686e-08,22.8812255859375,32.178184509277344,1,0,0.6000000238418579,0,0,0,0,0,2,0,0,0,8,99,1,-8.300000190734863,0.0,29.90568733215332,28.40812110900879,1.5,0,94,-1.0,0.0,0.0,0,0,0,0,0
1779673834.5902622,0,0.3499999940395355,0,0,98,900,423158243,32,77,1.668959193068531e-08,-4.6548002785584686e-08,22.8812255859375,32.178184509277344,1,0,0.6000000238418579,0,0,0,0,0,2,0,0,0,8,99,1,-8.300000190734863,0.0,29.739608764648438,28.40812110900879,1.5,0,94,-1.0,0.0,0.0,0,0,0,0,0
1779673834.6104763,0,0.3499999940395355,0,0,98,900,423158243,32,77,1.668959193068531e-08,-4.6548002785584686e-08,22.8812255859375,32.178184509277344,1,0,0.6000000238418579,0,0,0,0,0,2,0,0,0,8,99,1,-8.300000190734863,0.0,29.57369041442871,28.408123016357422,1.5,0,94,-1.0,0.0,0.0,0,0,0,0,0
1779673834.6303167,0,0.3499999940395355,0,0,98,900,423158243,10,77,1.668959193068531e-08,-4.6548002785584686e-08,22.8812255859375,32.178184509277344,1,0,0.6000000238418579,0,0,0,0,0,2,0,0,0,8,99,1,-8.300000190734863,0.0,29.407608032226562,28.40812110900879,1.5,0,94,-1.0,0.0,0.0,0,0,0,0,0
1779673834.65003,0,0.3499999940395355,0,0,98,900,423158243,10,77,1.668959193068531e-08,-1.7999992370605469,22.8812255859375,32.14218521118164,1,0,0.6000000238418579,0,0,0,0,0,2,0,0,0,8,99,1,-8.300000190734863,0.0,29.241609573364258,28.408119201660156,1.5,0,94,-1.0,0.0,0.0,0,0,0,0,0
1779673834.670212,0,0.3499999940395355,0,0,98,900,423158243,10,77,1.668959193068531e-08,-3.5999984741210938,22.8812255859375,32.07018280029297,1,0,0.6000000238418579,0,0,0,0,0,2,0,0,0,8,99,1,-8.300000190734863,0.0,29.07569122314453,28.408123016357422,1.5,0,94,-1.0,0.0,0.0,0,0,0,0,0
1779673834.6901662,0,0.3499999940395355,0,0,98,900,423158243,10,77,1.668959193068531e-08,-5.399997711181641,22.8812255859375,31.96218490600586,1,0,0.6000000238418579,0,0,0,0,0,2,0,0,0,8,99,1,-8.300000190734863,0.0,28.909610748291016,28.40812110900879,1.5,0,94,-1.0,0.0,0.0,0,0,0,0,0
1779673834.7101471,0,0.3499999940395355,0,0,98,900,423158243,10,77,1.668959193068531e-08,-7.1999969482421875,22.8812255859375,31.818185806274414,1,0,0.6000000238418579,0,0,0,0,0,2,0,0,0,8,99,1,-8.300000190734863,0.0,28.743690490722656,28.40812110900879,1.5,0,94,-1.0,0.0,0.0,0,0,0,0,0
1779673834.73007,0,0.3499999940395355,0,0,98,900,423158243,10,77,1.668959193068531e-08,-8.999996185302734,22.8812255859375,31.638185501098633,1,0,0.6000000238418579,0,0,0,0,0,2,0,0,0,8,99,1,-8.300000190734863,0.0,28.57761001586914,28.408119201660156,1.5,0,94,-1.0,0.0,0.0,0,0,0,0,0
1779673834.7508538,0,0.3499999940395355,0,0,98,900,423158243,10,77,1.668959193068531e-08,-10.799995422363281,22.8812255859375,31.42218589782715,1,0,0.6000000238418579,0,0,0,0,0,2,0,0,0,8,99,1,-8.300000190734863,0.0,28.411611557006836,28.408119201660156,1.5,0,94,-1.0,0.0,0.0,0,0,0,0,0
1779673834.7700105,0,0.3499999940395355,0,0,98,900,423158243,10,77,1.668959193068531e-08,-12.599994659423828,22.8812255859375,31.17018699645996,1,0,0.6000000238418579,0,0,0,0,0,2,0,0,0,8,99,1,-8.300000190734863,0.0,28.24569320678711,28.408123016357422,1.5,0,94,-1.0,0.0,0.0,0,0,0,0,0
1779673834.7901309,0,0.3499999940395355,0,0,98,900,423158243,10,77,1.668959193068531e-08,-14.399993896484375,22.8812255859375,30.882186889648438,1,0,0.6000000238418579,0,0,0,0,0,2,0,0,0,8,99,1,-8.300000190734863,0.0,28.079696655273438,28.408123016357422,1.5,0,94,-1.0,0.0,0.0,0,0,0,0,0
1779673834.8100748,0,0.3499999940395355,0,0,98,900,423158243,10,77,1.668959193068531e-08,-16.199993133544922,22.8812255859375,30.55818748474121,1,0,0.6000000238418579,0,0,0,0,0,2,0,0,0,8,99,1,-8.300000190734863,0.0,27.913698196411133,28.40812110900879,1.5,0,94,-1.0,0.0,0.0,0,0,0,0,0
1779673834.8301852,0,0.3499999940395355,0,0,98,900,423158243,10,77,1.668959193068531e-08,-17.99999237060547,22.8812255859375,30.19818687438965,1,0,0.6000000238418579,0,0,0,0,0,2,0,0,0,8,99,1,-8.300000190734863,0.0,27.747699737548828,28.408123016357422,1.5,0,94,-1.0,0.0,0.0,0,0,0,0,0
1779673834.8502045,0,0.3499999940395355,0,0,98,900,423158243,10,77,1.668959193068531e-08,-19.799991607666016,22.8812255859375,29.802186965942383,1,0,0.6000000238418579,0,0,0,0,0,2,0,0,0,8,99,1,-8.300000190734863,0.0,27.58169174194336,28.40812110900879,1.5,0,94,-1.0,0.0,0.0,0,0,0,0,0
1779673834.8701935,0,0.3499999940395355,0,0,98,900,423158243,10,77,1.668959193068531e-08,-21.599990844726562,22.8812255859375,29.370187759399414,1,0,0.6000000238418579,0,0,0,0,0,2,0,0,0,8,99,1,-8.300000190734863,0.0,27.415693283081055,28.40812110900879,1.5,0,94,-1.0,0.0,0.0,0,0,0,0,0
1779673834.8901968,0,0.3499999940395355,0,0,98,900,423158243,10,77,1.668959193068531e-08,-23.39999008178711,22.8812255859375,28.90218734741211,1,0,0.6000000238418579,0,0,0,0,0,2,0,0,0,8,99,1,-8.300000190734863,0.0,27.249608993530273,28.408119201660156,1.5,0,94,-1.0,0.0,0.0,0,0,0,0,0
1779673834.9102786,0,0.3499999940395355,0,0,98,900,423158243,11,77,0.0,0.0,22.8812255859375,28.56183624267578,1,0,0.6000000238418579,0,0,0,0,0,2,0,0,0,8,99,1,-8.300000190734863,0.0,27.0836124420166,28.40812110900879,1.5,0,94,-1.0,0.0,0.0,0,0,0,0,0
1779673834.9300725,0,0.3499999940395355,0,0,98,900,423158243,11,77,0.0,0.0,22.8812255859375,28.56184959411621,1,0,0.6000000238418579,0,0,0,0,0,2,0,0,0,8,99,1,-8.300000190734863,0.0,26.917613983154297,28.40812110900879,1.5,0,94,-1.0,0.0,0.0,0,0,0,0,0
1779673834.949983,0,0.3499999940395355,0,0,98,900,423158243,11,77,0.0,0.0,22.8812255859375,28.561859130859375,1,0,0.6000000238418579,0,0,0,0,0,2,0,0,0,8,99,1,-8.300000190734863,0.0,26.75162124633789,28.408123016357422,1.5,0,94,-1.0,0.0,0.0,0,0,0,0,0
1779673834.97019,0,0.3499999940395355,0,0,98,900,423158243,11,77,0.0,0.0,22.8812255859375,28.561864852905273,1,0,0.6000000238418579,0,0,0,0,0,2,0,0,0,8,99,1,-8.300000190734863,0.0,26.58561897277832,28.40812110900879,1.5,0,94,-1.0,0.0,0.0,0,0,0,0,0
1779673834.9903424,0,0.3499999940395355,0,0,98,900,423158243,11,77,0.0,0.0,22.8812255859375,28.56186866760254,1,0,0.6000000238418579,0,0,0,0,0,2,0,0,0,8,99,1,-8.300000190734863,0.0,26.419620513916016,28.408123016357422,1.5,0,94,-1.0,0.0,0.0,0,0,1,0,0
1779673835.0105462,0,0.3499999940395355,1,0,98,900,423158243,11,77,0.0,0.0,22.8812255859375,28.561870574951172,0,0,0.6000000238418579,0,0,0,0,0,2,0,1,0,8,99,1,-8.300000190734863,0.0,26.253623962402344,28.40812110900879,1.5,0,94,-1.0,0.0,0.0,0,0,1,0,0
1779673835.0302029,0,0.3499999940395355,1,0,98,900,423158243,11,77,0.0,0.0,22.8812255859375,28.561870574951172,0,0,0.6000000238418579,0,0,0,0,0,2,0,1,0,8,99,1,-8.300000190734863,0.0,26.08762550354004,28.40812110900879,1.5,0,94,-1.0,0.0,0.0,0,0,1,0,0
1779673835.0499663,0,0.3499999940395355,1,0,77,900,423158243,11,77,0.0,0.0,22.8812255859375,28.561870574951172,0,0,0.6000000238418579,0,0,0,0,0,2,0,1,0,8,99,1,3.75,0.0,25.921630859375,28.40812110900879,1.5,0,99,-1.0,0.0,0.0,0,0,1,0,0
1779673835.0702727,0,0.3499999940395355,1,0,77,900,423158243,11,77,0.0,0.0,22.581226348876953,28.561870574951172,0,0,0.6000000238418579,0,0,0,0,0,2,0,1,0,8,99,1,3.75,0.0,25.935405731201172,28.40812110900879,1.5,0,99,-1.0,0.0,0.0,0,0,1,0,0
1779673835.0900671,0,0.3499999940395355,1,0,77,900,423158243,11,77,0.0,0.0,22.281227111816406,28.561870574951172,0,0,0.6000000238418579,0,0,0,0,0,2,0,1,0,8,99,1,3.75,0.0,26.010406494140625,28.40812110900879,1.5,0,99,-1.0,0.0,0.0,0,0,1,0,0
1779673835.1101143,0,0.3499999940395355,1,0,77,900,423158243,11,77,0.0,0.0,21.98122787475586,28.561870574951172,0,0,0.6000000238418579,0,0,0,0,0,2,0,1,0,8,99,1,3.75,0.0,26.085403442382812,28.40812110900879,1.5,0,99,-1.0,0.0,0.0,0,0,1,0,0
1779673835.1299744,0,0.3499999940395355,1,0,77,900,423158243,11,77,0.0,0.0,21.681228637695312,28.561870574951172,1,0,0.6000000238418579,0,0,0,0,0,2,0,1,0,8,99,1,3.75,0.0,26.160404205322266,28.40812110900879,1.5,0,99,-1.0,0.0,0.0,0,0,1,0,0
1779673835.1505086,0,0.3499999940395355,1,0,77,900,423158243,69,77,0.0,0.0,21.381229400634766,28.561870574951172,1,0,0.6000000238418579,0,0,0,0,0,2,0,1,0,8,99,1,3.75,0.0,26.235403060913086,28.40812110900879,1.5,0,99,-1.0,0.0,0.0,0,0,0,0,0
1779673835.1705968,0,0.3499999940395355,1,0,77,900,423158243,69,77,0.0,0.0,21.08123016357422,28.561870574951172,1,0,0.6000000238418579,0,0,0,0,0,2,0,1,0,8,99,1,3.75,0.0,26.31044578552246,28.408119201660156,1.5,0,99,-1.0,0.0,0.0,0,0,0,0,0
1779673835.1907775,0,0.3499999940395355,1,0,77,900,423158243,69,77,0.0,0.0,20.781230926513672,28.561870574951172,1,0,0.6000000238418579,0,0,0,0,0,2,0,1,0,8,99,1,3.75,0.0,26.385446548461914,28.40812110900879,1.5,0,99,-1.0,0.0,0.0,0,0,0,0,0
1779673835.210162,0,0.3499999940395355,1,0,77,900,423158243,69,77,0.0,0.0,20.481231689453125,28.561870574951172,1,0,0.6000000238418579,0,0,0,0,0,2,0,1,0,8,99,1,3.75,0.0,26.460411071777344,28.408123016357422,1.5,0,99,-1.0,0.0,0.0,0,0,0,0,0
1779673835.2300096,0,0.3499999940395355,1,0,77,900,423158243,69,77,0.0,0.0,20.481231689453125,28.561870574951172,1,0,0.6000000238418579,0,0,0,0,0,2,0,1,0,8,99,1,3.75,0.0,26.535409927368164,28.408119201660156,1.5,0,99,-1.0,0.0,0.0,0,0,0,0,0
1779673835.250124,0,0.3499999940395355,1,0,77,900,423158243,69,77,0.0,0.0,20.481231689453125,28.561870574951172,1,0,0.6000000238418579,0,0,0,0,0,2,0,1,0,8,99,1,-8.300000190734863,0.0,26.430648803710938,28.408119201660156,1.5,0,99,-1.0,0.0,0.0,0,0,0,0,0
1779673835.2701473,0,0.3499999940395355,1,0,77,900,423158243,69,77,0.0,0.0,20.481231689453125,28.561870574951172,1,0,0.6000000238418579,0,0,0,0,0,2,0,1,0,8,99,1,-8.300000190734863,0.0,26.26473045349121,28.40812110900879,1.5,0,99,-1.0,0.0,0.0,0,0,0,0,0
1779673835.2902348,0,0.3499999940395355,1,0,77,900,423158243,69,77,0.0,0.0,20.481231689453125,28.561870574951172,1,0,0.6000000238418579,0,0,0,0,0,2,0,1,0,8,99,1,-8.300000190734863,0.0,26.098651885986328,28.408119201660156,1.5,0,99,-1.0,0.0,0.0,0,0,0,0,0
1779673835.310422,0,0.3499999940395355,1,0,77,900,423158243,69,77,0.0,0.0,20.481231689453125,28.561870574951172,1,0,0.6000000238418579,0,0,0,0,0,2,0,1,0,8,99,1,-8.300000190734863,0.0,25.93273162841797,28.40812110900879,1.5,0,99,-1.0,0.0,0.0,0,0,0,0,0
1779673835.3301437,0,0.3499999940395355,1,0,77,900,423158243,69,77,0.0,0.0,20.481231689453125,28.561870574951172,1,0,0.6000000238418579,0,0,0,0,0,2,0,1,0,8,99,1,-8.300000190734863,0.0,25.76664924621582,28.40812110900879,1.5,0,99,-1.0,0.0,0.0,0,0,0,0,0
1779673835.3504739,0,0.3499999940395355,1,0,77,900,423158243,69,77,0.0,0.0,20.481231689453125,28.561870574951172,1,0,0.6000000238418579,0,0,0,0,0,2,0,1,0,8,99,1,-8.300000190734863,0.0,25.60065460205078,28.40812110900879,1.5,0,99,-1.0,0.0,0.0,0,0,0,0,0
1779673835.369918,0,0.3499999940395355,0,0,77,900,423158243,69,77,0.0,0.0,20.481231689453125,28.561870574951172,1,0,0.6000000238418579,0,0,0,0,0,2,0,0,0,8,99,1,-8.300000190734863,0.0,25.434736251831055,28.40812110900879,1.5,0,99,-1.0,0.0,0.0,0,0,0,0,0
1779673835.3901947,0,0.3499999940395355,0,0,77,900,423158243,69,77,0.0,0.0,20.481231689453125,28.561870574951172,1,0,0.6000000238418579,0,0,0,0,0,2,0,0,0,8,99,1,-8.300000190734863,0.0,25.268739700317383,28.408119201660156,1.5,0,99,-1.0,0.0,0.0,0,0,0,0,0
1779673835.410289,0,0.3499999940395355,0,0,77,900,423158243,45,77,-8.0,0.0,20.481231689453125,28.561870574951172,1,0,0.6000000238418579,0,0,0,0,0,2,0,0,0,8,99,1,-8.300000190734863,0.0,25.10274314880371,28.40812110900879,1.5,0,99,-1.0,0.0,0.0,0,0,0,0,0
1779673835.4301314,0,0.3499999940395355,0,0,77,900,423158243,45,77,-8.0,0.0,20.321231842041016,28.561870574951172,1,0,0.6000000238418579,0,0,0,0,0,2,0,0,0,8,99,1,-8.300000190734863,0.0,24.936744689941406,28.40812110900879,1.5,0,99,-1.0,0.0,0.0,0,0,0,0,0
1779673835.4501505,0,0.3499999940395355,0,0,77,900,423158243,45,77,-8.0,0.0,20.161231994628906,28.561870574951172,1,0,0.6000000238418579,0,0,0,0,0,2,0,0,0,8,99,1,-8.300000190734863,0.0,24.770750045776367,28.40812110900879,1.5,0,99,-1.0,0.0,0.0,0,0,0,0,0
1779673835.4702358,0,0.3499999940395355,0,0,77,900,423158243,45,77,-8.0,0.0,20.001232147216797,28.561870574951172,1,0,0.6000000238418579,0,0,0,0,0,2,0,0,0,8,99,1,-8.300000190734863,0.0,24.60474967956543,28.40812110900879,1.5,0,99,-1.0,0.0,0.0,0,0,0,0,0
1779673835.4900951,0,0.3499999940395355,0,0,77,900,423158243,45,77,-8.0,0.0,19.841232299804688,28.561870574951172,1,0,0.6000000238418579,0,0,0,0,0,2,0,0,0,8,99,1,-8.300000190734863,0.0,24.438751220703125,28.40812110900879,1.5,0,99,-1.0,0.0,0.0,0,0,0,0,0
1779673835.5100584,0,0.3499999940395355,0,0,77,900,423158243,45,77,-8.0,0.0,19.681232452392578,28.561870574951172,1,0,0.6000000238418579,0,0,0,0,0,2,0,0,0,8,99,1,-8.300000190734863,0.0,24.272754669189453,28.40812110900879,1.5,0,99,-1.0,0.0,0.0,0,0,0,0,0
1779673835.5299714,0,0.3499999940395355,0,0,77,900,423158243,45,77,-8.0,0.0,19.52123260498047,28.561870574951172,1,0,0.6000000238418579,0,0,0,0,0,2,0,0,0,8,99,1,-8.300000190734863,0.0,24.106678009033203,28.40812110900879,1.5,0,99,-1.0,0.0,0.0,0,0,0,0,0
1779673835.550089,0,0.3499999940395355,0,0,77,900,423158243,45,77,-8.0,0.0,19.36123275756836,28.561870574951172,1,0,0.6000000238418579,0,0,0,0,0,2,0,0,0,8,99,1,-8.300000190734863,0.0,23.940677642822266,28.40812110900879,1.5,0,99,-1.0,0.0,0.0,0,0,1,0,0
1779673835.5702233,0,0.3499999940395355,1,0,77,900,423158243,45,77,-8.0,0.0,19.20123291015625,28.561870574951172,0,0,0.6000000238418579,0,0,0,0,0,2,0,1,0,8,99,1,-8.300000190734863,0.0,23.774677276611328,28.40812110900879,1.5,0,99,-1.0,0.0,0.0,0,0,1,0,0
1779673835.5902803,0,0.3499999940395355,1,0,77,900,423158243,45,77,-8.0,0.0,19.04123306274414,28.561870574951172,0,0,0.6000000238418579,0,0,0,0,0,2,0,1,0,8,99,1,-8.300000190734863,0.0,23.608680725097656,28.40812110900879,1.5,0,99,-1.0,0.0,0.0,0,0,1,0,0
1779673835.6102333,0,0.3499999940395355,1,0,77,900,423158243,45,77,-8.0,0.0,18.88123321533203,28.561870574951172,0,0,0.6000000238418579,0,0,0,0,0,2,0,1,0,8,99,1,-8.300000190734863,0.0,23.442684173583984,28.408119201660156,1.5,0,99,-1.0,0.0,0.0,0,0,1,0,0
1779673835.6312847,0,0.3499999940395355,1,0,77,900,423158243,45,77,-8.0,0.0,18.721233367919922,28.561870574951172,0,0,0.6000000238418579,0,0,0,0,0,2,0,1,0,8,99,1,-8.300000190734863,0.0,23.276765823364258,28.408123016357422,1.5,0,99,-1.0,0.0,0.0,0,0,1,0,0
1779673835.6501606,0,0.3499999940395355,1,0,77,900,423158243,45,77,-8.0,0.0,18.561233520507812,28.561870574951172,0,0,0.6000000238418579,0,0,0,0,0,2,0,1,0,8,99,1,-8.300000190734863,0.0,23.110767364501953,28.40812110900879,1.5,0,99,-1.0,0.0,0.0,0,0,1,0,0
1779673835.6702206,0,0.3499999940395355,1,0,77,900,423158243,45,77,-8.0,0.0,18.401233673095703,28.561870574951172,1,0,0.6000000238418579,0,0,0,0,0,2,0,1,0,8,99,1,-8.300000190734863,0.0,22.94476890563965,28.40812110900879,1.5,0,99,-1.0,0.0,0.0,0,0,1,0,0
1779673835.690233,0,0.3499999940395355,1,0,77,900,423158243,45,77,-8.0,0.0,18.241233825683594,28.561870574951172,1,0,0.6000000238418579,0,0,0,0,0,2,0,1,0,8,99,1,-8.300000190734863,0.0,22.778766632080078,28.40812110900879,1.5,0,99,-1.0,0.0,0.0,0,0,1,0,0
1779673835.7102664,0,0.3499999940395355,1,0,77,900,423158243,45,77,-8.0,0.0,18.081233978271484,28.561870574951172,1,0,0.6000000238418579,0,0,0,0,0,2,0,1,0,8,99,1,-8.300000190734863,0.0,22.612768173217773,28.40812110900879,1.5,0,99,-1.0,0.0,0.0,0,0,1,0,0
1779673835.7305286,0,0.3499999940395355,1,0,77,900,423158243,45,77,-8.0,0.0,17.921234130859375,28.561870574951172,1,0,0.6000000238418579,0,0,0,0,0,2,0,1,0,8,99,1,-8.300000190734863,0.0,22.44668197631836,28.40812110900879,1.5,0,99,-1.0,0.0,0.0,0,0,0,0,0
1779673835.7501566,0,0.3499999940395355,1,0,77,900,423158243,45,77,-8.0,0.0,17.761234283447266,28.561870574951172,1,0,0.6000000238418579,0,0,0,0,0,2,0,1,0,8,99,1,-8.300000190734863,0.0,22.280685424804688,28.40812110900879,1.5,0,99,-1.0,0.0,0.0,0,0,0,0,0
1779673835.7705426,0,0.3499999940395355,1,0,77,900,423158243,45,77,-8.0,0.0,17.601234436035156,28.561870574951172,1,0,0.6000000238418579,0,0,0,0,0,2,0,1,0,8,99,1,-8.300000190734863,0.0,22.11468505859375,28.40812110900879,1.5,0,99,-1.0,0.0,0.0,0,0,0,0,0
1779673835.7904234,0,0.3499999940395355,1,0,77,900,423158243,45,77,-8.0,0.0,17.441234588623047,28.561870574951172,1,0,0.6000000238418579,0,0,0,0,0,2,0,1,0,8,99,1,-8.300000190734863,0.0,21.94876480102539,28.40812110900879,1.5,0,99,-1.0,0.0,0.0,0,0,0,0,0
1779673835.8101966,0,0.3499999940395355,1,0,77,900,423158243,45,77,-8.0,0.0,17.281234741210938,28.561870574951172,1,0,0.6000000238418579,0,0,0,0,0,2,0,1,0,8,99,1,-8.300000190734863,0.0,21.782764434814453,28.40812110900879,1.5,0,99,-1.0,0.0,0.0,0,0,0,0,0
1779673835.8301091,0,0.3499999940395355,1,0,77,900,423158243,45,77,-8.0,0.0,17.121234893798828,28.561870574951172,1,0,0.6000000238418579,0,0,0,0,0,2,0,1,0,8,99,1,-8.300000190734863,0.0,21.616682052612305,28.408123016357422,1.5,0,99,-1.0,0.0,0.0,0,0,0,0,0
1779673835.8498719,0,0.3499999940395355,1,0,77,900,423158243,45,77,-8.0,0.0,16.96123504638672,28.561870574951172,1,0,0.6000000238418579,0,0,0,0,0,2,0,1,0,8,99,1,-8.300000190734863,0.0,21.45068359375,28.40812110900879,1.5,0,99,-1.0,0.0,0.0,0,0,0,0,0
1779673835.8701777,0,0.3499999940395355,1,0,77,900,423158243,45,77,-8.0,0.0,16.80123519897461,28.561870574951172,1,0,0.6000000238418579,0,0,0,0,0,2,0,1,0,8,99,1,-8.300000190734863,0.0,21.28476333618164,28.40812110900879,1.5,0,99,-1.0,0.0,0.0,0,0,0,0,0
1779673835.890432,0,0.3499999940395355,1,0,77,900,423158243,45,77,-8.0,0.0,16.6412353515625,28.561870574951172,1,0,0.6000000238418579,0,0,0,0,0,2,0,1,0,8,99,1,-8.300000190734863,0.0,21.11876678466797,28.40812110900879,1.5,0,99,-1.0,0.0,0.0,0,0,0,0,0
1779673835.910024,0,0.3499999940395355,1,0,77,900,423158243,45,77,-8.0,0.0,16.48123550415039,28.561870574951172,1,0,0.6000000238418579,0,0,0,0,0,2,0,1,0,8,99,1,-8.300000190734863,0.0,20.952770233154297,28.40812110900879,1.5,0,99,-1.0,0.0,0.0,0,0,0,0,0
1779673835.9301538,0,0.3499999940395355,0,0,77,900,423158243,45,77,-8.0,0.0,16.32123565673828,28.561870574951172,1,0,0.6000000238418579,0,0,0,0,0,2,0,0,0,8,99,1,-8.300000190734863,0.0,20.786767959594727,28.40812110900879,1.5,0,99,-1.0,0.0,0.0,0,0,0,0,0
1779673835.9503784,0,0.3499999940395355,0,0,77,900,423158243,45,77,-8.0,0.0,16.161235809326172,28.561870574951172,1,0,0.6000000238418579,0,0,0,0,0,2,0,0,0,8,99,1,-8.300000190734863,0.0,20.620689392089844,28.40812110900879,1.5,0,99,-1.0,0.0,0.0,0,0,0,0,0
1779673835.9703596,0,0.3499999940395355,0,0,77,900,423158243,45,77,-8.0,0.0,16.001235961914062,28.561870574951172,1,0,0.6000000238418579,0,0,0,0,0,2,0,0,0,8,99,1,-8.300000190734863,0.0,20.454689025878906,28.40812110900879,1.5,0,99,-1.0,0.0,0.0,0,0,0,0,0
1779673835.9902139,0,0.3499999940395355,0,0,77,900,423158243,45,77,-8.0,0.0,15.841236114501953,28.561870574951172,1,0,0.6000000238418579,0,0,0,0,0,2,0,0,0,8,99,1,-8.300000190734863,0.0,20.2886905670166,28.40812110900879,1.5,0,99,-1.0,0.0,0.0,0,0,0,0,0
1779673836.0101333,0,0.3499999940395355,0,0,77,900,423158243,45,77,-8.0,0.0,15.681236267089844,28.561870574951172,1,0,0.6000000238418579,0,0,0,0,0,2,0,0,0,8,99,1,-8.300000190734863,0.0,20.122772216796875,28.408119201660156,1.5,0,99,-1.0,0.0,0.0,0,0,0,0,0
1779673836.030368,0,0.3499999940395355,0,0,77,900,423158243,45,77,-8.0,0.0,15.521236419677734,28.561870574951172,1,0,0.6000000238418579,0,0,0,0,0,2,0,0,0,8,99,1,-8.300000190734863,0.0,19.956689834594727,28.40812110900879,1.5,0,99,-1.0,0.0,0.0,0,0,0,0,0
1779673836.0502276,0,0.3499999940395355,0,0,77,900,423158243,35,77,0.0,0.0,15.361236572265625,28.561870574951172,1,0,0.6000000238418579,0,0,0,0,0,2,0,0,0,8,99,1,-8.300000190734863,0.0,19.790695190429688,28.40812110900879,1.5,0,99,-1.0,0.0,0.0,0,0,0,0,0
1779673836.0699995,0,0.3499999940395355,0,0,77,900,423158243,35,77,0.0,0.0,16.194175720214844,28.561870574951172,1,0,0.6000000238418579,0,0,0,0,0,2,0,0,0,8,99,1,-8.300000190734863,0.0,19.624774932861328,28.40812110900879,1.5,0,99,-1.0,0.0,0.0,0,0,0,0,0
1779673836.090288,0,0.3499999940395355,0,0,77,900,423158243,35,77,0.0,0.0,16.421794891357422,28.561870574951172,1,0,0.6000000238418579,0,0,0,0,0,2,0,0,0,8,99,1,-8.300000190734863,0.0,19.458782196044922,28.408123016357422,1.5,0,99,-1.0,0.0,0.0,0,0,1,0,0
1779673836.1100953,0,0.3499999940395355,0,0,77,900,423158243,35,77,0.0,0.0,16.481460571289062,28.561870574951172,1,0,0.6000000238418579,0,0,0,0,0,2,0,0,0,8,99,1,-8.300000190734863,0.0,19.292781829833984,28.408123016357422,1.5,0,99,-1.0,0.0,0.0,0,0,1,0,0
1779673836.1299658,0,0.3499999940395355,1,0,77,900,423158243,35,77,0.0,0.0,16.497102737426758,28.561870574951172,0,0,0.6000000238418579,0,0,0,0,0,2,0,1,0,8,99,1,-8.300000190734863,0.0,19.12678337097168,28.408123016357422,1.5,0,99,-1.0,0.0,0.0,0,0,1,0,0
1779673836.1517482,0,0.3499999940395355,1,0,77,900,423158243,35,77,0.0,0.0,16.499103546142578,28.561870574951172,0,0,0.6000000238418579,0,0,0,0,0,2,0,1,0,8,99,1,-8.300000190734863,0.0,18.96078872680664,28.408123016357422,1.5,0,99,-1.0,0.0,0.0,0,0,1,0,0
1779673836.1701741,0,0.3499999940395355,1,0,56,900,423158243,35,77,0.0,0.0,16.500385284423828,28.561870574951172,0,0,0.6000000238418579,0,0,0,0,0,2,0,1,0,8,99,1,3.75,0.0,18.794780731201172,28.40812110900879,1.5,0,99,-1.0,0.0,0.0,0,0,1,0,0
1779673836.1904132,0,0.3499999940395355,1,0,56,900,423158243,35,77,0.0,0.0,16.496517181396484,28.561870574951172,0,0,0.6000000238418579,0,0,0,0,0,2,0,1,0,8,99,1,3.75,0.0,18.808395385742188,28.40812110900879,1.5,0,99,-1.0,0.0,0.0,0,0,1,0,0
1779673836.2101986,0,0.3499999940395355,1,0,56,900,423158243,35,77,0.0,0.0,16.498727798461914,28.561870574951172,0,0,0.6000000238418579,0,0,0,0,0,2,0,1,0,8,99,1,3.75,0.0,18.883358001708984,28.40812110900879,1.5,0,99,-1.0,0.0,0.0,0,0,1,0,0
1779673836.2302523,0,0.3499999940395355,1,0,56,900,423158243,35,77,0.0,0.0,16.500144958496094,28.561870574951172,1,0,0.6000000238418579,0,0,0,0,0,2,0,1,0,8,99,1,3.75,0.0,18.95836067199707,28.408123016357422,1.5,0,99,-1.0,0.0,0.0,0,0,1,0,0
1779673836.2499437,0,0.3499999940395355,1,0,56,900,423158243,35,77,0.0,0.0,16.501049041748047,28.561870574951172,1,0,0.6000000238418579,0,0,0,0,0,2,0,1,0,8,99,1,3.75,0.0,19.033357620239258,28.40812110900879,1.5,0,99,-1.0,0.0,0.0,0,0,1,0,0
1779673836.2702768,0,0.3499999940395355,1,0,56,900,423158243,35,77,0.0,0.0,16.501628875732422,28.561870574951172,1,0,0.6000000238418579,0,0,0,0,0,2,0,1,0,8,99,1,3.75,0.0,19.10835838317871,28.408123016357422,1.5,0,99,-1.0,0.0,0.0,0,0,0,0,0
1779673836.2901323,0,0.3499999940395355,1,0,56,900,423158243,35,77,0.0,0.0,16.50200080871582,28.561870574951172,1,0,0.6000000238418579,0,0,0,0,0,2,0,1,0,8,99,1,3.75,0.0,19.18335723876953,28.40812110900879,1.5,0,99,-1.0,0.0,0.0,0,0,0,0,0
1779673836.3102303,0,0.3499999940395355,1,0,56,900,423158243,35,77,0.0,0.0,16.502239227294922,28.561870574951172,1,0,0.6000000238418579,0,0,0,0,0,2,0,1,0,8,99,1,3.75,0.0,19.258358001708984,28.40812110900879,1.5,0,99,0.0,0.0,0.0,0,0,0,0,0
1779673836.3299484,0,0.3499999940395355,1,0,56,900,423158243,35,77,0.0,0.0,16.502389907836914,28.561870574951172,1,0,0.6000000238418579,0,0,0,0,0,2,0,1,0,8,99,1,3.75,0.0,19.333396911621094,28.40812110900879,1.5,0,99,0.0,0.0,0.0,0,0,0,0,0
1779673836.3502917,0,0.3499999940395355,1,0,56,900,423158243,35,77,0.0,0.0,16.502487182617188,28.561870574951172,1,0,0.6000000238418579,0,0,0,0,0,2,0,1,0,8,99,1,3.75,0.0,19.408395767211914,28.40812110900879,1.5,0,99,0.0,0.0,0.0,0,0,0,0,0
1779673836.3701034,0,0.3499999940395355,1,0,56,900,423158243,35,77,0.0,0.0,16.502548217773438,28.561870574951172,1,0,0.6000000238418579,0,0,0,0,0,2,0,1,0,8,99,1,0.0,0.0,19.427480697631836,28.40812110900879,1.5,0,99,0.0,0.0,0.0,0,0,0,0,0
1779673836.3904457,0,0.3499999940395355,1,0,56,900,423158243,35,77,0.0,0.0,16.50259017944336,28.561870574951172,1,0,0.6000000238418579,0,0,0,0,0,2,0,1,0,8,99,1,0.0,0.0,19.427480697631836,28.40812110900879,1.5,0,99,0.0,0.0,0.0,0,0,0,0,0
1779673836.4101105,0,0.3499999940395355,1,0,56,900,423158243,35,77,0.0,0.0,16.50261688232422,28.561870574951172,1,0,0.6000000238418579,0,0,0,0,0,2,0,1,0,8,99,1,0.0,0.0,19.427480697631836,28.40812110900879,1.5,0,99,0.0,0.0,0.0,0,0,0,0,0
1779673836.430172,0,0.3499999940395355,1,0,56,900,423158243,35,77,0.0,0.0,16.50263214111328,28.561870574951172,1,0,0.6000000238418579,0,0,0,0,0,2,0,1,0,8,99,1,0.0,0.0,19.427480697631836,28.408119201660156,1.5,0,99,0.0,0.0,0.0,0,0,0,0,0
1779673836.4500313,0,0.3499999940395355,1,0,56,900,423158243,35,77,0.0,0.0,16.502643585205078,28.561870574951172,1,0,0.6000000238418579,0,0,0,0,0,2,0,1,0,8,99,1,0.0,0.0,19.427480697631836,28.408123016357422,1.5,0,99,0.0,0.0,0.0,0,0,0,0,0
1779673836.4699373,0,0.3499999940395355,1,0,56,900,423158243,35,77,0.0,0.0,16.502649307250977,28.561870574951172,1,0,0.6000000238418579,0,0,0,0,0,2,0,1,0,8,99,1,0.0,0.0,19.427480697631836,28.40812110900879,1.5,0,99,0.0,0.0,0.0,0,0,0,0,0
1779673836.4903138,0,0.3499999940395355,0,0,56,900,423158243,35,77,0.0,0.0,16.502653121948242,28.561870574951172,1,0,0.6000000238418579,0,0,0,0,0,2,0,0,0,8,99,1,0.0,0.0,19.427480697631836,28.40812110900879,1.5,0,99,0.0,0.0,0.0,0,0,0,0,0
1779673836.510131,0,0.3499999940395355,0,0,56,900,423158243,35,77,0.0,0.0,16.502655029296875,28.561870574951172,1,0,0.6000000238418579,0,0,0,0,0,2,0,0,0,8,99,1,0.0,0.0,19.427480697631836,28.40812110900879,1.5,0,99,0.0,0.0,0.0,0,0,0,0,0
1779673836.5301712,0,0.3499999940395355,0,0,56,900,423158243,35,77,0.0,0.0,16.50265884399414,28.561870574951172,1,0,0.6000000238418579,0,0,0,0,0,2,0,0,0,8,99,1,0.0,0.0,19.427480697631836,28.408119201660156,1.5,0,99,0.0,0.0,0.0,0,0,0,0,0
1779673836.5501106,0,0.3499999940395355,0,0,56,900,423158243,35,77,0.0,0.0,16.50265884399414,28.561870574951172,1,0,0.6000000238418579,0,0,0,0,0,2,0,0,0,8,99,1,0.0,0.0,19.427480697631836,28.40812110900879,1.5,0,99,0.0,0.0,0.0,0,0,0,0,0
1779673836.5700223,0,0.3499999940395355,0,0,56,900,423158243,35,77,0.0,0.0,16.50265884399414,28.561870574951172,1,0,0.6000000238418579,0,0,0,0,0,2,0,0,0,8,99,1,0.0,0.0,19.427480697631836,28.40812110900879,1.5,0,99,0.0,0.0,0.0,0,0,0,0,0
1779673836.590262,0,0.3499999940395355,0,0,56,900,423158243,35,77,0.0,0.0,16.50265884399414,28.561870574951172,1,0,0.6000000238418579,0,0,0,0,0,2,0,0,0,8,99,1,0.0,0.0,19.427480697631836,28.40812110900879,1.5,0,99,0.0,0.0,0.0,1,0,0,0,0
1779673836.61065,0,0.3499999940395355,0,0,56,900,423158243,35,77,0.0,0.0,16.50265884399414,28.561870574951172,1,0,0.6000000238418579,0,0,0,0,0,2,0,0,0,8,99,1,0.0,0.0,19.427480697631836,28.40812110900879,1.5,0,99,0.0,0.0,0.0,1,0,0,0,0
1779673836.6301558,0,0.3499999940395355,0,0,56,900,423158243,35,77,0.0,0.0,16.50265884399414,28.561870574951172,1,0,0.6000000238418579,0,0,0,0,0,2,0,0,1,8,99,1,0.0,0.0,19.427480697631836,28.40812110900879,1.5,0,99,0.0,0.0,0.0,1,0,0,0,0
1779673836.649995,0,0.3499999940395355,0,0,56,900,423158243,35,77,0.0,0.0,16.50265884399414,28.561870574951172,1,0,0.6000000238418579,0,0,0,0,0,2,0,0,1,8,99,0,0.0,15.70199966430664,19.427480697631836,28.642215728759766,1.5,0,99,0.0,0.0,0.0,1,0,0,0,0
1779673836.670451,0,0.3499999940395355,0,0,56,900,423158243,35,77,0.0,0.0,16.50265884399414,28.561870574951172,1,0,0.6000000238418579,0,0,0,0,0,2,0,0,1,8,99,0,0.0,15.70199966430664,19.427480697631836,28.956253051757812,1.5,0,99,0.0,0.0,0.0,1,0,0,0,0
1779673836.690095,0,0.3499999940395355,0,0,56,900,423158243,35,77,0.0,0.0,16.50265884399414,28.561870574951172,1,0,0.6000000238418579,0,0,0,0,0,2,0,0,1,8,99,0,0.0,15.70199966430664,19.427480697631836,29.270288467407227,1.5,0,99,1.0,1.0,0.0,1,0,0,0,0
1779673836.710232,0,0.3499999940395355,0,0,56,900,423158243,35,77,0.0,0.0,16.50265884399414,28.561870574951172,1,0,0.6000000238418579,0,0,0,0,0,2,0,0,1,8,99,0,0.0,15.70199966430664,19.427480697631836,29.58432388305664,1.5,0,99,1.0,1.0,0.0,1,0,0,0,0
1779673836.729888,0,0.3499999940395355,0,0,56,900,423158243,35,77,0.0,0.0,16.50265884399414,28.561870574951172,1,0,0.6000000238418579,0,0,0,0,0,2,0,0,1,8,99,0,0.0,15.70199966430664,19.427480697631836,29.89838409423828,1.5,0,99,0.0,1.0,0.0,1,0,0,0,0
1779673836.7504141,0,0.3499999940395355,0,0,56,900,423158243,35,77,0.0,0.0,16.50265884399414,28.561870574951172,1,0,0.6000000238418579,0,0,0,0,0,2,0,0,1,8,99,0,0.0,15.70199966430664,19.427480697631836,30.212417602539062,1.5,0,99,0.0,1.0,0.0,1,0,0,0,0
1779673836.7701607,0,0.3499999940395355,0,0,56,900,423158243,35,77,0.0,0.0,16.50265884399414,28.561870574951172,1,0,0.6000000238418579,0,0,0,0,0,2,0,0,1,8,99,0,0.0,15.70199966430664,19.427480697631836,30.526460647583008,1.5,0,99,0.0,1.0,0.0,1,0,0,0,0
1779673836.7901564,0,0.3499999940395355,0,0,56,900,423158243,35,77,0.0,0.0,16.50265884399414,28.561870574951172,1,0,0.6000000238418579,0,0,0,0,0,2,0,0,1,8,99,0,0.0,15.70199966430664,19.427480697631836,30.840503692626953,1.5,0,99,-1.0,1.0,0.0,1,0,0,0,0
1779673836.8099794,0,0.3499999940395355,0,0,56,900,423158243,36,77,0.0,0.0,16.50265884399414,28.561870574951172,1,0,0.6000000238418579,0,0,0,0,0,2,0,0,1,8,99,0,0.0,15.70199966430664,19.427480697631836,31.154537200927734,1.5,0,99,-1.0,1.0,0.0,1,0,0,0,0
1779673836.8308406,0,0.3499999940395355,0,0,56,900,423158243,37,77,0.0,0.0,16.50265884399414,28.561870574951172,1,0,0.6000000238418579,0,0,0,0,0,2,0,0,1,8,99,0,-8.300000190734863,15.70199966430664,19.30373191833496,31.468582153320312,1.5,0,99,-1.0,0.0,0.0,1,0,0,0,0
1779673836.8502076,0,0.3499999940395355,0,0,56,900,423158243,37,77,0.0,0.0,16.50265884399414,28.561870574951172,1,0,0.6000000238418579,0,0,0,0,0,2,0,0,0,8,99,0,-8.300000190734863,14.753999710083008,19.137733459472656,31.76848602294922,1.5,0,99,-1.0,0.0,0.0,1,0,0,0,0
1779673836.8704588,0,0.3499999940395355,0,0,56,900,423158243,37,77,0.0,0.0,16.50265884399414,28.561870574951172,1,0,0.6000000238418579,0,0,0,0,0,2,0,0,0,8,99,0,-8.300000190734863,13.805999755859375,18.97181510925293,32.049293518066406,1.5,0,99,-1.0,0.0,0.0,1,0,0,0,0
1779673836.8903143,0,0.3499999940395355,0,0,56,900,423158243,37,77,0.0,0.0,16.50265884399414,28.561870574951172,1,0,0.6000000238418579,0,0,0,0,0,2,0,0,0,8,99,0,-8.300000190734863,12.857999801635742,18.805816650390625,32.31128692626953,1.5,0,99,-1.0,0.0,0.0,1,0,0,0,0
1779673836.9102864,0,0.3499999940395355,0,0,56,900,423158243,37,77,0.0,0.0,16.50265884399414,28.561870574951172,1,0,0.6000000238418579,0,0,0,0,0,2,0,0,0,8,99,0,-8.300000190734863,11.90999984741211,18.63981819152832,32.5543212890625,1.5,0,99,-1.0,0.0,0.0,1,0,0,0,0
1779673836.9300942,0,0.3499999940395355,0,0,56,900,423158243,37,77,0.0,0.0,16.50265884399414,28.561870574951172,1,0,0.6000000238418579,0,0,0,0,0,2,0,0,0,8,99,0,-8.300000190734863,10.961999893188477,18.473817825317383,32.77839279174805,1.5,0,99,-1.0,0.0,0.0,1,0,0,0,0
1779673836.9500787,0,0.3499999940395355,0,0,56,900,423158243,37,77,0.0,0.0,16.50265884399414,28.561870574951172,1,0,0.6000000238418579,0,0,0,0,0,2,0,0,0,8,99,0,-8.300000190734863,10.013999938964844,18.30782127380371,32.98350524902344,1.5,0,99,-1.0,0.0,0.0,1,0,0,0,0
1779673836.9700718,0,0.3499999940395355,0,0,56,900,423158243,37,77,0.0,0.0,16.50265884399414,28.561870574951172,1,0,0.6000000238418579,0,0,0,0,0,2,0,0,0,8,99,0,-8.300000190734863,9.065999984741211,18.141822814941406,33.16965866088867,1.5,0,99,-1.0,0.0,0.0,1,0,0,0,0
1779673836.990311,0,0.3499999940395355,0,0,56,900,423158243,37,77,0.0,0.0,16.50265884399414,28.561870574951172,1,0,0.6000000238418579,0,0,0,0,0,2,0,0,0,8,99,0,-8.300000190734863,8.118000030517578,17.975738525390625,33.336936950683594,1.5,0,99,-1.0,0.0,0.0,1,0,0,0,0
1779673837.0101185,0,0.3499999940395355,0,0,56,900,423158243,37,77,0.0,0.0,16.50265884399414,28.561870574951172,1,0,0.6000000238418579,0,0,0,0,0,2,0,0,0,8,99,0,-8.300000190734863,7.1700005531311035,17.809743881225586,33.48516082763672,1.5,0,99,-1.0,0.0,0.0,1,0,0,0,0
1779673837.0305061,0,0.3499999940395355,0,0,56,900,423158243,37,77,0.0,0.0,16.50265884399414,28.561870574951172,1,0,0.6000000238418579,0,0,0,0,0,2,0,0,0,8,99,0,-8.300000190734863,6.222001075744629,17.64382553100586,33.61436462402344,1.5,0,99,-1.0,0.0,0.0,1,0,0,0,0
1779673837.050491,0,0.3499999940395355,0,0,56,900,423158243,37,77,0.0,0.0,16.50265884399414,28.561870574951172,1,0,0.6000000238418579,0,0,0,0,0,2,0,0,0,8,99,0,-8.300000190734863,5.274001598358154,17.47783088684082,33.72467803955078,1.5,0,99,-1.0,0.0,0.0,1,0,0,0,0
1779673837.0699606,0,0.3499999940395355,0,0,56,900,423158243,37,77,0.0,0.0,16.50265884399414,28.561870574951172,1,0,0.6000000238418579,0,0,0,0,0,2,0,0,0,8,99,0,-8.300000190734863,4.32600212097168,17.311830520629883,33.816036224365234,1.5,0,99,-1.0,0.0,0.0,0,0,0,0,0
1779673837.090213,0,0.3499999940395355,0,0,56,900,423158243,37,77,0.0,0.0,16.50265884399414,28.561870574951172,1,0,0.6000000238418579,0,0,0,0,0,2,0,0,0,8,99,0,-8.300000190734863,3.378002405166626,17.145835876464844,33.888431549072266,1.5,0,99,-1.0,0.0,0.0,0,0,0,0,0
1779673837.1102164,0,0.3499999940395355,0,0,56,900,423158243,37,77,0.0,0.0,16.50265884399414,28.561870574951172,1,0,0.6000000238418579,0,0,0,1,0,2,0,0,0,8,99,0,-8.300000190734863,-0.9479996562004089,16.979835510253906,33.89154815673828,1.5,0,99,-1.0,-1.0,0.0,0,0,0,0,0
1779673837.1302993,0,0.3499999940395355,0,0,56,900,423158243,37,77,0.0,0.0,16.50265884399414,28.561870574951172,1,0,0.6000000238418579,0,0,0,1,0,2,0,0,0,8,99,0,-8.300000190734863,-1.8959993124008179,16.8138370513916,33.85847091674805,1.5,0,99,-1.0,-1.0,0.0,0,0,0,0,0
1779673837.1508613,0,0.3499999940395355,0,0,56,900,423158243,37,77,0.0,0.0,16.50265884399414,28.561870574951172,1,0,0.6000000238418579,0,0,0,1,0,2,0,0,0,8,99,0,-8.300000190734863,-2.843998908996582,16.647747039794922,33.806396484375,1.5,0,99,0.0,-1.0,0.0,0,0,0,0,0
1779673837.170533,0,0.3499999940395355,0,0,56,900,423158243,37,77,0.0,0.0,16.50265884399414,28.561870574951172,1,0,0.6000000238418579,0,0,0,1,0,2,0,0,0,8,99,0,0.0,-3.7919986248016357,16.6054744720459,33.73542022705078,1.5,0,99,0.0,-1.0,0.0,0,0,0,0,0
1779673837.1900396,0,0.3499999940395355,0,0,56,900,423158243,37,77,0.0,0.0,16.50265884399414,28.561870574951172,1,0,0.6000000238418579,0,0,0,1,0,2,0,0,0,8,99,0,0.0,-4.7399983406066895,16.6054744720459,33.64541244506836,1.5,0,99,0.0,-1.0,0.0,0,0,0,0,0
1779673837.210218,0,0.3499999940395355,0,0,56,900,423158243,37,77,0.0,0.0,16.50265884399414,28.561870574951172,1,0,0.6000000238418579,0,0,0,1,0,2,0,0,0,8,99,0,0.0,-5.687997817993164,16.6054744720459,33.53648376464844,1.5,0,99,0.0,-1.0,0.0,0,0,0,0,0
1779673837.23073,0,0.3499999940395355,0,0,56,900,423158243,37,77,0.0,0.0,16.50265884399414,28.561870574951172,1,0,0.6000000238418579,0,0,0,1,0,2,0,0,0,8,99,0,0.0,-6.635997295379639,16.6054744720459,33.40858840942383,1.5,0,99,0.0,-1.0,0.0,0,0,0,0,0
1779673837.2500982,0,0.3499999940395355,0,0,56,900,423158243,37,77,0.0,0.0,16.50265884399414,28.561870574951172,1,0,0.6000000238418579,0,0,0,1,0,2,0,0,0,8,99,0,0.0,-7.583996772766113,16.6054744720459,33.26173400878906,1.5,0,99,0.0,-1.0,0.0,0,0,0,0,0
1779673837.2701375,0,0.3499999940395355,0,0,56,900,423158243,37,77,0.0,0.0,16.50265884399414,28.561870574951172,1,0,0.6000000238418579,0,0,0,1,0,2,0,0,0,8,99,0,0.0,-8.531996726989746,16.6054744720459,33.095924377441406,1.5,0,99,0.0,-1.0,0.0,0,0,0,0,0
1779673837.2903616,0,0.3499999940395355,0,0,56,900,423158243,37,77,0.0,0.0,16.50265884399414,28.561870574951172,1,0,0.6000000238418579,0,0,0,1,0,2,0,0,0,8,99,0,0.0,-9.479996681213379,16.6054744720459,32.9112434387207,1.5,0,99,0.0,-1.0,0.0,0,0,0,0,0
1779673837.3101523,0,0.3499999940395355,0,0,56,900,423158243,37,77,0.0,0.0,16.50265884399414,28.561870574951172,1,0,0.6000000238418579,0,0,0,1,0,2,0,0,0,8,99,0,0.0,-10.427996635437012,16.6054744720459,32.70751953125,1.5,0,99,0.0,-1.0,0.0,0,0,0,0,0
1779673837.3301277,0,0.3499999940395355,0,0,56,900,423158243,37,77,0.0,0.0,16.50265884399414,28.561870574951172,1,0,0.6000000238418579,0,0,0,1,0,2,0,0,0,8,99,0,0.0,-11.375996589660645,16.6054744720459,32.48482894897461,1.5,0,99,0.0,-1.0,0.0,0,0,0,0,0
1779673837.3501995,0,0.3499999940395355,0,0,56,900,423158243,37,77,0.0,0.0,16.50265884399414,28.561870574951172,1,0,0.6000000238418579,0,0,0,1,0,2,0,0,0,8,99,0,0.0,-12.323996543884277,16.6054744720459,32.24306869506836,1.5,0,99,0.0,-1.0,0.0,0,0,0,0,0
1779673837.370165,1,0.3499999940395355,0,0,56,900,423158243,37,77,0.0,0.0,16.50265884399414,28.561870574951172,0,0,0.6000000238418579,0,0,0,1,0,2,0,1,0,8,99,0,0.0,-13.27199649810791,16.6054744720459,31.982463836669922,1.5,0,99,0.0,-1.0,0.0,0,0,1,0,0
1779673837.3903673,1,0.3499999940395355,0,0,56,900,423158243,37,77,0.0,0.0,16.50265884399414,28.561870574951172,0,0,0.6000000238418579,0,0,0,1,0,2,0,1,0,8,99,0,0.0,-14.219996452331543,16.6054744720459,31.703022003173828,1.5,0,99,0.0,-1.0,0.0,0,0,1,0,0
1779673837.4101183,1,0.3499999940395355,0,0,35,900,423158243,37,77,0.0,0.0,16.50265884399414,28.561870574951172,0,0,0.6000000238418579,0,0,0,1,0,2,0,1,0,8,99,0,0.0,-15.167996406555176,16.6054744720459,31.404495239257812,1.5,0,99,0.0,-1.0,0.0,0,0,1,0,0
1779673837.4302735,1,0.3499999940395355,0,0,35,900,423158243,37,77,0.0,0.0,16.50265884399414,28.561870574951172,0,0,0.6000000238418579,0,0,0,0,0,2,0,1,0,8,99,0,0.0,0.0,16.6054744720459,31.491775512695312,1.5,0,99,0.0,-1.0,0.0,0,0,1,0,0
1779673837.4511697,1,0.3499999940395355,0,0,35,900,423158243,37,77,0.0,0.0,16.50265884399414,28.561870574951172,0,0,0.6000000238418579,0,0,0,0,0,2,0,1,0,8,99,0,0.0,0.0,16.6054744720459,31.71293067932129,1.5,0,99,0.0,-1.0,0.0,0,0,1,0,0
1779673837.4706347,1,0.3499999940395355,0,0,35,900,423158243,37,77,0.0,0.0,16.50265884399414,28.561870574951172,0,0,0.6000000238418579,0,0,0,0,0,2,0,1,0,8,99,0,0.0,0.0,16.6054744720459,31.933868408203125,1.5,0,99,0.0,-1.0,0.0,0,0,0,0,0
1779673837.4902854,1,0.3499999940395355,0,0,35,900,423158243,37,77,0.0,0.0,16.50265884399414,28.561870574951172,1,0,0.6000000238418579,0,0,0,0,0,2,0,1,0,8,99,0,0.0,0.0,16.6054744720459,32.154903411865234,1.5,0,99,0.0,-1.0,0.0,0,0,0,0,0
1779673837.5101376,1,0.3499999940395355,0,0,35,900,423158243,37,77,0.0,0.0,16.50265884399414,28.561870574951172,1,0,0.6000000238418579,0,0,0,0,0,2,0,1,0,8,99,0,0.0,0.0,16.6054744720459,32.37594223022461,1.5,0,99,0.0,-1.0,0.0,0,0,0,0,0
1779673837.5303807,1,0.3499999940395355,0,0,35,900,423158243,37,77,0.0,0.0,16.50265884399414,28.561870574951172,1,0,0.6000000238418579,0,0,0,0,0,2,0,1,0,8,99,0,0.0,0.0,16.6054744720459,32.59698486328125,1.5,0,99,0.0,-1.0,0.0,0,0,0,0,0
1779673837.550353,1,0.3499999940395355,0,0,35,900,423158243,37,77,0.0,0.0,16.50265884399414,28.561870574951172,1,0,0.6000000238418579,0,0,0,0,0,2,0,1,0,8,99,0,0.0,0.0,16.6054744720459,32.81813430786133,1.5,0,99,0.0,-1.0,0.0,0,0,0,0,0
1779673837.5702784,1,0.3499999940395355,0,0,35,900,423158243,37,77,0.0,0.0,16.50265884399414,28.561870574951172,1,0,0.6000000238418579,0,0,0,0,0,2,0,1,0,8,99,0,0.0,0.0,16.6054744720459,33.03916931152344,1.5,0,99,0.0,-1.0,0.0,0,0,0,0,0
1779673837.5902917,1,0.3499999940395355,0,0,35,900,423158243,37,77,0.0,0.0,16.50265884399414,28.561870574951172,1,0,0.6000000238418579,0,0,0,0,0,2,0,1,0,8,99,0,0.0,0.0,16.6054744720459,33.26020050048828,1.5,0,99,0.0,-1.0,0.0,0,0,0,0,0
1779673837.6099784,1,0.3499999940395355,0,0,35,900,423158243,37,77,0.0,0.0,16.50265884399414,28.561870574951172,1,0,0.6000000238418579,0,0,0,0,0,2,0,1,0,8,99,0,0.0,0.0,16.6054744720459,33.48123550415039,1.5,0,99,0.0,-1.0,0.0,0,0,0,0,0
1779673837.6304128,1,0.3499999940395355,0,0,35,900,423158243,37,77,0.0,0.0,16.50265884399414,28.561870574951172,1,0,0.6000000238418579,0,0,0,0,0,2,0,1,0,8,99,0,0.0,0.0,16.6054744720459,33.70216751098633,1.5,0,99,0.0,-1.0,0.0,0,0,0,0,0
1779673837.650111,1,0.3499999940395355,0,0,35,900,423158243,37,77,0.0,0.0,16.50265884399414,28.561870574951172,1,0,0.6000000238418579,0,0,0,0,0,2,0,1,0,8,99,0,0.0,0.0,16.6054744720459,33.92319869995117,1.5,0,99,0.0,-1.0,0.0,0,0,0,0,0
1779673837.6700158,1,0.3499999940395355,0,0,35,900,423158243,37,77,0.0,0.0,16.50265884399414,28.561870574951172,1,0,0.6000000238418579,0,0,0,1,0,2,0,1,0,8,99,0,0.0,-0.9479996562004089,16.6054744720459,33.965476989746094,1.5,0,99,0.0,-1.0,0.0,0,0,0,0,0
1779673837.690003,1,0.3499999940395355,0,0,35,900,423158243,37,77,0.0,0.0,16.50265884399414,28.561870574951172,1,0,0.6000000238418579,0,0,0,1,0,2,0,1,0,8,99,0,0.0,-1.8959993124008179,16.6054744720459,33.932395935058594,1.5,0,99,0.0,-1.0,0.0,0,0,0,0,0
1779673837.7100663,1,0.3499999940395355,0,0,35,900,423158243,37,77,0.0,0.0,16.50265884399414,28.561870574951172,1,0,0.6000000238418579,0,0,0,1,0,2,0,1,0,8,99,0,0.0,-2.843998908996582,16.6054744720459,33.88035583496094,1.5,0,99,0.0,-1.0,0.0,0,0,0,0,0
1779673837.729987,0,0.3499999940395355,0,0,35,900,423158243,37,77,0.0,0.0,16.50265884399414,28.561870574951172,1,0,0.6000000238418579,0,0,0,1,0,2,0,0,0,8,99,0,0.0,-3.7919986248016357,16.6054744720459,33.80931854248047,1.5,0,99,0.0,-1.0,0.0,0,0,0,0,0
1779673837.7500713,0,0.3499999940395355,0,0,35,900,423158243,37,77,0.0,0.0,16.50265884399414,28.561870574951172,1,0,0.6000000238418579,0,0,0,1,0,2,0,0,0,8,99,0,0.0,-4.7399983406066895,16.6054744720459,33.71934509277344,1.5,0,99,0.0,-1.0,0.0,0,0,0,0,0
1779673837.7700424,0,0.3499999940395355,0,0,35,900,423158243,37,77,0.0,0.0,16.50265884399414,28.561870574951172,1,0,0.6000000238418579,0,0,0,1,0,2,0,0,0,8,99,0,0.0,-5.687997817993164,16.6054744720459,33.61042022705078,1.5,0,99,0.0,-1.0,0.0,0,0,0,0,0
1779673837.790326,0,0.3499999940395355,0,0,35,900,423158243,37,77,0.0,0.0,16.50265884399414,28.561870574951172,1,0,0.6000000238418579,0,0,0,1,0,2,0,0,0,8,99,0,0.0,-6.635997295379639,16.6054744720459,33.4825325012207,1.5,0,99,0.0,-1.0,0.0,0,0,0,0,0
1779673837.8101733,0,0.3499999940395355,0,0,35,900,423158243,37,77,0.0,0.0,16.50265884399414,28.561870574951172,1,0,0.6000000238418579,0,0,0,1,0,2,0,0,0,8,99,0,0.0,-7.583996772766113,16.6054744720459,33.3356819152832,1.5,0,99,0.0,-1.0,0.0,0,0,0,0,0
1779673837.8304343,0,0.3499999940395355,0,0,35,900,423158243,37,77,0.0,0.0,16.50265884399414,28.561870574951172,1,0,0.6000000238418579,0,0,0,1,0,2,0,0,0,8,99,0,0.0,-8.531996726989746,16.6054744720459,33.16987228393555,1.5,0,99,0.0,-1.0,0.0,0,0,0,0,0
1779673837.8501365,0,0.3499999940395355,0,0,35,900,423158243,37,77,0.0,0.0,16.50265884399414,28.561870574951172,1,0,0.6000000238418579,0,0,0,1,0,2,0,0,0,8,99,0,0.0,-9.479996681213379,16.6054744720459,32.985111236572266,1.5,0,99,0.0,-1.0,0.0,0,0,0,0,0
1779673837.8702927,0,0.3499999940395355,0,0,35,900,423158243,37,77,0.0,0.0,16.50265884399414,28.561870574951172,1,0,0.6000000238418579,0,0,0,1,0,2,0,0,0,8,99,0,0.0,-10.427996635437012,16.6054744720459,32.78148651123047,1.5,0,99,0.0,-1.0,0.0,0,0,0,0,0
1779673837.890717,0,0.3499999940395355,0,0,35,900,423158243,37,77,0.0,0.0,16.50265884399414,28.561870574951172,1,0,0.6000000238418579,0,0,0,1,0,2,0,0,0,8,99,0,0.0,-11.375996589660645,16.6054744720459,32.558685302734375,1.5,0,99,0.0,-1.0,0.0,0,0,0,0,0
1779673837.9100575,0,0.3499999940395355,0,0,35,900,423158243,37,77,0.0,0.0,16.50265884399414,28.561870574951172,1,0,0.6000000238418579,0,0,0,1,0,2,0,0,0,8,99,0,0.0,-12.323996543884277,16.6054744720459,32.31703567504883,1.5,0,99,0.0,-1.0,0.0,0,0,0,0,0
1779673837.9300005,0,0.3499999940395355,0,0,35,900,423158243,37,77,0.0,0.0,16.50265884399414,28.561870574951172,1,0,0.6000000238418579,0,0,0,1,0,2,0,0,0,8,99,0,0.0,-13.27199649810791,16.6054744720459,32.056427001953125,1.5,0,99,0.0,-1.0,0.0,0,0,0,0,0
1779673837.9504304,0,0.3499999940395355,0,0,35,900,423158243,37,77,0.0,0.0,16.50265884399414,28.561870574951172,1,0,0.6000000238418579,0,0,0,1,0,2,0,0,0,8,99,0,0.0,-14.219996452331543,16.6054744720459,31.776865005493164,1.5,0,99,0.0,-1.0,0.0,0,0,1,0,0
1779673837.9702682,1,0.3499999940395355,0,0,35,900,423158243,37,77,0.0,0.0,16.50265884399414,28.561870574951172,0,0,0.6000000238418579,0,0,0,1,0,2,0,1,0,8,99,0,0.0,-15.167996406555176,16.6054744720459,31.478343963623047,1.5,0,99,0.0,-1.0,0.0,0,0,1,0,0
1779673837.9902632,1,0.3499999940395355,0,0,35,900,423158243,37,77,0.0,0.0,16.50265884399414,28.561870574951172,0,0,0.6000000238418579,0,0,0,1,0,2,0,1,0,8,99,0,0.0,-16.115995407104492,16.6054744720459,31.160860061645508,1.5,0,99,0.0,-1.0,0.0,0,0,1,0,0
1779673838.0100327,1,0.3499999940395355,0,0,14,900,423158243,38,77,0.0,0.0,16.50265884399414,28.561870574951172,0,0,0.6000000238418579,0,0,0,1,0,2,0,1,0,8,99,0,0.0,-17.063995361328125,16.6054744720459,30.824420928955078,1.5,0,99,0.0,-1.0,0.0,0,0,1,0,0
1779673838.0307508,1,0.3499999940395355,0,0,14,900,423158243,38,77,0.0,0.0,16.50265884399414,28.561870574951172,0,0,0.6000000238418579,0,0,0,0,0,2,0,1,0,8,99,0,0.0,0.0,16.6054744720459,30.90216064453125,1.5,0,99,0.0,-1.0,0.0,0,0,1,0,0
1779673838.0499427,1,0.3499999940395355,0,0,14,900,423158243,38,77,0.0,0.0,16.50265884399414,28.561870574951172,0,0,0.6000000238418579,0,0,0,0,0,2,0,1,0,8,99,0,0.0,0.0,16.6054744720459,31.123197555541992,1.5,0,99,0.0,-1.0,0.0,0,0,0,0,0
1779673838.070106,1,0.3499999940395355,0,0,14,900,423158243,38,77,0.0,0.0,16.50265884399414,28.561870574951172,0,0,0.6000000238418579,0,0,0,0,0,2,0,1,0,8,99,0,0.0,0.0,16.6054744720459,31.344234466552734,1.5,0,99,0.0,-1.0,0.0,0,0,0,0,0
1779673838.0902033,1,0.3499999940395355,0,0,14,900,423158243,38,77,0.0,0.0,16.50265884399414,28.561870574951172,1,0,0.6000000238418579,0,0,0,0,0,2,0,1,0,8,99,0,0.0,0.0,16.6054744720459,31.565277099609375,1.5,0,99,0.0,-1.0,0.0,0,0,0,0,0
1779673838.1100674,1,0.3499999940395355,0,0,14,900,423158243,38,77,0.0,0.0,16.50265884399414,28.561870574951172,1,0,0.6000000238418579,0,0,0,0,0,2,0,1,0,8,99,0,0.0,0.0,16.6054744720459,31.786312103271484,1.5,0,99,0.0,-1.0,0.0,0,0,0,0,0
1779673838.1299977,1,0.3499999940395355,0,0,14,900,423158243,38,77,0.0,0.0,16.50265884399414,28.561870574951172,1,0,0.6000000238418579,0,0,0,0,0,2,0,1,0,8,99,0,0.0,0.0,16.6054744720459,32.00724411010742,1.5,0,99,0.0,-1.0,0.0,0,0,0,0,0
1779673838.1500905,1,0.3499999940395355,0,0,14,900,423158243,38,77,0.0,0.0,16.50265884399414,28.561870574951172,1,0,0.6000000238418579,0,0,0,0,0,2,0,1,0,8,99,0,0.0,0.0,16.6054744720459,32.22827911376953,1.5,0,99,0.0,-1.0,0.0,0,0,0,0,0
1779673838.1699507,1,0.3499999940395355,0,0,14,900,423158243,38,77,0.0,0.0,16.50265884399414,28.561870574951172,1,0,0.6000000238418579,0,0,0,0,0,2,0,1,0,8,99,0,0.0,0.0,16.6054744720459,32.449432373046875,1.5,0,99,0.0,-1.0,0.0,0,0,0,0,0
1779673838.190045,1,0.3499999940395355,0,0,14,900,423158243,38,77,0.0,0.0,16.50265884399414,28.561870574951172,1,0,0.6000000238418579,0,0,0,0,0,2,0,1,0,8,99,0,0.0,0.0,16.6054744720459,32.67036437988281,1.5,0,99,0.0,-1.0,0.0,0,0,0,0,0
1779673838.2101731,1,0.3499999940395355,0,0,14,900,423158243,38,77,0.0,0.0,16.50265884399414,28.561870574951172,1,0,0.6000000238418579,0,0,0,0,0,2,0,1,0,8,99,0,0.0,0.0,16.6054744720459,32.89140701293945,1.5,0,99,0.0,-1.0,0.0,0,0,0,0,0
1779673838.2301598,1,0.3499999940395355,0,0,14,900,423158243,38,77,0.0,0.0,16.50265884399414,28.561870574951172,1,0,0.6000000238418579,0,0,0,0,0,2,0,1,0,8,99,0,0.0,0.0,16.6054744720459,33.11255645751953,1.5,0,99,0.0,-1.0,0.0,0,0,0,0,0
1779673838.2503164,1,0.3499999940395355,0,0,14,900,423158243,38,77,0.0,0.0,16.50265884399414,28.561870574951172,1,0,0.6000000238418579,0,0,0,0,0,2,0,1,0,8,99,0,0.0,0.0,16.6054744720459,33.33359146118164,1.5,0,99,0.0,-1.0,0.0,0,0,0,0,0
1779673838.2703793,1,0.3499999940395355,0,0,14,900,423158243,38,77,0.0,0.0,16.50265884399414,28.561870574951172,1,0,0.6000000238418579,0,0,0,0,0,2,0,1,0,8,99,0,0.0,0.0,16.6054744720459,33.55451965332031,1.5,0,99,0.0,-1.0,0.0,0,0,0,0,0
1779673838.290293,1,0.3499999940395355,0,0,14,900,423158243,38,77,0.0,0.0,16.50265884399414,28.561870574951172,1,0,0.6000000238418579,0,0,0,1,0,2,0,1,0,8,99,0,0.0,-0.9479996562004089,16.6054744720459,33.59684753417969,1.5,0,99,0.0,-1.0,0.0,0,0,0,0,0
1779673838.3101306,1,0.3499999940395355,0,0,14,900,423158243,38,77,0.0,0.0,16.50265884399414,28.561870574951172,1,0,0.6000000238418579,0,0,0,1,0,2,0,1,0,8,99,0,0.0,-1.8959993124008179,16.6054744720459,33.56376266479492,1.5,0,99,0.0,-1.0,0.0,0,0,0,0,0
1779673838.3300712,0,0.3499999940395355,0,0,14,900,423158243,1,77,0.0,0.0,16.50265884399414,28.561870574951172,1,0,0.6000000238418579,0,0,0,1,0,2,0,0,0,8,99,0,0.0,-2.843998908996582,16.6054744720459,33.511714935302734,1.5,0,99,0.0,-1.0,0.0,0,0,0,0,0
1779673838.3503962,0,0.3499999940395355,0,0,14,900,423158243,1,77,0.0,0.0,16.50265884399414,28.561870574951172,1,0,0.6000000238418579,0,0,0,1,0,2,0,0,0,8,99,0,0.0,-3.7919986248016357,16.6054744720459,33.44070816040039,1.5,0,99,0.0,-1.0,0.0,0,0,0,0,0
1779673838.3699415,0,0.3499999940395355,0,0,14,900,423158243,1,77,0.0,0.0,16.50265884399414,28.561870574951172,1,0,0.6000000238418579,0,0,0,1,0,2,0,0,0,8,99,0,0.0,-4.7399983406066895,16.6054744720459,33.350746154785156,1.5,0,99,0.0,-1.0,0.0,0,0,0,0,0
1779673838.3906887,0,0.3499999940395355,0,0,14,900,423158243,1,77,0.0,0.0,16.50265884399414,28.561870574951172,1,0,0.6000000238418579,0,0,0,1,0,2,0,0,0,8,99,0,0.0,-5.687997817993164,16.6054744720459,33.241825103759766,1.5,0,99,0.0,-1.0,0.0,0,0,0,0,0
1779673838.4101439,0,0.3499999940395355,0,0,14,900,423158243,1,77,0.0,0.0,16.50265884399414,28.561870574951172,1,0,0.6000000238418579,0,0,0,1,0,2,0,0,0,8,99,0,0.0,-6.635997295379639,16.6054744720459,33.1140022277832,1.5,0,99,0.0,-1.0,0.0,0,0,0,0,0
1779673838.4302447,0,0.3499999940395355,0,0,14,900,423158243,1,77,0.0,0.0,16.50265884399414,28.561870574951172,1,0,0.6000000238418579,0,0,0,1,0,2,0,0,0,8,99,0,0.0,-7.583996772766113,16.6054744720459,32.9671630859375,1.5,0,99,0.0,-1.0,0.0,0,0,0,0,0
1779673838.4501243,0,0.3499999940395355,0,0,14,900,423158243,1,77,0.0,0.0,16.50265884399414,28.561870574951172,1,0,0.6000000238418579,0,0,0,1,0,2,0,0,0,8,99,0,0.0,-8.531996726989746,16.6054744720459,32.80128479003906,1.5,0,99,0.0,-1.0,0.0,0,0,1,0,0
1779673838.4701493,1,0.3499999940395355,0,0,14,900,423158243,1,77,0.0,0.0,16.50265884399414,28.561870574951172,0,0,0.6000000238418579,0,0,0,1,0,2,0,1,0,8,99,0,0.0,-9.479996681213379,16.6054744720459,32.616519927978516,1.5,0,99,0.0,-1.0,0.0,0,0,1,0,0
1779673838.490478,1,0.3499999940395355,0,0,14,900,423158243,1,77,0.0,0.0,16.50265884399414,28.561870574951172,0,0,0.6000000238418579,0,0,0,1,0,2,0,1,0,8,99,0,0.0,-10.427996635437012,16.6054744720459,32.41279983520508,1.5,0,99,0.0,-1.0,0.0,0,0,1,0,0
1779673838.9603214,1,0.3499999940395355,0,0,14,900,423158243,1,77,0.0,0.0,16.50265884399414,28.561870574951172,0,0,0.6000000238418579,0,0,0,1,0,2,0,1,0,8,99,0,0.0,-11.375996589660645,16.6054744720459,32.190120697021484,1.5,0,99,1.0,-1.0,0.0,0,0,0,0,0
1779673838.9803755,1,0.3499999940395355,0,0,14,900,423158243,1,77,0.0,0.0,16.50265884399414,28.561870574951172,0,0,0.6000000238418579,0,0,0,0,0,2,0,1,0,8,99,0,8.300000190734863,0.0,16.72913932800293,32.29676818847656,1.5,0,99,1.0,-1.0,0.0,0,0,0,0,0
1779673839.000327,1,0.3499999940395355,0,0,14,900,423158243,1,77,0.0,0.0,16.50265884399414,28.561870574951172,0,0,0.6000000238418579,0,0,0,0,0,2,0,1,0,8,99,0,8.300000190734863,0.0,16.895057678222656,32.5177001953125,1.5,0,99,1.0,-1.0,0.0,0,0,0,0,0
1779673839.0206144,1,0.3499999940395355,0,0,14,900,423158243,1,77,0.0,0.0,16.50265884399414,28.561870574951172,1,0,0.6000000238418579,0,0,0,0,0,2,0,1,0,8,99,0,8.300000190734863,0.0,17.061140060424805,32.73884582519531,1.5,0,99,1.0,-1.0,0.0,0,0,0,0,0
1779673839.0401125,0,0.3499999940395355,0,0,14,900,423158243,1,77,0.0,0.0,16.50265884399414,28.561870574951172,1,0,0.6000000238418579,0,0,1,0,0,2,0,0,0,8,99,0,8.300000190734863,0.0,17.22705841064453,32.95977783203125,1.5,0,99,1.0,-1.0,0.0,0,0,0,0,0
1779673839.0604107,0,0.3499999940395355,0,0,14,900,423158243,1,77,0.0,0.0,16.50265884399414,28.561870574951172,1,0,0.6000000238418579,0,0,1,0,0,2,0,0,0,8,99,0,8.300000190734863,0.0,17.393142700195312,33.180931091308594,1.5,0,99,1.0,-1.0,0.0,0,0,0,0,0
1779673839.080126,0,0.3499999940395355,0,0,14,900,423158243,1,77,0.0,0.0,16.50265884399414,28.561870574951172,1,0,0.6000000238418579,0,0,1,0,0,2,0,0,0,8,99,0,8.300000190734863,0.0,17.559062957763672,33.401859283447266,1.5,0,99,1.0,0.0,0.0,0,0,0,0,0
1779673839.1000543,0,0.3499999940395355,0,0,14,900,423158243,1,77,0.0,0.0,16.50265884399414,28.561870574951172,1,0,0.6000000238418579,0,0,1,0,0,2,0,0,0,8,99,0,8.300000190734863,0.0,17.725059509277344,33.622894287109375,1.5,0,99,1.0,0.0,0.0,0,0,0,0,0
1779673839.1204066,0,0.3499999940395355,0,0,14,900,423158243,1,77,0.0,0.0,16.50265884399414,28.561870574951172,1,0,0.6000000238418579,0,0,1,0,0,2,0,0,0,8,99,0,8.300000190734863,0.0,17.89105796813965,33.843929290771484,1.5,0,99,1.0,0.0,0.0,0,0,0,0,0
1779673839.140199,0,0.3499999940395355,0,0,14,900,423158243,1,77,0.0,0.0,16.50265884399414,28.561870574951172,1,0,0.6000000238418579,0,0,1,0,0,2,0,0,0,8,99,0,8.300000190734863,0.0,18.057056427001953,34.064964294433594,1.5,0,99,1.0,0.0,0.0,0,0,0,0,0
1779673839.1607337,0,0.3499999940395355,0,0,14,900,423158243,1,77,0.0,0.0,16.50265884399414,28.561870574951172,1,0,0.6000000238418579,0,0,1,0,0,2,0,0,0,8,99,0,8.300000190734863,0.0,18.22305679321289,34.28600311279297,1.5,0,99,1.0,0.0,0.0,0,0,0,0,0
1779673839.1801198,0,0.3499999940395355,0,0,14,900,423158243,1,77,0.0,0.0,16.50265884399414,28.561870574951172,1,0,0.6000000238418579,0,0,1,0,0,2,0,0,0,8,99,0,8.300000190734863,0.0,18.38905906677246,34.50704574584961,1.5,0,99,1.0,0.0,0.0,0,0,0,0,0
1779673839.2002296,0,0.3499999940395355,0,0,14,900,423158243,1,77,0.0,0.0,16.50265884399414,28.561870574951172,1,0,0.6000000238418579,0,0,1,0,0,2,0,0,0,8,99,0,8.300000190734863,0.0,18.555057525634766,34.728084564208984,1.5,0,99,1.0,0.0,0.0,0,0,0,0,0
1779673839.2203386,0,0.3499999940395355,0,0,14,900,423158243,1,77,0.0,0.0,16.50265884399414,28.561870574951172,1,0,0.6000000238418579,0,0,1,0,0,2,0,0,0,8,99,0,8.300000190734863,0.0,18.721139907836914,34.9492301940918,1.5,0,99,1.0,0.0,0.0,0,0,0,0,0
1779673839.2401547,0,0.3499999940395355,0,0,14,900,423158243,1,77,0.0,0.0,16.50265884399414,28.561870574951172,1,0,0.6000000238418579,0,0,1,1,0,2,0,0,0,8,99,0,8.300000190734863,-0.9479996562004089,18.88705825805664,34.991493225097656,1.5,0,99,1.0,0.0,0.0,0,0,0,0,0
1779673839.26033,0,0.3499999940395355,0,0,14,900,423158243,1,77,0.0,0.0,16.50265884399414,28.561870574951172,1,0,0.6000000238418579,0,0,1,1,0,2,0,0,0,8,99,0,8.300000190734863,-1.8959993124008179,19.053056716918945,34.95841979980469,1.5,0,99,1.0,0.0,0.0,0,0,0,0,0
1779673839.280489,0,0.3499999940395355,0,0,14,900,423158243,1,77,0.0,0.0,16.50265884399414,28.561870574951172,1,0,0.6000000238418579,0,0,1,1,0,2,0,0,0,8,99,0,8.300000190734863,-2.843998908996582,19.21905517578125,34.90638732910156,1.5,0,99,1.0,0.0,0.0,0,0,0,0,0
1779673839.300687,0,0.3499999940395355,0,0,14,900,423158243,1,77,0.0,0.0,16.50265884399414,28.561870574951172,1,0,0.6000000238418579,0,0,1,1,0,2,0,0,0,8,99,0,8.300000190734863,-3.7919986248016357,19.385055541992188,34.835391998291016,1.5,0,99,1.0,0.0,0.0,0,0,0,0,0
1779673839.320077,0,0.3499999940395355,0,0,14,900,423158243,1,77,0.0,0.0,16.50265884399414,28.561870574951172,1,0,0.6000000238418579,0,0,1,1,0,2,0,0,0,8,99,0,8.300000190734863,-4.7399983406066895,19.55104637145996,34.745445251464844,1.5,0,99,1.0,0.0,0.0,0,0,0,0,0
1779673839.340001,0,0.3499999940395355,0,0,14,900,423158243,1,77,0.0,0.0,16.50265884399414,28.561870574951172,1,0,0.6000000238418579,0,0,1,1,0,2,0,0,0,8,99,0,8.300000190734863,-5.687997817993164,19.717044830322266,34.63653564453125,1.5,0,99,1.0,0.0,0.0,0,0,0,0,0
1779673839.3600805,0,0.3499999940395355,0,0,14,900,423158243,1,77,0.0,0.0,16.50265884399414,28.561870574951172,1,0,0.6000000238418579,0,0,1,1,0,2,0,0,0,8,99,0,8.300000190734863,-6.635997295379639,19.883127212524414,34.50859451293945,1.5,0,99,1.0,0.0,0.0,0,0,0,0,0
1779673839.3799987,0,0.3499999940395355,0,0,14,900,423158243,1,77,0.0,0.0,16.50265884399414,28.561870574951172,1,0,0.6000000238418579,0,0,1,1,0,2,0,0,0,8,99,0,8.300000190734863,-7.583996772766113,20.049121856689453,34.36175537109375,1.5,0,99,1.0,0.0,0.0,0,0,0,0,0
1779673839.4001544,0,0.3499999940395355,0,0,14,900,423158243,1,77,0.0,0.0,16.50265884399414,28.561870574951172,1,0,0.6000000238418579,0,0,1,1,0,2,0,0,0,8,99,0,8.300000190734863,-8.531996726989746,20.215042114257812,34.196041107177734,1.5,0,99,1.0,0.0,0.0,0,0,0,0,0
1779673839.4204144,0,0.3499999940395355,0,0,14,900,423158243,1,77,0.0,0.0,16.50265884399414,28.561870574951172,1,0,0.6000000238418579,0,0,1,1,0,2,0,0,0,8,99,0,8.300000190734863,-9.479996681213379,20.381120681762695,34.011199951171875,1.5,0,99,0.0,0.0,0.0,0,0,0,0,0
1779673839.4403048,0,0.3499999940395355,0,0,14,900,423158243,1,77,0.0,0.0,16.50265884399414,28.561870574951172,1,0,0.6000000238418579,0,0,1,1,0,2,0,0,0,8,99,0,8.300000190734863,-10.427996635437012,20.547117233276367,33.80747985839844,1.5,0,99,0.0,0.0,0.0,0,0,0,0,0
1779673839.4606333,0,0.3499999940395355,0,0,14,900,423158243,1,77,0.0,0.0,16.50265884399414,28.561870574951172,1,0,0.6000000238418579,0,0,1,1,0,2,0,0,0,8,99,0,8.300000190734863,-11.375996589660645,20.713119506835938,33.58479690551758,1.5,0,99,0.0,0.0,0.0,0,0,0,0,0
1779673839.4804454,0,0.3499999940395355,0,0,14,900,423158243,1,77,0.0,0.0,16.50265884399414,28.561870574951172,1,0,0.6000000238418579,0,0,1,1,0,2,0,0,0,8,99,0,0.0,-12.323996543884277,20.755483627319336,33.34327697753906,1.5,0,99,0.0,0.0,0.0,0,0,0,0,0
1779673839.500136,0,0.3499999940395355,0,0,14,900,423158243,1,77,0.0,0.0,16.50265884399414,28.561870574951172,1,0,0.6000000238418579,0,0,1,1,0,2,0,0,0,8,99,0,0.0,-13.27199649810791,20.755483627319336,33.082557678222656,1.5,0,99,0.0,0.0,0.0,0,0,0,0,0
1779673839.5202103,0,0.3499999940395355,0,0,14,900,423158243,1,77,0.0,0.0,16.50265884399414,28.561870574951172,1,0,0.6000000238418579,0,0,1,1,0,2,0,0,0,8,99,0,0.0,-14.219996452331543,20.755483627319336,32.80299377441406,1.5,0,99,0.0,0.0,0.0,0,0,0,0,0
1779673839.5403376,0,0.3499999940395355,0,0,14,900,423158243,1,77,0.0,0.0,16.50265884399414,28.561870574951172,1,0,0.6000000238418579,0,0,1,1,0,2,0,0,0,8,99,0,0.0,-15.167996406555176,20.755483627319336,32.50462341308594,1.5,0,99,0.0,0.0,0.0,0,0,0,0,0
1779673839.5602834,0,0.3499999940395355,0,0,14,900,423158243,1,77,0.0,0.0,16.50265884399414,28.561870574951172,1,0,0.6000000238418579,0,0,1,1,0,2,0,0,0,8,99,0,0.0,-16.115995407104492,20.755483627319336,32.187156677246094,1.5,0,99,0.0,0.0,0.0,0,0,0,0,0
1779673839.5802417,0,0.3499999940395355,0,0,14,900,423158243,1,77,0.0,0.0,16.50265884399414,28.561870574951172,1,0,0.6000000238418579,0,0,1,1,0,2,0,0,0,8,99,0,0.0,-17.063995361328125,20.755483627319336,31.85072898864746,1.5,0,99,0.0,0.0,0.0,0,0,0,0,0
1779673839.6003795,0,0.3499999940395355,0,0,14,900,423158243,1,77,0.0,0.0,16.50265884399414,28.561870574951172,1,0,0.6000000238418579,0,0,1,1,0,2,0,0,0,8,99,0,0.0,-18.011995315551758,20.755483627319336,31.49534034729004,1.5,0,99,0.0,0.0,0.0,0,0,0,0,0
1779673839.6202996,0,0.3499999940395355,0,0,14,900,423158243,1,77,0.0,0.0,16.50265884399414,28.561870574951172,1,0,0.6000000238418579,0,0,1,1,0,2,0,0,0,8,99,0,0.0,-18.95999526977539,20.755483627319336,31.12100601196289,1.5,0,99,0.0,0.0,0.0,0,0,0,0,0
1779673839.640371,0,0.3499999940395355,0,0,14,900,423158243,1,77,0.0,0.0,16.50265884399414,28.561870574951172,1,0,0.6000000238418579,0,0,1,1,0,2,0,0,0,8,99,0,0.0,-19.907995223999023,20.755483627319336,30.727699279785156,1.5,0,99,0.0,0.0,0.0,0,0,0,0,0
1779673839.6602101,0,0.3499999940395355,0,0,14,900,423158243,1,77,0.0,0.0,16.50265884399414,28.561870574951172,1,0,0.6000000238418579,0,0,1,1,0,2,0,0,0,8,99,0,0.0,-20.855995178222656,20.755483627319336,30.315214157104492,1.5,0,99,0.0,0.0,0.0,0,0,0,0,0
1779673839.680163,0,0.3499999940395355,0,0,14,900,423158243,1,77,0.0,0.0,16.50265884399414,28.561870574951172,1,0,0.6000000238418579,0,0,1,1,0,2,0,0,0,8,99,0,0.0,-20.947999954223633,20.755483627319336,29.896724700927734,1.5,0,99,0.0,0.0,0.0,0,0,0,0,0
1779673839.7002861,0,0.3499999940395355,0,0,14,900,423158243,1,77,0.0,0.0,16.50265884399414,28.561870574951172,1,0,0.6000000238418579,0,0,1,1,0,2,0,0,0,8,99,0,0.0,-20.947999954223633,20.755483627319336,29.47775650024414,1.5,0,99,0.0,0.0,0.0,0,0,0,0,0
1779673839.7203312,0,0.3499999940395355,0,0,14,900,423158243,1,77,0.0,0.0,16.50265884399414,28.561870574951172,1,0,0.6000000238418579,0,0,1,1,0,2,0,0,0,8,99,0,0.0,-20.947999954223633,20.755483627319336,29.058807373046875,1.5,0,99,0.0,0.0,0.0,0,0,0,0,0
1779673839.7400367,0,0.3499999940395355,0,0,14,900,423158243,1,77,0.0,0.0,16.50265884399414,28.561870574951172,1,0,0.6000000238418579,0,0,1,1,0,2,0,0,0,8,99,0,0.0,-20.947999954223633,20.755483627319336,28.640052795410156,1.5,0,99,0.0,0.0,0.0,0,0,0,0,0
1779673839.7600858,0,0.3499999940395355,0,0,14,900,423158243,1,77,0.0,0.0,16.50265884399414,28.561870574951172,1,0,0.6000000238418579,0,0,1,0,0,2,0,0,0,8,99,1,0.0,0.0,20.755483627319336,28.44001007080078,1.5,0,99,0.0,0.0,0.0,0,0,0,0,0
1779673839.780337,0,0.3499999940395355,0,0,14,900,423158243,1,77,0.0,0.0,16.50265884399414,28.561870574951172,1,0,0.6000000238418579,0,0,1,0,0,2,0,0,0,8,99,1,0.0,0.0,20.755483627319336,28.408096313476562,1.5,0,99,0.0,0.0,0.0,0,0,0,0,0
1779673839.8001735,0,0.3499999940395355,0,0,14,900,423158243,1,77,0.0,0.0,16.50265884399414,28.561870574951172,1,0,0.6000000238418579,0,0,1,0,0,2,0,0,0,8,99,1,0.0,0.0,20.755483627319336,28.40810775756836,1.5,0,99,0.0,0.0,0.0,0,0,0,0,0
1779673839.8203502,0,0.3499999940395355,0,0,14,900,423158243,1,77,0.0,0.0,16.50265884399414,28.561870574951172,1,0,0.6000000238418579,0,0,1,0,0,2,0,0,0,8,99,1,0.0,0.0,20.755483627319336,28.40811538696289,1.5,0,99,0.0,0.0,0.0,0,0,0,0,0
1779673839.8403811,0,0.3499999940395355,0,0,14,900,423158243,1,77,0.0,0.0,16.50265884399414,28.561870574951172,1,0,0.6000000238418579,0,0,1,0,0,2,0,0,0,8,99,1,0.0,0.0,20.755483627319336,28.408117294311523,1.5,0,99,0.0,0.0,0.0,0,0,0,0,0
1779673839.8604755,0,0.3499999940395355,0,0,14,900,423158243,1,77,0.0,0.0,16.50265884399414,28.561870574951172,1,0,0.6000000238418579,0,0,1,0,0,2,0,0,0,8,99,1,0.0,0.0,20.755483627319336,28.408119201660156,1.5,0,99,0.0,0.0,0.0,0,0,0,0,0
1779673839.8802474,0,0.3499999940395355,0,0,14,900,423158243,1,77,0.0,0.0,16.50265884399414,28.561870574951172,1,0,0.6000000238418579,0,0,1,0,0,2,0,0,0,8,99,1,0.0,0.0,20.755483627319336,28.40812110900879,1.5,0,99,0.0,0.0,0.0,0,0,0,0,0
1779673839.9002602,0,0.3499999940395355,0,0,14,900,423158243,1,77,0.0,0.0,16.50265884399414,28.561870574951172,1,0,0.6000000238418579,0,0,1,0,0,2,0,0,0,8,99,1,0.0,0.0,20.755483627319336,28.40812110900879,1.5,0,99,0.0,0.0,0.0,0,0,0,0,0
1779673839.9202995,0,0.3499999940395355,0,0,14,900,423158243,1,77,0.0,0.0,16.50265884399414,28.561870574951172,1,0,0.6000000238418579,0,0,1,0,0,2,0,0,0,8,99,1,0.0,0.0,20.755483627319336,28.40812110900879,1.5,0,99,0.0,0.0,0.0,0,0,0,0,0
1779673839.9402328,0,0.3499999940395355,0,0,14,900,423158243,1,77,0.0,0.0,16.50265884399414,28.561870574951172,1,0,0.6000000238418579,0,0,1,0,0,2,0,0,0,8,99,1,0.0,0.0,20.755483627319336,28.40812110900879,1.5,0,99,0.0,0.0,0.0,0,0,0,0,0
1779673839.9604545,0,0.3499999940395355,0,0,14,900,423158243,1,77,0.0,0.0,16.50265884399414,28.561870574951172,1,0,0.6000000238418579,0,0,1,0,0,2,0,0,0,8,99,1,0.0,0.0,20.755483627319336,28.408119201660156,1.5,0,99,0.0,0.0,0.0,0,0,0,0,0
1779673839.9800313,0,0.3499999940395355,0,0,14,900,423158243,1,77,0.0,0.0,16.50265884399414,28.561870574951172,1,0,0.6000000238418579,0,0,1,0,0,2,0,0,0,8,99,1,0.0,0.0,20.755483627319336,28.40812110900879,1.5,0,99,0.0,0.0,0.0,0,0,0,0,0
1779673840.0003333,0,0.3499999940395355,0,0,14,900,423158243,1,77,0.0,0.0,16.50265884399414,28.561870574951172,1,0,0.6000000238418579,0,0,1,0,0,2,0,0,0,8,99,1,0.0,0.0,20.755483627319336,28.40812110900879,1.5,0,99,0.0,0.0,0.0,0,0,0,0,0
1779673840.020075,0,0.3499999940395355,0,0,14,900,423158243,1,77,0.0,0.0,16.50265884399414,28.561870574951172,1,0,0.6000000238418579,0,0,1,0,0,2,0,0,0,8,99,1,0.0,0.0,20.755483627319336,28.40812110900879,1.5,0,99,0.0,0.0,0.0,0,0,0,0,0
1779673840.040516,0,0.3499999940395355,0,0,14,900,423158243,1,77,0.0,0.0,16.50265884399414,28.561870574951172,1,0,0.6000000238418579,0,0,1,0,0,2,0,0,0,8,99,1,0.0,0.0,20.755483627319336,28.40812110900879,1.5,0,99,0.0,0.0,0.0,0,0,0,0,0
1779673840.0601768,0,0.3499999940395355,0,0,14,900,423158243,1,77,0.0,0.0,16.50265884399414,28.561870574951172,1,0,0.6000000238418579,0,0,1,0,0,2,0,0,0,8,99,1,0.0,0.0,20.755483627319336,28.40812110900879,1.5,0,99,0.0,0.0,0.0,0,0,0,0,0
1779673840.080362,0,0.3499999940395355,0,0,14,900,423158243,1,77,0.0,0.0,16.50265884399414,28.561870574951172,1,0,0.6000000238418579,0,0,1,0,0,2,0,0,0,8,99,1,0.0,0.0,20.755483627319336,28.40812110900879,1.5,0,99,0.0,0.0,0.0,0,0,0,0,0
1779673840.0999687,0,0.3499999940395355,0,0,14,900,423158243,1,77,0.0,0.0,16.50265884399414,28.561870574951172,1,0,0.6000000238418579,0,0,1,0,0,2,0,0,0,8,99,1,0.0,0.0,20.755483627319336,28.40812110900879,1.5,0,99,0.0,0.0,0.0,0,0,0,0,0
1779673840.1203053,0,0.3499999940395355,0,0,14,900,423158243,1,77,0.0,0.0,16.50265884399414,28.561870574951172,1,0,0.6000000238418579,0,0,1,0,0,2,0,0,0,8,99,1,0.0,0.0,20.755483627319336,28.40812110900879,1.5,0,99,0.0,0.0,0.0,0,0,0,0,0
1779673840.1405106,0,0.3499999940395355,0,0,14,900,423158243,1,77,0.0,0.0,16.50265884399414,28.561870574951172,1,0,0.6000000238418579,0,0,1,0,0,2,0,0,0,8,99,1,0.0,0.0,20.755483627319336,28.40812110900879,1.5,0,99,0.0,0.0,0.0,0,0,0,0,0
1779673840.16059,0,0.3499999940395355,0,0,14,900,423158243,1,77,0.0,0.0,16.50265884399414,28.561870574951172,1,0,0.6000000238418579,0,0,1,0,0,2,0,0,0,8,99,1,0.0,0.0,20.755483627319336,28.40812110900879,1.5,0,99,0.0,0.0,0.0,0,0,0,0,0
1779673840.1802287,0,0.3499999940395355,0,0,14,900,423158243,1,77,0.0,0.0,16.50265884399414,28.561870574951172,1,0,0.6000000238418579,0,0,1,0,0,2,0,0,0,8,99,1,0.0,0.0,20.755483627319336,28.40812110900879,1.5,0,99,0.0,0.0,0.0,0,0,0,0,0
1779673840.200326,0,0.3499999940395355,0,0,14,900,423158243,1,77,0.0,0.0,16.50265884399414,28.561870574951172,1,0,0.6000000238418579,0,0,1,0,0,2,0,0,0,8,99,1,0.0,0.0,20.755483627319336,28.40812110900879,1.5,0,99,0.0,0.0,0.0,0,0,0,0,0
1779673840.2206256,0,0.3499999940395355,0,0,14,900,423158243,1,77,0.0,0.0,16.50265884399414,28.561870574951172,1,0,0.6000000238418579,0,0,1,0,0,2,0,0,0,8,99,1,0.0,0.0,20.755483627319336,28.408123016357422,1.5,0,99,0.0,0.0,0.0,0,0,0,0,0
1779673840.2399895,0,0.3499999940395355,0,0,14,900,423158243,1,77,0.0,0.0,16.50265884399414,28.561870574951172,1,0,0.6000000238418579,0,0,1,0,0,2,0,0,0,8,99,1,0.0,0.0,20.755483627319336,28.40812110900879,1.5,0,99,0.0,0.0,0.0,0,0,0,0,0
1779673840.2600625,0,0.3499999940395355,0,0,14,900,423158243,1,77,0.0,0.0,16.50265884399414,28.561870574951172,1,0,0.6000000238418579,0,0,1,0,0,2,0,0,0,8,99,1,0.0,0.0,20.755483627319336,28.40812110900879,1.5,0,99,0.0,0.0,0.0,0,0,0,0,0
1779673840.2801197,0,0.3499999940395355,0,0,14,900,423158243,1,77,0.0,0.0,16.50265884399414,28.561870574951172,1,0,0.6000000238418579,0,0,1,0,0,2,0,0,0,8,99,1,0.0,0.0,20.755483627319336,28.40812110900879,1.5,0,99,0.0,0.0,0.0,0,0,0,0,0
1779673840.3002145,0,0.3499999940395355,0,0,14,900,423158243,1,77,0.0,0.0,16.50265884399414,28.561870574951172,1,0,0.6000000238418579,0,0,1,0,0,2,0,0,0,8,99,1,0.0,0.0,20.755483627319336,28.40812110900879,1.5,0,99,0.0,0.0,0.0,0,0,0,0,0
1779673840.3201697,0,0.3499999940395355,0,0,14,900,423158243,1,77,0.0,0.0,16.50265884399414,28.561870574951172,1,0,0.6000000238418579,0,0,1,0,0,2,0,0,0,8,99,1,0.0,0.0,20.755483627319336,28.408123016357422,1.5,0,99,0.0,0.0,0.0,0,0,0,0,0
1779673840.3402305,0,0.3499999940395355,0,0,14,900,423158243,1,77,0.0,0.0,16.50265884399414,28.561870574951172,1,0,0.6000000238418579,0,0,1,0,0,2,0,0,0,8,99,1,0.0,0.0,20.755483627319336,28.408119201660156,1.5,0,99,0.0,0.0,0.0,0,0,0,0,0
1779673840.360517,0,0.3499999940395355,0,0,14,900,423158243,1,77,0.0,0.0,16.50265884399414,28.561870574951172,1,0,0.6000000238418579,0,0,1,0,0,2,0,0,0,8,99,1,0.0,0.0,20.755483627319336,28.40812110900879,1.5,0,99,0.0,0.0,0.0,0,0,0,0,0
1779673840.3801358,0,0.3499999940395355,0,0,14,900,423158243,1,77,0.0,0.0,16.50265884399414,28.561870574951172,1,0,0.6000000238418579,0,0,1,0,0,2,0,0,0,8,99,1,0.0,0.0,20.755483627319336,28.408119201660156,1.5,0,99,0.0,0.0,0.0,0,0,0,0,0
1779673840.4103549,0,0.3499999940395355,0,0,14,900,423158243,1,77,0.0,0.0,16.50265884399414,28.561870574951172,1,0,0.6000000238418579,0,0,1,0,0,2,0,0,0,8,99,1,0.0,0.0,20.755483627319336,28.408123016357422,1.5,0,99,0.0,0.0,0.0,0,0,0,0,0
1779673840.4291859,0,0.3499999940395355,0,0,14,900,423158243,1,77,0.0,0.0,16.50265884399414,28.561870574951172,1,0,0.6000000238418579,0,0,1,0,0,2,0,0,0,8,99,1,0.0,0.0,20.755483627319336,28.40812110900879,1.5,0,99,0.0,0.0,0.0,0,0,0,0,0
1779673840.4477377,0,0.3499999940395355,0,0,14,900,423158243,1,77,0.0,0.0,16.50265884399414,28.561870574951172,1,0,0.6000000238418579,0,0,1,0,0,2,0,0,0,8,99,1,0.0,0.0,20.755483627319336,28.408119201660156,1.5,0,99,0.0,0.0,0.0,0,0,0,0,0
1779673840.4661787,0,0.3499999940395355,0,0,14,900,423158243,1,77,0.0,0.0,16.50265884399414,28.561870574951172,1,0,0.6000000238418579,0,0,1,0,0,2,0,0,0,8,99,1,0.0,0.0,20.755483627319336,28.40812110900879,1.5,0,99,0.0,0.0,0.0,0,0,0,0,0
1779673840.4845233,0,0.3499999940395355,0,0,14,900,423158243,1,77,0.0,0.0,16.50265884399414,28.561870574951172,1,0,0.6000000238418579,0,0,1,0,0,2,0,0,0,8,99,1,0.0,0.0,20.755483627319336,28.408119201660156,1.5,0,99,0.0,0.0,0.0,0,0,0,0,0
1779673840.5027468,0,0.3499999940395355,0,0,14,900,423158243,1,77,0.0,0.0,16.50265884399414,28.561870574951172,1,0,0.6000000238418579,0,0,1,0,0,2,0,0,0,8,99,1,0.0,0.0,20.755483627319336,28.40812110900879,1.5,0,99,0.0,0.0,0.0,0,0,0,0,0
1779673840.5214257,0,0.3499999940395355,0,0,14,900,423158243,1,77,0.0,0.0,16.50265884399414,28.561870574951172,1,0,0.6000000238418579,0,0,1,0,0,2,0,0,0,8,99,1,0.0,0.0,20.755483627319336,28.408123016357422,1.5,0,99,0.0,0.0,0.0,0,0,0,0,0
1779673840.5402143,0,0.3499999940395355,0,0,14,900,423158243,1,77,0.0,0.0,16.50265884399414,28.561870574951172,1,0,0.6000000238418579,0,0,1,0,0,2,0,0,0,8,99,1,0.0,0.0,20.755483627319336,28.40812110900879,1.5,0,99,0.0,0.0,0.0,0,0,0,0,0
1779673840.5604465,0,0.3499999940395355,0,0,14,900,423158243,1,77,0.0,0.0,16.50265884399414,28.561870574951172,1,0,0.6000000238418579,0,0,1,0,0,2,0,0,0,8,99,1,0.0,0.0,20.755483627319336,28.40812110900879,1.5,0,99,0.0,0.0,0.0,0,0,0,0,0
1779673840.5801716,0,0.3499999940395355,0,0,14,900,423158243,1,77,0.0,0.0,16.50265884399414,28.561870574951172,1,0,0.6000000238418579,0,0,1,0,0,2,0,0,0,8,99,1,0.0,0.0,20.755483627319336,28.40812110900879,1.5,0,99,0.0,0.0,0.0,0,0,0,0,0
1779673840.599979,0,0.3499999940395355,0,0,14,900,423158243,1,77,0.0,0.0,16.50265884399414,28.561870574951172,1,0,0.6000000238418579,0,0,1,0,0,2,0,0,0,8,99,1,0.0,0.0,20.755483627319336,28.40812110900879,1.5,0,99,0.0,0.0,0.0,0,0,0,0,0
1779673840.6206954,0,0.3499999940395355,0,0,14,900,423158243,1,77,0.0,0.0,16.50265884399414,28.561870574951172,1,0,0.6000000238418579,0,0,1,0,0,2,0,0,0,8,99,1,0.0,0.0,20.755483627319336,28.408123016357422,1.5,0,99,0.0,0.0,0.0,0,0,0,0,0
1779673840.640462,0,0.3499999940395355,0,0,14,900,423158243,1,77,0.0,0.0,16.50265884399414,28.561870574951172,1,0,0.6000000238418579,0,0,1,0,0,2,0,0,0,8,99,1,0.0,0.0,20.755483627319336,28.408123016357422,1.5,0,99,0.0,0.0,0.0,0,0,0,0,0
1779673840.6602004,0,0.3499999940395355,0,0,14,900,423158243,1,77,0.0,0.0,16.50265884399414,28.561870574951172,1,0,0.6000000238418579,0,0,1,0,0,2,0,0,0,8,99,1,0.0,0.0,20.755483627319336,28.40812110900879,1.5,0,99,0.0,0.0,0.0,0,0,0,0,0
1779673840.6802897,0,0.3499999940395355,0,0,14,900,423158243,1,77,0.0,0.0,16.50265884399414,28.561870574951172,1,0,0.6000000238418579,0,0,1,0,0,2,0,0,0,8,99,1,0.0,0.0,20.755483627319336,28.40812110900879,1.5,0,99,0.0,0.0,0.0,0,0,0,0,0
1779673840.7001731,0,0.3499999940395355,0,0,14,900,423158243,1,77,0.0,0.0,16.50265884399414,28.561870574951172,1,0,0.6000000238418579,0,0,1,0,0,2,0,0,0,8,99,1,0.0,0.0,20.755483627319336,28.408119201660156,1.5,0,99,0.0,0.0,0.0,0,0,0,0,0
1779673840.7209692,0,0.3499999940395355,0,0,14,900,423158243,1,77,0.0,0.0,16.50265884399414,28.561870574951172,1,0,0.6000000238418579,0,0,1,0,0,2,0,0,0,8,99,1,0.0,0.0,20.755483627319336,28.40812110900879,1.5,0,99,0.0,0.0,0.0,0,0,0,0,0
1779673840.7402909,0,0.3499999940395355,0,0,14,900,423158243,1,77,0.0,0.0,16.50265884399414,28.561870574951172,1,0,0.6000000238418579,0,0,1,0,0,2,0,0,0,8,99,1,0.0,0.0,20.755483627319336,28.40812110900879,1.5,0,99,0.0,0.0,0.0,0,0,0,0,0
1779673840.7599826,0,0.3499999940395355,0,0,14,900,423158243,1,77,0.0,0.0,16.50265884399414,28.561870574951172,1,0,0.6000000238418579,0,0,1,0,0,2,0,0,0,8,99,1,0.0,0.0,20.755483627319336,28.40812110900879,1.5,0,99,0.0,0.0,0.0,0,0,0,0,0
1779673840.7801926,0,0.3499999940395355,0,0,14,900,423158243,1,77,0.0,0.0,16.50265884399414,28.561870574951172,1,0,0.6000000238418579,0,0,1,0,0,2,0,0,0,8,99,1,0.0,0.0,20.755483627319336,28.40812110900879,1.5,0,99,0.0,0.0,0.0,0,0,0,0,0
1779673840.8,0,0.3499999940395355,0,0,14,900,423158243,1,77,0.0,0.0,16.50265884399414,28.561870574951172,1,0,0.6000000238418579,0,0,1,0,0,2,0,0,0,8,99,1,0.0,0.0,20.755483627319336,28.40812110900879,1.5,0,99,0.0,0.0,0.0,0,0,0,0,0
1779673840.8202896,0,0.3499999940395355,0,0,14,900,423158243,1,77,0.0,0.0,16.50265884399414,28.561870574951172,1,0,0.6000000238418579,0,0,1,0,0,2,0,0,0,8,99,1,0.0,0.0,20.755483627319336,28.40812110900879,1.5,0,99,0.0,0.0,0.0,0,0,0,0,0
1779673840.8402567,0,0.3499999940395355,0,0,14,900,423158243,1,77,0.0,0.0,16.50265884399414,28.561870574951172,1,0,0.6000000238418579,0,0,1,0,0,2,0,0,0,8,99,1,0.0,0.0,20.755483627319336,28.40812110900879,1.5,0,99,0.0,0.0,0.0,0,0,0,0,0
1779673840.8603976,0,0.3499999940395355,0,0,14,900,423158243,1,77,0.0,0.0,16.50265884399414,28.561870574951172,1,0,0.6000000238418579,0,0,1,0,0,2,0,0,0,8,99,1,0.0,0.0,20.755483627319336,28.408119201660156,1.5,0,99,0.0,0.0,0.0,0,0,0,0,0
1779673840.8803127,0,0.3499999940395355,0,0,14,900,423158243,1,77,0.0,0.0,16.50265884399414,28.561870574951172,1,0,0.6000000238418579,0,0,1,0,0,2,0,0,0,8,99,1,0.0,0.0,20.755483627319336,28.40812110900879,1.5,0,99,0.0,0.0,0.0,0,0,0,0,0
1779673840.8999805,0,0.3499999940395355,0,0,14,900,423158243,1,77,0.0,0.0,16.50265884399414,28.561870574951172,1,0,0.6000000238418579,0,0,1,0,0,2,0,0,0,8,99,1,0.0,0.0,20.755483627319336,28.408119201660156,1.5,0,99,0.0,0.0,0.0,0,0,0,0,0
1779673840.9201858,0,0.3499999940395355,0,0,14,900,423158243,1,77,0.0,0.0,16.50265884399414,28.561870574951172,1,0,0.6000000238418579,0,0,1,0,0,2,0,0,0,8,99,1,0.0,0.0,20.755483627319336,28.40812110900879,1.5,0,99,0.0,0.0,0.0,0,0,0,0,0
1779673840.9401264,0,0.3499999940395355,0,0,14,900,423158243,1,77,0.0,0.0,16.50265884399414,28.561870574951172,1,0,0.6000000238418579,0,0,1,0,0,2,0,0,0,8,99,1,0.0,0.0,20.755483627319336,28.40812110900879,1.5,0,99,0.0,0.0,0.0,0,0,0,0,0
1779673840.9602413,0,0.3499999940395355,0,0,14,900,423158243,1,77,0.0,0.0,16.50265884399414,28.561870574951172,1,0,0.6000000238418579,0,0,1,0,0,2,0,0,0,8,99,1,0.0,0.0,20.755483627319336,28.408123016357422,1.5,0,99,0.0,0.0,0.0,0,0,0,0,0
1779673840.980095,0,0.3499999940395355,0,0,14,900,423158243,1,77,0.0,0.0,16.50265884399414,28.561870574951172,1,0,0.6000000238418579,0,0,1,0,0,2,0,0,0,8,99,1,0.0,0.0,20.755483627319336,28.408119201660156,1.5,0,99,0.0,0.0,0.0,0,0,0,0,0
1779673841.0000637,0,0.3499999940395355,0,0,14,900,423158243,1,77,0.0,0.0,16.50265884399414,28.561870574951172,1,0,0.6000000238418579,0,0,1,0,0,2,0,0,0,8,99,1,0.0,0.0,20.755483627319336,28.408119201660156,1.5,0,99,0.0,0.0,0.0,0,0,0,0,0
1779673841.0202708,0,0.3499999940395355,0,0,14,900,423158243,1,77,0.0,0.0,16.50265884399414,28.561870574951172,1,0,0.6000000238418579,0,0,1,0,0,2,0,0,0,8,99,1,0.0,0.0,20.755483627319336,28.40812110900879,1.5,0,99,0.0,0.0,0.0,0,0,0,0,0
1779673841.0400798,0,0.3499999940395355,0,0,14,900,423158243,1,77,0.0,0.0,16.50265884399414,28.561870574951172,1,0,0.6000000238418579,0,0,1,0,0,2,0,0,0,8,99,1,0.0,0.0,20.755483627319336,28.408123016357422,1.5,0,99,0.0,0.0,0.0,0,0,0,0,0
1779673841.060308,0,0.3499999940395355,0,0,14,900,423158243,1,77,0.0,0.0,16.50265884399414,28.561870574951172,1,0,0.6000000238418579,0,0,1,0,0,2,0,0,0,8,99,1,0.0,0.0,20.755483627319336,28.40812110900879,1.5,0,99,0.0,0.0,0.0,0,0,0,0,0
1779673841.0801034,0,0.3499999940395355,0,0,14,900,423158243,1,77,0.0,0.0,16.50265884399414,28.561870574951172,1,0,0.6000000238418579,0,0,1,0,0,2,0,0,0,8,99,1,0.0,0.0,20.755483627319336,28.408123016357422,1.5,0,99,0.0,0.0,0.0,0,0,0,0,0
1779673841.1000195,0,0.3499999940395355,0,0,14,900,423158243,1,77,0.0,0.0,16.50265884399414,28.561870574951172,1,0,0.6000000238418579,0,0,1,0,0,2,0,0,0,8,99,1,0.0,0.0,20.755483627319336,28.40812110900879,1.5,0,99,0.0,0.0,0.0,0,0,0,0,0
1779673841.1207905,0,0.3499999940395355,0,0,14,900,423158243,1,77,0.0,0.0,16.50265884399414,28.561870574951172,1,0,0.6000000238418579,0,0,1,0,0,2,0,0,0,8,99,1,0.0,0.0,20.755483627319336,28.408123016357422,1.5,0,99,0.0,0.0,0.0,0,0,0,0,0
1779673841.1416152,0,0.3499999940395355,0,0,14,900,423158243,1,77,0.0,0.0,16.50265884399414,28.561870574951172,1,0,0.6000000238418579,0,0,1,0,0,2,0,0,0,8,99,1,0.0,0.0,20.755483627319336,28.40812110900879,1.5,0,99,0.0,0.0,0.0,0,0,0,0,0
1779673841.1629732,0,0.3499999940395355,0,0,14,900,423158243,1,77,0.0,0.0,16.50265884399414,28.561870574951172,1,0,0.6000000238418579,0,0,1,0,0,2,0,0,0,8,99,1,0.0,0.0,20.755483627319336,28.40812110900879,1.5,0,99,0.0,0.0,0.0,0,0,0,0,0
1779673841.1829114,0,0.3499999940395355,0,0,14,900,423158243,1,77,0.0,0.0,16.50265884399414,28.561870574951172,1,0,0.6000000238418579,0,0,1,0,0,2,0,0,0,8,99,1,0.0,0.0,20.755483627319336,28.408123016357422,1.5,0,99,0.0,0.0,0.0,0,0,0,0,0
1779673841.2023046,0,0.3499999940395355,0,0,14,900,423158243,1,77,0.0,0.0,16.50265884399414,28.561870574951172,1,0,0.6000000238418579,0,0,1,0,0,2,0,0,0,8,99,1,0.0,0.0,20.755483627319336,28.408123016357422,1.5,0,99,0.0,0.0,0.0,0,0,0,0,0
1779673841.2209575,0,0.3499999940395355,0,0,14,900,423158243,1,77,0.0,0.0,16.50265884399414,28.561870574951172,1,0,0.6000000238418579,0,0,1,0,0,2,0,0,0,8,99,1,0.0,0.0,20.755483627319336,28.408123016357422,1.5,0,99,0.0,0.0,0.0,0,0,0,0,0
1779673841.2403214,0,0.3499999940395355,0,0,14,900,423158243,1,77,0.0,0.0,16.50265884399414,28.561870574951172,1,0,0.6000000238418579,0,0,1,0,0,2,0,0,0,8,99,1,0.0,0.0,20.755483627319336,28.408123016357422,1.5,0,99,0.0,0.0,0.0,0,0,0,0,0
1779673841.2603571,0,0.3499999940395355,0,0,14,900,423158243,1,77,0.0,0.0,16.50265884399414,28.561870574951172,1,0,0.6000000238418579,0,0,1,0,0,2,0,0,0,8,99,1,0.0,0.0,20.755483627319336,28.40812110900879,1.5,0,99,0.0,0.0,0.0,0,0,0,0,0
1779673841.280394,0,0.3499999940395355,0,0,14,900,423158243,1,77,0.0,0.0,16.50265884399414,28.561870574951172,1,0,0.6000000238418579,0,0,1,0,0,2,0,0,0,8,99,1,0.0,0.0,20.755483627319336,28.40812110900879,1.5,0,99,0.0,0.0,0.0,0,0,0,0,0
1779673841.300549,0,0.3499999940395355,0,0,14,900,423158243,1,77,0.0,0.0,16.50265884399414,28.561870574951172,1,0,0.6000000238418579,0,0,1,0,0,2,0,0,0,8,99,1,0.0,0.0,20.755483627319336,28.40812110900879,1.5,0,99,0.0,0.0,0.0,0,0,0,0,0
1779673841.3203664,0,0.3499999940395355,0,0,14,900,423158243,1,77,0.0,0.0,16.50265884399414,28.561870574951172,1,0,0.6000000238418579,0,0,1,0,0,2,0,0,0,8,99,1,0.0,0.0,20.755483627319336,28.40812110900879,1.5,0,99,0.0,0.0,0.0,0,0,0,0,0
1779673841.3406336,0,0.3499999940395355,0,0,14,900,423158243,1,77,0.0,0.0,16.50265884399414,28.561870574951172,1,0,0.6000000238418579,0,0,1,0,0,2,0,0,0,8,99,1,0.0,0.0,20.755483627319336,28.40812110900879,1.5,0,99,0.0,0.0,0.0,0,0,0,0,0
1779673841.360451,0,0.3499999940395355,0,0,14,900,423158243,1,77,0.0,0.0,16.50265884399414,28.561870574951172,1,0,0.6000000238418579,0,0,1,0,0,2,0,0,0,8,99,1,0.0,0.0,20.755483627319336,28.40812110900879,1.5,0,99,0.0,0.0,0.0,0,0,0,0,0
1779673841.3802967,0,0.3499999940395355,0,0,14,900,423158243,1,77,0.0,0.0,16.50265884399414,28.561870574951172,1,0,0.6000000238418579,0,0,1,0,0,2,0,0,0,8,99,1,0.0,0.0,20.755483627319336,28.408119201660156,1.5,0,99,0.0,0.0,0.0,0,0,0,0,0
1779673841.3999162,0,0.3499999940395355,0,0,14,900,423158243,1,77,0.0,0.0,16.50265884399414,28.561870574951172,1,0,0.6000000238418579,0,0,1,0,0,2,0,0,0,8,99,1,0.0,0.0,20.755483627319336,28.40812110900879,1.5,0,99,0.0,0.0,0.0,0,0,0,0,0
1779673841.4203682,0,0.3499999940395355,0,0,14,900,423158243,1,77,0.0,0.0,16.50265884399414,28.561870574951172,1,0,0.6000000238418579,0,0,1,0,0,2,0,0,0,8,99,1,0.0,0.0,20.755483627319336,28.40812110900879,1.5,0,99,0.0,0.0,0.0,0,0,0,0,0
1779673841.440136,0,0.3499999940395355,0,0,14,900,423158243,1,77,0.0,0.0,16.50265884399414,28.561870574951172,1,0,0.6000000238418579,0,0,1,0,0,2,0,0,0,8,99,1,0.0,0.0,20.755483627319336,28.40812110900879,1.5,0,99,0.0,0.0,0.0,0,0,0,0,0
1779673841.460338,0,0.3499999940395355,0,0,14,900,423158243,1,77,0.0,0.0,16.50265884399414,28.561870574951172,1,0,0.6000000238418579,0,0,1,0,0,2,0,0,0,8,99,1,0.0,0.0,20.755483627319336,28.40812110900879,1.5,0,99,0.0,0.0,0.0,0,0,0,0,0
1779673841.4802706,0,0.3499999940395355,0,0,14,900,423158243,1,77,0.0,0.0,16.50265884399414,28.561870574951172,1,0,0.6000000238418579,0,0,1,0,0,2,0,0,0,8,99,1,0.0,0.0,20.755483627319336,28.408119201660156,1.5,0,99,0.0,0.0,0.0,0,0,0,0,0
1779673841.4999063,0,0.3499999940395355,0,0,14,900,423158243,1,77,0.0,0.0,16.50265884399414,28.561870574951172,1,0,0.6000000238418579,0,0,1,0,0,2,0,0,0,8,99,1,0.0,0.0,20.755483627319336,28.408119201660156,1.5,0,99,0.0,0.0,0.0,0,0,0,0,0
1779673841.5203915,0,0.3499999940395355,0,0,14,900,423158243,1,77,0.0,0.0,16.50265884399414,28.561870574951172,1,0,0.6000000238418579,0,0,1,0,0,2,0,0,0,8,99,1,0.0,0.0,20.755483627319336,28.40812110900879,1.5,0,99,0.0,0.0,0.0,0,0,0,0,0
1779673841.5400066,0,0.3499999940395355,0,0,14,900,423158243,1,77,0.0,0.0,16.50265884399414,28.561870574951172,1,0,0.6000000238418579,0,0,1,0,0,2,0,0,0,8,99,1,0.0,0.0,20.755483627319336,28.40812110900879,1.5,0,99,0.0,0.0,0.0,0,0,0,0,0
1779673841.5602248,0,0.3499999940395355,0,0,14,900,423158243,1,77,0.0,0.0,16.50265884399414,28.561870574951172,1,0,0.6000000238418579,0,0,1,0,0,2,0,0,0,8,99,1,0.0,0.0,20.755483627319336,28.40812110900879,1.5,0,99,0.0,0.0,0.0,0,0,0,0,0
1779673841.5801373,0,0.3499999940395355,0,0,14,900,423158243,1,77,0.0,0.0,16.50265884399414,28.561870574951172,1,0,0.6000000238418579,0,0,1,0,0,2,0,0,0,8,99,1,0.0,0.0,20.755483627319336,28.40812110900879,1.5,0,99,0.0,0.0,0.0,0,0,0,0,0
1779673841.6103294,0,0.3499999940395355,0,0,14,900,423158243,1,77,0.0,0.0,16.50265884399414,28.561870574951172,1,0,0.6000000238418579,0,0,1,0,0,2,0,0,0,8,99,1,0.0,0.0,20.755483627319336,28.40812110900879,1.5,0,99,0.0,0.0,0.0,0,0,0,0,0
1779673841.6292026,0,0.3499999940395355,0,0,14,900,423158243,1,77,0.0,0.0,16.50265884399414,28.561870574951172,1,0,0.6000000238418579,0,0,1,0,0,2,0,0,0,8,99,1,0.0,0.0,20.755483627319336,28.40812110900879,1.5,0,99,0.0,0.0,0.0,0,0,0,0,0
1779673841.6478462,0,0.3499999940395355,0,0,14,900,423158243,1,77,0.0,0.0,16.50265884399414,28.561870574951172,1,0,0.6000000238418579,0,0,1,0,0,2,0,0,0,8,99,1,0.0,0.0,20.755483627319336,28.40812110900879,1.5,0,99,0.0,0.0,0.0,0,0,0,0,0
1779673841.6659665,0,0.3499999940395355,0,0,14,900,423158243,1,77,0.0,0.0,16.50265884399414,28.561870574951172,1,0,0.6000000238418579,0,0,1,0,0,2,0,0,0,8,99,1,0.0,0.0,20.755483627319336,28.40812110900879,1.5,0,99,0.0,0.0,0.0,0,0,0,0,0
1779673841.6842399,0,0.3499999940395355,0,0,14,900,423158243,1,77,0.0,0.0,16.50265884399414,28.561870574951172,1,0,0.6000000238418579,0,0,1,0,0,2,0,0,0,8,99,1,0.0,0.0,20.755483627319336,28.408123016357422,1.5,0,99,0.0,0.0,0.0,0,0,0,0,0
1779673841.7024581,0,0.3499999940395355,0,0,14,900,423158243,1,77,0.0,0.0,16.50265884399414,28.561870574951172,1,0,0.6000000238418579,0,0,1,0,0,2,0,0,0,8,99,1,0.0,0.0,20.755483627319336,28.408123016357422,1.5,0,99,0.0,0.0,0.0,0,0,0,0,0
1779673841.7210665,0,0.3499999940395355,0,0,14,900,423158243,1,77,0.0,0.0,16.50265884399414,28.561870574951172,1,0,0.6000000238418579,0,0,1,0,0,2,0,0,0,8,99,1,0.0,0.0,20.755483627319336,28.40812110900879,1.5,0,99,0.0,0.0,0.0,0,0,0,0,0
1779673841.7402527,0,0.3499999940395355,0,0,14,900,423158243,1,77,0.0,0.0,16.50265884399414,28.561870574951172,1,0,0.6000000238418579,0,0,1,0,0,2,0,0,0,8,99,1,0.0,0.0,20.755483627319336,28.408119201660156,1.5,0,99,0.0,0.0,0.0,0,0,0,0,0
1779673841.7603483,0,0.3499999940395355,0,0,14,900,423158243,1,77,0.0,0.0,16.50265884399414,28.561870574951172,1,0,0.6000000238418579,0,0,1,0,0,2,0,0,0,8,99,1,0.0,0.0,20.755483627319336,28.408119201660156,1.5,0,99,0.0,0.0,0.0,0,0,0,0,0
1779673841.780278,0,0.3499999940395355,0,0,14,900,423158243,1,77,0.0,0.0,16.50265884399414,28.561870574951172,1,0,0.6000000238418579,0,0,1,0,0,2,0,0,0,8,99,1,0.0,0.0,20.755483627319336,28.408119201660156,1.5,0,99,0.0,0.0,0.0,0,0,0,0,0
1779673841.799958,0,0.3499999940395355,0,0,14,900,423158243,1,77,0.0,0.0,16.50265884399414,28.561870574951172,1,0,0.6000000238418579,0,0,1,0,0,2,0,0,0,8,99,1,0.0,0.0,20.755483627319336,28.40812110900879,1.5,0,99,0.0,0.0,0.0,0,0,0,0,0
1779673841.8204439,0,0.3499999940395355,0,0,14,900,423158243,1,77,0.0,0.0,16.50265884399414,28.561870574951172,1,0,0.6000000238418579,0,0,1,0,0,2,0,0,0,8,99,1,0.0,0.0,20.755483627319336,28.40812110900879,1.5,0,99,0.0,0.0,0.0,0,0,0,0,0
1779673841.8403575,0,0.3499999940395355,0,0,14,900,423158243,1,77,0.0,0.0,16.50265884399414,28.561870574951172,1,0,0.6000000238418579,0,0,1,0,0,2,0,0,0,8,99,1,0.0,0.0,20.755483627319336,28.40812110900879,1.5,0,99,0.0,0.0,0.0,0,0,0,0,0
1779673841.8603387,0,0.3499999940395355,0,0,14,900,423158243,1,77,0.0,0.0,16.50265884399414,28.561870574951172,1,0,0.6000000238418579,0,0,1,0,0,2,0,0,0,8,99,1,0.0,0.0,20.755483627319336,28.408119201660156,1.5,0,99,0.0,0.0,0.0,0,0,0,0,0
1779673841.8806028,0,0.3499999940395355,0,0,14,900,423158243,1,77,0.0,0.0,16.50265884399414,28.561870574951172,1,0,0.6000000238418579,0,0,1,0,0,2,0,0,0,8,99,1,0.0,0.0,20.755483627319336,28.40812110900879,1.5,0,99,0.0,0.0,0.0,0,0,0,0,0
1779673841.9000974,0,0.3499999940395355,0,0,14,900,423158243,1,77,0.0,0.0,16.50265884399414,28.561870574951172,1,0,0.6000000238418579,0,0,1,0,0,2,0,0,0,8,99,1,0.0,0.0,20.755483627319336,28.40812110900879,1.5,0,99,0.0,0.0,0.0,0,0,0,0,0
1779673841.9201245,0,0.3499999940395355,0,0,14,900,423158243,1,77,0.0,0.0,16.50265884399414,28.561870574951172,1,0,0.6000000238418579,0,0,1,0,0,2,0,0,0,8,99,1,0.0,0.0,20.755483627319336,28.40812110900879,1.5,0,99,0.0,0.0,0.0,0,0,0,0,0
1779673841.940221,0,0.3499999940395355,0,0,14,900,423158243,1,77,0.0,0.0,16.50265884399414,28.561870574951172,1,0,0.6000000238418579,0,0,1,0,0,2,0,0,0,8,99,1,0.0,0.0,20.755483627319336,28.40812110900879,1.5,0,99,0.0,0.0,0.0,0,0,0,0,0
1779673841.9602787,0,0.3499999940395355,0,0,14,900,423158243,1,77,0.0,0.0,16.50265884399414,28.561870574951172,1,0,0.6000000238418579,0,0,1,0,0,2,0,0,0,8,99,1,0.0,0.0,20.755483627319336,28.40812110900879,1.5,0,99,0.0,0.0,0.0,0,0,0,0,0
1779673841.9801152,0,0.3499999940395355,0,0,14,900,423158243,1,77,0.0,0.0,16.50265884399414,28.561870574951172,1,0,0.6000000238418579,0,0,1,0,0,2,0,0,0,8,99,1,0.0,0.0,20.755483627319336,28.408123016357422,1.5,0,99,0.0,0.0,0.0,0,0,0,0,0
1779673842.000125,0,0.3499999940395355,0,0,14,900,423158243,1,77,0.0,0.0,16.50265884399414,28.561870574951172,1,0,0.6000000238418579,0,0,1,0,0,2,0,0,0,8,99,1,0.0,0.0,20.755483627319336,28.40812110900879,1.5,0,99,0.0,0.0,0.0,0,0,0,0,0
1779673842.0200632,0,0.3499999940395355,0,0,14,900,423158243,1,77,0.0,0.0,16.50265884399414,28.561870574951172,1,0,0.6000000238418579,0,0,1,0,0,2,0,0,0,8,99,1,0.0,0.0,20.755483627319336,28.40812110900879,1.5,0,99,0.0,0.0,0.0,0,0,0,0,0
1779673842.0400383,0,0.3499999940395355,0,0,14,900,423158243,1,77,0.0,0.0,16.50265884399414,28.561870574951172,1,0,0.6000000238418579,0,0,1,0,0,2,0,0,0,8,99,1,0.0,0.0,20.755483627319336,28.40812110900879,1.5,0,99,0.0,0.0,0.0,0,0,0,0,0
1779673842.0602317,0,0.3499999940395355,0,0,14,900,423158243,1,77,0.0,0.0,16.50265884399414,28.561870574951172,1,0,0.6000000238418579,0,0,1,0,0,2,0,0,0,8,99,1,0.0,0.0,20.755483627319336,28.408123016357422,1.5,0,99,0.0,0.0,0.0,0,0,0,0,0
1779673842.0806231,0,0.3499999940395355,0,0,14,900,423158243,1,77,0.0,0.0,16.50265884399414,28.561870574951172,1,0,0.6000000238418579,0,0,1,0,0,2,0,0,0,8,99,1,0.0,0.0,20.755483627319336,28.40812110900879,1.5,0,99,0.0,0.0,0.0,0,0,0,0,0
1779673842.1001759,0,0.3499999940395355,0,0,14,900,423158243,1,77,0.0,0.0,16.50265884399414,28.561870574951172,1,0,0.6000000238418579,0,0,1,0,0,2,0,0,0,8,99,1,0.0,0.0,20.755483627319336,28.40812110900879,1.5,0,99,0.0,0.0,0.0,0,0,0,0,0
1779673842.1203089,0,0.3499999940395355,0,0,14,900,423158243,1,77,0.0,0.0,16.50265884399414,28.561870574951172,1,0,0.6000000238418579,0,0,1,0,0,2,0,0,0,8,99,1,0.0,0.0,20.755483627319336,28.40812110900879,1.5,0,99,0.0,0.0,0.0,0,0,0,0,0
1779673842.1401827,0,0.3499999940395355,0,0,14,900,423158243,1,77,0.0,0.0,16.50265884399414,28.561870574951172,1,0,0.6000000238418579,0,0,1,0,0,2,0,0,0,8,99,1,0.0,0.0,20.755483627319336,28.40812110900879,1.5,0,99,0.0,0.0,0.0,0,0,0,0,0
1779673842.1603127,0,0.3499999940395355,0,0,14,900,423158243,1,77,0.0,0.0,16.50265884399414,28.561870574951172,1,0,0.6000000238418579,0,0,1,0,0,2,0,0,0,8,99,1,0.0,0.0,20.755483627319336,28.40812110900879,1.5,0,99,0.0,0.0,0.0,0,0,0,0,0
1779673842.1807182,0,0.3499999940395355,0,0,14,900,423158243,1,77,0.0,0.0,16.50265884399414,28.561870574951172,1,0,0.6000000238418579,0,0,1,0,0,2,0,0,0,8,99,1,0.0,0.0,20.755483627319336,28.40812110900879,1.5,0,99,0.0,0.0,0.0,0,0,0,0,0
1779673842.2009165,0,0.3499999940395355,0,0,14,900,423158243,1,77,0.0,0.0,16.50265884399414,28.561870574951172,1,0,0.6000000238418579,0,0,1,0,0,2,0,0,0,8,99,1,0.0,0.0,20.755483627319336,28.40812110900879,1.5,0,99,0.0,0.0,0.0,0,0,0,0,0
1779673842.2208061,0,0.3499999940395355,0,0,14,900,423158243,1,77,0.0,0.0,16.50265884399414,28.561870574951172,1,0,0.6000000238418579,0,0,1,0,0,2,0,0,0,8,99,1,0.0,0.0,20.755483627319336,28.40812110900879,1.5,0,99,0.0,0.0,0.0,0,0,0,0,0
1779673842.240169,0,0.3499999940395355,0,0,14,900,423158243,1,77,0.0,0.0,16.50265884399414,28.561870574951172,1,0,0.6000000238418579,0,0,1,0,0,2,0,0,0,8,99,1,0.0,0.0,20.755483627319336,28.40812110900879,1.5,0,99,0.0,0.0,0.0,0,0,0,0,0
1779673842.2604403,0,0.3499999940395355,0,0,14,900,423158243,1,77,0.0,0.0,16.50265884399414,28.561870574951172,1,0,0.6000000238418579,0,0,1,0,0,2,0,0,0,8,99,1,0.0,0.0,20.755483627319336,28.40812110900879,1.5,0,99,0.0,0.0,0.0,0,0,0,0,0
1779673842.2801516,0,0.3499999940395355,0,0,14,900,423158243,1,77,0.0,0.0,16.50265884399414,28.561870574951172,1,0,0.6000000238418579,0,0,1,0,0,2,0,0,0,8,99,1,0.0,0.0,20.755483627319336,28.408123016357422,1.5,0,99,0.0,0.0,0.0,0,0,0,0,0
1779673842.3002527,0,0.3499999940395355,0,0,14,900,423158243,1,77,0.0,0.0,16.50265884399414,28.561870574951172,1,0,0.6000000238418579,0,0,1,0,0,2,0,0,0,8,99,1,0.0,0.0,20.755483627319336,28.40812110900879,1.5,0,99,0.0,0.0,0.0,0,0,0,0,0
1779673842.3203206,0,0.3499999940395355,0,0,14,900,423158243,1,77,0.0,0.0,16.50265884399414,28.561870574951172,1,0,0.6000000238418579,0,0,1,0,0,2,0,0,0,8,99,1,0.0,0.0,20.755483627319336,28.40812110900879,1.5,0,99,0.0,0.0,0.0,0,0,0,0,0
1779673842.3400617,0,0.3499999940395355,0,0,14,900,423158243,1,77,0.0,0.0,16.50265884399414,28.561870574951172,1,0,0.6000000238418579,0,0,1,0,0,2,0,0,0,8,99,1,0.0,0.0,20.755483627319336,28.40812110900879,1.5,0,99,0.0,0.0,0.0,0,0,0,0,0
1779673842.3601563,0,0.3499999940395355,0,0,14,900,423158243,1,77,0.0,0.0,16.50265884399414,28.561870574951172,1,0,0.6000000238418579,0,0,1,0,0,2,0,0,0,8,99,1,0.0,0.0,20.755483627319336,28.40812110900879,1.5,0,99,0.0,0.0,0.0,0,0,0,0,0
1779673842.3802333,0,0.3499999940395355,0,0,14,900,423158243,1,77,0.0,0.0,16.50265884399414,28.561870574951172,1,0,0.6000000238418579,0,0,1,0,0,2,0,0,0,8,99,1,0.0,0.0,20.755483627319336,28.408119201660156,1.5,0,99,0.0,0.0,0.0,0,0,0,0,0
1779673842.4001303,0,0.3499999940395355,0,0,14,900,423158243,1,77,0.0,0.0,16.50265884399414,28.561870574951172,1,0,0.6000000238418579,0,0,1,0,0,2,0,0,0,8,99,1,0.0,0.0,20.755483627319336,28.40812110900879,1.5,0,99,0.0,0.0,0.0,0,0,0,0,0
1779673842.42033,0,0.3499999940395355,0,0,14,900,423158243,1,77,0.0,0.0,16.50265884399414,28.561870574951172,1,0,0.6000000238418579,0,0,1,0,0,2,0,0,0,8,99,1,0.0,0.0,20.755483627319336,28.40812110900879,1.5,0,99,0.0,0.0,0.0,0,0,0,0,0
1779673842.4404924,0,0.3499999940395355,0,0,14,900,423158243,1,77,0.0,0.0,16.50265884399414,28.561870574951172,1,0,0.6000000238418579,0,0,1,0,0,2,0,0,0,8,99,1,0.0,0.0,20.755483627319336,28.40812110900879,1.5,0,99,0.0,0.0,0.0,0,0,0,0,0
1779673842.4602172,0,0.3499999940395355,0,0,14,900,423158243,1,77,0.0,0.0,16.50265884399414,28.561870574951172,1,0,0.6000000238418579,0,0,1,0,0,8,0,0,0,8,99,1,0.0,0.0,20.755483627319336,28.40812110900879,1.5,0,99,0.0,0.0,0.0,0,0,0,0,0
1779673842.4817011,0,0.3499999940395355,0,0,14,900,423158243,1,77,0.0,0.0,16.50265884399414,28.561870574951172,0,0,0.6000000238418579,0,0,1,0,0,8,0,0,0,8,99,1,0.0,0.0,20.755483627319336,28.40812110900879,1.5,0,99,0.0,0.0,0.0,0,0,0,0,0
1779673842.5010355,0,0.3499999940395355,0,0,14,900,423158243,1,77,0.0,0.0,16.50265884399414,28.561870574951172,0,0,0.6000000238418579,0,0,1,0,0,8,0,0,0,8,99,1,0.0,0.0,20.755483627319336,28.40812110900879,1.5,0,99,0.0,0.0,0.0,0,0,0,0,0
1779673842.52039,0,0.3499999940395355,0,0,14,900,423158243,1,77,0.0,0.0,16.50265884399414,28.561870574951172,0,0,0.6000000238418579,0,0,1,0,0,8,0,0,0,8,99,1,0.0,0.0,20.755483627319336,28.40812110900879,1.5,0,99,0.0,0.0,0.0,0,0,0,0,0
1779673842.5404305,0,0.3499999940395355,0,0,14,900,423158243,1,77,0.0,0.0,16.50265884399414,28.561870574951172,0,0,0.6000000238418579,0,0,1,0,0,8,0,0,0,8,99,1,0.0,0.0,20.755483627319336,28.408119201660156,1.5,0,99,0.0,0.0,0.0,0,0,0,0,0
1779673842.5606503,0,0.3499999940395355,0,0,14,900,423158243,1,77,0.0,0.0,16.50265884399414,28.561870574951172,0,0,0.6000000238418579,0,0,1,0,0,8,0,0,0,8,99,1,0.0,0.0,20.755483627319336,28.40812110900879,1.5,0,99,0.0,0.0,0.0,0,0,0,0,0
1779673842.5806093,0,0.3499999940395355,0,0,14,900,423158243,1,77,0.0,0.0,16.50265884399414,28.561870574951172,0,0,0.6000000238418579,0,0,1,0,0,8,0,0,0,8,99,1,0.0,0.0,20.755483627319336,28.408123016357422,1.5,0,99,0.0,0.0,0.0,0,0,0,0,0
1779673842.6004395,0,0.3499999940395355,0,0,14,900,423158243,1,77,0.0,0.0,16.50265884399414,28.561870574951172,0,0,0.6000000238418579,0,0,1,0,0,8,0,0,0,8,99,1,0.0,0.0,20.755483627319336,28.40812110900879,1.5,0,99,0.0,0.0,0.0,0,0,0,0,0
1779673842.6204064,0,0.3499999940395355,0,0,14,900,423158243,1,77,0.0,0.0,16.50265884399414,28.561870574951172,0,0,0.6000000238418579,0,0,1,0,0,8,0,0,0,8,99,1,0.0,0.0,20.755483627319336,28.40812110900879,1.5,0,99,0.0,0.0,0.0,0,0,0,0,0
1779673842.6406522,0,0.3499999940395355,0,0,14,900,423158243,1,77,0.0,0.0,16.50265884399414,28.561870574951172,0,0,0.6000000238418579,0,0,1,0,0,8,0,0,0,8,99,1,0.0,0.0,20.755483627319336,28.40812110900879,1.5,0,99,0.0,0.0,0.0,0,0,0,0,0
1779673842.6605473,0,0.3499999940395355,0,0,14,900,423158243,1,77,0.0,0.0,16.50265884399414,28.561870574951172,0,0,0.6000000238418579,0,0,1,0,0,8,0,0,0,8,99,1,0.0,0.0,20.755483627319336,28.40812110900879,1.5,0,99,0.0,0.0,0.0,0,0,0,0,0
1779673842.6803951,0,0.3499999940395355,0,0,14,900,423158243,1,77,0.0,0.0,16.50265884399414,28.561870574951172,0,0,0.6000000238418579,0,0,1,0,0,8,0,0,0,8,99,1,0.0,0.0,20.755483627319336,28.40812110900879,1.5,0,99,0.0,0.0,0.0,0,0,0,0,0
1779673842.700768,0,0.3499999940395355,0,0,14,900,423158243,1,77,0.0,0.0,16.50265884399414,28.561870574951172,0,0,0.6000000238418579,0,0,1,0,0,8,0,0,0,8,99,1,0.0,0.0,20.755483627319336,28.40812110900879,1.5,0,99,0.0,0.0,0.0,0,0,0,0,0
1779673842.7208872,0,0.3499999940395355,0,0,14,900,423158243,1,77,0.0,0.0,16.50265884399414,28.561870574951172,0,0,0.6000000238418579,0,0,1,0,0,8,0,0,0,8,99,1,0.0,0.0,20.755483627319336,28.408119201660156,1.5,0,99,0.0,0.0,0.0,0,0,0,0,0
1779673842.7402868,0,0.3499999940395355,0,0,14,900,423158243,1,77,0.0,0.0,16.50265884399414,28.561870574951172,0,0,0.6000000238418579,0,0,1,0,0,8,0,0,0,8,99,1,0.0,0.0,20.755483627319336,28.40812110900879,1.5,0,99,0.0,0.0,0.0,0,0,0,0,0
1779673842.7604923,0,0.3499999940395355,0,0,14,900,423158243,1,77,0.0,0.0,16.50265884399414,28.561870574951172,0,0,0.6000000238418579,0,0,1,0,0,8,0,0,0,8,99,1,0.0,0.0,20.755483627319336,28.408119201660156,1.5,0,99,0.0,0.0,0.0,0,0,0,0,0
1779673842.7803295,0,0.3499999940395355,0,0,14,900,423158243,1,77,0.0,0.0,16.50265884399414,28.561870574951172,0,0,0.6000000238418579,0,0,1,0,0,8,0,0,0,8,99,1,0.0,0.0,20.755483627319336,28.40812110900879,1.5,0,99,0.0,0.0,0.0,0,0,0,0,0
